   99.930833333333339     
   243.16000000000000     
   1.0705294439932882        1.5000141966246278E-005
         501           1
 
   8.0000000000000000        8.0000000000000000     
   2.5000000000000001E-003   1.2500000000000000     
 (  2.8788203843214986E-012,  6.0616548247457341E-016) (  2.8795262846434273E-012,  6.0646094240454105E-016)
 (  2.8788203625182899E-012,  6.0616547778466240E-016) (  2.8515028699402471E-019,  6.0055889286878749E-023) (  2.8515028699402466E-019,  6.0055889286878738E-023) ( -2.8795262628357794E-012, -6.0646093771273727E-016)
   5.2495000000000000E-002   1.2500000000000000     
 (  2.6653149949466936E-008,  5.6121293362854031E-012) (  2.6659685458250440E-008,  5.6148648238916104E-012)
 (  2.6653060945542005E-008,  5.6121101913655961E-012) (  2.6400146698975341E-015,  5.5602023007059885E-019) (  2.6400146698975337E-015,  5.5602023007059875E-019) ( -2.6659596436212633E-008, -5.6148456712452628E-012)
  0.10249000000000000        1.2500000000000000     
 (  1.9835345336754152E-007,  4.1767096364725644E-011) (  1.9840209091411204E-007,  4.1787454805014262E-011)
 (  1.9835092857552702E-007,  4.1766553276763410E-011) (  1.9646875196138445E-014,  4.1380243605626515E-018) (  1.9646875196138442E-014,  4.1380243605626507E-018) ( -1.9839956560828476E-007, -4.1786911497870135E-011)
  0.15248500000000001        1.2500000000000000     
 (  6.5324718213665532E-007,  1.3756637272941143E-010) (  6.5340736413399859E-007,  1.3763342686123904E-010)
 (  6.5322877646592332E-007,  1.3756241362979201E-010) (  6.4703020990883226E-014,  1.3629006410071359E-017) (  6.4703020990883214E-014,  1.3629006410071356E-017) ( -6.5338895471762910E-007, -1.3762946616378079E-010)
  0.20247999999999999        1.2500000000000000     
 (  1.5294800348084014E-006,  3.2214806784484725E-010) (  1.5298550815200322E-006,  3.2230509422374142E-010)
 (  1.5294040505314803E-006,  3.2213172345138217E-010) (  1.5148913588957638E-013,  3.1915224842484057E-017) (  1.5148913588957636E-013,  3.1915224842484050E-017) ( -1.5297790817796210E-006, -3.2228874323392154E-010)
  0.25247500000000000        1.2500000000000000     
 (  2.9652009661984153E-006,  6.2472880461943273E-010) (  2.9659280725682617E-006,  6.2503332395800884E-010)
 (  2.9649719315629829E-006,  6.2467953869389606E-010) (  2.9368369818615850E-013,  6.1890173263047515E-017) (  2.9368369818615845E-013,  6.1890173263047502E-017) ( -2.9656989913218616E-006, -6.2498403814918581E-010)
  0.30247000000000002        1.2500000000000000     
 (  5.0985638273434955E-006,  1.0746609147274356E-009) (  5.0998140824977224E-006,  1.0751847579287186E-009)
 (  5.0979986090780334E-006,  1.0745393347246373E-009) (  5.0496231668319344E-013,  1.0646006856504888E-016) (  5.0496231668319334E-013,  1.0646006856504886E-016) ( -5.0992487492028542E-006, -1.0750631288563354E-009)
  0.35246499999999997        1.2500000000000000     
 (  8.0677273324685645E-006,  1.7015057508873286E-009) (  8.0697057070494367E-006,  1.7023351637498553E-009)
 (  8.0665128838252337E-006,  1.7012445192855119E-009) (  7.9899689580399594E-013,  1.6855093640621615E-016) (  7.9899689580399584E-013,  1.6855093640621608E-016) ( -8.0684910112483395E-006, -1.7020738267142949E-009)
  0.40245999999999998        1.2500000000000000     
 (  1.2010858045696967E-005,  2.5351226348877012E-009) (  1.2013803441430699E-005,  2.5363584243074145E-009)
 (  1.2008500791044031E-005,  2.5346155814384148E-009) (  1.1894551091869608E-012,  2.5111724534622112E-016) (  1.1894551091869602E-012,  2.5111724534622102E-016) ( -1.2011445707029929E-005, -2.5358511662065527E-009)
  0.45245499999999994        1.2500000000000000     
 (  1.7066129241147524E-005,  3.6057744331998780E-009) (  1.7070314404821935E-005,  3.6075321716505610E-009)
 (  1.7061896100674920E-005,  3.6048638686862610E-009) (  1.6899994454012506E-012,  3.5715218928183030E-016) (  1.6899994454012502E-012,  3.5715218928183020E-016) ( -1.7066080402812997E-005, -3.6066212396198119E-009)
  0.50244999999999995        1.2500000000000000     
 (  2.3371723792666342E-005,  4.9442482325293383E-009) (  2.3377455472119920E-005,  4.9466585163597638E-009)
 (  2.3364574846737630E-005,  4.9427104641271227E-009) (  2.3142866900460788E-012,  4.8969946474675982E-016) (  2.3142866900460784E-012,  4.8969946474675943E-016) ( -2.3370305071193169E-005, -4.9451201272761939E-009)
  0.55244499999999985        1.2500000000000000     
 (  3.1065834554211329E-005,  6.5819925009101368E-009) (  3.1073453351284721E-005,  6.5852012615492226E-009)
 (  3.1054347353629717E-005,  6.5795215501510148E-009) (  3.0759671060074588E-012,  6.5186668073470875E-016) (  3.0759671060074580E-012,  6.5186668073470865E-016) ( -3.1061963812727253E-005, -6.5827293134361038E-009)
  0.60243999999999998        1.2500000000000000     
 (  4.0286663582048035E-005,  8.5512706610145544E-009) (  4.0296543981956636E-005,  8.5554396059806025E-009)
 (  4.0268949105613208E-005,  8.5474601839527191E-009) (  3.9886835466298585E-012,  8.4684040133911998E-016) (  3.9886835466298602E-012,  8.4684040133911968E-016) ( -4.0278825899962477E-005, -8.5516275908348717E-009)
  0.65243499999999988        1.2500000000000000     
 (  5.1172432750666570E-005,  1.0885326740852155E-008) (  5.1184983458865685E-005,  1.0890633786481533E-008)
 (  5.1146043011240824E-005,  1.0879650152523264E-008) (  5.0660717103037501E-012,  1.0779023709244243E-015) (  5.0660717103037493E-012,  1.0779023709244245E-015) ( -5.1158588348029530E-005, -1.0884954906758069E-008)
  0.70242999999999989        1.2500000000000000     
 (  6.3861363027511837E-005,  1.3618576180012693E-008) (  6.3877026406266413E-005,  1.3625216074645864E-008)
 (  6.3823190335022674E-005,  1.3610364982864480E-008) (  6.3217571726044756E-012,  1.3484482500047235E-015) (  6.3217571726044747E-012,  1.3484482500047227E-015) ( -6.3838845943808094E-005, -1.3617001562897789E-008)
  0.75242499999999990        1.2500000000000000     
 (  7.8491703388445109E-005,  1.6786798475927688E-008) (  7.8510955883831946E-005,  1.6794983459398735E-008)
 (  7.8437871267493707E-005,  1.6775218792438265E-008) (  7.7693575212726201E-012,  1.6620065180936567E-015) (  7.7693575212726201E-012,  1.6620065180936557E-015) ( -7.8457112805181535E-005, -1.6783399101390691E-008)
  0.80241999999999991        1.2500000000000000     
 (  9.5201717643203962E-005,  2.0427360276056277E-008) (  9.5225069889596481E-005,  2.0437320826578236E-008)
 (  9.5127463419192397E-005,  2.0411387584825565E-008) (  9.4224801944262811E-012,  2.0222603965134732E-015) (  9.4224801944262779E-012,  2.0222603965134728E-015) ( -9.5150800550266101E-005, -2.0421341687169773E-008)
  0.85241499999999992        1.2500000000000000     
 (  1.1412966636590807E-004,  2.4579443662640810E-008) (  1.1415766244197378E-004,  2.4591429471847051E-008)
 (  1.1402921541430628E-004,  2.4557835747486986E-008) (  1.1294719781586752E-011,  2.4330703002947834E-015) (  1.1294719781586748E-011,  2.4330703002947826E-015) ( -1.1405719104200654E-004, -2.4569812833298990E-008)
  0.90240999999999982        1.2500000000000000     
 (  1.3541385899624059E-004,  2.9284294617050562E-008) (  1.3544707788102457E-004,  2.9298575536732717E-008)
 (  1.3528029067499871E-004,  2.9255562712973787E-008) (  1.3399662577030094E-011,  2.8984982613508998E-015) (  1.3399662577030086E-011,  2.8984982613508982E-015) ( -1.3531348236875128E-004, -2.9269832032621419E-008)
  0.95240499999999984        1.2500000000000000     
 (  1.5919260794021171E-004,  3.4585489074440712E-008) (  1.5923166212353736E-004,  3.4602356367490050E-008)
 (  1.5901771316338806E-004,  3.4547867227739379E-008) (  1.5750880925118876E-011,  3.4228341282987482E-015) (  1.5750880925118876E-011,  3.4228341282987462E-015) ( -1.5905673174103523E-004, -3.4564719330732946E-008)
   1.0024000000000000        1.2500000000000000     
 (  1.8560422693034723E-004,  4.0529200832267478E-008) (  1.8564976269714047E-004,  4.0548968266266863E-008)
 (  1.8537835747847804E-004,  4.0480613465906425E-008) (  1.8361932405174841E-011,  4.0106219032028377E-015) (  1.8361932405174825E-011,  4.0106219032028330E-015) ( -1.8542384726098594E-004, -4.0500361281520239E-008)
   1.0523950000000000        1.2500000000000000     
 (  2.1478708990775163E-004,  4.7164513780908168E-008) (  2.1483978845739313E-004,  4.7187519333635479E-008)
 (  2.1449899941972938E-004,  4.7102541471992200E-008) (  2.1246364920976033E-011,  4.6666905442049221E-015) (  2.1246364920976011E-011,  4.6666905442049134E-015) ( -2.1455163931494858E-004, -4.7125522000066811E-008)
   1.1023899999999998        1.2500000000000000     
 (  2.4687957377643970E-004,  5.4543725770663388E-008) (  2.4694015002003520E-004,  5.4570333125133695E-008)
 (  2.4651625034665043E-004,  5.4465569229109010E-008) (  2.4417709970906721E-011,  5.3961838576148413E-015) (  2.4417709970906695E-011,  5.3961838576148334E-015) ( -2.4657675261557737E-004, -5.4492145021643769E-008)
   1.1523849999999998        1.2500000000000000     
 (  2.8202005189480482E-004,  6.2722654946065684E-008) (  2.8208925429864141E-004,  6.2753255032711411E-008)
 (  2.8156654253351266E-004,  6.2625097209922519E-008) (  2.7889481300783383E-011,  6.2045906610877603E-015) (  2.7889481300783341E-011,  6.2045906610877485E-015) ( -2.8163565259511632E-004, -6.2655657897057246E-008)
   1.2023800000000000        1.2500000000000000     
 (  3.2034697385230105E-004,  7.1761011730909591E-008) (  3.2042558595159974E-004,  7.1796024982000736E-008)
 (  3.1978620055709238E-004,  7.1640378567136687E-008) (  3.1675182139000294E-011,  7.0977815129611729E-015) (  3.1675182139000249E-011,  7.0977815129611445E-015) ( -3.1986469846924051E-004, -7.1675343095611622E-008)
   1.2523750000000000        1.2500000000000000     
 (  3.6199878673704263E-004,  8.1722748055649478E-008) (  3.6208762612563119E-004,  8.1762626397327256E-008)
 (  3.6131135417886973E-004,  8.1574866568214150E-008) (  3.5788296318549702E-011,  8.0820430915287321E-015) (  3.5788296318549624E-011,  8.0820430915287037E-015) ( -3.6140005358354754E-004, -8.1614685176421890E-008)
   1.3023699999999998        1.2500000000000000     
 (  4.0711393957034624E-004,  9.2676398181291312E-008) (  4.0721385772010053E-004,  9.2721627325997225E-008)
 (  4.0627793482781561E-004,  9.2496553627842781E-008) (  4.0242288011446374E-011,  9.1641117981086052E-015) (  4.0242288011446284E-011,  9.1641117981085673E-015) ( -4.0637768272938835E-004, -9.2541710121161131E-008)
   1.3523649999999998        1.2500000000000000     
 (  4.5583095285768485E-004,  1.0469550990335015E-007) (  4.5594283619162737E-004,  1.0474661173763987E-007)
 (  4.5482173644403846E-004,  1.0447840073245316E-007) (  4.5050607877746884E-011,  1.0351216290914187E-014) (  4.5050607877746749E-011,  1.0351216290914140E-014) ( -4.5493341424200607E-004, -1.0452941485288641E-007)
   1.4023599999999998        1.2500000000000000     
 (  5.0828834034202027E-004,  1.1785902242846578E-007) (  5.0841310793399658E-004,  1.1791655800918538E-007)
 (  5.0707832941640073E-004,  1.1759871349748487E-007) (  5.0226684209581940E-011,  1.1651114784860922E-014) (  5.0226684209581759E-011,  1.1651114784860842E-014) ( -5.0720285056866292E-004, -1.1765614389880505E-007)
   1.4523549999999998        1.2500000000000000     
 (  5.6462471685457072E-004,  1.3225168763431580E-007) (  5.6476332444109565E-004,  1.3231625986631864E-007)
 (  5.6318315984735896E-004,  1.3194156169744905E-007) (  5.5783933383788316E-011,  1.3072136564941767E-014) (  5.5783933383788083E-011,  1.3072136564941672E-014) ( -5.6332147381593222E-004, -1.3200600860445928E-007)
   1.5023499999999999        1.2500000000000000     
 (  6.2497859503729308E-004,  1.4796450667135077E-007) (  6.2513203059134156E-004,  1.4803676348705491E-007)
 (  6.2327133821539352E-004,  1.4759721394969427E-007) (  6.1735738101232205E-011,  1.4623225081280547E-014) (  6.1735738101231882E-011,  1.4623225081280402E-014) ( -6.2342442601657903E-004, -1.4766932231906884E-007)
   1.5523449999999999        1.2500000000000000     
 (  6.8948864294560847E-004,  1.6509517749741080E-007) (  6.8965793067818359E-004,  1.6517581523516280E-007)
 (  6.8747788856377294E-004,  1.6466258358118747E-007) (  6.8095472894302752E-011,  1.6313982120875296E-014) (  6.8095472894302364E-011,  1.6313982120875126E-014) ( -6.8764676669582823E-004, -1.6474304645295840E-007)
   1.6023399999999999        1.2500000000000000     
 (  7.5829343713280874E-004,  1.8374853188889091E-007) (  7.5847963305676841E-004,  1.8383829906455930E-007)
 (  7.5593749381327969E-004,  1.8324166377253496E-007) (  7.4876478072935177E-011,  1.8154710938173352E-014) (  7.4876478072934609E-011,  1.8154710938173113E-014) ( -7.5612320978314044E-004, -1.8333122602398465E-007)
   1.6523349999999999        1.2500000000000000     
 (  8.3153180562849170E-004,  2.0403706836895903E-007) (  8.3173600320622534E-004,  2.0413676943752871E-007)
 (  8.2878482987993056E-004,  2.0344605868388131E-007) (  8.2092093810179283E-011,  2.0156468849330061E-014) (  8.2092093810178546E-011,  2.0156468849329739E-014) ( -8.2898846781138307E-004, -2.0354552076478946E-007)
   1.7023299999999999        1.2500000000000000     
 (  9.0934240753665443E-004,  2.2608140058445598E-007) (  9.0956573493826041E-004,  2.2619189968345143E-007)
 (  9.0615413741531399E-004,  2.2539543007166284E-007) (  8.9755616897450353E-011,  2.2331111457681326E-014) (  8.9755616897449449E-011,  2.2331111457680932E-014) ( -9.0637681521684626E-004, -2.2550565172801091E-007)
   1.7523250000000001        1.2500000000000000     
 (  9.9186395619827112E-004,  2.5001078884040306E-007) (  9.9210757267614532E-004,  2.5013301537121945E-007)
 (  9.8817943709912756E-004,  2.4921802690449560E-007) (  9.7880321983056712E-011,  2.4691345281225828E-014) (  9.7880321983055406E-011,  2.4691345281225304E-014) ( -9.8842230281753003E-004, -2.4933993272963069E-007)
   1.8023199999999997        1.2500000000000000     
 (  1.0792352581611108E-003,  2.7596360195564229E-007) (  1.0795003605309653E-003,  2.7609855367836051E-007)
 (  1.0749945596713862E-003,  2.7505114553073416E-007) (  1.0647946554200393E-010,  2.7250773075868139E-014) (  1.0647946554200233E-010,  2.7250773075867442E-014) ( -1.0752587978980200E-003, -2.7518572803809873E-007)
   1.8523149999999997        1.2500000000000000     
 (  1.1715951433584231E-003,  3.0408797533166822E-007) (  1.1718829607079001E-003,  3.0423672431737589E-007)
 (  1.1667330685999093E-003,  3.0304178595304130E-007) (  1.1556627705194227E-010,  3.0023959107087977E-014) (  1.1556627705194028E-010,  3.0023959107087074E-014) ( -1.1670198950927617E-003, -3.0319011150201269E-007)
   1.9023099999999997        1.2500000000000000     
 (  1.2690825472831033E-003,  3.3454221888144210E-007) (  1.2693943457131015E-003,  3.3470591662992466E-007)
 (  1.2635283337637433E-003,  3.3334705759455511E-007) (  1.2515396729070280E-010,  3.3026469247786660E-014) (  1.2515396729070029E-010,  3.3026469247785550E-014) ( -1.2638390002018506E-003, -3.3351027146994151E-007)
   1.9523049999999997        1.2500000000000000     
 (  1.3718362659508232E-003,  3.6749547876459704E-007) (  1.3721733432949892E-003,  3.6767536087256604E-007)
 (  1.3655132788245661E-003,  3.6613483965202493E-007) (  1.3525570231602000E-010,  3.6274936328961454E-014) (  1.3525570231601672E-010,  3.6274936328960091E-014) ( -1.3658490673953379E-003, -3.6631417072536375E-007)
   2.0023000000000000        1.2500000000000000     
 (  1.4799954673923117E-003,  4.0312837353259014E-007) (  1.4803591629996150E-003,  4.0332576887888170E-007)
 (  1.4728208830751548E-003,  4.0158441521111555E-007) (  1.4588465466097997E-010,  3.9787123377575897E-014) (  1.4588465466097581E-010,  3.9787123377574162E-014) ( -1.4731831162284428E-003, -4.0178118506806079E-007)
   2.0522950000000000        1.2500000000000000     
 (  1.5936988534292404E-003,  4.4163330478870836E-007) (  1.5940905327604200E-003,  4.4184963604850492E-007)
 (  1.5855833375957187E-003,  4.3988677968820074E-007) (  1.5705391727224163E-010,  4.3581953306327050E-014) (  1.5705391727223651E-010,  4.3581953306324917E-014) ( -1.5859733625477083E-003, -4.4010240314106784E-007)
   2.1022900000000000        1.2500000000000000     
 (  1.7130855906728119E-003,  4.8321548916622614E-007) (  1.7135066601402776E-003,  4.8345228481891837E-007)
 (  1.7039329647782981E-003,  4.8124567178172482E-007) (  1.6877659756402528E-010,  4.7679612138511724E-014) (  1.6877659756401897E-010,  4.7679612138509017E-014) ( -1.7043521682830248E-003, -4.8148166881396029E-007)
   2.1522849999999996        1.2500000000000000     
 (  1.8382947321915213E-003,  5.2809320676289240E-007) (  1.8387466287569515E-003,  5.2835210400762933E-007)
 (  1.8280016362626763E-003,  5.2587781920908545E-007) (  1.8106575728143008E-010,  5.2101572447908956E-014) (  1.8106575728142238E-010,  5.2101572447905694E-014) ( -1.8284514341691766E-003, -5.2613581789706448E-007)
   2.2022799999999996        1.2500000000000000     
 (  1.9694655540748768E-003,  5.7649860582609125E-007) (  1.9699497516693434E-003,  5.7678136007695788E-007)
 (  1.9579210974777356E-003,  5.7401374153310836E-007) (  1.9393444630042165E-010,  5.6870673504837216E-014) (  1.9393444630041172E-010,  5.6870673504833076E-014) ( -1.9584029410484711E-003, -5.7429548745835143E-007)
   2.2522749999999996        1.2500000000000000     
 (  2.1067370436598891E-003,  6.2867843216334386E-007) (  2.1072550562177867E-003,  6.2898692400878631E-007)
 (  2.0938224494266335E-003,  6.2589847839325929E-007) (  2.0739565097796684E-010,  6.2011193145573803E-014) (  2.0739565097795494E-010,  6.2011193145568805E-014) ( -2.0943378283426075E-003, -6.2620584160706358E-007)
   2.3022699999999996        1.2500000000000000     
 (  2.2502482715112643E-003,  6.8489454308969560E-007) (  2.2508016358795810E-003,  6.8523078688546854E-007)
 (  2.2358365127327444E-003,  6.8179210101994616E-007) (  2.2146232820285333E-010,  6.7548898583467207E-014) (  2.2146232820283942E-010,  6.7548898583461136E-014) ( -2.2363869378490236E-003, -6.8212708456947972E-007)
   2.3522650000000001        1.2500000000000000     
 (  2.4001388779503544E-003,  7.4542451180683231E-007) (  2.4007291770280314E-003,  7.4579066092009983E-007)
 (  2.3840943047567101E-003,  7.4197031411679668E-007) (  2.3614745664224690E-010,  7.3511105683654796E-014) (  2.3614745664223025E-010,  7.3511105683647349E-014) ( -2.3846813312738617E-003, -7.4233505929008728E-007)
   2.4022600000000001        1.2500000000000000     
 (  2.5565480685508673E-003,  8.1056272489139440E-007) (  2.5571769209101871E-003,  8.1096108845156706E-007)
 (  2.5387260312467216E-003,  8.0672555278846770E-007) (  2.5146393354774845E-010,  7.9926788721760804E-014) (  2.5146393354772751E-010,  7.9926788721751906E-014) ( -2.5393512481734801E-003, -8.0712235577078310E-007)
   2.4522550000000001        1.2500000000000000     
 (  2.7196149699392691E-003,  8.8062049504636669E-007) (  2.7202840194266234E-003,  8.8105353569682979E-007)
 (  2.6998614269539201E-003,  8.7636709157484446E-007) (  2.6742460849452917E-010,  8.6826589306643307E-014) (  2.6742460849450379E-010,  8.6826589306632401E-014) ( -2.7005264465850189E-003, -8.7679840121140252E-007)
   2.5022500000000001        1.2500000000000000     
 (  2.8894791218127135E-003,  9.5592723677638060E-007) (  2.8901900572940774E-003,  9.5639758735122485E-007)
 (  2.8676302478160987E-003,  9.5122221974918690E-007) (  2.8404233511201762E-010,  9.4242934632521320E-014) (  2.8404233511198722E-010,  9.4242934632508408E-014) ( -2.8683367255386075E-003, -9.5169065412368588E-007)
   2.5522449999999997        1.2500000000000000     
 (  3.0662800021504992E-003,  1.0368311603175706E-006) (  3.0670345404274829E-003,  1.0373416346275308E-006)
 (  3.0421617805431907E-003,  1.0316369313578503E-006) (  3.0132991885945844E-010,  1.0221010523760339E-013) (  3.0132991885942344E-010,  1.0221010523758826E-013) ( -3.0429113975145934E-003, -1.0321452885977528E-006)
   2.6022399999999997        1.2500000000000000     
 (  3.2501571685101855E-003,  1.1236997088872038E-006) (  3.2509570706692869E-003,  1.1242533076252102E-006)
 (  3.2235849835174002E-003,  1.1179763628091587E-006) (  3.1930013430232274E-010,  1.1076427784355165E-013) (  3.1930013430228034E-010,  1.1076427784353334E-013) ( -3.2243794630710102E-003, -1.1185276268756618E-006)
   2.6522349999999997        1.2500000000000000     
 (  3.4412497862784395E-003,  1.2169205792623000E-006) (  3.4420968338864525E-003,  1.2175205040036054E-006)
 (  3.4120280007692715E-003,  1.2106258087676987E-006) (  3.3796567299534116E-010,  1.1994362676450861E-013) (  3.3796567299529060E-010,  1.1994362676448680E-013) ( -3.4128690844458295E-003, -1.2112231634485264E-006)
   2.7022299999999997        1.2500000000000000     
 (  3.6396983090713113E-003,  1.3169024973265707E-006) (  3.6405943407233419E-003,  1.3175521612001205E-006)
 (  3.6076198357014983E-003,  1.3099914975797376E-006) (  3.5733931520396126E-010,  1.2978840036352536E-013) (  3.5733931520390031E-010,  1.2978840036349964E-013) ( -3.6085093196771344E-003, -1.3106383370923885E-006)
   2.7522249999999997        1.2500000000000000     
 (  3.8456414336234613E-003,  1.4240759072122641E-006) (  3.8465883042362505E-003,  1.4247789471618638E-006)
 (  3.8104873010616305E-003,  1.4165012759533203E-006) (  3.7743362022406741E-010,  1.4034098901185922E-013) (  3.7743362022399560E-010,  1.4034098901182911E-013) ( -3.8114269954059405E-003, -1.4172012171908719E-006)
   2.8022199999999997        1.2500000000000000     
 (  4.0592195129050693E-003,  1.5388936629494065E-006) (  4.0602191202395669E-003,  1.5396539486773607E-006)
 (  4.0207584225931420E-003,  1.5306053016870050E-006) (  3.9826127009375492E-010,  1.5164599335644772E-013) (  3.9826127009366905E-010,  1.5164599335641243E-013) ( -4.0217501776615341E-003, -1.5313621930374893E-006)
   2.8522149999999997        1.2500000000000000     
 (  4.2805721630591355E-003,  1.6618322180609812E-006) (  4.2816264405866854E-003,  1.6626538723463579E-006)
 (  4.2385600362848993E-003,  1.6527772270867120E-006) (  4.1983482830705416E-010,  1.6375034263762689E-013) (  4.1983482830695588E-010,  1.6375034263758544E-013) ( -4.2396057354742158E-003, -1.6535951687494261E-006)
   2.9022099999999997        1.2500000000000000     
 (  4.5098392948492395E-003,  1.7933918248144121E-006) (  4.5109502179410208E-003,  1.7942792257544385E-006)
 (  4.4640188183906393E-003,  1.7835143990843890E-006) (  4.4216684318541672E-010,  1.7670331271541440E-013) (  4.4216684318530278E-010,  1.7670331271536593E-013) ( -4.4651203845079614E-003, -1.7843977451949565E-006)
   2.9522049999999997        1.2500000000000000     
 (  4.7471604603210342E-003,  1.9340981324068340E-006) (  4.7483300259889153E-003,  1.9350559418130551E-006)
 (  4.6972606067076398E-003,  1.9233394536504274E-006) (  4.6526977794360153E-010,  1.9055668655150011E-013) (  4.6526977794346738E-010,  1.9055668655144306E-013) ( -4.6984199810589022E-003, -1.9242928406330515E-006)
   3.0021999999999998        1.2500000000000000     
 (  4.9926761763885736E-003,  2.0845021537616861E-006) (  4.9939064361773653E-003,  2.0855353093572351E-006)
 (  4.9384117490637799E-003,  2.0728002793353888E-006) (  4.8915614960728753E-010,  2.0536474701630491E-013) (  4.8915614960713492E-010,  2.0536474701623963E-013) ( -4.9396309247183474E-003, -2.0738286181091785E-006)
   3.0521949999999998        1.2500000000000000     
 (  5.2465259329710686E-003,  2.2451822652939163E-006) (  5.2478189590624202E-003,  2.2462960221897428E-006)
 (  5.1875970652537420E-003,  2.2324720149608845E-006) (  5.1383832050076069E-010,  2.2118447957579518E-013) (  5.1383832050058336E-010,  2.2118447957571920E-013) ( -5.1888780528864436E-003, -2.2335805321699510E-006)
   3.1021899999999998        1.2500000000000000     
 (  5.5088498667377628E-003,  2.4167437586128709E-006) (  5.5102077716834962E-003,  2.4179436845418438E-006)
 (  5.4449415383434991E-003,  2.4029566019228845E-006) (  5.3932867105600380E-010,  2.3807552340908200E-013) (  5.3932867105579721E-010,  2.3807552340899339E-013) ( -5.4462863858455168E-003, -2.4041508352913622E-006)
   3.1521849999999998        1.2500000000000000     
 (  5.7797884429891325E-003,  2.5998208654047884E-006) (  5.7812133790396646E-003,  2.6011128656298689E-006)
 (  5.7105699884036536E-003,  2.5848847996397509E-006) (  5.6563956553665674E-010,  2.5610037389869313E-013) (  5.6563956553642037E-010,  2.5610037389859205E-013) ( -5.7119807805426680E-003, -2.5861706226296634E-006)
   3.2021799999999998        1.2500000000000000     
 (  6.0594814384399565E-003,  2.7950766145880147E-006) (  6.0609755843506240E-003,  2.7964669434390780E-006)
 (  5.9846060269537265E-003,  2.7789160459508193E-006) (  5.9278324710314452E-010,  2.7532436749808287E-013) (  5.9278324710287042E-010,  2.7532436749796630E-013) ( -5.9860848708030850E-003, -2.7802996793070123E-006)
   3.2521749999999998        1.2500000000000000     
 (  6.3480696191797158E-003,  3.0032050429503508E-006) (  6.3496352191592283E-003,  3.0047003284237898E-006)
 (  6.2671737515591752E-003,  2.9857406646132160E-006) (  6.2077201104240027E-010,  2.9581590163175144E-013) (  6.2077201104208914E-010,  2.9581590163161644E-013) ( -6.2687228170976205E-003, -2.9872287008624615E-006)
   3.3021699999999998        1.2500000000000000     
 (  6.6456924413376356E-003,  3.2249302224790259E-006) (  6.6473317247250641E-003,  3.2265374678457086E-006)
 (  6.5583954268910380E-003,  3.2060788817654929E-006) (  6.4961796303934280E-010,  3.1764633500773159E-013) (  6.4961796303897956E-010,  3.1764633500757746E-013) ( -6.5600168649515792E-003, -3.2076782867548745E-006)
   3.3521649999999998        1.2500000000000000     
 (  6.9524913437581572E-003,  3.4610096148492136E-006) (  6.9542066316252600E-003,  3.4627362493106980E-006)
 (  6.8583947652007277E-003,  3.4406841922991036E-006) (  6.7933336277606347E-010,  3.4089032583276056E-013) (  6.7933336277565464E-010,  3.4089032583258532E-013) ( -6.8600908150961166E-003, -3.4424023555813259E-006)
   3.4021599999999999        1.2500000000000000     
 (  7.2686061239450681E-003,  3.7122328152688660E-006) (  7.2703997346480103E-003,  3.7140866723029889E-006)
 (  7.1672933137225756E-003,  3.6903420837244490E-006) (  7.0993024613703782E-010,  3.6562569830567412E-013) (  7.0993024613656850E-010,  3.6562569830547267E-013) ( -7.1690662084681733E-003, -3.6921867970544920E-006)
   3.4521549999999999        1.2500000000000000     
 (  7.5941769052324838E-003,  3.9794240409250433E-006) (  7.5960511945459474E-003,  3.9814134087393539E-006)
 (  7.4852123905927480E-003,  3.9558725337699698E-006) (  7.4142063024091307E-010,  3.9193369706104363E-013) (  7.4142063024036920E-010,  3.9193369706081402E-013) ( -7.4870643959543993E-003, -3.9578520413427077E-006)
   3.5021500000000003        1.2500000000000000     
 (  7.9293448420745313E-003,  4.2634411898634552E-006) (  7.9313022291854149E-003,  4.2655748093192711E-006)
 (  7.8122737912571594E-003,  4.2381290596405430E-006) (  7.7381658214473373E-010,  4.1989888781347436E-013) (  7.7381658214411852E-010,  4.1989888781321239E-013) ( -7.8142072331157109E-003, -4.2402520557173574E-006)
   3.5521449999999994        1.2500000000000000     
 (  8.2742508059624239E-003,  4.5651795450067311E-006) (  8.2762937328056310E-003,  4.5674666530932905E-006)
 (  8.1485984756853227E-003,  4.5380024236836433E-006) (  8.0713008205958711E-010,  4.4960952887281759E-013) (  8.0713008205889083E-010,  4.4960952887252214E-013) ( -8.1506156985157677E-003, -4.5402780963364031E-006)
   3.6021399999999995        1.2500000000000000     
 (  8.6290353334020388E-003,  4.8855701641962322E-006) (  8.6311662779838295E-003,  4.8880204853374521E-006)
 (  8.4943065003644201E-003,  4.8564190107801986E-006) (  8.4137302200929675E-010,  4.8115740521395755E-013) (  8.4137302200850555E-010,  4.8115740521361858E-013) ( -8.4964098797667576E-003, -4.8588570324991457E-006)
   3.6521349999999995        1.2500000000000000     
 (  8.9938386510072278E-003,  5.2255828747580114E-006) (  8.9960601263117182E-003,  5.2282066836108861E-006)
 (  8.8495170326386673E-003,  5.1943438289928409E-006) (  8.7655720592549731E-010,  5.1463813280231312E-013) (  8.7655720592459579E-010,  5.1463813280193063E-013) ( -8.8517089753979844E-003, -5.1969544199738053E-006)
   3.7021299999999995        1.2500000000000000     
 (  9.3688020473267786E-003,  5.5862257001744875E-006) (  9.3711166144525015E-003,  5.5890338127007169E-006)
 (  9.2143497277195445E-003,  5.5527799269648356E-006) (  9.1269448736195282E-010,  5.5015109370509239E-013) (  9.1269448736093663E-010,  5.5015109370466254E-013) ( -9.2166326844691140E-003, -5.5555738454582631E-006)
   3.7521249999999995        1.2500000000000000     
 (  9.7540658431684909E-003,  5.9685468728579447E-006) (  9.7564760841209047E-003,  5.9715506824557073E-006)
 (  9.5889226744680211E-003,  5.9327704056078201E-006) (  9.4979656196550619E-010,  5.8779963985054183E-013) (  9.4979656196435807E-010,  5.8779963985005755E-013) ( -9.5912991119258915E-003, -5.9357589845566178E-006)
   3.8021199999999995        1.2500000000000000     
 (  1.0149772121640888E-002,  6.3736345621755527E-006) (  1.0152280665449511E-002,  6.3768460439036477E-006)
 (  9.9733551186119464E-003,  6.3353981356526372E-006) (  9.8787524258589398E-010,  6.2769106177390832E-013) (  9.8787524258461040E-010,  6.2769106177336165E-013) ( -9.9758275459028729E-003, -6.3385932857654940E-006)
   3.8521149999999995        1.2500000000000000     
 (  1.0556061278783948E-002,  6.8026212357215805E-006) (  1.0558670788064410E-002,  6.8060530148312383E-006)
 (  1.0367764051268814E-002,  6.7617901237276598E-006) (  1.0269421174129801E-009,  6.6993702749422538E-013) (  1.0269421174115576E-009,  6.6993702749361045E-013) ( -1.0370335005682541E-002, -6.7652044028042897E-006)
   3.9021099999999995        1.2500000000000000     
 (  1.0973074114016133E-002,  7.2566790448708169E-006) (  1.0975787297879893E-002,  7.2603443741404338E-006)
 (  1.0772266225409300E-002,  7.2131128880347823E-006) (  1.0670087522934257E-009,  7.1465311544364113E-013) (  1.0670087522918036E-009,  7.1465311544295602E-013) ( -1.0774938285181980E-002, -7.2167594776124814E-006)
   3.9521050000000000        1.2500000000000000     
 (  1.1400951877223528E-002,  7.7370262378717070E-006) (  1.1403771462076778E-002,  7.7409390333845423E-006)
 (  1.1186978211490452E-002,  7.6905788635596226E-006) (  1.1080866923769750E-009,  7.6195945459228411E-013) (  1.1080866923717888E-009,  7.6195945459151499E-013) ( -1.1189753969468192E-002, -7.6944716047404496E-006)
   4.0021000000000004        1.2500000000000000     
 (  1.1839836179880964E-002,  8.2449264584036303E-006) (  1.1842764938624779E-002,  8.2491013882755202E-006)
 (  1.1612016355003712E-002,  8.1954457001267878E-006) (  1.1501874629715405E-009,  8.1198066012050139E-013) (  1.1501874629694953E-009,  8.1198066011963897E-013) ( -1.1614898442844693E-002, -8.1995991816556083E-006)
   4.0520950000000004        1.2500000000000000     
 (  1.2289869057344834E-002,  8.7816882598061399E-006) (  1.2292909833738487E-002,  8.7861406742856259E-006)
 (  1.2047496741002500E-002,  8.7290157727714715E-006) (  1.1933225663493519E-009,  8.6484576930295830E-013) (  1.1933225663470778E-009,  8.6484576930199309E-013) ( -1.2050487856819761E-002, -8.7334452612862436E-006)
   4.1020900000000005        1.2500000000000000     
 (  1.2751190248932728E-002,  9.3486683415717957E-006) (  1.2754345863669421E-002,  9.3534144006274640E-006)
 (  1.2493532580448191E-002,  9.2926394103468187E-006) (  1.2375032106886272E-009,  9.2068858074407907E-013) (  1.2375032106861059E-009,  9.2068858074300329E-013) ( -1.2496635393465062E-002, -9.2973609778055092E-006)
   4.1520850000000005        1.2500000000000000     
 (  1.3223942598820268E-002,  9.9472697394688709E-006) (  1.3227215982907520E-002,  9.9523263431221836E-006)
 (  1.2950239480979153E-002,  9.8877130740632725E-006) (  1.2827408548297348E-009,  9.7964745444566737E-013) (  1.2827408548268796E-009,  9.7964745444446477E-013) ( -1.2953456765829130E-002, -9.8927435274448179E-006)
   4.2020800000000005        1.2500000000000000     
 (  1.3708266766130454E-002,  1.0578947796842838E-005) (  1.3711660800016734E-002,  1.0584332685662014E-005)
 (  1.3417730232651397E-002,  1.0515685343246965E-005) (  1.3290466624169211E-009,  1.0418659214407973E-012) (  1.3290466624137836E-009,  1.0418659214394626E-012) ( -1.3421064706125026E-002, -1.0521042325041234E-005)
   4.2520750000000005        1.2500000000000000     
 (  1.4204305025391628E-002,  1.1245205562225351E-005) (  1.4207822725083767E-002,  1.1250937325944586E-005)
 (  1.3896118604253641E-002,  1.1178052274492014E-005) (  1.3764319128063724E-009,  1.1074922151535589E-012) (  1.3764319128028910E-009,  1.1074922151520774E-012) ( -1.3899573114792729E-002, -1.1183754271238034E-005)
   4.3020699999999996        1.2500000000000000     
 (  1.4712197576840811E-002,  1.1947600534811867E-005) (  1.4715841880449873E-002,  1.1953698673862962E-005)
 (  1.4385515551818771E-002,  1.1876364172420367E-005) (  1.4249075852009936E-009,  1.1766799469798991E-012) (  1.4249075851971121E-009,  1.1766799469782518E-012) ( -1.4389092861117399E-002, -1.1882430574836909E-005)
   4.3520649999999996        1.2500000000000000     
 (  1.5232088951757830E-002,  1.2687739419307561E-005) (  1.5235862958608272E-002,  1.2694224299770412E-005)
 (  1.4886035747054207E-002,  1.2612220309454584E-005) (  1.4744850508456313E-009,  1.2495875730888595E-012) (  1.4744850508413188E-009,  1.2495875730870444E-012) ( -1.4889738773834671E-002, -1.2618671368705337E-005)
   4.4020599999999996        1.2500000000000000     
 (  1.5764118794020617E-002,  1.3467284741980360E-005) (  1.5768025576940455E-002,  1.3474177722071633E-005)
 (  1.5397788262003611E-002,  1.3387275569113590E-005) (  1.5251751077160226E-009,  1.3263790690567803E-012) (  1.5251751077112237E-009,  1.3263790690547637E-012) ( -1.5401619892049054E-002, -1.3394132521888875E-005)
   4.4520549999999997        1.2500000000000000     
 (  1.6308428521179631E-002,  1.4287955722283534E-005) (  1.6312471179413753E-002,  1.4295279160221962E-005)
 (  1.5920883278738154E-002,  1.4203241271669606E-005) (  1.5769886689213185E-009,  1.4072239999927475E-012) (  1.5769886689160042E-009,  1.4072239999905151E-012) ( -1.5924846417837688E-002, -1.4210526347877470E-005)
   4.5020499999999997        1.2500000000000000     
 (  1.6865162772294901E-002,  1.5151522950507928E-005) (  1.6869344485673069E-002,  1.5159300146624489E-005)
 (  1.6455433446119407E-002,  1.5061879874380029E-005) (  1.6299368970951564E-009,  1.4922969891159087E-012) (  1.6299368970892824E-009,  1.4922969891134341E-012) ( -1.6459531072281909E-002, -1.5069616238698302E-005)
   4.5520449999999997        1.2500000000000000     
 (  1.7434461102741720E-002,  1.6059818996127349E-005) (  1.7438785076098862E-002,  1.6068074422509363E-005)
 (  1.7001545702441827E-002,  1.5965015552182962E-005) (  1.6840303840360409E-009,  1.5817787941944107E-012) (  1.6840303840295457E-009,  1.5817787941916852E-012) ( -1.7005780813242208E-002, -1.5973227534153544E-005)
   4.6020399999999997        1.2500000000000000     
 (  1.8016466398141116E-002,  1.7014732059873234E-005) (  1.8020935834811239E-002,  1.7023491198474354E-005)
 (  1.7559329520864829E-002,  1.6914527858601445E-005) (  1.7392799697419123E-009,  1.6758556407141179E-012) (  1.7392799697348043E-009,  1.6758556407111291E-012) ( -1.7563705104226203E-002, -1.6923240788691222E-005)
   4.6520349999999997        1.2500000000000000     
 (  1.8611321902404554E-002,  1.8018211132062130E-005) (  1.8615940109958547E-002,  1.8027500650387828E-005)
 (  1.8128894028426268E-002,  1.7912356851502362E-005) (  1.7956964706624938E-009,  1.7747197632244432E-012) (  1.7956964706546075E-009,  1.7747197632276901E-012) ( -1.8133413170532235E-002, -1.7921597237987832E-005)
   4.7020300000000006        1.2500000000000000     
 (  1.9219168624961584E-002,  1.9072263521522979E-005) (  1.9223938907516093E-002,  1.9082111240848582E-005)
 (  1.8710345477309896E-002,  1.8960500647620333E-005) (  1.8532904077760894E-009,  1.8785691424565640E-012) (  1.8532904077675254E-009,  1.8785691424529047E-012) ( -1.8715011254261810E-002, -1.8970296143955102E-005)
   4.7520250000000006        1.2500000000000000     
 (  1.9840149470480576E-002,  2.0178961596807171E-005) (  1.9845075182524485E-002,  2.0189396564412320E-005)
 (  1.9303791140295800E-002,  2.0061022115119326E-005) (  1.9120724082614196E-009,  1.9876081782510391E-012) (  1.9120724082519471E-009,  1.9876081782470272E-012) ( -1.9308606669437210E-002, -2.0071401590240284E-005)
   4.8020200000000006        1.2500000000000000     
 (  2.0474406404638545E-002,  2.1340438827811981E-005) (  2.0479490950895442E-002,  2.1351491335631831E-005)
 (  1.9909336708729627E-002,  2.1216044925204786E-005) (  1.9720529426844177E-009,  2.1020472935492013E-012) (  1.9720529426739812E-009,  2.1020472935448186E-012) ( -1.9914305149203393E-002, -2.1227038483551847E-005)
   4.8520150000000006        1.2500000000000000     
 (  2.1122081927945000E-002,  2.2558893838048648E-005) (  2.1127328706989135E-002,  2.2570595494303136E-005)
 (  2.0527087669155265E-002,  2.2427757612237360E-005) (  2.0332424561009085E-009,  2.2221033414541446E-012) (  2.0332424560894661E-009,  2.2221033414493430E-012) ( -2.0532212168034931E-002, -2.2439396663781180E-005)
   4.9020100000000006        1.2500000000000000     
 (  2.1783320342466772E-002,  2.3836589184052749E-005) (  2.1788732880799935E-002,  2.3848972958493455E-005)
 (  2.1157150477888426E-002,  2.3698412293384318E-005) (  2.0956515026724265E-009,  2.3479994758969572E-012) (  2.0956515026599014E-009,  2.3479994758916714E-012) ( -2.1162434303968327E-002, -2.3710729598495597E-005)
   4.9520050000000007        1.2500000000000000     
 (  2.2458261083488758E-002,  2.5175855526799464E-005) (  2.2463842823549546E-002,  2.5188955689837096E-005)
 (  2.1799626027451561E-002,  2.5030328885578201E-005) (  2.1592900641133228E-009,  2.4799655587433458E-012) (  2.1592900640896374E-009,  2.4799655587375696E-012) ( -2.1805072351131410E-002, -2.5043358493248851E-005)
   5.0020000000000007        1.2500000000000000     
 (  2.3147050801082765E-002,  2.6579091399647281E-005) (  2.3152805363394501E-002,  2.6592943803427713E-005)
 (  2.2454621580163238E-002,  2.6425894826909891E-005) (  2.2241687798254617E-009,  2.6182381661296109E-012) (  2.2241687798104269E-009,  2.6182381661233044E-012) ( -2.2460233748689475E-002, -2.6439672356210711E-005)
   5.0519950000000007        1.2500000000000000     
 (  2.3849829909785944E-002,  2.8048762325212694E-005) (  2.3855760855032430E-002,  2.8063404264277184E-005)
 (  2.3122237529298300E-002,  2.7887564148052559E-005) (  2.2902975845485651E-009,  2.7630604545493944E-012) (  2.2902975845321360E-009,  2.7630604545425375E-012) ( -2.3128018817773786E-002, -2.7902126645950689E-005)
   5.1019899999999998        1.2500000000000000     
 (  2.4566740649940799E-002,  2.9587403506629690E-005) (  2.4572851584656930E-002,  2.9602873655949013E-005)
 (  2.3802575198967113E-002,  2.9417860247632507E-005) (  2.3576865161021241E-009,  2.9146824438149456E-012) (  2.3576865160841685E-009,  2.9146824438074546E-012) ( -2.3808528920238034E-002, -2.9433246128020052E-005)
   5.1519849999999998        1.2500000000000000     
 (  2.5297928498590218E-002,  3.1197627558104339E-005) (  2.5304223181071495E-002,  3.1213966384268047E-005)
 (  2.4495738325057692E-002,  3.1019383541821677E-005) (  2.4263458614308613E-009,  3.0733618211488999E-012) (  2.4263458614113031E-009,  3.0733618211407230E-012) ( -2.4501867935216855E-002, -3.1035632995757505E-005)
   5.2019799999999998        1.2500000000000000     
 (  2.6043532800842897E-002,  3.2882114398149849E-005) (  2.6050014820673938E-002,  3.2899363939909288E-005)
 (  2.5201823788336013E-002,  3.2694801312280983E-005) (  2.4962851967466407E-009,  3.2393628734428261E-012) (  2.4962851967253127E-009,  3.2393628734339125E-012) ( -2.5208132563756116E-002, -3.2711956087446483E-005)
   5.2519749999999998        1.2500000000000000     
 (  2.6803701266651398E-002,  3.4643616405033542E-005) (  2.6810374494807658E-002,  3.4661820315998322E-005)
 (  2.5920936091873969E-002,  3.4446852915141775E-005) (  2.5675148984918015E-009,  3.4129570290757038E-012) (  2.5675148984684340E-009,  3.4129570290659836E-012) ( -2.5927427586674656E-002, -3.4464956358113877E-005)
   5.3019699999999998        1.2500000000000000     
 (  2.7578574339212503E-002,  3.6484963908728096E-005) (  2.7585442506081553E-002,  3.6504167606769834E-005)
 (  2.6653171506873678E-002,  3.6278355244558502E-005) (  2.6400444847410436E-009,  3.5944234092882486E-012) (  2.6400444847157530E-009,  3.5944234092776843E-012) ( -2.6659849118022657E-002, -3.6297452446815373E-005)
   5.3519649999999999        1.2500000000000000     
 (  2.8368295443174246E-002,  3.8409062565138377E-005) (  2.8375362399634892E-002,  3.8429313272040525E-005)
 (  2.7398628571779170E-002,  3.8192200046396735E-005) (  2.7138837251337742E-009,  3.7840485517879264E-012) (  2.7138837251062357E-009,  3.7840485517764655E-012) ( -2.7405495812279575E-002, -3.8212337886218712E-005)
   5.4019599999999999        1.2500000000000000     
 (  2.9173008670662279E-002,  4.0418898864989993E-005) (  2.9180278281782962E-002,  4.0440245702005568E-005)
 (  2.8157405679459391E-002,  4.0191359476232501E-005) (  2.7890423638476801E-009,  3.9821269662719137E-012) (  2.7890423638177168E-009,  3.9821269662594454E-012) ( -2.8164466066606497E-002, -4.0212586712029641E-005)
   5.4519549999999999        1.2500000000000000     
 (  2.9992855910274924E-002,  4.2517534862885664E-005) (  3.0000332058199280E-002,  4.2540028891854169E-005)
 (  2.8929598127595199E-002,  4.2278880731250101E-005) (  2.8655298385832661E-009,  4.1889605974581716E-012) (  2.8655298385506706E-009,  4.1889605974446613E-012) ( -2.8936855181693092E-002, -4.2301248040460791E-005)
   5.5019499999999999        1.2500000000000000     
 (  3.0827984942041909E-002,  4.4708108393823369E-005) (  3.0835671681697974E-002,  4.4731802448747332E-005)
 (  2.9715306362300822E-002,  4.4457886309506979E-005) (  2.9433561127102952E-009,  4.4048588302651282E-012) (  2.9433561126750102E-009,  4.4048588302310870E-012) ( -2.9722763769955987E-002, -4.4481446121081886E-005)
   5.5519449999999999        1.2500000000000000     
 (  3.1678533430006650E-002,  4.6993846185360905E-005) (  3.1686434668559971E-002,  4.7018795280124669E-005)
 (  3.0514619698683628E-002,  4.6731587121963125E-005) (  3.0225300154143816E-009,  4.6301398450496094E-012) (  3.0225300153761902E-009,  4.6301398450337589E-012) ( -3.0522280985820674E-002, -4.6756394021614460E-005)
   5.6019399999999999        1.2500000000000000     
 (  3.2544650245742775E-002,  4.9378053643403197E-005) (  3.2552770061145854E-002,  4.9404314856287340E-005)
 (  3.1327638066005636E-002,  4.9103272152268638E-005) (  3.1030614590702897E-009,  4.8651295418303826E-012) (  3.1030614590287416E-009,  4.8651295418132429E-012) ( -3.1335506926901686E-002, -4.9129382764453803E-005)
   5.6519349999999999        1.2500000000000000     
 (  3.3426476758843443E-002,  5.1864120105220193E-005) (  3.3434819244816318E-002,  5.1891752666911227E-005)
 (  3.2154452845488707E-002,  5.1576313825919464E-005) (  3.1849594927219674E-009,  5.1101620925397773E-012) (  3.1849594926769634E-009,  5.1101620925212094E-012) ( -3.2162532968510148E-002, -5.1603786904498729E-005)
   5.7019299999999999        1.2500000000000000     
 (  3.4324154994997871E-002,  5.4455519174962481E-005) (  3.4332724200795077E-002,  5.4484584411540383E-005)
 (  3.2995155142080436E-002,  5.4154168237084695E-005) (  3.2682331331570412E-009,  5.3655799482652353E-012) (  3.2682331331082644E-009,  5.3655799482450768E-012) ( -3.3003450163741184E-002, -5.4183064600964510E-005)
   5.7519250000000000        1.2500000000000000     
 (  3.5237832737469200E-002,  5.7155813629185074E-005) (  3.5246632936296325E-002,  5.7186375358910408E-005)
 (  3.3849841197246933E-002,  5.6840380011998029E-005) (  3.3528919327991690E-009,  5.6317343670284729E-012) (  3.3528919327465888E-009,  5.6317343670067465E-012) ( -3.3858354969985301E-002, -5.6870762948260981E-005)
   5.8019200000000000        1.2500000000000000     
 (  3.6167653150371945E-002,  5.9968650961537806E-005) (  3.6176688519590522E-002,  6.0000775172463709E-005)
 (  3.4718601659004450E-002,  5.9638577919405433E-005) (  3.4389448572761123E-009,  5.9089849064781855E-012) (  3.4389448572192349E-009,  5.9089849064548386E-012) ( -3.4727337924330116E-002, -5.9670512850813327E-005)
   5.8519150000000009        1.2500000000000000     
 (  3.7113757138564997E-002,  6.2897762815380975E-005) (  3.7123031858710132E-002,  6.2931517967408017E-005)
 (  3.5601523972825067E-002,  6.2552474225120321E-005) (  3.5264005664607522E-009,  6.1976994227672119E-012) (  3.5264005663996496E-009,  6.1976994227418327E-012) ( -3.5610486474265984E-002, -6.2586029015174513E-005)
   5.9019100000000000        1.2500000000000000     
 (  3.8076294308771089E-002,  6.5946981559218787E-005) (  3.8085812794463242E-002,  6.5982438564187739E-005)
 (  3.6498703407093103E-002,  6.5585881227937210E-005) (  3.6152685150130928E-009,  6.4982556761778799E-012) (  3.6152685149469043E-009,  6.4982556761507752E-012) ( -3.6507896088172551E-002, -6.5621126160814435E-005)
   5.9519050000000000        1.2500000000000000     
 (  3.9055401376420842E-002,  6.9120224118257931E-005) (  3.9065167823204634E-002,  6.9157456541436304E-005)
 (  3.7410221485346472E-002,  6.8742695079564625E-005) (  3.7055567552326916E-009,  6.8110397498559287E-012) (  3.7055567551614804E-009,  6.8110397498266502E-012) ( -3.7419648083133944E-002, -6.8779703054573868E-005)
   6.0019000000000000        1.2500000000000000     
 (  4.0051231814882383E-002,  7.2421503020428808E-005) (  4.0061250752426877E-002,  7.2460586953620819E-005)
 (  3.8336175614829306E-002,  7.2026906845820351E-005) (  3.7972749644993487E-009,  7.1364471140671352E-012) (  3.7972749644224904E-009,  7.1364471140356643E-012) ( -3.8345840177087115E-002, -7.2065753255727631E-005)
   6.0518950000000000        1.2500000000000000     
 (  4.1063920811717905E-002,  7.5854910340983838E-005) (  4.1074196507462038E-002,  7.5895924392027961E-005)
 (  3.9276643951148826E-002,  7.5442586338570985E-005) (  3.8904308554631884E-009,  7.4748810350370729E-012) (  3.8904308553808054E-009,  7.4748810350031617E-012) ( -3.9286550252832161E-002, -7.5483349047652756E-005)
   6.1018900000000000        1.2500000000000000     
 (  4.2093620323964381E-002,  7.9424660279006835E-005) (  4.2104157317763159E-002,  7.9467686287219331E-005)
 (  4.0231720526943786E-002,  7.8993924753404529E-005) (  3.9850337659897716E-009,  7.8267568707314119E-012) (  3.9850337659007058E-009,  7.8267568706949190E-012) ( -4.0241872603311683E-002, -7.9036684822648723E-005)
   6.1518850000000000        1.2500000000000000     
 (  4.3140472084021983E-002,  8.3135036719048113E-005) (  4.3151274924938560E-002,  8.3180158903604277E-005)
 (  4.1201488244760533E-002,  8.2685182148223654E-005) (  4.0810919049794104E-009,  8.1924967131960169E-012) (  4.0810919048837337E-009,  8.1924967131569197E-012) ( -4.1211890120574995E-002, -8.2730022971090188E-005)
   6.2018800000000001        1.2500000000000000     
 (  4.4204618414344511E-002,  8.6990440383371214E-005) (  4.4215691594395666E-002,  8.7037746265160887E-005)
 (  4.2186029699008025E-002,  8.6520734509517084E-005) (  4.1786134459305830E-009,  8.5725342256657132E-012) (  4.1786134458276883E-009,  8.5725342255461679E-012) ( -4.2196685339734856E-002, -8.6567742733460563E-005)
   6.2518750000000001        1.2500000000000000     
 (  4.5286207725422287E-002,  9.0995352401855261E-005) (  4.5297555851655687E-002,  9.1044932264856178E-005)
 (  4.3185432644216294E-002,  9.0505037464957286E-005) (  4.2776070889091292E-009,  8.9673109049151793E-012) (  4.2776070887984657E-009,  8.9673109048701593E-012) ( -4.3196346114694834E-002, -9.0554302456146799E-005)
   6.3018700000000001        1.2500000000000000     
 (  4.6385383634615460E-002,  9.5154366095438840E-005) (  4.6397011314830365E-002,  9.5206313280902775E-005)
 (  4.4199779016858370E-002,  9.4642657836586344E-005) (  4.3780809469434888E-009,  9.3772792876919748E-012) (  4.3780809468245286E-009,  9.3772792876434248E-012) ( -4.4210954369316338E-002, -9.4694271968092698E-005)
   6.3518650000000001        1.2500000000000000     
 (  4.7502287458488439E-002,  9.9472187092254286E-005) (  4.7514199358233353E-002,  9.9526598510943262E-005)
 (  4.5229147624606912E-002,  9.8938273793304510E-005) (  4.4800428287101055E-009,  9.8029029871958886E-012) (  4.4800428285823871E-009,  9.8029029871441543E-012) ( -4.5240588950637636E-002, -9.8992332952205374E-005)
   6.4018600000000001        1.2500000000000000     
 (  4.8637069552671879E-002,  1.0395358562327736E-004) (  4.8649270451624455E-002,  1.0401056099584596E-004)
 (  4.6273625150555608E-002,  1.0339662724684052E-004) (  4.5835013272546389E-009,  1.0244651854077930E-011) (  4.5835013271179812E-009,  1.0244651854022211E-011) ( -4.6285336632501096E-002, -1.0345323007587023E-004)
   6.4518550000000001        1.2500000000000000     
 (  4.9789875186777771E-002,  1.0860348745004036E-004) (  4.9802369847474007E-002,  1.0866313012803377E-004)
 (  4.7333292792212538E-002,  1.0802261442503501E-004) (  4.6884644835586988E-009,  1.0703011100826735E-011) (  4.6884644834117063E-009,  1.0703011100767156E-011) ( -4.7345278616132580E-002, -1.0808186313568053E-004)
   6.5018500000000001        1.2500000000000000     
 (  5.0960845180165637E-002,  1.1342686698690394E-004) (  5.0973638437874301E-002,  1.1348928330647067E-004)
 (  4.8408225357477824E-002,  1.1282117931848231E-004) (  4.7949397083739893E-009,  1.1178470606310724E-011) (  4.7949397082168084E-009,  1.1178470606247307E-011) ( -4.8420489727559239E-002, -1.1288317905113367E-004)
   6.5518450000000001        1.2500000000000000     
 (  5.2150123290856797E-002,  1.1842885403228730E-004) (  5.2163219915213992E-002,  1.1849415455290645E-004)
 (  4.9498500704923010E-002,  1.1779742010545416E-004) (  4.9029347066319884E-009,  1.1671535639688142E-011) (  4.9029347064633676E-009,  1.1671535639620205E-011) ( -4.9511047770298473E-002, -1.1786228015332512E-004)
   6.6018400000000002        1.2500000000000000     
 (  5.3357865051020636E-002,  1.2361466021925535E-004) (  5.3371270080322608E-002,  1.2368295865250386E-004)
 (  5.0604206899194280E-002,  1.2295651567450862E-004) (  5.0124582240243468E-009,  1.2182719356915614E-011) (  5.0124582238441885E-009,  1.2182719356842851E-011) ( -5.0617041058496438E-002, -1.2302434841764438E-004)
   6.6518350000000002        1.2500000000000000     
 (  5.4584204727039190E-002,  1.2898960994280691E-004) (  5.4597923037160032E-002,  1.2906102375708384E-004)
 (  5.1725409942951724E-002,  1.2830375649691109E-004) (  5.1235167789283762E-009,  1.2712546022683180E-011) (  5.1235167787355256E-009,  1.2712546022605620E-011) ( -5.1738535414079273E-002, -1.2837467799792923E-004)
   6.7018300000000002        1.2500000000000000     
 (  5.5829288451319369E-002,  1.3455914112474324E-004) (  5.5843324859314251E-002,  1.3463379174519290E-004)
 (  5.2862186421275673E-002,  1.3384454529910157E-004) (  5.2361179487740225E-009,  1.3261551037838823E-011) (  5.2361179485678775E-009,  1.3261551037755854E-011) ( -5.2875607350507808E-002, -1.3391867550239817E-004)
   6.7518250000000002        1.2500000000000000     
 (  5.7093268024492556E-002,  1.4032878401694460E-004) (  5.7107627726130067E-002,  1.4040679657188648E-004)
 (  5.4014617683145555E-002,  1.3958437592451685E-004) (  5.3502698245493341E-009,  1.3830278801079606E-011) (  5.3502698243297284E-009,  1.3830278800991121E-011) ( -5.4028338569708706E-002, -1.3966183839958447E-004)
   6.8018200000000002        1.2500000000000000     
 (  5.8376290393649041E-002,  1.4630421466618415E-004) (  5.8390978519289170E-002,  1.4638571862446022E-004)
 (  5.5182780141446827E-002,  1.4552888665978118E-004) (  5.4659799673418872E-009,  1.4419288077230806E-011) (  5.4659799671067983E-009,  1.4419288077136385E-011) ( -5.5196805419937357E-002, -1.4560980923768567E-004)
   6.8518150000000002        1.2500000000000000     
 (  5.9678492727406031E-002,  1.5249120217742678E-004) (  5.9693514349739803E-002,  1.5257633066393761E-004)
 (  5.6366738008884018E-002,  1.5168380733625002E-004) (  5.5832547281595785E-009,  1.5029146628476439E-011) (  5.5832547279080659E-009,  1.5029146628376241E-011) ( -5.6381072033177902E-002, -1.5176832140955930E-004)
   6.9018100000000002        1.2500000000000000     
 (  6.1000023423406810E-002,  1.5889561845210720E-004) (  6.1015383771231821E-002,  1.5898450887559575E-004)
 (  5.7566566482505528E-002,  1.5805496933766691E-004) (  5.7021015677494667E-009,  1.5660432335330100E-011) (  5.7021015674812997E-009,  1.5660432335223142E-011) ( -5.7581213746237689E-002, -1.5814321049662224E-004)
   6.9518050000000002        1.2500000000000000     
 (  6.2341031743679540E-002,  1.6552349242182895E-004) (  6.2356735984253960E-002,  1.6561628707164111E-004)
 (  5.8782340616658518E-002,  1.6464835954250708E-004) (  5.8225279117185729E-009,  1.6313738535572970E-011) (  5.8225279114328035E-009,  1.6313738535459022E-011) ( -5.8797305540099598E-002, -1.6474046816201371E-004)
   7.0018000000000011        1.2500000000000000     
 (  6.3701661988540381E-002,  1.7238091452032091E-004) (  6.3717715338905342E-002,  1.7247775949555611E-004)
 (  6.0014129449276615E-002,  1.7147002464208041E-004) (  5.9445405995342382E-009,  1.6989664382639580E-011) (  5.9445405992296943E-009,  1.6989664382518343E-011) ( -6.0029416476156401E-002, -1.7156614480448161E-004)
   7.0517949999999994        1.2500000000000000     
 (  6.5082053652603819E-002,  1.7947414328985681E-004) (  6.5098461373439581E-002,  1.7957518930820270E-004)
 (  6.1261996054694935E-002,  1.7852617804829150E-004) (  6.0681458803810158E-009,  1.7688825620700243E-011) (  6.0681458800576237E-009,  1.7688825620571368E-011) ( -6.1277609659658124E-002, -1.7862645835026435E-004)
   7.1017899999999994        1.2500000000000000     
 (  6.6482363334712913E-002,  1.8680954096913184E-004) (  6.6499130835457651E-002,  1.8691494376306866E-004)
 (  6.2526019788920917E-002,  1.8582313505821873E-004) (  6.1933516268916980E-009,  1.8411848121536757E-011) (  6.1933516265464725E-009,  1.8411848121399658E-011) ( -6.2541964583639822E-002, -1.8592772900122610E-004)
   7.1517849999999994        1.2500000000000000     
 (  6.7902737396846297E-002,  1.9439356361832167E-004) (  6.7919870240719202E-002,  1.9450348328412320E-004)
 (  6.3806268624310214E-002,  1.9336730311094759E-004) (  6.3201645845281161E-009,  1.9159366816409781E-011) (  6.3201645841614550E-009,  1.9159366816264162E-011) ( -6.3822549362814354E-002, -1.9347636844453231E-004)
   7.2017799999999994        1.2500000000000000     
 (  6.9343312214866629E-002,  2.0223282537455920E-004) (  6.9360815694196304E-002,  2.0234742697236224E-004)
 (  6.5102799172085279E-002,  2.0116524603133984E-004) (  6.4485903285856386E-009,  1.9932032182452597E-011) (  6.4485903281940505E-009,  1.9932032182297588E-011) ( -6.5119420290434396E-002, -2.0127894535321275E-004)
   7.2517749999999994        1.2500000000000000     
 (  7.0804235231375398E-002,  2.1033404510206234E-004) (  7.0822114879835196E-002,  2.1045349883701514E-004)
 (  6.6415678659887720E-002,  2.0922363020203417E-004) (  6.5786355418797311E-009,  2.0730504869855112E-011) (  6.5786355414649339E-009,  2.0730504869690774E-011) ( -6.6432644852350106E-002, -2.0934213111880885E-004)
   7.3017699999999994        1.2500000000000000     
 (  7.2285660650356368E-002,  2.1870405727191257E-004) (  7.2303921953782574E-002,  2.1882853783008815E-004)
 (  6.7744979706718431E-002,  2.1754923611375223E-004) (  6.7103074075517055E-009,  2.1555456762736317E-011) (  6.7103074071094343E-009,  2.1555456762561963E-011) ( -6.7762295575378745E-002, -2.1767271059133474E-004)
   7.3517649999999994        1.2500000000000000     
 (  7.3787726271163701E-002,  2.2734987559893210E-004) (  7.3806374849028952E-002,  2.2747956423150255E-004)
 (  6.9090757821095319E-002,  2.2614902131423513E-004) (  6.8436114360217265E-009,  2.2407577484139523E-011) (  6.8436114355509622E-009,  2.2407577483928453E-011) ( -6.9108428104519171E-002, -2.2627764773780037E-004)
   7.4017599999999995        1.2500000000000000     
 (  7.5310587908853019E-002,  2.3627856708698501E-004) (  7.5329629430827591E-002,  2.3641364905182922E-004)
 (  7.0453084432936228E-002,  2.3502999445772200E-004) (  6.9785547029145398E-009,  2.3287561464113379E-011) (  6.9785547024149599E-009,  2.3287561463917386E-011) ( -7.0471113884050668E-002, -2.3516395507272906E-004)
   7.4517549999999995        1.2500000000000000     
 (  7.6854384603263007E-002,  2.4549735618734222E-004) (  7.6873824771876806E-002,  2.4563802282424879E-004)
 (  7.1832014744274988E-002,  2.4419931965416052E-004) (  7.1151426778228290E-009,  2.4196118732985349E-011) (  7.1151426772922382E-009,  2.4196118732777477E-011) ( -7.1850408144196132E-002, -2.4433880264848964E-004)
   7.5017499999999995        1.2500000000000000     
 (  7.8419262426028313E-002,  2.5501362750068434E-004) (  7.8439106887097126E-002,  2.5516007578092525E-004)
 (  7.3227608755206064E-002,  2.5366431890510790E-004) (  7.2533812930578673E-009,  2.5133974909812884E-011) (  7.2533812924937136E-009,  2.5133974909593458E-011) ( -7.3246370790453361E-002, -2.5380951792778196E-004)
   7.5517449999999995        1.2500000000000000     
 (  8.0005373085654405E-002,  2.6483483898015117E-004) (  8.0025627717841816E-002,  2.6498727146389894E-004)
 (  7.4639931445482977E-002,  2.6343238518054758E-004) (  7.3932770089830907E-009,  2.6101862638550205E-011) (  7.3932770083847777E-009,  2.6101862638317686E-011) ( -7.4659067049583819E-002, -2.6358349931091750E-004)
   7.6017399999999995        1.2500000000000000     
 (  8.1612864116246200E-002,  2.7496862955683993E-004) (  8.1633534751809331E-002,  2.7512725480121519E-004)
 (  7.6069042010407928E-002,  2.7351109040345858E-004) (  7.5348356775537211E-009,  2.7100532322899309E-011) (  7.5348356769191213E-009,  2.7100532322342574E-011) ( -7.6088556010502698E-002, -2.7366832454356018E-004)
   7.6517349999999995        1.2500000000000000     
 (  8.3241872232654085E-002,  2.8542273416154354E-004) (  8.3262964619009658E-002,  2.8558776667632574E-004)
 (  7.7514988521724892E-002,  2.8390809938369824E-004) (  7.6780620507006750E-009,  2.8130743558722941E-011) (  7.6780620500291764E-009,  2.8130743558462331E-011) ( -7.7534885665640055E-002, -2.8407166420274695E-004)
   7.7017299999999995        1.2500000000000000     
 (  8.4892556801728358E-002,  2.9620504755475529E-004) (  8.4914077041281066E-002,  2.9637670776406686E-004)
 (  7.8977840476663549E-002,  2.9463123498416760E-004) (  7.8229630453025445E-009,  2.9193271592438826E-011) (  7.8229630445928152E-009,  2.9193271592110862E-011) ( -7.8998125847627609E-002, -2.9480134688556576E-004)
   7.7517249999999995        1.2500000000000000     
 (  8.6565051028611437E-002,  3.0732358168005858E-004) (  8.6587004948882038E-002,  3.0750209675996308E-004)
 (  8.0457639581095169E-002,  3.0568843401592718E-004) (  7.9695427608104071E-009,  3.0288903033303823E-011) (  7.9695427600568423E-009,  3.0288903033013392E-011) ( -8.0478317954556261E-002, -3.0586531595834602E-004)
   7.8017199999999995        1.2500000000000000     
 (  8.8259515911132860E-002,  3.1878648765249894E-004) (  8.8281909583852666E-002,  3.1897209102800598E-004)
 (  8.1954454538748486E-002,  3.1708776981913901E-004) (  8.1178080245786680E-009,  3.1418437961780892E-011) (  8.1178080236735289E-009,  3.1418437961473000E-011) ( -8.1975530919699710E-002, -3.1727165079670731E-004)
   7.8517150000000004        1.2500000000000000     
 (  8.9976091183639306E-002,  3.3060207851890751E-004) (  8.9998930710638442E-002,  3.3079500988090642E-004)
 (  8.3468331661866527E-002,  3.2883747516485349E-004) (  8.2677634242276212E-009,  3.2582692247235543E-011) (  8.2677634233838837E-009,  3.2582692246910953E-011) ( -8.3489811069669739E-002, -3.2902859023379135E-004)
   7.9017100000000005        1.2500000000000000     
 (  9.1714922692755538E-002,  3.4277874022821717E-004) (  9.1738214218930483E-002,  3.4297924629923208E-004)
 (  8.4999322818019946E-002,  3.4094585245953547E-004) (  8.4194140980315224E-009,  3.3782488729329069E-011) (  8.4194140970297272E-009,  3.3782488728986048E-011) ( -8.5021210282413079E-002, -3.4114444347849366E-004)
   7.9517050000000005        1.2500000000000000     
 (  9.3476163136619411E-002,  3.5532508622354472E-004) (  9.3499912829383497E-002,  3.5553342073602805E-004)
 (  8.6547484352641466E-002,  3.5342142873309978E-004) (  8.5727656262955636E-009,  3.5018672489268112E-011) (  8.5727656252715123E-009,  3.5018672488595343E-011) ( -8.6569784914393808E-002, -3.5362774433667782E-004)
   8.0016999999999996        1.2500000000000000     
 (  9.5259954153329482E-002,  3.6824980520055794E-004) (  9.5284168116264611E-002,  3.6846622845943466E-004)
 (  8.8112862008916479E-002,  3.6627280306020146E-004) (  8.7278225304292733E-009,  3.6292095697249627E-011) (  8.7278225294306165E-009,  3.6292095696816101E-011) ( -8.8135580604330604E-002, -3.6648709821494998E-004)
   8.0516949999999987        1.2500000000000000     
 (  9.7066444046805991E-002,  3.8156174717644830E-004) (  9.7091128610467758E-002,  3.8178652725903825E-004)
 (  8.9695505962808952E-002,  3.7950873232574949E-004) (  8.8845898026055542E-009,  3.7603626270620193E-011) (  8.8845898015503447E-009,  3.7603626270214203E-011) ( -8.9718647768105467E-002, -3.7973126951821787E-004)
   8.1016899999999996        1.2500000000000000     
 (  9.8895776357311282E-002,  3.9526988151651756E-004) (  9.8920937797488756E-002,  3.9550329298192579E-004)
 (  9.1295460575998938E-002,  3.9313809030439533E-004) (  9.0430718250832909E-009,  3.8954143572479881E-011) (  9.0430718239711135E-009,  3.8954143572054491E-011) ( -9.1319030656300801E-002, -3.9336913823615860E-004)
   8.1516849999999987        1.2500000000000000     
 ( 0.10074811178505869     ,  4.0938338204103724E-004) ( 0.10077375672074360     ,  4.0962570799961873E-004)
 (  9.2912786667184666E-002,  4.0716995072906425E-004) (  9.2032746548518168E-009,  4.0344546971014358E-011) (  9.2032746534575625E-009,  4.0344546970567629E-011) ( -9.2936790415499917E-002, -4.0740978637911971E-004)
   8.2016799999999996        1.2500000000000000     
 ( 0.10262357888696780     ,  4.2391147911311177E-004) ( 0.10264971341545037     ,  4.2416300948116631E-004)
 (  9.4547511843628085E-002,  4.2161344061260564E-004) (  9.3652009741035502E-009,  4.1775740938082294E-011) (  9.3652009728612954E-009,  4.1775740937612016E-011) ( -9.4571954140113518E-002, -4.2186234748381815E-004)
   8.2516749999999988        1.2500000000000000     
 ( 0.10452234537067279     ,  4.3886367184176750E-004) ( 0.10454897605608268     ,  4.3912470503882587E-004)
 (  9.6199701058233528E-002,  4.3647795246319610E-004) (  9.5288572563228367E-009,  4.3248656401401747E-011) (  9.5288572551179456E-009,  4.3248656400904534E-011) ( -9.6224587192995287E-002, -4.3673622225830612E-004)
   8.3016699999999997        1.2500000000000000     
 ( 0.10644454677872095     ,  4.5424943024007061E-004) ( 0.10647168034489207     ,  4.5452027139846282E-004)
 (  9.7869386348546888E-002,  4.5177284525687119E-004) (  9.6942466881649760E-009,  4.4764220792761843E-011) (  9.6942466867808083E-009,  4.4764220792238250E-011) ( -9.7894721735677440E-002, -4.5204077607931075E-004)
   8.3516649999999988        1.2500000000000000     
 ( 0.10839033044246944     ,  4.7007857959559019E-004) ( 0.10841797328766949     ,  4.7035954396253203E-004)
 (  9.9556610590872452E-002,  4.6750782945476288E-004) (  9.8613734835599223E-009,  4.6323396683551967E-011) (  9.8613734820978773E-009,  4.6323396683002712E-011) ( -9.9582400322701811E-002, -4.6778572920294425E-004)
   8.4016599999999997        1.2500000000000000     
 ( 0.11035984412038380     ,  4.8636087323105314E-004) ( 0.11038800277254376     ,  4.8665228269016209E-004)
 ( 0.10126141631541845     ,  4.8369253969238966E-004) (  1.0030241866719098E-008,  4.7927138794581300E-011) (  1.0030241865176717E-008,  4.7927138794004917E-011) (-0.10128766560766987     , -4.8398072257810657E-004)
   8.4516549999999988        1.2500000000000000     
 ( 0.11235323650752582     ,  5.0310642066249086E-004) ( 0.11238191786569128     ,  5.0340860709205328E-004)
 ( 0.10298384478546177     ,  5.0033696251029368E-004) (  1.0200855954228277E-008,  4.9576437021093399E-011) (  1.0200855952607164E-008,  4.9576437020489267E-011) (-0.10301055914813459     , -5.0063575235627020E-004)
   8.5016499999999997        1.2500000000000000     
 ( 0.11437065780378017     ,  5.2032530521171677E-004) ( 0.11439986845975886     ,  5.2063860709520031E-004)
 ( 0.10472393762178109     ,  5.1745105329569462E-004) (  1.0373219836922762E-008,  5.1272277841603208E-011) (  1.0373219835207977E-008,  5.1272277840966473E-011) (-0.10475112226389913     , -5.1776078020169473E-004)
   8.5516450000000006        1.2500000000000000     
 ( 0.11641224702233686     ,  5.3802791959807472E-004) ( 0.11644199367728515     ,  5.3835268698561626E-004)
 ( 0.10648172504052281     ,  5.3504507331305555E-004) (  1.0547336521415074E-008,  5.3015678511581651E-011) (  1.0547336519610761E-008,  5.3015678510909295E-011) (-0.10650938530200946     , -5.3536607854312655E-004)
   8.6016399999999980        1.2500000000000000     
 ( 0.11847816650079145     ,  5.5622467609180333E-004) ( 0.11850845604940063     ,  5.5656126555174445E-004)
 ( 0.10825725846605115     ,  5.5312929802737618E-004) (  1.0723211105112956E-008,  5.4807657193161291E-011) (  1.0723211103058367E-008,  5.4807657192352199E-011) (-0.10828539971422933     , -5.5346192897481926E-004)
   8.6516349999999989        1.2500000000000000     
 ( 0.12056855620780425     ,  5.7492625574971201E-004) ( 0.12059939560426113     ,  5.7527503536451599E-004)
 ( 0.11005056785967229     ,  5.7171426711526163E-004) (  1.0900846571747134E-008,  5.6649258705403462E-011) (  1.0900846569750856E-008,  5.6649258704663471E-011) (-0.11007919564882722     , -5.7205888228570648E-004)
   8.7016299999999980        1.2500000000000000     
 ( 0.12268356970992415     ,  5.9414335650852159E-004) ( 0.12271496608243850     ,  5.9450470158199664E-004)
 ( 0.11186169241796867     ,  5.9081053213981853E-004) (  1.1080246810816758E-008,  5.8541528619857669E-011) (  1.1080246808712991E-008,  5.8541528618464554E-011) (-0.11189081236050201     , -5.9116749683781609E-004)
   8.7516249999999989        1.2500000000000000     
 ( 0.12482333870478397     ,  6.1388694747559972E-004) ( 0.12485529863910427     ,  6.1426124475021375E-004)
 ( 0.11369064984184873     ,  6.1042891044624399E-004) (  1.1261413522788247E-008,  6.0485539240856040E-011) (  1.1261413520569390E-008,  6.0485539240045597E-011) (-0.11372026703135310     , -6.1079860096694739E-004)
   8.8016199999999980        1.2500000000000000     
 ( 0.12698802737016701     ,  6.3416810114341369E-004) ( 0.12702055823961397     ,  6.3455574622016961E-004)
 ( 0.11553749023184752     ,  6.3058031788517331E-004) (  1.1444351744015871E-008,  6.2482372371691863E-011) (  1.1444351741473317E-008,  6.2482372370839040E-011) (-0.11556761050152634     , -6.3096311890255155E-004)
   8.8516149999999989        1.2500000000000000     
 ( 0.12917776963659441     ,  6.5499803285503299E-004) ( 0.12921087828966227     ,  6.5539943097615708E-004)
 ( 0.11740223035426159     ,  6.5127580783381285E-004) (  1.1629063080898697E-008,  6.4533123512204875E-011) (  1.1629063078452070E-008,  6.4533123511310382E-011) (-0.11743285898242463     , -6.5167211322157172E-004)
   8.9016099999999980        1.2500000000000000     
 ( 0.13139273188542033     ,  6.7638823190713931E-004) ( 0.13142642554487813     ,  6.7680380042545001E-004)
 ( 0.11928491994863390     ,  6.7252670135109591E-004) (  1.1815552489315984E-008,  6.6638914913765648E-011) (  1.1815552486746187E-008,  6.6638914912829280E-011) (-0.11931606252383782     , -6.7293691658566756E-004)
   8.9516049999999989        1.2500000000000000     
 ( 0.13363304873232040     ,  6.9835016311285420E-004) ( 0.13366733468240888     ,  6.9878032729225068E-004)
 ( 0.12118557435467310     ,  6.9434428974981480E-004) (  1.2003821503380150E-008,  6.8800865460299631E-011) (  1.2003821500677021E-008,  6.8800865459321490E-011) (-0.12121723659528900     , -6.9476882770123591E-004)
   9.0015999999999980        1.2500000000000000     
 ( 0.13589886693365913     ,  7.2089556119893806E-004) ( 0.13593375243816566     ,  7.2134075913237307E-004)
 ( 0.12310421992749621     ,  7.1674012837952153E-004) (  1.2193872716431355E-008,  7.1020120670225103E-011) (  1.2193872713375207E-008,  7.1020120669194578E-011) (-0.12313640739519982     , -7.1717941419841566E-004)
   9.0515949999999989        1.2500000000000000     
 ( 0.13819034479000739     ,  7.4403635502502013E-004) ( 0.13822583696448912     ,  7.4449703427054549E-004)
 ( 0.12504089421923370     ,  7.3972596001584915E-004) (  1.2385709840570045E-008,  7.3297844292829838E-011) (  1.2385709837589002E-008,  7.3297844291751169E-011) (-0.12507361240106457     , -7.4018042780552354E-004)
   9.1015899999999981        1.2500000000000000     
 ( 0.14050762934804592     ,  7.6778448704604074E-004) ( 0.14054373590948538     ,  7.6826110712058119E-004)
 ( 0.12699562276920309     ,  7.6331353436731304E-004) (  1.2579335455988285E-008,  7.5635200998340170E-011) (  1.2579335452859676E-008,  7.5635200997215696E-011) (-0.12702887764112000     , -7.6378362956756591E-004)
   9.1515849999999990        1.2500000000000000     
 ( 0.14285085950306334     ,  7.9215217817753128E-004) ( 0.14288758762562248     ,  7.9264520799367526E-004)
 ( 0.12896842007778822     ,  7.8751487436519723E-004) (  1.2774750944052660E-008,  7.8033382267955623E-011) (  1.2774750940768237E-008,  7.8033382266786519E-011) (-0.12900221707847662     , -7.8800105125264306E-004)
   9.2015799999999981        1.2500000000000000     
 ( 0.14522019533370498     ,  8.1715187599591883E-004) ( 0.14525755274978183     ,  8.1766179960998967E-004)
 ( 0.13095932169598906     ,  8.1234222205405968E-004) (  1.2971959877795631E-008,  8.0493601843678939E-011) (  1.2971959874343055E-008,  8.0493601842448728E-011) (-0.13099366678230434     , -8.1284494942104445E-004)
   9.2515749999999990        1.2500000000000000     
 ( 0.14761576540902357     ,  8.4279596831798734E-004) ( 0.14765375909607120     ,  8.4332327826083439E-004)
 ( 0.13296833080357351     ,  8.3780775249448587E-004) (  1.3170962499221630E-008,  8.3017066171504695E-011) (  1.3170962495596435E-008,  8.3017066170217408E-011) (-0.13300322918006732     , -8.3832750694950390E-004)
   9.3015699999999981        1.2500000000000000     
 ( 0.15003774314507248     ,  8.6909728508049349E-004) ( 0.15007638128648040     ,  8.6964248812750869E-004)
 ( 0.13499549200613595     ,  8.6392407638589182E-004) (  1.3371763340228013E-008,  8.5605025411866843E-011) (  1.3371763336420479E-008,  8.5605025410521162E-011) (-0.13503095003329849     , -8.6446134814937702E-004)
   9.3515649999999990        1.2500000000000000     
 ( 0.15248625861157250     ,  8.9606859580237171E-004) ( 0.15252554845852348     ,  8.9663220794222883E-004)
 ( 0.13704080835940335     ,  8.9070373580454301E-004) (  1.3574362604345014E-008,  8.8258722420862607E-011) (  1.3574362600364090E-008,  8.8258722419463611E-011) (-0.13707683141443786     , -8.9125902357609446E-004)
   9.4015599999999999        1.2500000000000000     
 ( 0.15496146431398816     ,  9.2372285045575799E-004) ( 0.15500141363557660     ,  9.2430540349325318E-004)
 ( 0.13910430280665886     ,  9.1815944648072716E-004) (  1.3778762621240826E-008,  9.0979417913553324E-011) (  1.3778762617067783E-008,  9.0979417910849503E-011) (-0.13914089681026506     , -9.1873326412300269E-004)
   9.4515549999999990        1.2500000000000000     
 ( 0.15746351384529703     ,  9.5207337365992039E-004) ( 0.15750413055716134     ,  9.5267541017004728E-004)
 ( 0.14118599787727959     ,  9.4630428999252579E-004) (  1.3984965626545258E-008,  9.3768408322726107E-011) (  1.3984965622166361E-008,  9.3768408321191170E-011) (-0.14122316878703614     , -9.4689716134243186E-004)
   9.5015499999999999        1.2500000000000000     
 ( 0.15999255089026410     ,  9.8113333194335510E-004) ( 0.16003384257339945     ,  9.8175540689762818E-004)
 ( 0.14328590582348164     ,  9.7515118370790365E-004) (  1.4192972804856691E-008,  9.6626973986682280E-011) (  1.4192972800272412E-008,  9.6626973985089686E-011) (-0.14332365932095523     , -9.7576364427235870E-004)
   9.5515449999999991        1.2500000000000000     
 ( 0.16254873172877579     ,  1.0109164288991631E-003) ( 0.16259070655116281     ,  1.0115591129699398E-003)
 ( 0.14540404675733754     ,  1.0047135707710779E-003) (  1.4402786192666317E-008,  9.9556447627882909E-011) (  1.4402786187867889E-008,  9.9556447626218764E-011) (-0.14544238895371345     , -1.0053461709388064E-003)
   9.6015400000000000        1.2500000000000000     
 ( 0.16513218888963516     ,  1.0414362173010905E-003) ( 0.16517485443735566     ,  1.0421000917221785E-003)
 ( 0.14754042296957923     ,  1.0350047376391676E-003) (  1.4614405971009625E-008,  1.0255814594795926E-010) (  1.4614405965970517E-008,  1.0255814594622904E-010) (-0.14757935951480700     , -1.0356580375580373E-003)
   9.6515349999999991        1.2500000000000000     
 ( 0.16774309165836146     ,  1.0727065289916570E-003) ( 0.16778645631962616     ,  1.0733921890097870E-003)
 ( 0.14969506391195384     ,  1.0660382392550394E-003) (  1.4827835125910831E-008,  1.0563341256880876E-010) (  1.4827835120652816E-008,  1.0563341256700389E-010) (-0.14973460113216644     , -1.0667128122300723E-003)
   9.7015300000000000        1.2500000000000000     
 ( 0.17038156418252345     ,  1.1047414746368669E-003) ( 0.17042563560670052     ,  1.1054495309881075E-003)
 ( 0.15186795934270877     ,  1.0978279018031510E-003) (  1.5043072563395707E-008,  1.0878361812248887E-010) (  1.5043072557879743E-008,  1.0878361812039374E-010) (-0.15190810277193476     , -1.0985243357351522E-003)
   9.7515249999999991        1.2500000000000000     
 ( 0.17304777669605531     ,  1.1375552700562143E-003) ( 0.17309256302900400     ,  1.1382863489760146E-003)
 ( 0.15405913999339005     ,  1.1303876463256404E-003) (  1.5260121383226989E-008,  1.1201014263201381E-010) (  1.5260121377464349E-008,  1.1201014263172249E-010) (-0.15409989574886293     , -1.1311065437554159E-003)
   9.8015200000000000        1.2500000000000000     
 ( 0.17574186603705844     ,  1.1711620749391971E-003) ( 0.17578737560667471     ,  1.1719168114658700E-003)
 ( 0.15626860312322341     ,  1.1637313283497602E-003) (  1.5478981321406317E-008,  1.1531435895696036E-010) (  1.5478981315364795E-008,  1.1531435895491146E-010) (-0.15630997731955062     , -1.1644732995706984E-003)
   9.8515149999999991        1.2500000000000000     
 ( 0.17846399271859767     ,  1.2055766630433948E-003) ( 0.17851023373253827     ,  1.2063557141816941E-003)
 ( 0.15849636959223493     ,  1.1978734078866859E-003) (  1.5699654429491339E-008,  1.1869770114092249E-010) (  1.5699654423173264E-008,  1.1869770113879447E-010) (-0.15853836824250336     , -1.1986390843067977E-003)
   9.9015100000000000        1.2500000000000000     
 ( 0.18121428504934492     ,  1.2408134973304382E-003) ( 0.18126126558460176     ,  1.2416175271681813E-003)
 ( 0.16074242450561174     ,  1.2328280234288678E-003) (  1.5922139222517530E-008,  1.2216156988657331E-010) (  1.5922139215919581E-008,  1.2216156988187851E-010) (-0.16078505351439423     , -1.2336180424650871E-003)
   9.9515049999999992        1.2500000000000000     
 ( 0.18399290540380858     ,  1.2768875690679828E-003) ( 0.18404063388473074     ,  1.2777172636304836E-003)
 ( 0.16300678641153121     ,  1.2686098321391384E-003) (  1.6146437568134291E-008,  1.2570741874329022E-010) (  1.6146437561241117E-008,  1.2570741874077443E-010) (-0.16305005196682215     , -1.2694248521333198E-003)
   10.001500000000000        1.2500000000000000     
 ( 0.18680000478334879     ,  1.3138139885606813E-003) ( 0.18684848953422628     ,  1.3146700474664893E-003)
 ( 0.16528946361546329     ,  1.3052335986438587E-003) (  1.6372550274935969E-008,  1.2933671106615161E-010) (  1.6372550266979725E-008,  1.2933671106372557E-010) (-0.16533337177323523     , -1.3060742904005185E-003)
   10.051494999999999        1.2500000000000000     
 ( 0.18963572483421040     ,  1.3516078001471797E-003) ( 0.18968497450933425     ,  1.3524909365885019E-003)
 ( 0.16759045129088176     ,  1.3427140116402275E-003) (  1.6600476893071444E-008,  1.3305090269067750E-010) (  1.6600476885097307E-008,  1.3305090268818070E-010) (-0.16763500836739390     , -1.3435810584830590E-003)
   10.101490000000000        1.2500000000000000     
 ( 0.19250020877581306     ,  1.3902845006509277E-003) ( 0.19255023152481957     ,  1.3911954461628593E-003)
 ( 0.16990974485733182     ,  1.3810661999950913E-003) (  1.6830216913887519E-008,  1.3685149351036036E-010) (  1.6830216906002175E-008,  1.3685149350775996E-010) (-0.16995495661620780     , -1.3819603024079761E-003)
   10.151484999999999        1.2500000000000000     
 ( 0.19539362227129162     ,  1.4298596184558199E-003) ( 0.19544442692625372     ,  1.4307991197880488E-003)
 ( 0.17224736061895407     ,  1.4203053125307447E-003) (  1.7061772027517587E-008,  1.4073998507836208E-010) (  1.7061772019266735E-008,  1.4073998507566248E-010) (-0.17229323358147020     , -1.4212271850217620E-003)
   10.201479999999998        1.2500000000000000     
 ( 0.19831610880200748     ,  1.4703488688327295E-003) ( 0.19836770393718550     ,  1.4713176910842579E-003)
 ( 0.17460329425488319     ,  1.4604466744911860E-003) (  1.7295141767773813E-008,  1.4471789672862139E-010) (  1.7295141759169914E-008,  1.4471789672580662E-010) (-0.17464983453243885     , -1.4613970486849444E-003)
   10.251474999999999        1.2500000000000000     
 ( 0.20126780248357773     ,  1.5117682582152720E-003) ( 0.20132019677205856     ,  1.5127671832058998E-003)
 ( 0.17697752833988059     ,  1.5015058875769039E-003) (  1.7530324420601376E-008,  1.4878677500203617E-010) (  1.7530324410882298E-008,  1.4878677499912398E-010) (-0.17702474215629374     , -1.5024855105919941E-003)
   10.301469999999998        1.2500000000000000     
 ( 0.20424886030771480     ,  1.5541337320863471E-003) ( 0.20430206229010892     ,  1.5551635581882097E-003)
 ( 0.17937006835443073     ,  1.5434984826577769E-003) (  1.7767320514327897E-008,  1.5294815941635115E-010) (  1.7767320504954760E-008,  1.5294815941330744E-010) (-0.17941796177925540     , -1.5445081167617010E-003)
   10.351464999999999        1.2500000000000000     
 ( 0.20725943993934234     ,  1.5974615250339314E-003) ( 0.20731345876229171     ,  1.5985230637706889E-003)
 ( 0.18178091727151846     ,  1.5864402640910467E-003) (  1.8006130391759959E-008,  1.5720361622743605E-010) (  1.8006130381971696E-008,  1.5720361622388747E-010) (-0.18182949685104977     , -1.5874806834741450E-003)
   10.401459999999998        1.2500000000000000     
 ( 0.21029966763958630     ,  1.6417682260699850E-003) ( 0.21035451183253667     ,  1.6428623156569350E-003)
 ( 0.18421004694305773     ,  1.6303473792626828E-003) (  1.8246751214494025E-008,  1.6155474698602363E-010) (  1.8246751204308431E-008,  1.6155474698274962E-010) (-0.18425931871444609     , -1.6314193832806883E-003)
   10.451454999999999        1.2500000000000000     
 ( 0.21336973523889682     ,  1.6870703015910544E-003) ( 0.21342541392815156     ,  1.6881977899204925E-003)
 ( 0.18665749344402233     ,  1.6752358383129039E-003) (  1.8489186602947851E-008,  1.6600313798178309E-010) (  1.8489186592319258E-008,  1.6600313797840788E-010) (-0.18670746389291623     , -1.6763402346277316E-003)
   10.501449999999998        1.2500000000000000     
 ( 0.21646974874726563     ,  1.7333845738109076E-003) ( 0.21652627094723770     ,  1.7345463319340846E-003)
 ( 0.18912320457292409     ,  1.7211219937006280E-003) (  1.8733431368610744E-008,  1.7055041072517170E-010) (  1.8733431357521974E-008,  1.7055041072164921E-010) (-0.18917388000261900     , -1.7222596116351161E-003)
   10.551444999999999        1.2500000000000000     
 ( 0.21959985778292057     ,  1.7807280657141981E-003) ( 0.21965723234699072     ,  1.7819249877583650E-003)
 ( 0.19160717206678171     ,  1.7680223838063046E-003) (  1.8979484690091182E-008,  1.7519820512230198E-010) (  1.8979484678531769E-008,  1.7519820511865274E-010) (-0.19165855875994911     , -1.7691940742024619E-003)
   10.601439999999998        1.2500000000000000     
 ( 0.22276023619513999     ,  1.8291178405832793E-003) ( 0.22281847237036786     ,  1.8303508302212868E-003)
 ( 0.19410940877214405     ,  1.8159535732109962E-003) (  1.9227347861950649E-008,  1.7994816233770002E-010) (  1.9227347849903243E-008,  1.7994816233386697E-010) (-0.19416151316957808     , -1.8171601949042424E-003)
   10.651434999999999        1.2500000000000000     
 ( 0.22595101352016581     ,  1.8785711581423763E-003) ( 0.22601011998797976     ,  1.8798411421456840E-003)
 ( 0.19662988394574990     ,  1.8649323058277253E-003) (  1.9477017784345811E-008,  1.8480194262869813E-010) (  1.9477017771769142E-008,  1.8480194262476659E-010) (-0.19668271195952108     , -1.8661747390694176E-003)
   10.701429999999998        1.2500000000000000     
 ( 0.22917236357127174     ,  1.9291054675933041E-003) ( 0.22923235012827914     ,  1.9304133954740317E-003)
 ( 0.19916861015687634     ,  1.9149755032249768E-003) (  1.9728495822472253E-008,  1.8976122380993422E-010) (  1.9728495809814159E-008,  1.8976122380589412E-010) (-0.19922216891838984     , -1.9162546493024393E-003)
   10.751424999999999        1.2500000000000000     
 ( 0.23242439744563853     ,  1.9807386094633566E-003) ( 0.23248527306037176     ,  1.9820854469299451E-003)
 ( 0.20172553224623174     ,  1.9661004592757248E-003) (  1.9981776403614152E-008,  1.9482771991714118E-010) (  1.9981776389101586E-008,  1.9482771991251582E-010) (-0.20177982770712682     , -1.9674172340289906E-003)
   10.801419999999998        1.2500000000000000     
 ( 0.23570729086479397     ,  2.0334884424145160E-003) ( 0.23576906518155641     ,  2.0348751815021326E-003)
 ( 0.20430066215625967     ,  2.0183244695879511E-003) (  2.0236860787302595E-008,  2.0000314612938586E-010) (  2.0236860772780133E-008,  2.0000314612839940E-010) (-0.20435570106187440     , -2.0196798132735613E-003)
   10.851414999999999        1.2500000000000000     
 ( 0.23902119909873795     ,  2.0873726907811897E-003) ( 0.23908388161142519     ,  2.0888003393279161E-003)
 ( 0.20689398883314036     ,  2.0716646800555175E-003) (  2.0493747870671056E-008,  2.0528920179827377E-010) (  2.0493747855869619E-008,  2.0528920178839307E-010) (-0.20694977784679791     , -2.0730595469608598E-003)
   10.901409999999998        1.2500000000000000     
 ( 0.24236623560481937     ,  2.1424097994172707E-003) ( 0.24242983570963286     ,  2.1438793848963370E-003)
 ( 0.20950545609373478     ,  2.1261389394853086E-003) (  2.0752432065534908E-008,  2.1068765620768413E-010) (  2.0752432050106073E-008,  2.1068765620297049E-010) (-0.20956200163788008     , -2.1275743015308816E-003)
   10.951404999999999        1.2500000000000000     
 ( 0.24574257863574447     ,  2.1986180635045747E-003) ( 0.24580710565010677     ,  2.2001306426454007E-003)
 ( 0.21213507555980710     ,  2.1817649281948661E-003) (  2.1012914517433750E-008,  2.1620026294664299E-010) (  2.1012914501384315E-008,  2.1620026294181288E-010) (-0.21219238396418041     , -2.1832417846727476E-003)
   11.001399999999999        1.2500000000000000     
 ( 0.24915036472882110     ,  2.2560159975220889E-003) ( 0.24921582835917439     ,  2.2575726396721891E-003)
 ( 0.21478281130108309     ,  2.2385605293626524E-003) (  2.1275191686109222E-008,  2.2182879401881850E-010) (  2.1275191669393504E-008,  2.2182879401716603E-010) (-0.21484088906626156     , -2.2400798901371834E-003)
   11.051394999999999        1.2500000000000000     
 ( 0.25258972958687204     ,  2.3146223069009839E-003) ( 0.25265613923601821     ,  2.3162241071999117E-003)
 ( 0.21744863045620066     ,  2.2965437992014223E-003) (  2.1539260320446602E-008,  2.2757503987571904E-010) (  2.1539260302190901E-008,  2.2757503987059182E-010) (-0.21750748411958457     , -2.2981066978349550E-003)
   11.101389999999999        1.2500000000000000     
 ( 0.25606085733933387     ,  2.3744560788986754E-003) ( 0.25612822292811976     ,  2.3761041618633343E-003)
 ( 0.22013253875719810     ,  2.3557331516235042E-003) (  2.1805120995052124E-008,  2.3344082672395103E-010) (  2.1805120976327756E-008,  2.3344082671862921E-010) (-0.22019217490267057     , -2.3573406488314975E-003)
   11.151384999999999        1.2500000000000000     
 ( 0.25956388356572407     ,  2.4355360980745115E-003) ( 0.25963221525199437     ,  2.4372316005876731E-003)
 ( 0.22283450368242447     ,  2.4161466853812007E-003) (  2.2072770535066323E-008,  2.3942794788963472E-010) (  2.2072770516244414E-008,  2.3942794788412968E-010) (-0.22289492928919100     , -2.4177998521866810E-003)
   11.201379999999999        1.2500000000000000     
 ( 0.26309892805777052     ,  2.4978816893185705E-003) ( 0.26316823493764629     ,  2.4996257741789455E-003)
 ( 0.22555446664574855     ,  2.4778030141903379E-003) (  2.2342203035086488E-008,  2.4553824901812976E-010) (  2.2342203015539499E-008,  2.4553824900742320E-010) (-0.22561568776693935     , -2.4795029451219084E-003)
   11.251374999999999        1.2500000000000000     
 ( 0.26666617435651235     ,  2.5615123871951151E-003) ( 0.26673646687360431     ,  2.5633062462161252E-003)
 ( 0.22829243380537670     ,  2.5407209431409505E-003) (  2.2613419209377833E-008,  2.5177359499447680E-010) (  2.2613419188398100E-008,  2.5177359498861002E-010) (-0.22835445740932775     , -2.5424687592413365E-003)
   11.301369999999999        1.2500000000000000     
 ( 0.27026574230804523     ,  2.6264477614782230E-003) ( 0.27033703017355754     ,  2.6282926053764533E-003)
 ( 0.23104834663071039     ,  2.6049192929179133E-003) (  2.2886413219133462E-008,  2.5813585129546821E-010) (  2.2886413197964676E-008,  2.5813585128940058E-010) (-0.23111117931371983     , -2.6067161321040419E-003)
   11.351364999999999        1.2500000000000000     
 ( 0.27389779650628227     ,  2.6927077682053885E-003) ( 0.27397008997489658     ,  2.6946048369054219E-003)
 ( 0.23382218882103464     ,  2.6704172465160810E-003) (  2.3161183459646022E-008,  2.6462692022954937E-010) (  2.3161183437687610E-008,  2.6462692022244414E-010) (-0.23388583725437448     , -2.6722642730903053E-003)
   11.401359999999999        1.2500000000000000     
 ( 0.27756250113422293     ,  2.7603118772269661E-003) ( 0.27763581017140354     ,  2.7622624294471512E-003)
 ( 0.23661394646667655     ,  2.7372334778027613E-003) (  2.3437728553927837E-008,  2.7124865268206748E-010) (  2.3437728531091773E-008,  2.7124865268230654E-010) (-0.23667841728498748     , -2.7391318724635022E-003)
   11.451355000000000        1.2500000000000000     
 ( 0.28125997702461236     ,  2.8292807963119179E-003) ( 0.28133431197168751     ,  2.8312861230963414E-003)
 ( 0.23942355887535663     ,  2.8053878787924966E-003) (  2.3716042520211881E-008,  2.7800302149375313E-010) (  2.3716042495824601E-008,  2.7800302148626611E-010) (-0.23948885896009767     , -2.8073388517535222E-003)
   11.501349999999999        1.2500000000000000     
 ( 0.28499037282491074     ,  2.8996344200938207E-003) ( 0.28506574344973740     ,  2.9016958312484357E-003)
 ( 0.24225098553975444     ,  2.8748995052375417E-003) (  2.3996121277518157E-008,  2.8489191535377309E-010) (  2.3996121251297630E-008,  2.8489191534608119E-010) (-0.24231712118093970     , -2.8769042828769042E-003)
   11.551345000000000        1.2500000000000000     
 ( 0.28875384963941625     ,  2.9713933635479198E-003) ( 0.28883026686808783     ,  2.9735121979742795E-003)
 ( 0.24509621302541015     ,  2.9457881087396548E-003) (  2.4277963622508573E-008,  2.9191729286222813E-010) (  2.4277963596249883E-008,  2.9191729284932902E-010) (-0.24516319169295953     , -2.9478479436581338E-003)
   11.601339999999999        1.2500000000000000     
 ( 0.29255056122669915     ,  3.0445784442299862E-003) ( 0.29262803513355418     ,  3.0467560727238936E-003)
 ( 0.24795919766345562     ,  3.0180736184059376E-003) (  2.4561565116609278E-008,  2.9908113047800191E-010) (  2.4561565088477801E-008,  2.9908113047069486E-010) (-0.24802702564139187     , -3.0201897924296253E-003)
   11.651335000000000        1.2500000000000000     
 ( 0.29638065168790745     ,  3.1192100286741098E-003) ( 0.29645919301351265     ,  3.1214478342010995E-003)
 ( 0.25083990034025749     ,  3.0917754857495519E-003) (  2.4846921960781454E-008,  3.0638535540157220E-010) (  2.4846921933162029E-008,  3.0638535539321158E-010) (-0.25090858472319405     , -3.0939492896188870E-003)
   11.701330000000000        1.2500000000000000     
 ( 0.30024424676213335     ,  3.1953098626949510E-003) ( 0.30032386559209717     ,  3.1976092769521723E-003)
 ( 0.25373826148057960     ,  3.1669145193857222E-003) (  2.5134028209063075E-008,  3.1383203284464863E-010) (  2.5134028180353016E-008,  3.1383203283685695E-010) (-0.25380780885061843     , -3.1691472897209267E-003)
   11.751324999999998        1.2500000000000000     
 ( 0.30414152039596432     ,  3.2728983914597862E-003) ( 0.30422222726236908     ,  3.2752608516912461E-003)
 ( 0.25665425823355753     ,  3.2435102039515855E-003) (  2.5422881612213399E-008,  3.2142309260213110E-010) (  2.5422881581824345E-008,  3.2142309259406883E-010) (-0.25672467529949550     , -3.2458032796247676E-003)
   11.801319999999999        1.2500000000000000     
 ( 0.30807259711603469     ,  3.3519977930108330E-003) ( 0.30815440289238188     ,  3.3544247815940507E-003)
 ( 0.25958783007492686     ,  3.3215837239341508E-003) (  2.5713476214363528E-008,  3.2916063675730025E-010) (  2.5713476183433491E-008,  3.2916063674907818E-010) (-0.25965912383064471     , -3.3239384858925140E-003)
   11.851314999999998        1.2500000000000000     
 ( 0.31203765288323604     ,  3.4326285849875446E-003) ( 0.31212056822530782     ,  3.4351215997084437E-003)
 ( 0.26253895494189688     ,  3.4011545817290603E-003) (  2.6005809805892087E-008,  3.3704659782070106E-010) (  2.6005809773731292E-008,  3.3704659781222421E-010) (-0.26261113226581984     , -3.4035724228524840E-003)
   11.901309999999999        1.2500000000000000     
 ( 0.31603681581219872     ,  3.5148133775693220E-003) ( 0.31612085127239820     ,  3.5173739581812430E-003)
 ( 0.26550757205218267     ,  3.4822443371886037E-003) (  2.6299876362233402E-008,  3.4508311471500803E-010) (  2.6299876328933619E-008,  3.4508311470145840E-010) (-0.26558063965736756     , -3.4847266890757670E-003)
   11.951304999999998        1.2500000000000000     
 ( 0.32007024052106198     ,  3.5985734578877116E-003) ( 0.32015540707907081     ,  3.6012031658893724E-003)
 ( 0.26849363482137101     ,  3.5648732043940400E-003) (  2.6595671283355900E-008,  3.5327219104727145E-010) (  2.6595671249659067E-008,  3.5327219103827669E-010) (-0.26856759959344334     , -3.5674215168313263E-003)
   12.001299999999999        1.2500000000000000     
 ( 0.32413808022306317     ,  3.6839311875220483E-003) ( 0.32422438853918284     ,  3.6866316130484645E-003)
 ( 0.27149710181712672     ,  3.6490624454052606E-003) (  2.6893190469773451E-008,  3.6161593491489395E-010) (  2.6893190433060899E-008,  3.6161593490573804E-010) (-0.27157197063704314     , -3.6516781932088012E-003)
   12.051294999999998        1.2500000000000000     
 ( 0.32824046679099539     ,  3.7709089560833855E-003) ( 0.32832792809451455     ,  3.7736817316354173E-003)
 ( 0.27451790682604782     ,  3.7348333145054849E-003) (  2.7192427371982139E-008,  3.7011645494784439E-010) (  2.7192427334772498E-008,  3.7011645493831123E-010) (-0.27459368661147615     , -3.7375180110854455E-003)
   12.101289999999999        1.2500000000000000     
 ( 0.33237757738815815     ,  3.8595285364810741E-003) ( 0.33246620298802154     ,  3.8623753020559704E-003)
 ( 0.27755602934764434     ,  3.8222064201356696E-003) (  2.7493380007424223E-008,  3.7877579243492434E-010) (  2.7493379968877315E-008,  3.7877579242519059E-010) (-0.27763272751203649     , -3.8249615828190365E-003)
   12.151284999999998        1.2500000000000000     
 ( 0.33654952572557567     ,  3.9498130979932983E-003) ( 0.33663932645871963     ,  3.9527355496770337E-003)
 ( 0.28061137918735002     ,  3.9112037378512743E-003) (  2.7796039369574215E-008,  3.8759612876078952E-010) (  2.7796039329628194E-008,  3.8759612874079491E-010) (-0.28068900240309780     , -3.9140309357481593E-003)
   12.201279999999999        1.2500000000000000     
 ( 0.34075646776099300     ,  4.0417851675517676E-003) ( 0.34084745485634282     ,  4.0447850229010807E-003)
 ( 0.28368391220801381     ,  4.0018465673625717E-003) (  2.8100401122792632E-008,  3.9657957500496992E-010) (  2.8100401079889384E-008,  3.9657957499305019E-010) (-0.28376246741362970     , -4.0047473875989724E-003)
   12.251274999999998        1.2500000000000000     
 ( 0.34499856198908901     ,  4.1354676922269141E-003) ( 0.34509074653681249     ,  4.1385466972437626E-003)
 ( 0.28677358468096753     ,  4.0941565958854727E-003) (  2.8406460914188777E-008,  4.0572828129642362E-010) (  2.8406460871261048E-008,  4.0572828128942263E-010) (-0.28685307861644982     , -4.0971326493920227E-003)
   12.301269999999999        1.2500000000000000     
 ( 0.34927594698611653     ,  4.2308836270719555E-003) ( 0.34936934023116317     ,  4.2340435627603373E-003)
 ( 0.28988032517655243     ,  4.1881554880433616E-003) (  2.8714211705375765E-008,  4.1504439614667264E-010) (  2.8714211661778238E-008,  4.1504439614761925E-010) (-0.28996076500900636     , -4.1912084167032041E-003)
   12.351264999999998        1.2500000000000000     
 ( 0.35358875971276316     ,  4.3280563378095965E-003) ( 0.35368337298027813     ,  4.3312990205948750E-003)
 ( 0.29300406793305384     ,  4.2838652838381027E-003) (  2.9023646963255230E-008,  4.2453010532037975E-010) (  2.9023646917177253E-008,  4.2453010530768253E-010) (-0.29308546042798211     , -4.2869967608520276E-003)
   12.401259999999999        1.2500000000000000     
 ( 0.35793718112519546     ,  4.4270095848658979E-003) ( 0.35803302596025049     ,  4.4303368658306927E-003)
 ( 0.29614478915334291     ,  4.3813083769792200E-003) (  2.9334764360675412E-008,  4.3418762945683306E-010) (  2.9334764312299524E-008,  4.3418762945712154E-010) (-0.29622714149383789     , -4.3845201055166547E-003)
   12.451254999999998        1.2500000000000000     
 ( 0.36232133123109361     ,  4.5277661343027138E-003) ( 0.36241841945945980     ,  4.5311798931996876E-003)
 ( 0.29930239593021973     ,  4.4805061393571287E-003) (  2.9647554725769158E-008,  4.4401908745894698E-010) (  2.9647554674611796E-008,  4.4401908743744147E-010) (-0.29938571552112730     , -4.4837998464972578E-003)
   12.501249999999999        1.2500000000000000     
 ( 0.36674137398862250     ,  4.6303505198103086E-003) ( 0.36683971689061212     ,  4.6338526781743812E-003)
 ( 0.30247683920530821     ,  4.5814816748278135E-003) (  2.9962013144376529E-008,  4.5402677099495116E-010) (  2.9962013092522701E-008,  4.5402677098310164E-010) (-0.30256113289937808     , -4.5848591251669967E-003)
   12.551245000000000        1.2500000000000000     
 ( 0.37119742606686312     ,  4.7347859546269340E-003) ( 0.37129703532814501     ,  4.7383784624030079E-003)
 ( 0.30566803006424559     ,  4.6842567249989449E-003) (  3.0278130828847656E-008,  4.6421283552562753E-010) (  3.0278130775791458E-008,  4.6421283551338236E-010) (-0.30575330479324930     , -4.6877197064066328E-003)
   12.601239999999999        1.2500000000000000     
 ( 0.37568967474896381     ,  4.8410970931548154E-003) ( 0.37579056184577353     ,  4.8447819418246003E-003)
 ( 0.30887594208756747     ,  4.7888544293955291E-003) (  3.0595905150071968E-008,  4.7457957622700332E-010) (  3.0595905096012737E-008,  4.7457957622811929E-010) (-0.30896220479697528     , -4.7924047665239633E-003)
   12.651235000000000        1.2500000000000000     
 ( 0.38021824327036646     ,  4.9493082674425927E-003) ( 0.38032042062349170     ,  4.9530874832890096E-003)
 ( 0.31210047847185474     ,  4.8952975788722694E-003) (  3.0915326584762735E-008,  4.8512925308119642E-010) (  3.0915326526663078E-008,  4.8512925306671631E-010) (-0.31218773655277732     , -4.8989371259432445E-003)
   12.701229999999999        1.2500000000000000     
 ( 0.38478327266017631     ,  5.0594431912329586E-003) ( 0.38488675185242699     ,  5.0633188296033815E-003)
 ( 0.31534157272356339     ,  5.0036083016535690E-003) (  3.1236388500166934E-008,  4.9586405983415791E-010) (  3.1236388440117367E-008,  4.9586405981949665E-010) (-0.31542983315236667     , -5.0073389367681622E-003)
   12.751225000000000        1.2500000000000000     
 ( 0.38938491005077230     ,  5.1715269938605139E-003) ( 0.38948970215264517     ,  5.1755011584583991E-003)
 ( 0.31859915084734486     ,  5.1138100963321088E-003) (  3.1559083520912532E-008,  5.0678632786546907E-010) (  3.1559083458790269E-008,  5.0678632786551208E-010) (-0.31868842013480292     , -5.1176337406447303E-003)
   12.801219999999999        1.2500000000000000     
 ( 0.39402332426570624     ,  5.2855845260727941E-003) ( 0.39412944207384204     ,  5.2896593550297369E-003)
 ( 0.32187316076052269     ,  5.2259261477177457E-003) (  3.1883406618791415E-008,  5.1789835611588914E-010) (  3.1883406555746726E-008,  5.1789835610229432E-010) (-0.32196344672212662     , -5.2298447512652019E-003)
   12.851215000000000        1.2500000000000000     
 ( 0.39869865889690592     ,  5.4016403448971136E-003) ( 0.39880611468404187     ,  5.4058180114142191E-003)
 ( 0.32516353381038759     ,  5.3399793002391728E-003) (  3.2209350944620268E-008,  5.2920240986946395E-010) (  3.2209350879477995E-008,  5.2920240985563462E-010) (-0.32525484358289031     , -5.3439948428706989E-003)
   12.901209999999999        1.2500000000000000     
 ( 0.40341104297025365     ,  5.5197194080150221E-003) ( 0.40351984879331881     ,  5.5240021208779761E-003)
 ( 0.32847017153148128     ,  5.4559927565343931E-003) (  3.2536906743503821E-008,  5.4070078982577778E-010) (  3.2536906674856572E-008,  5.4070078981156578E-010) (-0.32856251229436945     , -5.4601072473500307E-003)
   12.951205000000000        1.2500000000000000     
 ( 0.40816062675614917     ,  5.6398473912635042E-003) ( 0.40827079422150619     ,  5.6442374074835216E-003)
 ( 0.33179299994999251     ,  5.5739904067261172E-003) (  3.2866066606995522E-008,  5.5239586612242584E-010) (  3.2866066537394626E-008,  5.5239586612115105E-010) (-0.33188637811356364     , -5.5782058974726476E-003)
   13.001199999999999        1.2500000000000000     
 ( 0.41294755386978937     ,  5.7620493645514402E-003) ( 0.41305909556098069     ,  5.7665489830982519E-003)
 ( 0.33513194949162817     ,  5.6939954631687337E-003) (  3.3196823792710285E-008,  5.6428994110624960E-010) (  3.3196823721499444E-008,  5.6428994109107394E-010) (-0.33522637277609857     , -5.6983140412071977E-003)
   13.051195000000000        1.2500000000000000     
 ( 0.41777198044045988     ,  5.8863511451463001E-003) ( 0.41788490860113364     ,  5.8909626931092371E-003)
 ( 0.33848694074600910     ,  5.8160318684509797E-003) (  3.3529170346916356E-008,  5.7638538804803641E-010) (  3.3529170272396846E-008,  5.7638538803305906E-010) (-0.33858241604288630     , -5.8204556434037777E-003)
   13.101189999999999        1.2500000000000000     
 ( 0.42263405494984746     ,  6.0127778964067426E-003) ( 0.42274838250055924     ,  6.0175037493049718E-003)
 ( 0.34185790064182731     ,  5.9401228364780742E-003) (  3.3863099105974958E-008,  5.8868451008825853E-010) (  3.3863099028952796E-008,  5.8868451007279893E-010) (-0.34195443557671268     , -5.9446539600343162E-003)
   13.151185000000000        1.2500000000000000     
 ( 0.42753390938906644     ,  6.1413562290793906E-003) ( 0.42764964810579820     ,  6.1461988049820015E-003)
 ( 0.34524473279928047     ,  6.0662930107733375E-003) (  3.4198600446007619E-008,  6.0118975126055149E-010) (  3.4198600366401021E-008,  6.0118975124437452E-010) (-0.34534233416380555     , -6.0709336703425234E-003)
   13.201179999999999        1.2500000000000000     
 ( 0.43247171805821416     ,  6.2721110862282940E-003) ( 0.43258888124653444     ,  6.2770728373989695E-003)
 ( 0.34864738195386452     ,  6.1945652929832765E-003) (  3.4535668977053807E-008,  6.1390338240348275E-010) (  3.4535668894752645E-008,  6.1390338236422745E-010) (-0.34874605726929492     , -6.1993177036366413E-003)
   13.251175000000000        1.2500000000000000     
 ( 0.43744761307919644     ,  6.4050698894640686E-003) ( 0.43756621321565703     ,  6.4101533171853483E-003)
 ( 0.35206575053318889     ,  6.3249650359841281E-003) (  3.4874294993533290E-008,  6.2682791843578981E-010) (  3.4874294907568598E-008,  6.2682791841327106E-010) (-0.35216550699871824     , -6.3298314552326660E-003)
   13.301169999999999        1.2500000000000000     
 ( 0.44246170454520733     ,  6.5402576890738898E-003) ( 0.44258175438452257     ,  6.5454653367335129E-003)
 ( 0.35549971790469437     ,  6.4575151481766077E-003) (  3.5214466580900075E-008,  6.3996563153383334E-010) (  3.5214466490070264E-008,  6.3996563151707435E-010) (-0.35560056297288928     , -6.4624978681828956E-003)
   13.351165000000000        1.2500000000000000     
 ( 0.44751414915826454     ,  6.6777023508312371E-003) ( 0.44763566063825816     ,  6.6830368239201715E-003)
 ( 0.35894920890653670     ,  6.5922413124243602E-003) (  3.5556176184691055E-008,  6.5331907059339866E-010) (  3.5556176092098363E-008,  6.5331907057662344E-010) (-0.35905114887299400     , -6.5973426801189351E-003)
   13.401159999999999        1.2500000000000000     
 ( 0.45260514767453952     ,  6.8174290851808171E-003) ( 0.45272813434270032     ,  6.8228929970056782E-003)
 ( 0.36241418659509717     ,  6.7291665039131013E-003) (  3.5899420297326548E-008,  6.6689051104673178E-010) (  3.5899420202236327E-008,  6.6689051102956778E-010) (-0.36251722921754487     , -6.7343888672773090E-003)
   13.451155000000000        1.2500000000000000     
 ( 0.45773481353610918     ,  6.9594651839029152E-003) ( 0.45785928794933300     ,  6.9650612103272069E-003)
 ( 0.36589453273008415     ,  6.8683157310020122E-003) (  3.6244187115493565E-008,  6.8068243500021927E-010) (  3.6244187018680670E-008,  6.8068243496296347E-010) (-0.36599868482078901     , -6.8736614925415732E-003)
   13.501149999999999        1.2500000000000000     
 ( 0.46290326318797076     ,  7.1038380296784684E-003) ( 0.46302923839709709     ,  7.1095688955441468E-003)
 ( 0.36939011912267167     ,  7.0097140336546227E-003) (  3.6590464019077830E-008,  6.9469732636236044E-010) (  3.6590463917273284E-008,  6.9469732632458796E-010) (-0.36949538829201911     , -7.0151856375531355E-003)
   13.551145000000000        1.2500000000000000     
 ( 0.46811069595519617     ,  7.2505743362304151E-003) ( 0.46823818611865659     ,  7.2564428148097077E-003)
 ( 0.37290091609014314     ,  7.1533857193138021E-003) (  3.6938248117164611E-008,  7.0893759638205086E-010) (  3.6938248012107511E-008,  7.0893759634059846E-010) (-0.37300731039897050     , -7.1589856499370613E-003)
   13.601139999999999        1.2500000000000000     
 ( 0.47335719155062461     ,  7.3997009525675244E-003) ( 0.47348620785398310     ,  7.4057098529005973E-003)
 ( 0.37642675263560027     ,  7.2993551799014371E-003) (  3.7287522228622209E-008,  7.2340566348737339E-010) (  3.7287522122016720E-008,  7.2340566344598034E-010) (-0.37653427763598207     , -7.3050859490926580E-003)
   13.651135000000000        1.2500000000000000     
 ( 0.47864294681966585     ,  7.5512453968663356E-003) ( 0.47877350397014506     ,  7.5573975900013850E-003)
 ( 0.37996759544565700     ,  7.4476474204492266E-003) (  3.7638283359968585E-008,  7.3810400936631217E-010) (  3.7638283246876776E-008,  7.3810400934786326E-010) (-0.38007625964220965     , -7.4535115944143289E-003)
   13.701129999999999        1.2500000000000000     
 ( 0.48396808303596622     ,  7.7052353374805335E-003) ( 0.48410019363237289     ,  7.7115337168735081E-003)
 ( 0.38352332182604809     ,  7.5982875467629739E-003) (  3.7990519197540353E-008,  7.5303512176602450E-010) (  3.7990519082605149E-008,  7.5303512172396278E-010) (-0.38363313222160644     , -7.6042877048590196E-003)
   13.751125000000000        1.2500000000000000     
 ( 0.48933276705949891     ,  7.8616990968372619E-003) ( 0.48946644477226087     ,  7.8681466587280768E-003)
 ( 0.38709384506742528     ,  7.7513012274755362E-003) (  3.8344221191031675E-008,  7.6820155203398550E-010) (  3.8344221072465551E-008,  7.6820155201131300E-010) (-0.38720480891253350     , -7.7574400435238755E-003)
   13.801119999999999        1.2500000000000000     
 ( 0.49473711461353259     ,  8.0206631136821929E-003) ( 0.49487237214258861     ,  8.0272628357951781E-003)
 ( 0.39067904582362117     ,  7.9067122201368148E-003) (  3.8699377426680908E-008,  7.8360565041025326E-010) (  3.8699377303829811E-008,  7.8360565037148961E-010) (-0.39079116936410924     , -7.9129923405908808E-003)
   13.851115000000000        1.2500000000000000     
 ( 0.50018128912290072     ,  8.1821558690803424E-003) ( 0.50031814045923939     ,  8.1889108187744863E-003)
 ( 0.39427884215277686     ,  8.0645462301218752E-003) (  3.9055979967922872E-008,  7.9924997052420801E-010) (  3.9055979841257836E-008,  7.9924997050485353E-010) (-0.39439213342878127     , -8.0709703820949601E-003)
   13.901109999999999        1.2500000000000000     
 ( 0.50566545779555871     ,  8.3462052553110663E-003) ( 0.50580391690742910     ,  8.3531185361848531E-003)
 ( 0.39789315190518731     ,  8.2248283554136655E-003) (  3.9414020655549236E-008,  8.1513700071614311E-010) (  3.9414020524975454E-008,  8.1513700066984312E-010) (-0.39800761875457863     , -8.2313992923559610E-003)
   13.951105000000000        1.2500000000000000     
 ( 0.51118970395605401     ,  8.5128399237271533E-003) ( 0.51132978407062246     ,  8.5199147016231762E-003)
 ( 0.40152179831459239     ,  8.3875843306746543E-003) (  3.9773481861894795E-008,  8.3126929481685676E-010) (  3.9773481727668336E-008,  8.3126929477760704E-010) (-0.40163744727307471     , -8.3943048593828357E-003)
   14.001100000000001        1.2500000000000000     
 ( 0.51675423337211290     ,  8.6820878927818500E-003) ( 0.51689594811814865     ,  8.6893273699807962E-003)
 ( 0.40516475042322553     ,  8.5528392425662410E-003) (  4.0134360609035346E-008,  8.4764933996291193E-010) (  4.0134360468961614E-008,  8.4764933994320797E-010) (-0.40528158901856826     , -8.5597121962815489E-003)
   14.051095000000000        1.2500000000000000     
 ( 0.52235912444095745     ,  8.8539772591004588E-003) ( 0.52250248765000229     ,  8.8613847135609689E-003)
 ( 0.40882183682620266     ,  8.7206181542084614E-003) (  4.0496639898311021E-008,  8.6427962485006454E-010) (  4.0496639755156206E-008,  8.6427962483014614E-010) (-0.40893987210915572     , -8.7276464317791163E-003)
   14.101089999999997        1.2500000000000000     
 ( 0.52800459808067823     ,  9.0285375843036676E-003) ( 0.52814962410212207     ,  9.0361163310191915E-003)
 ( 0.41249301072274996     ,  8.8909475464166027E-003) (  4.0860315169449405E-008,  8.8116277467731368E-010) (  4.0860315024202386E-008,  8.8116277465044965E-010) (-0.41261225061192280     , -8.8981340735038786E-003)
   14.151084999999997        1.2500000000000000     
 ( 0.53369073181928850     ,  9.2057964019477724E-003) ( 0.53383743424121399     ,  9.2135498040825988E-003)
 ( 0.41617810505030672     ,  9.0638517784084518E-003) (  4.1225369771134092E-008,  8.9830120569067801E-010) (  4.1225369619463307E-008,  8.9830120562347961E-010) (-0.41629855623979706     , -9.0711995184631425E-003)
   14.201079999999997        1.2500000000000000     
 ( 0.53941774137355658     ,  9.3857834083821944E-003) ( 0.53956613436496359     ,  9.3937148941955866E-003)
 ( 0.41987707850262707     ,  9.2393573217673785E-003) (  4.1591799677854863E-008,  9.1569754486001630E-010) (  4.1591799521120939E-008,  9.1569754485887448E-010) (-0.41999874850006436     , -9.2468692926342012E-003)
   14.251074999999998        1.2500000000000000     
 ( 0.54518566512168909     ,  9.5685269795603364E-003) ( 0.54533576174388720     ,  9.5766400249469412E-003)
 ( 0.42358971509764054     ,  9.4174892498473106E-003) (  4.1959583426799510E-008,  9.3335427915107811E-010) (  4.1959583265374810E-008,  9.3335427913048731E-010) (-0.42371261050139936     , -9.4251685063341684E-003)
   14.301069999999998        1.2500000000000000     
 ( 0.55099476248345203     ,  9.7540562504596761E-003) ( 0.55114657856131366     ,  9.7623543970305204E-003)
 ( 0.42731601759379978     ,  9.5982733322254304E-003) (  4.2328721502018218E-008,  9.5127396600967873E-010) (  4.2328721332666448E-008,  9.5127396598905401E-010) (-0.42744014707910583     , -9.6061229829706284E-003)
   14.351064999999998        1.2500000000000000     
 ( 0.55684508072892680     ,  9.9424011437843664E-003) ( 0.55699862843496251     ,  9.9508879813287703E-003)
 ( 0.43105576736300838     ,  9.7817360160319059E-003) (  4.2699191895995226E-008,  9.6945922841146887E-010) (  4.2699191726342037E-008,  9.6945922839055030E-010) (-0.43118113619703125     , -9.7897592074061152E-003)
   14.401059999999998        1.2500000000000000     
 ( 0.56273683408756781     ,  1.0133590249968061E-002) ( 0.56289212976265712     ,  1.0142269432429801E-002)
 ( 0.43480891881153749     ,  9.9679023672002692E-003) (  4.3070990515215022E-008,  9.8791255397986055E-010) (  4.3070990340333529E-008,  9.8791255397848515E-010) (-0.43493553621788994     , -9.9761022971633431E-003)
   14.451054999999998        1.2500000000000000     
 ( 0.56867015699703616     ,  1.0327653657824966E-002) ( 0.56882721432952277     ,  1.0336528891022777E-002)
 ( 0.43857534313406377     ,  1.0156798863235750E-002) (  4.3444104323760022E-008,  1.0066365689881761E-009) (  4.3444104140266381E-008,  1.0066365689279820E-009) (-0.43870321568066289     , -1.0165178769731839E-002)
   14.501049999999998        1.2500000000000000     
 ( 0.57464513407088191     ,  1.0524620771378267E-002) ( 0.57480396665572764     ,  1.0533695836138484E-002)
 ( 0.44235486935996904     ,  1.0348451233628911E-002) (  4.3818516378075473E-008,  1.0256338278683436E-009) (  4.3818516189437411E-008,  1.0256338278474997E-009) (-0.44248400328844117     , -1.0357014418235385E-002)
   14.551044999999998        1.2500000000000000     
 ( 0.58066194176123387     ,  1.0724520461223018E-002) ( 0.58082256440626245     ,  1.0733799149445089E-002)
 ( 0.44614740702193928     ,  1.0542884573217970E-002) (  4.4194217888116962E-008,  1.0449068158852305E-009) (  4.4194217692538312E-008,  1.0449068158645337E-009) (-0.44627781059902077     , -1.0551634335545129E-002)
   14.601039999999998        1.2500000000000000     
 ( 0.58672076409421281     ,  1.0927382995613790E-002) ( 0.58688319218530283     ,  1.0936869204007339E-002)
 ( 0.44995286349460645     ,  1.0740125281337942E-002) (  4.4571199618615726E-008,  1.0644581566871039E-009) (  4.4571199419067456E-008,  1.0644581566471205E-009) (-0.45008454393931491     , -1.0749065013021725E-002)
   14.651034999999998        1.2500000000000000     
 ( 0.59282169031988241     ,  1.1133239424275089E-002) ( 0.59298593783984987     ,  1.1142937113573104E-002)
 ( 0.45377106532354161     ,  1.0940200506676788E-002) (  4.4949444344471971E-008,  1.0842905440556962E-009) (  4.4949444135625516E-008,  1.0842905440549135E-009) (-0.45390402954521269     , -1.0949333650271386E-002)
   14.701029999999998        1.2500000000000000     
 ( 0.59896489194666369     ,  1.1342118142786968E-002) ( 0.59913097451985475     ,  1.1352031310349932E-002)
 ( 0.45760192837127883     ,  1.1143134583416163E-002) (  4.5328943868375769E-008,  1.1044063905717602E-009) (  4.5328943656055857E-008,  1.1044063905440007E-009) (-0.45773618453014003     , -1.1152464606182005E-002)
   14.751024999999998        1.2500000000000000     
 ( 0.60515047186759341     ,  1.1554049692408530E-002) ( 0.60531840333471598     ,  1.1564182388930509E-002)
 ( 0.46144526995064267     ,  1.1348953980167985E-002) (  4.5709679898222990E-008,  1.1248083213457049E-009) (  4.5709679679525072E-008,  1.1248083212855391E-009) (-0.46158082429557562     , -1.1358484386596533E-002)
   14.801019999999998        1.2500000000000000     
 ( 0.61137860350032824     ,  1.1769065336129009E-002) ( 0.61154839836278019     ,  1.1779421715049757E-002)
 ( 0.46530100428122045     ,  1.1557685738553763E-002) (  4.6091644024278670E-008,  1.1454990235622686E-009) (  4.6091643799175442E-008,  1.1454990234949597E-009) (-0.46543786390784236     , -1.1567420123668152E-002)
   14.851014999999999        1.2500000000000000     
 ( 0.61764947329431363     ,  1.1987194402389724E-002) ( 0.61782114797465248     ,  1.1997778656808920E-002)
 ( 0.46916903877000582     ,  1.1769354905977384E-002) (  4.6474827219013437E-008,  1.1664809803301494E-009) (  4.6474826990027006E-008,  1.1664809803102822E-009) (-0.46930721191536356     , -1.1779296889974622E-002)
   14.901009999999998        1.2500000000000000     
 ( 0.62396314197460656     ,  1.2208467663499986E-002) ( 0.62413671081574096     ,  1.2219284050839860E-002)
 ( 0.47304914114146462     ,  1.1983987879121770E-002) (  4.6859206300892171E-008,  1.1877568110397566E-009) (  4.6859206066182677E-008,  1.1877568109810109E-009) (-0.47318863446953402     , -1.1994141131639605E-002)
   14.951004999999999        1.2500000000000000     
 ( 0.63031977056331534     ,  1.2432915967421578E-002) ( 0.63049524792406231     ,  1.2443968810201414E-002)
 ( 0.47694124361136553     ,  1.2201611045720571E-002) (  4.7244774532341352E-008,  1.2093291341314655E-009) (  4.7244774292460629E-008,  1.2093291340587946E-009) (-0.47708206336490694     , -1.2211979287264738E-002)
   15.000999999999998        1.2500000000000000     
 ( 0.63671956282307240     ,  1.2660569591748019E-002) ( 0.63689696520568184     ,  1.2671863277319458E-002)
 ( 0.48084523333307988     ,  1.2422250083281761E-002) (  4.7631521008320288E-008,  1.2312004976820553E-009) (  4.7631520758838512E-008,  1.2312004976633136E-009) (-0.48098738855845957     , -1.2432837084374917E-002)
   15.050994999999999        1.2500000000000000     
 ( 0.64316256964303153     ,  1.2891458861891900E-002) ( 0.64334191118090389     ,  1.2902997830656819E-002)
 ( 0.48476089351717189     ,  1.2645930712062440E-002) (  4.8019423965006393E-008,  1.2533734528310046E-009) (  4.8019423707302601E-008,  1.2533734527723767E-009) (-0.48490439018889286     , -1.2656740279950873E-002)
   15.100989999999998        1.2500000000000000     
 ( 0.64964901378954520     ,  1.3125614887396364E-002) ( 0.64983031015965742     ,  1.3137403659276127E-002)
 ( 0.48868818110877099     ,  1.2872679239328491E-002) (  4.8408479288649939E-008,  1.2758506113108692E-009) (  4.8408479024697697E-008,  1.2758506112528173E-009) (-0.48883302673988027     , -1.2883715244964492E-002)
   15.150984999999999        1.2500000000000000     
 ( 0.65617895987962660     ,  1.3363070212841334E-002) ( 0.65636222588655346     ,  1.3375113399764670E-002)
 ( 0.49262686321728161     ,  1.3102523354656255E-002) (  4.8798663817865150E-008,  1.2986347231016513E-009) (  4.8798663545250243E-008,  1.2986347230978634E-009) (-0.49277306421282552     , -1.3113789745790043E-002)
   15.200979999999998        1.2500000000000000     
 ( 0.66275263670821882     ,  1.3603853421527347E-002) ( 0.66293788962009670     ,  1.3616155662207880E-002)
 ( 0.49657689121085458     ,  1.3335486669995431E-002) (  4.9189972966957536E-008,  1.3217281279706798E-009) (  4.9189972682473640E-008,  1.3217281279142809E-009) (-0.49672445640911300     , -1.3346987404453142E-002)
   15.250974999999999        1.2500000000000000     
 ( 0.66937010093041560     ,  1.3847998578574307E-002) ( 0.66955735439736030     ,  1.3860564645023030E-002)
 ( 0.50053804533174251     ,  1.3571598222826775E-002) (  4.9582384635656938E-008,  1.3451337131946748E-009) (  4.9582384350767974E-008,  1.3451337131792559E-009) (-0.50068698005885304     , -1.3583337373624342E-002)
   15.300969999999998        1.2500000000000000     
 ( 0.67603154538259946     ,  1.4095533082926071E-002) ( 0.67622081632941133     ,  1.4108367719425769E-002)
 ( 0.50451022392376776     ,  1.3810880215354246E-002) (  4.9975889076180096E-008,  1.3688536734993759E-009) (  4.9975888775290495E-008,  1.3688536734973605E-009) (-0.50466053666045063     , -1.3822861812277135E-002)
   15.350964999999999        1.2500000000000000     
 ( 0.68273710652909536     ,  1.4346491216865129E-002) ( 0.68292841004459004     ,  1.4359599301673206E-002)
 ( 0.50849330189860487     ,  1.4053361649015200E-002) (  5.0370473707877407E-008,  1.3928908929236126E-009) (  5.0370473403989435E-008,  1.3928908928542074E-009) (-0.50864499937366481     , -1.4065589838587744E-002)
   15.400959999999998        1.2500000000000000     
 ( 0.68948689875850100     ,  1.4600904596505421E-002) ( 0.68968025123580101     ,  1.4614291088129467E-002)
 ( 0.51248708449394054     ,  1.4299068772513640E-002) (  5.0766119302676809E-008,  1.4172479772665498E-009) (  5.0766118985203566E-008,  1.4172479772263353E-009) (-0.51264017349639257     , -1.4311547763225877E-002)
   15.450954999999999        1.2500000000000000     
 ( 0.69628106933970391     ,  1.4858802188671073E-002) ( 0.69647648533102524     ,  1.4872472099557688E-002)
 ( 0.51649143655079932     ,  1.4548025060604564E-002) (  5.1162812419464532E-008,  1.4419272551406630E-009) (  5.1162812098252837E-008,  1.4419272551675530E-009) (-0.51664592383629215     , -1.4560759095525472E-002)
   15.500949999999998        1.2500000000000000     
 ( 0.70311976439436419     ,  1.5120217271637176E-002) ( 0.70331725972630377     ,  1.5134175669261127E-002)
 ( 0.52050621715411061     ,  1.4800258167714785E-002) (  5.1560539126105765E-008,  1.4669314693214625E-009) (  5.1560538795707455E-008,  1.4669314692295151E-009) (-0.52066210941564994     , -1.4813251527085220E-002)
   15.550944999999999        1.2500000000000000     
 ( 0.71000314083615690     ,  1.5385181710255052E-002) ( 0.71020273263168188     ,  1.5399433769537020E-002)
 ( 0.52453128130564119     ,  1.5055794250878239E-002) (  5.1959285239165355E-008,  1.4922632192298109E-009) (  5.1959284901894279E-008,  1.4922632191388825E-009) (-0.52468858727466972     , -1.5069051304936328E-002)
   15.600939999999998        1.2500000000000000     
 ( 0.71693406326672360     ,  1.5653733831215638E-002) ( 0.71713581433130513     ,  1.5668284017790794E-002)
 ( 0.52856428516770193     ,  1.5314660575476030E-002) (  5.2358820289853849E-008,  1.5179251843496004E-009) (  5.2358820362813310E-008,  1.5179251857327756E-009) (-0.52872288847034865     , -1.5328185032891880E-002)
   15.650934999999999        1.2500000000000000     
 ( 0.72390728015123296     ,  1.5925890624300779E-002) ( 0.72411115996570341     ,  1.5940744957196089E-002)
 ( 0.53260940316437266     ,  1.5576878422342268E-002) (  5.2759554075299489E-008,  1.5439195241903418E-009) (  5.2759554150703785E-008,  1.5439195257059400E-009) (-0.53276942954389295     , -1.5590675392803535E-002)
   15.700930000000000        1.2500000000000000     
 ( 0.73092558257503870     ,  1.6201693107932499E-002) ( 0.73113160882536898     ,  1.6216857008457014E-002)
 ( 0.53666434299935906     ,  1.5842477695695256E-002) (  5.3161261446030724E-008,  1.5702491885776052E-009) (  5.3161261520796562E-008,  1.5702491901479511E-009) (-0.53682579971251454     , -1.5856551735055260E-002)
   15.750924999999999        1.2500000000000000     
 ( 0.73798913346906370     ,  1.6481170851504960E-002) ( 0.73819732178025288     ,  1.6496649767417933E-002)
 ( 0.54072895890512429     ,  1.6111481793688712E-002) (  5.3563927936698289E-008,  1.5969164956870017E-009) (  5.3563928013714138E-008,  1.5969164972351052E-009) (-0.54089185319487731     , -1.6125837463220702E-002)
   15.800920000000000        1.2500000000000000     
 ( 0.74509803888971637     ,  1.6764357606145405E-002) ( 0.74530840563391587     ,  1.6780157094381888E-002)
 ( 0.54480306711170012     ,  1.6383918145826744E-002) (  5.3967535296181737E-008,  1.6239241711778749E-009) (  5.3967535378385226E-008,  1.6239241728648130E-009) (-0.54496740516744158     , -1.6398560098367206E-002)
   15.850914999999999        1.2500000000000000     
 ( 0.75225245355471992     ,  1.7051284513901421E-002) ( 0.75246501511452435     ,  1.7067410160737980E-002)
 ( 0.54888652285999939     ,  1.6659811460281559E-002) (  5.4372069302044734E-008,  1.6512746630786214E-009) (  5.4372069383982711E-008,  1.6512746648225336E-009) (-0.54905231245385411     , -1.6674744353003781E-002)
   15.900910000000000        1.2500000000000000     
 ( 0.75945253324053841     ,  1.7341984130590744E-002) ( 0.75966730614804356     ,  1.7358441660585731E-002)
 ( 0.55297919028822939     ,  1.6939187715432454E-002) (  5.4777516317115233E-008,  1.6789705560274515E-009) (  5.4777516403638576E-008,  1.6789705578359614E-009) (-0.55314643695048082     , -1.6954416322525093E-002)
   15.950904999999999        1.2500000000000000     
 ( 0.76669839430380515     ,  1.7636487816737864E-002) ( 0.76691539552906174     ,  1.7653283009675148E-002)
 ( 0.55708087218881264     ,  1.7222071541141571E-002) (  5.5183857072818566E-008,  1.7070142930830758E-009) (  5.5183857159579410E-008,  1.7070142948770211E-009) (-0.55724958411570347     , -1.7237600672026225E-002)
   16.000900000000001        1.2500000000000000     
 ( 0.77399019613424225     ,  1.7934829745301188E-002) ( 0.77420944256297730     ,  1.7951968464229615E-002)
 ( 0.56119143102989610     ,  1.7508490338407470E-002) (  5.5591077754597234E-008,  1.7354085941642123E-009) (  5.5591077846447329E-008,  1.7354085960240493E-009) (-0.56136161448629318     , -1.7524324862046459E-002)
   16.050895000000001        1.2500000000000000     
 ( 0.78132804248124255     ,  1.8237040022428902E-002) ( 0.78154955022059347     ,  1.8254528189507090E-002)
 ( 0.56531067981723293     ,  1.7798467234837904E-002) (  5.5999159897981574E-008,  1.7641557537945688E-009) (  5.5999159990181084E-008,  1.7641557557247844E-009) (-0.56548234174309231     , -1.7814612057069773E-002)
   16.100890000000000        1.2500000000000000     
 ( 0.78871205247393550     ,  1.8543153065440472E-002) ( 0.78893583739480733     ,  1.8560996713202407E-002)
 ( 0.56943843235025560     ,  1.8092029552204309E-002) (  5.6408084914188365E-008,  1.7932584865517909E-009) (  5.6408085008909445E-008,  1.7932584886299544E-009) (-0.56961157782244076     , -1.8108489663288985E-002)
   16.150885000000002        1.2500000000000000     
 ( 0.79614248333584592     ,  1.8853199195520594E-002) ( 0.79636856424196978     ,  1.8871404439757364E-002)
 ( 0.57357462205117449     ,  1.8389200305392345E-002) (  5.6817846570142949E-008,  1.8227190783030519E-009) (  5.6817846670044371E-008,  1.8227190804542397E-009) (-0.57374925984171166     , -1.8405980757220140E-002)
   16.200880000000002        1.2500000000000000     
 ( 0.80361935918841054     ,  1.9167213022137194E-002) ( 0.80384775226456684     ,  1.9185786039345169E-002)
 ( 0.57771897373260872     ,  1.8690006864970698E-002) (  5.7228417309152334E-008,  1.8525402437384342E-009) (  5.7228417411875381E-008,  1.8525402459661851E-009) (-0.57789510980632242     , -1.8707112746240706E-002)
   16.250875000000001        1.2500000000000000     
 ( 0.81114283941486809     ,  1.9485225094284016E-002) ( 0.81137356068402222     ,  1.9504172171684063E-002)
 ( 0.58187134839932142     ,  1.8994472121041640E-002) (  5.7639783402900544E-008,  1.8827242586987707E-009) (  5.7639783508550229E-008,  1.8827242609236702E-009) (-0.58204898854944309     , -1.9011908605220607E-002)
   16.300870000000000        1.2500000000000000     
 ( 0.81871313115138977     ,  1.9807268818580446E-002) ( 0.81894619908443123     ,  1.9826596304575048E-002)
 ( 0.58603163983659656     ,  1.9302621928486204E-002) (  5.8051934561489553E-008,  1.9132736875553815E-009) (  5.8051934670155972E-008,  1.9132736898625032E-009) (-0.58621079249368058     , -1.9320394223830192E-002)
   16.350865000000002        1.2500000000000000     
 ( 0.82633027156270877     ,  2.0133377700042514E-002) ( 0.82656570215415182     ,  2.0153092054477312E-002)
 ( 0.59019956516090721     ,  1.9614481958549441E-002) (  5.8464842433602668E-008,  1.9441910817375875E-009) (  5.8464842542991388E-008,  1.9441910841269897E-009) (-0.59038023541289575     , -1.9632595359379352E-002)
   16.400860000000002        1.2500000000000000     
 ( 0.83399445806131556     ,  2.0463584088994180E-002) ( 0.83423226926566330     ,  2.0483691857626170E-002)
 ( 0.59437503020253035     ,  1.9930076587582765E-002) (  5.8878497915732814E-008,  1.9754788620261311E-009) (  5.8878498028092430E-008,  1.9754788645001638E-009) (-0.59455722497396946     , -1.9948536450373755E-002)
   16.450855000000001        1.2500000000000000     
 ( 0.84170582148983519     ,  2.0797920216285376E-002) ( 0.84194603063853335     ,  2.0818428033318338E-002)
 ( 0.59855784075476270     ,  2.0249429929923426E-002) (  5.9292881729212172E-008,  2.0071394228005838E-009) (  5.9292881844987189E-008,  2.0071394253608869E-009) (-0.59874156675717749     , -2.0268241669697717E-002)
   16.500850000000000        1.2500000000000000     
 ( 0.84946447955743565     ,  2.1136418617134316E-002) ( 0.84970710401242300     ,  2.1157333204009549E-002)
 ( 0.60274779933195877     ,  2.0572566298013198E-002) (  5.9707974332555742E-008,  2.0391751786166583E-009) (  5.9707974450735764E-008,  2.0391751812691143E-009) (-0.60293306321139339     , -2.0591735391466887E-002)
   16.550845000000002        1.2500000000000000     
 ( 0.85727060126423504     ,  2.1479111964211071E-002) ( 0.85751565794127538     ,  2.1500440102738154E-002)
 ( 0.60694476055491331     ,  2.0899509917881191E-002) (  6.0123761184802111E-008,  2.0715885324330518E-009) (  6.0123761307153704E-008,  2.0715885352565150E-009) (-0.60713156739771468     , -2.0919041873960292E-002)
   16.600840000000002        1.2500000000000000     
 ( 0.86512431004509904     ,  2.1826034213437345E-002) ( 0.86537181741107894     ,  2.1847782800870907E-002)
 ( 0.61114853454815010     ,  2.1230286237279614E-002) (  6.0540223768930487E-008,  2.1043820136324439E-009) (  6.0540223896760848E-008,  2.1043820164716020E-009) (-0.61133689290303894     , -2.1250186651080492E-002)
   16.650835000000001        1.2500000000000000     
 ( 0.87302576714351576     ,  2.2177216821388172E-002) ( 0.87327574258657803     ,  2.2199392844615293E-002)
 ( 0.61535897547413421     ,  2.1564917940265525E-002) (  6.0957347445054109E-008,  2.1375578753309847E-009) (  6.0957347572940996E-008,  2.1375578782682245E-009) (-0.61554889107557875     , -2.1585192469706437E-002)
   16.700830000000000        1.2500000000000000     
 ( 0.88097506131126568     ,  2.2532694104791355E-002) ( 0.88122752205709665     ,  2.2555304665042075E-002)
 ( 0.61957584191552584     ,  2.1903430444658017E-002) (  6.1375108277415030E-008,  2.1711186437355853E-009) (  6.1375108409632293E-008,  2.1711186468550736E-009) (-0.61976732048170746     , -2.1924084830750101E-002)
   16.750825000000003        1.2500000000000000     
 ( 0.88897231672941179     ,  2.2892497689131517E-002) ( 0.88922728065864953     ,  2.2915549950870355E-002)
 ( 0.62379893540918996     ,  2.2245846336219434E-002) (  6.1793486673491347E-008,  2.2050665596850370E-009) (  6.1793486812288270E-008,  2.2050665628312106E-009) (-0.62399198358726304     , -2.2266886353454512E-002)
   16.800820000000002        1.2500000000000000     
 ( 0.89701774510229138     ,  2.3256660759176196E-002) ( 0.89727522982420127     ,  2.3280161978449416E-002)
 ( 0.62802815949564372     ,  2.2592189609726324E-002) (  6.2212473120107085E-008,  2.2394040060855706E-009) (  6.2212473260305623E-008,  2.2394040093384559E-009) (-0.62822278388066854     , -2.2613621094079089E-002)
   16.850815000000001        1.2500000000000000     
 ( 0.90511143596396249     ,  2.3625217940756265E-002) ( 0.90537145935064334     ,  2.3649175542287737E-002)
 ( 0.63226326858121273     ,  2.2942485384346709E-002) (  6.2632043255602911E-008,  2.2741334848904039E-009) (  6.2632043398806721E-008,  2.2741334882611869E-009) (-0.63245947510542144     , -2.2964314309958499E-002)
   16.900810000000000        1.2500000000000000     
 ( 0.91325351498432950     ,  2.3998199893384791E-002) ( 0.91351609527992639     ,  2.4022621284159665E-002)
 ( 0.63650406558964356     ,  2.3296754929466364E-002) (  6.3052177481899564E-008,  2.3092570987901233E-009) (  6.3052177627173655E-008,  2.3092571022730301E-009) (-0.63670185983251415     , -2.3318987224056512E-002)
   16.950805000000003        1.2500000000000000     
 ( 0.92144415142662472     ,  2.4375641491579517E-002) ( 0.92170930646511695     ,  2.4400534257585798E-002)
 ( 0.64075041102126162     ,  2.3655023261263276E-002) (  6.3472862155657674E-008,  2.3447773396305083E-009) (  6.3472862305364858E-008,  2.3447773432043959E-009) (-0.64094980019769465     , -2.3677664991724721E-002)
   17.000800000000002        1.2500000000000000     
 ( 0.92968347575917276     ,  2.4757573550229686E-002) ( 0.92995122413250686     ,  2.4782945335859029E-002)
 ( 0.64500209847676959     ,  2.4017311302483493E-002) (  6.3894076798899083E-008,  2.3806962835004218E-009) (  6.3894076952526653E-008,  2.3806962873012948E-009) (-0.64520308917208524     , -2.4040368569281750E-002)
   17.050795000000001        1.2500000000000000     
 ( 0.93797162049786253     ,  2.5144032553057000E-002) ( 0.93824197987400104     ,  2.5169891150797853E-002)
 ( 0.64925893804668411     ,  2.4383645527081423E-002) (  6.4315802450458092E-008,  2.4170165639997301E-009) (  6.4315802608266352E-008,  2.4170165679296131E-009) (-0.64946153522166050     , -2.4407124539315168E-002)
   17.100790000000003        1.2500000000000000     
 ( 0.94630863167439372     ,  2.5535046950564300E-002) ( 0.94658161971940702     ,  2.5561400164153338E-002)
 ( 0.65352064381621644     ,  2.4754043978326874E-002) (  6.4738010802665153E-008,  2.4537399665494383E-009) (  6.4738010970107698E-008,  2.4537399706015621E-009) (-0.65372485283174009     , -2.4777950925608493E-002)
   17.150785000000003        1.2500000000000000     
 ( 0.95469481178909554     ,  2.5930654839788830E-002) ( 0.95497044682912280     ,  2.5957510676142354E-002)
 ( 0.65778719328885360     ,  2.5128534345564297E-002) (  6.5160699878860611E-008,  2.4908692510948462E-009) (  6.5160700050585649E-008,  2.4908692551274191E-009) (-0.65799302161476225     , -2.5152875586396704E-002)
   17.200779999999998        1.2500000000000000     
 ( 0.96313020633119084     ,  2.6330883340519969E-002) ( 0.96340850796127975     ,  2.6358249792712996E-002)
 ( 0.66205830736935889     ,  2.5507133180266116E-002) (  6.5583841880225223E-008,  2.5284060525988898E-009) (  6.5583842051131206E-008,  2.5284060569228370E-009) (-0.66226576080999899     , -2.5531915024976221E-002)
   17.250774999999997        1.2500000000000000     
 ( 0.97161494796241266     ,  2.6735770819067115E-002) ( 0.97189593328323265     ,  2.6763656107468121E-002)
 ( 0.66633378341848959     ,  2.5889867938594300E-002) (  6.6007416650297545E-008,  2.5663531098550593E-009) (  6.6007416825929641E-008,  2.5663531141585007E-009) (-0.66654286713851496     , -2.5915096885229288E-002)
   17.300770000000000        1.2500000000000000     
 ( 0.98014917766779130     ,  2.7145347530840198E-002) ( 0.98043286647046868     ,  2.7173759892922675E-002)
 ( 0.67061342135248914     ,  2.6276757953455271E-002) (  6.6431404613078309E-008,  2.6047123362938027E-009) (  6.6431404798872008E-008,  2.6047123409000017E-009) (-0.67082414277972435     , -2.6302440482899415E-002)
   17.350764999999999        1.2500000000000000     
 ( 0.98873302965110244     ,  2.7559649307846004E-002) ( 0.98901943914162715     ,  2.7588597179008946E-002)
 ( 0.67489702649039696     ,  2.6667827667674070E-002) (  6.6855786150277506E-008,  2.6434861701997604E-009) (  6.6855786341782881E-008,  2.6434861749590247E-009) (-0.67510938954130173     , -2.6693970425941242E-002)
   17.400759999999998        1.2500000000000000     
 ( 0.99736664252873497     ,  2.7978706714619168E-002) ( 0.99765579071771249     ,  2.8008198497995473E-002)
 ( 0.67918439274368392     ,  2.7063096363846979E-002) (  6.7280540991843676E-008,  2.6826765143082751E-009) (  6.7280541182773121E-008,  2.6826765190592102E-009) (-0.67939840276403995     , -2.7089705918151259E-002)
   17.450755000000001        1.2500000000000000     
 (  1.0060501267082260     ,  2.8402550314647911E-002) (  1.0063420326661434     ,  2.8432594588523003E-002)
 ( 0.68347534797024656     ,  2.7462582894911693E-002) (  6.7705652261695110E-008,  2.7222852506194266E-009) (  6.7705652462538864E-008,  2.7222852555314414E-009) (-0.68369101183163139     , -2.7489665959521917E-002)
   17.500750000000000        1.2500000000000000     
 (  1.0147837370756694     ,  2.8831218980865440E-002) (  1.0150784206416341     ,  2.8861824449457875E-002)
 ( 0.68776975201396273     ,  2.7866314403841776E-002) (  6.8131106009857059E-008,  2.7623150766498524E-009) (  6.8131106211704533E-008,  2.7623150817218451E-009) (-0.68798707620856692     , -2.7893877771721684E-002)
   17.550744999999999        1.2500000000000000     
 (  1.0235674233221215     ,  2.9264743606966796E-002) (  1.0238649021789212     ,  2.9295919092239362E-002)
 ( 0.69206724346264537     ,  2.8274309791350150E-002) (  6.8556866286473901E-008,  2.8027678731176322E-009) (  6.8556866497658075E-008,  2.8027678783571936E-009) (-0.69228623233229547     , -2.8302360339996387E-002)
   17.600739999999998        1.2500000000000000     
 (  1.0324014269356852     ,  2.9703155278549623E-002) (  1.0327017215042431     ,  2.9734909682981734E-002)
 ( 0.69636769019007205     ,  2.8686587734192456E-002) (  6.8982920097049995E-008,  2.8436454943327156E-009) (  6.8982920308935776E-008,  2.8436454997420342E-009) (-0.69658834913039358     , -2.8715132374716189E-002)
   17.650735000000001        1.2500000000000000     
 (  1.0412858617673517     ,  3.0146487750876586E-002) (  1.0415889889408003     ,  3.0178830102292952E-002)
 ( 0.70067093049388052     ,  2.9103169723683191E-002) (  6.9409251402129547E-008,  2.8849500781363087E-009) (  6.9409251625083574E-008,  2.8849500837167661E-009) (-0.70089326468551272     , -2.9132215455618688E-002)
   17.700730000000000        1.2500000000000000     
 (  1.0502208901828631     ,  3.0594775061270479E-002) (  1.0505268707205475     ,  3.0627714452567827E-002)
 ( 0.70497672389366894     ,  2.9524077082836480E-002) (  6.9835836632208456E-008,  2.9266837397750774E-009) (  6.9835836855717065E-008,  2.9266837455372155E-009) (-0.70520074100188157     , -2.9553630930123469E-002)
   17.750724999999999        1.2500000000000000     
 (  1.0592066326311507     ,  3.1048048624189275E-002) (  1.0595154845382888     ,  3.1081594285341504E-002)
 ( 0.70928490342359185     ,  2.9949328330697134E-002) (  7.0262658850910084E-008,  2.9688483232696387E-009) (  7.0262659085182218E-008,  2.9688483292203735E-009) (-0.70951060703843616     , -2.9979397406753629E-002)
   17.800719999999998        1.2500000000000000     
 (  1.0682431693471339     ,  3.1506345372334987E-002) (  1.0685549119846731     ,  3.1540506709399466E-002)
 ( 0.71359515121365691     ,  3.0378947370374745E-002) (  7.0689686800199469E-008,  3.0114462108217786E-009) (  7.0689687035992398E-008,  3.0114462169692045E-009) (-0.71382254670222689     , -3.0409538931463628E-002)
   17.850715000000001        1.2500000000000000     
 (  1.0773306988841842     ,  3.1969691599905925E-002) (  1.0776453508518002     ,  3.2004477986042550E-002)
 ( 0.71790737657786163     ,  3.0812947014958909E-002) (  7.1116911490021036E-008,  3.0544786639420853E-009) (  7.1116911731973470E-008,  3.0544786704403186E-009) (-0.71813646983946755     , -3.0844068226513522E-002)
   17.900710000000000        1.2500000000000000     
 (  1.0864693888347432     ,  3.2438127095511200E-002) (  1.0867869718277172     ,  3.2473548201440383E-002)
 ( 0.72222136547318394     ,  3.1251353683625090E-002) (  7.1544311804828259E-008,  3.0979483257646233E-009) (  7.1544312052819124E-008,  3.0979483324633801E-009) (-0.72245216260536016     , -3.1283011975370131E-002)
   17.950704999999999        1.2500000000000000     
 (  1.0956592045865592     ,  3.2911678595662679E-002) (  1.0959797353357676     ,  3.2947743993283790E-002)
 ( 0.72653673236076388     ,  3.1694180379144392E-002) (  7.1971849308886022E-008,  3.1418564719282158E-009) (  7.1971849563233922E-008,  3.1418564786736537E-009) (-0.72676923737736032     , -3.1726383038245008E-002)
   18.000699999999998        1.2500000000000000     
 (  1.1049004584650772     ,  3.3390383404498805E-002) (  1.1052239560811759     ,  3.3427103024135464E-002)
 ( 0.73085346943835194     ,  3.2141450158856284E-002) (  7.2399523356524006E-008,  3.1862054161089542E-009) (  7.2399523618022823E-008,  3.1862054230731366E-009) (-0.73108768710380390     , -3.2174204774956972E-002)
   18.050695000000001        1.2500000000000000     
 (  1.1141932032454311     ,  3.3874273728929018E-002) (  1.1145196867282563     ,  3.3911657472825402E-002)
 ( 0.73517128083663541     ,  3.2593181299485088E-002) (  7.2827304595245851E-008,  3.2309969628739177E-009) (  7.2827304863097852E-008,  3.2309969700542089E-009) (-0.73540721544540155     , -3.2626495393644483E-002)
   18.100690000000000        1.2500000000000000     
 (  1.1235375974031387     ,  3.4363379396759548E-002) (  1.1238670878507087     ,  3.4401437283273065E-002)
 ( 0.73948995371455306     ,  3.3049388876826562E-002) (  7.3255172142487398E-008,  3.2762326140436929E-009) (  7.3255172417122505E-008,  3.2762326214557953E-009) (-0.73972761184619751     , -3.3083270038180672E-002)
   18.150684999999999        1.2500000000000000     
 (  1.1329337742037218     ,  3.4857738085515629E-002) (  1.1332662924793901     ,  3.4896480287446248E-002)
 ( 0.74380929522793604     ,  3.3510096155320163E-002) (  7.3683106856313410E-008,  3.3219146841467639E-009) (  7.3683107138423411E-008,  3.3219146917803464E-009) (-0.74404868248202438     , -3.3544552076171449E-002)
   18.200679999999998        1.2500000000000000     
 (  1.1423819085552760     ,  3.5357377093363444E-002) (  1.1427174738856469     ,  3.5396813901407011E-002)
 ( 0.74812908273110024     ,  3.3975315196857099E-002) (  7.4111086521042579E-008,  3.3680443765860184E-009) (  7.4111086810489658E-008,  3.3680443844671777E-009) (-0.74837020310009261     , -3.4010353639524912E-002)
   18.250675000000001        1.2500000000000000     
 (  1.1518820177759359     ,  3.5862331713280876E-002) (  1.1522206486289139     ,  3.5902473501154858E-002)
 ( 0.75244905603202661     ,  3.4445066339143196E-002) (  7.4539085419764853E-008,  3.4146237100799422E-009) (  7.4539085720338372E-008,  3.4146237181979820E-009) (-0.75269191396795254     , -3.4480695103697417E-002)
   18.300670000000000        1.2500000000000000     
 (  1.1614342922305039     ,  3.6372632436658447E-002) (  1.1617760068527585     ,  3.6413489720710332E-002)
 ( 0.75676897801151588     ,  3.4919364380175483E-002) (  7.4967080006462290E-008,  3.4616541602891069E-009) (  7.4967080309878505E-008,  3.4616541686534630E-009) (-0.75701357789807677     , -3.4955591350557751E-002)
   18.350664999999999        1.2500000000000000     
 (  1.1710388543118073     ,  3.6888317536231792E-002) (  1.1713836742402124     ,  3.6929901065842138E-002)
 ( 0.76108866302673361     ,  3.5398232027959498E-002) (  7.5395052024070464E-008,  3.5091379961336899E-009) (  7.5395052340292467E-008,  3.5091380047609690E-009) (-0.76133500971687940     , -3.5435065282342353E-002)
   18.400659999999998        1.2500000000000000     
 (  1.1806958562814192     ,  3.7409414889378656E-002) (  1.1810437997353056     ,  3.7451735345766221E-002)
 ( 0.76540791362080174     ,  3.5881681161591836E-002) (  7.5822981828848209E-008,  3.5570763824275020E-009) (  7.5822982154094170E-008,  3.5570763913139352E-009) (-0.76565601110692916     , -3.5919128641533841E-002)
   18.450655000000001        1.2500000000000000     
 (  1.1904054619759072     ,  3.7935954903289243E-002) (  1.1907565515072029     ,  3.7979023153758021E-002)
 ( 0.76972649983467256     ,  3.6369726159475563E-002) (  7.6250846885213430E-008,  3.6054707587619692E-009) (  7.6250847212967376E-008,  3.6054707679262175E-009) (-0.76997635461932268     , -3.6407795950952539E-002)
   18.500650000000000        1.2500000000000000     
 (  1.2001677332482197     ,  3.8467976623315657E-002) (  1.2005219853266633     ,  3.8511803782994347E-002)
 ( 0.77404414137450350     ,  3.6862389331550026E-002) (  7.6678618983676989E-008,  3.6543233541319360E-009) (  7.6678619318864973E-008,  3.6543233635707422E-009) (-0.77429575575889464     , -3.6901089704043988E-002)
   18.550644999999999        1.2500000000000000     
 (  1.2099828818865830     ,  3.9005505459551094E-002) (  1.2103403196094462     ,  3.9050102617199343E-002)
 ( 0.77836073322400734     ,  3.7359679389061318E-002) (  7.7106288145041821E-008,  3.7036350261668138E-009) (  7.7106288489234770E-008,  3.7036350358842016E-009) (-0.77861411277486403     , -3.7399018544261323E-002)
   18.600639999999999        1.2500000000000000     
 (  1.2198509169579852     ,  3.9548580626612193E-002) (  1.2202115584905571     ,  3.9593959120711023E-002)
 ( 0.78267587443822317     ,  3.7861618625030312E-002) (  7.7533814370571010E-008,  3.7534080023379639E-009) (  7.7533814723319787E-008,  3.7534080123467186E-009) (-0.78293102258438041     , -3.7901604949393985E-002)
   18.650635000000001        1.2500000000000000     
 (  1.2297720893035833     ,  4.0097227928344428E-002) (  1.2301359552423750     ,  4.0143399079593467E-002)
 ( 0.78698943543086097     ,  3.8368215563136444E-002) (  7.7961184970873027E-008,  3.8036431212928185E-009) (  7.7961185331655964E-008,  3.8036431314439898E-009) (-0.78724635706197199     , -3.8408857373000552E-002)
   18.700630000000000        1.2500000000000000     
 (  1.2397465102864988     ,  4.0651484213119135E-002) (  1.2401136210160324     ,  4.0698459595173125E-002)
 ( 0.79130124685477465     ,  3.8879489193982222E-002) (  7.8388383187775213E-008,  3.8543422843331165E-009) (  7.8388383558218522E-008,  3.8543422951210200E-009) (-0.79155994582231026     , -3.8920794996766921E-002)
   18.750624999999999        1.2500000000000000     
 (  1.2497742815376325     ,  4.1211377938813361E-002) (  1.2501446569970527     ,  4.1259169201143690E-002)
 ( 0.79561097599437269     ,  3.9395450648841354E-002) (  7.8815376072802570E-008,  3.9055065981543146E-009) (  7.8815376452697919E-008,  3.9055066092485214E-009) (-0.79587145730886566     , -3.9437428976533434E-002)
   18.800620000000002        1.2500000000000000     
 (  1.2598555397720936     ,  4.1776943864887332E-002) (  1.2602291992168406     ,  4.1825562811255455E-002)
 ( 0.79991844940912837     ,  3.9916116167179959E-002) (  7.9242146207725688E-008,  3.9571376812475718E-009) (  7.9242146596030578E-008,  3.9571376924612243E-009) (-0.80018071528514501     , -3.9958775637893372E-002)
   18.850615000000001        1.2500000000000000     
 (  1.2699904423507022     ,  4.2348213545130450E-002) (  1.2703674075586047     ,  4.2397672121338013E-002)
 ( 0.80422344181256755     ,  4.0441499068825590E-002) (  7.9668671667336609E-008,  4.0092368629245010E-009) (  7.9668672065455382E-008,  4.0092368743527927E-009) (-0.80448749755091864     , -4.0484848388845467E-002)
   18.900610000000000        1.2500000000000000     
 (  1.2801790679552438     ,  4.2925216157395425E-002) (  1.2805593597465170     ,  4.2975526347057154E-002)
 ( 0.80852565019066291     ,  4.0971609846244650E-002) (  8.0094922193451048E-008,  4.0618051811429689E-009) (  8.0094922601928438E-008,  4.0618051929217197E-009) (-0.80879149967017050     , -4.1015657689462678E-002)
   18.950604999999999        1.2500000000000000     
 (  1.2904215701750250     ,  4.3507989401997030E-002) (  1.2908052073163321     ,  4.3559163495241804E-002)
 ( 0.81282487425903416     ,  4.1506467199199502E-002) (  8.0520877820406586E-008,  4.1148445146044552E-009) (  8.0520878237503384E-008,  4.1148445267314731E-009) (-0.81309251908783942     , -4.1551222498118191E-002)
   19.000600000000002        1.2500000000000000     
 (  1.3007180977938855     ,  4.4096559960664569E-002) (  1.3011051016712551     ,  4.4148610235050519E-002)
 ( 0.81712091550753374     ,  4.2046078545281480E-002) (  8.0946519277570267E-008,  4.1683555921440950E-009) (  8.0946519693889012E-008,  4.1683556046306891E-009) (-0.81739036189642100     , -4.2091550148597993E-002)
   19.050595000000001        1.2500000000000000     
 (  1.3110687453468814     ,  4.4690960361050795E-002) (  1.3114591349734745     ,  4.4743899297751098E-002)
 ( 0.82141344967797103     ,  4.2590456694471701E-002) (  8.1371814014721759E-008,  4.2223396969327419E-009) (  8.1371814453096078E-008,  4.2223397097868061E-009) (-0.82168469870932781     , -4.2636653587048719E-002)
   19.100590000000000        1.2500000000000000     
 (  1.3214737242650205     ,  4.5291223173703585E-002) (  1.3218675212131434     ,  4.5345063335721775E-002)
 ( 0.82570239650334143     ,  4.3139614323532881E-002) (  8.1796754503672441E-008,  4.2767980894847661E-009) (  8.1796754952253572E-008,  4.2767981027108191E-009) (-0.82597545359382696     , -4.3186545515740055E-002)
   19.150585000000000        1.2500000000000000     
 (  1.3319330547219994     ,  4.5897381100569123E-002) (  1.3323302793488208     ,  4.5952135226816154E-002)
 ( 0.82998732296130173     ,  4.3693564157228859E-002) (  8.2221297621434071E-008,  4.3317320416687884E-009) (  8.2221298081943861E-008,  4.3317320552880483E-009) (-0.83026219166130000     , -4.3741238759893421E-002)
   19.200580000000002        1.2500000000000000     
 (  1.3424469498093885     ,  4.6509464174740049E-002) (  1.3428476222698811     ,  4.6565145188025521E-002)
 ( 0.83426815516389685     ,  4.4252315501478866E-002) (  8.2645436035728819E-008,  4.3871424892903410E-009) (  8.2645436505462494E-008,  4.3871425033131807E-009) (-0.83454483806328850     , -4.4300742752993359E-002)
   19.250575000000001        1.2500000000000000     
 (  1.3530156007027669     ,  4.7127502813556335E-002) (  1.3534197447604501     ,  4.7184123679076803E-002)
 ( 0.83854464239177984     ,  4.4815878369865531E-002) (  8.3069144999878845E-008,  4.4430304234355498E-009) (  8.3069145476623994E-008,  4.4430304381850735E-009) (-0.83882314284265935     , -4.4865067475410796E-002)
   19.300570000000000        1.2500000000000000     
 (  1.3636389721679929     ,  4.7751527522775679E-002) (  1.3640466049116422     ,  4.7809101374578458E-002)
 ( 0.84281643217748170     ,  4.5384261598520818E-002) (  8.3492389478810651E-008,  4.4993967311187267E-009) (  8.3492389972993112E-008,  4.4993967459535509E-009) (-0.84309675287196018     , -4.5434221869799514E-002)
   19.350565000000000        1.2500000000000000     
 (  1.3743172421959142     ,  4.8381574444265864E-002) (  1.3747283839781297     ,  4.8440114612760363E-002)
 ( 0.84708329330294496     ,  4.5957480102841210E-002) (  8.3915146588041659E-008,  4.5562429036582634E-009) (  8.3915147093902110E-008,  4.5562429189218277E-009) (-0.84736543657213248     , -4.6008220967305245E-002)
   19.400560000000002        1.2500000000000000     
 (  1.3850506513368461     ,  4.9017671687691590E-002) (  1.3854653268290957     ,  4.9077191608846098E-002)
 ( 0.85134510242184702     ,  4.6535540356570523E-002) (  8.4337404396568457E-008,  4.6135695882898134E-009) (  8.4337404914096112E-008,  4.6135696039974596E-009) (-0.85162907361813245     , -4.6587071290294477E-002)
   19.450555000000001        1.2500000000000000     
 (  1.3958391864845707     ,  4.9659849940171696E-002) (  1.3962574136941612     ,  4.9720363207400933E-002)
 ( 0.85560148922117041     ,  4.7118450945764730E-002) (  8.4759125852019736E-008,  4.6713776457516588E-009) (  8.4759126377095778E-008,  4.6713776619011162E-009) (-0.85588728929660518     , -4.7170781501031656E-002)
   19.500550000000000        1.2500000000000000     
 (  1.4066831038787913     ,  5.0308140755215308E-002) (  1.4071049029860365     ,  5.0369661116130046E-002)
 ( 0.85985231678286822     ,  4.7706220530729954E-002) (  8.5180297435344962E-008,  4.7296679431716514E-009) (  8.5180297977882548E-008,  4.7296679597792560E-009) (-0.86013994822922046     , -4.7759360339167084E-002)
   19.550545000000000        1.2500000000000000     
 (  1.4175824910382946     ,  5.0962575056440786E-002) (  1.4180078849957523     ,  5.1025116309100359E-002)
 ( 0.86409727896994315     ,  4.8298858145518465E-002) (  8.5600889063220707E-008,  4.7884413766553614E-009) (  8.5600889611763969E-008,  4.7884413937397860E-009) (-0.86438674480465416     , -4.8352816831333509E-002)
   19.600540000000002        1.2500000000000000     
 (  1.4285373789579228     ,  5.1623181814405110E-002) (  1.4289663869737617     ,  5.1686757975801342E-002)
 ( 0.86833611904796892     ,  4.8896368688488179E-002) (  8.6020875199225812E-008,  4.8476984457312803E-009) (  8.6020875767795010E-008,  4.8476984632957931E-009) (-0.86862742249472047     , -4.8951155986458154E-002)
   19.650535000000001        1.2500000000000000     
 (  1.4395479876880504     ,  5.2289995350036679E-002) (  1.4399806302448368     ,  5.2354620644721128E-002)
 ( 0.87256857440079338     ,  4.9498763768286311E-002) (  8.6440229732547784E-008,  4.9074403176539007E-009) (  8.6440230314175888E-008,  4.9074403357119359E-009) (-0.87286171747713825     , -4.9554389583696658E-002)
   19.700530000000001        1.2500000000000000     
 (  1.4506145574067852     ,  5.2963039327985614E-002) (  1.4510508596872866     ,  5.3028727930545867E-002)
 ( 0.87679453278052710     ,  5.0106042830593646E-002) (  8.6858941803444799E-008,  4.9676669254407850E-009) (  8.6858942393806077E-008,  4.9676669440154566E-009) (-0.87708951897539178     , -5.0162516914021044E-002)
   19.750525000000000        1.2500000000000000     
 (  1.4617369787599179     ,  5.3642353842300365E-002) (  1.4621769586837610     ,  5.3709120353260746E-002)
 ( 0.88101353518402514     ,  5.0718221924612471E-002) (  8.7276965587218958E-008,  5.0283798966007591E-009) (  8.7276966191517356E-008,  5.0283799156840557E-009) (-0.88131036556370368     , -5.0775554380253274E-002)
   19.800520000000002        1.2500000000000000     
 (  1.4729155126956313     ,  5.4327962974634103E-002) (  1.4733591916585944     ,  5.4395821896860298E-002)
 ( 0.88522545167030608     ,  5.1335300813679582E-002) (  8.7694288232974814E-008,  5.0895791922021322E-009) (  8.7694288850713574E-008,  5.0895792114992178E-009) (-0.88552412682197168     , -5.1393501580364126E-002)
   19.850515000000001        1.2500000000000000     
 (  1.4841503257676061     ,  5.5019901658369820E-002) (  1.4845977244759838     ,  5.5088867866812725E-002)
 ( 0.88943005674726106     ,  5.1957289413965969E-002) (  8.8110887787666249E-008,  5.1512658248342645E-009) (  8.8110888420008068E-008,  5.1512658450020553E-009) (-0.88973058085952661     , -5.2016368707919050E-002)
   19.900510000000001        1.2500000000000000     
 (  1.4954414864691608     ,  5.5718194079526842E-002) (  1.4958926251262910     ,  5.5788282407908604E-002)
 ( 0.89362708153350845     ,  5.2584186825453516E-002) (  8.8526737352378975E-008,  5.2134396971114064E-009) (  8.8526737999211874E-008,  5.2134397178194751E-009) (-0.89392945664480417     , -5.2644154748247490E-002)
   19.950505000000000        1.2500000000000000     
 (  1.5067891965042881     ,  5.6422876171743838E-002) (  1.5072440985637614     ,  5.6494101724211224E-002)
 ( 0.89781626205544252     ,  5.3216003234763047E-002) (  8.8941810833734770E-008,  5.2761018385492955E-009) (  8.8941811495761878E-008,  5.2761018595156713E-009) (-0.89812048953565937     , -5.3276870076236174E-002)
   20.000500000000002        1.2500000000000000     
 (  1.5181934141045823     ,  5.7133972271743889E-002) (  1.5186520991918770     ,  5.7206350163601719E-002)
 ( 0.90199726260626878     ,  5.3852736835380277E-002) (  8.9356074710658260E-008,  5.3392520637847027E-009) (  8.9356075387226714E-008,  5.3392520856557022E-009) (-0.90230334173249194     , -5.3914512793511102E-002)
   20.050495000000002        1.2500000000000000     
 (  1.5296545137562914     ,  5.7851518055086495E-002) (  1.5301170046952783     ,  5.7925063675001297E-002)
 ( 0.90617001120317830     ,  5.4494397641610758E-002) (  8.9769522365803820E-008,  5.4028913887628223E-009) (  8.9769523058521221E-008,  5.4028914109198377E-009) (-0.90647794675924720     , -5.4557093124848903E-002)
   20.100490000000001        1.2500000000000000     
 (  1.5411723857886162     ,  5.8575538539668785E-002) (  1.5416387010559538     ,  5.8650267440036805E-002)
 ( 0.91033403292754467     ,  5.5140983373293137E-002) (  9.0182106376502261E-008,  5.4670195968351026E-009) (  9.0182107085020519E-008,  5.4670196195899967E-009) (-0.91064382493337059     , -5.5204608870986639E-002)
   20.150485000000000        1.2500000000000000     
 (  1.5527473537290515     ,  5.9306064327823461E-002) (  1.5532175181834280     ,  5.9381992249526720E-002)
 ( 0.91448933212069228     ,  5.5792497978124564E-002) (  9.0593827519631610E-008,  5.5316370905355413E-009) (  9.0593828246243021E-008,  5.5316371142544160E-009) (-0.91480098417663580     , -5.5857064054495163E-002)
   20.200480000000002        1.2500000000000000     
 (  1.5643793957134098     ,  6.0043121388875902E-002) (  1.5648534287053661     ,  6.0120263915349269E-002)
 ( 0.91863535306503941     ,  5.6448939578738255E-002) (  9.1004630181839876E-008,  5.5967436640163155E-009) (  9.1004630922182472E-008,  5.5967436880441769E-009) (-0.91894886318628111     , -5.6514456567324040E-002)
   20.250475000000002        1.2500000000000000     
 (  1.5760687938331155     ,  6.0786750853502429E-002) (  1.5765467170729959     ,  6.0865124269839449E-002)
 ( 0.92277212025204913     ,  5.7110321787184504E-002) (  9.1414517317756333E-008,  5.6623407291156292E-009) (  9.1414518077388054E-008,  5.6623407537960484E-009) (-0.92308749128431977     , -5.7176800651124349E-002)
   20.300470000000001        1.2500000000000000     
 (  1.5878154653718333     ,  6.1536973706537594E-002) (  1.5882972996595255     ,  6.1616593955132304E-002)
 ( 0.92689915437495907     ,  5.7776637046349839E-002) (  9.1823441231929942E-008,  5.7284274953451493E-009) (  9.1823442007451934E-008,  5.7284275206878316E-009) (-0.92721638762829772     , -5.7844088285055162E-002)
   20.350465000000000        1.2500000000000000     
 (  1.5996198008894693     ,  6.2293815414872798E-002) (  1.6001055692497310     ,  6.2374698815866617E-002)
 ( 0.93101637393808045     ,  5.8447882440458371E-002) (  9.2231393941335134E-008,  5.7950037058303183E-009) (  9.2231394727010695E-008,  5.7950037322031929E-009) (-0.93133547040611386     , -5.8516316845073121E-002)
   20.400459999999999        1.2500000000000000     
 (  1.6114816488609252     ,  6.3057313202662529E-002) (  1.6119713704446490     ,  6.3139476261732469E-002)
 ( 0.93512336293004605     ,  5.9124066002496360E-002) (  9.2638333924525056E-008,  5.8620701689474403E-009) (  9.2638334735563761E-008,  5.8620701956881952E-009) (-0.93544432104541730     , -5.9193494463231411E-002)
   20.450454999999998        1.2500000000000000     
 (  1.6234014243137169     ,  6.3827493462175131E-002) (  1.6238951219739504     ,  6.3910952858808837E-002)
 ( 0.93922000655417215     ,  5.9805184766052032E-002) (  9.3044250159805394E-008,  5.9296266025548343E-009) (  9.3044250978573329E-008,  5.9296266300382269E-009) (-0.93954282823953672     , -5.9875618254164743E-002)
   20.500450000000001        1.2500000000000000     
 (  1.6353790650007052     ,  6.4604382578397332E-002) (  1.6358767610964868     ,  6.4689155062661041E-002)
 ( 0.94330598685733236     ,  6.0491234804183953E-002) (  9.3449111231849724E-008,  5.9976726159886560E-009) (  9.3449112078716983E-008,  5.9976726441864564E-009) (-0.94363067408050927     , -6.0562684259284676E-002)
   20.550445000000000        1.2500000000000000     
 (  1.6474147266688697     ,  6.5388012632993694E-002) (  1.6479164406287254     ,  6.5474115160338214E-002)
 ( 0.94738093209794305     ,  6.1182218808626988E-002) (  9.3852879894698771E-008,  6.0662084903036290E-009) (  9.3852880762551815E-008,  6.0662085195695223E-009) (-0.94770748310326414     , -6.1254695272907118E-002)
   20.600439999999999        1.2500000000000000     
 (  1.6595085992163598     ,  6.6178410631879764E-002) (  1.6600143533243494     ,  6.6265860312557365E-002)
 ( 0.95144478443223346     ,  6.1878132551847327E-002) (  9.4255550826512333E-008,  6.1352338169413630E-009) (  9.4255551713811466E-008,  6.1352338469711286E-009) (-0.95177320087753847     , -6.1951647134069351E-002)
   20.650434999999998        1.2500000000000000     
 (  1.6716607317548555     ,  6.6975603806403050E-002) (  1.6721705475352180     ,  6.7064417834838075E-002)
 ( 0.95549710368051077     ,  6.2578972011254508E-002) (  9.4657080114277831E-008,  6.2047481993384308E-009) (  9.4657081011042717E-008,  6.2047482298253130E-009) (-0.95582738528690392     , -6.2653535807900423E-002)
   20.700430000000001        1.2500000000000000     
 (  1.6838713813700577     ,  6.7779624491989876E-002) (  1.6843852808677240     ,  6.7869820356031119E-002)
 ( 0.95953777073206559     ,  6.3284738509805219E-002) (  9.5057456340752714E-008,  6.2747517896287708E-009) (  9.5057457267544626E-008,  6.2747518209433886E-009) (-0.95986991953676137     , -6.3360362808569479E-002)
   20.750425000000000        1.2500000000000000     
 (  1.6961405298177210     ,  6.8590500056582696E-002) (  1.6966585336346196     ,  6.8682095440482982E-002)
 ( 0.96356641901146090     ,  6.3995427144731776E-002) (  9.5456642680114230E-008,  6.3452441146300531E-009) (  9.5456643626043038E-008,  6.3452441467460576E-009) (-0.96390043201963749     , -6.4072123310976947E-002)
   20.800419999999999        1.2500000000000000     
 (  1.7084683822268747     ,  6.9408253189346583E-002) (  1.7089905143615574     ,  6.9501265860129863E-002)
 ( 0.96758279856792184     ,  6.4711028262467413E-002) (  9.5854614715246568E-008,  6.4162242197471964E-009) (  9.5854615681888985E-008,  6.4162242527383422E-009) (-0.96791867636102902     , -6.4788807631663448E-002)
   20.850414999999998        1.2500000000000000     
 (  1.7208550944438286     ,  7.0232917014675891E-002) (  1.7213813741962585     ,  7.0327364826946390E-002)
 ( 0.97158672093222542     ,  6.5431542054062000E-002) (  9.6251353789477723E-008,  6.4876921256992421E-009) (  9.6251354777093139E-008,  6.4876921595400397E-009) (-0.97192446399183641     , -6.5510415980533254E-002)
   20.900410000000001        1.2500000000000000     
 (  1.7333007613063223     ,  7.1064513906361274E-002) (  1.7338312112844165     ,  7.1160414862427787E-002)
 ( 0.97557787253569517     ,  6.6156957778998396E-002) (  9.6646828698602576E-008,  6.5596467788658410E-009) (  9.6646829708810809E-008,  6.5596468135789750E-009) (-0.97591747976873389     , -6.6236937647014160E-002)
   20.950405000000000        1.2500000000000000     
 (  1.7458054593209453     ,  7.1903078024530054E-002) (  1.7463401021801233     ,  7.2000450490507198E-002)
 ( 0.97955596084871066     ,  6.6887275791027351E-002) (  9.7041010708372421E-008,  6.6320882397834040E-009) (  9.7041011731688052E-008,  6.6320882747615675E-009) (-0.97989743362657711     , -6.6968373216514804E-002)
   21.000399999999999        1.2500000000000000     
 (  1.7583693241447031     ,  7.2748637074704581E-002) (  1.7589081795261652     ,  7.2847499553947120E-002)
 ( 0.98352065245102027     ,  6.7622489672479622E-002) (  9.7433866123135523E-008,  6.7050158807922545E-009) (  9.7433867178570948E-008,  6.7050159173286823E-009) (-0.98386398484691195     , -6.7704716329601802E-002)
   21.050394999999998        1.2500000000000000     
 (  1.7709926821071238     ,  7.3601215217101168E-002) (  1.7715357725720660     ,  7.3701586352350759E-002)
 ( 0.98747192668138839     ,  6.8362588390771126E-002) (  9.7825393896894111E-008,  6.7784286145979764E-009) (  9.7825394965730722E-008,  6.7784286520516533E-009) (-0.98781712330171889     , -6.8445955950203752E-002)
   21.100390000000001        1.2500000000000000     
 (  1.7836753553245317     ,  7.4460845683523139E-002) (  1.7842227006871665     ,  7.4562744282553037E-002)
 ( 0.99140922019210953     ,  6.9107571203559898E-002) (  9.8215537199363880E-008,  6.8523263786611917E-009) (  9.8215538302206403E-008,  6.8523264171019242E-009) (-0.99175627536955990     , -6.9192091421196908E-002)
   21.150385000000000        1.2500000000000000     
 (  1.7964177291512364     ,  7.5327542017038424E-002) (  1.7969693535194209     ,  7.5430986871275821E-002)
 ( 0.99533246245584983     ,  6.9857415453795618E-002) (  9.8604290032957053E-008,  6.9267069189792057E-009) (  9.8604291150346493E-008,  6.9267069583890911E-009) (-0.99568137942737034     , -6.9943099937712555E-002)
   21.200379999999999        1.2500000000000000     
 (  1.8092197710859801     ,  7.6201349333698293E-002) (  1.8097756941939707     ,  7.6306359768682566E-002)
 ( 0.99924130545465728     ,  7.0612130126459102E-002) (  9.8991617015255240E-008,  7.0015711716475509E-009) (  9.8991618157237076E-008,  7.0015712114100212E-009) (-0.99959207884718315     , -7.0698990916022289E-002)
   21.250374999999998        1.2500000000000000     
 (  1.8220816557002828     ,  7.7082280579565468E-002) (  1.8226418994519942     ,  7.7188875680799615E-002)
 (  1.0031355379728080     ,  7.1371692541392612E-002) (  9.9377498035207305E-008,  7.0769168588876068E-009) (  9.9377499197378252E-008,  7.0769169002961839E-009) ( -1.0034881701233744     , -7.1459741317451184E-002)
   21.300370000000001        1.2500000000000000     
 (  1.8350036419839839     ,  7.7970366177411529E-002) (  1.8355682309006944     ,  7.8078565587092405E-002)
 (  1.0070148666104271     ,  7.2136094871957171E-002) (  9.9761903358020878E-008,  7.1527432508631916E-009) (  9.9761904548888890E-008,  7.1527432922564741E-009) ( -1.0073693532927377     , -7.2225343714005838E-002)
   21.350365000000000        1.2500000000000000     
 (  1.8479856370034016     ,  7.8865640873186968E-002) (  1.8485545916014559     ,  7.8975464171069418E-002)
 (  1.0108789869142227     ,  7.2905335317100417E-002) (  1.0014480328793975E-007,  7.2290501580760257E-009) (  1.0014480450573262E-007,  7.2290502016099251E-009) ( -1.0112353283729640     , -7.2995796190414533E-002)
   21.400359999999999        1.2500000000000000     
 (  1.8610278922351220     ,  7.9768123550479325E-002) (  1.8616012324664124     ,  7.9879590675290102E-002)
 (  1.0147276306376272     ,  7.3679394710214841E-002) (  1.0052617103340975E-007,  7.3058357085443306E-009) (  1.0052617228549808E-007,  7.3058357531709638E-009) ( -1.0150858244978305     , -7.3771079768575859E-002)
   21.450354999999998        1.2500000000000000     
 (  1.8741305716307284     ,  8.0677839930011361E-002) (  1.8747083204836152     ,  8.0790970787952554E-002)
 (  1.0185605944299729     ,  7.4458259913644853E-002) (  1.0090598640554302E-007,  7.3830985918295424E-009) (  1.0090598768410264E-007,  7.3830986369676229E-009) ( -1.0189206381529159     , -7.4551181176994136E-002)
   21.500350000000001        1.2500000000000000     
 (  1.8872936832484126     ,  8.1594819623380166E-002) (  1.8878758613084019     ,  8.1709634442412998E-002)
 (  1.0223774782867818     ,  7.5241922415586915E-002) (  1.0128420980706313E-007,  7.4608379869327824E-009) (  1.0128421110258329E-007,  7.4608380332062221E-009) ( -1.0227393688195772     , -7.5336092099254501E-002)
   21.550345000000000        1.2500000000000000     
 (  1.9005174865578061     ,  8.2519082817084755E-002) (  1.9011041167248119     ,  8.2635601841630338E-002)
 (  1.0261781833347914     ,  7.6030362580114391E-002) (  1.0166083149090711E-007,  7.5390519418016241E-009) (  1.0166083281501768E-007,  7.5390519892236686E-009) ( -1.0265419183483797     , -7.6125792763320335E-002)
   21.600339999999999        1.2500000000000000     
 (  1.9138020099274613     ,  8.3450666011101349E-002) (  1.9143931122093987     ,  8.3568909887652559E-002)
 (  1.0299622744823820     ,  7.6823576631386864E-002) (  1.0203580832069275E-007,  7.6177401168722385E-009) (  1.0203580966513542E-007,  7.6177401661241339E-009) ( -1.0303278514579188     , -7.6920279718940332E-002)
   21.650334999999998        1.2500000000000000     
 (  1.9271474994616158     ,  8.4389589662904940E-002) (  1.9277430977278951     ,  8.4509579139151220E-002)
 (  1.0337296570800625     ,  7.7621544566900291E-002) (  1.0240913123465176E-007,  7.6969005321325000E-009) (  1.0240913261490669E-007,  7.6969005819259902E-009) ( -1.0340970769061992     , -7.7719532905754257E-002)
   21.700330000000001        1.2500000000000000     
 (  1.9405539126319309     ,  8.5335884419830338E-002) (  1.9411540253557191     ,  8.5457640360952852E-002)
 (  1.0374798217488150     ,  7.8424257024424612E-002) (  1.0278074897977459E-007,  7.7765322636973000E-009) (  1.0278075038725769E-007,  7.7765323147395054E-009) ( -1.0378490759251491     , -7.8523542963301815E-002)
   21.750325000000000        1.2500000000000000     
 (  1.9540215740455833     ,  8.6289565676339747E-002) (  1.9546262276302531     ,  8.6413109170884780E-002)
 (  1.0412127589987912     ,  7.9231687573510748E-002) (  1.0315066169323337E-007,  7.8566327078819816E-009) (  1.0315066313358945E-007,  7.8566327608321204E-009) ( -1.0415838499753403     , -7.9332283549378546E-002)
   21.800319999999999        1.2500000000000000     
 (  1.9675504289711305     ,  8.7250665488817422E-002) (  1.9681596404298551     ,  8.7376017745808207E-002)
 (  1.0449279699292651     ,  8.0043826227562703E-002) (  1.0351881895012341E-007,  7.9372008764075282E-009) (  1.0351882042042407E-007,  7.9372009306562562E-009) ( -1.0453008904924954     , -8.0145744631929680E-002)
   21.850314999999998        1.2500000000000000     
 (  1.9811407452151566     ,  8.8219210481216281E-002) (  1.9817545388526658     ,  8.8346393004609711E-002)
 (  1.0486253102642955     ,  8.0860656683862206E-002) (  1.0388520714755321E-007,  8.0182351798039072E-009) (  1.0388520865871535E-007,  8.0182352353769265E-009) ( -1.0490000604936125     , -8.0963910131550340E-002)
   21.900310000000001        1.2500000000000000     
 (  1.9947926320408067     ,  8.9195221578978301E-002) (  1.9954110285961428     ,  8.9324256026752077E-002)
 (  1.0523044888562423     ,  8.1682157621240592E-002) (  1.0424979696019417E-007,  8.0997335092187153E-009) (  1.0424979848984594E-007,  8.0997335654666992E-009) ( -1.0526810628009118     , -8.1786758681721652E-002)
   21.950305000000000        1.2500000000000000     
 (  2.0085061644163540     ,  9.0178731672969484E-002) (  2.0091291865380616     ,  9.0309639778787892E-002)
 (  1.0559652182041679     ,  8.2508317388896357E-002) (  1.0461256038022927E-007,  8.1816947112375865E-009) (  1.0461256194445755E-007,  8.1816947688794607E-009) ( -1.0563436144627325     , -8.2614278607705385E-002)
   22.000299999999999        1.2500000000000000     
 (  2.0222814634773836     ,  9.1169756528179824E-002) (  2.0229091315670278     ,  9.1302560380057532E-002)
 (  1.0596071725155114     ,  8.3339109098148650E-002) (  1.0497346459558931E-007,  8.2641161495779859E-009) (  1.0497346619350826E-007,  8.2641162092756835E-009) ( -1.0599873846128787     , -8.3446443236462872E-002)
   22.050295000000002        1.2500000000000000     
 (  2.0361186903763850     ,  9.2168329891357856E-002) (  2.0367510255891510     ,  9.2303051597501046E-002)
 (  1.0632301490291804     ,  8.4174520646774970E-002) (  1.0533248985461262E-007,  8.3469966175416114E-009) (  1.0533249148468906E-007,  8.3469966780464719E-009) ( -1.0636121738496171     , -8.4283240312954436E-002)
   22.100290000000001        1.2500000000000000     
 (  2.0500180588089330     ,  9.3174473217671555E-002) (  2.0506550847658582     ,  9.3311135303589823E-002)
 (  1.0668339225345802     ,  8.5014528765741698E-002) (  1.0568961398707309E-007,  8.4303338451894862E-009) (  1.0568961564825493E-007,  8.4303339071241912E-009) ( -1.0672177583142941     , -8.5124646902211276E-002)
   22.150285000000000        1.2500000000000000     
 (  2.0639794841214920     ,  9.4188203656827826E-002) (  2.0646212197269036     ,  9.4326828445574024E-002)
 (  1.0704180028683929     ,  8.5859105149651699E-002) (  1.0604478792618373E-007,  8.5141249986172132E-009) (  1.0604478962418722E-007,  8.5141250620865120E-009) ( -1.0708036412961719     , -8.5970634291859943E-002)
   22.200279999999999        1.2500000000000000     
 (  2.0780033484098168     ,  9.5209560235550841E-002) (  2.0786498163109193     ,  9.5350170641946300E-002)
 (  1.0739823548858558     ,  8.6708242394347629E-002) (  1.0639800879557797E-007,  8.5983693934125162E-009) (  1.0639801052645756E-007,  8.5983694583540392E-009) ( -1.0743697950077680     , -8.6821195558383926E-002)
   22.250275000000002        1.2500000000000000     
 (  2.0920896152594493     ,  9.6238555739598469E-002) (  2.0927408374484568     ,  9.6381174564118072E-002)
 (  1.0775266071561538     ,  8.7561905929794792E-002) (  1.0674923949522800E-007,  8.6830635854836630E-009) (  1.0674924125106009E-007,  8.6830636519584431E-009) ( -1.0779158450315147     , -8.7676295863585940E-002)
   22.300270000000001        1.2500000000000000     
 (  2.1062385332881641     ,  9.7275217691903337E-002) (  2.1068945320108781     ,  9.7419868084950040E-002)
 (  1.0810505022115970     ,  8.8420076242688328E-002) (  1.0709845440611634E-007,  8.7682056668671488E-009) (  1.0709845621220465E-007,  8.7682057349417673E-009) ( -1.0814415310678962     , -8.8535915864694850E-002)
   22.350265000000000        1.2500000000000000     
 (  2.1204500969551945     ,  9.8319575385823782E-002) (  2.1211108909100007     ,  9.8466280816356222E-002)
 (  1.0845536708424310     ,  8.9282734799988064E-002) (  1.0744561703339968E-007,  8.8537938280786921E-009) (  1.0744561887310860E-007,  8.8537938977982916E-009) ( -1.0849464861287395     , -8.9400037265519164E-002)
   22.400259999999999        1.2500000000000000     
 (  2.1347245637117007     ,  9.9371646635213431E-002) (  2.1353901768319665     ,  9.9520430411712407E-002)
 (  1.0880359933251773     ,  9.0149851641353765E-002) (  1.0779071557187063E-007,  8.9398250723373116E-009) (  1.0779071745199030E-007,  8.9398251436525756E-009) ( -1.0884305900860685     , -9.0268629728074701E-002)
   22.450255000000002        1.2500000000000000     
 (  2.1490619576865910     , 0.10043145560701999     ) (  2.1497324118351226     , 0.10058234146419105     )
 (  1.0914970688923729     ,  9.1021399785187806E-002) (  1.0813371029281956E-007,  9.0262967617361133E-009) (  1.0813371221143218E-007,  9.0262968347595483E-009) ( -1.0918934404116269     , -9.1141666593848480E-002)
   22.500250000000001        1.2500000000000000     
 (  2.1634624550696779     , 0.10149903178256052     ) (  2.1641377703074243     , 0.10165204362572161     )
 (  1.0949366878469362     ,  9.1897361085401919E-002) (  1.0847458052415527E-007,  9.1132071057113812E-009) (  1.0847458247946280E-007,  9.1132071804671491E-009) ( -1.0953348322889573     , -9.2019129681750259E-002)
   22.550245000000000        1.2500000000000000     
 (  2.1779262080441586     , 0.10257439444684653     ) (  2.1786064062315464     , 0.10272955638538703     )
 (  1.0983544987003995     ,  9.2777703177118337E-002) (  1.0881329110541429E-007,  9.2005529107827184E-009) (  1.0881329310113830E-007,  9.2005529872753257E-009) ( -1.0987544066038029     , -9.2900986703922453E-002)
   22.600239999999999        1.2500000000000000     
 (  2.1924532779784589     , 0.10365756727556724     ) (  2.1931383779529448     , 0.10381490348027374     )
 (  1.1017502615394066     ,  9.3662399744696756E-002) (  1.0914981861386235E-007,  9.2883315656294544E-009) (  1.0914982064166462E-007,  9.2883316438806758E-009) ( -1.1021519290587269     , -9.3787211253243380E-002)
   22.650235000000002        1.2500000000000000     
 (  2.2070439432938262     , 0.10474857582858572     ) (  2.2077339695311617     , 0.10490811081284371     )
 (  1.1051238320035204     ,  9.4551423636644150E-002) (  1.0948414871553501E-007,  9.3765404039663105E-009) (  1.0948415079487413E-007,  9.3765404840360686E-009) ( -1.1055272537207463     , -9.4677776328961627E-002)
   22.700230000000001        1.2500000000000000     
 (  2.2216981416137500     , 0.10584744517899995     ) (  2.2223931141608992     , 0.10600920357338031     )
 (  1.1084747021263903     ,  9.5444749087338770E-002) (  1.0981623088852256E-007,  9.4651768803671767E-009) (  1.0981623300554005E-007,  9.4651769622590963E-009) ( -1.1088798701012865     , -9.5572656174170170E-002)
   22.750225000000000        1.2500000000000000     
 (  2.2364161372988081     , 0.10695418876313466     ) (  2.2371160772920038     , 0.10711819539227654     )
 (  1.1118027792076848     ,  9.6342336877856385E-002) (  1.1014605622155050E-007,  9.5542371139008895E-009) (  1.1014605838495429E-007,  9.5542371970791395E-009) ( -1.1122096889246991     , -9.6471811533721780E-002)
   22.800219999999999        1.2500000000000000     
 (  2.2512037801672413     , 0.10806896883307326     ) (  2.2519091650036320     , 0.10823527284273751     )
 (  1.1151123659531583     ,  9.7244288390512273E-002) (  1.1047405506313115E-007,  9.6437316841385163E-009) (  1.1047405486166634E-007,  9.6437316834098331E-009) ( -1.1155215859685050     , -9.7375368434078555E-002)
   22.850215000000002        1.2500000000000000     
 (  2.2660499554910953     , 0.10919155263270830     ) (  2.2667603601838402     , 0.10936015571830057     )
 (  1.1183940879351262     ,  9.8150330649015946E-002) (  1.1079929034861538E-007,  9.7336325306839042E-009) (  1.1079929014227070E-007,  9.7336325299567744E-009) ( -1.1188050489180670     , -9.8283005403787635E-002)
   22.900210000000001        1.2500000000000000     
 (  2.2809600420729867     , 0.11032208363669278     ) (  2.2816754834967719     , 0.11049301122263684     )
 (  1.1216519427576761     ,  9.9060546367107039E-002) (  1.1112216181039811E-007,  9.8239483594594126E-009) (  1.1112216159901725E-007,  9.8239483587094526E-009) ( -1.1220646335729227     , -9.9194829098206733E-002)
   22.950205000000000        1.2500000000000000     
 (  2.2959345499656143     , 0.11146059266990244     ) (  2.2966550541257065     , 0.11163387039339655     )
 (  1.1248859163759937     ,  9.9974910903287251E-002) (  1.1144266888506757E-007,  9.9146767471856504E-009) (  1.1144266866608921E-007,  9.9146767464112043E-009) ( -1.1253003352839051     ,-0.10011081501568442     )
   23.000200000000000        1.2500000000000000     
 (  2.3109736179026181     , 0.11260710173009396     ) (  2.3116992053649232     , 0.11278275549913228     )
 (  1.1280957106308342     , 0.10089339100279759     ) (  1.1176078149617410E-007,  1.0005814413262527E-008) (  1.1176078127362362E-007,  1.0005814412504093E-008) ( -1.1285118499229743     ,-0.10103092993731939     )
   23.050195000000002        1.2500000000000000     
 (  2.3260770697272544     , 0.11376162047688425     ) (  2.3268077588598470     , 0.11393967619510881     )
 (  1.1312809298518463     , 0.10181593899764289     ) (  1.1207646048773774E-007,  1.0097356622721168E-008) (  1.1207646026069981E-007,  1.0097356621899093E-008) ( -1.1316987815543873     ,-0.10195512600441774     )
   23.100190000000001        1.2500000000000000     
 (  2.3412452965581911     , 0.11492418204394303     ) (  2.3419811105541299     , 0.11510466590248805     )
 (  1.1344413377177986     , 0.10274253129515500     ) (  1.1238968233288098E-007,  1.0189301057292433E-008) (  1.1238968210071423E-007,  1.0189301056443779E-008) ( -1.1348608918127596     ,-0.10288337974768340     )
   23.150185000000000        1.2500000000000000     
 (  2.3564781484828528     , 0.11609481846235838     ) (  2.3572191065135164     , 0.11627775720366729     )
 (  1.1375765363707546     , 0.10367314207033594     ) (  1.1270040775278554E-007,  1.0281645207791659E-008) (  1.1270040751509939E-007,  1.0281645206915705E-008) ( -1.1379977843659834     ,-0.10381566575119745     )
   23.200180000000000        1.2500000000000000     
 (  2.3717761291289912     , 0.11727353014854401     ) (  2.3725222531315024     , 0.11745895002830807     )
 (  1.1406865261628214     , 0.10460771393149798     ) (  1.1300863696002999E-007,  1.0374383327436996E-008) (  1.1300863671638269E-007,  1.0374383326549605E-008) ( -1.1411094632607932     ,-0.10475192590410935     )
   23.250175000000002        1.2500000000000000     
 (  2.3871391281971808     , 0.11846035105271108     ) (  2.3878904366400500     , 0.11864827906534925     )
 (  1.1437708729322809     , 0.10554622224476140     ) (  1.1331432685028861E-007,  1.0467513041144482E-008) (  1.1331432660037381E-007,  1.0467513040260728E-008) ( -1.1441954916729027     ,-0.10569213617317898     )
   23.300170000000001        1.2500000000000000     
 (  2.4025674681649360     , 0.11965530273061967     ) (  2.4033239881507829     , 0.11984576588946914     )
 (  1.1468294192992463     , 0.10648862834236808     ) (  1.1361746176973019E-007,  1.0561030504905172E-008) (  1.1361746151450395E-007,  1.0561030503928202E-008) ( -1.1472557106609489     ,-0.10663625766976736     )
   23.350165000000001        1.2500000000000000     
 (  2.4180610407488987     , 0.12085840892502193     ) (  2.4188227875395931     , 0.12105143432057386     )
 (  1.1498617033171767     , 0.10743489507287667     ) (  1.1391799619536259E-007,  1.0654932041041155E-008) (  1.1391799593225039E-007,  1.0654932040050969E-008) ( -1.1502896630329342     ,-0.10758425321005625     )
   23.400160000000003        1.2500000000000000     
 (  2.4336201624195226     , 0.12206969205274135     ) (  2.4343871585358534     , 0.12226530725251017     )
 (  1.1528675809111448     , 0.10838498565911295     ) (  1.1421591515234538E-007,  1.0749214041649649E-008) (  1.1421591488430882E-007,  1.0749214040651326E-008) ( -1.1532971939201138     ,-0.10853608626946772     )
   23.450154999999999        1.2500000000000000     
 (  2.4492449279000641     , 0.12328917599506872     ) (  2.4500171971520888     , 0.12348740875245988     )
 (  1.1558467385791504     , 0.10933886086846518     ) (  1.1451118827046811E-007,  1.0843872626045079E-008) (  1.1451118799639985E-007,  1.0843872624955086E-008) ( -1.1562779996965453     ,-0.10949171758699067     )
   23.500149999999998        1.2500000000000000     
 (  2.4649352786112080     , 0.12451687390366424     ) (  2.4657128324871675     , 0.12471775189821710     )
 (  1.1587987435377973     , 0.11029647132335328     ) (  1.1480377190173184E-007,  1.0938902887034675E-008) (  1.1480377161908805E-007,  1.0938902886007113E-008) ( -1.1592316385822850     ,-0.11045109756202444     )
   23.550145000000001        1.2500000000000000     
 (  2.4806916409275814     , 0.12575280846820255     ) (  2.4814745091468522     , 0.12595635956430618     )
 (  1.1617236104691593     , 0.11125777791427599     ) (  1.1509366860506718E-007,  1.1034300957003558E-008) (  1.1509366831595742E-007,  1.1034300955942099E-008) ( -1.1621581354937196     ,-0.11141418704945601     )
   23.600140000000000        1.2500000000000000     
 (  2.4965141402965210     , 0.12699700458300078     ) (  2.4973023424403800     , 0.12720325724457660     )
 (  1.1646210712032086     , 0.11222274152351271     ) (  1.1538085146667494E-007,  1.1130063011794292E-008) (  1.1538085117254732E-007,  1.1130063010663238E-008) ( -1.1650572193317261     ,-0.11238094735097016     )
   23.650134999999999        1.2500000000000000     
 (  2.5124026164398328     , 0.12824948723147464     ) (  2.5131961677237609     , 0.12845846962499116     )
 (  1.1674903515028627     , 0.11319132184962714     ) (  1.1566524261452451E-007,  1.1226185021166928E-008) (  1.1566524231215351E-007,  1.1226185019979246E-008) ( -1.1679281052720945     ,-0.11335133773543168     )
   23.700129999999998        1.2500000000000000     
 (  2.5283575578096187     , 0.12951026881812419     ) (  2.5291564845328094     , 0.12972200983394472     )
 (  1.1703318588887597     , 0.11416346901455314     ) (  1.1594688445870282E-007,  1.1322662093114502E-008) (  1.1594688415457749E-007,  1.1322662091872384E-008) ( -1.1707712186029078     ,-0.11432530869850378     )
   23.750125000000001        1.2500000000000000     
 (  2.5443787673499800     , 0.13077937590190963     ) (  2.5451830866158671     , 0.13099390404732247     )
 (  1.1731448914739770     , 0.11513913937506848     ) (  1.1622570552602636E-007,  1.1419489866758728E-008) (  1.1622570520961964E-007,  1.1419489865432821E-008) ( -1.1735858381468154     ,-0.11530281614941272     )
   23.800120000000000        1.2500000000000000     
 (  2.5604665718727286     , 0.13205683265352763     ) (  2.5612763017865507     , 0.13227417734059277     )
 (  1.1759292380207722     , 0.11611829505793904     ) (  1.1650168603577526E-007,  1.1516664668566730E-008) (  1.1650168571217237E-007,  1.1516664667287085E-008) ( -1.1763717666903897     ,-0.11628382289228700     )
   23.850114999999999        1.2500000000000000     
 (  2.5766210849109110     , 0.13334266489284946     ) (  2.5774362497049106     , 0.13356285523885378     )
 (  1.1786846346502153     , 0.11710089218547469     ) (  1.1677479947868911E-007,  1.1614182105355102E-008) (  1.1677479914790125E-007,  1.1614182104037901E-008) ( -1.1791287335858984     ,-0.11726828448946799     )
   23.900109999999998        1.2500000000000000     
 (  2.5928423271404077     , 0.13463687700681062     ) (  2.5936629433015015     , 0.13485994237335638     )
 (  1.1814108589974908     , 0.11808686884274912     ) (  1.1704502391972106E-007,  1.1712036062012583E-008) (  1.1704502358220993E-007,  1.1712036060663984E-008) ( -1.1818565195689126     ,-0.11825613913188883     )
   23.950105000000001        1.2500000000000000     
 (  2.6091306993123791     , 0.13593950545416325     ) (  2.6099567875650975     , 0.13616547555997999     )
 (  1.1841076875077685     , 0.11907619152367983     ) (  1.1731233674609517E-007,  1.1810223238248866E-008) (  1.1731233640145091E-007,  1.1810223236801220E-008) ( -1.1845548943102737     ,-0.11924735343828188     )
   24.000100000000000        1.2500000000000000     
 (  2.6254860160187565     , 0.13725056530221413     ) (  2.6263175957865852     , 0.13747947001968891     )
 (  1.1867747153476254     , 0.12006880791350519     ) (  1.1757669869686965E-007,  1.1908738460467911E-008) (  1.1757669834356073E-007,  1.1908738459026899E-008) ( -1.1872234623868467     ,-0.12024187501209088     )
   24.050094999999999        1.2500000000000000     
 (  2.6419086293000302     , 0.13857007397422019     ) (  2.6427457248859967     , 0.13880194321512460     )
 (  1.1894118013006554     , 0.12106466383281687     ) (  1.1783809490368813E-007,  1.2007576355754684E-008) (  1.1783809454287036E-007,  1.2007576354253669E-008) ( -1.1898620724420521     ,-0.12123964959102883     )
   24.100089999999998        1.2500000000000000     
 (  2.6583986857514192     , 0.13989805679870834     ) (  2.6592413130416030     , 0.14013292104381894     )
 (  1.1920185993247965     , 0.12206371447618002     ) (  1.1809649166489501E-007,  1.2106732526310610E-008) (  1.1809649129560069E-007,  1.2106732524770937E-008) ( -1.1924703851799212     ,-0.12224063266837165     )
   24.150085000000001        1.2500000000000000     
 (  2.6749562564894576     , 0.14123453101273090     ) (  2.6758044379861268     , 0.14147242056712794     )
 (  1.1945948194352141     , 0.12306590356068849     ) (  1.1835186038641494E-007,  1.2206201361664657E-008) (  1.1835186000709024E-007,  1.2206201360126366E-008) ( -1.1950481129811192     ,-0.12324476749382325     )
   24.200080000000000        1.2500000000000000     
 (  2.6915813903789356     , 0.14257952312398547     ) (  2.6924351422762802     , 0.14282046864235862     )
 (  1.1971402444052188     , 0.12407119026617631     ) (  1.1860417886729087E-007,  1.2305978854582754E-008) (  1.1860417847975446E-007,  1.2305978852907581E-008) ( -1.1975950290833151     ,-0.12425201350991892     )
   24.250074999999999        1.2500000000000000     
 (  2.7082742831182443     , 0.14393305038274071     ) (  2.7091336256088177     , 0.14417708299410151     )
 (  1.1996545046607479     , 0.12507951612168874     ) (  1.1885341078100898E-007,  1.2406059238109631E-008) (  1.1885341038426267E-007,  1.2406059236425869E-008) ( -1.2001107690002681     ,-0.12526231240065194     )
   24.300069999999998        1.2500000000000000     
 (  2.7250351325653486     , 0.14529513087844922     ) (  2.7259000849542625     , 0.14554228141225969     )
 (  1.2021375309668303     , 0.12609082508397490     ) (  1.1909954930288827E-007,  1.2506436925957172E-008) (  1.1909954890425066E-007,  1.2506436924181090E-008) ( -1.2025952619326779     ,-0.12627560770759794     )
   24.350065000000001        1.2500000000000000     
 (  2.7418641517976750     , 0.14666579189223661     ) (  2.7427347378679188     , 0.14691609180436141     )
 (  1.2045889496406119     , 0.12710506980306377     ) (  1.1934255803056539E-007,  1.2607107272081004E-008) (  1.1934255761613689E-007,  1.2607107270293098E-008) ( -1.2050481419881904     ,-0.12729185242674151     )
   24.400060000000000        1.2500000000000000     
 (  2.7587611727122181     , 0.14804505156441364     ) (  2.7596374053037134     , 0.14829853238103136     )
 (  1.2070083838703474     , 0.12812219536255262     ) (  1.1958239843184620E-007,  1.2708064833664451E-008) (  1.1958239800829254E-007,  1.2708064831872405E-008) ( -1.2074690180004888     ,-0.12831099145069147     )
   24.450054999999999        1.2500000000000000     
 (  2.7757265827321906     , 0.14943291772543404     ) (  2.7766084848000108     , 0.14968961087521018     )
 (  1.2093955846857276     , 0.12914213100620950     ) (  1.1981904638157413E-007,  1.2809302580618460E-008) (  1.1981904595486022E-007,  1.2809302578681335E-008) ( -1.2098576468454714     ,-0.12933295379414958     )
   24.500049999999998        1.2500000000000000     
 (  2.7927606034808434     , 0.15082942911409614     ) (  2.7936481956325996     , 0.15108936648735974     )
 (  1.2117505392611374     , 0.13016484228725930     ) (  1.2005250140115458E-007,  1.2910817135335720E-008) (  1.2005250096463631E-007,  1.2910817133366172E-008) ( -1.2122140252444611     ,-0.13035770520058693     )
   24.550045000000001        1.2500000000000000     
 (  2.8098631561348153     , 0.15223460412890252     ) (  2.8107564550942290     , 0.15249781825680142     )
 (  1.2140727676294223     , 0.13119026856818897     ) (  1.2028271446404003E-007,  1.3012602537725970E-008) (  1.2028271401751157E-007,  1.3012602535753047E-008) ( -1.2145376559593144     ,-0.13138518541304708     )
   24.600040000000000        1.2500000000000000     
 (  2.8270343503414272     , 0.15364845303886593     ) (  2.8279333737460912     , 0.15391497597709669     )
 (  1.2163619560459600     , 0.13221834004581562     ) (  1.2050965555007564E-007,  1.3114651817042680E-008) (  1.2050965509226984E-007,  1.3114651814931217E-008) ( -1.2168282384152844     ,-0.13241532392000346     )
   24.650034999999999        1.2500000000000000     
 (  2.8442743978669451     , 0.15507100415921724     ) (  2.8451791636158426     , 0.15534086865416108     )
 (  1.2186177617050753     , 0.13324900761675490     ) (  1.2073328980433927E-007,  1.3216960161767010E-008) (  1.2073328933849781E-007,  1.3216960159559769E-008) ( -1.2190854187791187     ,-0.13344807210953849     )
   24.700029999999998        1.2500000000000000     
 (  2.8615836191257986     , 0.15650226601570499     ) (  2.8624941464830096     , 0.15677550432257509     )
 (  1.2208403201464582     , 0.13428220242705088     ) (  1.2095363161031641E-007,  1.3319520697565183E-008) (  1.2095363113178284E-007,  1.3319520695352190E-008) ( -1.2213093410204021     ,-0.13448336044681489     )
   24.750025000000001        1.2500000000000000     
 (  2.8789620268777663     , 0.15794227040503558     ) (  2.8798783395522105     , 0.15821891596360674     )
 (  1.2230291067066468     , 0.13531787107222651     ) (  1.2117062861268865E-007,  1.3422328227900347E-008) (  1.2117062812434554E-007,  1.3422328225679423E-008) ( -1.2234994779307862     ,-0.13552113633370003     )
   24.800020000000000        1.2500000000000000     
 (  2.8964094995406322     , 0.15939103623704370     ) (  2.8973316116344936     , 0.15967112193153510     )
 (  1.2251837162784731     , 0.13635595660775721     ) (  1.2138424042711615E-007,  1.3525377055049905E-008) (  1.2138423992830318E-007,  1.3525377052786177E-008) ( -1.2256554227417868     ,-0.13656134217657220     )
   24.850014999999999        1.2500000000000000     
 (  2.9139265880869987     , 0.16084858425667353     ) (  2.9148545167533713     , 0.16113214364536546     )
 (  1.2273041038163697     , 0.13739639462222206     ) (  1.2159446267974638E-007,  1.3628660851109738E-008) (  1.2159446216892762E-007,  1.3628660848704661E-008) ( -1.2277771311320358     ,-0.13760391398600622     )
   24.900009999999998        1.2500000000000000     
 (  2.9315132667699886     , 0.16231492576114284     ) (  2.9324470305689037     , 0.16260199206417678     )
 (  1.2293901266676650     , 0.13843911268192952     ) (  1.2180128150941277E-007,  1.3732172383318686E-008) (  1.2180128098866250E-007,  1.3732172380834681E-008) ( -1.2298644613091967     ,-0.13864877861628691     )
   24.950005000000001        1.2500000000000000     
 (  2.9491696363884086     , 0.16379009131239944     ) (  2.9501092577922789     , 0.16408069851889856     )
 (  1.2314411263679543     , 0.13948405828800062     ) (  1.2200463136072470E-007,  1.3835906529175172E-008) (  1.2200463083274477E-007,  1.3835906526666275E-008) ( -1.2319167510140088     ,-0.13969588424019516     )
   25.000000000000000        1.2500000000000000     
 (  2.9668958335693425     , 0.16527410170205478     ) (  2.9678413282863989     , 0.16556828383981015     )
 (  1.2334571639978826     , 0.14053117115740232     ) (  1.2220451881778331E-007,  1.3939857303487614E-008) (  1.2220451827334619E-007,  1.3939857300775679E-008) ( -1.2339340691923413     ,-0.14074517034135223     )
