   54.507727272727273     
   243.16000000000000     
   1.3854400124806487        1.4232136002385737E-004
         501           1
 
   12.000000000000000        12.000000000000000     
   2.5000000000000001E-003   1.2500000000000000     
 (  4.9641168773374263E-011,  1.6612992152683762E-014) (  4.9774239083023405E-011,  1.6699522482176185E-014)
 (  4.9641167344942236E-011,  1.6612991595765930E-014) (  4.8686550082964160E-018,  1.6334596949037058E-021) (  4.8686550082964160E-018,  1.6334596949037058E-021) ( -4.9774237651205740E-011, -1.6699521922775227E-014)
   5.2495000000000000E-002   1.2500000000000000     
 (  4.5959909261857969E-007,  1.5382765150730513E-010) (  4.6083112733613623E-007,  1.5462888526806479E-010)
 (  4.5959326154648392E-007,  1.5382537807977705E-010) (  4.5075513870803771E-014,  1.5124763947223530E-017) (  4.5075513870803771E-014,  1.5124763947223530E-017) ( -4.6082528244332070E-007, -1.5462660170398081E-010)
  0.10249000000000000        1.2500000000000000     
 (  3.4204198086252371E-006,  1.1456177073526543E-009) (  3.4295891062793301E-006,  1.1515849878301189E-009)
 (  3.4202543977217701E-006,  1.1455532162322265E-009) (  3.3544822195317208E-013,  1.1263567985113056E-016) (  3.3544822195317208E-013,  1.1263567985113056E-016) ( -3.4294233033150786E-006, -1.1515202091571448E-009)
  0.15248500000000001        1.2500000000000000     
 (  1.1265021679251948E-005,  3.7799807614397865E-009) (  1.1295221827416766E-005,  3.7996707684307390E-009)
 (  1.1263815841418250E-005,  3.7795106186159843E-009) (  1.1047212454719688E-012,  3.7161775245732245E-016) (  1.1047212454719688E-012,  3.7161775245732255E-016) ( -1.1294013131396317E-005, -3.7991985292789596E-009)
  0.20247999999999999        1.2500000000000000     
 (  2.6376608426254643E-005,  8.8817655611838196E-009) (  2.6447325541384149E-005,  8.9280337619309593E-009)
 (  2.6371630376497416E-005,  8.8798246425795814E-009) (  2.5864510150859123E-012,  8.7310304469693825E-016) (  2.5864510150859119E-012,  8.7310304469693795E-016) ( -2.6442335691709007E-005, -8.9260841885507569E-009)
  0.25247500000000000        1.2500000000000000     
 (  5.1139418821857051E-005,  1.7318551872066067E-008) (  5.1276538065993082E-005,  1.7408777508236837E-008)
 (  5.1124413875593560E-005,  1.7312701387442404E-008) (  5.0141320292794041E-012,  1.7022613875916527E-015) (  5.0141320292794049E-012,  1.7022613875916531E-015) ( -5.1261497550467328E-005, -1.7402900934252855E-008)
  0.30247000000000002        1.2500000000000000     
 (  8.7939059949181781E-005,  3.0031846537941014E-008) (  8.8174874091682715E-005,  3.0188321098986194E-008)
 (  8.7902030547113314E-005,  3.0017408251459896E-008) (  8.6211759596616282E-012,  2.9514468311220190E-015) (  8.6211759596616217E-012,  2.9514468311220182E-015) ( -8.8137756905756455E-005, -3.0173818422755439E-008)
  0.35246499999999997        1.2500000000000000     
 (  1.3916283659523679E-004,  4.8077013898029951E-008) (  1.3953605593274747E-004,  4.8327538877205074E-008)
 (  1.3908327444660037E-004,  4.8045990498230195E-008) (  1.3640890323737828E-011,  4.7241029189776117E-015) (  1.3640890323737820E-011,  4.7241029189776069E-015) ( -1.3945630515630402E-004, -4.8296377112795952E-008)
  0.40245999999999998        1.2500000000000000     
 (  2.0720013517637505E-004,  7.2671923816668936E-008) (  2.0775590266731118E-004,  7.3050663284824204E-008)
 (  2.0704570572389856E-004,  7.2611705365717755E-008) (  2.0306462888618779E-011,  7.1395251214660258E-015) (  2.0306462888618756E-011,  7.1395251214660100E-015) ( -2.0760110705932752E-004, -7.2990176234052432E-008)
  0.45245499999999994        1.2500000000000000     
 (  2.9444265221121940E-004,  1.0525435920542167E-007) (  2.9523255429767301E-004,  1.0580299511107723E-007)
 (  2.9416533160325179E-004,  1.0514621552790817E-007) (  2.8850929955543847E-011,  1.0338484748348914E-014) (  2.8850929955543792E-011,  1.0338484748348871E-014) ( -2.9495457609494892E-004, -1.0569436901357175E-007)
  0.50244999999999995        1.2500000000000000     
 (  4.0328486429564255E-004,  1.4754810414096251E-007) (  4.0436695033477813E-004,  1.4831733726837299E-007)
 (  4.0281652908432346E-004,  1.4736546298244239E-007) (  3.9507169551754241E-011,  1.4489706134832216E-014) (  3.9507169551754092E-011,  1.4489706134832108E-014) ( -4.0389750446680390E-004, -1.4813388126088523E-007)
  0.55244499999999985        1.2500000000000000     
 (  5.3612427522194042E-004,  2.0163782871202305E-007) (  5.3756307746439104E-004,  2.0268927493476747E-007)
 (  5.3537174517320676E-004,  2.0134433934259335E-007) (  5.2507872074371021E-011,  1.9797209100001069E-014) (  5.2507872074370666E-011,  1.9797209100000816E-014) ( -5.3680876258951416E-004, -2.0239447597869179E-007)
  0.60243999999999998        1.2500000000000000     
 (  6.9536172849894772E-004,  2.7005271219779326E-007) (  6.9722828238786086E-004,  2.7146124210060785E-007)
 (  6.9420126266905434E-004,  2.6960009405158569E-007) (  6.8085517319495782E-011,  2.6508510805779762E-014) (  6.8085517319495059E-011,  2.6508510805779216E-014) ( -6.9606506384577290E-004, -2.7100660397826493E-007)
  0.65243499999999988        1.2500000000000000     
 (  8.8340182772724267E-004,  3.5585877179501035E-007) (  8.8577369094177847E-004,  3.5771533569943806E-007)
 (  8.8167307429682024E-004,  3.5518444741830136E-007) (  8.6472361963666473E-011,  3.4923683185821535E-014) (  8.6472361963664947E-011,  3.4923683185820425E-014) ( -8.8404083620697552E-004, -3.5703800132491678E-007)
  0.70242999999999989        1.2500000000000000     
 (  1.1026532901186425E-003,  4.6275995644466471E-007) (  1.1056145798520706E-003,  4.6517494891556043E-007)
 (  1.1001526905043816E-003,  4.6178446792288808E-007) (  1.0790042245359988E-010,  4.5405272938820522E-014) (  1.0790042245359698E-010,  4.5405272938818351E-014) ( -1.1031080469135683E-003, -4.6419510512936276E-007)
  0.75242499999999990        1.2500000000000000     
 (  1.3555289480727878E-003,  5.9520802902872653E-007) (  1.3591703463928461E-003,  5.9831523263093297E-007)
 (  1.3520025946119540E-003,  5.9383223654595633E-007) (  1.3260141850039375E-010,  5.8389084911199226E-014) (  1.3260141850038827E-010,  5.8389084911195200E-014) ( -1.3556356243904857E-003, -5.9693329611268368E-007)
  0.80241999999999991        1.2500000000000000     
 (  1.6444467494272125E-003,  7.5852120989400207E-007) (  1.6488655657375484E-003,  7.6248238314598470E-007)
 (  1.6395826997688417E-003,  7.5662327063181406E-007) (  1.6080682327462378E-010,  7.4395828640837957E-014) (  1.6080682327461413E-010,  7.4395828640830838E-014) ( -1.6439899710069034E-003, -7.6057596560977597E-007)
  0.85241499999999992        1.2500000000000000     
 (  1.9718291261770801E-003,  9.5901158033862273E-007) (  1.9771292981253328E-003,  9.6402172020914622E-007)
 (  1.9652491710072865E-003,  9.5644370590267804E-007) (  1.9274774207031556E-010,  9.4043624548984447E-014) (  1.9274774207029888E-010,  9.4043624548972141E-014) ( -1.9705337222020668E-003, -9.6144237110641411E-007)
  0.90240999999999982        1.2500000000000000     
 (  2.3401042475106643E-003,  1.2041210791267415E-006) (  2.3463963825942086E-003,  1.2104144054298200E-006)
 (  2.3313551362199028E-003,  1.2007060678383611E-006) (  2.2865498574654307E-010,  1.1806135491760114E-013) (  2.2865498574651536E-010,  1.1806135491758064E-013) ( -2.3376264969347136E-003, -1.2069841283122946E-006)
  0.95240499999999984        1.2500000000000000     
 (  2.7517059738322129E-003,  1.5025668919753977E-006) (  2.7591074072651363E-003,  1.5104236447199505E-006)
 (  2.7402500937601082E-003,  1.4980944322996060E-006) (  2.6875901427533991E-010,  1.4730294219078749E-013) (  2.6875901427529509E-010,  1.4730294219075412E-013) ( -2.7476243200760587E-003, -1.5059311837046088E-006)
   1.0024000000000000        1.2500000000000000     
 (  3.2090738768773869E-003,  1.8644947629817249E-006) (  3.2177086760282153E-003,  1.8742488159751176E-006)
 (  3.1942793938121955E-003,  1.8587175043126509E-006) (  3.1328988069999249E-010,  1.8276240209087315E-013) (  3.1328988069992109E-010,  1.8276240209082041E-013) ( -3.2028790491879814E-003, -1.8684457081917435E-006)
   1.0523950000000000        1.2500000000000000     
 (  3.7146535480383153E-003,  2.3016412776310821E-006) (  3.7246525576517327E-003,  2.3136885991860722E-006)
 (  3.6957840003589999E-003,  2.2942706610540411E-006) (  3.6247721174486549E-010,  2.2558977660097415E-013) (  3.6247721174475480E-010,  2.2558977660089253E-013) ( -3.7057381757846985E-003, -2.3062849861368892E-006)
   1.1023899999999998        1.2500000000000000     
 (  4.2708982456907216E-003,  2.8275061925007871E-006) (  4.2823991576384042E-003,  2.8423143262729555E-006)
 (  4.2471016001230299E-003,  2.8182080339106830E-006) (  4.1655031860126385E-010,  2.7710806580155991E-013) (  4.1655031860109609E-010,  2.7710806580143561E-013) ( -4.2585459574187414E-003, -2.8329745158625885E-006)
   1.1523849999999998        1.2500000000000000     
 (  4.8802671950039364E-003,  3.4575316613454860E-006) (  4.8934145849694605E-003,  3.4756501421110628E-006)
 (  4.8505643546663934E-003,  3.4459214817920861E-006) (  4.7573797370434475E-010,  3.3883082546583299E-013) (  4.7573797370409432E-010,  3.3883082546564806E-013) ( -4.8636411355286622E-003, -3.4639879165948653E-006)
   1.2023800000000000        1.2500000000000000     
 (  5.5452272730325469E-003,  4.2092908848314179E-006) (  5.5601726207363108E-003,  4.2313626798163743E-006)
 (  5.5085000531645096E-003,  4.1949289689773561E-006) (  5.4026852182419780E-010,  4.1248069340283544E-013) (  5.4026852182382940E-010,  4.1248069340256548E-013) ( -5.5233580704105749E-003, -4.2169363302444102E-006)
   1.2523750000000000        1.2500000000000000     
 (  6.2682525391646680E-003,  5.1026871711284191E-006) (  6.2851543058136438E-003,  5.1294612778192314E-006)
 (  6.2232311068264731E-003,  5.0850733506440821E-006) (  6.1036978719083935E-010,  5.0000894659208899E-013) (  6.1036978719030830E-010,  5.0000894659219188E-013) ( -6.2400257913261953E-003, -5.1117683614604825E-006)
   1.3023699999999998        1.2500000000000000     
 (  7.0518246430678012E-003,  6.1601593354700562E-006) (  7.0708482994269375E-003,  6.1925045100332529E-006)
 (  6.9970743925793092E-003,  6.1387274719364428E-006) (  6.8626905329860650E-010,  6.0361567337789906E-013) (  6.8626905329785449E-010,  6.0361567337734753E-013) ( -7.0159677900082061E-003, -6.1709763054059852E-006)
   1.3523649999999998        1.2500000000000000     
 (  7.8984346363075979E-003,  7.4068967231041099E-006) (  7.9197527239470242E-003,  7.4458163701188970E-006)
 (  7.8323425641458905E-003,  7.3810088807086644E-006) (  7.6819319422451402E-010,  7.2577088897421715E-013) (  7.6819319422345584E-010,  7.2577088897344208E-013) ( -7.8535033621025263E-003, -7.4198120196432861E-006)
   1.4023599999999998        1.2500000000000000     
 (  8.8105806810429791E-003,  8.8710657159474952E-006) (  8.8343728729564450E-003,  8.9177141697660763E-006)
 (  8.7313411923083898E-003,  8.8400059943306660E-006) (  8.5636839484011984E-010,  8.6923679386389930E-013) (  8.5636839483865345E-010,  8.6923679386282918E-013) ( -8.7549447469280114E-003, -8.8865144798959797E-006)
   1.4523549999999998        1.2500000000000000     
 (  9.7907699065854694E-003,  1.0584038209830857E-005) (  9.8172230675601449E-003,  1.0639738181729994E-005)
 (  9.6963700946939551E-003,  1.0547006220985172E-005) (  9.5102028073876586E-010,  1.0370902012735030E-012) (  9.5102028073675767E-010,  1.0370902012730240E-012) ( -9.7225984552763538E-003, -1.0602539064394744E-005)
   1.5023499999999999        1.2500000000000000     
 (  1.0841519130388402E-002,  1.2580638551942191E-005) (  1.0870827377631814E-002,  1.2646900061382844E-005)
 (  1.0729723533520977E-002,  1.2536742499278310E-005) (  1.0523739375779752E-009,  1.2327467973024226E-012) (  1.0523739375752662E-009,  1.2327467973004387E-012) ( -1.0758765466203730E-002, -1.2602805574042967E-005)
   1.5523449999999999        1.2500000000000000     
 (  1.1965353729974605E-002,  1.4899391558461762E-005) (  1.1997718461863068E-002,  1.4977932329483721E-005)
 (  1.1833688528097850E-002,  1.4847640890464354E-005) (  1.1606537425466505E-009,  1.4599855022719725E-012) (  1.1606537425430028E-009,  1.4599855022693124E-012) ( -1.1865739504144931E-002, -1.4925947287728790E-005)
   1.6023399999999999        1.2500000000000000     
 (  1.3164808668914117E-002,  1.7582781149633065E-005) (  1.3200438656892792E-002,  1.7675548520459078E-005)
 (  1.3010545376073872E-002,  1.7522078757825036E-005) (  1.2760834218038011E-009,  1.7229738720336611E-012) (  1.2760834217989480E-009,  1.7229738720301374E-012) ( -1.3045807626260647E-002, -1.7614570648293062E-005)
   1.6523349999999999        1.2500000000000000     
 (  1.4442427409652873E-002,  2.0677517061672194E-005) (  1.4481538827518315E-002,  2.0786711115567561E-005)
 (  1.4262565996038467E-002,  2.0606650965009052E-005) (  1.3988858817603902E-009,  2.0262942553168216E-012) (  1.3988858817539823E-009,  2.0262942553121772E-012) ( -1.4301248495024125E-002, -2.0715522679033902E-005)
   1.7023299999999999        1.2500000000000000     
 (  1.5800768142559287E-002,  2.4234820653410277E-005) (  1.5843584755779384E-002,  2.4362919816383242E-005)
 (  1.5592019650143210E-002,  2.4152455106514762E-005) (  1.5292837848682290E-009,  2.3749719344859241E-012) (  1.5292837848598759E-009,  2.3749719344798717E-012) ( -1.5634338267642815E-002, -2.4280178676279120E-005)
   1.7523250000000001        1.2500000000000000     
 (  1.7242393062004154E-002,  2.8310695204145975E-005) (  1.7289146126815900E-002,  2.8460482453137440E-005)
 (  1.7001161690701549E-002,  2.8215361233061963E-005) (  1.6674984198480453E-009,  2.7745015678429959E-012) (  1.6674984198372035E-009,  2.7745015678351704E-012) ( -1.7047339041369462E-002, -2.8364712537816481E-005)
   1.8023199999999997        1.2500000000000000     
 (  1.8769879087275638E-002,  3.2966238856379678E-005) (  1.8820807475297997E-002,  3.3140830772572471E-005)
 (  1.8492243750114209E-002,  3.2856324043923197E-005) (  1.8137507207433018E-009,  3.2308780045321134E-012) (  1.8137507207293545E-009,  3.2308780045259952E-012) ( -1.8542509274587268E-002, -3.3030411795001317E-005)
   1.8523149999999997        1.2500000000000000     
 (  2.0385813605287000E-002,  3.8267931949601588E-005) (  2.0441163995917673E-002,  3.8470808507981067E-005)
 (  2.0067508929758397E-002,  3.8141669529741015E-005) (  1.9682608026210378E-009,  3.7506243937215087E-012) (  1.9682608026032001E-009,  3.7506243937087059E-012) ( -2.0122099039302996E-002, -3.8343964981181932E-005)
   1.9023099999999997        1.2500000000000000     
 (  2.2092793624977035E-002,  4.4287952386624464E-005) (  2.2152820367966480E-002,  4.4522989580784366E-005)
 (  2.1729190446734697E-002,  4.4143409458791289E-005) (  2.1312477972600752E-009,  4.3408232232220067E-012) (  2.1312477972373985E-009,  4.3408232232057628E-012) ( -2.1788348339718662E-002, -4.4377778950647784E-005)
   1.9523049999999997        1.2500000000000000     
 (  2.3893430128391631E-002,  5.1104507758806915E-005) (  2.3958395634844924E-002,  5.1376011603454618E-005)
 (  2.3479515458769352E-002,  5.0939572603226764E-005) (  2.3029302781405336E-009,  5.0091488515156748E-012) (  2.3029302781119417E-009,  5.0091488514951965E-012) ( -2.3543491454294869E-002, -5.1210311463146025E-005)
   2.0023000000000000        1.2500000000000000     
 (  2.5790341577169289E-002,  5.8802156032289381E-005) (  2.5860515984881184E-002,  5.9114899580750240E-005)
 (  2.5320698043174005E-002,  5.8614524336145227E-005) (  2.4835255033698550E-009,  5.7638990642470349E-012) (  2.4835255033339645E-009,  5.7638990642214779E-012) ( -2.5389749202214647E-002, -5.8926393795975529E-005)
   2.0522950000000000        1.2500000000000000     
 (  2.7786159607304239E-002,  6.7472130113325015E-005) (  2.7861821168939975E-002,  6.7831390187121093E-005)
 (  2.7254944307312991E-002,  6.7259290148343395E-005) (  2.6732499858198988E-009,  6.6140266889914062E-012) (  2.6732499857751045E-009,  6.6140266889596591E-012) ( -2.7329334766033383E-002, -6.7617553950385210E-005)
   2.1022900000000000        1.2500000000000000     
 (  2.9883532598922860E-002,  7.7212710860841889E-005) (  2.9964967811170320E-002,  7.7624309968924240E-005)
 (  2.9284455599314176E-002,  7.6971927244430291E-005) (  2.8723197817253789E-009,  7.5691764499824505E-012) (  2.8723197816698019E-009,  7.5691764499431901E-012) ( -2.9364456639804391E-002, -7.7382393430730904E-005)
   2.1522849999999996        1.2500000000000000     
 (  3.2085112920381624E-002,  8.8129566656587616E-005) (  3.2172616189316806E-002,  8.8599915640711889E-005)
 (  3.1411415019344094E-002,  8.7857862878128103E-005) (  3.0809491256309175E-009,  8.6397181316050743E-012) (  3.0809491255622367E-009,  8.6397181316033537E-012) ( -3.1497304682619007E-002, -8.8326926280882774E-005)
   2.2022799999999996        1.2500000000000000     
 (  3.4393573002743046E-002,  1.0033611618860127E-004) (  3.4487447230967409E-002,  1.0087225884877775E-004)
 (  3.3638003063788627E-002,  1.0003025540405734E-004) (  3.2993520510709024E-009,  9.8367820883062870E-012) (  3.2993520509865341E-009,  9.8367820882470241E-012) ( -3.3730066677931110E-002, -1.0056494211383274E-004)
   2.2522749999999996        1.2500000000000000     
 (  3.6811594258319848E-002,  1.1395390829885093E-004) (  3.6912150708451968E-002,  1.1456356930820535E-004)
 (  3.5966386053206269E-002,  1.1361037252288724E-004) (  3.5277411877607338E-009,  1.1172296561155238E-011) (  3.5277411876574561E-009,  1.1172296561083186E-011) ( -3.6064916036419953E-002, -1.1421838760605767E-004)
   2.3022699999999996        1.2500000000000000     
 (  3.9341867252930575E-002,  1.2911299865560252E-004) (  3.9449425546067271E-002,  1.2980463294224429E-004)
 (  3.8398715802808861E-002,  1.2872796590274722E-004) (  3.7663277422040079E-009,  1.2659024464597727E-011) (  3.7663277420783385E-009,  1.2659024464526206E-011) ( -3.8504011604438802E-002, -1.2941774258221471E-004)
   2.3522650000000001        1.2500000000000000     
 (  4.1987106901354966E-002,  1.4595232408443792E-004) (  4.2101995407718300E-002,  1.4673517049746396E-004)
 (  4.0937144208945064E-002,  1.4552164352360991E-004) (  4.0153229621132241E-009,  1.4310600224125678E-011) (  4.0153229619610228E-009,  1.4310600224020269E-011) ( -4.1049512625909820E-002, -1.4630239660731698E-004)
   2.4022600000000001        1.2500000000000000     
 (  4.4750026253773757E-002,  1.6462014120024538E-004) (  4.4872581693000499E-002,  1.6550427663859088E-004)
 (  4.3583796548878673E-002,  1.6413930590343593E-004) (  4.2749354492211444E-009,  1.6141572488859724E-011) (  4.2749354490372986E-009,  1.6141572488733026E-011) ( -4.3703551278315891E-002, -1.6502108565589506E-004)
   2.4522550000000001        1.2500000000000000     
 (  4.7633363141888457E-002,  1.8527437886241098E-004) (  4.7763931233155976E-002,  1.8627077669120868E-004)
 (  4.6340797532412985E-002,  1.8473849586992050E-004) (  4.5453738081643806E-009,  1.8167438760796019E-011) (  4.5453738079430543E-009,  1.8167438760660112E-011) ( -4.6468259750377584E-002, -1.8573224612261518E-004)
   2.5022500000000001        1.2500000000000000     
 (  5.0639865944699415E-002,  2.0808309993122900E-004) (  5.0778801275223218E-002,  2.0920369086987353E-004)
 (  4.9210256927907092E-002,  2.0748685773560552E-004) (  4.8268451659530750E-009,  2.0404690550900367E-011) (  4.8268451656878412E-009,  2.0404690550735794E-011) ( -4.9345755096427177E-002, -2.0860447647532307E-004)
   2.5522449999999997        1.2500000000000000     
 (  5.3772297000095545E-002,  2.3322490451947205E-004) (  5.3919963165007495E-002,  2.3448264054207142E-004)
 (  5.2194271815820897E-002,  2.3256253702715786E-004) (  5.1195554140555731E-009,  2.2870852766951287E-011) (  5.1195554137391054E-009,  2.2870852766737050E-011) ( -5.2338141724823872E-002, -2.3381693990579200E-004)
   2.6022399999999997        1.2500000000000000     
 (  5.7033424256110479E-002,  2.6088931177153566E-004) (  5.7190193320810136E-002,  2.6229823148880306E-004)
 (  5.5294918295210854E-002,  2.6015455922830138E-004) (  5.4237083376599442E-009,  2.5584520904661165E-011) (  5.4237083372834621E-009,  2.5584520904407942E-011) ( -5.5447502480810047E-002, -2.6155974455677015E-004)
   2.6522349999999997        1.2500000000000000     
 (  6.0426041093355809E-002,  2.9127729231412548E-004) (  6.0592295023624322E-002,  2.9285259238361034E-004)
 (  5.8514270329805891E-002,  2.9046335807044046E-004) (  5.7395076483377870E-009,  2.8565413308617312E-011) (  5.7395076478908613E-009,  2.8565413308319340E-011) ( -5.8675919446126490E-002, -2.9203447777589875E-004)
   2.7022299999999997        1.2500000000000000     
 (  6.3952950841430031E-002,  3.2460166445804126E-004) (  6.4129080215110185E-002,  3.2635977198822581E-004)
 (  6.1854384387778870E-002,  3.2370116795981025E-004) (  6.0671552127497588E-009,  3.1834409649493112E-011) (  6.0671552122216437E-009,  3.1834409649143299E-011) ( -6.2025455808220741E-002, -3.2545459948665355E-004)
   2.7522249999999997        1.2500000000000000     
 (  6.7616973867877045E-002,  3.6108751458673320E-004) (  6.7803379305352629E-002,  3.6304616149038596E-004)
 (  6.5317305425485875E-002,  3.6009243955414174E-004) (  6.4068519068091827E-009,  3.5413591761377990E-011) (  6.4068519061869361E-009,  3.5413591761000518E-011) ( -6.5498164611907994E-002, -3.6204585965627463E-004)
   2.8022199999999997        1.2500000000000000     
 (  7.1420937969044723E-002,  4.0097273083992719E-004) (  7.1618029340502418E-002,  4.0315103630988650E-004)
 (  6.8905056694281847E-002,  3.9987436844287185E-004) (  6.7587964033478778E-009,  3.9326296144878457E-011) (  6.7587964026168164E-009,  3.9326296144401936E-011) ( -6.9096076341040327E-002, -4.0204683505700079E-004)
   2.8522149999999997        1.2500000000000000     
 (  7.5367683912621664E-002,  4.4450838223821198E-004) (  7.5575880089291086E-002,  4.4692693306487634E-004)
 (  7.2619645481833722E-002,  4.4329726924543692E-004) (  7.1231857804253002E-009,  4.3597150342919406E-011) (  7.1231857795685189E-009,  4.3597150342802031E-011) ( -7.2821205168097050E-002, -4.4570930111714204E-004)
   2.9022099999999997        1.2500000000000000     
 (  7.9460082552689812E-002,  4.9195928092827634E-004) (  7.9679812957131432E-002,  4.9464021793771092E-004)
 (  7.6463078892294353E-002,  4.9062513144630584E-004) (  7.5002172481958098E-009,  4.8252127904461798E-011) (  7.5002172472906393E-009,  4.8252127903820029E-011) ( -7.6675566580722596E-002, -4.9329879380794178E-004)
   2.9522049999999997        1.2500000000000000     
 (  8.3701001114714235E-002,  5.4360444904668129E-004) (  8.3932704448744344E-002,  5.4657156053135748E-004)
 (  8.0437330711596478E-002,  5.4213608024387462E-004) (  7.8900846227494276E-009,  5.3318594139724466E-011) (  7.8900846215828664E-009,  5.3318594138985083E-011) ( -8.0661141341359821E-002, -5.4509507742732226E-004)
   3.0021999999999998        1.2500000000000000     
 (  8.8093326596387689E-002,  5.9973750805063892E-004) (  8.8337451614751178E-002,  6.0301631616300534E-004)
 (  8.4544362488731234E-002,  5.9812275868680953E-004) (  8.2929805954114561E-009,  5.8825342801389048E-011) (  8.2929805940551777E-009,  5.8825342800538151E-011) ( -8.4779898685165930E-002, -6.0139251957148942E-004)
   3.0521949999999998        1.2500000000000000     
 (  9.2639972010825036E-002,  6.6066739412118066E-004) (  9.2896977483500467E-002,  6.6428526238276626E-004)
 (  8.8786131148157754E-002,  6.5889303560211373E-004) (  8.7090974012554104E-009,  6.4802667396664453E-011) (  8.7090973996843562E-009,  6.4802667395751181E-011) ( -8.9033803171477077E-002, -6.6250082014449518E-004)
   3.1021899999999998        1.2500000000000000     
 (  9.7343846551937924E-002,  7.2671859062947198E-004) (  9.7614201611246509E-002,  7.3070481834572321E-004)
 (  9.3164557925734692E-002,  7.2477022958283984E-004) (  9.1386238014172822E-009,  7.1282381797478337E-011) (  9.1386237995985999E-009,  7.1282381796362289E-011) ( -9.3424783791578564E-002, -7.2874522205671106E-004)
   3.1521849999999998        1.2500000000000000     
 ( 0.10220788683564612     ,  7.9823185477913977E-004) ( 0.10249207064074427     ,  8.0261778550406039E-004)
 (  9.7681558739631733E-002,  7.9609382690881117E-004) (  9.5817480080492053E-009,  7.8297891843183308E-011) (  9.5817480059517880E-009,  7.8297891841911582E-011) ( -9.7954763922428065E-002, -8.0046724320268436E-004)
   3.2021799999999998        1.2500000000000000     
 ( 0.10723504429185042     ,  8.7556462755085602E-004) ( 0.10753354660184046     ,  8.8038375762241683E-004)
 ( 0.10233903138800930     ,  8.7321988192710052E-004) (  1.0038656504566205E-008,  8.5884234491584216E-011) (  1.0038656502023634E-008,  8.5884234490138369E-011) (-0.10262564922477908     , -8.7802507670129619E-004)
   3.2521749999999998        1.2500000000000000     
 ( 0.11242826775406026     ,  9.5909153869492918E-004) ( 0.11274158868392516     ,  9.6437962965356227E-004)
 ( 0.10713883812301743     ,  9.5652151126935931E-004) (  1.0509532266860064E-008,  9.4078126535173814E-011) (  1.0509532264087812E-008,  9.4078126533533696E-011) (-0.10743930945909143     , -9.6179408890152533E-004)
   3.3021699999999998        1.2500000000000000     
 ( 0.11779055236632370     ,  1.0492050066643400E-003) ( 0.11811920286173640     ,  1.0550001999028388E-003)
 ( 0.11208285246773479     ,  1.0463894830549131E-003) (  1.0994559420294013E-008,  1.0291802243859748E-010) (  1.0994559416988242E-008,  1.0291802243674422E-010) (-0.11239762614258372     , -1.0521674106231740E-003)
   3.3521649999999998        1.2500000000000000     
 ( 0.12332488500817911     ,  1.1463159128155811E-003) ( 0.12366938637196911     ,  1.1526588704637627E-003)
 ( 0.11717290686495056     ,  1.1432328780829218E-003) (  1.1493918014948172E-008,  1.1244418157389362E-010) (  1.1493918011315487E-008,  1.1244418157193408E-010) (-0.11750243905729921     , -1.1495566245512687E-003)
   3.4021599999999999        1.2500000000000000     
 ( 0.12903425137311808     ,  1.2508535898067771E-003) ( 0.12939513582934931     ,  1.2577875927354350E-003)
 ( 0.12241079583732291     ,  1.2474790658011791E-003) (  1.2007784431333332E-008,  1.2269866166585092E-010) (  1.2007784427184194E-008,  1.2269866166363405E-010) (-0.12275555046167723     , -1.2543916980375693E-003)
   3.4521549999999999        1.2500000000000000     
 ( 0.13492170590977645     ,  1.3632672182959053E-003) ( 0.13529951808775875     ,  1.3708383276430014E-003)
 ( 0.12779834942014853     ,  1.3595750869352162E-003) (  1.2536338681505999E-008,  1.3372546021764179E-010) (  1.2536338676781154E-008,  1.3372546021598774E-010) (-0.12815879971626426     , -1.3671224290928048E-003)
   3.5021500000000003        1.2500000000000000     
 ( 0.14099025806770460     ,  1.4840255396532645E-003) ( 0.14138555196850786     ,  1.4922827088654379E-003)
 ( 0.13333731433362164     ,  1.4799873510482077E-003) (  1.3079752304981719E-008,  1.4557048009932711E-010) (  1.3079752299607082E-008,  1.4557048009640771E-010) (-0.13371393951098107     , -1.4882180943810068E-003)
   3.5521449999999994        1.2500000000000000     
 ( 0.14724296227405448     ,  1.6136179950269162E-003) ( 0.14765630335077382     ,  1.6226132273121207E-003)
 ( 0.13902944725695920     ,  1.6092027578028835E-003) (  1.3638198019927189E-008,  1.5828164362097309E-010) (  1.3638198013828388E-008,  1.5828164361796629E-010) (-0.13942273455269744     , -1.6181686154427559E-003)
   3.6021399999999995        1.2500000000000000     
 ( 0.15368288465465074     ,  1.7525547922212117E-003) ( 0.15411485029532795     ,  1.7623432729981276E-003)
 ( 0.14487647918590515     ,  1.7477287488631384E-003) (  1.4211846075149242E-008,  1.7190889517875708E-010) (  1.4211846068432277E-008,  1.7190889517515241E-010) (-0.14528692431048990     , -1.7574845857314364E-003)
   3.6521349999999995        1.2500000000000000     
 ( 0.16031311506989726     ,  1.9013683397741002E-003) ( 0.16076429519977811     ,  1.9120086103493446E-003)
 ( 0.15088012733843054     ,  1.8960947215563757E-003) (  1.4800865423114784E-008,  1.8650434352048255E-010) (  1.4800865415301083E-008,  1.8650434351648569E-010) (-0.15130823488724029     , -1.9066987248570449E-003)
   3.7021299999999995        1.2500000000000000     
 ( 0.16713672221131606     ,  2.0606124886689207E-003) ( 0.16760771617429104     ,  2.0721665706288517E-003)
 ( 0.15704205057815124     ,  2.0548512514400618E-003) (  1.5405418984774943E-008,  2.0212218088229800E-010) (  1.5405418975954749E-008,  2.0212218087787824E-010) (-0.15748833075133384     , -2.0663650519125694E-003)
   3.7521249999999995        1.2500000000000000     
 ( 0.17415682073791602     ,  2.2308644241369165E-003) ( 0.17464824092985842     ,  2.2433980051989669E-003)
 ( 0.16336391473448175     ,  2.2245719606916649E-003) (  1.6025670719749791E-008,  2.1881887172061080E-010) (  1.6025670709808767E-008,  2.1881887171900692E-010) (-0.16382888693561343     , -2.2370608149927607E-003)
   3.8021199999999995        1.2500000000000000     
 ( 0.18137653975358953     ,  2.4127243555510554E-003) ( 0.18188901059886578     ,  2.4263069589744320E-003)
 ( 0.16984736040550549     ,  2.4058531880242397E-003) (  1.6661782016922084E-008,  2.3665311882064739E-010) (  1.6661782005472161E-008,  2.3665311881532288E-010) (-0.17033155215173493     , -2.4193861441832581E-003)
   3.8521149999999995        1.2500000000000000     
 ( 0.18879899688579677     ,  2.6068163564771647E-003) ( 0.18933315491746655     ,  2.6215214862931918E-003)
 ( 0.17649397902123720     ,  2.5993148010509978E-003) (  1.7313909441626587E-008,  2.5568594032158051E-010) (  1.7313909429056515E-008,  2.5568594031627368E-010) (-0.17699792575680851     , -2.6139648397266301E-003)
   3.9021099999999995        1.2500000000000000     
 ( 0.19642734911542445     ,  2.8137891192413248E-003) ( 0.19698384241098654     ,  2.8296944702753866E-003)
 ( 0.18330535943924164     ,  2.8056009280141344E-003) (  1.7982209250720702E-008,  2.7598074766750979E-010) (  1.7982209236623659E-008,  2.7598074765718379E-010) (-0.18382960392130382     , -2.8214451678437078E-003)
   3.9521050000000000        1.2500000000000000     
 ( 0.20426474230122466     ,  3.0343164343847951E-003) ( 0.20484423106197885     ,  3.0515040622741971E-003)
 ( 0.19028303992872872     ,  3.0253804050388946E-003) (  1.8666832801690616E-008,  2.9760338536125714E-010) (  1.8666832785901210E-008,  2.9760338535492321E-010) (-0.19082813269488699     , -3.0425002680767661E-003)
   4.0021000000000004        1.2500000000000000     
 ( 0.21231437136850420     ,  3.2690972591889840E-003) ( 0.21291752953803886     ,  3.2876537499373004E-003)
 ( 0.19742856771235257     ,  3.2593468197799182E-003) (  1.9367932475699308E-008,  3.2062213520205099E-010) (  1.9367932458041047E-008,  3.2062213519515354E-010) (-0.19799506850995208     , -3.2778281956360221E-003)
   4.0520950000000004        1.2500000000000000     
 ( 0.22057938857150025     ,  3.5188577918646509E-003) ( 0.22120690113892655     ,  3.5388745053073047E-003)
 ( 0.20474340440311956     ,  3.5082205491704607E-003) (  2.0085652017728714E-008,  3.4510792276881313E-010) (  2.0085651998381006E-008,  3.4510792276684951E-010) (-0.20533187952102813     , -3.5281540328993568E-003)
   4.1020900000000005        1.2500000000000000     
 ( 0.22906300723520395     ,  3.7843499309342344E-003) ( 0.22971557248267405     ,  3.8059231544606041E-003)
 ( 0.21222903169992308     ,  3.7727471893042094E-003) (  2.0820137330513498E-008,  3.7113415506827610E-010) (  2.0820137308508522E-008,  3.7113415506026036E-010) (-0.21284005588646129     , -3.7942282290018654E-003)
   4.1520850000000005        1.2500000000000000     
 ( 0.23776844496815244     ,  4.0663539066346267E-003) ( 0.23844677389208557     ,  4.0895850984074339E-003)
 ( 0.21988689191991606     ,  4.0537001476746055E-003) (  2.1571530413561655E-008,  3.9877698279047186E-010) (  2.1571530389421719E-008,  3.9877698278189203E-010) (-0.22052104782609580     , -4.0768292812548689E-003)
   4.2020800000000005        1.2500000000000000     
 ( 0.24669889659083502     ,  4.3656767393994824E-003) ( 0.24740371355006083     ,  4.3906726914250014E-003)
 ( 0.22771836508942397     ,  4.3518790646512664E-003) (  2.2339967220143211E-008,  4.2811513803549488E-010) (  2.2339967192876310E-008,  4.2811513802583832E-010) (-0.22837624360210784     , -4.3767620757735751E-003)
   4.2520750000000005        1.2500000000000000     
 ( 0.25585763558822766     ,  4.6831552211477152E-003) ( 0.25658967880503619     ,  4.7100283434147738E-003)
 ( 0.23572486118315189     ,  4.6681127537530369E-003) (  2.3125586671973692E-008,  4.5923023371271877E-010) (  2.3125586642433302E-008,  4.5923023370261435E-010) (-0.23640706190691405     , -4.6948609484106377E-003)
   4.3020699999999996        1.2500000000000000     
 ( 0.26524784531109269     ,  5.0196545693580175E-003) ( 0.26600786260185144     ,  5.0485230851845392E-003)
 ( 0.24390765980941870     ,  5.0032578153686611E-003) (  2.3928514528231421E-008,  4.9220661925174641E-010) (  2.3928514494613504E-008,  4.9220661924214461E-010) (-0.24461478683303586     , -5.0319882090808996E-003)
   4.3520649999999996        1.2500000000000000     
 ( 0.27487282732941043     ,  5.3760696605573751E-003) ( 0.27566158383832484     ,  5.4070578023181050E-003)
 ( 0.25226811374201585     ,  5.3581998222446007E-003) (  2.4748884401855874E-008,  5.2713149651413256E-010) (  2.4748884364604033E-008,  5.2713149650412626E-010) (-0.25300078255430969     , -5.3890353269902885E-003)
   4.4020599999999996        1.2500000000000000     
 ( 0.28473582117032187     ,  5.7533264661746592E-003) ( 0.28555409368162366     ,  5.7865648184409566E-003)
 ( 0.26080746825278911     ,  5.7338547067694425E-003) (  2.5586818902370838E-008,  5.6409506986828959E-010) (  2.5586818861139160E-008,  5.6409506985699475E-010) (-0.26156630091592614     , -5.7669244648412676E-003)
   4.4520549999999997        1.2500000000000000     
 ( 0.29484009378449466     ,  6.1523808784938339E-003) ( 0.29568867218677147     ,  6.1880064921127570E-003)
 ( 0.26952695242895502     ,  6.1311675384898602E-003) (  2.6442439123363682E-008,  6.0319040418948833E-010) (  2.6442439078529560E-008,  6.0319040417464250E-010) (-0.27031257801172737     , -6.1666070263324295E-003)
   4.5020499999999997        1.2500000000000000     
 ( 0.30518894183507944     ,  6.5742208152444973E-003) ( 0.30606863003318951     ,  6.6123775675291426E-003)
 ( 0.27842777636297406     ,  6.5511145676156691E-003) (  2.7315864415380680E-008,  6.4451364872460972E-010) (  2.7315864365797744E-008,  6.4451364871393216E-010) (-0.27924083221790208     , -6.5890659452387266E-003)
   4.5520449999999997        1.2500000000000000     
 ( 0.31578566769098776     ,  7.0198649918505086E-003) ( 0.31669728472888536     ,  7.0607037667306648E-003)
 ( 0.28751110839473820     ,  6.9947019540949080E-003) (  2.8207210130520918E-008,  6.8816389516815663E-010) (  2.8207210076008227E-008,  6.8816389515841358E-010) (-0.28835224094186279     , -7.0353142337765328E-003)
   4.6020399999999997        1.2500000000000000     
 ( 0.32663353090178071     ,  7.4903666563340323E-003) ( 0.32757790818966215     ,  7.5340456728876298E-003)
 ( 0.29677803327225161     ,  7.4629694256391505E-003) (  2.9116583129352140E-008,  7.3424354989052465E-010) (  2.9116583068920577E-008,  7.3424354988105539E-010) (-0.29764789456173890     , -7.5063987879782123E-003)
   4.6520349999999997        1.2500000000000000     
 ( 0.33773587127015453     ,  7.9868111351585596E-003) ( 0.33871385400748921     ,  8.0334961785702395E-003)
 ( 0.30622966190724293     ,  7.9569877713086615E-003) (  3.0044093047376406E-008,  7.8285807911909354E-010) (  3.0044092980802072E-008,  7.8285807911016620E-010) (-0.30712891216790783     , -8.0033977829160937E-003)
   4.7020300000000006        1.2500000000000000     
 ( 0.34909600870820245     ,  8.5103169950419381E-003) ( 0.35010845775592975     ,  8.5601817444794781E-003)
 ( 0.31586704125404358     ,  8.4778599306671379E-003) (  3.0989843343675328E-008,  8.3411612503787982E-010) (  3.0989843268577268E-008,  8.3411612502972186E-010) (-0.31679634916089788     , -8.5274218579264524E-003)
   4.7520250000000006        1.2500000000000000     
 ( 0.36071722419648611     ,  9.0620370059325828E-003) ( 0.36176501250528131     ,  9.1152632515053948E-003)
 ( 0.32569113057944510     ,  9.0267218912636390E-003) (  3.1953928594455862E-008,  8.8812958246405866E-010) (  3.1953928514920897E-008,  8.8812958248081795E-010) (-0.32665117045771547     , -9.0796149020398557E-003)
   4.8020200000000006        1.2500000000000000     
 ( 0.37260287690211374     ,  9.6431589074408575E-003) ( 0.37368689293172747     ,  9.6999368792659163E-003)
 ( 0.33570291537731572     ,  9.6047433684505745E-003) (  3.2936446240391499E-008,  9.4501367645247886E-010) (  3.2936446151173015E-008,  9.4501367644681536E-010) (-0.33669437006077374     , -9.6611548452934116E-003)
   4.8520150000000006        1.2500000000000000     
 ( 0.38475631041312131     ,  1.0254906289486724E-002) ( 0.38587745698377934     ,  1.0315434988913597E-002)
 ( 0.34590331758045406     ,  1.0213128622533655E-002) (  3.3937487410238313E-008,  1.0048870421786160E-009) (  3.3937487312402408E-008,  1.0048870421664730E-009) (-0.34692687732467642     , -1.0273254476607114E-002)
   4.9020100000000006        1.2500000000000000     
 ( 0.39718082558813794     ,  1.0898537998772195E-002) ( 0.39834002024134080     ,  1.0963025465171047E-002)
 ( 0.35629316968354285     ,  1.0853115769987390E-002) (  3.4957134454633913E-008,  1.0678716512304455E-009) (  3.4957134349032045E-008,  1.0678716512273632E-009) (-0.35734953184797380     , -1.0917160689145017E-002)
   4.9520050000000007        1.2500000000000000     
 ( 0.40987978020658905     ,  1.1575348228449904E-002) ( 0.41107795378990364     ,  1.1644011872756859E-002)
 ( 0.36687331117150307     ,  1.1525976789401213E-002) (  3.5995470330040508E-008,  1.1340928186608600E-009) (  3.5995470213317773E-008,  1.1340928187129726E-009) (-0.36796317940483536     , -1.1594154552305270E-002)
   5.0020000000000007        1.2500000000000000     
 ( 0.42285652066885221     ,  1.2286669649069180E-002) ( 0.42409462002376513     ,  1.2359736585008833E-002)
 ( 0.37764450713246989     ,  1.2233020562554478E-002) (  3.7052570874045387E-008,  1.2036795002483839E-009) (  3.7052570747468006E-008,  1.2036795003040935E-009) (-0.37876859289253639     , -1.2305554349053498E-002)
   5.0519950000000007        1.2500000000000000     
 ( 0.43611437105057754     ,  1.3033869868568030E-002) ( 0.43739335657735617     ,  1.3111577150201567E-002)
 ( 0.38860746669577650     ,  1.2975589232943670E-002) (  3.8128506291856609E-008,  1.2767639268532072E-009) (  3.8128506154460003E-008,  1.2767639269099258E-009) (-0.38976648746253606     , -1.3052711840142877E-002)
   5.1019899999999998        1.2500000000000000     
 ( 0.44965674227908037     ,  1.3818357278821164E-002) ( 0.45097759027813550     ,  1.3900952465153139E-002)
 ( 0.39976291836768452     ,  1.3755063964539750E-002) (  3.9223348835992123E-008,  1.3534821996401103E-009) (  3.9223348683333863E-008,  1.3534821997026859E-009) (-0.40095759939644882     , -1.3837018346706689E-002)
   5.1519849999999998        1.2500000000000000     
 ( 0.46348695431812281     ,  1.4641574184797970E-002) ( 0.46485065607912890     ,  1.4729315380836322E-002)
 ( 0.41111145671940813     ,  1.4572857934832822E-002) (  4.0337157583773459E-008,  1.4339735534975544E-009) (  4.0337157418886717E-008,  1.4339735535714659E-009) (-0.41234252990858605     , -1.4659897219338577E-002)
   5.2019799999999998        1.2500000000000000     
 ( 0.47760833999055824     ,  1.5505004704684935E-002) ( 0.47901590052379073     ,  1.5598161129459581E-002)
 ( 0.42265363097388475     ,  1.5430424152542864E-002) (  4.1469987063405809E-008,  1.5183811731076114E-009) (  4.1469986882156415E-008,  1.5183811731896158E-009) (-0.42392183390255628     , -1.5522812182999359E-002)
   5.2519749999999998        1.2500000000000000     
 ( 0.49202430815322640     ,  1.6410171363602493E-002) ( 0.49347674986676804     ,  1.6509023721966002E-002)
 ( 0.43439001859401927     ,  1.6329251919841494E-002) (  4.2621894845546850E-008,  1.6068518274938092E-009) (  4.2621894650408921E-008,  1.6068518275384387E-009) (-0.43569609721286223     , -1.6427263596503507E-002)
   5.3019699999999998        1.2500000000000000     
 ( 0.50673816646315739     ,  1.7358635451979413E-002) ( 0.50823652375724615     ,  1.7463476074938280E-002)
 ( 0.44632103490222902     ,  1.7270867063274874E-002) (  4.3792922155796287E-008,  1.6995358699626432E-009) (  4.3792921944952754E-008,  1.6995358700621003E-009) (-0.44766573831579715     , -1.7374788456312133E-002)
   5.3519649999999999        1.2500000000000000     
 ( 0.52175324994253547     ,  1.8351998151710746E-002) ( 0.52329857379728295     ,  1.8463131700672965E-002)
 ( 0.45844707281864189     ,  1.8256832937114772E-002) (  4.4983108403743133E-008,  1.7965873914374931E-009) (  4.4983108172849528E-008,  1.7965873914470043E-009) (-0.45983115718419182     , -1.8366961957847202E-002)
   5.4019599999999999        1.2500000000000000     
 ( 0.53707293110043841     ,  1.9391901329687839E-002) ( 0.53866628640627945     ,  1.9509644880072691E-002)
 ( 0.47076850419387761     ,  1.9288751086199454E-002) (  4.6192490765040170E-008,  1.8981642238090556E-009) (  4.6192490511547137E-008,  1.8981642239935388E-009) (-0.47219273102875647     , -1.9405397535163654E-002)
   5.4519549999999999        1.2500000000000000     
 ( 0.55270056758317532     ,  2.0480024156239150E-002) ( 0.55434303615565983     ,  2.0604707732403832E-002)
 ( 0.48328563263350011     ,  2.0368257703863437E-002) (  4.7421099894563440E-008,  2.0044276385639902E-009) (  4.7421099622194940E-008,  2.0044276387667197E-009) (-0.48475077024328822     , -2.0491743773144597E-002)
   5.5019499999999999        1.2500000000000000     
 ( 0.56863945601989507     ,  2.1618091116492249E-002) ( 0.57033213410526762     ,  2.1750058043484583E-002)
 ( 0.49599864652978626     ,  2.1497031514510719E-002) (  4.8668955010771267E-008,  2.1155430986278195E-009) (  4.8668954714903705E-008,  2.1155430988526981E-009) (-0.49750546790679251     , -2.1627692098694778E-002)
   5.5519449999999999        1.2500000000000000     
 ( 0.58489302492687056     ,  2.2807864540508635E-002) ( 0.58663702514379190     ,  2.2947471788142260E-002)
 ( 0.50890780540181069     ,  2.2676786134456416E-002) (  4.9936082491193788E-008,  2.2316795110239342E-009) (  4.9936082174112689E-008,  2.2316795111115545E-009) (-0.51045709070546130     , -2.2814969134922009E-002)
   5.6019399999999999        1.2500000000000000     
 ( 0.60146450290613274     ,  2.4051150574900267E-002) ( 0.60326094920932971     ,  2.4198769438935980E-002)
 ( 0.52201311213695956     ,  2.3909275869389374E-002) (  5.1222482922185233E-008,  2.3530098261809681E-009) (  5.1222482580779140E-008,  2.3530098264573246E-009) (-0.52360564128796394     , -2.4055342834855789E-002)
   5.6519349999999999        1.2500000000000000     
 ( 0.61835728847536708     ,  2.5349793857082029E-002) ( 0.62020732544507029     ,  2.5505810042953020E-002)
 ( 0.53531468371620117     ,  2.5196290240922108E-002) (  5.2528169168610805E-008,  2.4797104448158528E-009) (  5.2528168792679696E-008,  2.4797104449953406E-009) (-0.53695124773200253     , -2.5350616403189884E-002)
   5.7019299999999999        1.2500000000000000     
 ( 0.63557463522471114     ,  2.6705683249634519E-002) ( 0.63747941830286792     ,  2.6870497428111737E-002)
 ( 0.54881242996790824     ,  2.6539659541581880E-002) (  5.3853132759413538E-008,  2.6119618061506101E-009) (  5.3853132354947722E-008,  2.6119618065027785E-009) (-0.55049382012174630     , -2.6702634325427414E-002)
   5.7519250000000000        1.2500000000000000     
 ( 0.65311987276763783     ,  2.8120747771269539E-002) ( 0.65508057503819850     ,  2.8294775936590036E-002)
 ( 0.56250628387534751     ,  2.7941250563173599E-002) (  5.5197368056386433E-008,  2.7499479513515120E-009) (  5.5197367620535347E-008,  2.7499479516005355E-009) (-0.56423329707537684     , -2.8113277893331776E-002)
   5.8019200000000000        1.2500000000000000     
 ( 0.67099632077537641     ,  2.9596959526220139E-002) ( 0.67301413026943224     ,  2.9780633610126776E-002)
 ( 0.57639610897476845     ,  2.9402969321212016E-002) (  5.6560862505423046E-008,  2.8938568147176822E-009) (  5.6560862037762319E-008,  2.8938568150300884E-009) (-0.57816954670347087     , -2.9584468182695660E-002)
   5.8519150000000009        1.2500000000000000     
 ( 0.68920724591457494     ,  3.1136332817270504E-002) ( 0.69128336449121197     ,  3.1330100858282084E-002)
 ( 0.59048164622025501     ,  3.0926759989562864E-002) (  5.7943591286618636E-008,  3.0438800755035789E-009) (  5.7943590776499959E-008,  3.0438800760924984E-009) (-0.59230231120409793     , -3.1118164541847879E-002)
   5.9019100000000000        1.2500000000000000     
 ( 0.70775594066989156     ,  3.2740926552716557E-002) ( 0.70989158747965031     ,  3.2945253641936852E-002)
 ( 0.60476261849619284     ,  3.2514607099321913E-002) (  5.9345528256580669E-008,  3.2002134496810163E-009) (  5.9345527711886384E-008,  3.2002134502030343E-009) (-0.60663131976840223     , -3.2716367561475307E-002)
   5.9519050000000000        1.2500000000000000     
 ( 0.72664560578792925     ,  3.4412839661804688E-002) ( 0.72884201152096162     ,  3.4628207801695177E-002)
 ( 0.61923857338777522     ,  3.4168530665868252E-002) (  6.0766629477515798E-008,  3.3630561049127681E-009) (  6.0766628890396565E-008,  3.3630561056317341E-009) (-0.62115611941023263     , -3.4381113113422755E-002)
   6.0019000000000000        1.2500000000000000     
 ( 0.74587955902780811     ,  3.6154210346841305E-002) ( 0.74813797418407091     ,  3.6381119060557257E-002)
 ( 0.63390913645407665     ,  3.5890585312097038E-002) (  6.2206859518223956E-008,  3.5326106500094014E-009) (  6.2206858885693142E-008,  3.5326106508058365E-009) (-0.63587634357476308     , -3.6114472217978345E-002)
   6.0518950000000000        1.2500000000000000     
 ( 0.76546102304442931     ,  3.7967225198962687E-002) ( 0.76778271060064662     ,  3.8206192382584013E-002)
 ( 0.64877376422031863     ,  3.7682869071524301E-002) (  6.3666165510899237E-008,  3.7090840180130037E-009) (  6.3666164829823324E-008,  3.7090840188945293E-009) (-0.65079144750370643     , -3.7918560089487421E-002)
   6.1018900000000000        1.2500000000000000     
 ( 0.78539316514285351     ,  3.9854108400440943E-002) ( 0.78777939951212250     ,  4.0105670220897345E-002)
 ( 0.66383179127837988     ,  3.9547512313360379E-002) (  6.5144482694835664E-008,  3.8926862906984547E-009) (  6.5144481962394774E-008,  3.8926862915470643E-009) (-0.66590076549073340     , -3.9795524105927016E-002)
   6.1518850000000000        1.2500000000000000     
 ( 0.80567922040185114     ,  4.1817132892587594E-002) ( 0.80813129714095844     ,  4.2081844637897124E-002)
 ( 0.67908257692465801     ,  4.1486688731601905E-002) (  6.6641749550216984E-008,  4.0836318646764684E-009) (  6.6641748762900230E-008,  4.0836318657794029E-009) (-0.68120366356106410     , -4.1747555738383645E-002)
   6.2018800000000001        1.2500000000000000     
 ( 0.82632234614281042     ,  4.3858608811453551E-002) ( 0.82884156887732652     ,  4.4137045593399454E-002)
 ( 0.69452530620946717     ,  4.3502603435555898E-002) (  6.8157886256233545E-008,  4.2821382734853212E-009) (  6.8157885409357683E-008,  4.2821382747132931E-009) (-0.69669932135006074     , -4.3776878492906887E-002)
   6.2518750000000001        1.2500000000000000     
 ( 0.84732571051810157     ,  4.5980887469308986E-002) ( 0.84991340322008768     ,  4.6273644028603227E-002)
 ( 0.71015914331225893     ,  4.5597496688078269E-002) (  6.9692812217777061E-008,  4.4884264636470719E-009) (  6.9692811312825550E-008,  4.4884264650421186E-009) (-0.71238691072740001     , -4.5885750750880805E-002)
   6.3018700000000001        1.2500000000000000     
 ( 0.86869244886945174     ,  4.8186366783608721E-002) ( 0.87134994465820526     ,  4.8494058457066440E-002)
 ( 0.72598312734254777     ,  4.7773649015161901E-002) (  7.1246433355203528E-008,  4.7027214095121086E-009) (  7.1246432380854700E-008,  4.7027214107668439E-009) (-0.72826546461930142     , -4.8076472033984803E-002)
   6.3518650000000001        1.2500000000000000     
 ( 0.89042571646288360     ,  5.0477479839848211E-002) ( 0.89315436696085782     ,  5.0800742766576666E-002)
 ( 0.74199627252462208     ,  5.0033369396209566E-002) (  7.2818654206670971E-008,  4.9252508814469791E-009) (  7.2818653161931799E-008,  4.9252508831603861E-009) (-0.74433400277000861     , -5.0351370424893523E-002)
   6.4018600000000001        1.2500000000000000     
 ( 0.91252861380541739     ,  5.2856712521404454E-002) ( 0.91532978699021883     ,  5.3196204767068322E-002)
 ( 0.75819747195558884     ,  5.2379012775311859E-002) (  7.4409366940750730E-008,  5.1562472492466314E-009) (  7.4409365820080083E-008,  5.1562472513394769E-009) (-0.76059141730124535     , -5.2712820993775319E-002)
   6.4518550000000001        1.2500000000000000     
 ( 0.93500406248081391     ,  5.5326575130132088E-002) ( 0.93787913036961568     ,  5.5682976208341804E-002)
 ( 0.77458535041835486     ,  5.4812951030728016E-002) (  7.6018436558506718E-008,  5.3959444872204066E-009) (  7.6018435366795338E-008,  5.3959444892311801E-009) (-0.77703632366536735     , -5.5163215167882980E-002)
   6.5018500000000001        1.2500000000000000     
 ( 0.95785532483789693     ,  5.7889637242504143E-002) ( 0.96080568606255534     ,  5.8263649419279182E-002)
 ( 0.79115883686903188     ,  5.7337607759017473E-002) (  7.7645759873519765E-008,  5.6445817456909739E-009) (  7.7645758597267907E-008,  5.6445817479677844E-009) (-0.79366766096690067     , -5.7704997278043749E-002)
   6.5518450000000001        1.2500000000000000     
 ( 0.98108521089430600     ,  6.0548495520725526E-002) ( 0.98411226440125110     ,  6.0940843991465460E-002)
 ( 0.80791631218704751     ,  5.9955425626787955E-002) (  7.9291177600207069E-008,  5.9024000521669144E-009) (  7.9291176234668223E-008,  5.9024000549572593E-009) (-0.81048379612076449     , -6.0340630786587940E-002)
   6.6018400000000002        1.2500000000000000     
 (  1.0046968374124210     ,  6.3305797887440743E-002) (  1.0078020036127686     ,  6.3717231540584063E-002)
 ( 0.82485640702157870     ,  6.2668890125094953E-002) (  8.0954556677491524E-008,  6.1696446894878191E-009) (  8.0954555217106376E-008,  6.1696446923053402E-009) (-0.82748336274132639     , -6.3072622629629815E-002)
   6.6518350000000002        1.2500000000000000     
 (  1.0286931615028221     ,  6.6164214108409364E-002) (  1.0318778756289588     ,  6.6595505614824260E-002)
 ( 0.84197754108829870     ,  6.5480499739156803E-002) (  8.2635743071254285E-008,  6.4465622104592455E-009) (  8.2635741510236170E-008,  6.4465622139182254E-009) (-0.84466478131124589     , -6.5903492677822348E-002)
   6.7018300000000002        1.2500000000000000     
 (  1.0530770154992082     ,  6.9126471968630462E-002) (  1.0563427174070887     ,  6.9578418279724816E-002)
 ( 0.85927790994963693     ,  6.8392801818208990E-002) (  8.4334559587770901E-008,  6.7334039892347046E-009) (  8.4334557920445797E-008,  6.7334039931018261E-009) (-0.86202623392386735     , -6.8835810050132590E-002)
   6.7518250000000002        1.2500000000000000     
 (  1.0778514482199200     ,  7.2195326768629178E-002) (  1.0811995965027210     ,  7.2668750124399509E-002)
 ( 0.87675586444253895     ,  7.1408361599804362E-002) (  8.6050845644589242E-008,  7.0304232381999187E-009) (  8.6050843866362881E-008,  7.0304232427084219E-009) (-0.87956607320537905     , -7.1872162608713541E-002)
   6.8018200000000002        1.2500000000000000     
 (  1.1030192542111612     ,  7.5373574610621483E-002) (  1.1064513233292195     ,  7.5869322658528499E-002)
 ( 0.89440944632591846     ,  7.4529775039236079E-002) (  8.7784409934070045E-008,  7.3378761767138586E-009) (  8.7784408030608500E-008,  7.3378761816507206E-009) (-0.89728233666495105     , -7.5015168895645787E-002)
   6.8518150000000002        1.2500000000000000     
 (  1.1285831894811544     ,  7.8664052092906250E-002) (  1.1321006545112786     ,  7.9182998547176892E-002)
 ( 0.91223657401146740     ,  7.7759668015866104E-002) (  8.9535048037998642E-008,  7.6560220056065024E-009) (  8.9535046008215249E-008,  7.6560220105558499E-009) (-0.91517292917555870     , -7.8267477902648111E-002)
   6.9018100000000002        1.2500000000000000     
 (  1.1545461349723769     ,  8.2069624704628183E-002) (  1.1581504960142124     ,  8.2612669971097341E-002)
 ( 0.93023521149553068     ,  8.1100684241522336E-002) (  9.1302561848001545E-008,  7.9851217198869795E-009) (  9.1302559698964490E-008,  7.9851217258685293E-009) (-0.93323581901778874     , -8.1631756893779633E-002)
   6.9518050000000002        1.2500000000000000     
 (  1.1809108298896045     ,  8.5593199685085192E-002) (  1.1846035859783173     ,  8.6161270750124544E-002)
 ( 0.94840312936331017     ,  8.4555497881103864E-002) (  9.3086731970104342E-008,  8.3254392723066643E-009) (  9.3086729675776505E-008,  8.3254392784059302E-009) (-0.95146875611469828     , -8.5110703301358170E-002)
   7.0018000000000011        1.2500000000000000     
 (  1.2076799607154058     ,  8.9237712849896858E-002) (  1.2114626297593871     ,  8.9831764689090793E-002)
 ( 0.96673793347183234     ,  8.8126799526307961E-002) (  9.4887325042010990E-008,  8.6772403486481720E-009) (  9.4887322599161935E-008,  8.6772403558910730E-009) (-0.96986934884676246     , -8.8707032220326443E-002)
   7.0517949999999994        1.2500000000000000     
 (  1.2348563178751157     ,  9.3006148825303891E-002) (  1.2387304314238905     ,  9.3627164341648250E-002)
 ( 0.98523733761937593     ,  9.1817315772166314E-002) (  9.6704117250270249E-008,  9.0407941379845674E-009) (  9.6704114650083540E-008,  9.0407941459047903E-009) (-0.98843530134575519     , -9.2423494497450825E-002)
   7.1017899999999994        1.2500000000000000     
 (  1.2624424154854925     ,  9.6901509411135289E-002) (  1.2664095036689449     ,  9.7550500342998239E-002)
 (  1.0038985989305935     ,  9.5629777738476543E-002) (  9.8536839010798164E-008,  9.4163703493347676E-009) (  9.8536836252351171E-008,  9.4163703574287217E-009) ( -1.0071638511411733     , -9.6262846213785586E-002)
   7.1517849999999994        1.2500000000000000     
 (  1.2904409350473964     , 0.10092682785996893     ) (  1.2945025482861434     , 0.10160483440243875     )
 (  1.0227191578564128     ,  9.9566934048761754E-002) (  1.0038524077316370E-007,  9.8042403522767495E-009) (  1.0038523783100410E-007,  9.8042403626135425E-009) ( -1.0260524397097832     ,-0.10022786036323336     )
   7.2017799999999994        1.2500000000000000     
 (  1.3188543526460081     , 0.10508517389343264     ) (  1.3230120430443513     , 0.10579326567647056     )
 (  1.0416961296175040     , 0.10363155555238748     ) (  1.0224903895578540E-007,  1.0204677774061169E-008) (  1.0224903585177194E-007,  1.0204677784777878E-008) ( -1.0450981601841687     ,-0.10432133292650711     )
   7.2517749999999994        1.2500000000000000     
 (  1.3476853659495656     , 0.10937966486025510     ) (  1.3519407065452593     , 0.11011894269282130     )
 (  1.0608267623687380     , 0.10782644581052825     ) (  1.0412796507139081E-007,  1.0617959597020934E-008) (  1.0412796176379958E-007,  1.0617959608732058E-008) ( -1.0642982608533342     ,-0.10854609410864691     )
   7.3017699999999994        1.2500000000000000     
 (  1.3769363135128407     , 0.11381340973747796     ) (  1.3812908810899949     , 0.11458500395027857     )
 (  1.0801079324374312     , 0.11215438441854653     ) (  1.0602171287218974E-007,  1.1044360283145456E-008) (  1.0602170935916317E-007,  1.1044360295928281E-008) ( -1.0836496025128057     ,-0.11290494825959146     )
   7.3517649999999994        1.2500000000000000     
 (  1.4066096314307348     , 0.11838957747714128     ) (  1.4110650048754578     , 0.11919464995116033     )
 (  1.0995364315760068     , 0.11661819513499638     ) (  1.0792996710920241E-007,  1.1484158796969382E-008) (  1.0792996337959093E-007,  1.1484158810412612E-008) ( -1.1031489547952100     ,-0.11740074566618151     )
   7.4017599999999995        1.2500000000000000     
 (  1.4367077288256060     , 0.12311133999700706     ) (  1.4412655020331979     , 0.12395108359814556     )
 (  1.1191090595742812     , 0.12122068743227317     ) (  1.0985241462613389E-007,  1.1937632632176109E-008) (  1.0985241067093504E-007,  1.1937632648833558E-008) ( -1.1227931073459061     ,-0.12203632148606514     )
   7.4517549999999995        1.2500000000000000     
 (  1.4672329226257981     , 0.12798190764221437     ) (  1.4718946891183822     , 0.12885754719386255     )
 (  1.1388223592540150     , 0.12596469146194184     ) (  1.1178871608397267E-007,  1.2405061390168784E-008) (  1.1178871188485033E-007,  1.2405061407492670E-008) ( -1.1425785835327598     ,-0.12681453229522155     )
   7.5017499999999995        1.2500000000000000     
 (  1.4981875286389195     , 0.13300451702645069     ) (  1.5029548977574871     , 0.13391730981116673     )
 (  1.1586728527004102     , 0.13085304576924181     ) (  1.1373853116342813E-007,  1.2886725517721810E-008) (  1.1373852673658195E-007,  1.2886725536311230E-008) ( -1.1625018955301145     ,-0.13173824322637112     )
   7.5517449999999995        1.2500000000000000     
 (  1.5295738296135175     , 0.13818241902801576     ) (  1.5344484182913316     , 0.13913365576754194     )
 (  1.1786569201002046     , 0.13588858388547842     ) (  1.1570150489938150E-007,  1.3382905052936480E-008) (  1.1570150017111292E-007,  1.3382905074228691E-008) ( -1.1825594036496085     ,-0.13681031512804895     )
   7.6017399999999995        1.2500000000000000     
 (  1.5613938947236385     , 0.14351889310728422     ) (  1.5663773154249074     , 0.14450989774434150     )
 (  1.1987706025837404     , 0.14107414796311404     ) (  1.1767724835086455E-007,  1.3893880836662938E-008) (  1.1767724337095945E-007,  1.3893880860681679E-008) ( -1.2027471263228022     ,-0.14203361688901375     )
   7.6517349999999995        1.2500000000000000     
 (  1.5936499653066809     , 0.14901721138047397     ) (  1.5987438412595711     , 0.15004934024769354     )
 (  1.2190101418197923     , 0.14641255218864585     ) (  1.1966539302960010E-007,  1.4419930873237877E-008) (  1.1966538775657219E-007,  1.4419930898208187E-008) ( -1.2230612837997712     ,-0.14741098831572635     )
   7.7017299999999995        1.2500000000000000     
 (  1.6263441670931829     , 0.15468071965605226     ) (  1.6315501340989591     , 0.15575536486324060     )
 (  1.2393714989389100     , 0.15190666300435146     ) (  1.2166554391004969E-007,  1.4961338588833392E-008) (  1.2166553832942595E-007,  1.4961338617002618E-008) ( -1.2434978293181249     ,-0.15294532448823767     )
   7.7517249999999995        1.2500000000000000     
 (  1.6594784050657818     , 0.16051270990643743     ) (  1.6647980879858155     , 0.16163129700988652     )
 (  1.2598503384766517     , 0.15755927037584197     ) (  1.2367727381924131E-007,  1.5518379682636566E-008) (  1.2367726794303420E-007,  1.5518379712146662E-008) ( -1.2640523874271232     ,-0.15863944132635485     )
   7.8017199999999995        1.2500000000000000     
 (  1.6930547769375788     , 0.16651653866185528     ) (  1.6984898158238324     , 0.16768052858357935     )
 (  1.2804424542163508     , 0.16337320571513220     ) (  1.2570017152210770E-007,  1.6091334069005924E-008) (  1.2570016527700205E-007,  1.6091334101047817E-008) ( -1.2847207421800866     ,-0.16449619774820687     )
   7.8517150000000004        1.2500000000000000     
 (  1.7270751675109444     , 0.17269556727046706     ) (  1.7326272032562153     , 0.17390645650752837     )
 (  1.3011433299525905     , 0.16935128101505648     ) (  1.2773379348440611E-007,  1.6680479766074920E-008) (  1.2773378689494101E-007,  1.6680479801164315E-008) ( -1.3054983498935431     ,-0.17051843309103198     )
   7.9017100000000005        1.2500000000000000     
 (  1.7615414868922010     , 0.17905315197365557     ) (  1.7672121611437948     , 0.18031247190296451     )
 (  1.3219484061492426     , 0.17549627744568422     ) (  1.2977769201747708E-007,  1.7286091680915399E-008) (  1.2977768505439810E-007,  1.7286091720522660E-008) ( -1.3263806228305932     ,-0.17670895472595469     )
   7.9517050000000005        1.2500000000000000     
 (  1.7964555958474469     , 0.18559267681053435     ) (  1.8022465568215056     , 0.18690199613713476     )
 (  1.3428529845980106     , 0.18181097882300867     ) (  1.3183140617381018E-007,  1.7908445194815087E-008) (  1.3183139881777293E-007,  1.7908445237702486E-008) ( -1.3473628382575427     ,-0.18307057466474075     )
   8.0016999999999996        1.2500000000000000     
 (  1.8318192238252446     , 0.19231751033416986     ) (  1.8377321139528768     , 0.19367843326885847     )
 (  1.3638521339759910     , 0.18829812522235462     ) (  1.3389445173754959E-007,  1.8547811213822692E-008) (  1.3389444398573908E-007,  1.8547811260218376E-008) ( -1.3684400355287325     ,-0.18960605904269737     )
   8.0516949999999987        1.2500000000000000     
 (  1.8676340423911253     , 0.19923103917752491     ) (  1.8736705066147492     , 0.20064520685258633     )
 (  1.3849407745081748     , 0.19496044696271114     ) (  1.3596633023272418E-007,  1.9204459791945486E-008) (  1.3596632205010538E-007,  1.9204459842446494E-008) ( -1.3896071063294233     ,-0.19631816503797955     )
   8.1016899999999996        1.2500000000000000     
 (  1.9039018373093177     , 0.20633666926711569     ) (  1.9100635275136721     , 0.20780576015879446     )
 (  1.4061138970969960     , 0.20180066391921186     ) (  1.3804655018858188E-007,  1.9878659981163287E-008) (  1.3804654154700005E-007,  1.9878660035037289E-008) ( -1.4108590162750085     ,-0.20320963940182291     )
   8.1516849999999987        1.2500000000000000     
 (  1.9406240942996507     , 0.21363779052347026     ) (  1.9469126521726887     , 0.21516352026134505     )
 (  1.4273660565609418     , 0.20882144990100723     ) (  1.4013457631379328E-007,  2.0570676280707445E-008) (  1.4013456722700268E-007,  2.0570676340610826E-008) ( -1.4321902796522601     ,-0.21028318215452918     )
   8.2016799999999996        1.2500000000000000     
 (  1.9778024187498335     , 0.22113777658528305     ) (  1.9842194896873229     , 0.22272189835193837     )
 (  1.4486918590449411     , 0.21602543013044584     ) (  1.4222987924129420E-007,  2.1280768443698343E-008) (  1.4222986964285404E-007,  2.1280768510753852E-008) ( -1.4535954723334836     ,-0.21754144452332272     )
   8.2516749999999988        1.2500000000000000     
 (  2.0154384508215499     , 0.22884005682806841     ) (  2.0219856846393882     , 0.23048436277182738     )
 (  1.4700858712651501     , 0.22341525338848012     ) (  1.4433192650347791E-007,  2.2009198644879110E-008) (  1.4433191641575475E-007,  2.2009198715130478E-008) ( -1.4750691396921334     ,-0.22498710223713378     )
   8.3016699999999997        1.2500000000000000     
 (  2.0535333311469914     , 0.23674796497200240     ) (  2.0602123585414365     , 0.23845428310830211     )
 (  1.4915420388557041     , 0.23099343769939759     ) (  1.4644012154855036E-007,  2.2756215914633202E-008) (  1.4644011092149740E-007,  2.2756215992027582E-008) ( -1.4966051706246395     ,-0.23262269648868900     )
   8.3516649999999988        1.2500000000000000     
 (  2.0920887014193204     , 0.24486492337056220     ) (  2.0989011639258663     , 0.24663512311100250     )
 (  1.5130547323963204     , 0.23876255479215888     ) (  1.4855391319792071E-007,  2.3522075064113966E-008) (  1.4855390199855299E-007,  2.3522075149706990E-008) ( -1.5181979165931694     ,-0.24045082720398578     )
   8.4016599999999997        1.2500000000000000     
 (  2.1311058519577228     , 0.25319428488188811     ) (  2.1380533846843384     , 0.25503027226667008     )
 (  1.5346179242532718     , 0.24672506966965249     ) (  1.5067270886086514E-007,  2.4307019966506174E-008) (  1.5067269708436477E-007,  2.4307020055121397E-008) ( -1.5398413050676267     ,-0.24847398227214565     )
   8.4516549999999988        1.2500000000000000     
 (  2.1705861808492077     , 0.26173942210158713     ) (  2.1776704168941783     , 0.26364314251633120     )
 (  1.5562254586654964     , 0.25488342979892631     ) (  1.5279590438522326E-007,  2.5111292985103079E-008) (  1.5279589198641740E-007,  2.5111293084399918E-008) ( -1.5615291502115998     ,-0.25669463388210634     )
   8.5016499999999997        1.2500000000000000     
 (  2.2105389400544091     , 0.27050375252396230     ) (  2.2177617155189644     , 0.27247716042060421     )
 (  1.5778642692682632     , 0.26324001833966931     ) (  1.5492222583320356E-007,  2.5935129374704547E-008) (  1.5492222888157616E-007,  2.5935129729755093E-008) ( -1.5832476280308108     ,-0.26511516915529060     )
   8.5516450000000006        1.2500000000000000     
 (  2.2509492880051956     , 0.27949046745298922     ) (  2.2583120171816060     , 0.28153561556898726     )
 (  1.5995408067207673     , 0.27179715060414195     ) (  1.5705228716290379E-007,  2.6778760136162860E-008) (  1.5705229038959761E-007,  2.6778760511751410E-008) ( -1.6050045258318055     ,-0.27373796667013583     )
   8.6016399999999980        1.2500000000000000     
 (  2.2918262220878187     , 0.28870292994589997     ) (  2.2993305089286067     , 0.29082188113551743     )
 (  1.6212421626086835     , 0.28055707927899826     ) (  1.5918482886506143E-007,  2.7642407623697320E-008) (  1.5918483224376955E-007,  2.7642408027382618E-008) ( -1.6267862082119942     ,-0.28256528186540164     )
   8.6516349999999989        1.2500000000000000     
 (  2.3331708512592209     , 0.29814444186610833     ) (  2.3408183050432609     , 0.30033929760244865     )
 (  1.6429616783914234     , 0.28952201044326825     ) (  1.6131919879222435E-007,  2.8526290387542306E-008) (  1.6131920236610575E-007,  2.8526290817828102E-008) ( -1.6485859964690697     ,-0.29159934212372413     )
   8.7016299999999980        1.2500000000000000     
 (  2.3749842082803179     , 0.30781830206914262     ) (  2.3827764185986942     , 0.31009120522544897     )
 (  1.6646924506437146     , 0.29869410523187789     ) (  1.6345471689661191E-007,  2.9430622806197134E-008) (  1.6345472065598101E-007,  2.9430623264642937E-008) ( -1.6703969220487309     ,-0.30084233178763958     )
   8.7516249999999989        1.2500000000000000     
 (  2.4172671314073551     , 0.31772776685124232     ) (  2.4252056852917150     , 0.32008089905224368     )
 (  1.6864273413122104     , 0.30807543381351721     ) (  1.6559068219232934E-007,  3.0355610056784777E-008) (  1.6559068612938904E-007,  3.0355610550198806E-008) ( -1.6922118003888347     ,-0.31029634080953195     )
   8.8016199999999980        1.2500000000000000     
 (  2.4600207415621456     , 0.32787604530749492     ) (  2.4681072232863479     , 0.33031162865537933     )
 (  1.7081592988181080     , 0.31766796746903503     ) (  1.6772640338718933E-007,  3.1301447785983647E-008) (  1.6772640755121211E-007,  3.1301448308963705E-008) ( -1.7140235516732047     ,-0.31996336128375880     )
   8.8516149999999989        1.2500000000000000     
 (  2.5032460133682353     , 0.33826634841755027     ) (  2.5114819895477720     , 0.34078664401158199     )
 (  1.7298810859960614     , 0.32747363306098592     ) (  1.6986116767407751E-007,  3.2268327074333715E-008) (  1.6986117204990425E-007,  3.2268327630791130E-008) ( -1.7358248725163579     ,-0.32984533815700567     )
   8.9016099999999980        1.2500000000000000     
 (  2.5469433455960067     , 0.34890182149282190     ) (  2.5553303601420936     , 0.35150913012247875     )
 (  1.7515848486079395     , 0.33749423391280647     ) (  1.7199420283872505E-007,  3.3256426959688376E-008) (  1.7199420746007257E-007,  3.3256427554604461E-008) ( -1.7576078493818232     ,-0.33994409296654415     )
   8.9516049999999989        1.2500000000000000     
 (  2.5911137967649349     , 0.35978565606695095     ) (  2.5996534040411903     , 0.36248232080427573     )
 (  1.7732632104428516     , 0.34773157002970156     ) (  1.7412478470980166E-007,  3.4265926364208438E-008) (  1.7412478953860658E-007,  3.4265926996615935E-008) ( -1.7793650637583469     ,-0.35026144539367515     )
   9.0015999999999980        1.2500000000000000     
 (  2.6357580710992745     , 0.37092088913594468     ) (  2.6444517939019119     , 0.37370928891690436     )
 (  1.7949084161677478     , 0.35818722508684692     ) (  1.7625215126832786E-007,  3.5296982355833455E-008) (  1.7625215633975393E-007,  3.5296983027900603E-008) ( -1.8010887085919678     ,-0.36079899141947325     )
   9.0515949999999989        1.2500000000000000     
 (  2.6808769623955819     , 0.38231064783503899     ) (  2.6897263224803436     , 0.38519320535187601     )
 (  1.8165125844402128     , 0.36886282036414048     ) (  1.7837552726345884E-007,  3.6349756408464982E-008) (  1.7837553261300572E-007,  3.6349757122391169E-008) ( -1.8227708394963253     ,-0.37155837142302661     )
   9.1015899999999981        1.2500000000000000     
 (  2.7264708540717133     , 0.39395795557374014     ) (  2.7354773613851902     , 0.39693713182234086     )
 (  1.8380674759749784     , 0.37975980777734103     ) (  1.8049410344644217E-007,  3.7424392842597781E-008) (  1.8049410906145213E-007,  3.7424393603806789E-008) ( -1.8444031647580710     ,-0.38254104993438665     )
   9.1515849999999990        1.2500000000000000     
 (  2.7725408127140700     , 0.40586578819118996     ) (  2.7817059518619343     , 0.40894408420425649     )
 (  1.8595653327543333     , 0.39087953080000770     ) (  1.8260711684725970E-007,  3.8521025488987557E-008) (  1.8260712275521787E-007,  3.8521026296946683E-008) ( -1.8659778679216301     ,-0.39374838376090221     )
   9.2015799999999981        1.2500000000000000     
 (  2.8190869783038903     , 0.41803708398087680     ) (  2.8284122279929296     , 0.42121703960072271     )
 (  1.8809973763677490     , 0.40222323081425176     ) (  1.8471370476599782E-007,  3.9639778009650311E-008) (  1.8471371095987134E-007,  3.9639778870037791E-008) ( -1.8874861111317958     ,-0.40518162505881172     )
   9.2515749999999990        1.2500000000000000     
 (  2.8661101009129437     , 0.43047478799490524     ) (  2.8755969099847674     , 0.43375898356992854     )
 (  1.9023553973188203     , 0.41379208762126163     ) (  1.8681305964208051E-007,  4.0780768156424868E-008) (  1.8681306614617896E-007,  4.0780769074887323E-008) ( -1.9089196178101444     ,-0.41684196507684451     )
   9.3015699999999981        1.2500000000000000     
 (  2.9136105887996626     , 0.44318173365978974     ) (  2.9232604036547469     , 0.44657278909577042     )
 (  1.9236307298158510     , 0.42558710350499585     ) (  1.8890432971682059E-007,  4.1944096158214689E-008) (  1.8890433653605243E-007,  4.1944097125435742E-008) ( -1.9302696591780399     ,-0.42873041510745985     )
   9.3515649999999990        1.2500000000000000     
 (  2.9615889550430272     , 0.45616076526911059     ) (  2.9714031971290704     , 0.45966134050357110     )
 (  1.9448145966065327     , 0.43760921490420474     ) (  1.9098665246061469E-007,  4.3129855774958536E-008) (  1.9098665960702891E-007,  4.3129856806138365E-008) ( -1.9515274025452618     ,-0.44084791990647487     )
   9.4015599999999999        1.2500000000000000     
 (  3.0100458774631691     , 0.46941461535278561     ) (  3.0200259566334533     , 0.47302740845394475     )
 (  1.9658984519571379     , 0.44985917800765796     ) (  1.9305918735628469E-007,  4.4338122918862442E-008) (  1.9305919487038848E-007,  4.4338124011165790E-008) ( -1.9726842318519757     ,-0.45319524082467727     )
   9.4515549999999990        1.2500000000000000     
 (  3.0589815267051921     , 0.48294603307626799     ) (  3.0691288320783872     , 0.48667378209965462     )
 (  1.9868730768310543     , 0.46233768373408324     ) (  1.9512102869552595E-007,  4.5568967204109055E-008) (  1.9512103656377527E-007,  4.5568968360695930E-008) ( -1.9937308662856494     ,-0.46577307450664285     )
   9.5015499999999999        1.2500000000000000     
 (  3.1083961829611231     , 0.49675765453360160     ) (  3.1187120811962394     , 0.50060313511207422     )
 (  2.0077291651178175     , 0.47504523321980080     ) (  1.9717126062264431E-007,  4.6822439381626411E-008) (  1.9717126886129630E-007,  4.6822440609888063E-008) ( -2.0146579255551673     ,-0.47858192350202222     )
   9.5515449999999991        1.2500000000000000     
 (  3.1582906664647838     , 0.51085215292398145     ) (  3.1687765068323843     , 0.51481818368920162     )
 (  2.0284580122748790     , 0.48798228141019745     ) (  1.9920902757076046E-007,  4.8098586143643056E-008) (  1.9920903622263887E-007,  4.8098587449051959E-008) ( -2.0354566406052346     ,-0.49162224845035435     )
   9.6015400000000000        1.2500000000000000     
 (  3.2086649106949943     , 0.52523200358250799     ) (  3.2193220262898126     , 0.52932143669756504     )
 (  2.0490498369072720     , 0.50114900566331022     ) (  2.0123336879810245E-007,  4.9397426050733209E-008) (  2.0123337785430227E-007,  4.9397427427027421E-008) ( -2.0561171656622381     ,-0.50489422142980489     )
   9.6515349999999991        1.2500000000000000     
 (  3.2595194975247477     , 0.53989981011402033     ) (  3.2703491912815172     , 0.54411554256964945     )
 (  2.0694954213060908     , 0.51454561796508291     ) (  2.0324337621768046E-007,  5.0718982055738321E-008) (  2.0324338568686371E-007,  5.0718983516946435E-008) ( -2.0766301988176816     ,-0.51839805866740751     )
   9.7015300000000000        1.2500000000000000     
 (  3.3108547047220807     , 0.55485793821065876     ) (  3.3218582746939127     , 0.55920289950853297     )
 (  2.0897850197857828     , 0.52817200433166356     ) (  2.0523809303433868E-007,  5.2063243963177717E-008) (  2.0523810296977864E-007,  5.2063245507121203E-008) ( -2.0969859349658710     ,-0.53213363663384561     )
   9.7515249999999991        1.2500000000000000     
 (  3.3626709455777020     , 0.57010878644691831     ) (  3.3738496492259653     , 0.57458594486205072     )
 (  2.1099091830188379     , 0.54202799402763746     ) (  2.0721658965913792E-007,  5.3430196534464547E-008) (  2.0721660004737572E-007,  5.3430198169521561E-008) ( -2.1171748485518589     ,-0.54610077920197952     )
   9.8015200000000000        1.2500000000000000     
 (  3.4149683644955720     , 0.58565474328381528     ) (  3.4263234499920983     , 0.59026711088072115     )
 (  2.1298579175093795     , 0.55611330816710769     ) (  2.0917788283468569E-007,  5.4819814389259375E-008) (  2.0917789375193188E-007,  5.4819816122012619E-008) ( -2.1371868621523893     ,-0.56029920569360459     )
   9.8515149999999991        1.2500000000000000     
 (  3.4677471633846171     , 0.60149801671754133     ) (  3.4792798405298484     , 0.60624863642419791     )
 (  2.1496211923223987     , 0.57042738204669752     ) (  2.1112098583021746E-007,  5.6232042843071781E-008) (  2.1112099720644145E-007,  5.6232044671750806E-008) ( -2.1570118664958504     ,-0.57472833504283016     )
   9.9015100000000000        1.2500000000000000     
 (  3.5210079958711620     , 0.61764088968904718     ) (  3.5327194759578102     , 0.62253284652760732     )
 (  2.1691892692170205     , 0.58496963347383979     ) (  2.1304494307103726E-007,  5.7666826483403225E-008) (  2.1304495499407800E-007,  5.7666828408767685E-008) ( -2.1766400724179653     ,-0.58938757743209569     )
   9.9515049999999992        1.2500000000000000     
 (  3.5747509736339342     , 0.63408545887166468     ) (  3.5866424186210533     , 0.63912187516644492     )
 (  2.1885518083760611     , 0.59973918276661198     ) (  2.1494873605094133E-007,  5.9124080248902769E-008) (  2.1494874849673817E-007,  5.9124082285893214E-008) ( -2.1960610435251060     ,-0.60427603891522574     )
   10.001500000000000        1.2500000000000000     
 (  3.6289765473692008     , 0.65083382048244298     ) (  3.6410491108304450     , 0.65601785254910949     )
 (  2.2076989069516006     , 0.61473504331481965     ) (  2.1683139176880014E-007,  6.0603708238815306E-008) (  2.1683140476592290E-007,  6.0603710401073341E-008) ( -2.2152648051006931     ,-0.61939271386457773     )
   10.051494999999999        1.2500000000000000     
 (  3.6836847634698975     , 0.66788806649673638     ) (  3.6959395719408676     , 0.67322291256253464     )
 (  2.2266198690668362     , 0.62995610519906720     ) (  2.1869185753425221E-007,  6.2105603144964742E-008) (  2.1869187113740345E-007,  6.2105605421551778E-008) ( -2.2342405719599641     ,-0.63473647864951654     )
   10.101490000000000        1.2500000000000000     
 (  3.7388762352457268     , 0.68525009779799217     ) (  3.7513143950531918     , 0.69073899092907731     )
 (  2.2453046344726251     , 0.64540096272046021     ) (  2.2052914582416909E-007,  6.3629627925014445E-008) (  2.2052915997137209E-007,  6.3629630323074475E-008) ( -2.2529782253310549     ,-0.65030590452977444     )
   10.151484999999999        1.2500000000000000     
 (  3.7945511086251735     , 0.70292191703844986     ) (  3.8071736823271158     , 0.70856812868323282     )
 (  2.2637424491917453     , 0.66106818455659944     ) (  2.2234219657230055E-007,  6.5175643287886067E-008) (  2.2234221138995188E-007,  6.5175645822189071E-008) ( -2.2714669050166867     ,-0.66609953862331839     )
   10.201479999999998        1.2500000000000000     
 (  3.8507100591222501     , 0.72090524538790435     ) (  3.8635181126530611     , 0.72671207972438623     )
 (  2.2819231218535458     , 0.67695593380649932     ) (  2.2413001076644445E-007,  6.6743469675887887E-008) (  2.2413002622486260E-007,  6.6743472341529398E-008) ( -2.2896963698396728     ,-0.68211551510766844     )
   10.251474999999999        1.2500000000000000     
 (  3.9073531145367180     , 0.73920199067331549     ) (  3.9203476537302153     , 0.74517279369342815     )
 (  2.2998356809036009     , 0.69306243975996140     ) (  2.2589150565210912E-007,  6.8332934682675024E-008) (  2.2589152181543304E-007,  6.8332937488464899E-008) ( -2.3076555256180336     ,-0.69835203973427984     )
   10.301469999999998        1.2500000000000000     
 (  3.9644809278654760     , 0.75781383658099910     ) (  3.9776629686205816     , 0.76395198811853493     )
 (  2.3174695335930182     , 0.70938557468875552     ) (  2.2762564313184825E-007,  6.9943830150784636E-008) (  2.2762566004601908E-007,  6.9943833115484085E-008) ( -2.3253337383163735     ,-0.71480695159348229     )
   10.351464999999999        1.2500000000000000     
 (  4.0220939436873868     , 0.77674242407224725     ) (  4.0354644422030006     , 0.78305134157919887     )
 (  2.3348140604725991     , 0.72592302783112894     ) (  2.2933137694728379E-007,  7.1575930333227462E-008) (  2.2933139459591516E-007,  7.1575933451113059E-008) ( -2.3427202862504273     ,-0.73147790866062179     )
   10.401459999999998        1.2500000000000000     
 (  4.0801925908884211     , 0.79598945339358507     ) (  4.0937524979638162     , 0.80247258975724778     )
 (  2.3518581690945459     , 0.74267241683497887     ) (  2.3100761695339515E-007,  7.3229002035777475E-008) (  2.3100763534218088E-007,  7.3229005326536183E-008) ( -2.3598039978828398     ,-0.74836249094341667     )
   10.451454999999999        1.2500000000000000     
 (  4.1387774157656878     , 0.81555639648938438     ) (  4.1525276544604992     , 0.82221724115127737     )
 (  2.3685910785630631     , 0.75963097763366261     ) (  2.3265330312917919E-007,  7.4902774840698815E-008) (  2.3265332225805345E-007,  7.4902778307432098E-008) ( -2.3765740071805790     ,-0.76545789686336796     )
   10.501449999999998        1.2500000000000000     
 (  4.1978488762326895     , 0.83544477832944852     ) (  4.2117903282046258     , 0.84228685712524998     )
 (  2.3850017447502587     , 0.77679587050971433     ) (  2.3426734780696252E-007,  7.6596970695320232E-008) (  2.3426736782639398E-007,  7.6596974328651542E-008) ( -2.3930191772496228     ,-0.78276124435156413     )
   10.551444999999999        1.2500000000000000     
 (  4.2574078565483626     , 0.85565610008653614     ) (  4.2715413919872445     , 0.86268297904735280     )
 (  2.4010793864081843     , 0.79416405926543321     ) (  2.3584869400664734E-007,  7.8311292627878147E-008) (  2.3584871482742088E-007,  7.8311296456643900E-008) ( -2.4091286747422189     ,-0.80026945763656776     )
   10.601439999999998        1.2500000000000000     
 (  4.3174547582937404     , 0.87619168995248897     ) (  4.3317812077790068     , 0.88340696415333686     )
 (  2.4168126289941778     , 0.81173218775306999     ) (  2.3739621997776517E-007,  8.0045411167247881E-008) (  2.3739624171510915E-007,  8.0045415195775119E-008) ( -2.4248909999043655     ,-0.81797912571662568     )
   10.651434999999999        1.2500000000000000     
 (  4.3779904061293085     , 0.89705292619703614     ) (  4.3925105854630448     , 0.90446023388299801     )
 (  2.4321907914057461     , 0.82949680005989213     ) (  2.3890887758043522E-007,  8.1798988356436136E-008) (  2.3890890021398868E-007,  8.1798992596183095E-008) ( -2.4402954195173674     ,-0.83588675004327340     )
   10.701429999999998        1.2500000000000000     
 (  4.4390154458597539     , 0.91824112970038552     ) (  4.4537301209951536     , 0.92584414646528523     )
 (  2.4472022643694142     , 0.84745419138619671     ) (  2.4038552391930980E-007,  8.3571661114711161E-008) (  2.4038554748100231E-007,  8.3571665563070358E-008) ( -2.4553302284231640     ,-0.85398857298349673     )
   10.751424999999999        1.2500000000000000     
 (  4.5005309984170117     , 0.93975749033166778     ) (  4.5154409328846628     , 0.94755992205178874     )
 (  2.4618364511180899     , 0.86560038801577732     ) (  2.4182511762463159E-007,  8.5363039317909945E-008) (  2.4182514223765870E-007,  8.5363043987121243E-008) ( -2.4699847456482429     ,-0.87228055874031252     )
   10.801419999999998        1.2500000000000000     
 (  4.5625375314021861     , 0.96160326697105525     ) (  4.5776434455623782     , 0.96960886493195697     )
 (  2.4760815582073441     , 0.88393129088289013     ) (  2.4322649897358405E-007,  8.7172721839168355E-008) (  2.4322652460224707E-007,  8.7172726735733951E-008) ( -2.4842470945692612     ,-0.89075855679076188     )
   10.851414999999999        1.2500000000000000     
 (  4.6250365334753836     , 0.98377960805488152     ) (  4.6403391329515271     , 0.99199215477002689     )
 (  2.4899269990296760     , 0.90244251821427379     ) (  2.4458862870732089E-007,  8.9000278468459333E-008) (  2.4458865532532136E-007,  8.9000283613480934E-008) ( -2.4981066297933348     ,-0.90941811800825878     )
   10.901409999999998        1.2500000000000000     
 (  4.6880286568961598     ,  1.0062875510420410     ) (  4.7035286021385438     ,  1.0147108657165942     )
 (  2.5033612186140202     , 0.92112937582505627     ) (  2.4591036769903926E-007,  9.0845248758330840E-008) (  2.4591039546408587E-007,  9.0845254149121314E-008) ( -2.5115516796946697     ,-0.92825448155218881     )
   10.951404999999999        1.2500000000000000     
 (  4.7515150351580715     ,  1.0291283831633504     ) (  4.7672129630897588     ,  1.0377663311746195     )
 (  2.5163728925386852     , 0.93998725823792195     ) (  2.4719060345787483E-007,  9.2707181777355758E-008) (  2.4719063233244169E-007,  9.2707187437176469E-008) ( -2.5245708460426890     ,-0.94726298224593164     )
   11.001399999999999        1.2500000000000000     
 (  4.8154967217348084     ,  1.0523029182912449     ) (  4.8313932339207772     ,  1.0611593950986615     )
 (  2.5289507785310428     , 0.95901087488583825     ) (  2.4842823117700892E-007,  9.4585557792575537E-008) (  2.4842826122792577E-007,  9.4585563740225071E-008) ( -2.5371528166787529     ,-0.96643824966291980     )
   11.051394999999999        1.2500000000000000     
 (  4.8799756391817253     ,  1.0758124222237866     ) (  4.8960713421476960     ,  1.0848913694054227     )
 (  2.5410843277161068     , 0.97819518821597151     ) (  2.4962221525896912E-007,  9.6479883362491138E-008) (  2.4962224650132262E-007,  9.6479889600519621E-008) ( -2.5492869748518858     ,-0.98577517878324883     )
   11.101389999999999        1.2500000000000000     
 (  4.9449523549797556     ,  1.0996576795400603     ) (  4.9612477791439336     ,  1.1089630690971388     )
 (  2.5527613383883994     , 0.99753448294757463     ) (  2.5077135290103897E-007,  9.8389596860808998E-008) (  2.5077138536692579E-007,  9.8389603396670690E-008) ( -2.5609610114935863     , -1.0052679661922395     )
   11.151384999999999        1.2500000000000000     
 (  5.0104286891376955     ,  1.1238398474631432     ) (  5.0269243689873164     ,  1.1333757017535051     )
 (  2.5639713672280657     ,  1.0170231830492116     ) (  2.5187461836195953E-007,  1.0031415229027279E-007) (  2.5187465215331718E-007,  1.0031415912351897E-007) ( -2.5721644105912169     , -1.0249109661618132     )
   11.201379999999999        1.2500000000000000     
 (  5.0764061389711745     ,  1.1483597901652183     ) (  5.0931025630115654     ,  1.1581301677787543     )
 (  2.5747028144329218     ,  1.0366552264014539     ) (  2.5293087278255967E-007,  1.0225295441892329E-007) (  2.5293090797435532E-007,  1.0225296156517849E-007) ( -2.5828855173113530     , -1.0446980269270461     )
   11.251374999999999        1.2500000000000000     
 (  5.1428858481379853     ,  1.1732183663264455     ) (  5.1597834677701231     ,  1.1832273600725873     )
 (  2.5849444677076083     ,  1.0564243168257781     ) (  2.5393901069116641E-007,  1.0420538481642369E-007) (  2.5393904726753217E-007,  1.0420539231794007E-007) ( -2.5931130062276146     , -1.0646227574319296     )
   11.301369999999999        1.2500000000000000     
 (  5.2098705386368849     ,  1.1984167214367716     ) (  5.2269698044454760     ,  1.2086684774855421     )
 (  2.5946857730787327     ,  1.0763242134901960     ) (  2.5489799829883532E-007,  1.0617083221877710E-007) (  2.5489803630832302E-007,  1.0617084007155244E-007) ( -2.6028362900733351     , -1.0846788371285749     )
   11.351364999999999        1.2500000000000000     
 (  5.2773612262316432     ,  1.2239556186932645     ) (  5.2946625228510626     ,  1.2344543180501704     )
 (  2.6039149559133099     ,  1.0963480724640966     ) (  2.5580667503004671E-007,  1.0814862432865360E-007) (  2.5580671454935736E-007,  1.0814863254177819E-007) ( -2.6120434961127756     , -1.1048593189211302     )
   11.401359999999999        1.2500000000000000     
 (  5.3453599909460792     ,  1.2498361125464466     ) (  5.3628637015366483     ,  1.2605859901714191     )
 (  2.6126214135072563     ,  1.1164890794390370     ) (  2.5666400093029991E-007,  1.1013809345040130E-007) (  2.5666404194758388E-007,  1.1013810202936473E-007) ( -2.6207239641529045     , -1.1251573008912130     )
   11.451355000000000        1.2500000000000000     
 (  5.4138688486536672     ,  1.2760589922055279     ) (  5.4315753038749399     ,  1.2870643139455018     )
 (  2.6207938853123420     ,  1.1367399159661316     ) (  2.5746886708044929E-007,  1.1213852015380270E-007) (  2.5746890972503315E-007,  1.1213852912865143E-007) ( -2.6288663550566653     , -1.1455653486754209     )
   11.501349999999999        1.2500000000000000     
 (  5.4828900041985680     ,  1.3026253215489862     ) (  5.5007995277665618     ,  1.3138904116928805     )
 (  2.6284217080187311     ,  1.1570932972980876     ) (  2.5822022681968005E-007,  1.1414919086628157E-007) (  2.5822027103390913E-007,  1.1414920024423471E-007) ( -2.6364599451602837     , -1.1660760863470312     )
   11.551345000000000        1.2500000000000000     
 (  5.5524259322299816     ,  1.3295360036608270     ) (  5.5705387956426495     ,  1.3410652225621511     )
 (  2.6354939788676988     ,  1.1775415170465273     ) (  2.5891700857094620E-007,  1.1616934838457305E-007) (  2.5891705452252520E-007,  1.1616935818898042E-007) ( -2.6434937778460297     , -1.1866816887690659     )
   11.601339999999999        1.2500000000000000     
 (  5.6224781149715337     ,  1.3567920290198106     ) (  5.6407945538408439     ,  1.3685897923915529     )
 (  2.6419993120005207     ,  1.1980767052233641     ) (  2.5955809043472816E-007,  1.1819822117075641E-007) (  2.5955813811348288E-007,  1.1819823140070753E-007) ( -2.6499563682471430     , -1.2073741799110220     )
   11.651335000000000        1.2500000000000000     
 (  5.6930496877661332     ,  1.3843943566701333     ) (  5.7115699122242489     ,  1.3964651214087920     )
 (  2.6479277375471608     ,  1.2186906449484545     ) (  2.6014249408201211E-007,  1.2023500218800028E-007) (  2.6014254358726479E-007,  1.2023501290767993E-007) ( -2.6558377043214461     , -1.2281452209039811     )
   11.701330000000000        1.2500000000000000     
 (  5.7641432841463551     ,  1.4123441101886525     ) (  5.7828674738623498     ,  1.4246923925177331     )
 (  2.6532682573735262     ,  1.2393750490947941     ) (  2.6066913897930976E-007,  1.2227887932117768E-007) (  2.6066919034034016E-007,  1.2227889048108523E-007) ( -2.6611267450724858     , -1.2489864166407358     )
   11.751324999999998        1.2500000000000000     
 (  5.8357611616399696     ,  1.4406422715042908     ) (  5.8546894640805940     ,  1.4532726351533169     )
 (  2.6580102809982211     ,  1.2601212008652798     ) (  2.6113698455683383E-007,  1.2432899669517872E-007) (  2.6113703779955322E-007,  1.2432900837059029E-007) ( -2.6658128332499640     , -1.2698889212975526     )
   11.801319999999999        1.2500000000000000     
 (  5.9079063520399124     ,  1.4692899466199465     ) (  5.9270388645287113     ,  1.4822070024008549     )
 (  2.6621433443848477     ,  1.2809202054222275     ) (  2.6154500038119593E-007,  1.2638448124707747E-007) (  2.6154505563099478E-007,  1.2638449341542028E-007) ( -2.6698854466180073     , -1.2908437116566540     )
   11.851314999999998        1.2500000000000000     
 (  5.9805816156940566     ,  1.4982883538773257     ) (  5.9999184041785298     ,  1.5114967779455157     )
 (  2.6656571494126235     ,  1.3017629983753518     ) (  2.6189217557099886E-007,  1.2844444449191042E-007) (  2.6189223283902454E-007,  1.2844445716964021E-007) ( -2.6733342511500102     , -1.3118416029926461     )
   11.901309999999999        1.2500000000000000     
 (  6.0537898715760816     ,  1.5276386711110539     ) (  6.0733309782841660     ,  1.5411431874200370     )
 (  2.6685413600860648     ,  1.3226401568625137     ) (  2.6217749225417367E-007,  1.3050796147132890E-007) (  2.6217755171625820E-007,  1.3050797469957333E-007) ( -2.6761488315331921     , -1.3328730358102077     )
   11.951304999999998        1.2500000000000000     
 (  6.1275345965062540     ,  1.5573421725533090     ) (  6.1472799963814637     ,  1.5711475676689144     )
 (  2.6707858941421154     ,  1.3435420915837819     ) (  2.6239996138601741E-007,  1.3257409165893752E-007) (  2.6240002298564766E-007,  1.3257410543541349E-007) ( -2.6783190931698528     , -1.3539282871013880     )
   12.001299999999999        1.2500000000000000     
 (  6.2018185954355696     ,  1.5874002393795807     ) (  6.2217682453943395     ,  1.6015113522666886     )
 (  2.6723805533417355     ,  1.3644588990314557     ) (  2.6255857980838863E-007,  1.3464186310936622E-007) (  2.6255864372713161E-007,  1.3464187750144406E-007) ( -2.6798347904787825     , -1.3749973119902961     )
   12.051294999999998        1.2500000000000000     
 (  6.2766456799086345     ,  1.6178142241499238     ) (  6.2967994828853904     ,  1.6322359620294693     )
 (  2.6733157619931447     ,  1.3853804499319913     ) (  2.6265240796349959E-007,  1.3671028279782536E-007) (  2.6265247409630734E-007,  1.3671029775639145E-007) ( -2.6806863329942163     , -1.3960698435124237     )
   12.101289999999999        1.2500000000000000     
 (  6.3520187577765190     ,  1.6485855755737970     ) (  6.3723765794705125     ,  1.6633228967216043     )
 (  2.6735813056256754     ,  1.4062963193524982     ) (  2.6268043845723471E-007,  1.3877832708536204E-007) (  2.6268050711414654E-007,  1.3877834266652890E-007) ( -2.6808634238550604     , -1.4171353025426463     )
   12.151284999999998        1.2500000000000000     
 (  6.4279416181734890     ,  1.6797160420086885     ) (  6.4485032950457217     ,  1.6947739834320599     )
 (  2.6731677314924553     ,  1.4271960569806734     ) (  2.6264174421233406E-007,  1.4084497234470574E-007) (  2.6264181522777917E-007,  1.4084498860185325E-007) ( -2.6803566169307755     , -1.4381831050099243     )
   12.201279999999999        1.2500000000000000     
 (  6.5044182892506619     ,  1.7112071906115289     ) (  6.5251835903285569     ,  1.7265908424139298     )
 (  2.6720661001219397     ,  1.4480686643549117     ) (  2.6253544668819883E-007,  1.4290913862310716E-007) (  2.6253552028401991E-007,  1.4290915552881861E-007) ( -2.6791569555231542     , -1.4592020892260333     )
   12.251274999999998        1.2500000000000000     
 (  6.5814519777077987     ,  1.7430606742578640     ) (  6.6024206268111261     ,  1.7587751943201051     )
 (  2.6702660797350055     ,  1.4689029621957457     ) (  2.6236052890718296E-007,  1.4496972962250087E-007) (  2.6236060507456992E-007,  1.4496974722333142E-007) ( -2.6772540522442876     , -1.4801809212556287     )
   12.301269999999999        1.2500000000000000     
 (  6.6590471124995556     ,  1.7752786632351767     ) (  6.6802187714902725     ,  1.7913292849010380     )
 (  2.6677592486821293     ,  1.4896878178928539     ) (  2.6211616319618064E-007,  1.4702565400016877E-007) (  2.6211624207958049E-007,  1.4702567231698155E-007) ( -2.6746394980946295     , -1.5011083182099529     )
   12.351264999999998        1.2500000000000000     
 (  6.7372074241326736     ,  1.8078629403274058     ) (  6.7585817313985439     ,  1.8242549668670303     )
 (  2.6645363440723933     ,  1.5104114467428280     ) (  2.6180143954778754E-007,  1.4907575630937954E-007) (  2.6180152134287268E-007,  1.4907577534478170E-007) ( -2.6713040194969442     , -1.5219723376120309     )
   12.401259999999999        1.2500000000000000     
 (  6.8159366508167460     ,  1.8408156902770623     ) (  6.8375131522913373     ,  1.8575544952694292     )
 (  2.6605881861183418     ,  1.5310620581663896     ) (  2.6141545538693862E-007,  1.5111887972727554E-007) (  2.6141553993001124E-007,  1.5111889955076054E-007) ( -2.6672384195950389     , -1.5427610178496425     )
   12.451254999999998        1.2500000000000000     
 (  6.8952567051715583     ,  1.8741408742333514     ) (  6.9170376799766320     ,  1.8912328594875589     )
 (  2.6559197976802524     ,  1.5516290275201554     ) (  2.6095877244878878E-007,  1.5315401761803399E-007) (  2.6095876416855902E-007,  1.5315401761582610E-007) ( -2.6624513743957867     , -1.5634645448507707     )
   12.501249999999999        1.2500000000000000     
 (  6.9751382860638493     ,  1.9078375111969217     ) (  6.9971205157617318     ,  1.9252872818491416     )
 (  2.6504970221566602     ,  1.5720971358132820     ) (  2.6042789778594848E-007,  1.5517960920777271E-007) (  2.6042788905698560E-007,  1.5517960920766673E-007) ( -2.6569015646902283     , -1.5840656249324969     )
   12.551245000000000        1.2500000000000000     
 (  7.0556018608104969     ,  1.9419096368967881     ) (  7.0777847105778484     ,  1.9597227989460395     )
 (  2.6443237996260942     ,  1.5924550872741845     ) (  2.5982328211756616E-007,  1.5719458072294364E-007) (  2.5982327308541223E-007,  1.5719458072110817E-007) ( -2.6505964453857978     , -1.6045537265258074     )
   12.601239999999999        1.2500000000000000     
 (  7.1366517645327541     ,  1.9763600327344648     ) (  7.1590345519957106     ,  1.9945422661588177     )
 (  2.6373921119875856     ,  1.6126901495567167     ) (  2.5914413944593294E-007,  1.5919768362785079E-007) (  2.5914413001398682E-007,  1.5919768362700098E-007) ( -2.6435280174043716     , -1.6249159427036191     )
   12.651235000000000        1.2500000000000000     
 (  7.2182931544213327     ,  2.0111916175899931     ) (  7.2408751224962833     ,  2.0297486891589251     )
 (  2.6296946739257137     ,  1.6327893611924731     ) (  2.5838975283729824E-007,  1.6118764777347077E-007) (  2.5838974298338523E-007,  1.6118764777320184E-007) ( -2.6356890341516022     , -1.6451391442713501     )
   12.701229999999999        1.2500000000000000     
 (  7.3005305107417380     ,  2.0464073255226158     ) (  7.3233108601776378     ,  2.0653450857677531     )
 (  2.6212234196695614     ,  1.6527393422849095     ) (  2.5755932910397466E-007,  1.6316316180290459E-007) (  2.5755931881187510E-007,  1.6316316180346437E-007) ( -2.6270714559718322     , -1.6652097761442297     )
   12.751225000000000        1.2500000000000000     
 (  7.3833683759442286     ,  2.0820102539185164     ) (  7.4063462003930898     ,  2.1013346336003687     )
 (  2.6119711413779210     ,  1.6725265333362416     ) (  2.5665215858148669E-007,  1.6512289580825282E-007) (  2.5665214787097673E-007,  1.6512289580952226E-007) ( -2.6176681101884380     , -1.6851140895510135     )
   12.801219999999999        1.2500000000000000     
 (  7.4668114529339418     ,  2.1180036667228634     ) (  7.4899857449465390     ,  2.1377206867253724     )
 (  2.6019304933114795     ,  1.6921371203927074     ) (  2.5566751637062377E-007,  1.6706549648019676E-007) (  2.5566750515805620E-007,  1.6706549648287892E-007) ( -2.6074716653413463     , -1.7048380988646821     )
   12.851215000000000        1.2500000000000000     
 (  7.5508648032681824     ,  2.1543912979197182     ) (  7.5742345004623752     ,  2.1745070649819085     )
 (  2.5910944138905370     ,  1.7115572287790910     ) (  2.5460470994913668E-007,  1.6898960377664117E-007) (  2.5460469824999549E-007,  1.6898960377661504E-007) ( -2.5964751516571480     , -1.7243677458595639     )
   12.901209999999999        1.2500000000000000     
 (  7.6355332959867024     ,  2.1911765941922718     ) (  7.6590972342804564     ,  2.2116973063167435     )
 (  2.5794572201671424     ,  1.7307724049310984     ) (  2.5346317880234929E-007,  1.7089380127821320E-007) (  2.5346316661913015E-007,  1.7089380128110381E-007) ( -2.5846729119003724     , -1.7436883939265841     )
   12.951205000000000        1.2500000000000000     
 (  7.7208215901608348     ,  2.2283636633238832     ) (  7.7445785101858426     ,  2.2492956024661019     )
 (  2.5670110024978152     ,  1.7497683212344448     ) (  2.5224214141131684E-007,  1.7277668493906094E-007) (  2.5224212868051752E-007,  1.7277668494218141E-007) ( -2.5720570896961910     , -1.7627855337606138     )
   13.001199999999999        1.2500000000000000     
 (  7.8067346617708626     ,  2.2659563143590669     ) (  7.8306831893512525     ,  2.2873058512994233     )
 (  2.5537506595173429     ,  1.7685301196551497     ) (  2.5094109615687982E-007,  1.7463679799844775E-007) (  2.5094108287607919E-007,  1.7463679800066435E-007) ( -2.5586226514738102     , -1.7816441111215195     )
   13.051195000000000        1.2500000000000000     
 (  7.8932784341474083     ,  2.3039590864538537     ) (  7.9174171172791619     ,  2.3257326945420917     )
 (  2.5396702855110318     ,  1.7870429615920225     ) (  2.4955946159401803E-007,  1.7647268759835731E-007) (  2.4955944775504382E-007,  1.7647268760347908E-007) ( -2.5443638019991432     , -1.8002491170234489     )
   13.101189999999999        1.2500000000000000     
 (  7.9804566637480141     ,  2.3423763795382793     ) (  8.0047839259188258     ,  2.3645806223049393     )
 (  2.5247638919257334     ,  1.8052916813014457     ) (  2.4809664719416760E-007,  1.7828286747572137E-007) (  2.4809663276923235E-007,  1.7828286748396027E-007) ( -2.5292746001495590     , -1.8185851938809596     )
   13.151185000000000        1.2500000000000000     
 (  8.0682751544149145     ,  2.3812131252792463     ) (  8.0927892912964268     ,  2.4038546640406904     )
 (  2.5090265776498515     ,  1.8232610160470963     ) (  2.4655216665210363E-007,  1.8006584287439307E-007) (  2.4655215159975059E-007,  1.8006584283320924E-007) ( -2.5133502477151923     , -1.8366369020144619     )
   13.201179999999999        1.2500000000000000     
 (  8.1567390443835404     ,  2.4204737629578879     ) (  8.1814382579929319     ,  2.4435593383168062     )
 (  2.4924534804015108     ,  1.8409349430405677     ) (  2.4492554018774054E-007,  1.8182004210594084E-007) (  2.4492552454925261E-007,  1.8182004211481769E-007) ( -2.4965859585820955     , -1.8543880099481633     )
   13.251175000000000        1.2500000000000000     
 (  8.2458529840474402     ,  2.4601639840847294     ) (  8.2707353011643772     ,  2.4837004403885041     )
 (  2.4750394190200495     ,  1.8582981135780505     ) (  2.4321625911421161E-007,  1.8354396340998448E-007) (  2.4321624277048245E-007,  1.8354396341647984E-007) ( -2.4789767165233454     , -1.8718230101227111     )
   13.301169999999999        1.2500000000000000     
 (  8.3356225817782317     ,  2.5002888915437107     ) (  8.3606859624844709     ,  2.5242831665319039     )
 (  2.4567807325114894     ,  1.8753341906148255     ) (  2.4142395767952970E-007,  1.8523600538863870E-007) (  2.4142394064370782E-007,  1.8523600539502705E-007) ( -2.4605189413197528     , -1.8889253654973266     )
   13.351165000000000        1.2500000000000000     
 (  8.4260524629905493     ,  2.5408543722821864     ) (  8.4512946660110835     ,  2.5653135005818641     )
 (  2.4376725188957558     ,  1.8920271848067116     ) (  2.3954814984774647E-007,  1.8689460237817233E-007) (  2.3954813209504726E-007,  1.8689460238492692E-007) ( -2.4412078524312646     , -1.9056789121478324     )
   13.401159999999999        1.2500000000000000     
 (  8.5171481357061207     ,  2.5818659547523506     ) (  8.5425667801802412     ,  2.6067970559276383     )
 (  2.4177122063293126     ,  1.9083602778205397     ) (  2.3758858063949824E-007,  1.8851810624581530E-007) (  2.3758856213121451E-007,  1.8851810625864324E-007) ( -2.4210410125777755     , -1.9220666448973196     )
   13.451155000000000        1.2500000000000000     
 (  8.6089136079250910     ,  2.6233298914453611     ) (  8.6345061974798227     ,  2.6487401831339539     )
 (  2.3968955765402193     ,  1.9243170245917571     ) (  2.3554483039003673E-007,  1.9010490667494962E-007) (  2.3554481112730043E-007,  1.9010490668428912E-007) ( -2.4000143184842289     , -1.9380719437360654     )
   13.501149999999999        1.2500000000000000     
 (  8.7013551251475771     ,  2.6652527447954588     ) (  8.7271189493433585     ,  2.6911495372217735     )
 (  2.3752202056704754     ,  1.9398807106753608     ) (  2.3341665911558030E-007,  1.9165336664146745E-007) (  2.3341663906953142E-007,  1.9165336665061303E-007) ( -2.3781255680753421     , -1.9536779192536420     )
   13.551145000000000        1.2500000000000000     
 (  8.7944770451207503     ,  2.7076408753815779     ) (  8.8204092494167465     ,  2.7340315593731397     )
 (  2.3526833626153918     ,  1.9550340126569505     ) (  2.3120379242874785E-007,  1.9316178844151689E-007) (  2.3120377153951711E-007,  1.9316178845379236E-007) ( -2.3553721451895271     , -1.9688670621392605     )
   13.601139999999999        1.2500000000000000     
 (  8.8882840517049821     ,  2.7505011491003657     ) (  8.9143816126913560     ,  2.7773932108057720     )
 (  2.3292828095937379     ,  1.9697597884850246     ) (  2.2890600460819998E-007,  1.9462849370728366E-007) (  2.2890598285716324E-007,  1.9462849371456017E-007) ( -2.3317519769012849     , -1.9836220663103619     )
   13.651135000000000        1.2500000000000000     
 (  8.9827810252468652     ,  2.7938407791404072     ) (  9.0090407002754667     ,  2.8212417911994643     )
 (  2.3050169862066801     ,  1.9840405823374336     ) (  2.2652313911145130E-007,  1.9605177325758051E-007) (  2.2652311649290617E-007,  1.9605177327399460E-007) ( -2.3072637044201891     , -1.9979253176251044     )
   13.701129999999999        1.2500000000000000     
 (  9.0779726044033957     ,  2.8376668858484191     ) (  9.1043910261648264     ,  2.8655844915553432     )
 (  2.2798838952050091     ,  1.9978586575079793     ) (  2.2405499109044861E-007,  1.9742988813321780E-007) (  2.2405496760073852E-007,  1.9742988815137739E-007) ( -2.2819054901479965     , -2.0117588918132050     )
   13.751125000000000        1.2500000000000000     
 (  9.1738633977367829     ,  2.8819875532659243     ) (  9.2004368904270546     ,  2.9104294967196798     )
 (  2.2538832767113450     ,  2.0111967124250820     ) (  2.2150153309753128E-007,  1.9876114638450578E-007) (  2.2150150856757254E-007,  1.9876114639605256E-007) ( -2.2556773177047633     , -2.0251053597083666     )
   13.801119999999999        1.2500000000000000     
 (  9.2704574970201623     ,  2.9268102180029691     ) (  9.2971822729825853     ,  2.9557842953834554     )
 (  2.2270138055401261     ,  2.0240362929590376     ) (  2.1886262035012821E-007,  2.0004373813618611E-007) (  2.1886259483067391E-007,  2.0004373814861057E-007) ( -2.2285779666478143     , -2.0379460850716664     )
   13.851115000000000        1.2500000000000000     
 (  9.3677602298485532     ,  2.9721431962114253     ) (  9.3946322261144353     ,  3.0016572846178975     )
 (  2.1992761922802631     ,  2.0363594988010583     ) (  2.1613832814974012E-007,  2.0127591091392976E-007) (  2.1613830159023355E-007,  2.0127591093451589E-007) ( -2.2006085153028976     , -2.0502630306385625     )
   13.901109999999999        1.2500000000000000     
 (  9.4657749211539493     ,  3.0179948247277628     ) (  9.4927898967595876     ,  3.0480568768442229     )
 (  2.1706701208272312     ,  2.0481480460024315     ) (  2.1332860766972150E-007,  2.0245587446507746E-007) (  2.1332858005584478E-007,  2.0245587447608984E-007) ( -2.1717687608161063     , -2.0620377708597508     )
   13.951105000000000        1.2500000000000000     
 (  9.5645056467624521     ,  3.0643736662487364     ) (  9.5916590843631120     ,  3.0949916878810622     )
 (  2.1411962655773675     ,  2.0593833976905231     ) (  2.1043352184308903E-007,  2.0358181208113240E-007) (  2.1043349310705030E-007,  2.0358181209992520E-007) ( -2.1420596529844436     , -2.0732516266203578     )
   14.001100000000001        1.2500000000000000     
 (  9.6639565149242852     ,  3.1112887813433834     ) (  9.6912436600253695     ,  3.1424708398592331     )
 (  2.1108560258684936     ,  2.0700472413321656     ) (  2.0745320035974348E-007,  2.0465193139218101E-007) (  2.0745317049849504E-007,  2.0465193141381865E-007) ( -2.1114828446583642     , -2.0838861711261538     )
   14.051095000000000        1.2500000000000000     
 (  9.7641311040299072     ,  3.1587491625052873     ) (  9.7915469452281894     ,  3.1905033627536641     )
 (  2.0796515505280677     ,  2.0801206301299890     ) (  2.0438784477116421E-007,  2.0566437470659913E-007) (  2.0438781367837831E-007,  2.0566437466853729E-007) ( -2.0800407293403995     , -2.0939223200153481     )
   14.101089999999997        1.2500000000000000     
 (  9.8650330887921527     ,  3.2067642042295068     ) (  9.8925723711948947     ,  3.2390987166982286     )
 (  2.0475841187723729     ,  2.0895849199692971     ) (  2.0123757137476811E-007,  2.0661731706276645E-007) (  2.0123753904334886E-007,  2.0661731702433908E-007) ( -2.0477348482182536     , -2.1033413221740700     )
   14.151084999999997        1.2500000000000000     
 (  9.9666652510000944     ,  3.2553435977890879     ) (  9.9943224099947834     ,  3.2882666128436293     )
 (  2.0146568035576404     ,  2.0984211841278206     ) (  1.9800267285857446E-007,  2.0750890366880152E-007) (  1.9800263932827486E-007,  2.0750890367821161E-007) ( -2.0145685565450475     , -2.1121241501332473     )
   14.201079999999997        1.2500000000000000     
 (  10.069031496689355     ,  3.3044969637312258     ) (  10.096800763315343     ,  3.3380167023212137     )
 (  1.9808732772568114     ,  2.1066101606363588     ) (  1.9468350004470953E-007,  2.0833724695895622E-007) (  1.9468346515104245E-007,  2.0833724696759947E-007) ( -1.9805457954227494     , -2.1202514405512138     )
   14.251074999999998        1.2500000000000000     
 (  10.172133950513507     ,  3.3542348488985425     ) (  10.200009219785061     ,  3.3883595701909259     )
 (  1.9462366760344096     ,  2.1141331520279172     ) (  1.9128035215196762E-007,  2.0910051707144554E-007) (  1.9128031589799154E-007,  2.0910051708165113E-007) ( -1.9456700272067724     , -2.1277044366415394     )
   14.301069999999998        1.2500000000000000     
 (  10.275975411429485     ,  3.4045671966365370     ) (  10.303950276227464     ,  3.4393051456965380     )
 (  1.9107513918932724     ,  2.1209706148971357     ) (  1.8779364713072078E-007,  2.0979679630829986E-007) (  1.8779360943871908E-007,  2.0979679631438471E-007) ( -1.9099459096358096     , -2.1344634891815741     )
   14.351064999999998        1.2500000000000000     
 (  10.380558472416540     ,  3.4555046829109775     ) (  10.408626240813552     ,  3.4908641208703561     )
 (  1.8744216743891049     ,  2.1271033909316990     ) (  1.8422379004080325E-007,  2.1042420843698704E-007) (  1.8422375088266894E-007,  2.1042420844093480E-007) ( -1.8733779960930634     , -2.1405093912599886     )
   14.401059999999998        1.2500000000000000     
 (  10.485884771022942     ,  3.5070579293022668     ) (  10.514038428905037     ,  3.5430470905762306     )
 (  1.8372540197698970     ,  2.1325119880437389     ) (  1.8057140846189009E-007,  2.1098084160649955E-007) (  1.8057136773806384E-007,  2.1098084161169051E-007) ( -1.8359731258356857     , -2.1458225877226558     )
   14.451054999999998        1.2500000000000000     
 (  10.591956399466595     ,  3.5592381881498252     ) (  10.620188628552372     ,  3.5958653205471598     )
 (  1.7992528053621677     ,  2.1371773392744973     ) (  1.7683691968459840E-007,  2.1146483016335625E-007) (  1.7683687742818213E-007,  2.1146483015606165E-007) ( -1.7977359793168204     , -2.1503840125802682     )
   14.501049999999998        1.2500000000000000     
 (  10.698774505206016     ,  3.6120563731241968     ) (  10.727077643673981     ,  3.6493296587179476     )
 (  1.7604259740076416     ,  2.1410797435043194     ) (  1.7302109280695909E-007,  2.1187423992404166E-007) (  1.7302104893515501E-007,  2.1187423987447195E-007) ( -1.7586748781758113     , -2.1541739102043875     )
   14.551044999999998        1.2500000000000000     
 (  10.806340718035235     ,  3.6655238373212615     ) (  10.834706801191903     ,  3.7034514303810324     )
 (  1.7207793899556318     ,  2.1441997290573207     ) (  1.6912448722057973E-007,  2.1220716242735972E-007) (  1.6912444161717545E-007,  2.1220716235266245E-007) ( -1.7187959666160686     , -2.1571728003585977     )
   14.601039999999998        1.2500000000000000     
 (  10.914655647229951     ,  3.7196523565890041     ) (  10.943076325892704     ,  3.7582423503100006     )
 (  1.6803209556973888     ,  2.1465181535989735     ) (  1.6514786728583901E-007,  2.1246172106908023E-007) (  1.6514781992592993E-007,  2.1246172105444840E-007) ( -1.6781075411799258     , -2.1593615615162309     )
   14.651034999999998        1.2500000000000000     
 (  11.023719440971741     ,  3.7744532431758175     ) (  11.052186039366585     ,  3.8137136578851965     )
 (  1.6390591552581151     ,  2.1480152673010791     ) (  1.6109204811730825E-007,  2.1263597814450731E-007) (  1.6109199898143406E-007,  2.1263597812378073E-007) ( -1.6366183913111980     , -2.1607204491185490     )
   14.701029999999998        1.2500000000000000     
 (  11.133532705169447     ,  3.8299387707776189     ) (  11.162036217000038     ,  3.8698775452856347     )
 (  1.5970028653024682     ,  2.1486718461275811     ) (  1.5695788808567398E-007,  2.1272804882022717E-007) (  1.5695783705116512E-007,  2.1272804878507978E-007) ( -1.5943377440476518     , -2.1612302994200077     )
   14.751024999999998        1.2500000000000000     
 (  11.244095054962310     ,  3.8861204739752377     ) (  11.272626083867117     ,  3.9267454410052118     )
 (  1.5541611616816111     ,  2.1484683294979923     ) (  1.5274626638784489E-007,  2.1273601199549000E-007) (  1.5274621312402631E-007,  2.1273601195614598E-007) ( -1.5512751223718249     , -2.1608715689713871     )
   14.801019999999998        1.2500000000000000     
 (  11.355405444678713     ,  3.9430109569146841     ) (  11.383954262002460     ,  3.9843298337364450     )
 (  1.5105442274777370     ,  2.1473855312268695     ) (  1.4845815709175260E-007,  2.1265798674045360E-007) (  1.4845810213993973E-007,  2.1265798669096665E-007) ( -1.5074409526505004     , -2.1596251767087105     )
   14.851014999999999        1.2500000000000000     
 (  11.467464415310214     ,  4.0006221456085971     ) (  11.496020903349502     ,  4.0426425385077822     )
 (  1.4661628469830856     ,  2.1454042837441465     ) (  1.4409461412317360E-007,  2.1249209169386539E-007) (  1.4409455703303733E-007,  2.1249209165154625E-007) ( -1.4628465221020128     , -2.1574720392565192     )
   14.901009999999998        1.2500000000000000     
 (  11.580268292945126     ,  4.0589663251324026     ) (  11.608821981514676     ,  4.1016956390387618     )
 (  1.4210284017131833     ,  2.1425050639328349     ) (  1.3965672994336221E-007,  2.1223640709812473E-007) (  1.3965667074046669E-007,  2.1223640703038563E-007) ( -1.4175034468515570     , -2.1543927134507213     )
   14.951004999999999        1.2500000000000000     
 (  11.693816707552392     ,  4.1180562468109541     ) (  11.722356709771576     ,  4.1615017757039867     )
 (  1.3751528679628817     ,  2.1386694031980080     ) (  1.3514566604575105E-007,  2.1188912304667233E-007) (  1.3514560459334971E-007,  2.1188912297887687E-007) ( -1.3714241927638846     , -2.1503689005683575     )
   15.000999999999998        1.2500000000000000     
 (  11.808107894369929     ,  4.1779041398094350     ) (  11.836623075543741     ,  4.2220729587808083     )
 (  1.3285491548374861     ,  2.1338778449845699     ) (  1.3056267153367186E-007,  2.1144832528074647E-007) (  1.3056260788136735E-007,  2.1144832517383619E-007) ( -1.3246219683355878     , -2.1453812609760203     )
   15.050994999999999        1.2500000000000000     
 (  11.923138038667757     ,  4.2385225462215459     ) (  11.951616767098244     ,  4.2834215339519188     )
 (  1.2812298843253664     ,  2.1281118240003720     ) (  1.2590896422776310E-007,  2.1091218914828228E-007) (  1.2590889812039564E-007,  2.1091218902339100E-007) ( -1.2771097768328907     , -2.1394113855864880     )
   15.100989999999998        1.2500000000000000     
 (  12.038904434570908     ,  4.2999242778108364     ) (  12.067334721034243     ,  4.3455601009526150     )
 (  1.2332099430005645     ,  2.1213528928178480     ) (  1.2118598897480318E-007,  2.1027890358280083E-007) (  1.2118592038245900E-007,  2.1027890344141218E-007) ( -1.2289028694079585     , -2.1324410555117055     )
   15.150984999999999        1.2500000000000000     
 (  12.155403614768256     ,  4.3621215708891663     ) (  12.183773142504172     ,  4.4085006258824473     )
 (  1.1845033115372401     ,  2.1135824351378152     ) (  1.1639509705167367E-007,  2.0954663430348493E-007) (  1.1639502592978614E-007,  2.0954663414055536E-007) ( -1.1800156361235730     , -2.1244518152295591     )
   15.200979999999998        1.2500000000000000     
 (  12.272631780729094     ,  4.4251273724546873     ) (  12.300927826779962     ,  4.4722558149253899     )
 (  1.1351254615968804     ,  2.1047823482504757     ) (  1.1153779047819124E-007,  2.0871360231212128E-007) (  1.1153771676546629E-007,  2.0871360212762898E-007) ( -1.1304638854033500     , -2.1154258147074732     )
   15.250974999999999        1.2500000000000000     
 (  12.390584191025280     ,  4.4889540797923972     ) (  12.418793689119726     ,  4.5368378015013233     )
 (  1.0850929375206773     ,  2.0949349896902141     ) (  1.0661566936904511E-007,  2.0777807178046861E-007) (  1.0661559282665984E-007,  2.0777807156200974E-007) ( -1.0802645002880198     , -2.1053456670530846     )
   15.300969999999998        1.2500000000000000     
 (  12.509256015287679     ,  4.5536141460403057     ) (  12.537365508215597     ,  4.6022586853742817     )
 (  1.0344215552792642     ,  2.0840221284492535     ) (  1.0163026407411167E-007,  2.0673824440297841E-007) (  1.0163018484555639E-007,  2.0673824416215336E-007) ( -1.0294336590366884     , -2.0941933903423928     )
   15.350964999999999        1.2500000000000000     
 (  12.628642142865397     ,  4.6191201204749568     ) (  12.656637845818754     ,  4.6685307319952392     )
 ( 0.98313000766976699     ,  2.0720267614475691     ) (  9.6583397123182476E-008,  2.0559244745152159E-007) (  9.6583314907865080E-008,  2.0559244719541618E-007) (-0.97799046696274816     , -2.0819522936030501     )
   15.400959999999998        1.2500000000000000     
 (  12.748736246011523     ,  4.6854841952699928     ) (  12.776604026550689     ,  4.7356657789808763     )
 ( 0.93123526856663119     ,  2.0589317119307546     ) (  9.1476704108057003E-008,  2.0433898596051751E-007) (  9.1476618614108174E-008,  2.0433898567482735E-007) (-0.92595212570206265     , -2.0686054953224802     )
   15.450954999999999        1.2500000000000000     
 (  12.869532306109503     ,  4.7527186686999636     ) (  12.897257671432879     ,  4.8036757518171900     )
 ( 0.87875649279243528     ,  2.0447200724383197     ) (  8.6312042667256708E-008,  2.0297619227379433E-007) (  8.6311954331126200E-008,  2.0297619191776820E-007) (-0.87333817914265666     , -2.0541364347377842     )
   15.500949999999998        1.2500000000000000     
 (  12.991023669698764     ,  4.8208358101726780     ) (  13.018591762425016     ,  4.8725725351869347     )
 ( 0.82571279219201144     ,  2.0293757231699550     ) (  8.1091273877829562E-008,  2.0150247511451168E-007) (  8.1091182390646268E-008,  2.0150247470850844E-007) (-0.82016807986674600     , -2.0385293560837701     )
   15.550944999999999        1.2500000000000000     
 (  13.113202788400113     ,  4.8898474866857073     ) (  13.140598513417880     ,  4.9423675896450803     )
 ( 0.77212574358734887     ,  2.0128826309799996     ) (  7.5816490182287644E-008,  1.9991625035107680E-007) (  7.5816395330217792E-008,  1.9991624989888939E-007) (-0.76646365582952558     , -2.0217686004137421     )
   15.600939999999998        1.2500000000000000     
 (  13.236061744048500     ,  4.9597655713107338     ) (  13.263269587688807     ,  5.0130723648521895     )
 ( 0.71801459050814076     ,  1.9952252015337748     ) (  7.0489555465642974E-008,  1.9821597706210459E-007) (  7.0489457204884399E-008,  1.9821597658319354E-007) (-0.71224447161022231     , -2.0038389768434475     )
   15.650934999999999        1.2500000000000000     
 (  13.359592882983174     ,  5.0306012934630315     ) (  13.386597119088389     ,  5.0846976231074628     )
 ( 0.66340142915789535     ,  1.9763878002832418     ) (  6.5112619554695913E-008,  1.9640010630715238E-007) (  6.5112517811795917E-008,  1.9640010575817577E-007) (-0.65753289240115531     , -1.9847252577186620     )
   15.700930000000000        1.2500000000000000     
 (  13.483786910654016     ,  5.1023661403191509     ) (  13.510571482267840     ,  5.1572543930366939     )
 ( 0.60830851917098738     ,  1.9563563681131195     ) (  5.9687841474174553E-008,  1.9446724706125193E-007) (  5.9687736062289764E-008,  1.9446724642760111E-007) (-0.60235145310799687     , -1.9644138500810087     )
   15.750924999999999        1.2500000000000000     
 (  13.608634612514223     ,  5.1750714577626100     ) (  13.635183193087276     ,  5.2307535551247124     )
 ( 0.55275875657233520     ,  1.9351168440307394     ) (  5.4217444868031745E-008,  1.9241600428836478E-007) (  5.4217335624836564E-008,  1.9241600361386749E-007) (-0.54672322361943770     , -1.9428911429154996     )
   15.800920000000000        1.2500000000000000     
 (  13.734127153341978     ,  5.2487276002574186     ) (  13.760423188707366     ,  5.3052049136292494     )
 ( 0.49677533943224816     ,  1.9126549401967057     ) (  4.8703685200601641E-008,  1.9024495908372633E-007) (  4.8703571966480696E-008,  1.9024495829919663E-007) (-0.49067169437145353     , -1.9201433251705773     )
   15.850914999999999        1.2500000000000000     
 (  13.860253880621435     ,  5.3233455469028392     ) (  13.886280550301620     ,  5.3806189541089147     )
 ( 0.44038292082079866     ,  1.8889577833398019     ) (  4.3148957592582451E-008,  1.8795283228696755E-007) (  4.3148840193205773E-008,  1.8795283144510166E-007) (-0.43422171098932866     , -1.8961580390527506     )
   15.900910000000000        1.2500000000000000     
 (  13.987004290992509     ,  5.3989347110686188     ) (  14.012744619368137     ,  5.4570044989642899     )
 ( 0.38360619365760856     ,  1.8640125703738244     ) (  3.7555661671299316E-008,  1.8553834655625470E-007) (  3.7555540367966790E-008,  1.8553834558767848E-007) (-0.37739808667898572     , -1.8709229641939937     )
   15.950904999999999        1.2500000000000000     
 (  14.114367628893685     ,  5.4755053718394482     ) (  14.139804429714728     ,  5.5343713092611271     )
 ( 0.32647060238015507     ,  1.8378079743671538     ) (  3.1926276043339439E-008,  1.8300037513491919E-007) (  3.1926150462745328E-008,  1.8300037400443455E-007) (-0.32022647676825355     , -1.8444273503723423     )
   16.000900000000001        1.2500000000000000     
 (  14.242332130085819     ,  5.5530669965785018     ) (  14.267447969724349     ,  5.6127282518068133     )
 ( 0.26900143395685411     ,  1.8103320717172191     ) (  2.6263251212530114E-008,  1.8033772527087800E-007) (  2.6263121311853921E-008,  1.8033772412035805E-007) (-0.26273226204672706     , -1.8166598098659446     )
   16.050895000000001        1.2500000000000000     
 (  14.370886063236918     ,  5.6316284182367449     ) (  14.395663433060614     ,  5.6920835674926753     )
 ( 0.21122679278340439     ,  1.7815743608585519     ) (  2.0569334866240327E-008,  1.7754934472105840E-007) (  2.0569200337854303E-008,  1.7754934349923830E-007) (-0.20494371133181891     , -1.7876104027372732     )
   16.100890000000000        1.2500000000000000     
 (  14.500018085887019     ,  5.7111983957951074     ) (  14.524439350895381     ,  5.7724454079498182     )
 ( 0.15317236323661090     ,  1.7515253169230414     ) (  1.4847013619376487E-008,  1.7463427627814698E-007) (  1.4846874324506027E-008,  1.7463427488266099E-007) (-0.14688651595256463     , -1.7572701903275050     )
   16.150885000000002        1.2500000000000000     
 (  14.629714744155587     ,  5.7917848069336300     ) (  14.653762174165246     ,  5.8538210212866417     )
 (  9.4867080895911435E-002,  1.7201747393391404     ) (  9.0991099405142025E-009,  1.7159149412379702E-007) (  9.0989658754788875E-009,  1.7159149257326452E-007) ( -8.8589632221824408E-002, -1.7256295554217598     )
   16.200880000000002        1.2500000000000000     
 (  14.759963320455627     ,  5.8733951882867306     ) (  14.783619060940920     ,  5.9362173145915129     )
 (  3.6338227996204939E-002,  1.6875145435930277     ) (  3.3282777123481444E-009,  1.6842017795957507E-007) (  3.3281284876417183E-009,  1.6842017626624752E-007) ( -3.0080442369964461E-002, -1.6926810034456949     )
   16.250875000000001        1.2500000000000000     
 (  14.890750467171239     ,  5.9560372400051715     ) (  14.913996699546255     ,  6.0196413482766653     )
 ( -2.2384165348217258E-002,  1.6535371868358260     ) ( -2.4625583822823907E-009,  1.6511956531574241E-007) ( -2.4627125774029502E-009,  1.6511956346935299E-007) (  2.8611153877804281E-002, -1.6584176629975791     )
   16.300870000000000        1.2500000000000000     
 (  15.022062973800709     ,  6.0397172724197903     ) (  15.044881839914343     ,  6.1040987567259473     )
 ( -8.1271284082597359E-002,  1.6182351270472970     ) ( -8.2705842943999590E-009,  1.6168888320657150E-007) ( -8.2707438572263444E-009,  1.6168888117341266E-007) (  8.7456235113926098E-002, -1.6228325493555227     )
   16.350865000000002        1.2500000000000000     
 (  15.153886639957109     ,  6.1244410385559735     ) (  15.176260314091143     ,  6.1895946388274803     )
 (-0.14029348327507468     ,  1.5816022740093687     ) ( -1.4092920172112585E-008,  1.5812750561706718E-007) ( -1.4093085353348949E-008,  1.5812750344745021E-007) ( 0.14642538385268367     , -1.5859202218367863     )
   16.400860000000002        1.2500000000000000     
 (  15.286206857650358     ,  6.2102143295172691     ) (  15.308117437481009     ,  6.2761341302176490     )
 (-0.19942004056591275     ,  1.5436332955326444     ) ( -1.9926564106586411E-008,  1.5443487923374012E-007) ( -1.9926734948714457E-008,  1.5443487680414345E-007) ( 0.20548789820421837     , -1.5476759603475558     )
   16.450855000000001        1.2500000000000000     
 (  15.419010363764338     ,  6.2970421942887338     ) (  15.440440207747850     ,  6.3637215978179560     )
 (-0.25862111043134933     ,  1.5043237435935408     ) ( -2.5768613111950220E-008,  1.5061053609210589E-007) ( -2.5768789710113704E-008,  1.5061053343381052E-007) ( 0.26461416699229340     , -1.5080959840061414     )
   16.500850000000000        1.2500000000000000     
 (  15.552281735594848     ,  6.3849292556050798     ) (  15.573213201804856     ,  6.4523609952701415     )
 (-0.31786483416966194     ,  1.4636696927196284     ) ( -3.1615953044185406E-008,  1.4665405758768385E-007) ( -3.1616135670732896E-008,  1.4665405470143325E-007) ( 0.32377242180111354     , -1.4671769949120772     )
   16.550845000000002        1.2500000000000000     
 (  15.686006227098710     ,  6.4738783272296461     ) (  15.706421902848211     ,  6.5420544543606214     )
 (-0.37711965138771519     ,  1.4216684012603893     ) ( -3.7465508515743090E-008,  1.4256513706877942E-007) ( -3.7465697334143869E-008,  1.4256513393176791E-007) ( 0.38293142539745650     , -1.4249168345105010     )
   16.600840000000002        1.2500000000000000     
 (  15.820169128656620     ,  6.5638931376942455     ) (  15.840051699626866     ,  6.6328050157177545     )
 (-0.43635378628357513     ,  1.3783177895984924     ) ( -4.3314177317934002E-008,  1.3834353767040908E-007) ( -4.3314372588592269E-008,  1.3834353430267350E-007) ( 0.44205961256383458     , -1.3813141011985095     )
   16.650835000000001        1.2500000000000000     
 (  15.954755062548308     ,  6.6549761906696654     ) (  15.974087487536433     ,  6.7246145189413538     )
 (-0.49553495812245196     ,  1.3336171832090176     ) ( -4.9158805402725651E-008,  1.3398915570467077E-007) ( -4.9159007236670544E-008,  1.3398915198043755E-007) ( 0.50112498913365899     , -1.3363687487278606     )
   16.700830000000000        1.2500000000000000     
 (  16.089748534274303     ,  6.7471291487015472     ) (  16.108513930919695     ,  6.8174839679557673     )
 (-0.55463157712277111     ,  1.2875660589079831     ) ( -5.4996307961542332E-008,  1.2950189967179898E-007) ( -5.4996516608951776E-008,  1.2950189565618280E-007) ( 0.56009630475493000     , -1.2900808210308912     )
   16.750825000000003        1.2500000000000000     
 (  16.225134803369091     ,  6.8403528420191817     ) (  16.243316701967004     ,  6.9114135196464126     )
 (-0.61361005796514723     ,  1.2401656243070140     ) ( -6.0823404378101371E-008,  1.2488184913519159E-007) ( -6.0823620078252014E-008,  1.2488184479625828E-007) ( 0.61894037354027298     , -1.2424521567326041     )
   16.800820000000002        1.2500000000000000     
 (  16.360898258552318     ,  6.9346482326816119     ) (  16.378480310957492     ,  7.0064035238935771     )
 (-0.67243766075081390     ,  1.1914178922750620     ) ( -6.6636891367043508E-008,  1.2012916261629536E-007) ( -6.6637114278727275E-008,  1.2012915792762338E-007) ( 0.67762477619712091     , -1.1934853677676167     )
   16.850815000000001        1.2500000000000000     
 (  16.497023523453109     ,  7.0300142965545600     ) (  16.513989861073817     ,  7.1024522219569564     )
 (-0.73108192063181765     ,  1.1413247441410688     ) ( -7.2433596749953498E-008,  1.1524397846804363E-007) ( -7.2433827159195018E-008,  1.1524397330883231E-007) ( 0.73611756897116676     , -1.1431828961492962     )
   16.900810000000000        1.2500000000000000     
 (  16.633525876933476     ,  7.1264525112960504     ) (  16.649864762270749     ,  7.1995604119540060     )
 (-0.78953008118724433     ,  1.0898893643917447     ) ( -7.8212452937355258E-008,  1.1022659494908915E-007) ( -7.8212425768040857E-008,  1.1022659843209196E-007) ( 0.79441274789343663     , -1.0915487474518961     )
   16.950805000000003        1.2500000000000000     
 (  16.770329253583316     ,  7.2239577961448882     ) (  16.786021976647294     ,  7.2977226738112009     )
 (-0.84770713073587389     ,  1.0371194103287633     ) ( -8.3965770300760950E-008,  1.0507766891822074E-007) ( -8.3965742201490096E-008,  1.0507767250132171E-007) ( 0.85242353415916317     , -1.0385906051544456     )
   17.000800000000002        1.2500000000000000     
 (  16.907448559358830     ,  7.3225291008664213     ) (  16.922480344419167     ,  7.3969371829882240     )
 (-0.90559986934031478     , 0.98301878267039555     ) ( -8.9692414146316484E-008,  9.9797561473691754E-008) ( -8.9692385086589002E-008,  9.9797565156159883E-008) ( 0.91014314533048668     ,-0.98431316022744386     )
   17.050795000000001        1.2500000000000000     
 (  17.044869514472314     ,  7.4221636161896312     ) (  17.059226228765411     ,  7.4972005913028053     )
 (-0.96317594353600544     , 0.92759470556693946     ) ( -9.5389228148098987E-008,  9.4386937487321857E-008) ( -9.5389198070550789E-008,  9.4386941272480448E-008) ( 0.96753996473156401     ,-0.92872412378367475     )
   17.100790000000003        1.2500000000000000     
 (  17.182575703224884     ,  7.5228575646022247     ) (  17.196243642518269     ,  7.5985085479125338     )
 ( -1.0204004275511904     , 0.87085475941596213     ) ( -1.0105278656306330E-007,  8.8846492898442750E-008) ( -1.0105275544450273E-007,  8.8846496786326320E-008) (  1.0245796829822804     ,-0.87183155046875227     )
   17.150785000000003        1.2500000000000000     
 (  17.320552814121967     ,  7.6246060357119276     ) (  17.333518743187863     ,  7.7008555731930954     )
 ( -1.0772408523439980     , 0.81280719806753587     ) ( -1.0667990073278536E-007,  8.3176985898174430E-008) ( -1.0667986856304155E-007,  8.3176989893199026E-008) (  1.0812303857125767     ,-0.81364409974512453     )
   17.200779999999998        1.2500000000000000     
 (  17.458787066711398     ,  7.7274050178727478     ) (  17.471038327422725     ,  7.8042372040025256     )
 ( -1.1336636632099097     , 0.75346238011499500     ) ( -1.1226728067891049E-007,  7.7379390909235599E-008) ( -1.1226724748556075E-007,  7.7379395042855378E-008) (  1.1374592306976956     ,-0.75417262529365336     )
   17.250774999999997        1.2500000000000000     
 (  17.597263988172287     ,  7.8312475503906178     ) (  17.608788631415901     ,  7.9086459440814005     )
 ( -1.1896353885740654     , 0.69283102838117294     ) ( -1.1781165049142427E-007,  7.1454704671733151E-008) ( -1.1781161605391650E-007,  7.1454708887761693E-008) (  1.1932335869432980     ,-0.69342814680052411     )
   17.300770000000000        1.2500000000000000     
 (  17.735969193002134     ,  7.9361279258476296     ) (  17.746755704939968     ,  8.0140757065854125     )
 ( -1.2451227658711799     , 0.63092477664530067     ) ( -1.2330972583155601E-007,  6.5404023495038452E-008) ( -1.2330969023938183E-007,  6.5404027822217092E-008) (  1.2485206758839940     ,-0.63142268879099828     )
   17.350764999999999        1.2500000000000000     
 (  17.874889864918096     ,  8.0420383977361443     ) (  17.884927433472441     ,  8.1205182302389076     )
 ( -1.3000936650942196     , 0.56775620210808919     ) ( -1.2875836411386832E-007,  5.9228528989924152E-008) ( -1.2875832730281231E-007,  5.9228533444055944E-008) (  1.3032893376163406     ,-0.56816916025929853     )
   17.400759999999998        1.2500000000000000     
 (  18.014012380187715     ,  8.1489715293658094     ) (  18.023290814469462     ,  8.2279657374019770     )
 ( -1.3545140933727045     , 0.50333926492702064     ) ( -1.3415421223694836E-007,  5.2929537253403743E-008) ( -1.3415417417767701E-007,  5.2929541819087862E-008) (  1.3575062211977889     ,-0.50368172333422490     )
   17.450755000000001        1.2500000000000000     
 (  18.153323609894635     ,  8.2569184150443444     ) (  18.161833385344814     ,  8.3364089387495373     )
 ( -1.4083523642288864     , 0.43768867757107915     ) ( -1.3949415881348926E-007,  4.6508445383385477E-008) ( -1.3949411946949919E-007,  4.6508450064972079E-008) (  1.4111405040670528     ,-0.43797541400758055     )
   17.500750000000000        1.2500000000000000     
 (  18.292811480287085     ,  8.3658709252325014     ) (  18.300543736236257     ,  8.4458393627441417     )
 ( -1.4615754002436447     , 0.37081956239037178     ) ( -1.4477495008972821E-007,  3.9966681789224203E-008) ( -1.4477490942068867E-007,  3.9966686593592043E-008) (  1.4641599739298745     ,-0.37106551060729270     )
   17.550744999999999        1.2500000000000000     
 (  18.432464945363495     ,  8.4758185614383255     ) (  18.439411642101835     ,  8.5562462550879701     )
 ( -1.5141524760916278     , 0.30274872768424888     ) ( -1.4999355039454143E-007,  3.3305843943887486E-008) ( -1.4999350838952944E-007,  3.3305848878177944E-008) (  1.5165346556706443     ,-0.30296896903584219     )
   17.600739999999998        1.2500000000000000     
 (  18.572272615423113     ,  8.5867513443395058     ) (  18.578426199810586     ,  8.6676192855832337     )
 ( -1.5660513744669355     , 0.23349352959731601     ) ( -1.5514678508743113E-007,  2.6527583964280916E-008) ( -1.5514674165951949E-007,  2.6527589019591507E-008) (  1.5682331813134098     ,-0.23370329101524315     )
   17.650735000000001        1.2500000000000000     
 (  18.712222430653249     ,  8.6986588739646020     ) (  18.717576239276351     ,  8.7799479207840765     )
 ( -1.6172407187688314     , 0.16307272149536153     ) ( -1.6023156366717649E-007,  1.9633688082713646E-008) ( -1.6023151878986286E-007,  1.9633693265075282E-008) (  1.6192251098156341     ,-0.16328727231153289     )
   17.700730000000000        1.2500000000000000     
 (  18.852305113245286     ,  8.8115294001165996     ) (  18.856853233275103     ,  8.8932201651794127     )
 ( -1.6676902775129587     ,  9.1505081974087313E-002) ( -1.6524490372212898E-007,  1.2625948066421179E-008) ( -1.6524485734434166E-007,  1.2625953383969160E-008) (  1.6694811304928268     , -9.1739719795784505E-002)
   17.750724999999999        1.2500000000000000     
 (  18.992511943453593     ,  8.9253515714007339     ) (  18.996249009183014     ,  9.0074245877100729     )
 ( -1.7173692756547185     ,  1.8811579548491209E-002) ( -1.7018375361363724E-007,  5.5063710817439715E-009) ( -1.7018370566397790E-007,  5.5063765324888750E-009) (  1.7189712787689777     , -1.9081603837978734E-002)
   17.800719999999998        1.2500000000000000     
 (  19.132832288944588     ,  9.0401124672738806     ) (  19.135753849773963     ,  9.1225480391327114     )
 ( -1.7662481034555835     , -5.4987961232480044E-002) ( -1.7504519580799652E-007, -1.7231551858960902E-009) ( -1.7504514630042378E-007, -1.7231496043454073E-009) (  1.7676668364881962     ,  5.4667349727548650E-002)
   17.850715000000001        1.2500000000000000     
 (  19.273258739081911     ,  9.1557994409100605     ) (  19.275361013220785     ,  9.2385778791706468     )
 ( -1.8142972645448274     ,-0.12987084605713162     ) ( -1.7982629783284576E-007, -9.0604522708018991E-009) ( -1.7982624676102141E-007, -9.0604465509083525E-009) (  1.8155391461694446     , 0.12948456364494676     )
   17.900710000000000        1.2500000000000000     
 (  19.413784053106969     ,  9.2724002357156170     ) (  19.415064013745884     ,  9.3555017435322085     )
 ( -1.8614883459336142     ,-0.20581511689751247     ) ( -1.8452426005387212E-007, -1.6503414799389996E-008) ( -1.8452420718714844E-007, -1.6503408935023296E-008) (  1.8625608457290164     , 0.20534814470605153     )
   17.950704999999999        1.2500000000000000     
 (  19.554400304449217     ,  9.3899010223473915     ) (  19.554855612701346     ,  9.4733058496997966     )
 ( -1.9077920348625399     ,-0.28279698820138860     ) ( -1.8913616102053346E-007, -2.4049762565799877E-008) ( -1.8913610642571960E-007, -2.4049756562622258E-008) (  1.9087033452861926     , 0.28223461003768380     )
   18.000699999999998        1.2500000000000000     
 (  19.695102559122340     ,  9.5082874250468326     ) (  19.694731683038448     ,  9.5919758265836457     )
 ( -1.9531819055251503     ,-0.36079258284075216     ) ( -1.9365939254373866E-007, -3.1697203216889183E-008) ( -1.9365933614780304E-007, -3.1697197072440391E-008) (  1.9539413060422228     , 0.36012032539718541     )
   18.050695000000001        1.2500000000000000     
 (  19.835884376090089     ,  9.6275457818101255     ) (  19.834686422477493     ,  9.7114980582581953     )
 ( -1.9976297310875317     ,-0.43977768035714893     ) ( -1.9809113231285649E-007, -3.9443409180336953E-008) ( -1.9809107408431766E-007, -3.9443402882573524E-008) (  1.9982471719513812     , 0.43898135986306686     )
   18.100690000000000        1.2500000000000000     
 (  19.976741748298082     ,  9.7476614009682052     ) (  19.974716592633861     ,  9.8318579976145699     )
 ( -2.0411090669960532     ,-0.51972524611978499     ) ( -2.0242876685329587E-007, -4.7285775071907520E-008) ( -2.0242870672523161E-007, -4.7285768632172204E-008) (  2.0415955364019824     , 0.51879100431724656     )
   18.150684999999999        1.2500000000000000     
 (  20.117670976477509     ,  9.8686199111297999     ) (  20.114819272664246     ,  9.9530413476130395     )
 ( -2.0835947182747394     ,-0.60061115131915976     ) ( -2.0666978516625372E-007, -5.5221985119570620E-008) ( -2.0666972310456472E-007, -5.5221978530577682E-008) (  2.0839620719398892     , 0.59952554209164466     )
   18.200679999999998        1.2500000000000000     
 (  20.258668067657755     ,  9.9904066493728418     ) (  20.254990979547603     ,  10.075033662566989     )
 ( -2.1250612868913761     ,-0.68240695184500255     ) ( -2.1081164509504862E-007, -6.3249288888764764E-008) ( -2.1081158098656948E-007, -6.3249282146524673E-008) (  2.1253220594307933     , 0.68115692140272677     )
   18.250675000000001        1.2500000000000000     
 (  20.399731638018853     ,  10.113006062315659     ) (  20.395231122354673     ,  10.197819602496269     )
 ( -2.1654837270544700     ,-0.76508592574555978     ) ( -2.1485185241050620E-007, -7.1365113465131669E-008) ( -2.1485178623613827E-007, -7.1365106567742512E-008) (  2.1656514087323844     , 0.76365895736588185     )
   18.300670000000000        1.2500000000000000     
 (  20.540860084892326     ,  10.236403512769009     ) (  20.535538725739066     ,  10.321384748567056     )
 ( -2.2048380520862376     ,-0.84861971790319946     ) ( -2.1878800499480108E-007, -7.9566722155507491E-008) ( -2.1878793668226444E-007, -7.9566715095100451E-008) (  2.2049269008560062     , 0.84700380938750408     )
   18.350664999999999        1.2500000000000000     
 (  20.682051718738794     ,  10.360583869242546     ) (  20.675912690135860     ,  10.445714163452813     )
 ( -2.2431013005715332     ,-0.93298121392334166     ) ( -2.2261781477197522E-007, -8.7851498002281010E-008) ( -2.2261774426268754E-007, -8.7851490783742236E-008) (  2.2431264551654806     , 0.93116491343285113     )
   18.400659999999998        1.2500000000000000     
 (  20.823308875083100     ,  10.485531666641723     ) (  20.816356093133912     ,  10.570792761037152     )
 ( -2.2802510383315679     , -1.0181397688022411     ) ( -2.2633902778475174E-007, -9.6216473494361940E-008) ( -2.2633895496322055E-007, -9.6216466102498612E-008) (  2.2802283654313369     ,  1.0161122264924018     )
   18.450655000000001        1.2500000000000000     
 (  20.964630596611741     ,  10.611231915249018     ) (  20.956868371484749     ,  10.696605799986839     )
 ( -2.3162653505397990     , -1.1040669066431810     ) ( -2.2994944362479459E-007, -1.0465889675230902E-007) ( -2.2994936851256955E-007, -1.0465888920788403E-007) (  2.3162113787311136     ,  1.1018179291939878     )
   18.500650000000000        1.2500000000000000     
 (  21.106019607969280     ,  10.737668867165100     ) (  21.097452918666551     ,  10.823137920055926     )
 ( -2.3511226230682265     , -1.1907323707098387     ) ( -2.3344688826810652E-007, -1.1317583876744191E-007) ( -2.3344681072198946E-007, -1.1317583104368197E-007) (  2.3510546841005020     ,  1.1882524802680114     )
   18.550644999999999        1.2500000000000000     
 (  21.247478928183213     ,  10.864828044821682     ) (  21.238113393384577     ,  10.950375027402165     )
 ( -2.3848021162624491     , -1.2781057842019725     ) ( -2.3682927873824492E-007, -1.2176435268768578E-007) ( -2.3682919871376826E-007, -1.2176434482326317E-007) (  2.3847382404038431     ,  1.2753862003165941     )
   18.600639999999999        1.2500000000000000     
 (  21.389011175339416     ,  10.992694520473995     ) (  21.378852735916357     ,  11.078302494804785     )
 ( -2.4172850649511690     , -1.3661568999657354     ) ( -2.4009471716641840E-007, -1.3042151222057747E-007) ( -2.4009463478760379E-007, -1.3042150418144844E-007) (  2.4172438664527278     ,  1.3631896146052793     )
   18.650635000000001        1.2500000000000000     
 (  21.530621467850590     ,  11.121253775103479     ) (  21.519676623772682     ,  11.206906243047065     )
 ( -2.4485520474578375     , -1.4548545657102712     ) ( -2.4324124019077649E-007, -1.3914429074725507E-007) ( -2.4324115501814499E-007, -1.3914428251701529E-007) (  2.4485527749091296     ,  1.4516323320314373     )
   18.700630000000000        1.2500000000000000     
 (  21.672314645885312     ,  11.250490377847131     ) (  21.660590401160356     ,  11.336171327308101     )
 ( -2.4785847997929662     , -1.5441668997166753     ) ( -2.4626700651957015E-007, -1.4792959210605658E-007) ( -2.4626691864404276E-007, -1.4792958373375920E-007) (  2.4786474010584612     ,  1.5406833685153460     )
   18.750624999999999        1.2500000000000000     
 (  21.814096560289446     ,  11.380390299487127     ) (  21.801600339576535     ,  11.466084053788375     )
 ( -2.5073644434111899     , -1.6340623333684225     ) ( -2.4917009555184030E-007, -1.5677435035273943E-007) ( -2.4917000485338073E-007, -1.5677434181542625E-007) (  2.5075092896231901     ,  1.6303119513808559     )
   18.800620000000002        1.2500000000000000     
 (  21.955973406281846     ,  11.510940342094321     ) (  21.942712921431564     ,  11.596631725757675     )
 ( -2.5348749490383420     , -1.7245096159754947     ) ( -2.5194888034621692E-007, -1.6567552862564812E-007) ( -2.5194878675826582E-007, -1.6567551990325808E-007) (  2.5351230040171822     ,  1.7204877488437500     )
   18.850615000000001        1.2500000000000000     
 (  22.097953986220944     ,  11.642125754555526     ) (  22.083937341900437     ,  11.727800026162457     )
 ( -2.5611007625530524     , -1.8154753971411710     ) ( -2.5460176965025362E-007, -1.7462987979448981E-007) ( -2.5460167312762325E-007, -1.7462987089837281E-007) (  2.5614734055970834     ,  1.8111783390724052     )
   18.900610000000000        1.2500000000000000     
 (  22.240045512675557     ,  11.773933256179170     ) (  22.225281259677946     ,  11.859576198569432     )
 ( -2.5860246420508215     , -1.9069281145140744     ) ( -2.5712701342576396E-007, -1.8363433096075776E-007) ( -2.5712691387903629E-007, -1.8363432188934951E-007) (  2.5865437585451674     ,  1.9023530859688278     )
   18.950604999999999        1.2500000000000000     
 (  22.382258081186095     ,  11.906350136227358     ) (  22.366755023066048     ,  11.991947915334487     )
 ( -2.6096328132682998     , -1.9988345897069477     ) ( -2.5952319713035629E-007, -1.9268564977263694E-007) ( -2.5952309453641727E-007, -1.9268564050532215E-007) (  2.6103206988195358     ,  1.9939797460142208     )
   19.000600000000002        1.2500000000000000     
 (  22.524600426547305     ,  12.039364430661102     ) (  22.508367490200285     ,  12.124903767656079     )
 ( -2.6319100930574368     , -2.0911619821372325     ) ( -2.6178876541250588E-007, -2.0178063376632017E-007) ( -2.6178865972274650E-007, -2.0178062433331311E-007) (  2.6327893725128422     ,  2.0860265253836241     )
   19.050595000000001        1.2500000000000000     
 (  22.667083097179841     ,  12.172962809291986     ) (  22.650129591823486     ,  12.258430882215604     )
 ( -2.6528430712318039     , -2.1838776925120555     ) ( -2.6392232958291550E-007, -2.1091610156331061E-007) ( -2.6392222036006741E-007, -2.1091609196697180E-007) (  2.6539365558789543     ,  2.1784618005833565     )
   19.100590000000000        1.2500000000000000     
 (  22.809718611529625     ,  12.307134568533273     ) (  22.792054027405019     ,  12.392518994588468     )
 ( -2.6724194510241390     , -2.2769482297832582     ) ( -2.6592263307761819E-007, -2.2008878481944915E-007) ( -2.6592252034627059E-007, -2.2008877502803347E-007) (  2.6737504884491536     ,  2.2712531111769767     )
   19.150585000000000        1.2500000000000000     
 (  22.952516883895736     ,  12.441868864073044     ) (  22.934150821627551     ,  12.527157759270340     )
 ( -2.6906262960094360     , -2.3703407920463389     ) ( -2.6778833372652724E-007, -2.2929547466695768E-007) ( -2.6778821760765083E-007, -2.2929546468778398E-007) (  2.6922183477705883     ,  2.3643686239852308     )
   19.200580000000002        1.2500000000000000     
 (  23.095491607671320     ,  12.577154210151892     ) (  23.076433834926785     ,  12.662336214652671     )
 ( -2.7074514890865258     , -2.4640214202545287     ) ( -2.6951816467190725E-007, -2.3853285720294104E-007) ( -2.6951804493055076E-007, -2.3853284707374614E-007) (  2.7093280463743428     ,  2.4577756189637729     )
   19.250575000000001        1.2500000000000000     
 (  23.238655080904241     ,  12.712981155081428     ) (  23.218915504340654     ,  12.798045274736817     )
 ( -2.7228839288393618     , -2.5579566554556070     ) ( -2.7111097994823131E-007, -2.4779765369185555E-007) ( -2.7111085673330081E-007, -2.4779764333958928E-007) (  2.7250688772853056     ,  2.5514415248542348     )
   19.300570000000000        1.2500000000000000     
 (  23.382022008596451     ,  12.849340619411660     ) (  23.361610544672732     ,  12.934276414931015     )
 ( -2.7369134751497382     , -2.6521136469536333     ) ( -2.7256571379621470E-007, -2.5708665066484569E-007) ( -2.7256558656279118E-007, -2.5708664015669106E-007) (  2.7394306318251997     ,  2.6453347078554379     )
   19.350565000000000        1.2500000000000000     
 (  23.525605972411405     ,  12.986223535615439     ) (  23.504532620502005     ,  13.071020922801003     )
 ( -2.7495294440620319     , -2.7464574175249314     ) ( -2.7388124921124525E-007, -2.6639641606441492E-007) ( -2.7388111803782928E-007, -2.6639640549583100E-007) (  2.7524027636395241     ,  2.7394211346772281     )
   19.400560000000002        1.2500000000000000     
 (  23.669421364501218     ,  13.123622686480916     ) (  23.647696111867834     ,  13.208272059090811     )
 ( -2.7607225240217761     , -2.8409555409836247     ) ( -2.7505659876589807E-007, -2.7572377357739971E-007) ( -2.7505646356657235E-007, -2.7572376271750565E-007) (  2.7639758981947313     ,  2.8336695494687878     )
   19.450555000000001        1.2500000000000000     
 (  23.813484789537295     ,  13.261529862315301     ) (  23.791117766484131     ,  13.346022032573563     )
 ( -2.7704844912947593     , -2.9355740384233342     ) ( -2.7609090456118869E-007, -2.8506539295136624E-007) ( -2.7609076502677524E-007, -2.8506538185538562E-007) (  2.7741419384229240     ,  2.9280471372829302     )
   19.500550000000000        1.2500000000000000     
 (  23.957810570577870     ,  13.399939238262981     ) (  23.934811724582968     ,  13.484265407585585     )
 ( -2.7788058271616247     , -3.0302789516935493     ) ( -2.7698315316224237E-007, -2.9441793446465012E-007) ( -2.7698300951636271E-007, -2.9441792319178048E-007) (  2.7828911689064086     ,  3.0225209284794703     )
   19.550545000000000        1.2500000000000000     
 (  24.102416217814667     ,  13.538843862829818     ) (  24.078795555333876     ,  13.622995597984037     )
 ( -2.7856794278103374     , -3.1250360633480039     ) ( -2.7773257186672789E-007, -3.0377803696619328E-007) ( -2.7773242378578658E-007, -3.0377802558029372E-007) (  2.7902163884239375     ,  3.1170578682042347     )
   19.600540000000002        1.2500000000000000     
 (  24.247317405720565     ,  13.678239393501205     ) (  24.223084817341789     ,  13.762208628638525     )
 ( -2.7910974497773990     , -3.2198121899143342     ) ( -2.7833833418239365E-007, -3.1314243888704801E-007) ( -2.7833818154050518E-007, -3.1314242726371939E-007) (  2.7961095862969145     ,  3.2116258441755949     )
   19.650535000000001        1.2500000000000000     
 (  24.392532245646269     ,  13.818121300656852     ) (  24.367697507119587     ,  13.901900360776528     )
 ( -2.7950536814651925     , -3.3145725934170795     ) ( -2.7879975565909470E-007, -3.2250772714339014E-007) ( -2.7879959851853711E-007, -3.2250771532563919E-007) (  2.8005642805487718     ,  3.3061913021990406     )
   19.700530000000001        1.2500000000000000     
 (  24.538076046339938     ,  13.958485937476647     ) (  24.512648817554354     ,  14.042067347973330     )
 ( -2.7975408403673874     , -3.4092847355541194     ) ( -2.7911606086774171E-007, -3.3187069044064494E-007) ( -2.7911589885719604E-007, -3.3187067845471491E-007) (  2.8035731092851255     ,  3.4007227068996522     )
   19.750525000000000        1.2500000000000000     
 (  24.683968538353991     ,  14.099331448730196     ) (  24.657958248326651     ,  14.182708081290082     )
 ( -2.7985521495984167     , -3.5039139932815497     ) ( -2.7928650178247572E-007, -3.4122792285658205E-007) ( -2.7928633460819909E-007, -3.4122791067058464E-007) (  2.8051287698373413     ,  3.4951865403846019     )
   19.800520000000002        1.2500000000000000     
 (  24.830227056485935     ,  14.240654231104303     ) (  24.803643203555040     ,  14.323819288301285     )
 ( -2.7980836679732750     , -3.5984250840467769     ) ( -2.7931063942437554E-007, -3.5057594501385626E-007) ( -2.7931046750234827E-007, -3.5057593271590337E-007) (  2.8052271435783380     ,  3.5895486745845000     )
   19.850515000000001        1.2500000000000000     
 (  24.976868876264742     ,  14.382454206543805     ) (  24.949720596652760     ,  14.465401084926565     )
 ( -2.7961290683826285     , -3.6927857339985501     ) ( -2.7918778750962967E-007, -3.5991157674903589E-007) ( -2.7918761010025330E-007, -3.5991156427262227E-007) (  2.8038614977843053     ,  3.6837778945575934     )
   19.900510000000001        1.2500000000000000     
 (  25.123913788360095     ,  14.524730401543492     ) (  25.096210331617861     ,  14.607452708527122     )
 ( -2.7926850677351251     , -3.7869612241994748     ) ( -2.7891755435508794E-007, -3.6923138842076169E-007) ( -2.7891737181827258E-007, -3.6923137577704615E-007) (  2.8010281795635437     ,  3.7778405619119120     )
   19.950505000000000        1.2500000000000000     
 (  25.271379454011985     ,  14.667484746771521     ) (  25.243129509695390     ,  14.749976293656525     )
 ( -2.7877453155165486     , -3.8809175954348958     ) ( -2.7849924790149873E-007, -3.7853202527043293E-007) ( -2.7849906006748316E-007, -3.7853201239108891E-007) (  2.7967202245529021     ,  3.8717037689299505     )
   20.000500000000002        1.2500000000000000     
 (  25.419285251106292     ,  14.810717876499769     ) (  25.390497668147347     ,  14.892972549194154     )
 ( -2.7813076155863889     , -3.9746214831270565     ) ( -2.7793259849211725E-007, -3.8781019762466060E-007) ( -2.7793240479312135E-007, -3.8781018460129557E-007) (  2.7909350801426136     ,  3.9653351904770386     )
   20.050495000000002        1.2500000000000000     
 (  25.567650158578999     ,  14.954431301646613     ) (  25.538333320014559     ,  15.036443174111133     )
 ( -2.7733678448295738     , -4.0680373429902748     ) ( -2.7721712206395552E-007, -3.9706238186153250E-007) ( -2.7721692290299524E-007, -3.9706236872158308E-007) (  2.7836679366139303     ,  4.0587003358519986     )
   20.100490000000001        1.2500000000000000     
 (  25.716492673594455     ,  15.098628222499460     ) (  25.686654957736636     ,  15.180391530011788     )
 ( -2.7639230826624694     , -4.1611312546850838     ) ( -2.7635249723769260E-007, -4.0628523133610493E-007) ( -2.7635229189268327E-007, -4.0628521799844467E-007) (  2.7749155260953082     ,  4.1517663987540150     )
   20.150485000000000        1.2500000000000000     
 (  25.865831873822575     ,  15.243314485233084     ) (  25.835481385557415     ,  15.324823394824632     )
 ( -2.7529704972965723     , -4.2538698462069693     ) ( -2.7533835418415845E-007, -4.1547543725599435E-007) ( -2.7533814257475655E-007, -4.1547542382509927E-007) (  2.7646740836471508     ,  4.2445008755093880     )
   20.200480000000002        1.2500000000000000     
 (  26.015686034467986     ,  15.388493439891942     ) (  25.984830608492235     ,  15.469742279383761     )
 ( -2.7405072332117939     , -4.3462176642596146     ) ( -2.7417436926335503E-007, -4.2462949389078874E-007) ( -2.7417415127542398E-007, -4.2462948029925942E-007) (  2.7529402722141971     ,  4.3368694517184547     )
   20.250475000000002        1.2500000000000000     
 (  26.166075802795973     ,  15.534170327830539     ) (  26.134723321436422     ,  15.615153380518246     )
 ( -2.7265319109535988     , -4.4381404482930273     ) ( -2.7286035101907812E-007, -4.3374400558656273E-007) ( -2.7286012648887693E-007, -4.3374399180408381E-007) (  2.7397120945042275     ,  4.4288388304991724     )
   20.300470000000001        1.2500000000000000     
 (  26.317018854522992     ,  15.680353172974293     ) (  26.285176851465270     ,  15.761064685542989     )
 ( -2.7110435348375863     , -4.5296038040303630     ) ( -2.7139614316560674E-007, -4.4281555970025757E-007) ( -2.7139591233389785E-007, -4.4281554577505164E-007) (  2.7249876499621508     ,  4.5203754762473034     )
   20.350465000000000        1.2500000000000000     
 (  26.468533959129822     ,  15.827049381002379     ) (  26.436209736559803     ,  15.907483491450993     )
 ( -2.6940393037844688     , -4.6205742858248131     ) ( -2.6978139891027630E-007, -4.5184084730450390E-007) ( -2.6978116106031849E-007, -4.5184083322992932E-007) (  2.7087633416377548     ,  4.6114469847755224     )
   20.400459999999999        1.2500000000000000     
 (  26.620640648399714     ,  15.974266322374122     ) (  26.587841430000374     ,  16.054417236812260     )
 ( -2.6755197782539950     , -4.7110150053892097     ) ( -2.6801613226377907E-007, -4.6081620662588685E-007) ( -2.6801588737626320E-007, -4.6081619242203768E-007) (  2.6910389672176422     ,  4.7020174497033835     )
   20.450454999999998        1.2500000000000000     
 (  26.773355906031661     ,  16.122014321557916     ) (  26.740088803508833     ,  16.201876002221468     )
 ( -2.6554830123007012     , -4.8008925339820081     ) ( -2.6610010198735415E-007, -4.6973831949922524E-007) ( -2.6609984968668078E-007, -4.6973830514595740E-007) (  2.6718118072009758     ,  4.7920542433937099     )
   20.500450000000001        1.2500000000000000     
 (  26.926700004768211     ,  16.270302091485270     ) (  26.892972032785828     ,  16.349868435517951     )
 ( -2.6339310159604228     , -4.8901706776252780     ) ( -2.6403344730888832E-007, -4.7860359413783987E-007) ( -2.6403318763006121E-007, -4.7860357964737343E-007) (  2.6510829473696909     ,  4.8815221885289981     )
   20.550445000000000        1.2500000000000000     
 (  27.080689516981007     ,  16.419142550080334     ) (  27.046507298782803     ,  16.498407227563625     )
 ( -2.6108621756159205     , -4.9788154262624396     ) ( -2.6181594081121265E-007, -4.8740865679035823E-007) ( -2.6181567328137659E-007, -4.8740864216984609E-007) (  2.6288495977221507     ,  4.9703880654355279     )
   20.600439999999999        1.2500000000000000     
 (  27.235343272240677     ,  16.568546510665460     ) (  27.200713699933392     ,  16.647502976639689     )
 ( -2.5862786594357301     , -5.0667908751697128     ) ( -2.5944778528635634E-007, -4.9614993561102488E-007) ( -2.5944751010563234E-007, -4.9614992085493813E-007) (  2.6051133684757781     ,  5.0586168041157213     )
   20.650434999999998        1.2500000000000000     
 (  27.390677415415201     ,  16.718526536738437     ) (  27.355607039161985     ,  16.797168116566976     )
 ( -2.5601810541848220     , -5.1540617162273241     ) ( -2.5692894910195980E-007, -5.0482392941030160E-007) ( -2.5692866565930370E-007, -5.0482391453942960E-007) (  2.5798734583833522     ,  5.1461740144968724     )
   20.700430000000001        1.2500000000000000     
 (  27.546711225428751     ,  16.869096667325017     ) (  27.511206766729309     ,  16.947416402663549     )
 ( -2.5325707439000715     , -5.2405925693295412     ) ( -2.5425955160076713E-007, -5.1342711762913873E-007) ( -2.5425926000248463E-007, -5.1342710257147511E-007) (  2.5531305135515741     ,  5.2330250410406425     )
   20.750425000000000        1.2500000000000000     
 (  27.703458926093081     ,  17.020271058718883     ) (  27.667526830022219     ,  17.098261694051264     )
 ( -2.5034499288733190     , -5.3263458796082723     ) ( -2.5143974309689739E-007, -5.2195577098589649E-007) ( -2.5143944277671563E-007, -5.2195575606671290E-007) (  2.5248853902203292     ,  5.3191331447689558     )
   20.800419999999999        1.2500000000000000     
 (  27.860939037600883     ,  17.172065426058658     ) (  27.824586091196394     ,  17.249719444546926     )
 ( -2.4728212656086077     , -5.4112877744885166     ) ( -2.4846976170381644E-007, -5.3040652110438578E-007) ( -2.4846945271353126E-007, -5.3040650587556464E-007) (  2.4951399524939277     ,  5.4044651989786825     )
   20.850414999999998        1.2500000000000000     
 (  28.019166983471294     ,  17.324494656137968     ) (  27.982399672907601     ,  17.401804237414435     )
 ( -2.4406868027438233     , -5.4953805718254793     ) ( -2.4534974295283851E-007, -5.3877562042368250E-007) ( -2.4534942483860236E-007, -5.3877560508951630E-007) (  2.4638947791796308     ,  5.4889842353529188     )
   20.900410000000001        1.2500000000000000     
 (  28.178157417522279     ,  17.477576703002359     ) (  28.140982504400810     ,  17.554533621345328     )
 ( -2.4070514298577765     , -5.5785875301627224     ) ( -2.4208013258820769E-007, -5.4705941629672885E-007) ( -2.4207980527981468E-007, -5.4705940088076955E-007) (  2.4311536730571750     ,  5.5726542236602272     )
   20.950405000000000        1.2500000000000000     
 (  28.337925666756600     ,  17.631329413726597     ) (  28.300349888246995     ,  17.707925230526897     )
 ( -2.3719175035600397     , -5.6608737016219441     ) ( -2.3866113488766790E-007, -5.5525443686250686E-007) ( -2.3866079803518525E-007, -5.5525442135826534E-007) (  2.3969178854818662     ,  5.6554408769957005     )
   21.000399999999999        1.2500000000000000     
 (  28.498486717479615     ,  17.785769452969060     ) (  28.460517092786422     ,  17.861995193494074     )
 ( -2.3352898031259706     , -5.7422001663007292     ) ( -2.3509316423192073E-007, -5.6335680284007720E-007) ( -2.3509281760583730E-007, -5.6335678713079811E-007) (  2.3611906729246721     ,  5.7373058593044899     )
   21.050394999999998        1.2500000000000000     
 (  28.659854375621908     ,  17.940917841258639     ) (  28.621498053956429     ,  18.016764360722455     )
 ( -2.2971741833019514     , -5.8225302498621794     ) ( -2.3137677493131587E-007, -5.7136287705048196E-007) ( -2.3137641819618075E-007, -5.7136286136084927E-007) (  2.3239769538022657     ,  5.8182132519197882     )
   21.100390000000001        1.2500000000000000     
 (  28.822041382573708     ,  18.096793556725487     ) (  28.783305786482813     ,  18.172251211144022     )
 ( -2.2575752163988625     , -5.9018271809690841     ) ( -2.2751236861434629E-007, -5.7926899531810881E-007) ( -2.2751200171707391E-007, -5.7926897954256592E-007) (  2.2852796866247505     ,  5.8981267137137587     )
   21.150385000000000        1.2500000000000000     
 (  28.985060484907905     ,  18.253418249902865     ) (  28.945953098829772     ,  18.328476939854767     )
 ( -2.2164995881186371     , -5.9800537083725951     ) ( -2.2350057059147521E-007, -5.8707145024418863E-007) ( -2.2350019282271078E-007, -5.8707143447574875E-007) (  2.2451041984619513     ,  5.9770095025416623     )
   21.200379999999999        1.2500000000000000     
 (  29.148924046777097     ,  18.410811713339026     ) (  29.109452901696603     ,  18.485461098628999     )
 ( -2.1739537396229283     , -6.0571695101666050     ) ( -2.1934197938772791E-007, -5.9476623894374879E-007) ( -2.1934159087493067E-007, -5.9476622311728715E-007) (  2.2034556276497037     ,  6.0548219544368420     )
   21.250374999999998        1.2500000000000000     
 (  29.313643182070471     ,  18.568997167332867     ) (  29.273816513948621     ,  18.643226436900854     )
 ( -2.1299447649306682     , -6.1331395533094124     ) ( -2.1503726428454169E-007, -6.0234986789290538E-007) ( -2.1503686445809348E-007, -6.0234985194838682E-007) (  2.1603396728439486     ,  6.1315293967346900     )
   21.300370000000001        1.2500000000000000     
 (  29.479227969818318     ,  18.727997867617987     ) (  29.439054535239944     ,  18.801795747217671     )
 ( -2.0844814483609104     , -6.2079235878421404     ) ( -2.1058725765720210E-007, -6.0981833445866303E-007) ( -2.1058684651215056E-007, -6.0981831840973909E-007) (  2.1157634374729155     ,  6.2070919117774315     )
   21.350365000000000        1.2500000000000000     
 (  29.645688987509445     ,  18.887834603170287     ) (  29.605177895136126     ,  18.961189594226401     )
 ( -2.0375712376927435     , -6.2814827499882044     ) ( -2.0599266285222910E-007, -6.1716778488411247E-007) ( -2.0599223973479947E-007, -6.1716776887353509E-007) (  2.0697331003793664     ,  6.2814712738021310     )
   21.400359999999999        1.2500000000000000     
 (  29.813034821590207     ,  19.048534325322656     ) (  29.772195468527581     ,  19.121434318297513     )
 ( -1.9892239445899103     , -6.3537800116359442     ) ( -2.0125440875529751E-007, -6.2439452220731749E-007) ( -2.0125397368329853E-007, -6.2439450624116614E-007) (  2.0222566896608409     ,  6.3546305008730553     )
   21.450354999999998        1.2500000000000000     
 (  29.981273858172159     ,  19.210119469339805     ) (  29.940116734413486     ,  19.282552173153547     )
 ( -1.9394506322119736     , -6.4247741557725710     ) ( -1.9637357118125773E-007, -6.3149445087630217E-007) ( -1.9637312363376771E-007, -6.3149443477162165E-007) (  1.9733438362478883     ,  6.4265288459745067     )
   21.500350000000001        1.2500000000000000     
 (  30.150412999531632     ,  19.372616942941850     ) (  30.108948747814189     ,  19.444569650321387     )
 ( -1.8882612374756815     , -6.4944277591303932     ) ( -1.9135108807561233E-007, -6.3846385196518277E-007) ( -1.9135062754466778E-007, -6.3846383584762291E-007) (  1.9230028717993572     ,  6.4971290559995243     )
   21.550345000000000        1.2500000000000000     
 (  30.320458590814127     ,  19.536050854797256     ) (  30.278698654992979     ,  19.607510502119712     )
 ( -1.8356674866756548     , -6.5626994642434076     ) ( -1.8618809449954710E-007, -6.4529861404965703E-007) ( -1.8618762112075860E-007, -6.4529859790207186E-007) (  1.8712437993515194     ,  6.5663900694083406     )
   21.600339999999999        1.2500000000000000     
 (  30.491415596020385     ,  19.700448156175842     ) (  30.449371880645916     ,  19.771401237052523     )
 ( -1.7816829455007366     , -6.6295511036624655     ) ( -1.8088589167069011E-007, -6.5199493277380377E-007) ( -1.8088540473349946E-007, -6.5199491664321940E-007) (  1.8180784451190124     ,  6.6342736684665331     )
   21.650334999999998        1.2500000000000000     
 (  30.663290634214391     ,  19.865834701110042     ) (  30.620976174539386     ,  19.936267612128546     )
 ( -1.7263198546490659     , -6.6949427763832725     ) ( -1.7544566997023295E-007, -6.5854885254985323E-007) ( -1.7544516883746414E-007, -6.5854883643069734E-007) (  1.7635174744795055     ,  6.7007402589724503     )
   21.700330000000001        1.2500000000000000     
 (  30.836085802362543     ,  20.032238282582355     ) (  30.793514254675326     ,  20.102137008940772     )
 ( -1.6695934334329481     , -6.7588332131016671     ) ( -1.6986891133515216E-007, -6.6495626795829089E-007) ( -1.6986839619847258E-007, -6.6495625181195032E-007) (  1.7075743901358904     ,  6.7657484880901384     )
   21.750325000000000        1.2500000000000000     
 (  31.009852467603313     ,  20.199689198893772     ) (  30.967044538330914     ,  20.269039321435852     )
 ( -1.6114869318044780     , -6.8211837301933596     ) ( -1.6415352600621646E-007, -6.7121330197429191E-007) ( -1.6415360723021848E-007, -6.7121331547814835E-007) (  1.6502190891905673     ,  6.8292589070816003     )
   21.800319999999999        1.2500000000000000     
 (  31.184495847811842     ,  20.368209914406961     ) (  31.141460657806103     ,  20.436997164965327     )
 ( -1.5520785987196033     , -6.8819536486327912     ) ( -1.5830798691617926E-007, -6.7731596679567825E-007) ( -1.5830807048810473E-007, -6.7731598074319974E-007) (  1.5915505015685512     ,  6.8912321732000859     )
   21.850314999999998        1.2500000000000000     
 (  31.360065522224406     ,  20.537831242180097     ) (  31.316819578374233     ,  20.606040984526487     )
 ( -1.4913550716515440     , -6.9411023353388410     ) ( -1.5233057781620899E-007, -6.8326019579053057E-007) ( -1.5233066375710686E-007, -6.8326021025415304E-007) (  1.5315424836709799     ,  6.9516268322132513     )
   21.900310000000001        1.2500000000000000     
 (  31.536559798707465     ,  20.708581864220072     ) (  31.493120164386013     ,  20.776199372773842     )
 ( -1.4293350224430701     , -6.9985906046385145     ) ( -1.4622309811042378E-007, -6.8904209577598902E-007) ( -1.4622318655334665E-007, -6.8904211076855297E-007) (  1.4702117630544336     ,  7.0104035022393267     )
   21.950305000000000        1.2500000000000000     
 (  31.713976627673070     ,  20.880489729107325     ) (  31.670361809999978     ,  20.947500178275622     )
 ( -1.3660371818369388     , -7.0543759214741391     ) ( -1.3998738693563674E-007, -6.9465743929110371E-007) ( -1.3998747794979576E-007, -6.9465745483965511E-007) (  1.4075751119826205     ,  7.0675192842123700     )
   22.000299999999999        1.2500000000000000     
 (  31.892313073801063     ,  21.053585643727246     ) (  31.848542521958848     ,  21.119974164593884     )
 ( -1.3014827257529222     , -7.1084199024872952     ) ( -1.3362551548733757E-007, -7.0010241543317334E-007) ( -1.3362560910182016E-007, -7.0010243155022096E-007) (  1.3436519103793472     ,  7.1229354427026337     )
   22.050295000000002        1.2500000000000000     
 (  32.071565823180038     ,  21.227896523413108     ) (  32.027659870192124     ,  21.293648363402035     )
 ( -1.2356919735414518     , -7.1606809181114173     ) ( -1.2713942999191286E-007, -7.0537288889765054E-007) ( -1.2713952625035055E-007, -7.0537290558098575E-007) (  1.2784603916316815     ,  7.1766099833978130     )
   22.100290000000001        1.2500000000000000     
 (  32.251730223720386     ,  21.403453051811884     ) (  32.207710707393666     ,  21.468553394974798     )
 ( -1.1686877420622619     , -7.2111197136161636     ) ( -1.2053140077286863E-007, -7.1046495215396522E-007) ( -1.2053149974516495E-007, -7.1046496944620308E-007) (  1.2120216103239354     ,  7.2285030762436318     )
   22.150285000000000        1.2500000000000000     
 (  32.432799756455907     ,  21.580285005306965     ) (  32.388689672574152     ,  21.644719184814196     )
 ( -1.1004954142841343     , -7.2596958401946452     ) ( -1.1380387013892086E-007, -7.1537459185851375E-007) ( -1.1380397199323955E-007, -7.1537460975744245E-007) (  1.1443587389787331     ,  7.2785736168850521     )
   22.200279999999999        1.2500000000000000     
 (  32.614766416612404     ,  21.758420319852906     ) (  32.570589854176696     ,  21.822174081637122     )
 ( -1.0311380800339494     , -7.3063683537862323     ) ( -1.0695912124783301E-007, -7.2009774455450595E-007) ( -1.0695922599700946E-007, -7.2009776306581301E-007) (  1.0754932386572726     ,  7.3267801293967976     )
   22.250275000000002        1.2500000000000000     
 (  32.797621963239550     ,  21.937889112389570     ) (  32.753404369395476     ,  22.000948202330356     )
 (-0.96064310771778016     , -7.3510985530108925     ) ( -9.9999811551950807E-008, -7.2463055438889199E-007) ( -9.9999919245383942E-008, -7.2463057356627441E-007) (  1.0054501981094617     ,  7.3730829528232240     )
   22.300270000000001        1.2500000000000000     
 (  32.981355963561803     ,  22.118720605005922     ) (  32.937123954133909     ,  22.181071352480732     )
 (-0.88903688304895223     , -7.3938458149646218     ) ( -9.2928527837548285E-008, -7.2896899996690009E-007) ( -9.2928638610851940E-008, -7.2896901982106756E-007) ( 0.93425399336846193     ,  7.4174408315927440     )
   22.350265000000000        1.2500000000000000     
 (  33.165957771509042     ,  22.300944003449111     ) (  33.121739529362465     ,  22.362573085327448     )
 (-0.81634879241845315     , -7.4345719855488293     ) ( -8.5748135766161823E-008, -7.3310927863290504E-007) ( -8.5748249701160213E-008, -7.3310929918762752E-007) ( 0.86193214179787592     ,  7.4598144535904511     )
   22.400259999999999        1.2500000000000000     
 (  33.351416051231539     ,  22.484588495739860     ) (  33.307241015136619     ,  22.545483156112486     )
 (-0.74260901496189247     , -7.4732379888552618     ) ( -7.8461582954879244E-008, -7.3704751556744546E-007) ( -7.8461700034123531E-008, -7.3704753684959348E-007) ( 0.78851263926935111     ,  7.5001637692817544     )
   22.450255000000002        1.2500000000000000     
 (  33.537715952352592     ,  22.669683459733346     ) (  33.493614797418509     ,  22.729831423224596     )
 (-0.66784745678320934     , -7.5098045190584006     ) ( -7.1071818786696968E-008, -7.4077980055710030E-007) ( -7.1071939099917469E-008, -7.4077982255315268E-007) ( 0.71402371981185819     ,  7.5384483435017957     )
   22.500250000000001        1.2500000000000000     
 (  33.724842896167580     ,  22.856255992788473     ) (  33.680847874728961     ,  22.915645813994477     )
 (-0.59209927744808410     , -7.5442345357698546     ) ( -6.3582261336743640E-008, -7.4430246030480030E-007) ( -6.3582384997499652E-008, -7.4430248305720418E-007) ( 0.63849828840692080     ,  7.5746298196759083     )
   22.550245000000000        1.2500000000000000     
 (  33.912780187069004     ,  23.044335333576448     ) (  33.868924903365517     ,  23.102956334749962     )
 (-0.51539509471746825     , -7.5764891609325087     ) ( -5.5995908855731126E-008, -7.4761162931960055E-007) ( -5.5996035966652431E-008, -7.4761165264726930E-007) ( 0.56196487498556480     ,  7.6086681253897677     )
   22.600239999999999        1.2500000000000000     
 (  34.101511278048797     ,  23.233947718149011     ) (  34.057830652622137     ,  23.291790049258104     )
 (-0.43777227488338449     , -7.6065322487317646     ) ( -4.8316426327091233E-008, -7.5070370706730065E-007) ( -4.8316556974270027E-008, -7.5070373139914421E-007) ( 0.48445916628644081     ,  7.6405254897420312     )
   22.650235000000002        1.2500000000000000     
 (  34.291016970077756     ,  23.425121720174356     ) (  34.247547493933453     ,  23.482176559537404     )
 (-0.35926715879129018     , -7.6343273892963026     ) ( -4.0547364235866107E-008, -7.5357508520535510E-007) ( -4.0547498465164163E-008, -7.5357511035407343E-007) ( 0.40601528772303025     ,  7.6701640135827827     )
   22.700230000000001        1.2500000000000000     
 (  34.481278076682315     ,  23.617883701400622     ) (  34.438057561253054     ,  23.674143164142922     )
 (-0.27991724086438929     , -7.6598385595793079     ) ( -3.2692390979598591E-008, -7.5622217389012080E-007) ( -3.2692528896785210E-008, -7.5622219985318073E-007) ( 0.32666906488973291     ,  7.6975460314454347     )
   22.750225000000000        1.2500000000000000     
 (  34.672272718470524     ,  23.812259488788637     ) (  34.629340188048502     ,  23.867717146325809     )
 (-0.19976131357372415     , -7.6830314111550786     ) ( -2.4755309684508075E-008, -7.5864157218750340E-007) ( -2.4755451418057661E-008, -7.5864159901665664E-007) ( 0.24645731000992105     ,  7.7226354808647173     )
   22.800219999999999        1.2500000000000000     
 (  34.863980252971956     ,  24.008274407839462     ) (  34.821376329437392     ,  24.062924901041580     )
 (-0.11884020485162676     , -7.7038720133237302     ) ( -1.6740114323123035E-008, -7.6082987936413401E-007) ( -1.6740259955549405E-008, -7.6082990707816711E-007) ( 0.16541898129533716     ,  7.7453963146613702     )
   22.850215000000002        1.2500000000000000     
 (  35.056374981213700     ,  24.205953488288323     ) (  35.014141536205514     ,  24.259793041043228     )
 ( -3.7195145232188837E-002, -7.7223260507643587     ) ( -8.6508374525329655E-009, -7.6278369986222435E-007) ( -8.6509870337468167E-009, -7.6278372850619904E-007) (  8.3593567631939814E-002,  7.7657924309626596     )
   22.900210000000001        1.2500000000000000     
 (  35.249433578777492     ,  24.405320566414446     ) (  35.207613604327243     ,  24.458346702166153     )
 (  4.5129624164938188E-002, -7.7383615123016121     ) ( -4.9180252313748092E-010, -7.6449983989636764E-007) ( -4.9195614114442174E-010, -7.6449986944185315E-007) (  1.0234055996993594E-003,  7.7837896826969208     )
   22.950205000000000        1.2500000000000000     
 (  35.443129902574384     ,  24.606398094892842     ) (  35.401767932431881     ,  24.658610133420289     )
 ( 0.12809150651808007     , -7.7519475834603009     ) (  7.7327972067682122E-009, -7.6597523319827453E-007) (  7.7326393462574301E-009, -7.6597526370301554E-007) ( -8.2250189604297516E-002,  7.7993550096341018     )
   23.000200000000000        1.2500000000000000     
 (  35.637437068743893     ,  24.809209170114443     ) (  35.596578703485356     ,  24.860607989148384     )
 ( 0.21164174322325671     , -7.7630548097421928     ) (  1.6018203612997850E-008, -7.6720693589486246E-007) (  1.6018041530404770E-008, -7.6720696736605980E-007) (-0.16618044497516626     ,  7.8124565678566853     )
   23.050195000000002        1.2500000000000000     
 (  35.832326569530856     ,  25.013773897841087     ) (  35.792018707313922     ,  25.064362339521047     )
 ( 0.29573722990742657     , -7.7716520522428434     ) (  2.4360214920947103E-008, -7.6819184335129999E-007) (  2.4360048471440181E-008, -7.6819187585393602E-007) (-0.25072587535158047     ,  7.8230608411493794     )
   23.100190000000001        1.2500000000000000     
 (  36.027770668386154     ,  25.220112716591956     ) (  35.988061084668558     ,  25.269895514172450     )
 ( 0.38032847270400860     , -7.7777133702673682     ) (  3.2753953924768402E-008, -7.6892736852338888E-007) (  3.2753783067088328E-008, -7.6892740202469846E-007) (-0.33583803279487362     ,  7.8311393608324966     )
   23.150185000000000        1.2500000000000000     
 (  36.223738470834292     ,  25.428244443567102     ) (  36.184676169022211     ,  25.477228379099845     )
 ( 0.46536522784108453     , -7.7812113211056140     ) (  4.1194520623976487E-008, -7.6941076305051055E-007) (  4.1194345134213501E-008, -7.6941079762326070E-007) (-0.42146824152139423     ,  7.8366619461844866     )
   23.200180000000000        1.2500000000000000     
 (  36.420198778255909     ,  25.638187588374553     ) (  36.381833453207669     ,  25.686381658630744     )
 ( 0.55079700000611131     , -7.7821212359489964     ) (  4.9676962798814819E-008, -7.6963955783553568E-007) (  4.9676782597334621E-008, -7.6963959351384021E-007) (-0.50756723628467360     ,  7.8396011179628067     )
   23.250175000000002        1.2500000000000000     
 (  36.617119632791066     ,  25.849958375606626     ) (  36.579502046380796     ,  25.897373730130084     )
 ( 0.63657428087470502     , -7.7804192620750223     ) (  5.8196448743041949E-008, -7.6961136372761373E-007) (  5.8196263771863063E-008, -7.6961140051722295E-007) (-0.59408681457598356     ,  7.8399302757242593     )
   23.300170000000001        1.2500000000000000     
 (  36.814468842822627     ,  26.063569723585434     ) (  36.777650528167726     ,  26.110219896774087     )
 ( 0.72264284145879309     , -7.7760826141180450     ) (  6.6747654452812960E-008, -7.6932389484133628E-007) (  6.6747464574305409E-008, -7.6932393275174543E-007) (-0.68097356984611912     ,  7.8376236912109416     )
   23.350165000000001        1.2500000000000000     
 (  37.012211807177621     ,  26.279039532405658     ) (  36.976244903592374     ,  26.324940605031728     )
 ( 0.80894961750981198     , -7.7690908906453453     ) (  7.5325407722418031E-008, -7.6877509305369894E-007) (  7.5325212832064600E-008, -7.6877513212592495E-007) (-0.76817570027391791     ,  7.8326577935682593     )
   23.400160000000003        1.2500000000000000     
 (  37.210315745473885     ,  26.496378104879508     ) (  37.175252906058290     ,  26.541548580264667     )
 ( 0.89544038925431868     , -7.7594247975605510     ) (  8.3924377921974156E-008, -7.6796300884560946E-007) (  8.3924177817645944E-008, -7.6796304911768750E-007) (-0.85563937855968619     ,  7.8250101516795798     )
   23.450154999999999        1.2500000000000000     
 (  37.408744361803542     ,  26.715596969896403     ) (  37.374638634572761     ,  26.760058030058307     )
 ( 0.98205902622657937     , -7.7470675794693227     ) (  9.2539073873127166E-008, -7.6688594755029398E-007) (  9.2538868501448577E-008, -7.6688598902977174E-007) (-0.94330932017657754     ,  7.8146608485328581     )
   23.500149999999998        1.2500000000000000     
 (  37.607460835989698     ,  26.936705547607673     ) (  37.574365778448332     ,  26.980481195854747     )
 (  1.0687496308758777     , -7.7320005310143838     ) (  1.0116404464000578E-007, -7.6554201600009769E-007) (  1.0116383388231243E-007, -7.6554205875097265E-007) ( -1.0311303764852839     ,  7.8015878739005808     )
   23.550145000000001        1.2500000000000000     
 (  37.806432132590295     ,  27.159711537670844     ) (  37.774401025998884     ,  27.202828347121983     )
 (  1.1554560398991505     , -7.7142128211783083     ) (  1.0979377654834034E-007, -7.6393009149389220E-007) (  1.0979356036314972E-007, -7.6393013555150723E-007) ( -1.1190463907979369     ,  7.7857768120545447     )
   23.600140000000000        1.2500000000000000     
 (  38.005618682697978     ,  27.384623051558531     ) (  37.974705338977870     ,  27.427110640854107     )
 (  1.2421191611212112     , -7.6936909175958403     ) (  1.1842249452152865E-007, -7.6204878256850871E-007) (  1.1842227252161966E-007, -7.6204882790479610E-007) ( -1.2069989022221705     ,  7.7672108539005000     )
   23.650134999999999        1.2500000000000000     
 (  38.204985654001256     ,  27.611443448675885     ) (  38.175243250617768     ,  27.653334344772535     )
 (  1.3286819045244957     , -7.6704250304215247     ) (  1.2704459997134812E-007, -7.5989708214697475E-007) (  1.2704437225285075E-007, -7.5989712885676226E-007) ( -1.2949303825958303     ,  7.7458767002118583     )
   23.700129999999998        1.2500000000000000     
 (  38.404493073364172     ,  27.840175216054313     ) (  38.375974936080439     ,  27.881504919697477     )
 (  1.4150835186109265     , -7.6444053187920105     ) (  1.3565415066715787E-007, -7.5747393339126976E-007) (  1.3565391706857671E-007, -7.5747398149943964E-007) ( -1.3827803142347748     ,  7.7217606010051121     )
   23.750125000000001        1.2500000000000000     
 (  38.604105387289074     ,  28.070821945863948     ) (  38.576864184535346     ,  28.111628913349378     )
 (  1.5012672343199422     , -7.6156251586886983     ) (  1.4424559649391642E-007, -7.5477865170006332E-007) (  1.4424535680679136E-007, -7.5477870117626077E-007) ( -1.4704916155976915     ,  7.6948528578658104     )
   23.800120000000000        1.2500000000000000     
 (  38.803784069052917     ,  28.303383267005326     ) (  38.777872006789487     ,  28.343709020926013     )
 (  1.5871714154285699     , -7.5840812425101234     ) (  1.5281289901084111E-007, -7.5181082724577555E-007) (  1.5281265314765885E-007, -7.5181087814651734E-007) ( -1.5580021000757809     ,  7.6651460903470960     )
   23.850114999999999        1.2500000000000000     
 (  39.003491487397113     ,  28.537855350159667     ) (  38.978959713442237     ,  28.577744696006611     )
 (  1.6727358983621181     , -7.5497708900101497     ) (  1.6135014759968459E-007, -7.4857014277967564E-007) (  1.6134989537351084E-007, -7.4857019510375318E-007) ( -1.6452507771716760     ,  7.6326342409050882     )
   23.900109999999998        1.2500000000000000     
 (  39.203189873248014     ,  28.774237071330134     ) (  39.180088622007275     ,  28.813737717487840     )
 (  1.7579018746556438     , -7.5126916742183276     ) (  1.6985162002090920E-007, -7.4505627011752990E-007) (  1.6985136139893043E-007, -7.4505632393765259E-007) ( -1.7321784786081975     ,  7.5973110799364019     )
   23.950105000000001        1.2500000000000000     
 (  39.402841581723159     ,  29.012521821760657     ) (  39.381220164279000     ,  29.051684665652566     )
 (  1.8426065377622918     , -7.4728449309828786     ) (  1.7831114198522415E-007, -7.4126927539088584E-007) (  1.7831087697018242E-007, -7.4126933072037836E-007) ( -1.8187209677224541     ,  7.5591741328007114     )
   24.000100000000000        1.2500000000000000     
 (  39.602408423004391     ,  29.252702545088283     ) (  39.582314589891745     ,  29.291581649539644     )
 (  1.9267911503875190     , -7.4302367199325117     ) (  1.8672295426794189E-007, -7.3720968761604547E-007) (  1.8672268244892226E-007, -7.3720974455967405E-007) ( -1.9048182016995414     ,  7.5182260015792588     )
   24.050094999999999        1.2500000000000000     
 (  39.801854205262430     ,  29.494771412856494     ) (  39.783334098180532     ,  29.533423820782133     )
 (  2.0103940334169028     , -7.3848689618000050     ) (  1.9508104193879426E-007, -7.3287760299608265E-007) (  1.9508076321039688E-007, -7.3287766152060516E-007) ( -1.9904074222421215     ,  7.4744649036665711     )
   24.100089999999998        1.2500000000000000     
 (  40.001141637334342     ,  29.738716925311412     ) (  39.984239701729990     ,  29.777202707982685     )
 (  2.0933566713373519     , -7.3367517531392838     ) (  2.0337964309903241E-007, -7.2827393589534609E-007) (  2.0337935686627916E-007, -7.2827399603031360E-007) ( -2.0754280981186040     ,  7.4278971301180752     )
   24.150085000000001        1.2500000000000000     
 (  40.200234272403762     ,  29.984527576469965     ) (  40.184993271305110     ,  30.022910093498115     )
 (  2.1756171326595761     , -7.2858935980158739     ) (  2.1161271060510587E-007, -7.2339943440669407E-007) (  2.1161241712341694E-007, -7.2339949621758138E-007) ( -2.1598168922650602     ,  7.3785277321339269     )
   24.200080000000000        1.2500000000000000     
 (  40.399096795708907     ,  30.232189470707354     ) (  40.385557243960555     ,  30.270534797852186     )
 (  2.2571154113005996     , -7.2323059806267649     ) (  2.1977433878215835E-007, -7.1825514690905640E-007) (  2.1977403799817946E-007, -7.1825521033639110E-007) ( -2.2435112746946300     ,  7.3263647366251377     )
   24.250074999999999        1.2500000000000000     
 (  40.597693905617646     ,  30.481687754871249     ) (  40.585893744416396     ,  30.520065008592400     )
 (  2.3377931852078131     , -7.1760014466621982     ) (  2.2785883215707644E-007, -7.1284221960034034E-007) (  2.2785852415808956E-007, -7.1284228437789999E-007) ( -2.3264510225661659     ,  7.2714173152196793     )
   24.300069999999998        1.2500000000000000     
 (  40.795991603685351     ,  30.733002602606213     ) (  40.785966440679793     ,  30.771483642398120     )
 (  2.4175907764391242     , -7.1169970491897665     ) (  2.3586032516335516E-007, -7.0716222250864800E-007) (  2.3586000892493115E-007, -7.0716228943219346E-007) ( -2.4085738389008000     ,  7.2136989548241228     )
   24.350065000000001        1.2500000000000000     
 (  40.993956087545776     ,  30.986118258166201     ) (  40.985738853100031     ,  31.024777812106347     )
 (  2.4964500891809820     , -7.0553096012369085     ) (  2.4377308944230324E-007, -7.0121672098073386E-007) (  2.4377276542237588E-007, -7.0121678968016891E-007) ( -2.4898188342470036     ,  7.1532232533360780     )
   24.400060000000000        1.2500000000000000     
 (  41.191555472968275     ,  31.241011500098619     ) (  41.185176343630992     ,  31.279926679624928     )
 (  2.5743125858781175     , -6.9909583359467220     ) (  2.5159144545755163E-007, -6.9500750004495523E-007) (  2.5159111341603083E-007, -6.9500757057268866E-007) ( -2.5701252070793710     ,  7.0900063458974376     )
   24.450054999999999        1.2500000000000000     
 (  41.388758732679747     ,  31.497663222015007     ) (  41.384244600031813     ,  31.536913822997381     )
 (  2.6511226877893708     , -6.9239640336060564     ) (  2.5930987725754390E-007, -6.8853652147591348E-007) (  2.5930953685015275E-007, -6.8853659385491133E-007) ( -2.6494338129057313     ,  7.0240661551118784     )
   24.500049999999998        1.2500000000000000     
 (  41.585534734916237     ,  31.756049029797438     ) (  41.582909092915258     ,  31.795717258885347     )
 (  2.7268232633890235     , -6.8543519946061506     ) (  2.6692280550785377E-007, -6.8180614831978495E-007) (  2.6692245663044310E-007, -6.8180622248128369E-007) ( -2.7276846476781600     ,  6.9554247931878210     )
   24.550045000000001        1.2500000000000000     
 (  41.781853727992306     ,  32.016143984453514     ) (  41.781137239895514     ,  32.056314184101879     )
 (  2.8013584107658613     , -6.7821456260585338     ) (  2.7442470641592845E-007, -6.7481857950901295E-007) (  2.7442434887145941E-007, -6.7481865564264728E-007) ( -2.8048181305286430     ,  6.8841030003522468     )
   24.600040000000000        1.2500000000000000     
 (  41.977689323510866     ,  32.277922541089836     ) (  41.978898336413941     ,  32.318681087354435     )
 (  2.8746750560824115     , -6.7073706005249640     ) (  2.8181037199479142E-007, -6.6757622944534020E-007) (  2.8181000587343562E-007, -6.6757630750768571E-007) ( -2.8807777506505317     ,  6.8101239923762451     )
   24.650034999999999        1.2500000000000000     
 (  42.173015535810499     ,  32.541356723006622     ) (  42.176163347062577     ,  32.582792089608020     )
 (  2.9467180850645862     , -6.6300578167309503     ) (  2.8907438800753644E-007, -6.6008203134437477E-007) (  2.8907401251490400E-007, -6.6008211142756841E-007) ( -2.9555048949326248     ,  6.7335161648242998     )
   24.700029999999998        1.2500000000000000     
 (  42.367804745275151     ,  32.806417487998601     ) (  42.372900175981542     ,  32.848619517674393     )
 (  3.0174373188360684     , -6.5502362114054717     ) (  2.9621178774666494E-007, -6.5233871207498107E-007) (  2.9621140295383738E-007, -6.5233879420000809E-007) ( -3.0289453002747169     ,  6.6543062851766486     )
   24.750025000000001        1.2500000000000000     
 (  42.562036716411676     ,  33.073077462315105     ) (  42.569084900116771     ,  33.116137873292189     )
 (  3.0867815640730569     , -6.4679378966039085     ) (  3.0321755355659927E-007, -6.4434930257417370E-007) (  3.0321715938595305E-007, -6.4434938672047237E-007) ( -3.1010438901117108     ,  6.5725244006956194     )
   24.800020000000000        1.2500000000000000     
 (  42.755686544928118     ,  33.341303052311815     ) (  42.764688253872784     ,  33.385314682212375     )
 (  3.1546989594437154     , -6.3831943538574327     ) (  3.1008653055206358E-007, -6.3611679447713554E-007) (  3.1008612735707079E-007, -6.3611688069842024E-007) ( -3.1717444097652070     ,  6.4882001233814224     )
   24.850014999999999        1.2500000000000000     
 (  42.948735660811948     ,  33.611065425171226     ) (  42.959687372380742     ,  33.656122233423552     )
 (  3.2211439749584896     , -6.2960430915502537     ) (  3.1681425738151928E-007, -6.2764474020197227E-007) (  3.1681384361502999E-007, -6.2764482850712309E-007) ( -3.2409974029123898     ,  6.4013693470813049     )
   24.900009999999998        1.2500000000000000     
 (  43.141164105885210     ,  33.882329238292989     ) (  43.154058333195565     ,  33.928526081081166     )
 (  3.2860679957555603     , -6.2065173967888985     ) (  3.2339591697063740E-007, -6.1893630608691416E-007) (  3.2339549292105553E-007, -6.1893639657313575E-007) ( -3.3087498800874489     ,  6.3120642000073310     )
   24.950005000000001        1.2500000000000000     
 (  43.332955731029358     ,  34.155062755508261     ) (  43.347780098744103     ,  34.202495177757072     )
 (  3.3494242066390223     , -6.1146574732160914     ) (  3.2982684907705542E-007, -6.0999531327912999E-007) (  3.2982641503255672E-007, -6.0999540588527081E-007) ( -3.3749503429908101     ,  6.2203234145252049     )
   25.000000000000000        1.2500000000000000     
 (  43.524095366713638     ,  34.429232367959237     ) (  43.540833100607443     ,  34.477996561807856     )
 (  3.4111712957032276     , -6.0204992863178290     ) (  3.3610299536592200E-007, -6.0082518633784705E-007) (  3.3610255100637433E-007, -6.0082528123230847E-007) ( -3.4395531603396488     ,  6.1261824422479858     )
