   54.507727272727273     
   243.16000000000000     
   1.3013628231628647        1.0898208240767131E-004
         501           1
 
   35.000000000000000        35.000000000000000     
   2.5000000000000001E-003   1.2500000000000000     
 (  3.9016089476636813E-011,  1.2978542110728224E-014) (  3.9667499525239392E-011,  1.3407914388345561E-014)
 (  3.9016088222847293E-011,  1.2978541645631729E-014) (  3.2493710001856243E-018,  1.0983119319109851E-021) (  3.2493710001856243E-018,  1.0983119319109848E-021) ( -3.9667498254155231E-011, -1.3407913910886539E-014)
   5.2495000000000000E-002   1.2500000000000000     
 (  3.6122697914049281E-007,  1.2017146439226270E-010) (  3.6725805107410389E-007,  1.2414716439188886E-010)
 (  3.6122186099059780E-007,  1.2016956579745726E-010) (  3.0083592708208454E-014,  1.0169381171323575E-017) (  3.0083592708208448E-014,  1.0169381171323573E-017) ( -3.6725286232490576E-007, -1.2414521533122425E-010)
  0.10249000000000000        1.2500000000000000     
 (  2.6883036397081127E-006,  8.9483035215855087E-010) (  2.7331888655354528E-006,  9.2443519448479869E-010)
 (  2.6881584528506701E-006,  8.9477649432092616E-010) (  2.2387769530727671E-013,  7.5720797454211893E-017) (  2.2387769530727671E-013,  7.5720797454211880E-017) ( -2.7330416759547307E-006, -9.2437990505094766E-010)
  0.15248500000000001        1.2500000000000000     
 (  8.8537558737109344E-006,  2.9513490592594906E-009) (  9.0015885669393965E-006,  3.0489961321787938E-009)
 (  8.8526974739134170E-006,  2.9509564367444692E-009) (  7.3727933766999317E-013,  2.4972635431765088E-016) (  7.3727933766999297E-013,  2.4972635431765083E-016) ( -9.0005155671390251E-006, -3.0485930731034381E-009)
  0.20247999999999999        1.2500000000000000     
 (  2.0730496010253686E-005,  6.9295991857284125E-009) (  2.1076655637602843E-005,  7.1588815671231954E-009)
 (  2.0726126659943829E-005,  6.9279783174912756E-009) (  1.7261368885369702E-012,  5.8628592270427144E-016) (  1.7261368885369698E-012,  5.8628592270427115E-016) ( -2.1072226012803969E-005, -7.1572176121257414E-009)
  0.25247500000000000        1.2500000000000000     
 (  4.0192072466461811E-005,  1.3495847781396369E-008) (  4.0863251746244888E-005,  1.3942420998806494E-008)
 (  4.0178902401414749E-005,  1.3490962092804138E-008) (  3.3462316175430885E-012,  1.1416884098122599E-015) (  3.3462316175430876E-012,  1.1416884098122581E-015) ( -4.0849899994518196E-005, -1.3937405430656468E-008)
  0.30247000000000002        1.2500000000000000     
 (  6.9112874582251521E-005,  2.3362027178514437E-008) (  7.0267114402609236E-005,  2.4135135714885267E-008)
 (  6.9080373700895772E-005,  2.3349970110035050E-008) (  5.7532553239505297E-012,  1.9760281121234016E-015) (  5.7532553239505200E-012,  1.9760281121233949E-015) ( -7.0234165136118639E-005, -2.4122758108100111E-008)
  0.35246499999999997        1.2500000000000000     
 (  1.0936834012862791E-004,  3.7310385849402901E-008) (  1.1119506647636048E-004,  3.8545208392024158E-008)
 (  1.0929850901543680E-004,  3.7284479504459235E-008) (  9.1027877256407989E-012,  3.1552761673954820E-015) (  9.1027877256407650E-012,  3.1552761673954587E-015) ( -1.1112427191213463E-004, -3.8518613281819027E-008)
  0.40245999999999998        1.2500000000000000     
 (  1.6283515748115874E-004,  5.6223525036315325E-008) (  1.6555523894840624E-004,  5.8084522589700851E-008)
 (  1.6269961803680539E-004,  5.6173240375329517E-008) (  1.3550274953820681E-011,  4.7538082654597664E-015) (  1.3550274953820577E-011,  4.7538082654596931E-015) ( -1.6541782935409536E-004, -5.8032900922569038E-008)
  0.45245499999999994        1.2500000000000000     
 (  2.3139148887558894E-004,  8.1119802271269459E-008) (  2.3525729283952631E-004,  8.3805242754800250E-008)
 (  2.3114809482460778E-004,  8.1029500811616876E-008) (  1.9251008003960349E-011,  6.8573862084600298E-015) (  1.9251008003960061E-011,  6.8573862084598144E-015) ( -2.3501054022823792E-004, -8.3712540089035963E-008)
  0.50244999999999995        1.2500000000000000     
 (  3.1691716458843419E-004,  1.1319410946280121E-007) (  3.2221262622001790E-004,  1.1694196663544660E-007)
 (  3.1650613232063257E-004,  1.1304160645142584E-007) (  2.6360099999136268E-011,  9.5665959303390599E-015) (  2.6360099999135551E-011,  9.5665959303385204E-015) ( -3.2179592169068476E-004, -1.1678540801537377E-007)
  0.55244499999999985        1.2500000000000000     
 (  4.2129387493580392E-004,  1.5386401679473047E-007) (  4.2833456928334583E-004,  1.5895939844307870E-007)
 (  4.2063343496709756E-004,  1.5361896569113031E-007) (  3.5032462501144415E-011,  1.3000737739262260E-014) (  3.5032462501142650E-011,  1.3000737739261001E-014) ( -4.2766501435300536E-004, -1.5870782981506977E-007)
  0.60243999999999998        1.2500000000000000     
 (  5.4640535447743061E-004,  2.0482126442247127E-007) (  5.5553859697453324E-004,  2.1160558385912598E-007)
 (  5.4538692419808701E-004,  2.0444336249208600E-007) (  4.5422783312081810E-011,  1.7302172135556128E-014) (  4.5422783312078088E-011,  1.7302172135553390E-014) ( -5.5450610951965058E-004, -2.1121762972845851E-007)
  0.65243499999999988        1.2500000000000000     
 (  6.9413772336508230E-004,  2.6808861311862385E-007) (  7.0574264814182556E-004,  2.7697066146390691E-007)
 (  6.9262060119323833E-004,  2.6752562769676383E-007) (  5.7685513017013410E-011,  2.2641117479035709E-014) (  5.7685513017005700E-011,  2.2641117479030010E-014) ( -7.0420458311578000E-004, -2.7639269843721876E-007)
  0.70242999999999989        1.2500000000000000     
 (  8.6637946178809151E-004,  3.4608201200864628E-007) (  8.8086711290309054E-004,  3.5755112448013546E-007)
 (  8.6418504389052832E-004,  3.4526762701327871E-007) (  7.1974824427718310E-011,  2.9220898992105790E-014) (  7.1974824427703485E-011,  2.9220898992094809E-014) ( -8.7864239882782874E-004, -3.5671507012546701E-007)
  0.75242499999999990        1.2500000000000000     
 (  1.0650217083911975E-003,  4.4167815035857465E-007) (  1.0828351749955834E-003,  4.5631965932624075E-007)
 (  1.0619272280406149E-003,  4.4052963211468511E-007) (  8.8444601139623545E-011,  3.7283654504597028E-014) (  8.8444601139595834E-011,  3.7283654504576670E-014) ( -1.0796979667062974E-003, -4.5514057533401146E-007)
  0.80241999999999991        1.2500000000000000     
 (  1.2919586597437372E-003,  5.5828726459582000E-007) (  1.3135731776801288E-003,  5.7680047144452749E-007)
 (  1.2876904504808097E-003,  5.5670294583081607E-007) (  1.0724842807073063E-010,  4.7116489600273116E-014) (  1.0724842807068118E-010,  4.7116489600236721E-014) ( -1.3092460256735614E-003, -5.7517397996481178E-007)
  0.85241499999999992        1.2500000000000000     
 (  1.5490873708679735E-003,  6.9993122911782795E-007) (  1.5750104213930506E-003,  7.2314995159290733E-007)
 (  1.5433136532800244E-003,  6.9778780964823383E-007) (  1.2853953547607165E-010,  5.9058070099405697E-014) (  1.2853953547598668E-010,  5.9058070099342854E-014) ( -1.5691569585502727E-003, -7.2094946320126405E-007)
  0.90240999999999982        1.2500000000000000     
 (  1.8383084558671640E-003,  8.7132712768090762E-007) (  1.8690800021055581E-003,  9.0024317163846515E-007)
 (  1.8306316502808096E-003,  8.6847678984254982E-007) (  1.5247082839759553E-010,  7.3505691893170866E-014) (  1.5247082839745261E-010,  7.3505691893065928E-014) ( -1.8612971495562535E-003, -8.9731692256594670E-007)
  0.95240499999999984        1.2500000000000000     
 (  2.1615254743998771E-003,  1.0779757472708702E-006) (  2.1977179460455063E-003,  1.1137653354340432E-006)
 (  2.1514740388549414E-003,  1.0742430832241659E-006) (  1.7919477643837679E-010,  9.0922756424871852E-014) (  1.7919477643814637E-010,  9.0922756424702202E-014) ( -2.1875276372294475E-003, -1.1099332312926849E-006)
   1.0024000000000000        1.2500000000000000     
 (  2.5206463459562204E-003,  1.3262558599458050E-006) (  2.5628649947421135E-003,  1.3703094601463332E-006)
 (  2.5076661399650057E-003,  1.3214346075819947E-006) (  2.0886352084898226E-010,  1.1184675628704908E-013) (  2.0886352084861747E-010,  1.1184675628677812E-013) ( -2.5497054197165790E-003, -1.3653597227985332E-006)
   1.0523950000000000        1.2500000000000000     
 (  2.9175821952135985E-003,  1.6235230801969424E-006) (  2.9664650755075943E-003,  1.6774784898555239E-006)
 (  2.9010273745894181E-003,  1.6173726634644271E-006) (  2.4162871023386920E-010,  1.3689762348273643E-013) (  2.4162871023330739E-010,  1.3689762348231989E-013) ( -2.9496814468050127E-003, -1.6711641021020880E-006)
   1.1023899999999998        1.2500000000000000     
 (  3.3542485128700019E-003,  1.9782146859444508E-006) (  3.4104666135869048E-003,  2.0439940186048624E-006)
 (  3.3333719476605771E-003,  1.9704565533712959E-006) (  2.7764156878102539E-010,  1.6678661864512826E-013) (  2.7764156878016151E-010,  1.6678661864449628E-013) ( -3.3893014523108697E-003, -2.0360289620768008E-006)
   1.1523849999999998        1.2500000000000000     
 (  3.8325652413473939E-003,  2.3999588809816606E-006) (  3.8968229903968135E-003,  2.4798089008623054E-006)
 (  3.8065084663040402E-003,  2.3902726389564559E-006) (  3.1705289497294445E-010,  2.0232553823840547E-013) (  3.1705289497167628E-010,  2.0232553823746179E-013) ( -3.8704059355571291E-003, -2.4698641794067372E-006)
   1.2023800000000000        1.2500000000000000     
 (  4.3544558368160315E-003,  2.8996901510821248E-006) (  4.4274909181147007E-003,  2.9962272210477487E-006)
 (  4.3222385349382005E-003,  2.8877094788082416E-006) (  3.6001288976366579E-010,  2.4443652376532341E-013) (  3.6001288976179068E-010,  2.4443652376394233E-013) ( -4.3948280620851061E-003, -2.9839266624043704E-006)
   1.2523750000000000        1.2500000000000000     
 (  4.9218496321165421E-003,  3.4897689020131062E-006) (  5.0044333610862468E-003,  3.6060278398497385E-006)
 (  4.8823586460660781E-003,  3.4750772434630777E-006) (  4.0667135681377365E-010,  2.9416216317948350E-013) (  4.0667135681108015E-010,  2.9416216317748209E-013) ( -4.9643961057898459E-003, -3.5909436628124986E-006)
   1.3023699999999998        1.2500000000000000     
 (  5.5366797677331818E-003,  4.1841068278630027E-006) (  5.6296171502650989E-003,  4.3235944779124999E-006)
 (  5.4886576453749272E-003,  4.1662328448888579E-006) (  4.5717746873660897E-010,  3.5267612675875865E-013) (  4.5717746873277152E-010,  3.5267612675591522E-013) ( -5.5809305962728839E-003, -4.3052426144814193E-006)
   1.3523649999999998        1.2500000000000000     
 (  6.2008842264051327E-003,  4.9982966672201802E-006) (  6.3050143938761238E-003,  5.1650493867145476E-006)
 (  6.1429172956657197E-003,  4.9767094462360536E-006) (  5.1167984323713705E-010,  4.2129409608681931E-013) (  5.1167984323172522E-010,  4.2129409608282947E-013) ( -6.2462452426831462E-003, -5.1428845479581064E-006)
   1.4023599999999998        1.2500000000000000     
 (  6.9164072272414456E-003,  5.9497490509858030E-006) (  7.0326034911553691E-003,  6.1483965336451133E-006)
 (  6.8469132210574072E-003,  5.9238530407015559E-006) (  5.7032658949389848E-010,  5.0148547029495854E-013) (  5.7032658948645416E-010,  5.0148547028943676E-013) ( -6.9621474995830469E-003, -6.1218069951808437E-006)
   1.4523549999999998        1.2500000000000000     
 (  7.6851972362757658E-003,  7.0578308906263686E-006) (  7.8143675200587955E-003,  7.2936633906383983E-006)
 (  7.6024124358523744E-003,  7.0269605581134026E-006) (  6.3326513537676833E-010,  5.9488495712279189E-013) (  6.3326513536652969E-010,  5.9488495711521458E-013) ( -7.7304364548326093E-003, -7.2619654861796036E-006)
   1.5023499999999999        1.2500000000000000     
 (  8.5092083601476676E-003,  8.3440132883129092E-006) (  8.6522948731402802E-003,  8.6230553974619476E-006)
 (  8.4111742786080242E-003,  8.3074274649279161E-006) (  7.0064224241102285E-010,  7.0330519973322690E-013) (  7.0064224239719446E-010,  7.0330519972296822E-013) ( -8.5529030170822945E-003, -8.5854876897923467E-006)
   1.5523449999999999        1.2500000000000000     
 (  9.3904003652781377E-003,  9.8320189295839153E-006) (  9.5483802809443047E-003,  1.0161108675022882E-005)
 (  9.2749499930282458E-003,  9.7888948285311547E-006) (  7.7260405250619931E-010,  8.2874925826400854E-013) (  7.7260405248754836E-010,  8.2874925825021799E-013) ( -9.4313304727677034E-003, -1.0116825783754708E-005)
   1.6023399999999999        1.2500000000000000     
 (  1.0330739468549264E-002,  1.1547981063564402E-005) (  1.0504625841265946E-002,  1.1934853945721193E-005)
 (  1.0195483029747073E-002,  1.1497407939061708E-005) (  8.4929613249016652E-010,  9.7342400731743154E-013) (  8.4929613246542782E-010,  9.7342400729906474E-013) ( -1.0367495035788909E-002, -1.1882920000469996E-005)
   1.6523349999999999        1.2500000000000000     
 (  1.1332197056236788E-002,  1.3520602154448973E-005) (  1.1523037497517225E-002,  1.3973982055096850E-005)
 (  1.1174507312732576E-002,  1.3461574566652308E-005) (  9.3086314760769896E-010,  1.1397536610009554E-012) (  9.3086314757503442E-010,  1.1397536609767281E-012) ( -1.1363161861999288E-002, -1.3913363731834628E-005)
   1.7023299999999999        1.2500000000000000     
 (  1.2396750737816641E-002,  1.5781319094264893E-005) (  1.2605629085895227E-002,  1.6311016275463917E-005)
 (  1.2213747857304821E-002,  1.5712729738666648E-005) (  1.0174491570678476E-009,  1.3303938514136696E-012) (  1.0174491570251587E-009,  1.3303938513819962E-012) ( -1.2420088643528029E-002, -1.6240575394563468E-005)
   1.7523250000000001        1.2500000000000000     
 (  1.3526384597732925E-002,  1.8364471221151291E-005) (  1.3754420329346760E-002,  1.8981483273505761E-005)
 (  1.3314920542167541E-002,  1.8285103296120242E-005) (  1.1091974103194064E-009,  1.5482455925937977E-012) (  1.1091974102641838E-009,  1.5482455925526899E-012) ( -1.3540023137827017E-002, -1.8899968884023531E-005)
   1.8023199999999997        1.2500000000000000     
 (  1.4723088463246100E-002,  2.1307483424443950E-005) (  1.4971437864849280E-002,  2.2024107890833743E-005)
 (  1.4479730941879519E-002,  2.1216002469520748E-005) (  1.2062503945511069E-009,  1.7964711926620943E-012) (  1.2062503944796795E-009,  1.7964711926091774E-012) ( -1.4724703724916070E-002, -2.1930147826704689E-005)
   1.8523149999999997        1.2500000000000000     
 (  1.5988859665988515E-002,  2.4651033995804342E-005) (  1.6258714744839444E-002,  2.5480982188965644E-005)
 (  1.5709875611727837E-002,  2.4545979165038699E-005) (  1.3087497551198977E-009,  2.0785080525725954E-012) (  1.3087497550288081E-009,  2.0785080525047589E-012) ( -1.5975858451033657E-002, -2.5373074017896449E-005)
   1.9023099999999997        1.2500000000000000     
 (  1.7325703328106224E-002,  2.8439251467793041E-005) (  1.7618293726189133E-002,  2.9397777590565745E-005)
 (  1.7007041964935299E-002,  2.8319026155240027E-005) (  1.4168365296910062E-009,  2.3980859888121767E-012) (  1.4168365295753694E-009,  2.3980859887259807E-012) ( -1.7295207880724507E-002, -2.9274278881903811E-005)
   1.9523049999999997        1.2500000000000000     
 (  1.8735628060777033E-002,  3.2719893631166132E-005) (  1.9052219965154025E-002,  3.3823920175591740E-005)
 (  1.8372903489413152E-002,  3.2582755409605786E-005) (  1.5306505117507502E-009,  2.7592415341545164E-012) (  1.5306505116044769E-009,  2.7592415340455725E-012) ( -1.8684457316265578E-002, -3.3683038050002855E-005)
   2.0023000000000000        1.2500000000000000     
 (  2.0220651309492577E-002,  3.7544547818712314E-005) (  2.0562548854749167E-002,  3.8812810589315105E-005)
 (  1.9809124637486183E-002,  3.7388597584263989E-005) (  1.6503308546178244E-009,  3.1663358842822873E-012) (  1.6503308544342804E-009,  3.1663358841454067E-012) ( -2.0145304181540976E-002, -3.8652590432975110E-005)
   2.0522950000000000        1.2500000000000000     
 (  2.1782798573043105E-002,  4.2968828149743856E-005) (  2.2151343256419428E-002,  4.4422020448399934E-005)
 (  2.1317359622247654E-002,  4.2791998435976810E-005) (  1.7760158078368304E-009,  3.6240709163769431E-012) (  1.7760158076082414E-009,  3.6240709162059182E-012) ( -2.1679434795281734E-002, -4.4240333743513684E-005)
   2.1022900000000000        1.2500000000000000     
 (  2.3424101676080337E-002,  4.9052572230756734E-005) (  2.3820673768666478E-002,  5.0713499382404807E-005)
 (  2.2899250234157977E-002,  4.8852614502850778E-005) (  1.9078427017854796E-009,  4.1375060605297268E-012) (  1.9078427015016773E-009,  4.1375060603173248E-012) ( -2.3288524183332729E-002, -5.0508030470880693E-005)
   2.1522849999999996        1.2500000000000000     
 (  2.5146598968604082E-002,  5.5860065649438031E-005) (  2.5572615915659923E-002,  5.7753811771712148E-005)
 (  2.4556425648818950E-002,  5.5634536651317544E-005) (  2.0459476884855458E-009,  4.7120776132075053E-012) (  2.0459476881350165E-009,  4.7120776129449174E-012) ( -2.4974232903692592E-002, -5.7522043613304045E-005)
   2.2022799999999996        1.2500000000000000     
 (  2.6952336715284124E-002,  6.3460231257114579E-005) (  2.7409256535177312E-002,  6.5614329511154066E-005)
 (  2.6290503281528342E-002,  6.3206478085931010E-005) (  2.1904662153273091E-009,  5.3536144169742781E-012) (  2.1904662148970495E-009,  5.3536144166512939E-012) ( -2.6738212841508634E-002, -6.5353528094806487E-005)
   2.2522749999999996        1.2500000000000000     
 (  2.8843371755610289E-002,  7.1926859170478972E-005) (  2.9332690940025725E-002,  7.4371472210963782E-005)
 (  2.8103091081439425E-002,  7.1642003108150052E-005) (  2.3415327665133907E-009,  6.0683574351662605E-012) (  2.3415327659858248E-009,  6.0683574347705798E-012) ( -2.8582104058139240E-002, -7.4078669683268371E-005)
   2.3022699999999996        1.2500000000000000     
 (  3.0821761726031405E-002,  8.1338837134992849E-005) (  3.1345014193555822E-002,  8.4106953723855991E-005)
 (  2.9995777260365272E-002,  8.1019756047653633E-005) (  2.4992801009803957E-009,  6.8629798174754948E-012) (  2.4992801003379220E-009,  6.8629798169925780E-012) ( -3.0507525434346719E-002, -8.3778929945978889E-005)
   2.3522650000000001        1.2500000000000000     
 (  3.2889579522394519E-002,  9.1780338639828614E-005) (  3.3448342424568463E-002,  9.4907969657149813E-005)
 (  3.1970144357534910E-002,  9.1423647799186087E-005) (  2.6638409776440188E-009,  7.7446021309938012E-012) (  2.6638409768659678E-009,  7.7446021304075838E-012) ( -3.2516095830117331E-002, -9.4541232157518688E-005)
   2.4022600000000001        1.2500000000000000     
 (  3.5048903244596578E-002,  1.0334109627334152E-004) (  3.5644791966278969E-002,  1.0686747997485887E-004)
 (  3.4027758883664834E-002,  1.0294312745625330E-004) (  2.8353464073636812E-009,  8.7208153619155954E-012) (  2.8353464064234601E-009,  8.7208153612066063E-012) ( -3.4609412599751269E-002, -1.0645824202699461E-004)
   2.4522550000000001        1.2500000000000000     
 (  3.7301814752151295E-002,  1.1611661655979586E-004) (  3.7936485724947698E-002,  1.2008445635638309E-004)
 (  3.6170169034841083E-002,  1.1567339520053674E-004) (  3.0139261175346372E-009,  9.7997010078036232E-012) (  3.0139261164031609E-009,  9.7997010069492167E-012) ( -3.6789057431308607E-002, -1.1962861303225567E-004)
   2.5022500000000001        1.2500000000000000     
 (  3.9650410693081097E-002,  1.3020839425104445E-004) (  4.0325562373425328E-002,  1.3466405888931858E-004)
 (  3.8398915905665257E-002,  1.2971561452440619E-004) (  3.1997093072230698E-009,  1.0989845380168597E-011) (  3.1997093058663365E-009,  1.0989845379142121E-011) ( -3.9056605397935429E-002, -1.3415716090348179E-004)
   2.5522449999999997        1.2500000000000000     
 (  4.2096790943006321E-002,  1.4572420353221616E-004) (  4.2814161675445855E-002,  1.5071800843694604E-004)
 (  4.0715520835679121E-002,  1.4517720106606145E-004) (  3.3928233666454536E-009,  1.2300369902735791E-011) (  3.3928233650283105E-009,  1.2300369901507323E-011) ( -4.1413609429661401E-002, -1.5015523351829895E-004)
   2.6022399999999997        1.2500000000000000     
 (  4.4643068682899738E-002,  1.6277828107763565E-004) (  4.5404439598822309E-002,  1.6836470478260459E-004)
 (  4.3121495715591554E-002,  1.6217200322044166E-004) (  3.5933951274191390E-009,  1.3740940577189222E-011) (  3.5933951254933410E-009,  1.3740940575725467E-011) ( -4.3861615558471297E-002, -1.6774082638105697E-004)
   2.6522349999999997        1.2500000000000000     
 (  4.7291356812858301E-002,  1.8149162990930702E-004) (  4.8098550720078841E-002,  1.8772959989266007E-004)
 (  4.5618328311537150E-002,  1.8082060304772124E-004) (  3.8015493339553325E-009,  1.5321798314863320E-011) (  3.8015493316699317E-009,  1.5321798313123175E-011) ( -4.6402144235292896E-002, -1.8703895286255036E-004)
   2.7022299999999997        1.2500000000000000     
 (  5.0043787098798941E-002,  2.0199225515382831E-004) (  5.0898669437617450E-002,  2.0894541738193166E-004)
 (  4.8207501597174948E-002,  2.0125054921861962E-004) (  4.0174103921462474E-009,  1.7053776663271175E-011) (  4.0174103894455243E-009,  1.7053776661208710E-011) ( -4.9036711649552894E-002, -2.0818186055774376E-004)
   2.7522249999999997        1.2500000000000000     
 (  5.2902489525457841E-002,  2.2441538108025860E-004) (  5.3806969165042740E-002,  2.3215237270894068E-004)
 (  5.0890472148209694E-002,  2.2359657047200295E-004) (  4.2411005924455211E-009,  1.8948319548482153E-011) (  4.2411005892629851E-009,  1.8948319546047641E-011) ( -5.1766808131151178E-002, -2.3130924786552500E-004)
   2.8022199999999997        1.2500000000000000     
 (  5.5869613290741992E-002,  2.4890377187942190E-004) (  5.6825643594627578E-002,  2.5749855931902680E-004)
 (  5.3668691508548381E-002,  2.4800089297161273E-004) (  4.4727418694398207E-009,  2.1017512610249438E-011) (  4.4727418656956431E-009,  2.1017512607381618E-011) ( -5.4593919454964952E-002, -2.5656864628940176E-004)
   2.8522149999999997        1.2500000000000000     
 (  5.8947304438352999E-002,  2.7560794052908130E-004) (  5.9956879971958116E-002,  2.8514007497867141E-004)
 (  5.6543582264430035E-002,  2.7461344499595355E-004) (  4.7124535077115320E-009,  2.3274093190146268E-011) (  4.7124535033288602E-009,  2.3274093186774851E-011) ( -5.7519499071262851E-002, -2.8411554257575162E-004)
   2.9022099999999997        1.2500000000000000     
 (  6.2137728866867879E-002,  3.0468647526909652E-004) (  6.3202889414367205E-002,  3.1524146820426471E-004)
 (  5.9516561628637103E-002,  3.0359217922748240E-004) (  4.9603546465017663E-009,  2.5731486544879107E-011) (  4.9603546413775958E-009,  2.5731486540930683E-011) ( -6.0544998485447116E-002, -3.1411382052761019E-004)
   2.9522049999999997        1.2500000000000000     
 (  6.5443052558301421E-002,  3.3630623013095404E-004) (  6.6565886108813574E-002,  3.4797586547371411E-004)
 (  6.2589020963699782E-002,  3.3510325847315060E-004) (  5.2165625149490239E-009,  2.8403815857941284E-011) (  5.2165625089780165E-009,  2.8403815853327206E-011) ( -6.3671845705861929E-002, -3.4673588315148985E-004)
   3.0021999999999998        1.2500000000000000     
 (  6.8865452965157420E-002,  3.7064265949350188E-004) (  7.0048087402937581E-002,  3.8352535938657081E-004)
 (  6.5762336311005087E-002,  3.6932138537206681E-004) (  5.4811924147227997E-009,  3.1305933626634988E-011) (  5.4811924086118672E-009,  3.1305933621251302E-011) ( -6.6901445243907467E-002, -3.8216303580137140E-004)
   3.0521949999999998        1.2500000000000000     
 (  7.2407117184515798E-002,  4.0788005777295700E-004) (  7.3651732310101012E-002,  4.2208123210129813E-004)
 (  6.9037866869914935E-002,  4.0643003608610665E-004) (  5.7543592066668658E-009,  3.4453439435197934E-011) (  5.7543591986237470E-009,  3.4453439428942077E-011) ( -7.0235196076306364E-002, -4.2058570303257683E-004)
   3.1021899999999998        1.2500000000000000     
 (  7.6070238072635590E-002,  4.4821188690554950E-004) (  7.7379051533179824E-002,  4.6384432060186980E-004)
 (  7.2416950284361195E-002,  4.4662178233954804E-004) (  6.0361748111231239E-009,  3.7862709419455113E-011) (  6.0361748018192577E-009,  3.7862709412192137E-011) ( -7.3674461073072156E-002, -4.6220378825311182E-004)
   3.1521849999999998        1.2500000000000000     
 (  7.9857024773990495E-002,  4.9184093893410712E-004) (  8.1232309952797482E-002,  5.0902517030921072E-004)
 (  7.5900913061657915E-002,  4.9009844673143896E-004) (  6.3267516735747868E-009,  4.1550908251322624E-011) (  6.3267516628389007E-009,  4.1550908242914804E-011) ( -7.7220609426087661E-002, -5.0722681974421950E-004)
   3.2021799999999998        1.2500000000000000     
 (  8.3769686737567642E-002,  5.3897979885152733E-004) (  8.5213758691015745E-002,  5.5784456746070868E-004)
 (  7.9491053557787961E-002,  5.3707155931302956E-004) (  6.6261987535994323E-009,  4.5536032171635294E-011) (  6.6261987412479185E-009,  4.5536032161923825E-011) ( -8.0874967772968334E-002, -5.5587447607581303E-004)
   3.2521749999999998        1.2500000000000000     
 (  8.7810440007930507E-002,  5.8985098423855909E-004) (  8.9325659291419779E-002,  6.1053362322216844E-004)
 (  8.3188648577079291E-002,  5.8776248948478184E-004) (  6.9346235382843991E-009,  4.9836915234805869E-011) (  6.9346235240872758E-009,  4.9836915223607123E-011) ( -8.4638844561175361E-002, -6.0837666204895688E-004)
   3.3021699999999998        1.2500000000000000     
 (  9.1981519550959526E-002,  6.4468723623669732E-004) (  9.3570302297952532E-002,  6.6733411732068876E-004)
 (  8.6994965121387408E-002,  6.4240272813966936E-004) (  7.2521334999437655E-009,  5.4473256715977733E-011) (  7.2521334842749431E-009,  5.4473256707841365E-011) ( -8.8513547846871210E-002, -6.6497384339108778E-004)
   3.3521649999999998        1.2500000000000000     
 (  9.6285165407854534E-002,  7.0373192969990634E-004) (  9.7949970969087627E-002,  7.2849893928522691E-004)
 (  9.0911245867215357E-002,  7.0123428996659415E-004) (  7.5788331059115299E-009,  5.9465656579790436E-011) (  7.5788330873086135E-009,  5.9465656565781253E-011) ( -9.2500349012412761E-002, -7.2591747898339361E-004)
   3.4021599999999999        1.2500000000000000     
 ( 0.10072361887618250     ,  7.6723919831744847E-004) ( 0.10246695413244193     ,  7.9429214950234219E-004)
 (  9.4938705171445287E-002,  7.6450982788799364E-004) (  7.9148247739649440E-009,  6.4835619550683541E-011) (  7.9148247527396450E-009,  6.4835619534514280E-011) ( -9.6600494273278090E-002, -7.9147007138197461E-004)
   3.4521549999999999        1.2500000000000000     
 ( 0.10529914110596049     ,  8.3547437955616211E-004) ( 0.10712356993302388     ,  8.6498956357759630E-004)
 (  9.9078547244355983E-002,  8.3249306921411904E-004) (  8.2602109000205292E-009,  7.0605602226785107E-011) (  8.2602108770190914E-009,  7.0605602207360127E-011) (-0.10081522945278001     , -8.6190574079338925E-004)
   3.5021500000000003        1.2500000000000000     
 ( 0.11001398658761338     ,  9.0871420401562192E-004) ( 0.11192211215279051     ,  9.4087886236446079E-004)
 ( 0.10333193934845233     ,  9.0545899283571527E-004) (  8.6150893410632855E-009,  7.6799021092862468E-011) (  8.6150893135210646E-009,  7.6799021070680276E-011) (-0.10514574464931518     , -9.3751032337343351E-004)
   3.5521449999999994        1.2500000000000000     
 ( 0.11487043246220838     ,  9.8724713102504727E-004) ( 0.11686491696270200     ,  1.0222599890490696E-003)
 ( 0.10770004021492599     ,  9.8369415337185582E-004) (  8.9795588335900395E-009,  8.3440284036406578E-011) (  8.9795588023453101E-009,  8.3440284011099233E-011) (-0.10959324086038923     , -1.0185817553323533E-003)
   3.6021399999999995        1.2500000000000000     
 ( 0.11987076347379048     ,  1.0713736663382288E-003) ( 0.12195432024892183     ,  1.1094454499371042E-003)
 ( 0.11218398624309463     ,  1.0674969868113818E-003) (  9.3537156140914693E-009,  9.0554813927686424E-011) (  9.3537155786703051E-009,  9.0554813898858313E-011) (-0.11415888813641065     , -1.1054303609438661E-003)
   3.6521349999999995        1.2500000000000000     
 ( 0.12501726361084781     ,  1.1614066217638780E-003) ( 0.12719265290459383     ,  1.2027606661670343E-003)
 ( 0.11678487969238108     ,  1.1571780554762770E-003) (  9.7376527542966245E-009,  9.8169076232916669E-011) (  9.7376527142284439E-009,  9.8169076200176537E-011) (-0.11884381800255243     , -1.1983791892439409E-003)
   3.7021299999999995        1.2500000000000000     
 ( 0.13031222694782352     ,  1.2576714007030119E-003) ( 0.13258226376644325     ,  1.3025441810160434E-003)
 ( 0.12150380259118787     ,  1.2530603202916583E-003) (  1.0131462304419270E-008,  1.0631059484274234E-010) (  1.0131462259198125E-008,  1.0631059480554264E-010) (-0.12364914907181412     , -1.2977642068250775E-003)
   3.7521249999999995        1.2500000000000000     
 ( 0.13575796278619592     ,  1.3605063097222024E-003) ( 0.13812550932698769     ,  1.4091480612186407E-003)
 ( 0.12634181943485051     ,  1.3554794361172011E-003) (  1.0535234140621323E-008,  1.1500798355888523E-010) (  1.0535234091277493E-008,  1.1500798351675390E-010) (-0.12857597350647879     , -1.4039346817644278E-003)
   3.8021199999999995        1.2500000000000000     
 ( 0.14135678433382026     ,  1.4702629225514393E-003) ( 0.14382476497536706     ,  1.5229382021421495E-003)
 ( 0.13129996482115577     ,  1.4647840993695135E-003) (  1.0949057012155954E-008,  1.2429096961320204E-010) (  1.0949056954792958E-008,  1.2429096958449536E-010) (-0.13362536977647985     , -1.5172534720713469E-003)
   3.8521149999999995        1.2500000000000000     
 ( 0.14711100691837956     ,  1.5873062983134969E-003) ( 0.14968238953465712     ,  1.6442946338236495E-003)
 ( 0.13637924443352620     ,  1.5813362492370258E-003) (  1.1373015591707592E-008,  1.3419041739804459E-010) (  1.1373015529632586E-008,  1.3419041734410233E-010) (-0.13879836567534329     , -1.6380973122157882E-003)
   3.9021099999999995        1.2500000000000000     
 ( 0.15302297077622914     ,  1.7120152923345302E-003) ( 0.15570078548718067     ,  1.7736119258524889E-003)
 ( 0.14158065380641713     ,  1.7055113588432468E-003) (  1.1807195350888218E-008,  1.4473835990969751E-010) (  1.1807195278528862E-008,  1.4473835984878161E-010) (-0.14409599925621747     , -1.7668571991509821E-003)
   3.9521050000000000        1.2500000000000000     
 ( 0.15909500704584681     ,  1.8447829230077658E-003) ( 0.16188233864109944     ,  1.9112993035714598E-003)
 ( 0.14690514713023622     ,  1.8376987823179791E-003) (  1.2251677664616650E-008,  1.5596800654286954E-010) (  1.2251677583509962E-008,  1.5596800647422350E-010) (-0.14951925831871679     , -1.9039384860542040E-003)
   4.0021000000000004        1.2500000000000000     
 ( 0.16532945186439318     ,  1.9860165024751923E-003) ( 0.16822943214368175     ,  2.0577812456230148E-003)
 ( 0.15235364734032247     ,  1.9783018646932129E-003) (  1.2706540627020014E-008,  1.6791379024409960E-010) (  1.2706540536346139E-008,  1.6791379016682185E-010) (-0.15506909020055876     , -2.0497614573565465E-003)
   4.0520950000000004        1.2500000000000000     
 ( 0.17172866934149705     ,  2.1361382255082962E-003) ( 0.17474449225933861     ,  2.2134975109076318E-003)
 ( 0.15792707247663204     ,  2.1277385075441327E-003) (  1.3171863268748761E-008,  1.8061136779201518E-010) (  1.3171863167420037E-008,  1.8061136770831267E-010) (-0.16074645383832786     , -2.2047613329545007E-003)
   4.1020900000000005        1.2500000000000000     
 ( 0.17829500750683289     ,  2.2955851105091081E-003) ( 0.18142991781550263     ,  2.3789035424408365E-003)
 ( 0.16362629008551943     ,  2.2864410863287637E-003) (  1.3647719436714905E-008,  1.9409765088795893E-010) (  1.3647719326193861E-008,  1.9409765079030713E-010) (-0.16655224413625586     , -2.3693886449881272E-003)
   4.1520850000000005        1.2500000000000000     
 ( 0.18503084099618378     ,  2.4648095044530536E-003) ( 0.18828815413746633     ,  2.5544710704039140E-003)
 ( 0.16945215668340735     ,  2.4548569292028627E-003) (  1.4134183604977176E-008,  2.0841085313437996E-010) (  1.4134183479054473E-008,  2.0841085302474268E-010) (-0.17248736433988304     , -2.5441098133952233E-003)
   4.2020800000000005        1.2500000000000000     
 ( 0.19193853559618235     ,  2.6442794857149967E-003) ( 0.19532160549297561     ,  2.7406879490458926E-003)
 ( 0.17540548642684750     ,  2.6334486940053255E-003) (  1.4631324237992842E-008,  2.2359047465234521E-010) (  1.4631324097864947E-008,  2.2359047453272991E-010) (-0.17855264342445881     , -2.7294069568143359E-003)
   4.2520750000000005        1.2500000000000000     
 ( 0.19902046686722341     ,  2.8344787219990440E-003) ( 0.20253271018966759     ,  2.9380587629544335E-003)
 ( 0.18148706711725435     ,  2.8226941950221613E-003) (  1.5139209488043362E-008,  2.3967734894513681E-010) (  1.5139209332365112E-008,  2.3967734880754297E-010) (-0.18474890661519050     , -2.9257784635636497E-003)
   4.3020699999999996        1.2500000000000000     
 ( 0.20627902837460163     ,  3.0359074379072192E-003) ( 0.20992392804848090     ,  3.1471052306492296E-003)
 ( 0.18769766758995193     ,  3.0230873441835547E-003) (  1.5657906292592275E-008,  2.5671367384964661E-010) (  1.5657906119867567E-008,  2.5671367369584396E-010) (-0.19107696415560449     , -3.1337393687453164E-003)
   4.3520649999999996        1.2500000000000000     
 ( 0.21371662318877918     ,  3.2490818347735901E-003) ( 0.21749771726513611     ,  3.3683660625886528E-003)
 ( 0.19403802969845704     ,  3.2351375325127348E-003) (  1.6187478292305136E-008,  2.7474299646602701E-010) (  1.6187478100811160E-008,  2.7474299629716166E-010) (-0.19753758571761373     , -3.3538211711637801E-003)
   4.4020599999999996        1.2500000000000000     
 ( 0.22133561968991405     ,  3.4745353763215238E-003) ( 0.22525649660024169     ,  3.6023979319392144E-003)
 ( 0.20050882356921212     ,  3.4593708885713656E-003) (  1.6727982965236690E-008,  2.9381029039064498E-010) (  1.6727982753286342E-008,  2.9381029019866835E-010) (-0.20413146583174951     , -3.5865727742109086E-003)
   4.4520549999999997        1.2500000000000000     
 ( 0.22913844093268101     ,  3.7128179555602522E-003) ( 0.23320275556188946     ,  3.8497749564463625E-003)
 ( 0.20711073703962049     ,  3.6963294054865909E-003) (  1.7279480444641124E-008,  3.1396190988480962E-010) (  1.7279480210216875E-008,  3.1396190967053660E-010) (-0.21085933126822312     , -3.8325599260386075E-003)
   4.5020499999999997        1.2500000000000000     
 ( 0.23712750892841705     ,  3.9644973193771740E-003) ( 0.24133898312279053     ,  4.1110898670199550E-003)
 ( 0.21384441757751588     ,  3.9465723254571471E-003) (  1.7842027575025075E-008,  3.3524568210344269E-010) (  1.7842027316044583E-008,  3.3524568186478697E-010) (-0.21772186824730502     , -4.0923663446927111E-003)
   4.5520449999999997        1.2500000000000000     
 ( 0.24530521446204817     ,  4.2301584861307601E-003) ( 0.24966761699420623     ,  4.3869540479366184E-003)
 ( 0.22071044635216300     ,  4.2106755240508623E-003) (  1.8415674037627489E-008,  3.5771090774236160E-010) (  1.8415673751884961E-008,  3.5771090747658656E-010) (-0.22471967500331733     , -4.3665937242606612E-003)
   4.6020399999999997        1.2500000000000000     
 ( 0.25367400046654165     ,  4.5104042766993813E-003) ( 0.25819116665469538     ,  4.6779968319093160E-003)
 ( 0.22770941597316013     ,  4.4892319885295393E-003) (  1.9000472112409884E-008,  3.8140829841707798E-010) (  1.9000471797527123E-008,  3.8140829812786074E-010) (-0.23185338193921418     , -4.6558609741072527E-003)
   4.6520349999999997        1.2500000000000000     
 ( 0.26223626746796186     ,  4.8058559562846994E-003) ( 0.26691209232063706     ,  4.9848678060683141E-003)
 ( 0.23484184002330841     ,  4.7828524252035449E-003) (  1.9596466889337245E-008,  4.0639016297551282E-010) (  1.9596466542708441E-008,  4.0639016264687257E-010) (-0.23912353059906633     , -4.9608064840312638E-003)
   4.7020300000000006        1.2500000000000000     
 ( 0.27099447477908045     ,  5.1171527458716672E-003) ( 0.27583292654107033     ,  5.3082349707614601E-003)
 ( 0.24210824620455695     ,  5.0921647194289710E-003) (  2.0203705883156833E-008,  4.3271025187177554E-010) (  2.0203705501923506E-008,  4.3271025150689320E-010) (-0.24653069364027624     , -5.2820862341353787E-003)
   4.7520250000000006        1.2500000000000000     
 ( 0.27995103567736901     ,  5.4449522786746175E-003) ( 0.28495612737976905     ,  5.6487859264626418E-003)
 ( 0.24950908534503505     ,  5.4178143388790932E-003) (  2.0822227597840962E-008,  4.6042385029938338E-010) (  2.0822227179156944E-008,  4.6042384989460994E-010) (-0.25407533176334712     , -5.6203749199019151E-003)
   4.8020200000000006        1.2500000000000000     
 ( 0.28910838279970352     ,  5.7899320192247878E-003) ( 0.29428420232314145     ,  6.0072294320206651E-003)
 ( 0.25704478154287275     ,  5.7604657068870821E-003) (  2.1452071049818208E-008,  4.8958790142067382E-010) (  2.1452070590170724E-008,  4.8958790098449652E-010) (-0.26175791177721469     , -5.9763674637875932E-003)
   4.8520150000000006        1.2500000000000000     
 ( 0.29846898834924213     ,  6.1527874276854069E-003) ( 0.30381968221047317     ,  6.3842928066238031E-003)
 ( 0.26471575897734678     ,  6.1208003054819080E-003) (  2.2093273847422214E-008,  5.2026078887313550E-010) (  2.2093273348454934E-008,  5.2026078837564178E-010) (-0.26957888460077056     , -6.3507763562364091E-003)
   4.9020100000000006        1.2500000000000000     
 ( 0.30803527457506286     ,  6.5342341653717500E-003) ( 0.31356504970415566     ,  6.7807250269183482E-003)
 ( 0.27252235484993209     ,  6.4995188294258927E-003) (  2.2745866396701949E-008,  5.5250258531285671E-010) (  2.2745865844954491E-008,  5.5250258477452529E-010) (-0.27753861122702728     , -6.7443346870802818E-003)
   4.9520050000000007        1.2500000000000000     
 ( 0.31780968150136923     ,  6.9350065024799080E-003) ( 0.32352281182812725     ,  7.1972944874555966E-003)
 ( 0.28046488044273299     ,  6.8973395231708640E-003) (  2.3409877698274576E-008,  5.8637486363057259E-010) (  2.3409877094065020E-008,  5.8637486317319123E-010) (-0.28563743616191856     , -7.1577938433904070E-003)
   5.0020000000000007        1.2500000000000000     
 ( 0.32779469802059269     ,  7.3558597863014373E-003) ( 0.33369552442024397     ,  7.6347924869858133E-003)
 ( 0.28854365393258691     ,  7.3150006016744389E-003) (  2.4085337219741825E-008,  6.2194097819125735E-010) (  2.4085336559396283E-008,  6.2194097751740418E-010) (-0.29387571018984338     , -7.5919269329025318E-003)
   5.0519950000000007        1.2500000000000000     
 ( 0.33799274670565821     ,  7.7975684609241751E-003) ( 0.34408567194880174     ,  8.0940298689319758E-003)
 ( 0.29675889157827862     ,  7.7532581804738796E-003) (  2.4772265383894668E-008,  6.5926578145864487E-010) (  2.4772264662594785E-008,  6.5926578072718115E-010) (-0.30225367056368185     , -8.0475253402056673E-003)
   5.1019899999999998        1.2500000000000000     
 ( 0.34840630407921541     ,  8.2609279181007200E-003) ( 0.35469578900357746     ,  8.5758401211463893E-003)
 ( 0.30511081128868134     ,  8.2128880853562184E-003) (  2.5470682714511514E-008,  6.9841587520167954E-010) (  2.5470681927078796E-008,  6.9841587439198821E-010) (-0.31077155944501816     , -8.5254017712666184E-003)
   5.1519849999999998        1.2500000000000000     
 ( 0.35903781683360092     ,  8.7467527808425937E-003) ( 0.36552840807931364     ,  9.0810764091783774E-003)
 ( 0.31359957312638181     ,  8.6946840261463328E-003) (  2.6180606959895232E-008,  7.3945935769556207E-010) (  2.6180606101335400E-008,  7.3945935694000331E-010) (-0.31942958152406326     , -9.0263871821741684E-003)
   5.2019799999999998        1.2500000000000000     
 ( 0.36988973874664111     ,  9.2558794994090105E-003) ( 0.37658601860513696     ,  9.6106161748793356E-003)
 ( 0.32222528870662248     ,  9.1994601501153451E-003) (  2.6902047919206755E-008,  7.8246619674757744E-010) (  2.6902046983820976E-008,  7.8246619589875530E-010) (-0.32822784664955956     , -9.5513353204902569E-003)
   5.2519749999999998        1.2500000000000000     
 ( 0.38096456314390548     ,  9.7891648957949360E-003) ( 0.38787120540280567     ,  1.0165357437732248E-002)
 ( 0.33098807320299878     ,  9.7280494837570040E-003) (  2.7635020288509347E-008,  8.2750791743642140E-010) (  2.7635019270542970E-008,  8.2750791633295698E-010) (-0.33716652242313910     , -1.0101118921233228E-002)
   5.3019699999999998        1.2500000000000000     
 ( 0.39226470271795605     ,  1.0347487269749503E-002) ( 0.39938643670431284     ,  1.0746221885597526E-002)
 ( 0.33988791846570776     ,  1.0281304957929491E-002) (  2.8379525198032611E-008,  8.7465784983268452E-010) (  2.8379524090796116E-008,  8.7465784861678640E-010) (-0.34624561080875887     , -1.0676632718044575E-002)
   5.3519649999999999        1.2500000000000000     
 ( 0.40379265527795316     ,  1.0931744408384930E-002) ( 0.41113427773851136     ,  1.1354151162564476E-002)
 ( 0.34892485486928754     ,  1.0860097333839226E-002) (  2.9135568393486196E-008,  9.2399081542217762E-010) (  2.9135567190199685E-008,  9.2399081408494979E-010) (-0.35546517048808579     , -1.1278789626869835E-002)
   5.4019599999999999        1.2500000000000000     
 ( 0.41555087884416758     ,  1.1542857492487096E-002) ( 0.42311724831144981     ,  1.1990112250103884E-002)
 ( 0.35809883115923574     ,  1.1465319015722220E-002) (  2.9903148037469794E-008,  9.7558356251274350E-010) (  2.9903146730839760E-008,  9.7558356104000694E-010) (-0.36482516808741533     , -1.1908526042825595E-002)
   5.4519549999999999        1.2500000000000000     
 ( 0.42754184161630926     ,  1.2181767608498078E-002) ( 0.43533789374711040     ,  1.2655092997806617E-002)
 ( 0.36740976208667780     ,  1.2097880452060358E-002) (  3.0682261082398045E-008,  1.0295143884359510E-009) (  3.0682259674268550E-008,  1.0295143868169662E-009) (-0.37432555325798161     , -1.2566797244949808E-002)
   5.5019499999999999        1.2500000000000000     
 ( 0.43976798082111390     ,  1.2849439381866711E-002) ( 0.44779871523873055     ,  1.3350106747913393E-002)
 ( 0.37685748990160128     ,  1.2758713695012367E-002) (  3.1472896883674342E-008,  1.0858635134275690E-009) (  3.1472895346994203E-008,  1.0858635119528170E-009) (-0.38396618291104651     , -1.3254581934869567E-002)
   5.5519449999999999        1.2500000000000000     
 ( 0.45223176252493913     ,  1.3546856229903198E-002) ( 0.46050223900317150     ,  1.4076186364716952E-002)
 ( 0.38644183666514925     ,  1.3448767521773024E-002) (  3.2275043335437944E-008,  1.1447125791153003E-009) (  3.2275041679792075E-008,  1.1447125771604877E-009) (-0.39374689784571282     , -1.3972876137235411E-002)
   5.6019399999999999        1.2500000000000000     
 ( 0.46493566397034580     ,  1.4275025796602401E-002) ( 0.47345102155083524     ,  1.4834391141589947E-002)
 ( 0.39616259060171555     ,  1.4169012759134250E-002) (  3.3088686825209651E-008,  1.2061452060268476E-009) (  3.3088685032233609E-008,  1.2061452038790793E-009) (-0.40366751703277354     , -1.4722699989840892E-002)
   5.6519349999999999        1.2500000000000000     
 ( 0.47788212220297893     ,  1.5034977998507778E-002) ( 0.48664754687482814     ,  1.5625803855123115E-002)
 ( 0.40601945823707902     ,  1.4920440241942952E-002) (  3.3913804175194490E-008,  1.2702467445065348E-009) (  3.3913802238712233E-008,  1.2702467421513607E-009) (-0.41372774621914205     , -1.5505094688858597E-002)
   5.7019299999999999        1.2500000000000000     
 ( 0.49107356141133413     ,  1.5827762549656368E-002) ( 0.50009432954097366     ,  1.6451527827513454E-002)
 ( 0.41601208795524097     ,  1.5704058174181273E-002) (  3.4750370900891176E-008,  1.3371040188473581E-009) (  3.4750368802879179E-008,  1.3371040163149592E-009) (-0.42392726971314687     , -1.6321119394537766E-002)
   5.7519250000000000        1.2500000000000000     
 ( 0.50451251098981287     ,  1.6654451890001015E-002) ( 0.51379395766659941     ,  1.7312691566813594E-002)
 ( 0.42614017975856766     ,  1.6520894972897274E-002) (  3.5598364807290038E-008,  1.4068057015999506E-009) (  3.5598362543669833E-008,  1.4068056988177125E-009) (-0.43426580514564395     , -1.7171855770104310E-002)
   5.8019200000000000        1.2500000000000000     
 ( 0.51820134322305833     ,  1.7516141741293918E-002) ( 0.52774885351109480     ,  1.8210447351528599E-002)
 ( 0.43640324060123398     ,  1.7371999656663417E-002) (  3.6457746317686410E-008,  1.4794421824480170E-009) (  3.6457743859272059E-008,  1.4794421799562297E-009) (-0.44474285563728638     , -1.8058406378638838E-002)
   5.8519150000000009        1.2500000000000000     
 ( 0.53214254439380670     ,  1.8413950270819025E-002) ( 0.54196161720007230     ,  1.9145974378751297E-002)
 ( 0.44680083782194197     ,  1.8258440893626139E-002) (  3.7328486235833743E-008,  1.5551058178924083E-009) (  3.7328483583994165E-008,  1.5551058145446794E-009) (-0.45535804700062987     , -1.8981897743763972E-002)
   5.9019100000000000        1.2500000000000000     
 ( 0.54633852496236057     ,  1.9349015002660827E-002) ( 0.55643467720179041     ,  2.0120468214620942E-002)
 ( 0.45733242804427471     ,  1.9181303784485158E-002) (  3.8210538191785248E-008,  1.6338900523492726E-009) (  3.8210535359312916E-008,  1.6338900486246597E-009) (-0.46611079917141934     , -1.9943469606333260E-002)
   5.9519050000000000        1.2500000000000000     
 ( 0.56079175147625759     ,  2.0322500181968822E-002) ( 0.57117059531881065     ,  2.1135156136134720E-002)
 ( 0.46799745438913815     ,  2.0141697042724501E-002) (  3.9103861479458364E-008,  1.7158906623305987E-009) (  3.9103858400041047E-008,  1.7158906583094972E-009) (-0.47700060049243864     , -2.0944290114085586E-002)
   6.0019000000000000        1.2500000000000000     
 ( 0.57550459852514757     ,  2.1335588638585628E-002) ( 0.58617181078283809     ,  2.2191285013707759E-002)
 ( 0.47879523474625024     ,  2.1140744709311807E-002) (  4.0008402348320845E-008,  1.8012047496353978E-009) (  4.0008399033193489E-008,  1.8012047457897121E-009) (-0.48802677995339327     , -2.1985543532781027E-002)
   6.0518950000000000        1.2500000000000000     
 ( 0.59047952616954125     ,  2.2389487600677067E-002) ( 0.60144083883895250     ,  2.3290127594696668E-002)
 ( 0.48972514010933460     ,  2.2179591832060815E-002) (  4.0924109984282356E-008,  1.8899312475682217E-009) (  4.0924106415450024E-008,  1.8899312433041412E-009) (-0.49918869794779097     , -2.3068436388147266E-002)
   6.1018900000000000        1.2500000000000000     
 ( 0.60571894489127998     ,  2.3485424064945082E-002) ( 0.61698018429213253     ,  2.4432976478927466E-002)
 ( 0.50078640844456224     ,  2.3259399663167365E-002) (  4.1850926922443561E-008,  1.9821704057162946E-009) (  4.1850923086040443E-008,  1.9821704011069444E-009) (-0.51048563814572179     , -2.4194191225779059E-002)
   6.1518850000000000        1.2500000000000000     
 ( 0.62122524437543736     ,  2.4624649703757575E-002) ( 0.63279227461066823     ,  2.5621153384287852E-002)
 ( 0.51197823999341374     ,  2.4381350348039128E-002) (  4.2788786762298714E-008,  2.0780245395784110E-009) (  4.2788782658631389E-008,  2.0780245338676669E-009) (-0.52191677589759189     , -2.5364055703224239E-002)
   6.2018800000000001        1.2500000000000000     
 ( 0.63700087053494547     ,  2.5808437198925230E-002) ( 0.64887962452982362     ,  2.6856000140885627E-002)
 ( 0.52329982427099675     ,  2.5546643119782185E-002) (  4.3737625542056426E-008,  2.1775972705482665E-009) (  4.3737621114593618E-008,  2.1775972641993145E-009) (-0.53348130682061645     , -2.6579293366760955E-002)
   6.2518750000000001        1.2500000000000000     
 ( 0.65304815875885824     ,  2.7038083577414496E-002) ( 0.66524466912472136     ,  2.8138887934806490E-002)
 ( 0.53475021139733092     ,  2.6756497460695049E-002) (  4.4697369753922892E-008,  2.2809942773035079E-009) (  4.4697365027841755E-008,  2.2809942715917079E-009) (-0.54517832119109688     , -2.7841192776584395E-002)
   6.3018700000000001        1.2500000000000000     
 ( 0.66936952102133607     ,  2.8314902155133829E-002) ( 0.68188984171227363     ,  2.9471202295081121E-002)
 ( 0.54632844708666961     ,  2.8012144812409580E-002) (  4.5667939486118627E-008,  2.3883220417694703E-009) (  4.5667934387850803E-008,  2.3883220343151324E-009) (-0.55700682425731152     , -2.9151052160294927E-002)
   6.3518650000000001        1.2500000000000000     
 ( 0.68596735241188389     ,  2.9640235304862483E-002) ( 0.69881763934493168     ,  3.0854361346302549E-002)
 ( 0.55803354277290840     ,  2.9314841148123865E-002) (  4.6649258441730341E-008,  2.4996893272541965E-009) (  4.6649252975701246E-008,  2.4996893191180794E-009) (-0.56896586482007661     , -3.0510197550080567E-002)
   6.4018600000000001        1.2500000000000000     
 ( 0.70284395364653607     ,  3.1015441035382171E-002) ( 0.71603040412458541     ,  3.2289802473334399E-002)
 ( 0.56986435205159258     ,  3.0665853353603022E-002) (  4.7641231855472797E-008,  2.6152060673249763E-009) (  4.7641225998863721E-008,  2.6152060596537210E-009) (-0.58105426717740571     , -3.1919969148000764E-002)
   6.4518550000000001        1.2500000000000000     
 ( 0.72000175692880675     ,  3.2441902506798799E-002) ( 0.73353065104356030     ,  3.3778985269237762E-002)
 ( 0.58181980313227222     ,  3.2066468497197451E-002) (  4.8643775401746264E-008,  2.7349835931416039E-009) (  4.8643769176008362E-008,  2.7349835845636326E-009) (-0.59327098515748011     , -3.3381724078694802E-002)
   6.5018500000000001        1.2500000000000000     
 ( 0.73744305786871844     ,  3.3921024932050639E-002) ( 0.75132073666894694     ,  3.5323397924268529E-002)
 ( 0.59389864630708744     ,  3.3517990561144358E-002) (  4.9656787331603612E-008,  2.8591351367520699E-009) (  4.9656780640499774E-008,  2.8591351272991773E-009) (-0.60561475177624580     , -3.4896842564621569E-002)
   6.5518450000000001        1.2500000000000000     
 ( 0.75517018103703237     ,  3.5454229856882909E-002) ( 0.76940303664978626     ,  3.6924542166313794E-002)
 ( 0.60609961428776904     ,  3.5021734418874406E-002) (  5.0680164405299039E-008,  2.9877745681235617E-009) (  5.0680157225386820E-008,  2.9877745579335775E-009) (-0.61808429261229736     , -3.6466712500440319E-002)
   6.6018400000000002        1.2500000000000000     
 ( 0.77318549971148776     ,  3.7042965682490825E-002) ( 0.78778002049499551     ,  3.8583954588464857E-002)
 ( 0.61842143186573928     ,  3.6579036153240929E-002) (  5.1713805334325840E-008,  3.1210181370155733E-009) (  5.1713797657964242E-008,  3.1210181256005264E-009) (-0.63067834516272880     , -3.8092750668427079E-002)
   6.6518350000000002        1.2500000000000000     
 ( 0.79149129036112631     ,  3.8688697434950688E-002) ( 0.80645398454852146     ,  4.0303185662447331E-002)
 ( 0.63086267016177500     ,  3.8191242571935360E-002) (  5.2757591318137681E-008,  3.2589827136180364E-009) (  5.2757583142821830E-008,  3.2589827012967846E-009) (-0.64339544204787669     , -3.9776381354785825E-002)
   6.7018300000000002        1.2500000000000000     
 ( 0.81008985804231182     ,  4.0392914290056994E-002) ( 0.82542731440834960     ,  4.2083812018454292E-002)
 ( 0.64342188664492872     ,  3.9859718402306094E-002) (  5.3811405786441138E-008,  3.4017867867565595E-009) (  5.3811397073082468E-008,  3.4017867732188120E-009) (-0.65623413528563723     , -4.1519048369694521E-002)
   6.7518250000000002        1.2500000000000000     
 ( 0.82898347087548707     ,  4.2157123340129075E-002) ( 0.84470236899947404     ,  4.3927430480313862E-002)
 ( 0.65609755256955593     ,  4.1585839937450075E-002) (  5.4875126798580638E-008,  3.5495499497673170E-009) (  5.4875117448915002E-008,  3.5495499347211072E-009) (-0.66919291579208007     , -4.3322208876496543E-002)
   6.8018200000000002        1.2500000000000000     
 ( 0.84817444669817454     ,  4.3982851003108059E-002) ( 0.86428149415929600     ,  4.5835661344655311E-002)
 ( 0.66888813196768526     ,  4.3370995948464108E-002) (  5.5948626610141721E-008,  3.7023931305528488E-009) (  5.5948616634487629E-008,  3.7023931141038197E-009) (-0.68227020208131928     , -4.5187336257963930E-002)
   6.8518150000000002        1.2500000000000000     
 ( 0.86766501377875993     ,  4.5871645186278870E-002) ( 0.88416697988690685     ,  4.7810145528604527E-002)
 ( 0.68179193284120687     ,  4.5216589783894756E-002) (  5.7031766859434564E-008,  3.8604383577013677E-009) (  5.7031756220253195E-008,  3.8604383411588391E-009) (-0.69546428249961856     , -4.7115917014111268E-002)
   6.9018100000000002        1.2500000000000000     
 ( 0.88745739986667915     ,  4.7825074271133416E-002) ( 0.90436113141985652     ,  4.9852547738992517E-002)
 ( 0.69480723814693668     ,  4.7124037908226370E-002) (  5.8124409162660084E-008,  4.0238089738870898E-009) (  5.8124397863413554E-008,  4.0238089532755761E-009) (-0.70877344366794592     , -4.9109453573768218E-002)
   6.9518050000000002        1.2500000000000000     
 ( 0.90755382564757281     ,  4.9844721339843912E-002) ( 0.92486620495799943     ,  5.1964547540913147E-002)
 ( 0.70793225190297160     ,  4.9094763844876460E-002) (  5.9226404034598570E-008,  4.1926288817428135E-009) (  5.9226391956605115E-008,  4.1926288619621987E-009) (-0.72219583604188975     , -5.1169455089177120E-002)
   7.0018000000000011        1.2500000000000000     
 ( 0.92795653665966948     ,  5.1932197640430534E-002) ( 0.94568452214177501     ,  5.4147857907971199E-002)
 ( 0.72116516440645573     ,  5.1130211273008139E-002) (  6.0337605617290325E-008,  4.3670240442248943E-009) (  6.0337592808191149E-008,  4.3670240200988516E-009) (-0.73572965214786712     , -5.3297455455660558E-002)
   7.0517949999999994        1.2500000000000000     
 ( 0.94866777231498267     ,  5.4089119126669014E-002) ( 0.96681841015980197     ,  5.6404194873340086E-002)
 ( 0.73450408485053453     ,  5.3231820340825978E-002) (  6.1457860167930319E-008,  4.5471199535482982E-009) (  6.1457846480055358E-008,  4.5471199269220641E-009) (-0.74937299260849122     , -5.5494982839171238E-002)
   7.1017899999999994        1.2500000000000000     
 ( 0.96968956229284553     ,  5.6317127212725818E-002) ( 0.98826986476855372     ,  5.8735302116374677E-002)
 ( 0.74794688630630290     ,  5.5401048034177038E-002) (  6.2586986703240454E-008,  4.7330436369445852E-009) (  6.2586972232223871E-008,  4.7330436084816692E-009) (-0.76312362089543928     , -5.7763583774006033E-002)
   7.1517849999999994        1.2500000000000000     
 ( 0.99102420996605545     ,  5.8617883773395149E-002) (  1.0100413250997493     ,  6.1142948172034285E-002)
 ( 0.76149163661569519     ,  5.7639362727196643E-002) (  6.3724832218855085E-008,  4.9249233800754721E-009) (  6.3724816784599490E-008,  4.9249233492235461E-009) (-0.77697964487861271     , -6.0104819986277397E-002)
   7.2017799999999994        1.2500000000000000     
 (  1.0126738382645464     ,  6.0993066250757365E-002) (  1.0321349590138706     ,  6.3628920459515639E-002)
 ( 0.77513617235142684     ,  5.9948239031117435E-002) (  6.4871219404489784E-008,  5.1228882050618471E-009) (  6.4871202947627669E-008,  5.1228881736233292E-009) (-0.79093887270108432     , -6.2520261949074590E-002)
   7.2517749999999994        1.2500000000000000     
 (  1.0346405195101682     ,  6.3444361794023726E-002) (  1.0545528729437317     ,  6.6195007401407865E-002)
 ( 0.78887825706065018     ,  6.2329151529453446E-002) (  6.6025961042605469E-008,  5.3270663997018841E-009) (  6.6025943595188522E-008,  5.3270663658461410E-009) (-0.80499898876557452     , -6.5011470790124135E-002)
   7.3017699999999994        1.2500000000000000     
 (  1.0569264439346431     ,  6.5973482759370844E-002) (  1.0772973040846578     ,  6.8843041114054621E-002)
 ( 0.80271567972714564     ,  6.4783589801165567E-002) (  6.7188875584468659E-008,  5.5375889402730154E-009) (  6.7188857056606475E-008,  5.5375889005195374E-009) (-0.81915775186326867     , -6.7580040355369408E-002)
   7.3517649999999994        1.2500000000000000     
 (  1.0795335721604995     ,  6.8582150469497768E-002) (  1.1003702366804318     ,  7.1574849048377812E-002)
 ( 0.81664594994410911     ,  6.7313041942201363E-002) (  6.8359756023452767E-008,  5.7545855236529569E-009) (  6.8359736316841720E-008,  5.7545854834798014E-009) (-0.83341260460690447     , -7.0227548487651115E-002)
   7.4017599999999995        1.2500000000000000     
 (  1.1024641466397722     ,  7.1272105888744372E-002) (  1.1237740704911905     ,  7.4392290589160470E-002)
 ( 0.83066682715538254     ,  6.9919004500716614E-002) (  6.9538425450214797E-008,  5.9781875258533208E-009) (  6.9538404582957635E-008,  5.9781874797186216E-009) (-0.84776135809592834     , -7.2955593232825577E-002)
   7.4517549999999995        1.2500000000000000     
 (  1.1257200882173026     ,  7.4045103279373345E-002) (  1.1475106588712427     ,  7.7297233233738549E-002)
 ( 0.84477568859126517     ,  7.2602976223762841E-002) (  7.0724657794154407E-008,  6.2085259956629761E-009) (  7.0724635656569085E-008,  6.2085259509969046E-009) (-0.86220122045074576     , -7.5765768357744193E-002)
   7.5017499999999995        1.2500000000000000     
 (  1.1493034296909330     ,  7.6902908928551936E-002) (  1.1715820895337872     ,  8.0291564647576252E-002)
 ( 0.85896993175214742     ,  7.5366455725536630E-002) (  7.1918239173457209E-008,  6.4457326337266246E-009) (  7.1918215757666731E-008,  6.4457325801107915E-009) (-0.87672955902422078     , -7.8659675151832031E-002)
   7.5517449999999995        1.2500000000000000     
 (  1.1732163147142520     ,  7.9847307217602803E-002) (  1.1959906683228523     ,  8.3377187256301638E-002)
 ( 0.87324706072871505     ,  7.8210947583376836E-002) (  7.3118972863906994E-008,  6.6899392816392005E-009) (  7.3118948045020838E-008,  6.6899392285097388E-009) (-0.89134392658716377     , -8.1638916440369691E-002)
   7.6017399999999995        1.2500000000000000     
 (  1.1974606060488306     ,  8.2880092584920323E-002) (  1.2207381572978735     ,  8.6556018101888940E-002)
 ( 0.88760421423235847     ,  8.1137953478389771E-002) (  7.4326609872246338E-008,  6.9412778836711420E-009) (  7.4326583574643150E-008,  6.9412778258426716E-009) (-0.90604126557915055     , -8.4705095760515436E-002)
   7.6517349999999995        1.2500000000000000     
 (  1.2220382989593899     ,  8.6003065826817993E-002) (  1.2458266476002047     ,  8.9829977234810426E-002)
 ( 0.90203860836044292     ,  8.4148968231269383E-002) (  7.5540925140669747E-008,  7.1998794875144916E-009) (  7.5540897240445269E-008,  7.1998794188693906E-009) (-0.92081878242746174     , -8.7859805412412145E-002)
   7.7017299999999995        1.2500000000000000     
 (  1.2469514498619039     ,  8.9218052935952058E-002) (  1.2712582682419464     ,  9.3201024400127813E-002)
 ( 0.91654746385819519     ,  8.7245497900090382E-002) (  7.6761689286905537E-008,  7.4658771994763709E-009) (  7.6761659805624276E-008,  7.4658771311058186E-009) (-0.93567365508674327     , -9.1104662485768206E-002)
   7.7517249999999995        1.2500000000000000     
 (  1.2722018221150686     ,  9.2526878291050288E-002) (  1.2970347776115747     ,  9.6671104463117968E-002)
 ( 0.93112767127848695     ,  9.0429033040414386E-002) (  7.7988642305638944E-008,  7.7394017164740560E-009) (  7.7988611056966780E-008,  7.7394016413728740E-009) (-0.95060266919892245     , -9.4441254035694061E-002)
   7.8017199999999995        1.2500000000000000     
 (  1.2977914184458359     ,  9.5931379686407844E-002) (  1.3231582845514722     , 0.10024218441439917     )
 ( 0.94577626929221803     ,  9.3701062239053501E-002) (  7.9221542972064936E-008,  8.0205842253546501E-009) (  7.9221510065325195E-008,  8.0205841447364795E-009) (-0.96560285046498529     , -9.7871172790713834E-002)
   7.8517150000000004        1.2500000000000000     
 (  1.3237221246347217     ,  9.9433412404351815E-002) (  1.3496306119534087     , 0.10391625337887990     )
 ( 0.96049017027545758     ,  9.7063076418695993E-002) (  8.0460128633120264E-008,  8.3095564347046692E-009) (  8.0460093659670080E-008,  8.3095563473101076E-009) (-0.98067094395692633     ,-0.10139601740655713     )
   7.9017100000000005        1.2500000000000000     
 (  1.3499957590563019     , 0.10303483345611135     ) (  1.3764536523449244     , 0.10769529891750301     )
 ( 0.97526609780396623     , 0.10051655210944714     ) (  8.1704129255397328E-008,  8.6064485483898443E-009) (  8.1704092367825637E-008,  8.6064484538141192E-009) (-0.99580363375029091     ,-0.10501736743544660     )
   7.9517050000000005        1.2500000000000000     
 (  1.3766142426419163     , 0.10673750124376304     ) (  1.4036293963854738     , 0.11158130725481069     )
 ( 0.99010088831932941     , 0.10406295074242077     ) (  8.2953285262151909E-008,  8.9113892135611757E-009) (  8.2953246398545566E-008,  8.9113891110640861E-009) ( -1.0109977069742633     ,-0.10873678327820716     )
   8.0016999999999996        1.2500000000000000     
 (  1.4035793598733881     , 0.11054329920475060     ) (  1.4311596143175107     , 0.11557630577968099     )
 (  1.0049911324099972     , 0.10770374140976924     ) (  8.4207309199600300E-008,  9.2245090136033927E-009) (  8.4207267968084130E-008,  9.2245089068163211E-009) ( -1.0262496108727148     ,-0.11255584825923040     )
   8.0516949999999987        1.2500000000000000     
 (  1.4308928449977654     , 0.11445409433335027     ) (  1.4590460762741670     , 0.11968229105573024     )
 (  1.0199333458068753     , 0.11144035906997887     ) (  8.5465912709824520E-008,  9.5459344377961806E-009) (  8.5465869289188411E-008,  9.5459343188489998E-009) ( -1.0415557928477663     ,-0.11647609503647482     )
   8.1016899999999996        1.2500000000000000     
 (  1.4585566239073384     , 0.11847179542716296     ) (  1.4872907242061100     , 0.12390131964443710     )
 (  1.0349241270940148     , 0.11527426209926719     ) (  8.6728811467992530E-008,  9.8757953665322984E-009) (  8.6728765615259656E-008,  9.8757952411455497E-009) ( -1.0569127411438610     ,-0.12049909714517761     )
   8.1516849999999987        1.2500000000000000     
 (  1.4865722861444564     , 0.12259827320742765     ) (  1.5158951962425999     , 0.12823538778654031     )
 (  1.0499597752588197     , 0.11920685134130156     ) (  8.7995698524067496E-008,  1.0214215016907767E-008) (  8.7995650263626872E-008,  1.0214214876346344E-008) ( -1.0723166707867962     ,-0.12462634619899939     )
   8.2016799999999996        1.2500000000000000     
 (  1.5149416229345396     , 0.12683543247728060     ) (  1.5448612988750499     , 0.13268655214234540     )
 (  1.0650366553621931     , 0.12323954240471029     ) (  8.9266271453752602E-008,  1.0561319955337531E-008) (  8.9266220452474258E-008,  1.0561319798821056E-008) ( -1.0877638436300006     ,-0.12885937403034656     )
   8.2516749999999988        1.2500000000000000     
 (  1.5436663441183385     , 0.13118516713622416     ) (  1.5741907753452324     , 0.13725684614483963     )
 (  1.0801510214728636     , 0.12737371883819329     ) (  9.0540216750110188E-008,  1.0917232985038287E-008) (  9.0540163084492474E-008,  1.0917232828086116E-008) ( -1.1032503907404074     ,-0.13319966592304808     )
   8.3016699999999997        1.2500000000000000     
 (  1.5727481746817189     , 0.13564939168200177     ) (  1.6038853145006429     , 0.14194832829679335     )
 (  1.0952990095045654     , 0.13161076405589464     ) (  9.1817210817707398E-008,  1.1282077223998729E-008) (  9.1817154255902322E-008,  1.1282077054444605E-008) ( -1.1187723254052493     ,-0.13764871003283061     )
   8.3516649999999988        1.2500000000000000     
 (  1.6021887205227117     , 0.14022999560513136     ) (  1.6339465898541738     , 0.14676303426422652     )
 (  1.1104767413576164     , 0.13595201443124519     ) (  9.3096932710001553E-008,  1.1655971996328496E-008) (  9.3096873120023013E-008,  1.1655971813013680E-008) ( -1.1343256776224462     ,-0.14220794792742364     )
   8.4016599999999997        1.2500000000000000     
 (  1.6319896672317196     , 0.14492889032726511     ) (  1.6643762791142942     , 0.15170301361048502     )
 (  1.1256802130321644     , 0.14039880501900115     ) (  9.4379045778701402E-008,  1.2039035820060224E-008) (  9.4378983024363730E-008,  1.2039035622342426E-008) ( -1.1499062966962352     ,-0.14687880980691154     )
   8.4516549999999988        1.2500000000000000     
 (  1.6621526475823374     , 0.14974799118749701     ) (  1.6951760670208329     , 0.15677034224113903     )
 (  1.1409053459436025     , 0.14495245211679786     ) (  9.5663213786173054E-008,  1.2431387373008567E-008) (  9.5663147713842593E-008,  1.2431387159665027E-008) ( -1.1655100388355237     ,-0.15166272784138410     )
   8.5016499999999997        1.2500000000000000     
 (  1.6926784722967771     , 0.15468919722738281     ) (  1.7263492452664388     , 0.16196702841919930     )
 (  1.1561488719186821     , 0.14961421989939341     ) (  9.6949161138678741E-008,  1.2833138146091256E-008) (  9.6949168855397283E-008,  1.2833138719851423E-008) ( -1.1811297396761684     ,-0.15656101493257985     )
   8.5516450000000006        1.2500000000000000     
 (  1.7235701114854789     , 0.15975440711748592     ) (  1.7578938589571012     , 0.16729518379444303     )
 (  1.1714046991494957     , 0.15438537824819198     ) (  9.8236372301207397E-008,  1.3244404566850422E-008) (  9.8236380448236623E-008,  1.3244405178539333E-008) ( -1.1967663488949580     ,-0.16157513162510548     )
   8.6016399999999980        1.2500000000000000     
 (  1.7548285466901192     , 0.16494552232363677     ) (  1.7898133696896876     , 0.17275682390662064     )
 (  1.1866695191530690     , 0.15926714450074081     ) (  9.9524579039958231E-008,  1.3665294398018732E-008) (  9.9524587632481246E-008,  1.3665295040269346E-008) ( -1.2124129900148499     ,-0.16670634558880720     )
   8.6516349999999989        1.2500000000000000     
 (  1.7864551649492244     , 0.17026445404590926     ) (  1.8221090488619325     , 0.17835402564367053     )
 (  1.2019387696151782     , 0.16426072673678047     ) (  1.0081338944673018E-007,  1.4095917502415799E-008) (  1.0081339843388154E-007,  1.4095918197184221E-008) ( -1.2280648142019126     ,-0.17195597756357386     )
   8.7016299999999980        1.2500000000000000     
 (  1.8184516046656019     , 0.17571308272762196     ) (  1.8547826336153626     , 0.18408880878312214     )
 (  1.2172080981010740     , 0.16936727669955004     ) (  1.0210244962667349E-007,  1.4536376908217253E-008) (  1.0210245918059062E-007,  1.4536377648322371E-008) ( -1.2437174835256319     ,-0.17732526340342339     )
   8.7516249999999989        1.2500000000000000     
 (  1.8508192491888416     , 0.18129330840503508     ) (  1.8878354729456395     , 0.18996323462456252     )
 (  1.2324728330557047     , 0.17458793567649980     ) (  1.0339136383846379E-007,  1.4986776418580798E-008) (  1.0339137391133068E-007,  1.4986777206890893E-008) ( -1.2593660910647608     ,-0.18281544750897075     )
   8.8016199999999980        1.2500000000000000     
 (  1.8835596486944146     , 0.18700701886774029     ) (  1.9212691213683575     , 0.19597934537012843     )
 (  1.2477284146808292     , 0.17992380288783352     ) (  1.0467975031733404E-007,  1.5447215789180145E-008) (  1.0467976091925127E-007,  1.5447216641508475E-008) ( -1.2750059268839966     ,-0.18842772393027146     )
   8.8516149999999989        1.2500000000000000     
 (  1.9166742201381743     , 0.19285608458369854     ) (  1.9550849691143606     , 0.20213916420062658     )
 (  1.2629700869687319     , 0.18537593102013949     ) (  1.0596720944277415E-007,  1.5917790666317803E-008) (  1.0596722062003228E-007,  1.5917791559114617E-008) ( -1.2906320668596147     ,-0.19416323498101001     )
   8.9016099999999980        1.2500000000000000     
 (  1.9501643666366728     , 0.19884237696302326     ) (  1.9892843628533792     , 0.20844472106240902     )
 (  1.2781930030693904     , 0.19094534047522424     ) (  1.0725333195136723E-007,  1.6398594382138987E-008) (  1.0725334372548848E-007,  1.6398595345295506E-008) ( -1.3062394536183759     ,-0.20002309409355076     )
   8.9516049999999989        1.2500000000000000     
 (  1.9840314535244945     , 0.20496776829818339     ) (  2.0238687624625049     , 0.21489804001013008     )
 (  1.2933922937595133     , 0.19663302015695747     ) (  1.0853771510053212E-007,  1.6889717118496799E-008) (  1.0853772756360420E-007,  1.6889718128641703E-008) ( -1.3218231131713301     ,-0.20600837440509598     )
   9.0015999999999980        1.2500000000000000     
 (  2.0182770414791538     , 0.21123410632016298     ) (  2.0588396266902111     , 0.22150112740546329     )
 (  1.3085630334377025     , 0.20243990226638187     ) (  1.0981994076750572E-007,  1.7391244749782638E-008) (  1.0981995389002474E-007,  1.7391245823650989E-008) ( -1.3373778973830435     ,-0.21212009551203714     )
   9.0515949999999989        1.2500000000000000     
 (  2.0529023593994369     , 0.21764323812422584     ) (  2.0941982448762535     , 0.22825598640870390     )
 (  1.3237001902465912     , 0.20836688174462112     ) (  1.1109959296430487E-007,  1.7903259807358293E-008) (  1.1109960680476841E-007,  1.7903260961827043E-008) ( -1.3528986443392825     ,-0.21835923456588735     )
   9.1015899999999981        1.2500000000000000     
 (  2.0879087618426637     , 0.22419701559428751     ) (  2.1299458640840969     , 0.23516463942750279     )
 (  1.3387985488320284     , 0.21441482321111810     ) (  1.1237622482763086E-007,  1.8425843370941941E-008) (  1.1237623927243665E-007,  1.8425844602868145E-008) ( -1.3683798624505590     ,-0.22472674995928807     )
   9.1515849999999990        1.2500000000000000     
 (  2.1232977939351008     , 0.23089723663244704     ) (  2.1660840915231985     , 0.24222903275879040     )
 (  1.3538531063994095     , 0.22058450086865034     ) (  1.1364942517674315E-007,  1.8959067225449750E-008) (  1.1364944036956395E-007,  1.8959068532424817E-008) ( -1.3838164761219987     ,-0.23122348430890197     )
   9.2015799999999981        1.2500000000000000     
 (  2.1590704454806202     , 0.23774571795850161     ) (  2.2026137965524835     , 0.24945113475644262     )
 (  1.3688583756129606     , 0.22687666882692484     ) (  1.1491872078774694E-007,  1.9503001533596415E-008) (  1.1491873692475348E-007,  1.9503002900519590E-008) ( -1.3992026229535708     ,-0.23785025986406913     )
   9.2515749999999990        1.2500000000000000     
 (  2.1952282538139212     , 0.24474427254432074     ) (  2.2395365154103652     , 0.25683293441499444     )
 (  1.3838090714541482     , 0.23329203847767380     ) (  1.1618367490916199E-007,  2.0057714924418279E-008) (  1.1618369186810102E-007,  2.0057716394760475E-008) ( -1.4145329431829754     ,-0.24460787841663981     )
   9.3015699999999981        1.2500000000000000     
 (  2.2317724290721723     , 0.25189469211334153     ) (  2.2768535523497633     , 0.26437637304493916     )
 (  1.3986998365588039     , 0.23983125872582034     ) (  1.1744384448026430E-007,  2.0623268476646206E-008) (  1.1744386213260986E-007,  2.0623270035000125E-008) ( -1.4298019288064927     ,-0.25149704711087850     )
   9.3515649999999990        1.2500000000000000     
 (  2.2687042219148892     , 0.25919872126731874     ) (  2.3145659357897177     , 0.27208336318661963     )
 (  1.4135250964668724     , 0.24649489067710081     ) (  1.1869874317243360E-007,  2.1199717612454419E-008) (  1.1869876188225736E-007,  2.1199719264059326E-008) ( -1.4450035938204806     ,-0.25851840256299541     )
   9.4015599999999999        1.2500000000000000     
 (  2.3060251541249408     , 0.26665815225678863     ) (  2.3526752467290826     , 0.27995584397576806     )
 (  1.4282795386732459     , 0.25328349989204602     ) (  1.1994793637196667E-007,  2.1787116002128629E-008) (  1.1994795601249382E-007,  2.1787117751829507E-008) ( -1.4601325728556971     ,-0.26567255929768657     )
   9.4515549999999990        1.2500000000000000     
 (  2.3437361132313512     , 0.27427470360126560     ) (  2.3911824011276841     , 0.28799570431183702     )
 (  1.4429571937878625     , 0.26019753339925533     ) (  1.2119091899967878E-007,  2.2385509588954126E-008) (  1.2119093961919565E-007,  2.2385511442008899E-008) ( -1.4751826251957396     ,-0.27296003364944738     )
   9.5015499999999999        1.2500000000000000     
 (  2.3818386039524060     , 0.28205010720098128     ) (  2.4300886863304769     , 0.29620483515448703     )
 (  1.4575525213277367     , 0.26723740625389319     ) (  1.2242721774962268E-007,  2.2994940416635478E-008) (  1.2242723937616276E-007,  2.2994942398035992E-008) ( -1.4901479229700783     ,-0.28038129391112310     )
   9.5515449999999991        1.2500000000000000     
 (  2.4203336909891879     , 0.28998607725156772     ) (  2.4693952290796641     , 0.30458510322469928     )
 (  1.4720596743009675     , 0.27440346845143376     ) (  1.2365634607630726E-007,  2.3615444732114733E-008) (  1.2365636894650576E-007,  2.3615446808592339E-008) ( -1.5050224370539438     ,-0.28793673511824547     )
   9.6015400000000000        1.2500000000000000     
 (  2.4592225864034831     , 0.29808429536400421     ) (  2.5091032297407105     , 0.31313835481249946     )
 (  1.4864727736755210     , 0.28169598975980892     ) (  1.2487780926898612E-007,  2.4247052782993741E-008) (  1.2487783310210380E-007,  2.4247054999434192E-008) ( -1.5198000651735593     ,-0.29562667659409619     )
   9.6515349999999991        1.2500000000000000     
 (  2.4985067355872386     , 0.30634646606638172     ) (  2.5492140889121022     , 0.32186646171647748     )
 (  1.5007861275358023     , 0.28911521196794343     ) (  1.2609113018655949E-007,  2.4889792695032504E-008) (  1.2609115533412553E-007,  2.4889795038168159E-008) ( -1.5344749140352449     ,-0.30345141028551870     )
   9.7015300000000000        1.2500000000000000     
 (  2.5381870318655499     , 0.31477422155119977     ) (  2.5897284954885373     , 0.33077120214346500     )
 (  1.5149934288070790     , 0.29666125496877854     ) (  1.2729576316355263E-007,  2.5543680694653329E-008) (  1.2729578938118863E-007,  2.5543683171833860E-008) ( -1.5490402623173822     ,-0.31141107988763306     )
   9.7515249999999991        1.2500000000000000     
 (  2.5782650373405920     , 0.32336921976259114     ) (  2.6306481045343069     , 0.33985440842644393     )
 (  1.5290890123631509     , 0.30433420916786008     ) (  1.2849124542972382E-007,  2.6208732662406298E-008) (  1.2849127306384698E-007,  2.6208735299056167E-008) ( -1.5634903695853695     ,-0.31950582300067853     )
   9.8015200000000000        1.2500000000000000     
 (  2.6187416861191597     , 0.33213307146036164     ) (  2.6719738624703333     , 0.34911784363544202     )
 (  1.5430665716473930     , 0.31213406590683690     ) (  1.2967704532707008E-007,  2.6884954452537832E-008) (  1.2967707428626493E-007,  2.6884957217021281E-008) ( -1.5778186750025431     ,-0.32773565175281494     )
   9.8515149999999991        1.2500000000000000     
 (  2.6596182663398920     , 0.34106736478751104     ) (  2.7137067847226723     , 0.35856325265614158     )
 (  1.5569199492638355     , 0.32006073808697327     ) (  1.3085262581193143E-007,  2.7572345546526348E-008) (  1.3085265614242749E-007,  2.7572348465610886E-008) ( -1.5920185615952982     ,-0.33610049812667364     )
   9.9015100000000000        1.2500000000000000     
 (  2.7008958575818021     , 0.35017371592289753     ) (  2.7558480460849260     , 0.36819241121786650     )
 (  1.5706428543310964     , 0.32811410567621563     ) (  1.3201747156323794E-007,  2.8270902918856819E-008) (  1.3201750338073830E-007,  2.8270906020008680E-008) ( -1.6060836484936982     ,-0.34460026216147605     )
   9.9515049999999992        1.2500000000000000     
 (  2.7425758549061681     , 0.35945364620000347     ) (  2.7983988943991873     , 0.37800700469681525     )
 (  1.5842291790256362     , 0.33629390010957078     ) (  1.3317106047555993E-007,  2.8980611381790941E-008) (  1.3317109376314210E-007,  2.8980614653584200E-008) ( -1.6200075073839670     ,-0.35323469051728706     )
   10.001500000000000        1.2500000000000000     
 (  2.7846592921219915     , 0.36890873110734435     ) (  2.8413604444079197     , 0.38800875175976618     )
 (  1.5976724380605445     , 0.34459984057757626     ) (  1.3431285426019692E-007,  2.9701452913877192E-008) (  1.3431288910063351E-007,  2.9701456364160936E-008) ( -1.6337834606754846     ,-0.36200349418857664     )
   10.051494999999999        1.2500000000000000     
 (  2.8271473137838892     , 0.37854049242271309     ) (  2.8847335718648135     , 0.39819935361221798     )
 (  1.6109662934395976     , 0.35303153729959785     ) (  1.3544230110180670E-007,  3.0433403173286667E-008) (  1.3544233758671485E-007,  3.0433406851147379E-008) ( -1.6474046977109866     ,-0.37090630234617550     )
   10.101490000000000        1.2500000000000000     
 (  2.8700412674076667     , 0.38835040326843884     ) (  2.9285196704626171     , 0.40858042642651615     )
 (  1.6241043391939503     , 0.36158848248827391     ) (  1.3655886840581735E-007,  3.1176425273549820E-008) (  1.3655890661239005E-007,  3.1176429108805328E-008) ( -1.6608646795913768     ,-0.37994258821636628     )
   10.151484999999999        1.2500000000000000     
 (  2.9133423604905073     , 0.39833997420879863     ) (  2.9727199456509084     , 0.41915364461968835     )
 (  1.6370800952196023     , 0.37027013859009894     ) (  1.3766201612775667E-007,  3.1930480988726408E-008) (  1.3766205630472394E-007,  3.1930485068665137E-008) ( -1.6741566896123221     ,-0.38911180931778649     )
   10.201479999999998        1.2500000000000000     
 (  2.9570515908910115     , 0.40851064987003088     ) (  3.0173352005125560     , 0.42992059466159022     )
 (  1.6498868880332547     , 0.37907584151540136     ) (  1.3875117015217765E-007,  3.2695519999264196E-008) (  1.3875121235940105E-007,  3.2695524283177829E-008) ( -1.6872736531667729     ,-0.39841326643709535     )
   10.251474999999999        1.2500000000000000     
 (  3.0011704482941974     , 0.41886388383852502     ) (  3.0623669340702171     , 0.44088290371779909     )
 (  1.6625183477835943     , 0.38800486045692467     ) (  1.3982579636901041E-007,  3.3471488599747600E-008) (  1.3982584046955237E-007,  3.3471493121580771E-008) ( -1.7002089672591929     ,-0.40784621917958785     )
   10.301469999999998        1.2500000000000000     
 (  3.0456998287082833     , 0.42940107307784869     ) (  3.1078158217893121     , 0.45204211072803469     )
 (  1.6749675635917216     , 0.39705633810894353     ) (  1.4088530268968193E-007,  3.4258320230884033E-008) (  1.4088534879368517E-007,  3.4258325016758424E-008) ( -1.7129553328854776     ,-0.41740976677646485     )
   10.351464999999999        1.2500000000000000     
 (  3.0906412795305815     , 0.44012365529032854     ) (  3.1536834549866648     , 0.46339982018496872     )
 (  1.6872281323896137     , 0.40622938725518565     ) (  1.4192915086422911E-007,  3.5055947361735736E-008) (  1.4192919886521705E-007,  3.5055952369411712E-008) ( -1.7255060911469080     ,-0.42710299094798432     )
   10.401459999999998        1.2500000000000000     
 (  3.1359959297027760     , 0.45103299222675142     ) (  3.1999709899566624     , 0.47495755347781582     )
 (  1.6992931927416206     , 0.41552296715228920     ) (  1.4295677634476966E-007,  3.5864289141119817E-008) (  1.4295682663927091E-007,  3.5864294447160734E-008) ( -1.7378542660524050     ,-0.43692480932091454     )
   10.451454999999999        1.2500000000000000     
 (  3.1817649254517817     , 0.46213042082541617     ) (  3.2466792040448187     , 0.48671677477679887     )
 (  1.7111560133717749     , 0.42493593810056490     ) (  1.4396758274823108E-007,  3.6683253735276826E-008) (  1.4396763528139116E-007,  3.6683259338277674E-008) ( -1.7499925017402409     ,-0.44687400012520839     )
   10.501449999999998        1.2500000000000000     
 (  3.2279495558475584     , 0.47341732552483412     ) (  3.2938096272387778     , 0.49867903800189245     )
 (  1.7228097193170466     , 0.43446712642853874     ) (  1.4496101140780757E-007,  3.7512749778990131E-008) (  1.4496106633167542E-007,  3.7512755600735398E-008) ( -1.7619138589919259     ,-0.45694934339731724     )
   10.551444999999999        1.2500000000000000     
 (  3.2745512157116181     , 0.48489499746256448     ) (  3.3413632603305676     , 0.51084579506188721     )
 (  1.7342476245100915     , 0.44411518372549963     ) (  1.4593647919853302E-007,  3.8352670341217654E-008) (  1.4593653651586088E-007,  3.8352676499511729E-008) ( -1.7736111901354157     ,-0.46714942737171350     )
   10.601439999999998        1.2500000000000000     
 (  3.3215711436782174     , 0.49656474943109558     ) (  3.3893414718661448     , 0.52321849095186490     )
 (  1.7454628008792119     , 0.45387870046573447     ) (  1.4689341058753045E-007,  3.9202901273874116E-008) (  1.4689347030628439E-007,  3.9202907741514642E-008) ( -1.7850773688046577     ,-0.47747274524710442     )
   10.651434999999999        1.2500000000000000     
 (  3.3690105680471922     , 0.50842789230489116     ) (  3.4377453769254225     , 0.53579861504170700     )
 (  1.7564483829804809     , 0.46375618529015011     ) (  1.4783122127750578E-007,  4.0063324848257681E-008) (  1.4783128360456197E-007,  4.0063331679663852E-008) ( -1.7963051493364179     ,-0.48791774128557314     )
   10.701429999999998        1.2500000000000000     
 (  3.4168709110459439     , 0.52048568154661079     ) (  3.4865761799781239     , 0.54858755726870845     )
 (  1.7671974205190577     , 0.47374599565019332     ) (  1.4874931743324400E-007,  4.0933807359103234E-008) (  1.4874938286751051E-007,  4.0933814528131509E-008) ( -1.8072872379428069     ,-0.49848266484370607     )
   10.751424999999999        1.2500000000000000     
 (  3.4651535210831210     , 0.53273931429296517     ) (  3.5358353100158100     , 0.56158665669967700     )
 (  1.7777029617970648     , 0.48384634626803097     ) (  1.4964712119301102E-007,  4.1814203469851818E-008) (  1.4964718945066572E-007,  4.1814210991480454E-008) ( -1.8180164932155400     ,-0.50916561466735077     )
   10.801419999999998        1.2500000000000000     
 (  3.5138598010807800     , 0.54519008908676148     ) (  3.5855239641623373     , 0.57479739637791638     )
 (  1.7879582494987558     , 0.49405546190695826     ) (  1.5052404943697312E-007,  4.2704372125518572E-008) (  1.5052412068089232E-007,  4.2704379975892435E-008) ( -1.8284856762145481     ,-0.51996473808033283     )
   10.851414999999999        1.2500000000000000     
 (  3.5629911502186609     , 0.55783922904291705     ) (  3.6356434727011475     , 0.58822111410076683     )
 (  1.7979560456941392     , 0.50437139647038265     ) (  1.5137949956372584E-007,  4.3604151758353511E-008) (  1.5137957387948176E-007,  4.3604160084967089E-008) ( -1.8386873876850962     ,-0.53087792975899506     )
   10.901409999999998        1.2500000000000000     
 (  3.6125489331667682     , 0.57068792706887017     ) (  3.6861951224960956     , 0.60185919610405081     )
 (  1.8076895432400968     , 0.51479207901139012     ) (  1.5221288241480594E-007,  4.4513377565443330E-008) (  1.5221295993485515E-007,  4.4513386240943955E-008) ( -1.8486143106537678     ,-0.54190303324799838     )
   10.951404999999999        1.2500000000000000     
 (  3.6625346714834737     , 0.58373738089227889     ) (  3.7371803158316763     , 0.61571293751304690     )
 (  1.8171515571432302     , 0.52531534313305328     ) (  1.5302359572613151E-007,  4.5431867610377481E-008) (  1.5302367656672221E-007,  4.5431876756534511E-008) ( -1.8582590716950715     ,-0.55303768648772877     )
   11.001399999999999        1.2500000000000000     
 (  3.7129498146264002     , 0.59698874463174423     ) (  3.7886004774154443     , 0.62978368099708248     )
 (  1.8263353574687213     , 0.53593888081119889     ) (  1.5381107329707865E-007,  4.6359436578014706E-008) (  1.5381115776276123E-007,  4.6359446146196512E-008) ( -1.8676146115555960     ,-0.56427947325166838     )
   11.051394999999999        1.2500000000000000     
 (  3.7637957455483946     , 0.61044319705375694     ) (  3.8404567716016218     , 0.64407272926705672     )
 (  1.8352334198624882     , 0.54666030175966240     ) (  1.5457467013861243E-007,  4.7295885982887346E-008) (  1.5457475830232114E-007,  4.7295896003249214E-008) ( -1.8766730492296502     ,-0.57562581692040404     )
   11.101389999999999        1.2500000000000000     
 (  3.8150743821613071     , 0.62410195162733839     ) (  3.8927511223021627     , 0.65858148228933300     )
 (  1.8438393698389839     , 0.55747715414687271     ) (  1.5531385090260042E-007,  4.8241017462933010E-008) (  1.5531394276962632E-007,  4.8241027956390566E-008) ( -1.8854276767628677     ,-0.58707413208137482     )
   11.151384999999999        1.2500000000000000     
 (  3.8667868676121881     , 0.63796607649507531     ) (  3.9454844638213871     , 0.67331111127083543     )
 (  1.8521455601362211     , 0.56838672073586727     ) (  1.5602795848748332E-007,  4.9194603740176625E-008) (  1.5602805424293380E-007,  4.9194614804802413E-008) ( -1.8938704827206052     ,-0.59862147945278632     )
   11.201379999999999        1.2500000000000000     
 (  3.9189350923723469     , 0.65203678943184840     ) (  3.9986587858526930     , 0.68826303528903998     )
 (  1.8601454413537433     , 0.57938632975290971     ) (  1.5671645162099559E-007,  5.0156428926242869E-008) (  1.5671655132160875E-007,  5.0156440425551818E-008) ( -1.9019947241854718     ,-0.61026504798364867     )
   11.251374999999999        1.2500000000000000     
 (  3.9715205620599874     , 0.66631519471332501     ) (  4.0522752708501821     , 0.70343848904840423     )
 (  1.8678316899268435     , 0.59047308153621891     ) (  1.5737869403066608E-007,  5.1126252109344540E-008) (  1.5737879809386986E-007,  5.1126264271451165E-008) ( -1.9097925989939417     ,-0.62200172069462212     )
   11.301369999999999        1.2500000000000000     
 (  4.0245449942280080     , 0.68080240118887814     ) (  4.1063356175601786     , 0.71883871514888587     )
 (  1.8751973336444705     , 0.60164397105459477     ) (  1.5801410415953189E-007,  5.2103824148700391E-008) (  1.5801421232568891E-007,  5.2103836815008116E-008) ( -1.9172569189607314     ,-0.63382826831528205     )
   11.351364999999999        1.2500000000000000     
 (  4.0780102403639704     , 0.69549958781459165     ) (  4.1608416183642589     , 0.73446507255829796     )
 (  1.8822355284817145     , 0.61289593890523109     ) (  1.5862209979398681E-007,  5.3088893976550593E-008) (  1.5862221246170964E-007,  5.3088907218116304E-008) ( -1.9243804769527126     ,-0.64574143604163814     )
   11.401359999999999        1.2500000000000000     
 (  4.1319179310840113     , 0.71040787516369597     ) (  4.2157947521243120     , 0.75031882775446623     )
 (  1.8889392771142659     , 0.62422575477241316     ) (  1.5920208658024390E-007,  5.4081194302499701E-008) (  1.5920220384125774E-007,  5.4081208195271448E-008) ( -1.9311559647852778     ,-0.65773776273780515     )
   11.451355000000000        1.2500000000000000     
 (  4.1862697420626924     , 0.72552837826473782     ) (  4.2711965904183504     , 0.76640121990746313     )
 (  1.8953012220564829     , 0.63563004528421341     ) (  1.5975343777496096E-007,  5.5080443628301889E-008) (  1.5975356015266459E-007,  5.5080458094037195E-008) ( -1.9375756803473765     ,-0.66981361146452734     )
   11.501349999999999        1.2500000000000000     
 (  4.2410676277259984     , 0.74086220064840902     ) (  4.3270490325393984     , 0.78271355086200722     )
 (  1.9013147291154635     , 0.64710531789592118     ) (  1.6027559527387276E-007,  5.6086356061728463E-008) (  1.6027572258654585E-007,  5.6086371227080784E-008) ( -1.9436327148057195     ,-0.68196527737495394     )
   11.551345000000000        1.2500000000000000     
 (  4.2963137204290662     , 0.75641053759534516     ) (  4.3833539433739119     , 0.79925713983026825     )
 (  1.9069729267629740     , 0.65864803557421991     ) (  1.6076797019841815E-007,  5.7098635725114612E-008) (  1.6076810287558555E-007,  5.7098651588366157E-008) ( -1.9493198958727456     ,-0.69418893166036677     )
   11.601339999999999        1.2500000000000000     
 (  4.3520094225687016     , 0.77217448070995620     ) (  4.4401128123652187     , 0.81603327422383554     )
 (  1.9122686228877752     , 0.67025442897045417     ) (  1.6122995419538269E-007,  5.8116973369628434E-008) (  1.6123009200104144E-007,  5.8116989931095352E-008) ( -1.9546296252106465     ,-0.70648057569475620     )
   11.651335000000000        1.2500000000000000     
 (  4.4081571720203598     , 0.78815522047703535     ) (  4.4973278808308619     , 0.83304326216775904     )
 (  1.9171952145500144     , 0.68192069352347806     ) (  1.6166099164755542E-007,  5.9141050128147108E-008) (  1.6166113525644825E-007,  5.9141067495185399E-008) ( -1.9595551750568290     ,-0.71883608775580266     )
   11.701330000000000        1.2500000000000000     
 (  4.4647586814284903     , 0.80435384634054319     ) (  4.5550007159461359     , 0.85028834502379935     )
 (  1.9217456499408030     , 0.69364277860229206     ) (  1.6206047244306277E-007,  6.0170528893995549E-008) (  1.6206062200192493E-007,  6.0170547014147609E-008) ( -1.9640889307429334     ,-0.73125111047188296     )
   11.751324999999998        1.2500000000000000     
 (  4.5218161098993193     , 0.82077160718996367     ) (  4.6131334134652260     , 0.86776996381587956     )
 (  1.9259131292081277     , 0.70541666568530292     ) (  1.6242782699561182E-007,  6.1205079118627288E-008) (  1.6242798229808399E-007,  6.1205098019488556E-008) ( -1.9682239591943149     ,-0.74372136841021375     )
   11.801319999999999        1.2500000000000000     
 (  4.5793315547189311     , 0.83740965144933055     ) (  4.6717280194152693     , 0.88548945330422990     )
 (  1.9296910567030974     , 0.71723809953610240     ) (  1.6276250007019071E-007,  6.2244348350801398E-008) (  1.6276266152828384E-007,  6.2244368115652776E-008) ( -1.9719534148953990     ,-0.75624230262987935     )
   11.851314999999998        1.2500000000000000     
 (  4.6373073247552332     , 0.85426914869913595     ) (  4.7307865466933592     , 0.90344806913055076     )
 (  1.9330726543622607     , 0.72910269391557947     ) (  1.6306390249719293E-007,  6.3287965818028484E-008) (  1.6306407054076574E-007,  6.3287986369562982E-008) ( -1.9752701030969022     ,-0.76880912406441793     )
   11.901309999999999        1.2500000000000000     
 (  4.6957453702853931     , 0.87135135832235455     ) (  4.7903109542573921     , 0.92164729232583731     )
 (  1.9360510358873968     , 0.74100599363168229     ) (  1.6333145780421036E-007,  6.4335566084178017E-008) (  1.6333163252279735E-007,  6.4335587586281145E-008) ( -1.9781669340908357     ,-0.78141711212363985     )
   11.951304999999998        1.2500000000000000     
 (  4.7546479692262160     , 0.88865751193075737     ) (  4.8503033541592115     , 0.94008852713876867     )
 (  1.9386196415049790     , 0.75294340249879199     ) (  1.6356460851502711E-007,  6.5386766650424014E-008) (  1.6356478980025325E-007,  6.5386788982231000E-008) ( -1.9806370727133451     ,-0.79406131525857560     )
   12.001299999999999        1.2500000000000000     
 (  4.8140173568500613     , 0.90618883816042051     ) (  4.9107659538513726     , 0.95877312687133487     )
 (  1.9407720057299511     , 0.76491011531677700     ) (  1.6376280126699405E-007,  6.6441164485974968E-008) (  1.6376298981693492E-007,  6.6441187878412232E-008) ( -1.9826736309415425     ,-0.80673653587707628     )
   12.051294999999998        1.2500000000000000     
 (  4.8738561610781126     , 0.92394668915153533     ) (  4.9717011345725046     , 0.97770269714045710     )
 (  1.9425015318380527     , 0.77690135818234018     ) (  1.6392547586341267E-007,  6.7498368438384322E-008) (  1.6392567172033173E-007,  6.7498392829074730E-008) ( -1.9842699418525691     ,-0.81943770471552424     )
   12.101289999999999        1.2500000000000000     
 (  4.9341666211859199     , 0.94193230971652697     ) (  5.0331112101636002     , 0.99687855926895663     )
 (  1.9438019421453328     , 0.78891202831271345     ) (  1.6405210712329341E-007,  6.8557946263095514E-008) (  1.6405231060180527E-007,  6.8557971659605955E-008) ( -1.9854194723461138     ,-0.83215924994306834     )
   12.151284999999998        1.2500000000000000     
 (  4.9949510876084462     , 0.96014704058322453     ) (  5.0949980399891253     ,  1.0163022895949110     )
 (  1.9446664836739753     , 0.80093701878902235     ) (  1.6414210071670201E-007,  6.9619477385243190E-008) (  1.6414231192445563E-007,  6.9619503821181404E-008) ( -1.9861149849215265     ,-0.84489572815460168     )
   12.201279999999999        1.2500000000000000     
 (  5.0562119300897006     , 0.97859230020213028     ) (  5.1573641849082632     ,  1.0359754650079598     )
 (  1.9450889497790518     , 0.81297109837109449     ) (  1.6419494047364972E-007,  7.0682524489903586E-008) (  1.6419516027703824E-007,  7.0682552083932099E-008) ( -1.9863501451058270     ,-0.85764148737785084     )
   12.251274999999998        1.2500000000000000     
 (  5.1179519853713185     , 0.99726952463626695     ) (  5.2202122103864204     ,  1.0558997431521961     )
 (  1.9450631757598531     , 0.82500890260512716     ) (  1.6421010552996712E-007,  7.1746643817409150E-008) (  1.6421033319255267E-007,  7.1746672520447035E-008) ( -1.9861186338441954     ,-0.87039078944535964     )
   12.301269999999999        1.2500000000000000     
 (  5.1801738957661598     ,  1.0161801184895713     ) (  5.2835447830673727     ,  1.0760766688758980     )
 (  1.9445830062785370     , 0.83704487171433395     ) (  1.6418707257924698E-007,  7.2811368974068858E-008) (  1.6418730947950429E-007,  7.2811398911051807E-008) ( -1.9854140673589047     ,-0.88313761200603480     )
   12.351264999999998        1.2500000000000000     
 (  5.2428797697757359     ,  1.0353255407610902     ) (  5.3473635513393658     ,  1.0965078924846539     )
 (  1.9436420824289564     , 0.84907331108489315     ) (  1.6412527887388381E-007,  7.3876225519074418E-008) (  1.6412552517238504E-007,  7.3876256647691666E-008) ( -1.9842295889418857     ,-0.89587582082409289     )
   12.401259999999999        1.2500000000000000     
 (  5.3060727881700700     ,  1.0547073940196556     ) (  5.4116719263403814     ,  1.1171952365471498     )
 (  1.9422346806399864     , 0.86108849771253804     ) (  1.6402426743372396E-007,  7.4940739462393157E-008) (  1.6402452250609978E-007,  7.4940771831343964E-008) ( -1.9825596874253231     ,-0.90859928768176690     )
   12.451254999999998        1.2500000000000000     
 (  5.3697504150249520     ,  1.0743260435957469     ) (  5.4764735790557628     ,  1.1381402125986022     )
 (  1.9403493309460136     , 0.87308333849042652     ) (  1.6388330204615284E-007,  7.6004373575318780E-008) (  1.6388327720028897E-007,  7.6004372994693418E-008) ( -1.9804017310662838     ,-0.92130153610374799     )
   12.501249999999999        1.2500000000000000     
 (  5.4339253400249561     ,  1.0941854803103916     ) (  5.5417681915574608     ,  1.1593451311972134     )
 (  1.9379906744201039     , 0.88505412864775113     ) (  1.6370226352254023E-007,  7.7066712798048700E-008) (  1.6370223759759792E-007,  7.7066712179880852E-008) ( -1.9777418818216981     ,-0.93397628415765088     )
   12.551245000000000        1.2500000000000000     
 (  5.4985956012510577     ,  1.1142861205228229     ) (  5.6075599713435720     ,  1.1808115161458224     )
 (  1.9351479965236222     , 0.89699344346174215     ) (  1.6348049896226740E-007,  7.8127188973154567E-008) (  1.6348047181306160E-007,  7.8127188321163026E-008) ( -1.9745783777169297     ,-0.94661664106051657     )
   12.601239999999999        1.2500000000000000     
 (  5.5637639153493614     ,  1.1346298482645820     ) (  5.6738515706161223     ,  1.2025414605301643     )
 (  1.9318155105171577     , 0.90889513755752782     ) (  1.6321750622523239E-007,  7.9185290898921481E-008) (  1.6321747783544486E-007,  7.9185290204241015E-008) ( -1.9709050725627837     ,-0.95921598710250200     )
   12.651235000000000        1.2500000000000000     
 (  5.6294334504157639     ,  1.1552184145967979     ) (  5.7406458735897834     ,  1.2245369637434573     )
 (  1.9279877463305679     , 0.92075272571026900     ) (  1.6291281595111349E-007,  8.0240481838915639E-008) (  1.6291278635180837E-007,  8.0240481105054353E-008) ( -1.9667164010045737     ,-0.97176739792558398     )
   12.701229999999999        1.2500000000000000     
 (  5.6956068037261458     ,  1.1760535578752542     ) (  5.8079452563765770     ,  1.2467999276897428     )
 (  1.9236589959893133     , 0.93255956161404829     ) (  1.6256595006250413E-007,  8.1292204145185599E-008) (  1.6256591920982332E-007,  8.1292203368080132E-008) ( -1.9620065758871159     ,-0.98426365631853752     )
   12.751225000000000        1.2500000000000000     
 (  5.7622872801276221     ,  1.1971373267084509     ) (  5.8757531535452960     ,  1.2693326416598296     )
 (  1.9188242151761528     , 0.94430909866431212     ) (  1.6217647415608068E-007,  8.2339913787357501E-008) (  1.6217644184263525E-007,  8.2339912962640431E-008) ( -1.9567703646673780     ,-0.99669773192068867     )
   12.801219999999999        1.2500000000000000     
 (  5.8294776451385459     ,  1.2184717190925207     ) (  5.9440718816566926     ,  1.2921373091790047     )
 (  1.9134778899296330     , 0.95599452409489349     ) (  1.6174390904751218E-007,  8.3383042473585524E-008) (  1.6174387533308988E-007,  8.3383041609221118E-008) ( -1.9510021184703441     , -1.0090622742181359     )
   12.851215000000000        1.2500000000000000     
 (  5.8971810149497861     ,  1.2400586812511418     ) (  6.0129045992624137     ,  1.3152161245851370     )
 (  1.9076151127855079     , 0.96760880943487781     ) (  1.6126784592689416E-007,  8.4421007500740531E-008) (  1.6126781052639861E-007,  8.4421006573580054E-008) ( -1.9446969445899540     , -1.0213497598013821     )
   12.901209999999999        1.2500000000000000     
 (  5.9654008312099567     ,  1.2619003177806967     ) (  6.0822541657439535     ,  1.3385713908036447     )
 (  1.9012309739457334     , 0.97914488925830256     ) (  1.6074783800746056E-007,  8.5453216643064932E-008) (  1.6074780121644418E-007,  8.5453215661670974E-008) ( -1.9378495532485078     , -1.0335525252956119     )
   12.951205000000000        1.2500000000000000     
 (  6.0341397578137688     ,  1.2839989314963547     ) (  6.1521236058679722     ,  1.3622057025188288     )
 (  1.8943205853387699     , 0.99059566663050569     ) (  1.6018349459777748E-007,  8.6479085047142314E-008) (  1.6018345622581995E-007,  8.6479084005654689E-008) ( -1.9304552312406431     , -1.0456630187398632     )
   13.001199999999999        1.2500000000000000     
 (  6.1034011686073439     ,  1.3063566843435916     ) (  6.2225157416800165     ,  1.3861213682762599     )
 (  1.8868788860107237     ,  1.0019537447381530     ) (  1.5957436878938368E-007,  8.7497989014223808E-008) (  1.5957432882234212E-007,  8.7497987913472716E-008) ( -1.9225088078675476     , -1.0576731785489590     )
   13.051195000000000        1.2500000000000000     
 (  6.1731883979239601     ,  1.3289760442478493     ) (  6.2934335567104851     ,  1.4103211993827227     )
 (  1.8789014990285511     ,  1.0132117976578108     ) (  1.5892007284904065E-007,  8.8509326886033421E-008) (  1.5892003142784121E-007,  8.8509325717923517E-008) ( -1.9140057542343711     , -1.0695752208242184     )
   13.101189999999999        1.2500000000000000     
 (  6.2435046723413956     ,  1.3518592581394542     ) (  6.3648804153753060     ,  1.4348076056689543     )
 (  1.8703843527501023     ,  1.0243621136512902     ) (  1.5822026301499611E-007,  8.9512449972456585E-008) (  1.5822021939418176E-007,  8.9512448741098730E-008) ( -1.9049419913515220     , -1.0813607768623053     )
   13.151185000000000        1.2500000000000000     
 (  6.3143530633576903     ,  1.3750090097752197     ) (  6.4368590014687763     ,  1.4595835161645605     )
 (  1.8613223982485942     ,  1.0353971393007695     ) (  1.5747450726388553E-007,  9.0506729865871159E-008) (  1.5747446176263837E-007,  9.0506728565174049E-008) ( -1.8953125195150213     , -1.0930217287537622     )
   13.201179999999999        1.2500000000000000     
 (  6.3857366795466532     ,  1.3984278690006966     ) (  6.5093720409874560     ,  1.4846518499393540     )
 (  1.8517118357393987     ,  1.0463090930329344     ) (  1.5668245670107865E-007,  9.1491526152735827E-008) (  1.5668240932624279E-007,  9.1491524775695743E-008) ( -1.8851133169066889     , -1.1045497858320372     )
   13.251175000000000        1.2500000000000000     
 (  6.4576592401203277     ,  1.4221184500074182     ) (  6.5824233089496396     ,  1.5100153474795972     )
 (  1.8415485457408922     ,  1.0570899393001096     ) (  1.5584378754592726E-007,  9.2466160397149503E-008) (  1.5584373805103808E-007,  9.2466158939215073E-008) ( -1.8743407298625001     , -1.1159362220473878     )
   13.301169999999999        1.2500000000000000     
 (  6.5301243587171873     ,  1.4460836347867114     ) (  6.6560160649265843     ,  1.5356772446257807     )
 (  1.8308291062913062     ,  1.0677317772872954     ) (  1.5495817230085622E-007,  9.3429982437750953E-008) (  1.5495812084419842E-007,  9.3429980897571807E-008) ( -1.8629909665150159     , -1.1271726142895322     )
   13.351165000000000        1.2500000000000000     
 (  6.6031344935829557     ,  1.4703261504662626     ) (  6.7301524908497603     ,  1.5616404850184904     )
 (  1.8195492312895243     ,  1.0782263207939815     ) (  1.5402524591656760E-007,  9.4382298842763359E-008) (  1.5402519219479263E-007,  9.4382297217413184E-008) ( -1.8510598344896425     , -1.1382500268903462     )
   13.401159999999999        1.2500000000000000     
 (  6.6766935889018288     ,  1.4948491182361821     ) (  6.8048360781777157     ,  1.5879084434744766     )
 (  1.8077055154987627     ,  1.0885654029016114     ) (  1.5304470816944667E-007,  9.5322429703717361E-008) (  1.5304465226021441E-007,  9.5322427981081548E-008) ( -1.8385441505118914     , -1.1491596953762764     )
   13.451155000000000        1.2500000000000000     
 (  6.7508050781267306     ,  1.5196554935695192     ) (  6.8800702837017855     ,  1.6144843742517401     )
 (  1.7952948908544966     ,  1.0987405665696792     ) (  1.5201629717295533E-007,  9.6249673523881153E-008) (  1.5201623881492721E-007,  9.6249671704020238E-008) ( -1.8254408520884917     , -1.1598925623642871     )
   13.501149999999999        1.2500000000000000     
 (  6.8254719022890686     ,  1.5447485782129644     ) (  6.9558574962300099     ,  1.6413718300431914     )
 (  1.7823137791584340     ,  1.1087434623411070     ) (  1.5093968691854018E-007,  9.7163335127908770E-008) (  1.5093962631423733E-007,  9.7163333211342104E-008) ( -1.8117464633642988     , -1.1704396675396072     )
   13.551145000000000        1.2500000000000000     
 (  6.9006978790197300     ,  1.5701314996923490     ) (  7.0322016549771904     ,  1.6685742260666065     )
 (  1.7687593371841674     ,  1.1185653211788253     ) (  1.4981463653031473E-007,  9.8062684378464222E-008) (  1.4981457310108140E-007,  9.8062682134239880E-008) ( -1.7974583031733420     , -1.1807916089089756     )
   13.601139999999999        1.2500000000000000     
 (  6.9764863252150988     ,  1.5958077602563232     ) (  7.1091052614640349     ,  1.6960953264023868     )
 (  1.7546287394357452     ,  1.1281975691556441     ) (  1.4864087575937831E-007,  9.8947008336388807E-008) (  1.4864080979117852E-007,  9.8947006208572904E-008) ( -1.7825736378705526     , -1.1909392007538042     )
   13.651135000000000        1.2500000000000000     
 (  7.0528404906889595     ,  1.6217807917997131     ) (  7.1865713585085311     ,  1.7239388279298189     )
 (  1.7399193138705225     ,  1.1376313326831933     ) (  1.4741817878009425E-007,  9.9815568116929715E-008) (  1.4741811006312678E-007,  9.9815565852809284E-008) ( -1.7670900342203033     , -1.2008729399791245     )
   13.701129999999999        1.2500000000000000     
 (  7.1297638485069532     ,  1.6480541017793506     ) (  7.2646031984920887     ,  1.7521085325553785     )
 (  1.7246284808215941     ,  1.1468576328642457     ) (  1.4614630024294447E-007,  1.0066761783713134E-007) (  1.4614622866394709E-007,  1.0066761545719546E-007) ( -1.7510049010365614     , -1.2105832250868633     )
   13.751125000000000        1.2500000000000000     
 (  7.2072598872631888     ,  1.6746315562556615     ) (  7.3432038102474282     ,  1.7806085664822704     )
 (  1.7087541519652556     ,  1.1558675435746197     ) (  1.4482506424399477E-007,  1.0150241421693249E-007) (  1.4482498980280050E-007,  1.0150241170754449E-007) ( -1.7343166593428327     , -1.2200605054166800     )
   13.801119999999999        1.2500000000000000     
 (  7.2853312727331998     ,  1.7015169086342461     ) (  7.4223756078287444     ,  1.8094430134323387     )
 (  1.6922941542193415     ,  1.1646519767808985     ) (  1.4345424640733261E-007,  1.0231920344044017E-007) (  1.4345416889190921E-007,  1.0231920079747120E-007) ( -1.7170229577136349     , -1.2292950857007021     )
   13.851115000000000        1.2500000000000000     
 (  7.3639821800986924     ,  1.7287140097394558     ) (  7.5021222435523773     ,  1.8386159173252177     )
 (  1.6752464633059800     ,  1.1732015485470650     ) (  1.4203368380171248E-007,  1.0311720121458490E-007) (  1.4203360339805038E-007,  1.0311719841735205E-007) ( -1.6991224966685068     , -1.2382769231114661     )
   13.901109999999999        1.2500000000000000     
 (  7.4432159163228189     ,  1.7562269289758661     ) (  7.5824466914144883     ,  1.8681316782770629     )
 (  1.6576096431114644     ,  1.1815070523418789     ) (  1.4056323210757968E-007,  1.0389564299051149E-007) (  1.4056314822678616E-007,  1.0389564004208374E-007) ( -1.6806139616563109     , -1.2469961932972213     )
   13.951105000000000        1.2500000000000000     
 (  7.5230351639299657     ,  1.7840599402699964     ) (  7.6633512845526965     ,  1.8979948484217226     )
 (  1.6393821635481289     ,  1.1895591327965591     ) (  1.3904273213830694E-007,  1.0465375080609699E-007) (  1.3904264488818857E-007,  1.0465374772925566E-007) ( -1.6614959428532454     , -1.2554429319222948     )
   14.001100000000001        1.2500000000000000     
 (  7.6034434640077890     ,  1.8122171461457568     ) (  7.7448392139466531     ,  1.9282097182261773     )
 (  1.6205630065815659     ,  1.1973481637620036     ) (  1.3747208358100053E-007,  1.0539071918597656E-007) (  1.3747199274414359E-007,  1.0539071590133086E-007) ( -1.6417678169217513     , -1.2636068419187270     )
   14.051095000000000        1.2500000000000000     
 (  7.6844442255216290     ,  1.8407030906863706     ) (  7.8269131188941863     ,  1.9587812270747720     )
 (  1.6011508571563937     ,  1.2048647190556969     ) (  1.3585115993530171E-007,  1.0610577138016921E-007) (  1.3585106551949316E-007,  1.0610576792292137E-007) ( -1.6214287671774752     , -1.2714779634551709     )
   14.101089999999997        1.2500000000000000     
 (  7.7660403291748583     ,  1.8695221870886567     ) (  7.9095757174633654     ,  1.9897140129072748     )
 (  1.5811447055430876     ,  1.2120989837477532     ) (  1.3417984267786875E-007,  1.0679808808335458E-007) (  1.3417974442173654E-007,  1.0679808444480086E-007) ( -1.6004780414416158     , -1.2790458620056462     )
   14.151084999999997        1.2500000000000000     
 (  7.8482350347647740     ,  1.8986791029260237     ) (  7.9928294479143629     ,  2.0210129847154166     )
 (  1.5605445388366495     ,  1.2190412844635441     ) (  1.3245810919244883E-007,  1.0746686086876984E-007) (  1.3245800696629122E-007,  1.0746685702890953E-007) ( -1.5789158721416530     , -1.2863002061950033     )
   14.201079999999997        1.2500000000000000     
 (  7.9310317658277549     ,  1.9281784772402921     ) (  8.0766775797709780     ,  2.0526830333919106     )
 (  1.5393499902916477     ,  1.2256817273761571     ) (  1.3068591339133868E-007,  1.0811126720890749E-007) (  1.3068580733886752E-007,  1.0811126317816614E-007) ( -1.5567425816170515     , -1.2932305205076255     )
   14.251074999999998        1.2500000000000000     
 (  8.0144331041503616     ,  1.9580253615636352     ) (  8.1611220787134755     ,  2.0847295065101017     )
 (  1.5175607747474384     ,  1.2320105206807914     ) (  1.2886321312322576E-007,  1.0873049259050442E-007) (  1.2886310255759465E-007,  1.0873048837031982E-007) ( -1.5339582755341954     , -1.2998264391977663     )
   14.301069999999998        1.2500000000000000     
 (  8.0984421097046688     ,  1.9882246025135613     ) (  8.2461654179028603     ,  2.1171574436858793     )
 (  1.4951770199396077     ,  1.2380176112065959     ) (  1.2698997320768433E-007,  1.0932369906181787E-007) (  1.2698985861567602E-007,  1.0932369458883243E-007) ( -1.5105634663300849     , -1.3060773349191113     )
   14.351064999999998        1.2500000000000000     
 (  8.1830619915691827     ,  2.0187813416377667     ) (  8.3318101974448364     ,  2.1499722959133618     )
 (  1.4721993027793738     ,  1.2436929575816043     ) (  1.2506622936529659E-007,  1.0989005014731287E-007) (  1.2506610995439436E-007,  1.0989004546401983E-007) ( -1.4865592211428071     , -1.3119725635510773     )
   14.401059999999998        1.2500000000000000     
 (  8.2682952301533277     ,  2.0497007834738641     ) (  8.4180583600706598     ,  2.1831794817318007     )
 (  1.4486284530737337     ,  1.2490264806710425     ) (  1.2309200558688196E-007,  1.1042870668532932E-007) (  1.2309188181088801E-007,  1.1042870173771138E-007) ( -1.4619467262538135     , -1.3175015160130088     )
   14.451054999999998        1.2500000000000000     
 (  8.3541449208756173     ,  2.0809883033847090     ) (  8.5049124426243239     ,  2.2167845436207618     )
 (  1.4244649202263404     ,  1.2540080396229871     ) (  1.2106733679639590E-007,  1.1093881939267615E-007) (  1.2106720818519639E-007,  1.1093881419146200E-007) ( -1.4367273299080356     , -1.3226534617225048     )
   14.501049999999998        1.2500000000000000     
 (  8.4406133451544640     ,  2.1126492555146381     ) (  8.5923742672483687     ,  2.2507931145595994     )
 (  1.3997105323060721     ,  1.2586273622953523     ) (  1.1899233550395354E-007,  1.1141953453890702E-007) (  1.1899220179324649E-007,  1.1141952906399820E-007) ( -1.4109031766710074     , -1.3274176163920546     )
   14.551044999999998        1.2500000000000000     
 (  8.5277034441294290     ,  2.1446893490699650     ) (  8.6804457400329849     ,  2.2852111227590708     )
 (  1.3743659985915604     ,  1.2628742449059254     ) (  1.1686702042612894E-007,  1.1187000167758985E-007) (  1.1686688148080479E-007,  1.1186999592341031E-007) ( -1.3844755616668285     , -1.3317832591793943     )
   14.601039999999998        1.2500000000000000     
 (  8.6154177442004709     ,  2.1771141592968180     ) (  8.7691292856543459     ,  2.3200442862797792     )
 (  1.3484337474163144     ,  1.2667383390583549     ) (  1.1469158714488985E-007,  1.1228935428326892E-007) (  1.1469144287258552E-007,  1.1228934825786726E-007) ( -1.3574477934679547     , -1.3357395074977796     )
   14.651034999999998        1.2500000000000000     
 (  8.7037586620331382     ,  2.2099294234977145     ) (  8.8584260877865084     ,  2.3552984735153064     )
 (  1.3219154963204696     ,  1.2702091710617165     ) (  1.1246612705847992E-007,  1.1267671378829291E-007) (  1.1246597727609620E-007,  1.1267670741489511E-007) ( -1.3298220024375176     , -1.3392753719946979     )
   14.701029999999998        1.2500000000000000     
 (  8.7927282195319982     ,  2.2431412725576898     ) (  8.9483379642810110     ,  2.3909801965108541     )
 (  1.2948139690721385     ,  1.2732765987714376     ) (  1.1019082763892851E-007,  1.1303124615986153E-007) (  1.1019067228666500E-007,  1.1303123944360715E-007) ( -1.3016013959920436     , -1.3423803622555490     )
   14.751024999999998        1.2500000000000000     
 (  8.8823288435434655     ,  2.2767555242619761     ) (  9.0388662756861073     ,  2.4270951846800886     )
 (  1.2671308831055947     ,  1.2759299914018298     ) (  1.0786583447655765E-007,  1.1335204590156109E-007) (  1.0786567321183268E-007,  1.1335203886705765E-007) ( -1.2727889370602636     , -1.3450432369787033     )
   14.801019999999998        1.2500000000000000     
 (  8.9725628306641827     ,  2.3107783291684978     ) (  9.1300125196157484     ,  2.4636498480582962     )
 (  1.2388697918445881     ,  1.2781589645474882     ) (  1.0549136206804943E-007,  1.1363825515358037E-007) (  1.0549119459901051E-007,  1.1363824775160566E-007) ( -1.2433882923654864     , -1.3472532617555080     )
   14.851014999999999        1.2500000000000000     
 (  9.0634317962304038     ,  2.3452159211191463     ) (  9.2217780425569416     ,  2.5006504784998178     )
 (  1.2100341558545122     ,  1.2799529723300644     ) (  1.0306770466736060E-007,  1.1388898255958581E-007) (  1.0306753082383496E-007,  1.1388897478648725E-007) ( -1.2134040458077666     , -1.3489994241095300     )
   14.901009999999998        1.2500000000000000     
 (  9.1549381662713820     ,  2.3800746410807334     ) (  9.3141641925402006     ,  2.5381035711878224     )
 (  1.1806265702636825     ,  1.2813015667169225     ) (  1.0059502026216839E-007,  1.1410336031740664E-007) (  1.0059483968083158E-007,  1.1410335217470148E-007) ( -1.1828394594299130     , -1.3502709431778179     )
   14.951004999999999        1.2500000000000000     
 (  9.2470830754925419     ,  2.4153609526889266     ) (  9.4071711374954337     ,  2.5760156629748252     )
 (  1.1506514583966732     ,  1.2821943329126537     ) (  9.8073639049693712E-008,  1.1428050901340141E-007) (  9.8073452008468681E-008,  1.1428050044161769E-007) ( -1.1516996620956090     , -1.3510569752059607     )
   15.000999999999998        1.2500000000000000     
 (  9.3398684555170135     ,  2.4510813130082298     ) (  9.5008003180044263     ,  2.6143932966179881     )
 (  1.1201127758183744     ,  1.2826207621939820     ) (  9.5503872327540790E-008,  1.1441955183255743E-007) (  9.5503678062995762E-008,  1.1441954282941583E-007) ( -1.1199894917965556     , -1.3513467238443797     )
   15.050994999999999        1.2500000000000000     
 (  9.4332957108493858     ,  2.4872422917512789     ) (  9.5950520148886191     ,  2.6532429581253849     )
 (  1.0890148358830112     ,  1.2825700850342945     ) (  9.2886013279839274E-008,  1.1451957519446994E-007) (  9.2885811859824632E-008,  1.1451956573535232E-007) ( -1.0877140734635344     , -1.3511290351442582     )
   15.100989999999998        1.2500000000000000     
 (  9.5273660239285842     ,  2.5238506755636418     ) (  9.6899270710638046     ,  2.6925715943888324     )
 (  1.0573626257381061     ,  1.2820321519234941     ) (  9.0220443703085192E-008,  1.1457973356553813E-007) (  9.0220234920798888E-008,  1.1457972362669845E-007) ( -1.0548790083510995     , -1.3503935301544285     )
   15.150984999999999        1.2500000000000000     
 (  9.6220810848023532     ,  2.5609132438241637     ) (  9.7854257724535998     ,  2.7323859191627462     )
 (  1.0251611604890623     ,  1.2809963051423723     ) (  8.7507543988421912E-008,  1.1459912692512944E-007) (  8.7507327317499208E-008,  1.1459911650184144E-007) ( -1.0214904233044155     , -1.3491292634841461     )
   15.200979999999998        1.2500000000000000     
 (  9.7174416262819854     ,  2.5984368258115538     ) (  9.8815482768581866     ,  2.7726927394211316     )
 ( 0.99241548260408585     ,  1.2794521020141925     ) (  8.4747730797768769E-008,  1.1457687748140146E-007) (  8.4747506088860169E-008,  1.1457686656199454E-007) (-0.98755467302812716     , -1.3473256027579203     )
   15.250974999999999        1.2500000000000000     
 (  9.8134482130892362     ,  2.6364283294614461     ) (  9.9782938161731529     ,  2.8134989011340199     )
 ( 0.95913144977403630     ,  1.2773892162585496     ) (  8.1941364810682756E-008,  1.1451210732560668E-007) (  8.1941131920964145E-008,  1.1451209593411237E-007) (-0.95307760157399135     , -1.3449719431709188     )
   15.300969999999998        1.2500000000000000     
 (  9.9101020297872076     ,  2.6748947918625632     ) (  10.075663390092730     ,  2.8548112810255901     )
 ( 0.92531534871171628     ,  1.2747971058993008     ) (  7.9088999170825817E-008,  1.1440392773498811E-007) (  7.9088757903079535E-008,  1.1440391570680499E-007) (-0.91806709151416988     , -1.3420576251080423     )
   15.350964999999999        1.2500000000000000     
 (  10.007403617742254     ,  2.7138433459099063     ) (  10.173656050373697     ,  2.8966369336853659     )
 ( 0.89097343557267139     ,  1.2716655538877775     ) (  7.6191081902131395E-008,  1.1425147186735607E-007) (  7.6190831869445458E-008,  1.1425145934985549E-007) (-0.88253015289447856     , -1.3385722434625900     )
   15.400959999999998        1.2500000000000000     
 (  10.105352951077847     ,  2.7532810546147388     ) (  10.272271049796917     ,  2.9389828482530924     )
 ( 0.85611184052588019     ,  1.2679842109601847     ) (  7.3248061650763110E-008,  1.1405387022275075E-007) (  7.3247802197606598E-008,  1.1405385655909988E-007) (-0.84647363179306301     , -1.3345054802578415     )
   15.450954999999999        1.2500000000000000     
 (  10.203950606619998     ,  2.7932150526325090     ) (  10.371508037161412     ,  2.9818558612227428     )
 ( 0.82073850285328598     ,  1.2637427744210419     ) (  7.0260587289642182E-008,  1.1381023704368800E-007) (  7.0260318613063982E-008,  1.1381022319146145E-007) (-0.80990691092310241     , -1.3298467913194294     )
   15.500949999999998        1.2500000000000000     
 (  10.303196636371210     ,  2.8336527883915612     ) (  10.471365985745953     ,  3.0252633070777928     )
 ( 0.78486044915341924     ,  1.2589312243130242     ) (  6.7229161012717618E-008,  1.1351973254920178E-007) (  6.7228882557005354E-008,  1.1351971799284045E-007) (-0.77283740201514184     , -1.3245863601761538     )
   15.550944999999999        1.2500000000000000     
 (  10.403090430045669     ,  2.8746012861126315     ) (  10.571843311276291     ,  3.0692118976586644     )
 ( 0.74848529680727582     ,  1.2535394152840109     ) (  6.4154413544764392E-008,  1.1318148014490254E-007) (  6.4154125229897788E-008,  1.1318146489108090E-007) (-0.73527447659527689     , -1.3187138283699174     )
   15.600939999999998        1.2500000000000000     
 (  10.503632198910474     ,  2.9160679682234547     ) (  10.672939324212720     ,  3.1137087233153036     )
 ( 0.71162123824668300     ,  1.2475572521792007     ) (  6.1036926915894213E-008,  1.1279462103418767E-007) (  6.1036628406329732E-008,  1.1279460506090987E-007) (-0.69722666433178970     , -1.3122192662486647     )
   15.650934999999999        1.2500000000000000     
 (  10.604821063001159     ,  2.9580601157988267     ) (  10.774651897569591     ,  3.1587608330922086     )
 ( 0.67427656967448946     ,  1.2409748474860010     ) (  5.7877362637103487E-008,  1.1235830963059736E-007) (  5.7877053380822502E-008,  1.1235829293532764E-007) (-0.65870338245594884     , -1.3050928296750093     )
   15.700930000000000        1.2500000000000000     
 (  10.706656717340943     ,  3.0005852824217079     ) (  10.876980181408323     ,  3.2043753084688391     )
 ( 0.63646067913325377     ,  1.2337825221456167     ) (  5.4676455108684242E-008,  1.1187171585670192E-007) (  5.4676134589249934E-008,  1.1187169832844313E-007) (-0.61971514104685488     , -1.2973250455377840     )
   15.750924999999999        1.2500000000000000     
 (  10.809137558808567     ,  3.0436506136044166     ) (  10.979921152510636     ,  3.2505590564558613     )
 ( 0.59818200200480598     ,  1.2259704573624051     ) (  5.1434854670604564E-008,  1.1133399961464876E-007) (  5.1434523013615890E-008,  1.1133398122728154E-007) (-0.58027143710368723     , -1.2889062777067763     )
   15.800920000000000        1.2500000000000000     
 (  10.912262998430633     ,  3.0872638382790152     ) (  11.083473291576762     ,  3.2973192889400909     )
 ( 0.55945001361222191     ,  1.2175292898342367     ) (  4.8153304652491455E-008,  1.1074435035692034E-007) (  4.8152961346368288E-008,  1.1074433114463413E-007) (-0.54038294363591266     , -1.2798273611701956     )
   15.850914999999999        1.2500000000000000     
 (  11.016031717010025     ,  3.1314320122360324     ) (  11.187634496933207     ,  3.3446624699686396     )
 ( 0.52027517900113862     ,  1.2084493285465698     ) (  4.4832606580397115E-008,  1.1010192316050062E-007) (  4.4832251217461738E-008,  1.1010190303047486E-007) (-0.50006080161711519     , -1.2700788033961665     )
   15.900910000000000        1.2500000000000000     
 (  11.120442028525984     ,  3.1761626367330562     ) (  11.292401833631379     ,  3.3925956430809525     )
 ( 0.48066778839829899     ,  1.1987212726668688     ) (  4.1473555082725299E-008,  1.0940591741472137E-007) (  4.1473186324964452E-008,  1.0940589638565016E-007) (-0.45931635557542683     , -1.2596516726308007     )
   15.950904999999999        1.2500000000000000     
 (  11.225492393017211     ,  3.2214631114330770     ) (  11.397772943254187     ,  3.4411256954364902     )
 ( 0.44063765986227171     ,  1.1883360936726881     ) (  3.8076932221763664E-008,  1.0865554764456257E-007) (  3.8076551481137806E-008,  1.0865552564974510E-007) (-0.41816046340965768     , -1.2485372716425636     )
   16.000900000000001        1.2500000000000000     
 (  11.331180501774870     ,  3.2673407899888920     ) (  11.503744210987707     ,  3.4902593218590088     )
 ( 0.40019626357978311     ,  1.1772848366684145     ) (  3.4643660908130850E-008,  1.0785003365460911E-007) (  3.4643267042269793E-008,  1.0785001057992783E-007) (-0.37660610843103509     , -1.2367271316621269     )
   16.050895000000001        1.2500000000000000     
 (  11.437504570674838     ,  3.3138029965421403     ) (  11.610313041503874     ,  3.5400032494917184     )
 ( 0.35935450269527486     ,  1.1655586283107451     ) (  3.1174543254202611E-008,  1.0698859847178697E-007) (  3.1174135186618741E-008,  1.0698857443086084E-007) (-0.33466451757798854     , -1.2242127885509702     )
   16.100890000000000        1.2500000000000000     
 (  11.544461989381309     ,  3.3608569932717312     ) (  11.717475773368061     ,  3.5903639578725475     )
 ( 0.31812456128499961     ,  1.1531488286465323     ) (  2.7670544258603120E-008,  1.0607047640898356E-007) (  2.7670122494781724E-008,  1.0607045131432857E-007) (-0.29234884134787736     , -1.2109860328520736     )
   16.150885000000002        1.2500000000000000     
 (  11.652050652650592     ,  3.4085100435582771     ) (  11.825229507160847     ,  3.6413480634519253     )
 ( 0.27651831563950346     ,  1.1400469801588138     ) (  2.4132632162546354E-008,  1.0509492594979065E-007) (  2.4132195839484014E-008,  1.0509489950457581E-007) (-0.24967252995102857     , -1.1970390161503865     )
   16.200880000000002        1.2500000000000000     
 (  11.760266985938799     ,  3.4567693231738543     ) (  11.933569390741043     ,  3.6929617801068932     )
 ( 0.23454775390407628     ,  1.1262446362268348     ) (  2.0561740577952168E-008,  1.0406119164716851E-007) (  2.0561289199699589E-008,  1.0406116395927278E-007) (-0.20664841006369872     , -1.1823638962863174     )
   16.250875000000001        1.2500000000000000     
 (  11.869108929726867     ,  3.5056419420512128     ) (  12.042492843360858     ,  3.7452115880577104     )
 ( 0.19222660172420111     ,  1.1117342338168392     ) (  1.6958922153979487E-008,  1.0296860710329370E-007) (  1.6958454702017857E-008,  1.0296857815101662E-007) (-0.16329046536021430     , -1.1669537796516967     )
   16.300870000000000        1.2500000000000000     
 (  11.978572789695537     ,  3.5551348475586115     ) (  12.151994466918199     ,  3.7981033795121593     )
 ( 0.14956666872876154     ,  1.0965073907977967     ) (  1.3325131661616117E-008,  1.0181641358700575E-007) (  1.3324648688823199E-008,  1.0181638332751290E-007) (-0.11961241648384337     , -1.1508008971931052     )
   16.350865000000002        1.2500000000000000     
 (  12.088655314936437     ,  3.6052552103462099     ) (  12.262070834425325     ,  3.8516434842679592     )
 ( 0.10658169073042269     ,  1.0805571140481769     ) (  9.6614494908324472E-009,  1.0060397826156459E-007) (  9.6609502053526248E-009,  1.0060394655919405E-007) ( -7.5628391697114578E-002, -1.1338989861415896     )
   16.400860000000002        1.2500000000000000     
 (  12.199352663059402     ,  3.6560097349604792     ) (  12.372716700576360     ,  3.9058376611791314     )
 (  6.3286040683604022E-002,  1.0638757626296373     ) (  5.9690169930220739E-009,  9.9330615192275749E-008) (  5.9685008686821794E-009,  9.9330582102490362E-008) ( -3.1353714162250343E-002, -1.1162412611775245     )
   16.450855000000001        1.2500000000000000     
 (  12.310661231028639     ,  3.7074053079246982     ) (  12.483927660966623     ,  3.9606916783882533     )
 (  1.9693627324306906E-002,  1.0464562184880268     ) (  2.2489180798396323E-009,  9.7995665225842425E-008) (  2.2483837060330563E-009,  9.7995630638754461E-008) (  1.3197075580721947E-002, -1.0978213712280662     )
   16.500850000000000        1.2500000000000000     
 (  12.422576817368551     ,  3.7594485075277722     ) (  12.595699217884571     ,  4.0162111567502041     )
 ( -2.4181215926848881E-002,  1.0282917579923319     ) ( -1.4976786101364980E-009,  9.6598514975412848E-008) ( -1.4982306395849442E-009,  9.6598478805014028E-008) (  5.8008432184627451E-002, -1.0786335426148477     )
   16.550845000000002        1.2500000000000000     
 (  12.535095249303611     ,  3.8121458217700424     ) (  12.708025503588926     ,  4.0724013502473406     )
 ( -6.8323577722399248E-002,  1.0093759119968559     ) ( -5.2696264601629274E-009,  9.5138554453706554E-008) ( -5.2701984857434849E-009,  9.5138516627118928E-008) ( 0.10306500871108108     , -1.0586720508432856     )
   16.600840000000002        1.2500000000000000     
 (  12.648212470541800     ,  3.8655036929825739     ) (  12.820902197464495     ,  4.1292676821739978     )
 (-0.11271849597938703     , 0.98970243114284606     ) ( -9.0656938749374945E-009,  9.3615206059147875E-008) ( -9.0662828822952354E-009,  9.3615166692048286E-008) ( 0.14835054263353734     , -1.0379318454047832     )
   16.650835000000001        1.2500000000000000     
 (  12.761923790828771     ,  3.9195285333130299     ) (  12.934323450513343     ,  4.1868152755975458     )
 (-0.15735060658469821     , 0.96926534475382020     ) ( -1.2884693607047513E-008,  9.2027897173447842E-008) ( -1.2885302910990180E-008,  9.2027855938188991E-008) ( 0.19384931821867851     , -1.0164078001507066     )
   16.700830000000000        1.2500000000000000     
 (  12.876223720022663     ,  3.9742265579575995     ) (  13.048283414929095     ,  4.2450490715056253     )
 (-0.20220360410817653     , 0.94805904549839415     ) ( -1.6725302199485768E-008,  9.0376088634537265E-008) ( -1.6725931074171669E-008,  9.0376045645325940E-008) ( 0.23954435842991412     ,-0.99409545779690156     )
   16.750825000000003        1.2500000000000000     
 (  12.991108003898043     ,  4.0296031729839843     ) (  13.162777091334657     ,  4.3039732939318922     )
 (-0.24726151945614847     , 0.92607817216189225     ) ( -2.0586239480504950E-008,  8.8659259891300530E-008) ( -2.0586889405995774E-008,  8.8659215153276699E-008) ( 0.28541899178540014     ,-0.97099039027026324     )
   16.800820000000002        1.2500000000000000     
 (  13.106571181442789     ,  4.0856648989561366     ) (  13.277798241297143     ,  4.3635931947738396     )
 (-0.29250795041706562     , 0.90331784365408163     ) ( -2.4466206002847194E-008,  8.6876936727660128E-008) ( -2.4466877313060939E-008,  8.6876889759729737E-008) ( 0.33145625469402307     ,-0.94708911140465157     )
   16.850815000000001        1.2500000000000000     
 (  13.222608155824139     ,  4.1424168727470487     ) (  13.393341238037241     ,  4.4239123512338638     )
 (-0.33792611265791900     , 0.87977350915114239     ) ( -2.8363862087800260E-008,  8.5028641988337321E-008) ( -2.8364556121703944E-008,  8.5028592983128261E-008) ( 0.37763883111848673     ,-0.92238791403194687     )
   16.900810000000000        1.2500000000000000     
 (  13.339201864830240     ,  4.1998635089388809     ) (  13.509400836832070     ,  4.4849350438518334     )
 (-0.38348746467003669     , 0.85544178215618782     ) ( -3.2277523653174386E-008,  8.3113966571077430E-008) ( -3.2277458438133032E-008,  8.3113968780443375E-008) ( 0.42395515845028398     ,-0.89688358045299121     )
   16.950805000000003        1.2500000000000000     
 (  13.456368762055114     ,  4.2580125161803304     ) (  13.625968124780561     ,  4.5466652707357786     )
 (-0.42919827020874840     , 0.83031684572124953     ) ( -3.6206475950274878E-008,  8.1132438413559259E-008) ( -3.6206408765005937E-008,  8.1132440698705219E-008) ( 0.47037636053835147     ,-0.87057386644163859     )
   17.000800000000002        1.2500000000000000     
 (  13.574092280033277     ,  4.3168676471269487     ) (  13.743038642076186     ,  4.6091063719500953     )
 (-0.47502822621050644     , 0.80439603923486092     ) ( -4.0148861641712720E-008,  7.9083697891021520E-008) ( -4.0148791914945978E-008,  7.9083700247670838E-008) ( 0.51688883803957542     ,-0.84345626773461313     )
   17.050795000000001        1.2500000000000000     
 (  13.692366411801277     ,  4.3764339030055046     ) (  13.860605960261205     ,  4.6722619628257247     )
 (-0.52096080640490527     , 0.77767614477926839     ) ( -4.4103371036104148E-008,  7.6967389115749632E-008) ( -4.4103298683795077E-008,  7.6967391559415028E-008) ( 0.56347571818733500     ,-0.81552885724777546     )
   17.100790000000003        1.2500000000000000     
 (  13.811185001534358     ,  4.4367157120944700     ) (  13.978662853957678     ,  4.7361347734231893     )
 (-0.56697686344802189     , 0.75015474554086714     ) ( -4.8068456972803262E-008,  7.4783202282600863E-008) ( -4.8068381888440930E-008,  7.4783204812682003E-008) ( 0.61011766975450255     ,-0.78679038079958685     )
   17.150785000000003        1.2500000000000000     
 (  13.930541372593858     ,  4.4977177591386361     ) (  14.097203186790381     ,  4.8007281332954017     )
 (-0.61305842562794532     , 0.72182927183717960     ) ( -5.2042659393256942E-008,  7.2530835901733660E-008) ( -5.2042581628005203E-008,  7.2530838552427659E-008) ( 0.65679641043491421     ,-0.75723978821078541     )
   17.200779999999998        1.2500000000000000     
 (  14.050429684413395     ,  4.5594440526607949     ) (  14.216220191445286     ,  4.8660443111464549     )
 (-0.65918701845540906     , 0.69269768400931819     ) ( -5.6024486724064001E-008,  7.0210016887058758E-008) ( -5.6024406017215015E-008,  7.0210019595414327E-008) ( 0.70349353889132815     ,-0.72687637381186976     )
   17.250774999999997        1.2500000000000000     
 (  14.170843196351374     ,  4.6218986684219798     ) (  14.335707320899058     ,  4.9320859313935834     )
 (-0.70534274625061832     , 0.66275892464168518     ) ( -6.0012298353953937E-008,  6.7820550865414731E-008) ( -6.0012214610429358E-008,  6.7820553666871530E-008) ( 0.75018854318649908     ,-0.69570039807687145     )
   17.300770000000000        1.2500000000000000     
 (  14.291775212542527     ,  4.6850852021250846     ) (  14.455657768326184     ,  4.9988547141145316     )
 (-0.75150811910028692     , 0.63201155729498282     ) ( -6.4004716481156508E-008,  6.5362203423856685E-008) ( -6.4004629666475964E-008,  6.5362206323841811E-008) ( 0.79686450735101810     ,-0.66371186712570851     )
   17.350764999999999        1.2500000000000000     
 (  14.413219100609920     ,  4.7490071606154949     ) (  14.576064322659780     ,  5.0663526689601444     )
 (-0.79766246576770583     , 0.60045493082255119     ) ( -6.8000008535313483E-008,  6.2834814289911684E-008) ( -6.7999918554215279E-008,  6.2834817292199981E-008) ( 0.84350022733411067     ,-0.63091140770129062     )
   17.400759999999998        1.2500000000000000     
 (  14.535168288647267     ,  4.8136678676275162     ) (  14.696920956032319     ,  5.1345814834520924     )
 (-0.84378706887696953     , 0.56808912744377271     ) ( -7.1996661523962399E-008,  6.0238287097461234E-008) ( -7.1996568185278571E-008,  6.0238290190180132E-008) ( 0.89007752121548056     ,-0.59730085286671308     )
   17.450755000000001        1.2500000000000000     
 (  14.657615736533220     ,  4.8790700381488179     ) (  14.818220322950664     ,  5.2035421000985780     )
 (-0.88986153291903725     , 0.53491409198483808     ) ( -7.5993013629407517E-008,  5.7572487717065556E-008) ( -7.5992916945661117E-008,  5.7572490923307071E-008) ( 0.93657568969642824     ,-0.56288126084842338     )
   17.500750000000000        1.2500000000000000     
 (  14.780553939347191     ,  4.9452164507017935     ) (  14.939955231593844     ,  5.2732356997135135     )
 (-0.93586631704415424     , 0.50093092136299655     ) ( -7.9987478896184734E-008,  5.4837390523200177E-008) ( -7.9987378669741879E-008,  5.4837393841987919E-008) ( 0.98297622829681930     ,-0.52765516968711246     )
   17.550744999999999        1.2500000000000000     
 (  14.903976018808406     ,  5.0121094944353866     ) (  15.062119073997767     ,  5.3436628962812156     )
 (-0.98178105249685232     , 0.46614079101997791     ) ( -8.3978372863416787E-008,  5.2032974486616218E-008) ( -8.3978268643466716E-008,  5.2032977907799193E-008) (  1.0292586855662058     ,-0.49162534798528318     )
   17.600739999999998        1.2500000000000000     
 (  15.027875626935668     ,  5.0797513445142739     ) (  15.184705374467304     ,  5.4148242058034457     )
 ( -1.0275862598770640     , 0.43054503410892536     ) ( -8.7964065389360204E-008,  4.9159220354704028E-008) ( -8.7963957205615483E-008,  4.9159223911548825E-008) (  1.0754035756569591     ,-0.45479439000220123     )
   17.650735000000001        1.2500000000000000     
 (  15.152244607859089     ,  5.1481439079964062     ) (  15.307706641706870     ,  5.4867199169399239     )
 ( -1.0732603922033099     , 0.39414623180387892     ) ( -9.1942819329568936E-008,  4.6216227947775980E-008) ( -9.1942707873481009E-008,  4.6216231615160708E-008) (  1.1213903164151438     ,-0.41716640169096997     )
   17.700730000000000        1.2500000000000000     
 (  15.277076597405593     ,  5.2172885011002856     ) (  15.431116856547780     ,  5.5593496555821318     )
 ( -1.1187837322421617     , 0.35694682836262154     ) ( -9.5912984471725646E-008,  4.3204060316897763E-008) ( -9.5912869036626785E-008,  4.3204064210724600E-008) (  1.1671995409978224     ,-0.37874507654235645     )
   17.750724999999999        1.2500000000000000     
 (  15.402364758607181     ,  5.2871864719667947     ) (  15.554929348090646     ,  5.6327128521550121     )
 ( -1.1641357352157091     , 0.31895005733034409     ) ( -9.9872869058487160E-008,  4.0122860191136071E-008) ( -9.9872749394032024E-008,  4.0122864113534481E-008) (  1.2128114589431338     ,-0.33953519228339785     )
   17.800719999999998        1.2500000000000000     
 (  15.528100544335929     ,  5.3578390737891324     ) (  15.679136208852205     ,  5.7068093475283508     )
 ( -1.2092951994362164     , 0.28015948851394556     ) ( -1.0382069155720778E-007,  3.6972791107054568E-008) ( -1.0382056767061059E-007,  3.6972795152237768E-008) (  1.2582051758115467     ,-0.29954161660122830     )
   17.850715000000001        1.2500000000000000     
 (  15.654278453318268     ,  5.4292468545124546     ) (  15.803732612962971     ,  5.7816379486707543     )
 ( -1.2542419450934936     , 0.24057947702736340     ) ( -1.0775480964954967E-007,  3.3754073676163491E-008) ( -1.0775468126233993E-007,  3.3754077871224222E-008) (  1.3033618574865380     ,-0.25876998404260571     )
   17.900710000000000        1.2500000000000000     
 (  15.780890334786541     ,  5.5014100430582005     ) (  15.928711045843011     ,  5.8571972395179497     )
 ( -1.2989544396300481     , 0.20021465945748271     ) ( -1.1167341079791945E-007,  3.0466964079255482E-008) ( -1.1167327769064889E-007,  3.0466968337990710E-008) (  1.3482603566902687     ,-0.21722625634052081     )
   17.950704999999999        1.2500000000000000     
 (  15.907929279376592     ,  5.5743289960660505     ) (  16.054065251997326     ,  5.9334859299795921     )
 ( -1.3434122946927616     , 0.15907013160584399     ) ( -1.1557477965068604E-007,  2.7111741525091290E-008) ( -1.1557464202773444E-007,  2.7111746180330002E-008) (  1.3928812282558869     ,-0.17491682341977149     )
   18.000699999999998        1.2500000000000000     
 (  16.035388186497144     ,  5.6480034766687277     ) (  16.179789083878649     ,  6.0105022380039639     )
 ( -1.3875938433347239     , 0.11715162870217939     ) ( -1.1945710804484844E-007,  2.3688739796216801E-008) ( -1.1945696468150242E-007,  2.3688744421980944E-008) (  1.4372040089488320     ,-0.13184863808969655     )
   18.050695000000001        1.2500000000000000     
 (  16.163260464280771     ,  5.7224329904115709     ) (  16.305876423412325     ,  6.0882440107884976     )
 ( -1.4314790324070172     ,  7.4465407322062416E-002) ( -1.2331871520211314E-007,  2.0198343141535470E-008) ( -1.2331856769530908E-007,  2.0198347932020489E-008) (  1.4812093221118439     , -8.8029168252515541E-002)
   18.100690000000000        1.2500000000000000     
 (  16.291539465337067     ,  5.7976167416230782     ) (  16.432322235587417     ,  6.1667090020323556     )
 ( -1.4750460104754450     ,  3.1018039322371283E-002) ( -1.2715777429762290E-007,  1.6640950522422635E-008) ( -1.2715762154529274E-007,  1.6640955479956349E-008) (  1.5248768369710723     , -4.3466132271040445E-002)
   18.150684999999999        1.2500000000000000     
 (  16.420217572875394     ,  5.8735536684764940     ) (  16.559119040886795     ,  6.2458945859204711     )
 ( -1.5182744370591565     , -1.3182839924259136E-002) ( -1.3097254027171074E-007,  1.3017042156189911E-008) ( -1.3097238182085412E-007,  1.3017047248360812E-008) (  1.5681869948004126     ,  1.8318809365287750E-003)
   18.200679999999998        1.2500000000000000     
 (  16.549288695754750     ,  5.9502427525364077     ) (  16.686262323510675     ,  6.3257982571069462     )
 ( -1.5611424930968962     , -5.8129968307644012E-002) ( -1.3476121249168505E-007,  9.3270912081118516E-009) ( -1.3476104887588227E-007,  9.3270966128027251E-009) (  1.6111197100657222     ,  4.7856234679702604E-002)
   18.250675000000001        1.2500000000000000     
 (  16.678746112560571     ,  6.0276820720090205     ) (  16.813746098811830     ,  6.4064167377993693     )
 ( -1.6036296719594678     ,-0.10381467371549329     ) ( -1.3852198256590154E-007,  5.5716684335988874E-009) ( -1.3852181323988723E-007,  5.5716738962462838E-009) (  1.6536549174341537     ,  9.4597432783386989E-002)
   18.300670000000000        1.2500000000000000     
 (  16.808583322718576     ,  6.1058697104407953     ) (  16.941565411823738     ,  6.4877466279217462     )
 ( -1.6457156745965307     ,-0.15022825142113527     ) ( -1.4225316841309074E-007,  1.7513310589033206E-009) ( -1.4225299329410040E-007,  1.7513367183221276E-009) (  1.6957745543434040     , 0.14204601775041037     )
   18.350664999999999        1.2500000000000000     
 (  16.938793918607061     ,  6.1848037469334773     ) (  17.069714916452551     ,  6.5697848642872012     )
 ( -1.6873783996969705     ,-0.19736142156102002     ) ( -1.4595289909302739E-007, -2.1332764496497295E-009) ( -1.4595271782956158E-007, -2.1332705899003462E-009) (  1.7374575527459764     , 0.19019164712630196     )
   18.400659999999998        1.2500000000000000     
 (  17.069372505730890     ,  6.2644815282516788     ) (  17.198190416215652     ,  6.6525272595174441     )
 ( -1.7285982017615831     ,-0.24520439327179169     ) ( -1.4961945957406531E-007, -6.0815004574630732E-009) ( -1.4961927205944069E-007, -6.0814944032738175E-009) (  1.7786858717805281     , 0.23902377672254069     )
   18.450655000000001        1.2500000000000000     
 (  17.200312251966800     ,  6.3449005235254079     ) (  17.326986524918759     ,  6.7359702074933141     )
 ( -1.7693535505907758     ,-0.29374638436704720     ) ( -1.5325101381278470E-007, -1.0092590518485776E-008) ( -1.5325081990209780E-007, -1.0092584271811832E-008) (  1.8194393984664285     , 0.28853082716552281     )
   18.500650000000000        1.2500000000000000     
 (  17.331607885458968     ,  6.4260578351673487     ) (  17.456099303847935     ,  6.8201094431781124     )
 ( -1.8096244731574571     ,-0.34297730327762138     ) ( -1.5684585746074967E-007, -1.4165869815185457E-008) ( -1.5684565687868905E-007, -1.4165863418452077E-008) (  1.8596998028983001     , 0.33870225558725714     )
   18.550644999999999        1.2500000000000000     
 (  17.463253701696274     ,  6.5079500723231130     ) (  17.585524155159565     ,  6.9049405601338965     )
 ( -1.8493900666948970     ,-0.39288504396144830     ) ( -1.6040213858811949E-007, -1.8300456423729190E-008) ( -1.6040193126654231E-007, -1.8300449732862848E-008) (  1.8994474963423003     , 0.38952493211967720     )
   18.600639999999999        1.2500000000000000     
 (  17.595244032823476     ,  6.5905739786849997     ) (  17.715257336137626     ,  6.9904593901886480     )
 ( -1.8886305062719349     ,-0.44345819026408961     ) ( -1.6391819048515318E-007, -2.2495569649740816E-008) ( -1.6391797625293014E-007, -2.2495562721236029E-008) (  1.9386647384010622     , 0.44098734838244541     )
   18.650635000000001        1.2500000000000000     
 (  17.727573848013673     ,  6.6739257843394535     ) (  17.845294898691826     ,  7.0766608916304055     )
 ( -1.9273253471455090     ,-0.49468430734017232     ) ( -1.6739221440099596E-007, -2.6750318058074177E-008) ( -1.6739199253537508E-007, -2.6750310935869198E-008) (  1.9773326586959725     , 0.49307656227212759     )
   18.700630000000000        1.2500000000000000     
 (  17.860238790374666     ,  6.7580016822112245     ) (  17.975634170132746     ,  7.1635403822040828     )
 ( -1.9654549152632750     ,-0.54655027608344309     ) ( -1.7082247784402405E-007, -3.1063770420417616E-008) ( -1.7082224849090850E-007, -3.1063762995120428E-008) (  2.0154328104536670     , 0.54577902012107893     )
   18.750624999999999        1.2500000000000000     
 (  17.993233139128051     ,  6.8427974920747809     ) (  18.106271082960035     ,  7.2510928687449789     )
 ( -2.0029988903408960     ,-0.59904308383542360     ) ( -1.7420723324208367E-007, -3.5434971570512609E-008) ( -1.7420699536366124E-007, -3.5434963930463433E-008) (  2.0529474010647668     , 0.59908150763130297     )
   18.800620000000002        1.2500000000000000     
 (  18.126553507910110     ,  6.9283089783481770     ) (  18.237203695825880     ,  7.3393131932150126     )
 ( -2.0399382968007522     ,-0.65214889589728964     ) ( -1.7754478969650600E-007, -3.9862931459848091E-008) ( -1.7754454567063027E-007, -3.9862923565847168E-008) (  2.0898589547136930     , 0.65296996761676274     )
   18.850615000000001        1.2500000000000000     
 (  18.260194780724639     ,  7.0145315037383904     ) (  18.368428803048882     ,  7.4281960941288352     )
 ( -2.0762526445376457     ,-0.70585307472635406     ) ( -1.8083334901882852E-007, -4.4346580907311622E-008) ( -1.8083309539746049E-007, -4.4346572762498598E-008) (  2.1261485451999160     , 0.70742981070286537     )
   18.900610000000000        1.2500000000000000     
 (  18.394153620875766     ,  7.1014605097277572     ) (  18.499944149167217     ,  7.5177361094112323     )
 ( -2.1119241981909034     ,-0.76014106106224921     ) ( -1.8407134294727165E-007, -4.8884847025991330E-008) ( -1.8407108073477869E-007, -4.8884838622288152E-008) (  2.1618005336089396     , 0.76244633834885611     )
   18.950604999999999        1.2500000000000000     
 (  18.528426156560219     ,  7.1890909376993566     ) (  18.631748225956159     ,  7.6079278720193795     )
 ( -2.1469324848083864     ,-0.81499756584438909     ) ( -1.8725696706588919E-007, -5.3476587878002153E-008) ( -1.8725669624087955E-007, -5.3476579170643963E-008) (  2.1967963761468385     , 0.81800437052980668     )
   19.000600000000002        1.2500000000000000     
 (  18.663009025295544     ,  7.2774181827358388     ) (  18.763838370560503     ,  7.6987659035199325     )
 ( -2.1812604400414348     ,-0.87040701606989523     ) ( -1.9038863429080311E-007, -5.8120658830927388E-008) ( -1.9038835410010239E-007, -5.8120649836651518E-008) (  2.2311201829741898     , 0.87408846075087654     )
   19.050595000000001        1.2500000000000000     
 (  18.797899716656474     ,  7.3664366221363142     ) (  18.896214594160902     ,  7.7902442995277852     )
 ( -2.2148888116358112     ,-0.92635339170875586     ) ( -1.9346468845668131E-007, -6.2815883031633779E-008) ( -1.9346439859074659E-007, -6.2815873719979832E-008) (  2.2647550082099395     , 0.93068326884076968     )
   19.100590000000000        1.2500000000000000     
 (  18.933094692495064     ,  7.4561414550312870     ) (  19.028874738234713     ,  7.8823577291429210     )
 ( -2.2477992077856004     ,-0.98281996055946097     ) ( -1.9648345665473544E-007, -6.7560975681894524E-008) ( -1.9648315699719099E-007, -6.7560966073939519E-008) (  2.2976845946931057     , 0.98777191401519626     )
   19.150585000000000        1.2500000000000000     
 (  19.068591824838840     ,  7.5465267339040540     ) (  19.161818758687531     ,  7.9751000611865255     )
 ( -2.2799735330735516     , -1.0397898655638091     ) ( -1.9944331222118530E-007, -7.2354686353769677E-008) ( -1.9944300222627691E-007, -7.2354676376990586E-008) (  2.3298925278427389     ,  1.0453384118846183     )
   19.200580000000002        1.2500000000000000     
 (  19.204388641504480     ,  7.6375869029432559     ) (  19.295045281432838     ,  8.0684652711469216     )
 ( -2.3113947738889369     , -1.0972454220413506     ) ( -2.0234266562504796E-007, -7.7195662026929576E-008) ( -2.0234234600365512E-007, -7.7195651736771707E-008) (  2.3613632805498534     ,  1.1033655117676449     )
   19.250575000000001        1.2500000000000000     
 (  19.340484105959771     ,  7.7293165269165636     ) (  19.428554980389986     ,  8.1624480481038422     )
 ( -2.3420460972193338     , -1.1551690433234654     ) ( -2.0517999718763358E-007, -8.2082579649987358E-008) ( -2.0517966747149829E-007, -8.2082569022011666E-008) (  2.3920818423706267     ,  1.1618364529264851     )
   19.300570000000000        1.2500000000000000     
 (  19.476876235356297     ,  7.8217104694988056     ) (  19.562348255278444     ,  8.2570425551063948     )
 ( -2.3719094496803086     , -1.2135428738971883     ) ( -2.0795371039411359E-007, -8.7014068602130095E-008) ( -2.0795336988226467E-007, -8.7014057593459853E-008) (  2.4220324510955704     ,  1.2207337503788851     )
   19.350565000000000        1.2500000000000000     
 (  19.613563982674496     ,  7.9147620046680718     ) (  19.696424614970766     ,  8.3522424622522138     )
 ( -2.4009693863918287     , -1.2723477935527152     ) ( -2.1066230670237159E-007, -9.1988665176268741E-008) ( -2.1066195497696058E-007, -9.1988653805074723E-008) (  2.4512011069756832     ,  1.2800395054116018     )
   19.400560000000002        1.2500000000000000     
 (  19.750546437660955     ,  8.0084655330768832     ) (  19.830785749777515     ,  8.4480420352311327     )
 ( -2.4292081493891251     , -1.3315648070483006     ) ( -2.1330419695359211E-007, -9.7004896560538923E-008) ( -2.1330383371559693E-007, -9.7004884785465818E-008) (  2.4795720515783555     ,  1.3397355192892757     )
   19.450555000000001        1.2500000000000000     
 (  19.887823498087830     ,  8.1028158064370697     ) (  19.965432799867624     ,  8.5444358165844836     )
 ( -2.4566110092473115     , -1.3911756448905914     ) ( -2.1587793237481868E-007, -1.0206137556121113E-007) ( -2.1587755717599114E-007, -1.0206136340197404E-007) (  2.5071313550754786     ,  1.3998046781367279     )
   19.500550000000000        1.2500000000000000     
 (  20.025394720110043     ,  8.1978059653540303     ) (  20.100366852793545     ,  8.6414177673766126     )
 ( -2.4831616798567944     , -1.4511589482418583     ) ( -2.1838205965567437E-007, -1.0715641217467391E-007) ( -2.1838167251381927E-007, -1.0715639962585789E-007) (  2.5338652496186094     ,  1.4602267558778121     )
   19.550545000000000        1.2500000000000000     
 (  20.163260247881713     ,  8.2934311388813544     ) (  20.235590039009459     ,  8.7389823356460834     )
 ( -2.5088451087516339     , -1.5114961517717662     ) ( -2.2081515710487242E-007, -1.1228857569886098E-007) ( -2.2081475712777315E-007, -1.1228856274787973E-007) (  2.5597603245747065     ,  1.5209841632021843     )
   19.600540000000002        1.2500000000000000     
 (  20.301420882521320     ,  8.3896845901358166     ) (  20.371104746421882     ,  8.8371236660794033     )
 ( -2.5336461351156738     , -1.5721661110989136     ) ( -2.2317578475596825E-007, -1.1745621854047859E-007) ( -2.2317537228959152E-007, -1.1745620513210223E-007) (  2.5848030538768310     ,  1.5820574176765552     )
   19.650535000000001        1.2500000000000000     
 (  20.439877432900076     ,  8.4865608928851373     ) (  20.506912968872690     ,  8.9358359852999936     )
 ( -2.5575503846755123     , -1.6331488785905179     ) ( -2.2546254040207191E-007, -1.2265778071138076E-007) ( -2.2546211424110912E-007, -1.2265776679560789E-007) (  2.6089801127141894     ,  1.6434277918035951     )
   19.700530000000001        1.2500000000000000     
 (  20.578631136408287     ,  8.5840538458240552     ) (  20.643017402233838     ,  9.0351142495525565     )
 ( -2.5805441971819896     , -1.6944223260156046     ) ( -2.2767413415332118E-007, -1.2789147548393517E-007) ( -2.2767369414070173E-007, -1.2789146112606256E-007) (  2.6322795963827961     ,  1.7050746550299818     )
   19.750525000000000        1.2500000000000000     
 (  20.717684104558757     ,  8.6821582305432177     ) (  20.779421889953550     ,  9.1349527791159328     )
 ( -2.6026134825779974     , -1.7559663917801012     ) ( -2.2980917621327349E-007, -1.3315577068146526E-007) ( -2.2980872229282145E-007, -1.3315575565495548E-007) (  2.6546883247811346     ,  1.7669794962537764     )
   19.800520000000002        1.2500000000000000     
 (  20.857037448498271     ,  8.7808679709489503     ) (  20.916128632890199     ,  9.2353466860575750     )
 ( -2.6237446186682627     , -1.8177583718657426     ) ( -2.3186640012170663E-007, -1.3844882961864556E-007) ( -2.3186593105675934E-007, -1.3844881415515959E-007) (  2.6761950678397475     ,  1.8291213213676767     )
   19.850515000000001        1.2500000000000000     
 (  20.996694060084589     ,  8.8801777946589446     ) (  21.053142312490490     ,  9.3362906036822810     )
 ( -2.6439245267281963     , -1.8797778635704856     ) ( -2.3384451179138260E-007, -1.4376904855308444E-007) ( -2.3384402775724606E-007, -1.4376903255777027E-007) (  2.6967872644922912     ,  1.8914814133895355     )
   19.900510000000001        1.2500000000000000     
 (  21.136656182712148     ,  8.9800813898814464     ) (  21.190466759781366     ,  9.4377793130280772     )
 ( -2.6631408994795174     , -1.9420009173243176     ) ( -2.3574227236191272E-007, -1.4911449322637674E-007) ( -2.3574177344830547E-007, -1.4911447679424758E-007) (  2.7164541323647917     ,  1.9540378171996295     )
   19.950505000000000        1.2500000000000000     
 (  21.276926857225746     ,  9.0805741203151555     ) (  21.328105492979589     ,  9.5398082724902373     )
 ( -2.6813820524074647     , -2.0044067945916626     ) ( -2.3755852275018728E-007, -1.5448351609453829E-007) ( -2.3755800740853224E-007, -1.5448349911514953E-007) (  2.7351847565469778     ,  2.0167713732497523     )
   20.000500000000002        1.2500000000000000     
 (  21.417509905575994     ,  9.1816505997186741     ) (  21.466064525207376     ,  9.6423726781391466     )
 ( -2.6986355355786515     , -2.0669726185055612     ) ( -2.3929202022107929E-007, -1.5987428937312517E-007) ( -2.3929148902010768E-007, -1.5987427183379292E-007) (  2.7529681493936802     ,  2.0796614287133908     )
   20.050495000000002        1.2500000000000000     
 (  21.558408121996145     ,  9.2833053869664930     ) (  21.604347079431392     ,  9.7454679861666786     )
 ( -2.7148901875667746     , -2.1296746120136967     ) ( -2.4094163525214841E-007, -1.6528485297497580E-007) ( -2.4094108656868639E-007, -1.6528483479855984E-007) (  2.7697937515828492     ,  2.1426859060171459     )
   20.100490000000001        1.2500000000000000     
 (  21.699626080284720     ,  9.3855336944376084     ) (  21.742959803165725     ,  9.8490903848082976     )
 ( -2.7301347241272649     , -2.1924901656729903     ) ( -2.4250624089606539E-007, -1.7071339400969162E-007) ( -2.4250567462094291E-007, -1.7071337514534425E-007) (  2.7856519250124028     ,  2.2058245504638938     )
   20.150485000000000        1.2500000000000000     
 (  21.841167759110512     ,  9.4883305938517104     ) (  21.881906637882796     ,  9.9532349238015918     )
 ( -2.7443592810197468     , -2.2553963678732827     ) ( -2.4398479549895833E-007, -1.7615806707019782E-007) ( -2.4398421208110417E-007, -1.7615804771154637E-007) (  2.8005330709116114     ,  2.2690565422881113     )
   20.200480000000002        1.2500000000000000     
 (  21.983037867589253     ,  9.5916917425192985     ) (  22.021194411514227     ,  10.057898472354765     )
 ( -2.7575533358464366     , -2.3183695383534637     ) ( -2.4537619314971455E-007, -1.8161692431210937E-007) ( -2.4537559121015204E-007, -1.8161690495832439E-007) (  2.8144271093587045     ,  2.3323602372795205     )
   20.250475000000002        1.2500000000000000     
 (  22.125241345008337     ,  9.6956126988369888     ) (  22.160828818456192     ,  10.163077205786616     )
 ( -2.7697074788647469     , -2.3813855247004683     ) ( -2.4667948197355326E-007, -1.8708798521659229E-007) ( -2.4667886139181058E-007, -1.8708796446596790E-007) (  2.8273260387366488     ,  2.3957136753415380     )
   20.300470000000001        1.2500000000000000     
 (  22.267783218224068     ,  9.8000894745133778     ) (  22.300815535036033     ,  10.268767591912255     )
 ( -2.7808124417209572     , -2.4444215644030987     ) ( -2.4789363216863528E-007, -1.9256939714215393E-007) ( -2.4789299251294804E-007, -1.9256937560605199E-007) (  2.8392203111035985     ,  2.4590964503783734     )
   20.350465000000000        1.2500000000000000     
 (  22.410669085067735     ,  9.9051174298029707     ) (  22.441161742989188     ,  10.374966136502726     )
 ( -2.7908589859009716     , -2.5074528637623845     ) ( -2.4901766532681256E-007, -1.9805911642380725E-007) ( -2.4901700494928928E-007, -1.9805909419483037E-007) (  2.8501017772134070     ,  2.5224863158955113     )
   20.400459999999999        1.2500000000000000     
 (  22.553904208215265     ,  10.010693134637025     ) (  22.581872942714146     ,  10.481670350377721     )
 ( -2.7998388066524993     , -2.5704549643495977     ) ( -2.5005071022173584E-007, -2.0355510490277193E-007) ( -2.5005003001752992E-007, -2.0355508193684467E-007) (  2.8599619993650616     ,  2.5858609338308027     )
   20.450454999999998        1.2500000000000000     
 (  22.697495190495189     ,  10.116813662152746     ) (  22.722956668462597     ,  10.588877711155616     )
 ( -2.8077442492978992     , -2.6334041697920703     ) ( -2.5099188726694753E-007, -2.0905541912705613E-007) ( -2.5099118554510473E-007, -2.0905539529469673E-007) (  2.8687940954123978     ,  2.6491991485343971     )
   20.500450000000001        1.2500000000000000     
 (  22.841447961425203     ,  10.223474837419056     ) (  22.864420263421650     ,  10.696584868506015     )
 ( -2.8145678052254355     , -2.6962756886775692     ) ( -2.5184034896411228E-007, -2.1455799612106800E-007) ( -2.5183962559349875E-007, -2.1455797154564992E-007) (  2.8765905955665652     ,  2.7124785333552861     )
   20.550445000000000        1.2500000000000000     
 (  22.985768714148218     ,  10.330674441041472     ) (  23.006269927845253     ,  10.804790539258889     )
 ( -2.8203019463670125     , -2.7590448693250926     ) ( -2.5259523217364105E-007, -2.2006077780434443E-007) ( -2.5259448634638955E-007, -2.2006075231299088E-007) (  2.8833432020925334     ,  2.7756769484408181     )
   20.600439999999999        1.2500000000000000     
 (  23.130465082844925     ,  10.438409981667482     ) (  23.148514384826452     ,  10.913493086951465     )
 ( -2.8249407489508278     , -2.8216870694583647     ) ( -2.5325585108761816E-007, -2.2556171374513031E-007) ( -2.5325508212226172E-007, -2.2556168740910979E-007) (  2.8890469533797960     ,  2.8387722554255470     )
   20.650434999999998        1.2500000000000000     
 (  23.275543235395819     ,  10.546678666667161     ) (  23.291160840980112     ,  11.022690387554688     )
 ( -2.8284769922040609     , -2.8841776362080371     ) ( -2.5382141332883478E-007, -2.3105871863669464E-007) ( -2.5382062075074500E-007, -2.3105869139716739E-007) (  2.8936947085230265     ,  2.9017422051133033     )
   20.700430000000001        1.2500000000000000     
 (  23.421010347875825     ,  10.655478687814817     ) (  23.434216370831006     ,  11.132381405198126     )
 ( -2.8309053256516461     , -2.9464910372599369     ) ( -2.5429117454022634E-007, -2.3654965644202931E-007) ( -2.5429035733435779E-007, -2.3654962832219284E-007) (  2.8972795587360851     ,  2.9645638765981981     )
   20.750425000000000        1.2500000000000000     
 (  23.566874803246684     ,  10.764808416273095     ) (  23.577689839275816     ,  11.242565131000585     )
 ( -2.8322208588691362     , -3.0086027612003550     ) ( -2.5466453941632387E-007, -2.4203247123815588E-007) ( -2.5466369819108052E-007, -2.4203244214536273E-007) (  2.8997966979424543     ,  3.0272153450946573     )
   20.800419999999999        1.2500000000000000     
 (  23.713142232388996     ,  10.874666224928838     ) (  23.721588471980528     ,  11.353241062027015     )
 ( -2.8324176706523927     , -3.0704872130050083     ) ( -2.5494082961714907E-007, -2.4750497805283020E-007) ( -2.5493996182158744E-007, -2.4750494748963339E-007) (  2.9012405280221372     ,  3.0896734508355914     )
   20.850414999999998        1.2500000000000000     
 (  23.859821492908218     ,  10.985051370414146     ) (  23.865920826919684     ,  11.464409037898122     )
 ( -2.8314915874803881     , -3.1321191249518701     ) ( -2.5511945079145947E-007, -2.5296504646554233E-007) ( -2.5511855743472751E-007, -2.5296501613473594E-007) (  2.9016056976231028     ,  3.1519156548429703     )
   20.900410000000001        1.2500000000000000     
 (  24.006921186295205     ,  11.095962993830225     ) (  24.010695934540326     ,  11.576068525860116     )
 ( -2.8294394476622280     , -3.1934739209537413     ) ( -2.5519987920202587E-007, -2.5841057641313738E-007) ( -2.5519895807839220E-007, -2.5841054423651353E-007) (  2.9008877180964885     ,  3.2139195242305161     )
   20.950405000000000        1.2500000000000000     
 (  24.154447985816162     ,  11.207400819325651     ) (  24.155921102394043     ,  11.688220349659584     )
 ( -2.8262565739985459     , -3.2545254259687790     ) ( -2.5518154865514440E-007, -2.6383936081606269E-007) ( -2.5518060024373012E-007, -2.6383932731235722E-007) (  2.8990820358293221     ,  3.2756619332991388     )
   21.000399999999999        1.2500000000000000     
 (  24.302410245215704     ,  11.319364958216791     ) (  24.301605474746509     ,  11.800865275160143     )
 ( -2.8219394402938334     , -3.3152479367215473     ) ( -2.5506398991913755E-007, -2.6924918051920965E-007) ( -2.5506301286286455E-007, -2.6924914658842302E-007) (  2.8961844886171106     ,  3.3371194425640303     )
   21.050394999999998        1.2500000000000000     
 (  24.450817176067979     ,  11.431855097014250     ) (  24.447758274184373     ,  11.914003722036902     )
 ( -2.8164863659902339     , -3.3756167018465062     ) ( -2.5484675925302984E-007, -2.7463791939411103E-007) ( -2.5484575229348281E-007, -2.7463788369949810E-007) (  2.8921912868215278     ,  3.3982701038832399     )
   21.100390000000001        1.2500000000000000     
 (  24.599676446149378     ,  11.544873103885049     ) (  24.594387081329138     ,  12.027638008005455     )
 ( -2.8098948562243056     , -3.4356052753377004     ) ( -2.5452946003314487E-007, -2.8000331134987708E-007) ( -2.5452842259636565E-007, -2.8000327550423420E-007) (  2.8870991036037155     ,  3.4590896638216004     )
   21.150385000000000        1.2500000000000000     
 (  24.748996101290338     ,  11.658419692411773     ) (  24.741501333213229     ,  12.141769174346894     )
 ( -2.8021622911058026     , -3.4951887851342476     ) ( -2.5411167904358275E-007, -2.8534320379170535E-007) ( -2.5411061137033200E-007, -2.8534316555533458E-007) (  2.8809047490927813     ,  3.5195559180858198     )
   21.200379999999999        1.2500000000000000     
 (  24.898784992643460     ,  11.772495822988311     ) (  24.889109152245826     ,  12.256399099288350     )
 ( -2.7932875176748500     , -3.5543410757735496     ) ( -2.5359313092184868E-007, -2.9065534869958468E-007) ( -2.5359203102889721E-007, -2.9065530924637358E-007) (  2.8736049448472056     ,  3.5796450898785293     )
   21.250374999999998        1.2500000000000000     
 (  25.049052454020313     ,  11.887104136803293     ) (  25.037220878422158     ,  12.371530949723654     )
 ( -2.7832696010535591     , -3.6130371632697820     ) ( -2.5297349188931284E-007, -2.9593758078788384E-007) ( -2.5297235899246760E-007, -2.9593753966028427E-007) (  2.8651980801069747     ,  3.6393347369347966     )
   21.300370000000001        1.2500000000000000     
 (  25.199805541627519     ,  12.002246729549855     ) (  25.185843426377868     ,  12.487167411122822     )
 ( -2.7721083369503599     , -3.6712499936430558     ) ( -2.5225250266404585E-007, -3.0118752700436411E-007) ( -2.5225133502501259E-007, -3.0118748455680912E-007) (  2.8556813247838488     ,  3.6986001227893843     )
   21.350365000000000        1.2500000000000000     
 (  25.351054072528580     ,  12.117925960301285     ) (  25.334987321911289     ,  12.603311096067825     )
 ( -2.7598027322610679     , -3.7289548306676119     ) ( -2.5142992863092326E-007, -3.0640307142943592E-007) ( -2.5142872646292209E-007, -3.0640302770607180E-007) (  2.8450526975027541     ,  3.7574190734334989     )
   21.400359999999999        1.2500000000000000     
 (  25.502805503988345     ,  12.234145382797871     ) (  25.484660342993635     ,  12.719965865256238     )
 ( -2.7463536899700824     , -3.7861252253567259     ) ( -2.5050562688070981E-007, -3.1158190332946734E-007) ( -2.5050439159930929E-007, -3.1158185854818962E-007) (  2.8333115466651524     ,  3.8157672528701205     )
   21.450354999999998        1.2500000000000000     
 (  25.655070464740870     ,  12.350908173774323     ) (  25.634873272009727     ,  12.837135580891593     )
 ( -2.7317622666914660     , -3.8427361477135964     ) ( -2.4947947342683793E-007, -3.1672182490345428E-007) ( -2.4947819979915156E-007, -3.1672177805826823E-007) (  2.8204566809734000     ,  3.8736222023201163     )
   21.500350000000001        1.2500000000000000     
 (  25.807855787616248     ,  12.468218196730152     ) (  25.785632596293013     ,  12.954824593681121     )
 ( -2.7160288798603802     , -3.8987608137148144     ) ( -2.4835129524177969E-007, -3.2182047867473972E-007) ( -2.4834998492519807E-007, -3.2182043000313495E-007) (  2.8064859946699219     ,  3.9309591963440580     )
   21.550345000000000        1.2500000000000000     
 (  25.961170190771568     ,  12.586080364538667     ) (  25.936947836635742     ,  13.073037383816322     )
 ( -2.6991550473245058     , -3.9541744543236002     ) ( -2.4712104294978485E-007, -3.2687570959793599E-007) ( -2.4711969407349271E-007, -3.2687565946517832E-007) (  2.7913998967074267     ,  3.9877554743764714     )
   21.600339999999999        1.2500000000000000     
 (  26.115023413034347     ,  12.704498177719552     ) (  26.088828808519125     ,  13.191778676151920     )
 ( -2.6811443703262703     , -4.0089500541657186     ) ( -2.4578878764838093E-007, -3.3188514070117201E-007) ( -2.4578739794195115E-007, -3.3188508929057409E-007) (  2.7751991621833514     ,  4.0439866790852852     )
   21.650334999999998        1.2500000000000000     
 (  26.269422103888903     ,  12.823477545128084     ) (  26.241283283225382     ,  13.311054069522164     )
 ( -2.6619974971250597     , -4.0630629884175349     ) ( -2.4435445640069995E-007, -3.3684657703955080E-007) ( -2.4435302654500567E-007, -3.3684652342370789E-007) (  2.7578828158404201     ,  4.0996296849473355     )
   21.700330000000001        1.2500000000000000     
 (  26.424374941214520     ,  12.943023619170225     ) (  26.394319925689850     ,  13.430869217326547     )
 ( -2.6417182300574518     , -4.1164864861680517     ) ( -2.4281813636249248E-007, -3.4175768431843539E-007) ( -2.4281666370798441E-007, -3.4175762865108599E-007) (  2.7394516012568246     ,  4.1546602536038568     )
   21.750325000000000        1.2500000000000000     
 (  26.579873876733380     ,  13.063141514770988     ) (  26.547948540523940     ,  13.551229828391198     )
 ( -2.6203288718551803     , -4.1691961322051840     ) ( -2.4118012154952629E-007, -3.4661625220890673E-007) ( -2.4118027744530808E-007, -3.4661626286911738E-007) (  2.7198977150351560     ,  4.2090551569389616     )
   21.800319999999999        1.2500000000000000     
 (  26.735960475156666     ,  13.183838925586171     ) (  26.702175265224067     ,  13.672142713558040     )
 ( -2.5977966824812455     , -4.2211643524682314     ) ( -2.3944015511371381E-007, -3.5141991701240032E-007) ( -2.3944031606636510E-007, -3.5141992799667419E-007) (  2.6992400823567246     ,  4.2627898201781118     )
   21.850314999999998        1.2500000000000000     
 (  26.892626171515502     ,  13.305122211779363     ) (  26.857010495422347     ,  13.793614941432393     )
 ( -2.5741435598645843     , -4.2723664403244053     ) ( -2.3759864186054297E-007, -3.5616642371470632E-007) ( -2.3759880650604008E-007, -3.5616643504675657E-007) (  2.6774717512117978     ,  4.3158408382219378     )
   21.900310000000001        1.2500000000000000     
 (  27.049877610868929     ,  13.426997913001255     ) (  27.012461037993418     ,  13.915653587450461     )
 ( -2.5493744038233794     , -4.3227766935163547     ) ( -2.3565578297671968E-007, -3.6085351193552236E-007) ( -2.3565595453631590E-007, -3.6085352364513717E-007) (  2.6545950121285729     ,  4.3681845756518731     )
   21.950305000000000        1.2500000000000000     
 (  27.207723853741619     ,  13.549473567503174     ) (  27.168534908588907     ,  14.038265416457335     )
 ( -2.5234947521922058     , -4.3723694841561427     ) ( -2.3361180788653499E-007, -3.6547887991338080E-007) ( -2.3361198401076651E-007, -3.6547889199646625E-007) (  2.6306112905627907     ,  4.4197965558914634     )
   22.000299999999999        1.2500000000000000     
 (  27.366171426492272     ,  13.672556693798871     ) (  27.325241635264259     ,  14.161458871365170     )
 ( -2.4965104590010792     , -4.4211186652324779     ) ( -2.3146711855108093E-007, -3.7004021026014649E-007) ( -2.3146730081119622E-007, -3.7004022294815000E-007) (  2.6055246865573523     ,  4.4706529015047538     )
   22.050295000000002        1.2500000000000000     
 (  27.525228222895439     ,  13.796255164778257     ) (  27.482587182190517     ,  14.285241408500699     )
 ( -2.4684276746955049     , -4.4689989510729440     ) ( -2.2922199516074628E-007, -3.7453521614795768E-007) ( -2.2922218329143544E-007, -3.7453522894581697E-007) (  2.5793374412407104     ,  4.5207291438171806     )
   22.100290000000001        1.2500000000000000     
 (  27.684900176842916     ,  13.920578646666490     ) (  27.640579935921380     ,  14.409622948904159     )
 ( -2.4392534862940307     , -4.5159852345671849     ) ( -2.2687691477086227E-007, -3.7896165288621056E-007) ( -2.2687710852639902E-007, -3.7896166612489893E-007) (  2.5520540170844477     ,  4.5700019928012257     )
   22.150285000000000        1.2500000000000000     
 (  27.845194836775818     ,  14.045534468091640     ) (  27.799227156947381     ,  14.534610666439542     )
 ( -2.4089943954158373     , -4.5620514855784640     ) ( -2.2443224121164480E-007, -3.8331718843213317E-007) ( -2.2443244095273569E-007, -3.8331720210380631E-007) (  2.5236779807688960     ,  4.6184466349018853     )
   22.200279999999999        1.2500000000000000     
 (  28.006118301459402     ,  14.171132831576077     ) (  27.958535924035587     ,  14.660215059164416     )
 ( -2.3776582101270614     , -4.6071733546591718     ) ( -2.2188846596868925E-007, -3.8759962594686067E-007) ( -2.2188867234504815E-007, -3.8759964003859508E-007) (  2.4942131476676521     ,  4.6660400512233497     )
   22.250275000000002        1.2500000000000000     
 (  28.167677594221203     ,  14.297382922664092     ) (  28.118513465499547     ,  14.786444926491917     )
 ( -2.3452532519218594     , -4.6513248638479414     ) ( -2.1924611918712364E-007, -3.9180663674516859E-007) ( -2.1924633202805174E-007, -3.9180665130577904E-007) (  2.4636647054505434     ,  4.7127572135787643     )
   22.300270000000001        1.2500000000000000     
 (  28.329877818814612     ,  14.424293815379425     ) (  28.279165505852376     ,  14.913309765224316     )
 ( -2.3117885910325837     , -4.6944803301368410     ) ( -2.1650577701304924E-007, -3.9593589666327415E-007) ( -2.1650599665900778E-007, -3.9593591165654373E-007) (  2.4320379151032747     ,  4.7585738522778884     )
   22.350265000000000        1.2500000000000000     
 (  28.492724253179173     ,  14.551877247890522     ) (  28.440499996654452     ,  15.040821191193746     )
 ( -2.2772729939287526     , -4.7366160472368568     ) ( -2.1366807982726005E-007, -3.9998523457064265E-007) ( -2.1366830511481788E-007, -3.9998525001352383E-007) (  2.3993388865825507     ,  4.8034668699257406     )
   22.400259999999999        1.2500000000000000     
 (  28.656223374697138     ,  14.680141662533428     ) (  28.602521861371670     ,  15.168987739337688     )
 ( -2.2417168376642675     , -4.7777055898957741     ) ( -2.1073375619000805E-007, -4.0395229625915617E-007) ( -2.1073398952594081E-007, -4.0395231217440163E-007) (  2.3655734019147800     ,  4.8474108753715459     )
   22.450255000000002        1.2500000000000000     
 (  28.820379384878574     ,  14.809099609033179     ) (  28.765237902613578     ,  15.297821543732484     )
 ( -2.2051289469746842     , -4.8177254441849673     ) ( -2.0770333360431138E-007, -4.0783492041211845E-007) ( -2.0770357414172305E-007, -4.0783493683062447E-007) (  2.3307470737873417     ,  4.8903824467770454     )
   22.500250000000001        1.2500000000000000     
 (  28.985198064152939     ,  14.938761862856463     ) (  28.928653137952342     ,  15.427333858340987     )
 ( -2.1675215648802610     , -4.8566504002261182     ) ( -2.0457776410723907E-007, -4.1163082803940347E-007) ( -2.0457801246338516E-007, -4.1163084519273100E-007) (  2.2948685329080019     ,  4.9323578059880502     )
   22.550245000000000        1.2500000000000000     
 (  29.150681650583376     ,  15.069137907069344     ) (  29.092772792231806     ,  15.557534602985434     )
 ( -2.1289054784903803     , -4.8944551783150638     ) ( -2.0135777217602151E-007, -4.1533773094207919E-007) ( -2.0135802793350092E-007, -4.1533774836758201E-007) (  2.2579442123136748     ,  4.9733121626231869     )
   22.600239999999999        1.2500000000000000     
 (  29.316836425960805     ,  15.200241365644530     ) (  29.257603143641425     ,  15.688436711648267     )
 ( -2.0892910252430092     , -4.9311163612826130     ) ( -1.9804410034022837E-007, -4.1895346758413897E-007) ( -1.9804436388812253E-007, -4.1895348557675343E-007) (  2.2199815116988688     ,  5.0132217705843631     )
   22.650235000000002        1.2500000000000000     
 (  29.483663976353981     ,  15.332082598550455     ) (  29.423147426318209     ,  15.820050948992263     )
 ( -2.0486926243086572     , -4.9666089661363912     ) ( -1.9463785296895822E-007, -4.2247578064965966E-007) ( -1.9463812340440436E-007, -4.2247579899771816E-007) (  2.1809895502924688     ,  5.0520625441103455     )
   22.700230000000001        1.2500000000000000     
 (  29.651169356325109     ,  15.464674346102589     ) (  29.589411108038185     ,  15.952390332247973     )
 ( -2.0071226083204108     , -5.0009092652380227     ) ( -1.9113984889044906E-007, -4.2590246988523004E-007) ( -1.9114012889034846E-007, -4.2590248898185073E-007) (  2.1409773840990831     ,  5.0898101864417633     )
   22.750225000000000        1.2500000000000000     
 (  29.819354231311710     ,  15.598028901242104     ) (  29.756397730417042     ,  16.085467252586788     )
 ( -1.9645937615216662     , -5.0339933632837939     ) ( -1.8755117010176634E-007, -4.2923135913529979E-007) ( -1.8755145852415424E-007, -4.2923137878714243E-007) (  2.0999541588721615     ,  5.1264413841684506     )
   22.800219999999999        1.2500000000000000     
 (  29.988220679833219     ,  15.732157477361133     ) (  29.924110596420753     ,  16.219292931348107     )
 ( -1.9211199724381038     , -5.0658368070700952     ) ( -1.8387279181967172E-007, -4.3246022748591763E-007) ( -1.8387308918287206E-007, -4.3246024772832111E-007) (  2.0579288138679601     ,  5.1619314519442945     )
   22.850215000000002        1.2500000000000000     
 (  30.157771944766086     ,  15.867074267728327     ) (  30.092554659398342     ,  16.353882309888956     )
 ( -1.8767160929219082     , -5.0964173625856679     ) ( -1.8010576441225692E-007, -4.3558699863866164E-007) ( -1.8010607093203014E-007, -4.3558701943617489E-007) (  2.0149122472371528     ,  5.1962575840884355     )
   22.900210000000001        1.2500000000000000     
 (  30.328008432219001     ,  16.002791542709407     ) (  30.261730976760969     ,  16.489247698968533     )
 ( -1.8313964082211460     , -5.1257112877990236     ) ( -1.7625129124311815E-007, -4.3860949589175391E-007) ( -1.7625160702755683E-007, -4.3860951735504707E-007) (  1.9709154165258980     ,  5.2293956811962143     )
   22.950205000000000        1.2500000000000000     
 (  30.498932097572769     ,  16.139321473019344     ) (  30.431643559241294     ,  16.625401669611868     )
 ( -1.7851774520240054     , -5.1536946054780959     ) ( -1.7231057159709805E-007, -4.4152548485755817E-007) ( -1.7231089674721200E-007, -4.4152550694613841E-007) (  1.9259492977251591     ,  5.2613209838375248     )
   23.000200000000000        1.2500000000000000     
 (  30.670543343964024     ,  16.276677118830392     ) (  30.602294857382084     ,  16.762358234745751     )
 ( -1.7380749464691410     , -5.1803448698938679     ) ( -1.6828484853406325E-007, -4.4433293332012568E-007) ( -1.6828518253766478E-007, -4.4433295500814029E-007) (  1.8800263192641515     ,  5.2920109746926842     )
   23.050195000000002        1.2500000000000000     
 (  30.842841819658062     ,  16.414872139036436     ) (  30.773685000782045     ,  16.900130448094565     )
 ( -1.6901053702295841     , -5.2056395177319024     ) ( -1.6417539637692564E-007, -4.4702970635947294E-007) ( -1.6417574025957508E-007, -4.4702972973102085E-007) (  1.8331579457527385     ,  5.3214415419144769     )
   23.100190000000001        1.2500000000000000     
 (  31.015827913097372     ,  16.553920423809561     ) (  30.945816886075235     ,  17.038733712233888     )
 ( -1.6412870971841589     , -5.2295569679607645     ) ( -1.5998362310150641E-007, -4.4961380704510573E-007) ( -1.5998397901847611E-007, -4.4961383116416900E-007) (  1.7853589056928012     ,  5.3495900756096857     )
   23.150185000000000        1.2500000000000000     
 (  31.189500817854999     ,  16.693833949271088     ) (  31.118690697453271     ,  17.178180627212136     )
 ( -1.5916364041190281     , -5.2520748542749560     ) ( -1.5571078944953522E-007, -4.5208316052935582E-007) ( -1.5571115578587022E-007, -4.5208318485727555E-007) (  1.7366402467778022     ,  5.3764333528980535     )
   23.200180000000000        1.2500000000000000     
 (  31.363859312197860     ,  16.834626660177221     ) (  31.292308056663121     ,  17.318485444743683     )
 ( -1.5411726257262208     , -5.2731711311310168     ) ( -1.5135848366323360E-007, -4.5443571758787471E-007) ( -1.5135886105039414E-007, -4.5443574327854297E-007) (  1.6870179449784970     ,  5.4019476875432613     )
   23.250175000000002        1.2500000000000000     
 (  31.538901683999377     ,  16.976311727902470     ) (  31.466668072087803     ,  17.459662317932786     )
 ( -1.4899139256255753     , -5.2928245882937128     ) ( -1.4692809203851487E-007, -4.5666947957310566E-007) ( -1.4692847882413364E-007, -4.5666950597843892E-007) (  1.6365053187221641     ,  5.4261106088888003     )
   23.300170000000001        1.2500000000000000     
 (  31.714626053552895     ,  17.118902484344698     ) (  31.641770665432770     ,  17.601726075775357     )
 ( -1.4378804201689843     , -5.3110135635985953     ) ( -1.4242113555535285E-007, -4.5878241911703340E-007) ( -1.4242153662210003E-007, -4.5878244610607903E-007) (  1.5851174616985368     ,  5.4488985014748845     )
   23.350165000000001        1.2500000000000000     
 (  31.891029198047484     ,  17.262413151402104     ) (  31.817615433697313     ,  17.744691115922016     )
 ( -1.3850924330663337     , -5.3277189901383979     ) ( -1.3783937127614350E-007, -4.6077272228386752E-007) ( -1.3783978354678621E-007, -4.6077275004836832E-007) (  1.5328717409046033     ,  5.4702903814284474     )
   23.400160000000003        1.2500000000000000     
 (  32.068108501787449     ,  17.406856407341476     ) (  31.994200568492065     ,  17.888571563806362     )
 ( -1.3315704129014723     , -5.3429183819614119     ) ( -1.3318425950332569E-007, -4.6263827687756453E-007) ( -1.3318468418182015E-007, -4.6263830455657996E-007) (  1.4797825094380148     ,  5.4902617024679001     )
   23.450154999999999        1.2500000000000000     
 (  32.245860091250726     ,  17.552245728146467     ) (  32.171525297070389     ,  18.033382596394048     )
 ( -1.2773348223739982     , -5.3565938118797645     ) ( -1.2845760578406877E-007, -4.6437736803897602E-007) ( -1.2845804290300564E-007, -4.6437739740696006E-007) (  1.4258672011272455     ,  5.5087923695336141     )
   23.500149999999998        1.2500000000000000     
 (  32.424280906301405     ,  17.698594309307282     ) (  32.349587117094060     ,  18.179138241047053     )
 ( -1.2224085275863745     , -5.3687250627098937     ) ( -1.2366112710169779E-007, -4.6598811110288569E-007) ( -1.2366157673819023E-007, -4.6598814165923159E-007) (  1.3711439110699053     ,  5.5258599938089823     )
   23.550145000000001        1.2500000000000000     
 (  32.603364895635984     ,  17.845915655795896     ) (  32.528383124635951     ,  18.325853754295025     )
 ( -1.1668134644444883     , -5.3792926665007279     ) ( -1.1879665104625563E-007, -4.6746862257194547E-007) ( -1.1879711430930019E-007, -4.6746865387268944E-007) (  1.3156301984092615     ,  5.5414421396885185     )
   23.600140000000000        1.2500000000000000     
 (  32.783107499318348     ,  17.994221707034146     ) (  32.707909993549805     ,  18.473542919290235     )
 ( -1.1105724144633438     , -5.3882775261188867     ) ( -1.1386596487445973E-007, -4.6881708782431569E-007) ( -1.1386644190429042E-007, -4.6881711971608797E-007) (  1.2593445838429067     ,  5.5555175710326301     )
   23.650134999999999        1.2500000000000000     
 (  32.963503633735662     ,  18.143527101738620     ) (  32.888165176391965     ,  18.622221392141391     )
 ( -1.0537088382040221     , -5.3956627746815338     ) ( -1.0887102253211872E-007, -4.7003184570173779E-007) ( -1.0887151212870371E-007, -4.7003187795121706E-007) (  1.2023065530478236     ,  5.5680654121590800     )
   23.700129999999998        1.2500000000000000     
 (  33.144547476041666     ,  18.293843419064906     ) (  33.069143624219514     ,  18.771903519797405     )
 (-0.99624716734119267     , -5.4014298083198193     ) ( -1.0381366743817758E-007, -4.7111114061357727E-007) ( -1.0381417298963065E-007, -4.7111117472970174E-007) (  1.1445352603474457     ,  5.5790651752648834     )
   23.750125000000001        1.2500000000000000     
 (  33.326231052337178     ,  18.445183888785245     ) (  33.250841333022080     ,  18.922603788317016     )
 (-0.93821183105486172     , -5.4055624560463622     ) ( -9.8696090529601561E-008, -4.7205334905915188E-007) ( -9.8696610734048534E-008, -4.7205338376373614E-007) (  1.0860528463125336     ,  5.5884959979282449     )
   23.800120000000000        1.2500000000000000     
 (  33.508548907291448     ,  18.597560262425620     ) (  33.433253274635831     ,  19.074336636942594     )
 (-0.87962719942000289     , -5.4080422878288958     ) ( -9.3520051622568256E-008, -4.7285669921432867E-007) ( -9.3520587433706272E-008, -4.7285673488905592E-007) (  1.0268775680629223     ,  5.5963370894758535     )
   23.850114999999999        1.2500000000000000     
 (  33.691493488547664     ,  18.750985579191923     ) (  33.616373962109840     ,  19.227116790778602     )
 (-0.82051954911722080     , -5.4088546019658459     ) ( -8.8287887043217384E-008, -4.7351973738152208E-007) ( -8.8288438250099081E-008, -4.7351977402797638E-007) ( 0.96703393439880136     ,  5.6025695669857605     )
   23.900109999999998        1.2500000000000000     
 (  33.875055576400598     ,  18.905471514831390     ) (  33.800196570738898     ,  19.380959187091932     )
 (-0.76091525997922460     , -5.4079840134413510     ) ( -8.3001619493691445E-008, -4.7404095428719266E-007) ( -8.3002186174192052E-008, -4.7404099193579069E-007) ( 0.90654237454279107     ,  5.6071743014384294     )
   23.950105000000001        1.2500000000000000     
 (  34.059228670899486     ,  19.061029198077147     ) (  33.984716437375184     ,  19.535876772253971     )
 (-0.70084140220479652     , -5.4054142259313593     ) ( -7.7663462835485923E-008, -4.7441872293923244E-007) ( -7.7664046489219398E-008, -4.7441876099566016E-007) ( 0.84542625743801381     ,  5.6101311655198263     )
   24.000100000000000        1.2500000000000000     
 (  34.244003469281282     ,  19.217671073493403     ) (  34.169924965233008     ,  19.691884313976026     )
 (-0.64032386921184326     , -5.4011325581818621     ) ( -7.2275629747166250E-008, -4.7465168925432754E-007) ( -7.2276229901854973E-008, -4.7465172884975240E-007) ( 0.78370929689092272     ,  5.6114217440451428     )
   24.050094999999999        1.2500000000000000     
 (  34.429369607208542     ,  19.375407016354551     ) (  34.355814746680927     ,  19.848996294872741     )
 (-0.57939095415765995     , -5.3951234897929305     ) ( -6.6840338320272743E-008, -4.7473838446032147E-007) ( -6.6840955999817910E-008, -4.7473842543658432E-007) ( 0.72141476381144265     ,  5.6110283774367584     )
   24.100089999999998        1.2500000000000000     
 (  34.615318614749590     ,  19.534249206711138     ) (  34.542378641903021     ,  20.007226003349142     )
 (-0.51807156613858618     , -5.3873754603770303     ) ( -6.1360006415669862E-008, -4.7467751755377861E-007) ( -6.1360641622113351E-008, -4.7467755864498710E-007) ( 0.65856846439002237     ,  5.6089331035109327     )
   24.150085000000001        1.2500000000000000     
 (  34.801840369763916     ,  19.694206728814112     ) (  34.729607467032167     ,  20.166586570728523     )
 (-0.45639304281402665     , -5.3778742964343520     ) ( -5.5836952471225588E-008, -4.7446771593362212E-007) ( -5.5837605762782375E-008, -4.7446775922799852E-007) ( 0.59519492209344371     ,  5.6051179849327655     )
   24.200080000000000        1.2500000000000000     
 (  34.988924006022025     ,  19.855290618861165     ) (  34.917492828677609     ,  20.327091978385408     )
 (-0.39438547634835236     , -5.3666104051757761     ) ( -5.0273554667051788E-008, -4.7410786135988913E-007) ( -5.0274227356968166E-008, -4.7410790475768979E-007) ( 0.53131971582849746     ,  5.5995674886489848     )
   24.250074999999999        1.2500000000000000     
 (  35.176558674735311     ,  20.017511175803726     ) (  35.106024957971428     ,  20.488756659259053     )
 (-0.33207794341616126     , -5.3535714554811697     ) ( -4.4672222585100028E-008, -4.7359667309153420E-007) ( -4.4672914246268786E-008, -4.7359671850340652E-007) ( 0.46696929140929233     ,  5.5922647301808048     )
   24.300069999999998        1.2500000000000000     
 (  35.364733770328193     ,  20.180876077522974     ) (  35.295193540746176     ,  20.651590987840589     )
 (-0.26950004706216896     , -5.3387471271677374     ) ( -3.9035485241212171E-008, -4.7293307595507250E-007) ( -3.9036196963088984E-008, -4.7293312252082805E-007) ( 0.40217162669484940     ,  5.5831940560914903     )
   24.350065000000001        1.2500000000000000     
 (  35.553437931794093     ,  20.345394889102906     ) (  35.484990266643308     ,  20.815609119397440     )
 (-0.20668309293979328     , -5.3221282024033858     ) ( -3.3365870707536581E-008, -4.7211598590980827E-007) ( -3.3366600919477751E-008, -4.7211603383959169E-007) ( 0.33695301135720618     ,  5.5723406700102389     )
   24.400060000000000        1.2500000000000000     
 (  35.742658374363486     ,  20.511077648291227     ) (  35.675401655801110     ,  20.980823530651087     )
 (-0.14365741659900505     , -5.3037060850986508     ) ( -2.7665918789106642E-008, -4.7114439181917363E-007) ( -2.7666669960245554E-008, -4.7114444101152074E-007) ( 0.27134295216967103     ,  5.5596896696815747     )
   24.450054999999999        1.2500000000000000     
 (  35.932383793340378     ,  20.677929613446331     ) (  35.866417909109671     ,  21.147245261288464     )
 ( -8.0454340759809020E-002, -5.2834713082656348     ) ( -2.1938182772051681E-008, -4.7001728705418404E-007) ( -2.1938957317771158E-008, -4.7001733643303934E-007) ( 0.20536849444833211     ,  5.5452267275233211     )
   24.500049999999998        1.2500000000000000     
 (  36.122601934953437     ,  20.845960066198259     ) (  36.058027991275480     ,  21.314886381279806     )
 ( -1.7104909498309197E-002, -5.2614182686078523     ) ( -1.6185334392138482E-008, -4.6873388642855680E-007) ( -1.6186128745322397E-008, -4.6873393823077236E-007) ( 0.13906054674250171     ,  5.5289397531953544     )
   24.550045000000001        1.2500000000000000     
 (  36.313299153589568     ,  21.015176211489340     ) (  36.250218116950826     ,  21.483758736527964     )
 (  4.6358247240462697E-002, -5.2375398187677504     ) ( -1.0410045080733564E-008, -4.6729332514730823E-007) ( -1.0410863693208362E-008, -4.6729337714910370E-007) (  7.2448169783543931E-002,  5.5108150305687786     )
   24.600040000000000        1.2500000000000000     
 (  36.504463027332967     ,  21.185584229330754     ) (  36.442977145316846     ,  21.653872703256269     )
 ( 0.10990346889790195     , -5.2118303976837996     ) ( -4.6149331974750863E-009, -4.6569486676724171E-007) ( -4.6157714999875763E-009, -4.6569492119521435E-007) (  5.5609201101886382E-003,  5.4908414437998658     )
   24.650034999999999        1.2500000000000000     
 (  36.696080434748488     ,  21.357189369494634     ) (  36.636292159872490     ,  21.825238684188541     )
 ( 0.17349810347335876     , -5.1842843415257969     ) (  1.1972383271677151E-009, -4.6393773658997767E-007) (  1.1963743588166183E-009, -4.6393779265483397E-007) ( -6.1569309819030818E-002,  5.4690066899079879     )
   24.700029999999998        1.2500000000000000     
 (  36.888138013797132     ,  21.529998751150977     ) (  36.830148542683659     ,  21.997867765430762     )
 ( 0.23710948501719362     , -5.1548993972166066     ) (  7.0237581202434724E-009, -4.6202146033985758E-007) (  7.0228681825255618E-009, -4.6202151783667358E-007) (-0.12891202088528567     ,  5.4453015423833602     )
   24.750025000000001        1.2500000000000000     
 (  37.080622254084638     ,  21.704016011158949     ) (  37.024533883014385     ,  22.171768317732468     )
 ( 0.30070582853350403     , -5.1236707485304027     ) (  1.2861913721792720E-008, -4.5994534506837243E-007) (  1.2861000311382436E-008, -4.5994540403000603E-007) (-0.19643474169174158     ,  5.4197146182490323     )
   24.800020000000000        1.2500000000000000     
 (  37.273519346748344     ,  21.879246634709634     ) (  37.219434147764950     ,  22.346950728983650     )
 ( 0.36425134460581005     , -5.0905966685929815     ) (  1.8708736403995442E-008, -4.5770896186441314E-007) (  1.8707795699591810E-008, -4.5770902172390594E-007) (-0.26410508902172636     ,  5.3922379894287209     )
   24.850014999999999        1.2500000000000000     
 (  37.466814580280449     ,  22.055693743905810     ) (  37.414834314314170     ,  22.523423113933724     )
 ( 0.42771514212171635     , -5.0556763075787305     ) (  2.4561585957230066E-008, -4.5531191146295424E-007) (  2.4560618425213032E-008, -4.5531197365767008E-007) (-0.33189158693452753     ,  5.3628630394952870     )
   24.900009999999998        1.2500000000000000     
 (  37.660495890852260     ,  22.233361477473078     ) (  37.610719741335089     ,  22.701193987125681     )
 ( 0.49106170249484077     , -5.0189097369947131     ) (  3.0417510219144117E-008, -4.5275393742708493E-007) (  3.0416515511907109E-008, -4.5275400105414122E-007) (-0.39975954590851287     ,  5.3315831114130967     )
   24.950005000000001        1.2500000000000000     
 (  37.854547642696907     ,  22.412251273639548     ) (  37.807076268124646     ,  22.880270983881008     )
 ( 0.55425856719533606     , -4.9802954113897737     ) (  3.6273763696161952E-008, -4.5003461503074309E-007) (  3.6272741949853651E-008, -4.5003468033543600E-007) (-0.46767708329963187     ,  5.2983905279032335     )
   25.000000000000000        1.2500000000000000     
 (  38.048957267982829     ,  22.592367857793782     ) (  38.003887755294635     ,  23.060662013921238     )
 ( 0.61727204244763734     , -4.9398363337120745     ) (  4.2127404178273172E-008, -4.4715381315343260E-007) (  4.2126356735291630E-008, -4.4715387848340362E-007) (-0.53560870805156435     ,  5.2632795140330950     )
