   99.930833333333339     
   243.16000000000000     
   1.2209657746095766        4.8873662826826565E-005
         501           1
 
   66.000000000000000        66.000000000000000     
   2.5000000000000001E-003   1.2500000000000000     
 (  8.5208233607677917E-012,  1.7477086381796368E-015) (  8.7975305453335275E-012,  1.8626734308844473E-015)
 (  8.5208232625149570E-012,  1.7477086164559663E-015) (  3.5782771954568186E-019,  7.5761735878228587E-023) (  3.5782771954568239E-019,  7.5761735878228540E-023) ( -8.7975304446400076E-012, -1.8626734080985724E-015)
   5.2495000000000000E-002   1.2500000000000000     
 (  7.8888904242553769E-008,  1.6181210172394608E-011) (  8.1450768815355342E-008,  1.7245616710648049E-011)
 (  7.8888503159675792E-008,  1.6181121493054346E-011) (  3.3128838520422930E-015,  7.0143852518187979E-019) (  3.3128838520422930E-015,  7.0143852518187969E-019) ( -8.1450357769340547E-008, -1.7245523695261237E-011)
  0.10249000000000000        1.2500000000000000     
 (  5.8709479004449094E-007,  1.2043426597610695E-010) (  6.0616039860792850E-007,  1.2835652818143601E-010)
 (  5.8708341245440938E-007,  1.2043175039039671E-010) (  2.4654287250229319E-014,  5.2206230183604449E-018) (  2.4654287250229316E-014,  5.2206230183604449E-018) ( -6.0614873839057588E-007, -1.2835388959383828E-010)
  0.15248500000000001        1.2500000000000000     
 (  1.9335161387275095E-006,  3.9674539817263884E-010) (  1.9963067672464357E-006,  4.2284385234987583E-010)
 (  1.9334331964789295E-006,  3.9672705960303315E-010) (  8.1193653836092757E-014,  1.7197831233944188E-017) (  8.1193653836092744E-014,  1.7197831233944185E-017) ( -1.9962217646469013E-006, -4.2282461709450442E-010)
  0.20247999999999999        1.2500000000000000     
 (  4.5270630801068008E-006,  9.2942539993266941E-010) (  4.6740806840678131E-006,  9.9056503750920662E-010)
 (  4.5267206695292818E-006,  9.2934969259728846E-010) (  1.9009774786003633E-013,  4.0286706251377985E-017) (  1.9009774786003630E-013,  4.0286706251377979E-017) ( -4.6737297676671214E-006, -9.9048562834457640E-010)
  0.25247500000000000        1.2500000000000000     
 (  8.7766765594465706E-006,  1.8034729607919379E-009) (  9.0617061669600955E-006,  1.9221113279669832E-009)
 (  8.7756444548485220E-006,  1.8032447606152323E-009) (  3.6852991553780439E-013,  7.8169664347600551E-017) (  3.6852991553780434E-013,  7.8169664347600526E-017) ( -9.0606484236534428E-006, -1.9218719694829397E-009)
  0.30247000000000002        1.2500000000000000     
 (  1.5091336554731578E-005,  3.1050761902793558E-009) (  1.5581449964566511E-005,  3.3093424972887774E-009)
 (  1.5088789503939199E-005,  3.1045130304376051E-009) (  6.3364890920127713E-013,  1.3457929281455968E-016) (  6.3364890920127673E-013,  1.3457929281455961E-016) ( -1.5578839641375578E-005, -3.3087518003044963E-009)
  0.35246499999999997        1.2500000000000000     
 (  2.3880074028318369E-005,  4.9222548174851948E-009) (  2.4655632204839224E-005,  5.2460706965778435E-009)
 (  2.3874601357854930E-005,  4.9210447891874260E-009) (  1.0026077575594936E-012,  2.1332581287667386E-016) (  1.0026077575594934E-012,  2.1332581287667371E-016) ( -2.4650023583486654E-005, -5.2448015000779324E-009)
  0.40245999999999998        1.2500000000000000     
 (  3.5551979581987770E-005,  7.3456406862093281E-009) (  3.6706640007091856E-005,  7.8288950257237667E-009)
 (  3.5541357121773225E-005,  7.3432920061576570E-009) (  1.4925527569350107E-012,  3.1833067311717737E-016) (  1.4925527569350099E-012,  3.1833067311717708E-016) ( -3.6695753662001351E-005, -7.8264314977026186E-009)
  0.45245499999999994        1.2500000000000000     
 (  5.0516211724050471E-005,  1.0469399717449934E-008) (  5.2156933633417607E-005,  1.1158181004123672E-008)
 (  5.0497136061848984E-005,  1.0465181963201580E-008) (  2.1206221594148699E-012,  4.5366603654633280E-016) (  2.1206221594148683E-012,  4.5366603654633191E-016) ( -5.2137384082509835E-005, -1.1153757002606468E-008)
  0.50244999999999995        1.2500000000000000     
 (  6.9182012521228753E-005,  1.4392294487757800E-008) (  7.1429068230450854E-005,  1.5339197759412510E-008)
 (  6.9149797602375095E-005,  1.4385171503421789E-008) (  2.9039454958234461E-012,  6.2360068274211403E-016) (  2.9039454958234397E-012,  6.2360068274211126E-016) ( -7.1396052994837772E-005, -1.5331726455801737E-008)
  0.55244499999999985        1.2500000000000000     
 (  9.1958715835197314E-005,  1.9218883614564911E-008) (  9.4945677597970185E-005,  2.0483389912329358E-008)
 (  9.1906951918139675E-005,  1.9207438087366491E-008) (  3.8596413545346379E-012,  8.3265138857014541E-016) (  3.8596413545346226E-012,  8.3265138857013940E-016) ( -9.4892627682077916E-005, -2.0471384678210491E-008)
  0.60243999999999998        1.2500000000000000     
 (  1.1925573260755437E-004,  2.5060861517710757E-008) (  1.2312951083911101E-004,  2.6709814934265994E-008)
 (  1.1917590760421328E-004,  2.5043211228002654E-008) (  5.0048173122702834E-012,  1.0856410394578857E-015) (  5.0048173122702552E-012,  1.0856410394578727E-015) ( -1.2304770265265862E-004, -2.6691301493569461E-008)
  0.65243499999999988        1.2500000000000000     
 (  1.5148262626544023E-004,  3.2038541088693544E-008) (  1.5640345273501018E-004,  3.4146712854811564E-008)
 (  1.5136370945775942E-004,  3.2012246835528660E-008) (  6.3565692031809059E-012,  1.3877621237459669E-015) (  6.3565692031808469E-012,  1.3877621237459402E-015) ( -1.5628158147018131E-004, -3.4119132701756075E-008)
  0.70242999999999989        1.2500000000000000     
 (  1.8904903064903181E-004,  4.0282468158629266E-008) (  1.9519048172398116E-004,  4.2933244719862666E-008)
 (  1.8887701885021395E-004,  4.0244433360469041E-008) (  7.9319778518272273E-012,  1.7446470909031613E-015) (  7.9319778518271191E-012,  1.7446470909031096E-015) ( -1.9501419622831368E-004, -4.2893349805427901E-008)
  0.75242499999999990        1.2500000000000000     
 (  2.3236474884112701E-004,  4.9935183744184472E-008) (  2.3991376351082720E-004,  5.3221352769391277E-008)
 (  2.3212217496522289E-004,  4.9881545713721701E-008) (  9.7481113215787726E-012,  2.1624436605761393E-015) (  9.7481113215785480E-012,  2.1624436605760422E-015) ( -2.3966516262093109E-004, -5.3165091457852237E-008)
  0.80241999999999991        1.2500000000000000     
 (  2.8183969017432566E-004,  6.1153119073062534E-008) (  2.9099656020201104E-004,  6.5177788669807001E-008)
 (  2.8150509428005250E-004,  6.1079131973488176E-008) (  1.1822019663491071E-011,  2.6478969667124924E-015) (  1.1822019663490696E-011,  2.6478969667123177E-015) ( -2.9065365065199402E-004, -6.5100182958645518E-008)
  0.85241499999999992        1.2500000000000000     
 (  3.3788392647486366E-004,  7.4108624973741405E-008) (  3.4886231303899123E-004,  7.8986285938020040E-008)
 (  3.3743128933641086E-004,  7.4008534447778900E-008) (  1.4170736726383926E-011,  3.2084375669279971E-015) (  1.4170736726383302E-011,  3.2084375669277005E-015) ( -3.4839842890559727E-004, -7.8881299941205716E-008)
  0.90240999999999982        1.2500000000000000     
 (  4.0090768328064868E-004,  8.8992158822204107E-008) (  4.1393466003234944E-004,  9.4849883148738818E-008)
 (  4.0030582236347419E-004,  8.8859068285295080E-008) (  1.6811279318848215E-011,  3.8522755842290671E-015) (  1.6811279318847142E-011,  3.8522755842285788E-015) ( -4.1331784374875897E-004, -9.4710282855971669E-008)
  0.95240499999999984        1.2500000000000000     
 (  4.7132138711544693E-004,  1.0601457998956418E-007) (  4.8663741018619691E-004,  1.1299336879338337E-007)
 (  4.7053331524344433E-004,  1.0584030862057970E-007) (  1.9760644605911122E-011,  4.5884997968713378E-015) (  1.9760644605909338E-011,  4.5884997968705426E-015) ( -4.8582975517727023E-004, -1.1281057306759917E-007)
   1.0024000000000000        1.2500000000000000     
 (  5.4953558611239926E-004,  1.2540960944931691E-007) (  5.6739451772674476E-004,  1.3366591658319834E-007)
 (  5.4851783264342642E-004,  1.2518454178386318E-007) (  2.3035807511392925E-011,  5.4271844736171875E-015) (  2.3035807511390163E-011,  5.4271844736159111E-015) ( -5.6635147266493777E-004, -1.3342983943710052E-007)
   1.0523950000000000        1.2500000000000000     
 (  6.3596102963745741E-004,  1.4743641550117735E-007) (  6.5663025153609345E-004,  1.5714384236975069E-007)
 (  6.3466292428638888E-004,  1.4714934275994360E-007) (  2.6653726062391017E-011,  6.3795011551338873E-015) (  2.6653726062386574E-011,  6.3795011551318899E-015) ( -6.5529988636921189E-004, -1.5684272644253301E-007)
   1.1023899999999998        1.2500000000000000     
 (  7.3100871241258423E-004,  1.7238232927091599E-007) (  7.5476893073161023E-004,  1.8373350378069650E-007)
 (  7.2937163156500953E-004,  1.7202028224664050E-007) (  3.0631329076294933E-011,  7.4578362411258043E-015) (  3.0631329076288438E-011,  7.4578362411227972E-015) ( -7.5309116432392990E-004, -1.8335374505956962E-007)
   1.1523849999999998        1.2500000000000000     
 (  8.3508978372700778E-004,  2.0056572168085807E-007) (  8.6223515924013902E-004,  2.1377432134849722E-007)
 (  8.3304635962473076E-004,  2.0011379530383891E-007) (  3.4985524162562434E-011,  8.6759135168324028E-015) (  3.4985524162552527E-011,  8.6759135168279662E-015) ( -8.6014094873726812E-004, -2.1330028516884338E-007)
   1.2023800000000000        1.2500000000000000     
 (  9.4861561624120345E-004,  2.3233895871175171E-007) (  9.7945393012392897E-004,  2.4764203249024051E-007)
 (  9.4608890897162571E-004,  2.3178012822075112E-007) (  3.9733200414350175E-011,  1.0048926148486321E-014) (  3.9733200414335616E-011,  1.0048926148479803E-014) ( -9.7686442219794656E-004, -2.4705586057094002E-007)
   1.2523750000000000        1.2500000000000000     
 (  1.0719977669488062E-003,  2.6809162701413707E-007) (  1.1068502959866483E-003,  2.8575202972164817E-007)
 (  1.0689003988823673E-003,  2.6740655567054456E-007) (  4.4891213454759449E-011,  1.1593672105626857E-014) (  4.4891213454738983E-011,  1.1593672105617377E-014) ( -1.1036759398739076E-003, -2.8503343850344026E-007)
   1.3023699999999998        1.2500000000000000     
 (  1.2056481326516320E-003,  3.0825368140753395E-007) (  1.2448495600820772E-003,  3.2856281509022989E-007)
 (  1.2018813859619821E-003,  3.0742051980654844E-007) (  5.0476391694843115E-011,  1.3328694312727471E-014) (  5.0476391694814150E-011,  1.3328694312714076E-014) ( -1.2409891825400608E-003, -3.2768888516395823E-007)
   1.3523649999999998        1.2500000000000000     
 (  1.3499788376277455E-003,  3.5329892984756949E-007) (  1.3938773806145947E-003,  3.7657962369772715E-007)
 (  1.3454317147347490E-003,  3.5229310661655425E-007) (  5.6505539001206188E-011,  1.5274427664719429E-014) (  5.6505539001164668E-011,  1.5274427664700565E-014) ( -1.3892172228931465E-003, -3.7552458024502308E-007)
   1.4023599999999998        1.2500000000000000     
 (  1.5054021654467894E-003,  4.0374853195897017E-007) (  1.5543597016366480E-003,  4.3035823733884474E-007)
 (  1.4999504115831234E-003,  4.0254253619043841E-007) (  6.2995430356679299E-011,  1.7453353791586621E-014) (  6.2995430356623425E-011,  1.7453353791560579E-014) ( -1.5487724181440768E-003, -4.2909322175655688E-007)
   1.4523549999999998        1.2500000000000000     
 (  1.6723305333706357E-003,  4.6017476982452989E-007) (  1.7267225103732890E-003,  4.9050894615275334E-007)
 (  1.6658356235669043E-003,  4.5873792461537090E-007) (  6.9962800436884576E-011,  1.9890161817999029E-014) (  6.9962800436805528E-011,  1.9890161817963385E-014) ( -1.7200661288195493E-003, -4.8900177842814952E-007)
   1.5023499999999999        1.2500000000000000     
 (  1.8511771330336974E-003,  5.2320464160926596E-007) (  1.9113925479795288E-003,  5.5770050939778458E-007)
 (  1.8434852207895784E-003,  5.2150286910084090E-007) (  7.7424371069531199E-011,  2.2611909109515150E-014) (  7.7424371069424311E-011,  2.2611909109466635E-014) ( -1.9035093939119951E-003, -5.5591544174625556E-007)
   1.5523449999999999        1.2500000000000000     
 (  2.0423549500183319E-003,  5.9352405583265014E-007) (  2.1087965474239729E-003,  6.3266443385422546E-007)
 (  2.0332957794479078E-003,  5.9151963356475237E-007) (  8.5396818561881077E-011,  2.5648194920359036E-014) (  8.5396818561738556E-011,  2.5648194920294090E-014) ( -2.0995121277707488E-003, -6.3056189487898524E-007)
   1.6023399999999999        1.2500000000000000     
 (  2.2462774624567952E-003,  6.7188172124657897E-007) (  2.3193614236012077E-003,  7.1619933621644206E-007)
 (  2.2356632438285434E-003,  6.6953302974927525E-007) (  9.3896780021411993E-011,  2.9031337442017896E-014) (  9.3896780021222245E-011,  2.9031337441931475E-014) ( -2.3084832743081839E-003, -7.1373566576584382E-007)
   1.6523349999999999        1.2500000000000000     
 (  2.4633583109704192E-003,  7.5909345048909358E-007) (  2.5435148116520973E-003,  8.0917534681718674E-007)
 (  2.4509825589329039E-003,  7.5635471159792798E-007) (  1.0294087367869553E-010,  3.2796552568255251E-014) (  1.0294087367844739E-010,  3.2796552568140987E-014) ( -2.5308313072766493E-003, -8.0630252208187458E-007)
   1.7023299999999999        1.2500000000000000     
 (  2.6940116075672891E-003,  8.5604646947658007E-007) (  2.7816842167826322E-003,  9.1253897974777169E-007)
 (  2.6796479429814211E-003,  8.5286747621071743E-007) (  1.1254566278039069E-010,  3.6982151569455635E-014) (  1.1254566278006509E-010,  3.6982151569305442E-014) ( -2.7669633417502413E-003, -9.0920433082492660E-007)
   1.7523250000000001        1.2500000000000000     
 (  2.9386518364524971E-003,  9.6370383395826512E-007) (  3.0342980728862369E-003,  1.0273175772804232E-006)
 (  2.9220527512385736E-003,  9.6002967070222480E-007) (  1.2272769709321176E-010,  4.1629721494420814E-014) (  1.2272769709278408E-010,  4.1629721494227032E-014) ( -3.0172861558961884E-003, -1.0234634941191425E-006)
   1.8023199999999997        1.2500000000000000     
 (  3.1976934976354452E-003,  1.0831091981929831E-006) (  3.3017843715508447E-003,  1.1546243900400914E-006)
 (  3.1785890826918082E-003,  1.0788799519061552E-006) (  1.3350345571136410E-010,  4.6784331425043096E-014) (  1.3350345571081648E-010,  4.6784331424792100E-014) ( -3.2822047817923192E-003, -1.1501880191628873E-006)
   1.8523149999999997        1.2500000000000000     
 (  3.4715515849781391E-003,  1.2153912225333279E-006) (  3.5845725879200523E-003,  1.2956638256466930E-006)
 (  3.4496482231304777E-003,  1.2105416844992333E-006) (  1.4488942385211978E-010,  5.2494745510756421E-014) (  1.4488942385141909E-010,  5.2494745510437122E-014) ( -3.5621243953592690E-003, -1.2905767567803691E-006)
   1.9023099999999997        1.2500000000000000     
 (  3.7606417543650534E-003,  1.3617688305434206E-006) (  3.8830910965054850E-003,  1.4517362723503280E-006)
 (  3.7356207736526817E-003,  1.3562281882956539E-006) (  1.5690198602126513E-010,  5.8813618805397143E-014) (  1.5690198602037697E-010,  5.8813618804991138E-014) ( -3.8574476910241432E-003, -1.4459242153655365E-006)
   1.9523049999999997        1.2500000000000000     
 (  4.0653794957801175E-003,  1.5235560260677076E-006) (  4.1977699645798852E-003,  1.6242436855234026E-006)
 (  4.0368957898290845E-003,  1.5172475452646138E-006) (  1.6955753839051656E-010,  6.5797724012249168E-014) (  1.6955753838938767E-010,  6.5797724011736976E-014) ( -4.1685776395276675E-003, -1.6176261359123151E-006)
   2.0023000000000000        1.2500000000000000     
 (  4.3861808790664489E-003,  1.7021666106773945E-006) (  4.5290392310516911E-003,  1.8146950017255813E-006)
 (  4.3538614892963791E-003,  1.6950073081561477E-006) (  1.8287241733083050E-010,  7.3508171373001130E-014) (  1.8287241732942042E-010,  7.3508171372355867E-014) ( -4.4959157352656544E-003, -1.8071848976996824E-006)
   2.0522950000000000        1.2500000000000000     
 (  4.7234625724408372E-003,  1.8991204304552645E-006) (  4.8773289295210012E-003,  2.0247118092145168E-006)
 (  4.6869052325303057E-003,  1.8910207343978046E-006) (  1.9686289841762344E-010,  8.2010638713614752E-014) (  1.9686289841585948E-010,  8.2010638712809862E-014) ( -4.8398619704378126E-003, -2.0162151744421038E-006)
   2.1022900000000000        1.2500000000000000     
 (  5.0776411630988243E-003,  2.1160478512489876E-006) (  5.2430701428281285E-003,  2.2560340135146946E-006)
 (  5.0364128085534409E-003,  2.1069112534920649E-006) (  2.1154523823231948E-010,  9.1375601609089313E-014) (  2.1154523823014523E-010,  9.1375601608088305E-014) ( -5.2008158610865555E-003, -2.2464495923504939E-006)
   2.1522849999999996        1.2500000000000000     
 (  5.4491338130458443E-003,  2.3546951550425935E-006) (  5.6266936327984945E-003,  2.5105259294522672E-006)
 (  5.4027690575374852E-003,  2.3444178511232442E-006) (  2.2693561700542456E-010,  1.0167858055601324E-013) (  2.2693561700270425E-010,  1.0167858055477316E-013) ( -5.5791750374772422E-003, -2.4997448075513989E-006)
   2.2022799999999996        1.2500000000000000     
 (  5.8383582191511929E-003,  2.6169312384030123E-006) (  6.0286312448833302E-003,  2.7901816908597946E-006)
 (  5.7863577901550505E-003,  2.6054017550758698E-006) (  2.4305019422629351E-010,  1.1300036063588285E-013) (  2.4305019422297956E-010,  1.1300036063435188E-013) ( -5.9753366135888060E-003, -2.7780869061236023E-006)
   2.2522749999999996        1.2500000000000000     
 (  6.2457329205549746E-003,  2.9047521564203285E-006) (  6.4493159291179663E-003,  3.0971321878258084E-006)
 (  6.1875620597491498E-003,  2.8918509697716781E-006) (  2.5990510799257329E-010,  1.2542727304881247E-013) (  2.5990510798849390E-010,  1.2542727304694253E-013) ( -6.3896971652220302E-003, -3.0835983263407572E-006)
   2.3022699999999996        1.2500000000000000     
 (  6.6716753503023429E-003,  3.2202878195109746E-006) (  6.8891786279303945E-003,  3.4336513202446763E-006)
 (  6.6067621797696119E-003,  3.2058869597719150E-006) (  2.7751634695615972E-010,  1.3905144918001274E-013) (  2.7751634695121731E-010,  1.3905144917773224E-013) ( -6.8226495890189136E-003, -3.4185441039155206E-006)
   2.3522650000000001        1.2500000000000000     
 (  7.1166049164463957E-003,  3.5658074179067902E-006) (  7.3486528108143217E-003,  3.8021614093263041E-006)
 (  7.0443387699802140E-003,  3.5497700611231946E-006) (  2.9589993329041155E-010,  1.5397103986789578E-013) (  2.9589993328441733E-010,  1.5397103986513201E-013) ( -7.2745875937794803E-003, -3.7853372629693702E-006)
   2.4022600000000001        1.2500000000000000     
 (  7.5809415777644612E-003,  3.9437258035748539E-006) (  7.8281727546615897E-003,  4.2052409728147084E-006)
 (  7.5006712903650588E-003,  3.9259058507084099E-006) (  3.1507185106798044E-010,  1.7029053137416608E-013) (  3.1507185106075357E-010,  1.7029053137081735E-013) ( -7.7459039427538717E-003, -4.1865465857776131E-006)
   2.4522550000000001        1.2500000000000000     
 (  8.0651034837743892E-003,  4.3566104405802113E-006) (  8.3281714746970079E-003,  4.6456308110717438E-006)
 (  7.9761356541781289E-003,  4.3368520838225307E-006) (  3.3504796108448177E-010,  1.8812099217337306E-013) (  3.3504796107576184E-010,  1.8812099216934787E-013) ( -8.2369883583831554E-003, -4.6249026763454975E-006)
   2.5022500000000001        1.2500000000000000     
 (  8.5695120908513122E-003,  4.8071862054020088E-006) (  8.8490835216889652E-003,  5.1262407645414101E-006)
 (  8.4711093023067691E-003,  4.7853234772076900E-006) (  3.5584411274278496E-010,  2.0758034722107864E-013) (  3.5584411273235509E-010,  2.0758034721624064E-013) ( -8.7482302758694116E-003, -5.1033047092225494E-006)
   2.5522449999999997        1.2500000000000000     
 (  9.0945873145301184E-003,  5.2983428983716265E-006) (  9.3913436118918427E-003,  5.6501574900329448E-006)
 (  8.9859663202448998E-003,  5.2741992102880976E-006) (  3.7747608687135123E-010,  2.2879369379648639E-013) (  3.7747608685887083E-010,  2.2879369379071390E-013) ( -9.2800174318075843E-003, -5.6248281863299823E-006)
   2.6022399999999997        1.2500000000000000     
 (  9.6407506726549179E-003,  5.8331424228599469E-006) (  9.9553880323852706E-003,  6.2206502006767744E-006)
 (  9.5210805488912028E-003,  5.8065300835624055E-006) (  3.9995965146076785E-010,  2.5189353390405885E-013) (  3.9995965144584778E-010,  2.5189353389717463E-013) ( -9.8327372380826849E-003, -6.1927306601496545E-006)
   2.6522349999999997        1.2500000000000000     
 (  1.0208423573281774E-002,  6.4148236373968274E-006) (  1.0541651178955192E-002,  6.8411794536570804E-006)
 (  1.0076823830613263E-002,  6.3855433554346159E-006) (  4.2331041977552998E-010,  2.7702013145091168E-013) (  4.2331041975781808E-010,  2.7702013144273338E-013) ( -1.0406773293069077E-002, -6.8104605061559548E-006)
   2.7022299999999997        1.2500000000000000     
 (  1.0798027663858135E-002,  7.0468113980307804E-006) (  1.1150571143538618E-002,  7.5154022118597704E-006)
 (  1.0653566338511087E-002,  7.0146517708758008E-006) (  4.4754407532660926E-010,  3.0432171695632916E-013) (  4.4754407530562550E-010,  3.0432171694661590E-013) ( -1.1002510906523686E-002, -7.4816619625997228E-006)
   2.7522249999999997        1.2500000000000000     
 (  1.1409986143782516E-002,  7.7327214105238289E-006) (  1.1782583466631682E-002,  8.2471823214194424E-006)
 (  1.1251677832365548E-002,  7.6974583915101958E-006) (  4.7267611720777042E-010,  3.3395491335613518E-013) (  4.7267611718313439E-010,  3.3395491334468859E-013) ( -1.1620330845939799E-002, -8.2101855920928611E-006)
   2.8022199999999997        1.2500000000000000     
 (  1.2044721792859332E-002,  8.4763691626767425E-006) (  1.2438126711645153E-002,  9.0405948914347038E-006)
 (  1.1871525672162002E-002,  8.4377655080288861E-006) (  4.9872208480921378E-010,  3.6608491297228544E-013) (  4.9872208478023620E-010,  3.6608491295880842E-013) ( -1.2260614867300590E-002, -9.0000926389030881E-006)
   2.8522149999999997        1.2500000000000000     
 (  1.2702657238255052E-002,  9.2817769217024701E-006) (  1.3117636940905612E-002,  9.8999377890470904E-006)
 (  1.2513475035051912E-002,  9.2395816186400355E-006) (  5.2569733150497556E-010,  4.0088594446724228E-013) (  5.2569733147103386E-010,  4.0088594445138509E-013) ( -1.2923740128720157E-002, -9.8556665041270591E-006)
   2.9022099999999997        1.2500000000000000     
 (  1.3384217277790992E-002,  1.0153177799100916E-005) (  1.3821554651130153E-002,  1.0829735674603595E-005)
 (  1.3177891202537236E-002,  1.0107125476938793E-005) (  5.5361730641047238E-010,  4.3854143578742174E-013) (  5.5361730637072439E-010,  4.3854143576888717E-013) ( -1.3610086140701992E-002, -1.0781416751362914E-005)
   2.9522049999999997        1.2500000000000000     
 (  1.4089826693871170E-002,  1.1095029319341891E-005) (  1.4550318575067904E-002,  1.1834750136341617E-005)
 (  1.3865137364458636E-002,  1.1044839626682967E-005) (  5.8249729883294212E-010,  4.7924442558304421E-013) (  5.8249729878659942E-010,  4.7924442556139998E-013) ( -1.4320028466592614E-002, -1.1782089226114231E-005)
   3.0021999999999998        1.2500000000000000     
 (  1.4819910176656037E-002,  1.2112014645934636E-005) (  1.5304368445947453E-002,  1.2919987112583394E-005)
 (  1.4575574456442012E-002,  1.2057391614552957E-005) (  6.1235255097132164E-010,  5.2319786394288330E-013) (  6.1235255091751271E-010,  5.2319786391764238E-013) ( -1.5053941505506513E-002, -1.2862673449223382E-005)
   3.0521949999999998        1.2500000000000000     
 (  1.5574892297367981E-002,  1.3209053551111033E-005) (  1.6084145018285465E-002,  1.4090704986856521E-005)
 (  1.5309561185116954E-002,  1.3149684927968272E-005) (  6.4319825761260146E-010,  5.7061494118574339E-013) (  6.4319825755025976E-010,  5.7061494115641937E-013) ( -1.5812198474602645E-002, -1.4028410686270920E-005)
   3.1021899999999998        1.2500000000000000     
 (  1.6355200588312479E-002,  1.4391311106712384E-005) (  1.6890087323751517E-002,  1.5352426084315655E-005)
 (  1.6067456983720588E-002,  1.4326867661013533E-005) (  6.7504945179553199E-010,  6.2171955290463204E-013) (  6.7504945172316558E-010,  6.2171955287065806E-013) ( -1.6595168592563752E-002, -1.5284805403125365E-005)
   3.1521849999999998        1.2500000000000000     
 (  1.7161261833013433E-002,  1.5664201870580230E-005) (  1.7722638237278772E-002,  1.6710937974119020E-005)
 (  1.6849618288122974E-002,  1.5594336673049682E-005) (  7.0792122910096859E-010,  6.7674635327777106E-013) (  7.0792122901745974E-010,  6.7674635323852805E-013) ( -1.7403222629778652E-002, -1.6637626554119385E-005)
   3.2021799999999998        1.2500000000000000     
 (  1.7993501133690137E-002,  1.7033401971102479E-005) (  1.8582238925444736E-002,  1.8172308343411034E-005)
 (  1.7656397635999282E-002,  1.6957749640396535E-005) (  7.4182852288166299E-010,  7.3594135796821233E-013) (  7.4182852278547626E-010,  7.3594135792287703E-013) ( -1.8236727334114189E-002, -1.8092922423889647E-005)
   3.2521749999999998        1.2500000000000000     
 (  1.8852348226639993E-002,  1.8504853845366106E-005) (  1.9469331644719461E-002,  1.9742893103786515E-005)
 (  1.8488149854554072E-002,  1.8423029765834132E-005) (  7.7678621610425381E-010,  7.9956227214568312E-013) (  7.7678621599365346E-010,  7.9956227209348501E-013) ( -1.9096048204883354E-002, -1.9657028673037335E-005)
   3.3021699999999998        1.2500000000000000     
 (  1.9738230749562841E-002,  2.0084776198022821E-005) (  2.0384361172611047E-002,  2.1429341744860286E-005)
 (  1.9345225346665447E-002,  1.9996375691444435E-005) (  8.1280919505207975E-010,  8.6787870775873522E-013) (  8.1280919492536271E-010,  8.6787870769874585E-013) ( -1.9981550818453819E-002, -2.1336573689956184E-005)
   3.3521649999999998        1.2500000000000000     
 (  2.0651578201978833E-002,  2.1779672568505842E-005) (  2.1327770622267619E-002,  2.3238608148516636E-005)
 (  2.0227974031602102E-002,  2.1684270050156239E-005) (  8.4991218173165899E-010,  9.4117262091674652E-013) (  8.4991218158661679E-010,  9.4117262084787787E-013) ( -2.0893596695895741E-002, -2.3138489347803636E-005)
   3.4021599999999999        1.2500000000000000     
 (  2.1592819190335611E-002,  2.3596338118059595E-005) (  2.2300005653352547E-002,  2.5177964095650017E-005)
 (  2.1136742513789056E-002,  2.3493486192272077E-005) (  8.8810990177989272E-010,  1.0197388600794324E-012) (  8.8810990161431350E-010,  1.0197388600005756E-012) ( -2.1832547411921723E-002, -2.5070024465224109E-005)
   3.4521549999999999        1.2500000000000000     
 (  2.2562382835972505E-002,  2.5541868669280951E-005) (  2.3301508914286135E-002,  2.7254999210245436E-005)
 (  2.2071875482901786E-002,  2.5431097199519522E-005) (  9.2741685628651467E-010,  1.1038851620328157E-012) (  9.2741685609771669E-010,  1.1038851619428958E-012) ( -2.2798759048472072E-002, -2.7138744724116227E-005)
   3.5021500000000003        1.2500000000000000     
 (  2.3560701122491153E-002,  2.7623668388622416E-005) (  2.4332726995755515E-002,  2.9477633106660717E-005)
 (  2.3033717977883453E-002,  2.7504483519771344E-005) (  9.6784760636745188E-010,  1.1939326439418559E-012) (  9.6784760615246081E-010,  1.1939326438392384E-012) ( -2.3792589125803901E-002, -2.9352544752667593E-005)
   3.5521449999999994        1.2500000000000000     
 (  2.4588205829757386E-002,  2.9849466958972020E-005) (  2.5394106314502948E-002,  3.1854137038141641E-005)
 (  2.4022612441780972E-002,  2.9721350090308199E-005) (  1.0094166013476813E-009,  1.2902166822372437E-012) (  1.0094166011033865E-009,  1.2902166821204261E-012) ( -2.4814392376606292E-002, -3.1719669737486782E-005)
   3.6021399999999995        1.2500000000000000     
 (  2.5645328210439671E-002,  3.2227311444947694E-005) (  2.6486097286989370E-002,  3.4393125697566119E-005)
 (  2.5038898104017847E-002,  3.2089718141018553E-005) (  1.0521383449491208E-009,  1.3930865758127943E-012) (  1.0521383446727632E-009,  1.3930865756799723E-012) ( -2.5864524917494837E-002, -3.4248707154388948E-005)
   3.6521349999999995        1.2500000000000000     
 (  2.6732499122664254E-002,  3.4765591159553265E-005) (  2.7609141796875694E-002,  3.7103570706479464E-005)
 (  2.6082911349088939E-002,  3.4617950046036609E-005) (  1.0960268924504305E-009,  1.5029060946172854E-012) (  1.0960268921376897E-009,  1.5029060944666790E-012) ( -2.6943331777673326E-002, -3.6948600229636101E-005)
   3.7021299999999995        1.2500000000000000     
 (  2.7850150955776209E-002,  3.7473036741594385E-005) (  2.8763691346709055E-002,  3.9994822268477405E-005)
 (  2.7154987452770469E-002,  3.7314748309772290E-005) (  1.1410965784963748E-009,  1.6200543564813206E-012) (  1.1410965781422946E-009,  1.6200543563106809E-012) ( -2.8051164854162019E-002, -3.9828669507554084E-005)
   3.7521249999999995        1.2500000000000000     
 (  2.8998721599764552E-002,  4.0358733285407535E-005) (  2.9950195920151561E-002,  4.3076606377078594E-005)
 (  2.8255464520585496E-002,  4.0189168647273641E-005) (  1.1873615663704728E-009,  1.7449257107035843E-012) (  1.1873615659709564E-009,  1.7449257105104413E-012) ( -2.9188371817646160E-002, -4.2898610007291541E-005)
   3.8021199999999995        1.2500000000000000     
 (  3.0178642376301558E-002,  4.3432133895962812E-005) (  3.1169101185633531E-002,  4.6359038310981897E-005)
 (  2.9384671462605934E-002,  4.3250633500809293E-005) (  1.2348357371186405E-009,  1.8779302862541650E-012) (  1.2348357366684934E-009,  1.8779302860362563E-012) ( -3.0355293366015806E-002, -4.6168504653322233E-005)
   3.8521149999999995        1.2500000000000000     
 (  3.1390347315896426E-002,  4.6703062406309887E-005) (  3.2420862493877378E-002,  4.9852638853987720E-005)
 (  3.0542937216253199E-002,  4.6508934635896959E-005) (  1.2835332477533436E-009,  2.0194946458498408E-012) (  1.2835332472475096E-009,  2.0194946456039718E-012) ( -3.1552277010346019E-002, -4.9648840412848176E-005)
   3.9021099999999995        1.2500000000000000     
 (  3.2634272795509664E-002,  5.0181716066260736E-005) (  3.3705928099663302E-002,  5.3568336898571987E-005)
 (  3.1730590244105961E-002,  4.9974235825673150E-005) (  1.3334678599836470E-009,  2.1700618921369964E-012) (  1.3334678594160466E-009,  2.1700618918600985E-012) ( -3.2779660490367485E-002, -5.3350510859157042E-005)
   3.9521050000000000        1.2500000000000000     
 (  3.3910857434653587E-002,  5.3878687749005168E-005) (  3.5024753243559456E-002,  5.7517466719018411E-005)
 (  3.2947958574649230E-002,  5.3657094940005210E-005) (  1.3846534972499794E-009,  2.3300915505352597E-012) (  1.3846534966136401E-009,  2.3300915502240883E-012) ( -3.4037785503364726E-002, -5.7284813298929081E-005)
   4.0021000000000004        1.2500000000000000     
 (  3.5220534817708260E-002,  5.7804983972619771E-005) (  3.6377783294214629E-002,  6.1711822074865476E-005)
 (  3.4195362325043971E-002,  5.7568481922132302E-005) (  1.4371035720747105E-009,  2.5000617697235316E-012) (  1.4371035713625045E-009,  2.5000617693743604E-012) ( -3.5326981196239754E-002, -6.1463502888947177E-005)
   4.0520950000000004        1.2500000000000000     
 (  3.6563742208979060E-002,  6.1972001018985510E-005) (  3.7765478941064870E-002,  6.6163607372647900E-005)
 (  3.5473122506333277E-002,  6.1719754757938436E-005) (  1.4908319970929473E-009,  2.6804673275436396E-012) (  1.4908319962959803E-009,  2.6804673271519797E-012) ( -3.6647588996473572E-002, -6.5898743595789555E-005)
   4.1020900000000005        1.2500000000000000     
 (  3.7940920621229716E-002,  6.6391572783181815E-005) (  3.9188288350668295E-002,  7.0885508076790746E-005)
 (  3.6781561049279488E-002,  6.6122707317030861E-005) (  1.5458520609443303E-009,  2.8718224946825361E-012) (  1.5458520600562202E-009,  2.8718224942438759E-012) ( -3.7999934904171029E-002, -7.0603178586667930E-005)
   4.1520850000000005        1.2500000000000000     
 (  3.9352504641837913E-002,  7.1075945504701571E-005) (  4.0646669360393489E-002,  7.5890647217925162E-005)
 (  3.8120990510000778E-002,  7.0789543958767870E-005) (  1.6021773231450391E-009,  3.0746592608994234E-012) (  1.6021773221539219E-009,  3.0746592604087017E-012) ( -3.9384351702138339E-002, -7.5589886661486526E-005)
   4.2020800000000005        1.2500000000000000     
 (  4.0798936354508243E-002,  7.6037822091115360E-005) (  4.2141075727308817E-002,  8.1192634165668008E-005)
 (  3.9491728015290460E-002,  7.5732923751461282E-005) (  1.6598210577615001E-009,  3.2895293141188676E-012) (  1.6598210566575136E-009,  3.2895293135705886E-012) ( -4.0801164985442007E-002, -8.0872430825575486E-005)
   4.2520750000000005        1.2500000000000000     
 (  4.2280655158354580E-002,  8.1290343108277700E-005) (  4.3671965410305436E-002,  8.6805559102052287E-005)
 (  4.0894085012526005E-002,  8.0965941345460452E-005) (  1.7187965831379512E-009,  3.5170038108888216E-012) (  1.7187965819106701E-009,  3.5170038102772020E-012) ( -4.2250701486008367E-002, -8.6464852739385632E-005)
   4.3020699999999996        1.2500000000000000     
 (  4.3798103754708169E-002,  8.6847115746328351E-005) (  4.5239795001025297E-002,  9.2744003789614108E-005)
 (  4.2328373357421394E-002,  8.6502155875927976E-005) (  1.7791170388529307E-009,  3.7576738104632829E-012) (  1.7791170374882760E-009,  3.7576738097817143E-012) ( -4.3733283602565752E-002, -9.2381683327486008E-005)
   4.3520649999999996        1.2500000000000000     
 (  4.5351718960203430E-002,  9.2722217426188813E-005) (  4.6845019719554383E-002,  9.9023063183839729E-005)
 (  4.3794895966909900E-002,  9.2355594399804380E-005) (  1.8407953906800211E-009,  4.0121511465382034E-012) (  1.8407953891676239E-009,  4.0121511457796424E-012) ( -4.5249229321249848E-002, -9.8637964266106223E-005)
   4.4020599999999996        1.2500000000000000     
 (  4.6941947045971794E-002,  9.8930190408844240E-005) (  4.8488101972093245E-002,  1.0565833988846236E-004)
 (  4.5293962049533738E-002,  9.8540746440703805E-005) (  1.9038447562217740E-009,  4.2810682049254880E-012) (  1.9038447545478317E-009,  4.2810682040809390E-012) ( -4.6798860391196739E-002, -1.0524924238249330E-004)
   4.4520549999999997        1.2500000000000000     
 (  4.8569226475812091E-002,  1.0548609430695429E-004) (  5.0169491569115009E-002,  1.1266596041058429E-004)
 (  4.6825870104118296E-002,  1.0507261626110210E-004) (  1.9682776292890967E-009,  4.5650785650443354E-012) (  1.9682776274369847E-009,  4.5650785641065929E-012) ( -4.8382483185109841E-002, -1.1223158558917702E-004)
   4.5020499999999997        1.2500000000000000     
 (  5.0234005637052215E-002,  1.1240546430602412E-004) (  5.1889662204299795E-002,  1.2006262380454145E-004)
 (  4.8390925336021795E-002,  1.1196668114827177E-004) (  2.0341073328929501E-009,  4.8648589861463623E-012) (  2.0341073308448000E-009,  4.8648589851051746E-012) ( -5.0000424454595647E-002, -1.1960163163132511E-004)
   4.5520449999999997        1.2500000000000000     
 (  5.1936727604898474E-002,  1.1970435486798671E-004) (  5.3649061331560451E-002,  1.2786553657925573E-004)
 (  4.9989424459750652E-002,  1.1923893474318474E-004) (  2.1013459887309586E-009,  5.1811067453309629E-012) (  2.1013459864673979E-009,  5.1811067441766914E-012) ( -5.1652981455438063E-002, -1.2737652259628356E-004)
   4.6020399999999997        1.2500000000000000     
 (  5.3677833752268603E-002,  1.2739934137322970E-004) (  5.5448159965190896E-002,  1.3609247758122498E-004)
 (  5.1621659311561992E-002,  1.2690588868600116E-004) (  2.1700065632444820E-009,  5.5145422738750971E-012) (  2.1700065607498062E-009,  5.5145422725968817E-012) ( -5.3340472125862376E-002, -1.3557396984420202E-004)
   4.6520349999999997        1.2500000000000000     
 (  5.5457768899641380E-002,  1.3550754367307280E-004) (  5.7287414202593076E-002,  1.4476183055972999E-004)
 (  5.3287922071589312E-002,  1.3498459598852762E-004) (  2.2401012652513834E-009,  5.8659104751869649E-012) (  2.2401012625025034E-009,  5.8659104737726193E-012) ( -5.5063195818696342E-002, -1.4421228625184819E-004)
   4.7020300000000006        1.2500000000000000     
 (  5.7276985086671131E-002,  1.4404660632174872E-004) (  5.9167287145272723E-002,  1.5389251890801379E-004)
 (  5.4988508805915243E-002,  1.4349263097778345E-004) (  2.3116424663861734E-009,  6.2359780578953735E-012) (  2.3116424633623493E-009,  6.2359780563313470E-012) ( -5.6821455796173488E-002, -1.5331032085551979E-004)
   4.7520250000000006        1.2500000000000000     
 (  5.9135922050873244E-002,  1.5303473100965764E-004) (  6.1088243644228726E-002,  1.6350409241512438E-004)
 (  5.6723700087168177E-002,  1.5244812178822619E-004) (  2.3846424605715987E-009,  6.6255370676489610E-012) (  2.3846424572459414E-009,  6.6255370659233152E-012) ( -5.8615553398416162E-002, -1.6288754534660310E-004)
   4.8020200000000006        1.2500000000000000     
 (  6.1035035167871891E-002,  1.6249069118963840E-004) (  6.3050749941838694E-002,  1.7361670533934398E-004)
 (  5.8493788676962373E-002,  1.6186976454355464E-004) (  2.4591134722624504E-009,  7.0354039758452206E-012) (  2.4591134686047876E-009,  7.0354039739396760E-012) ( -6.0445788385365268E-002, -1.7296403208811432E-004)
   4.8520150000000006        1.2500000000000000     
 (  6.2974766544272170E-002,  1.7243382303477179E-004) (  6.5055268498717136E-002,  1.8425111650428590E-004)
 (  6.0299050958925127E-002,  1.7177681429064688E-004) (  2.5350674363923669E-009,  7.4664196856608813E-012) (  2.5350674323803635E-009,  7.4664196835611285E-012) ( -6.2312453001430880E-002, -1.8356045384203796E-004)
   4.9020100000000006        1.2500000000000000     
 (  6.4955569381053804E-002,  1.8288406153345291E-004) (  6.7102263323421951E-002,  1.9542874332193692E-004)
 (  6.2139770806187176E-002,  1.8218912088270955E-004) (  2.6125161953032156E-009,  7.9194517064671568E-012) (  2.6125161909038017E-009,  7.9194517041529284E-012) ( -6.4215837761314704E-002, -1.9469813759655040E-004)
   4.9520050000000007        1.2500000000000000     
 (  6.6977890106729235E-002,  1.9386191363343714E-004) (  6.9192205666482529E-002,  2.0717160742673754E-004)
 (  6.4016222158162370E-002,  1.9312710175659455E-004) (  2.6914717612484004E-009,  8.3953919508661459E-012) (  2.6914717564295369E-009,  8.3953919483186881E-012) ( -6.6156236863782233E-002, -2.0639901008732224E-004)
   5.0020000000000007        1.2500000000000000     
 (  6.9042180722357738E-002,  2.0538852679498289E-004) (  7.1325562916580085E-002,  2.1950242142378297E-004)
 (  6.5928680861833400E-002,  2.0461181049753643E-004) (  2.7719458392197886E-009,  8.8951602451239553E-012) (  2.7719458339542335E-009,  8.8951602423222913E-012) ( -6.8133937103130190E-002, -2.1868568419022106E-004)
   5.0519950000000007        1.2500000000000000     
 (  7.1148889225133793E-002,  2.1748564028506402E-004) (  7.3502798498312413E-002,  2.3244456711594082E-004)
 (  6.7877415667024169E-002,  2.1666488764625764E-004) (  2.8539498339125564E-009,  9.4197034287289568E-012) (  2.8539498281463808E-009,  9.4197034256540582E-012) ( -7.0149217934045327E-002, -2.3158143698658604E-004)
   5.1019899999999998        1.2500000000000000     
 (  7.3298471985173780E-002,  2.3017563946388129E-004) (  7.5724388680750529E-002,  2.4602209533868777E-004)
 (  6.9862699926698871E-002,  2.2930861499854515E-004) (  2.9374955266708251E-009,  9.9699953407435043E-012) (  2.9374955203776346E-009,  9.9699953373638689E-012) ( -7.2202367990044106E-002, -2.4511020916804626E-004)
   5.1519849999999998        1.2500000000000000     
 (  7.5491379730775271E-002,  2.4348154694024777E-004) (  7.7990794922039627E-002,  2.6025972584744296E-004)
 (  7.1884797883104201E-002,  2.4256590623695904E-004) (  3.0225939478155992E-009,  1.0547036812833415E-011) (  3.0225939409435771E-009,  1.0547036809126111E-011) ( -7.4293657240811994E-002, -2.5929660485130371E-004)
   5.2019799999999998        1.2500000000000000     
 (  7.7728062148207641E-002,  2.5742700062854470E-004) (  8.0302491209093912E-002,  2.7518293415612323E-004)
 (  7.3943969278963462E-002,  2.5646028488902082E-004) (  3.1092564964560698E-009,  1.1151859174121965E-011) (  3.1092564889635757E-009,  1.1151859170057906E-011) ( -7.6423365141084457E-002, -2.7416597806044659E-004)
   5.2519749999999998        1.2500000000000000     
 (  8.0008979200272362E-002,  2.7203638078196425E-004) (  8.2659948104458716E-002,  2.9081784269078832E-004)
 (  7.6040480302493663E-002,  2.7101601110250131E-004) (  3.1974942728409006E-009,  1.1785519828900236E-011) (  3.1974942646781053E-009,  1.1785519824446169E-011) ( -7.8591763317553506E-002, -2.8974432347563477E-004)
   5.3019699999999998        1.2500000000000000     
 (  8.2334579315358189E-002,  2.8733465418828951E-004) (  8.5063643056263391E-002,  3.0719137280439999E-004)
 (  7.8174582742134319E-002,  2.8625792533718182E-004) (  3.2873185303882749E-009,  1.2449108410514335E-011) (  3.2873185215118821E-009,  1.2449108405639490E-011) ( -8.0799127399066042E-002, -3.0605842817166918E-004)
   5.3519649999999999        1.2500000000000000     
 (  8.4705325301553433E-002,  3.0334754075935622E-004) (  8.7514044581057632E-002,  3.2433115781585226E-004)
 (  8.0346538190277483E-002,  3.0221161494176741E-004) (  3.3787399812553092E-009,  1.3143743238642347E-011) (  3.3787399715989169E-009,  1.3143743233307468E-011) ( -8.3045719613192195E-002, -3.2313578451037772E-004)
   5.4019599999999999        1.2500000000000000     
 (  8.7121667546533957E-002,  3.2010139436553078E-004) (  9.0011622733574298E-002,  3.4226558637467550E-004)
 (  8.2556592902523387E-002,  3.1890329426351123E-004) (  3.4717692684130198E-009,  1.3870573069044439E-011) (  3.4717692578989066E-009,  1.3870573063208041E-011) ( -8.5331800437314101E-002, -3.4100463276854882E-004)
   5.4519549999999999        1.2500000000000000     
 (  8.9584064896998578E-002,  3.3762334748158789E-004) (  9.2556860487973749E-002,  3.6102380204197827E-004)
 (  8.4804997649070082E-002,  3.3635994938582939E-004) (  3.5664174064742469E-009,  1.4630777068743312E-011) (  3.5664173950539047E-009,  1.4630777066087089E-011) ( -8.7657639495109380E-002, -3.5969396076452844E-004)
   5.5019499999999999        1.2500000000000000     
 (  9.2092970854892583E-002,  3.5594117371715012E-004) (  9.5150226157372272E-002,  3.8063574702671386E-004)
 (  8.7091993828782951E-002,  3.5460920002910789E-004) (  3.6626946349452323E-009,  1.5425566572150886E-011) (  3.6626946225636029E-009,  1.5425566565193114E-011) ( -9.0023487640149419E-002, -3.7923354697640458E-004)
   5.5519449999999999        1.2500000000000000     
 (  9.4648851481296328E-002,  3.7508346905134433E-004) (  9.7792200782013020E-002,  4.0113216202352194E-004)
 (  8.9417832561296332E-002,  3.7367948045305969E-004) (  3.7606116084211040E-009,  1.6256185044642235E-011) (  3.7606115950059690E-009,  1.6256185037047622E-011) ( -9.2429604917810881E-002, -3.9965395994468226E-004)
   5.6019399999999999        1.2500000000000000     
 (  9.7252160557790693E-002,  3.9507944545593256E-004) ( 0.10048326195080359     ,  4.2254454219421543E-004)
 (  9.1782747622375122E-002,  3.9359983280914203E-004) (  3.8601786115584927E-009,  1.7123906317466088E-011) (  3.8601785970001511E-009,  1.7123906309183105E-011) ( -9.4876243689248282E-002, -4.2098651414240138E-004)
   5.6519349999999999        1.2500000000000000     
 (  9.9903359752621698E-002,  4.1595920606491034E-004) ( 0.10322387201041944     ,  4.4490526806623847E-004)
 (  9.4186978027529303E-002,  4.1440018176167796E-004) (  3.9614052298647191E-009,  1.8030039837201277E-011) (  3.9614052140997402E-009,  1.8030039828177185E-011) ( -9.7363637944218318E-002, -4.4326339991939399E-004)
   5.7019299999999999        1.2500000000000000     
 ( 0.10260290157650884     ,  4.3775356459884048E-004) ( 0.10601454028269820     ,  4.6824749645736429E-004)
 (  9.6630749636427579E-002,  4.3611115346265923E-004) (  4.0643027289141336E-009,  1.8975926263186220E-011) (  4.0643027118754993E-009,  1.8975926253360648E-011) ( -9.9892063555306540E-002, -4.6651757453126594E-004)
   5.7519250000000000        1.2500000000000000     
 ( 0.10535126228909468     ,  4.6049402326921770E-004) ( 0.10885571070021259     ,  4.9260524722677672E-004)
 (  9.9114307419796835E-002,  4.5876405319077022E-004) (  4.1688796172966995E-009,  1.9962940947957663E-011) (  4.1688795988672651E-009,  1.9962940937254027E-011) (-0.10246172818321198     , -4.9078284797780770E-004)
   5.8019200000000000        1.2500000000000000     
 ( 0.10814889363759790     ,  4.8421302672264953E-004) ( 0.11174789617101823     ,  5.1801340321367968E-004)
 ( 0.10163786887453452     ,  4.8239111868830803E-004) (  4.2751470105055866E-009,  2.0992493925845318E-011) (  4.2751469905942119E-009,  2.0992493914203158E-011) (-0.10507290374844412     , -5.1609388279812520E-004)
   5.8519150000000009        1.2500000000000000     
 ( 0.11099625712405252     ,  5.0894371556955585E-004) ( 0.11469154472810207     ,  5.4450775390206877E-004)
 ( 0.10420165683005192     ,  5.0702527328663283E-004) (  4.3831132211934823E-009,  2.2066031648057582E-011) (  4.3831131996734365E-009,  2.2066031635396391E-011) (-0.10772579360678132     , -5.4248623683769584E-004)
   5.9019100000000000        1.2500000000000000     
 ( 0.11389381769158927     ,  5.3472004310940909E-004) ( 0.11768717277229925     ,  5.7212482079463443E-004)
 ( 0.10680589426489513     ,  5.3270024206405456E-004) (  4.4927892222344998E-009,  2.3185029917079192E-011) (  4.4927891990235827E-009,  2.3185029903319117E-011) (-0.11042066582846045     , -5.6999618851793317E-004)
   5.9519050000000000        1.2500000000000000     
 ( 0.11684204107416836     ,  5.6157683223050656E-004) ( 0.12073523253455555     ,  6.0090220605397808E-004)
 ( 0.10945079993885773     ,  5.5945060839780649E-004) (  4.6041831484982907E-009,  2.4351007942234073E-011) (  4.6041831234291454E-009,  2.4351007927281472E-011) (-0.11315771926921800     , -5.9866108448197112E-004)
   6.0019000000000000        1.2500000000000000     
 ( 0.11984139286423016     ,  5.8954973342868928E-004) ( 0.12383622224716573     ,  6.3087833045076167E-004)
 ( 0.11213658902809805     ,  5.8731177106107098E-004) (  4.7173048846715861E-009,  2.5565517789116335E-011) (  4.7173048576786098E-009,  2.5565517772892147E-011) (-0.11593719542971677     , -6.2851907729033095E-004)
   6.0518950000000000        1.2500000000000000     
 ( 0.12289233836875188     ,  6.1867519502534609E-004) ( 0.12699063113808115     ,  6.6209247774320467E-004)
 ( 0.11486347334163442     ,  6.1631991420685480E-004) (  4.8321637818125011E-009,  2.6830146030666254E-011) (  4.8321637527275188E-009,  2.6830146013056920E-011) (-0.11875932260715412     , -6.5960916914169492E-004)
   6.1018900000000000        1.2500000000000000     
 ( 0.12599534401637771     ,  6.4899060857894267E-004) ( 0.13019893948076403     ,  6.9458501134249786E-004)
 ( 0.11763166008400167     ,  6.4651215202349852E-004) (  4.9487686336589023E-009,  2.8146522634726813E-011) (  4.9487686023774131E-009,  2.8146522615622993E-011) (-0.12162431554902522     , -6.9197142750592583E-004)
   6.1518850000000000        1.2500000000000000     
 ( 0.12915087586257143     ,  6.8053407709529814E-004) ( 0.13346161807590676     ,  7.2839706988754712E-004)
 ( 0.12044135315930286     ,  6.7792629675386120E-004) (  5.0671277076364795E-009,  2.9516308497250552E-011) (  5.0671276739715570E-009,  2.9516308476544018E-011) (-0.12453237626734666     , -7.2564668095024675E-004)
   6.2018800000000001        1.2500000000000000     
 ( 0.13235939842588898     ,  7.1334480660488117E-004) ( 0.13677917334341272     ,  7.6357095912041415E-004)
 ( 0.12329275066747906     ,  7.1060124860956170E-004) (  5.1872505408684927E-009,  3.0941211368512594E-011) (  5.1872505046970028E-009,  3.0941211346079547E-011) (-0.12748373744970173     , -7.6067690906612008E-004)
   6.2518750000000001        1.2500000000000000     
 ( 0.13562137293232490     ,  7.4746266436423198E-004) ( 0.14015208049261671     ,  8.0014967311123895E-004)
 ( 0.12618604309008052     ,  7.4457655474779506E-004) (  5.3091452237246018E-009,  3.2422966366829071E-011) (  5.3091451848193570E-009,  3.2422966342528340E-011) (-0.13047859645375892     , -7.9710476407636476E-004)
   6.3018700000000001        1.2500000000000000     
 ( 0.13893729412788919     ,  7.8292863514819848E-004) ( 0.14358083883044909     ,  8.3817745892519283E-004)
 ( 0.12912145039948578     ,  7.7989286359625150E-004) (  5.4328206611852277E-009,  3.3963358892632873E-011) (  5.4328206194152554E-009,  3.3963358866318622E-011) (-0.13351717076722050     , -8.3497413442313467E-004)
   6.3518650000000001        1.2500000000000000     
 ( 0.14230759947635985     ,  8.1978450328507914E-004) ( 0.14706592794418324     ,  8.7769942601075750E-004)
 ( 0.13209913144443905     ,  8.1659160694832371E-004) (  5.5582847625723552E-009,  3.5564208758031148E-011) (  5.5582847177417658E-009,  3.5564208729564619E-011) (-0.13659965304548755     , -8.7432975309746370E-004)
   6.4018600000000001        1.2500000000000000     
 ( 0.14573278647887131     ,  8.5807285967122275E-004) ( 0.15060783958735163     ,  9.1876180694174154E-004)
 ( 0.13511930007740983     ,  8.5471500545322569E-004) (  5.6855458184144032E-009,  3.7227380670366165E-011) (  5.6855457703368206E-009,  3.7227380639574657E-011) (-0.13972624581372695     , -9.1521745782636792E-004)
   6.4518550000000001        1.2500000000000000     
 ( 0.14921330801861402     ,  8.9783751513208376E-004) ( 0.15420706897615383     ,  9.6141160933416246E-004)
 ( 0.13818212210009301     ,  8.9430648257145424E-004) (  5.8146120035125653E-009,  3.8954770140615443E-011) (  5.8146119519833573E-009,  3.8954770107308117E-011) (-0.14289714817171534     , -9.5768384219503525E-004)
   6.5018500000000001        1.2500000000000000     
 ( 0.15274965431952961     ,  9.3912308039381708E-004) ( 0.15786410129193554     ,  1.0056971369772109E-003)
 ( 0.14128779674718031     ,  9.3541024203123372E-004) (  5.9454909850688397E-009,  4.0748324583646624E-011) (  5.9454909298310758E-009,  4.0748324547674219E-011) (-0.14611254670599053     , -1.0017767759197879E-003)
   6.5518450000000001        1.2500000000000000     
 ( 0.15634227376919974     ,  9.8197499505671502E-004) ( 0.16157943526557944     ,  1.0516677305756437E-003)
 ( 0.14443647603843454     ,  9.7807129755256945E-004) (  6.0781907603052679E-009,  4.2610032744671700E-011) (  6.0781906973882983E-009,  4.2610032705841302E-011) (-0.14937263680221494     , -1.0475451445789454E-003)
   6.6018400000000002        1.2500000000000000     
 ( 0.15999165927264217     ,  1.0264399344138652E-003) ( 0.16535355042248412     ,  1.0993735919464960E-003)
 ( 0.14762835308388569     ,  1.0223358776296678E-003) (  6.2127183194426019E-009,  4.4541917539453220E-011) (  6.2127182561964309E-009,  4.4541917497495472E-011) (-0.15267758845004303     , -1.0950386728105282E-003)
   6.6518350000000002        1.2500000000000000     
 ( 0.16369827498861159     ,  1.0725653596989359E-003) ( 0.16918695991465443     ,  1.1488661331793075E-003)
 ( 0.15086358674630271     ,  1.0682509752751150E-003) (  6.3490819862003121E-009,  4.6546050193202609E-011) (  6.3490819184578918E-009,  4.6546050147931751E-011) (-0.15602760442255009     , -1.1443082730583766E-003)
   6.7018300000000002        1.2500000000000000     
 ( 0.16746259732649679     ,  1.1203998663574261E-003) ( 0.17308013669388053     ,  1.2001978888946288E-003)
 ( 0.15414234602806209     ,  1.1158646959567662E-003) (  6.4872881076187533E-009,  4.8624546648019693E-011) (  6.4872880351958969E-009,  4.8624546599138592E-011) (-0.15942283887890557     , -1.1954059555238262E-003)
   6.7518250000000002        1.2500000000000000     
 ( 0.17128510199799923     ,  1.1699928806050356E-003) ( 0.17703358778445913     ,  1.2534224291011991E-003)
 ( 0.15746479346288972     ,  1.1652259519491337E-003) (  6.6273443609571844E-009,  5.0779563991430310E-011) (  6.6273442855041794E-009,  5.0779563938728249E-011) (-0.16286347854364638     , -1.2483847422962754E-003)
   6.8018200000000002        1.2500000000000000     
 ( 0.17516626553922493     ,  1.2213950350521332E-003) ( 0.18104781178046514     ,  1.3085944482173685E-003)
 ( 0.16083108712097413     ,  1.2163848382362699E-003) (  6.7692578165326707E-009,  5.3013303905935619E-011) (  6.7692577338096637E-009,  5.3013303849128512E-011) (-0.16634969602604033     , -1.3032987523472245E-003)
   6.8518150000000002        1.2500000000000000     
 ( 0.17910656401905739     ,  1.2746579539397425E-003) ( 0.18512329858949386     ,  1.3657697617847982E-003)
 ( 0.16424138212342129     ,  1.2693924158097179E-003) (  6.9130350484876425E-009,  5.5328012755726374E-011) (  6.9130349601258338E-009,  5.5328012694491175E-011) (-0.16988165058804269     , -1.3602031997481195E-003)
   6.9018100000000002        1.2500000000000000     
 ( 0.18310647789157614     ,  1.3298341207014183E-003) ( 0.18926055094170641     ,  1.4250053960691092E-003)
 ( 0.16769583289902973     ,  1.3243005786638458E-003) (  7.0586829872823061E-009,  5.7725984890012947E-011) (  7.0586828930940415E-009,  5.7725984824045280E-011) (-0.17345951064074216     , -1.4191544807643022E-003)
   6.9518050000000002        1.2500000000000000     
 ( 0.18716647945896292     ,  1.3869773003422254E-003) ( 0.19346006393860760     ,  1.4863594999099841E-003)
 ( 0.17119458021306139     ,  1.3811624751030244E-003) (  7.2062079498893483E-009,  6.0209559268777065E-011) (  7.2062078494182722E-009,  6.0209559197718192E-011) (-0.17708342987852094     , -1.4802100846493438E-003)
   7.0018000000000011        1.2500000000000000     
 ( 0.19128705393295301     ,  1.4461422345659499E-003) ( 0.19772234418373397     ,  1.5498912590432951E-003)
 ( 0.17473777410582403     ,  1.4400322011725102E-003) (  7.3556167107042466E-009,  6.2781115690764822E-011) (  7.3556166036145808E-009,  6.2781115614273751E-011) (-0.18075357306803744     , -1.5434285070876936E-003)
   7.0517949999999994        1.2500000000000000     
 ( 0.19546866621584563     ,  1.5073847151175321E-003) ( 0.20204787931366985     ,  1.6156613290471576E-003)
 ( 0.17832554077790963     ,  1.5009648730062927E-003) (  7.5069150084209385E-009,  6.5443092543931699E-011) (  7.5069148943130373E-009,  6.5443092461641897E-011) (-0.18447007887771033     , -1.6088696812978356E-003)
   7.1017899999999994        1.2500000000000000     
 ( 0.19971181226107670     ,  1.5707616994575981E-003) ( 0.20643716020821457     ,  1.6837312281615545E-003)
 ( 0.18195803129595323     ,  1.5640167421248539E-003) (  7.6601084479859983E-009,  6.8197961960677741E-011) (  7.6601083264391228E-009,  6.8197961872107467E-011) (-0.18823308300386327     , -1.6765943704089175E-003)
   7.1517849999999994        1.2500000000000000     
 ( 0.20401695837376493     ,  1.6363311097635728E-003) ( 0.21089071183022193     ,  1.7541638592396297E-003)
 ( 0.18563536324442315     ,  1.6292449915654695E-003) (  7.8152039454939986E-009,  7.1048251035826454E-011) (  7.8152038198595358E-009,  7.1048250940572470E-011) (-0.19204275373658478     , -1.7466646872769966E-003)
   7.2017799999999994        1.2500000000000000     
 ( 0.20838460303967266     ,  1.7041521645430738E-003) ( 0.21540901791063077     ,  1.8270233352293910E-003)
 ( 0.18935768181877333     ,  1.6967080680755225E-003) (  7.9722064787374115E-009,  7.3996534632199323E-011) (  7.9722063409924769E-009,  7.3996534529827748E-011) (-0.19589921139170374     , -1.8191439190943001E-003)
   7.2517749999999994        1.2500000000000000     
 ( 0.21281522638096945     ,  1.7742850185993486E-003) ( 0.21999260839262191     ,  1.9023749792023133E-003)
 ( 0.19312510979589312     ,  1.7664653192467764E-003) (  8.1311227781438893E-009,  7.7045435349304469E-011) (  8.1311226316872324E-009,  7.7045435239299464E-011) (-0.19980261938861704     , -1.8940965251702511E-003)
   7.3017699999999994        1.2500000000000000     
 ( 0.21730930026505044     ,  1.8467909077587426E-003) ( 0.22464194956143893     ,  1.9802853257816643E-003)
 ( 0.19693775650675485     ,  1.8385771370060156E-003) (  8.2919567478316761E-009,  8.0197623484470853E-011) (  8.2919565919613481E-009,  8.0197623366267752E-011) (-0.20375307071650103     , -1.9715881376939498E-003)
   7.3517649999999994        1.2500000000000000     
 ( 0.22186729160132052     ,  1.9217325844993738E-003) ( 0.22935757670080190     ,  2.0608221195001198E-003)
 ( 0.20079572129704915     ,  1.9131053928000338E-003) (  8.4547148770752538E-009,  8.3455816993945604E-011) (  8.4547147114370263E-009,  8.3455816866973703E-011) (-0.20775072349515461     , -2.0516855587639315E-003)
   7.4017599999999995        1.2500000000000000     
 ( 0.22648971774558999     ,  1.9991735062219636E-003) ( 0.23413998148888504     ,  2.1440546637143823E-003)
 ( 0.20469914987950177     ,  1.9901126230828098E-003) (  8.6194017986122738E-009,  8.6822795573359707E-011) (  8.6194016226486170E-009,  8.6822795437060142E-011) (-0.21179568994957648     , -2.1344571056117652E-003)
   7.4517549999999995        1.2500000000000000     
 ( 0.23117704289330110     ,  2.0791784448711166E-003) ( 0.23898966079561770     ,  2.2300531257637311E-003)
 ( 0.20864813016034653     ,  2.0696626386892043E-003) (  8.7860220286680407E-009,  9.0301372239577282E-011) (  8.7860218418891777E-009,  9.0301372093339608E-011) (-0.21588807745046240     , -2.2199719178443906E-003)
   7.5017499999999995        1.2500000000000000     
 ( 0.23592977046083605     ,  2.1618136037344637E-003) ( 0.24390711157517284     ,  2.3188892329907250E-003)
 ( 0.21264278519568799     ,  2.1518206384357925E-003) (  8.9545799415479420E-009,  9.3894421645696499E-011) (  8.9545797433924009E-009,  9.3894421488702879E-011) (-0.22002799310129281     , -2.3083006467332712E-003)
   7.5517449999999995        1.2500000000000000     
 ( 0.24074835877770490     ,  2.2471460088516189E-003) ( 0.24889287837966984     ,  2.4106360955134429E-003)
 ( 0.21668318683495574     ,  2.2366526008770443E-003) (  9.1250817622734770E-009,  9.7604872956847700E-011) (  9.1250815518553853E-009,  9.7604872788426127E-011) (-0.22421558531741759     , -2.3995152826808176E-003)
   7.6017399999999995        1.2500000000000000     
 ( 0.24563331313568426     ,  2.3352441773767320E-003) ( 0.25394744247585299     ,  2.5053678646420547E-003)
 ( 0.22076944937032339     ,  2.3242259490478473E-003) (  9.2975307090746933E-009,  1.0143569562012428E-010) (  9.2975304859747218E-009,  1.0143569543951431E-010) (-0.22845093248933707     , -2.4936888037521174E-003)
   7.6517349999999995        1.2500000000000000     
 ( 0.25058511079713996     ,  2.4261774491228828E-003) ( 0.25907133005857919     ,  2.6031600763036975E-003)
 ( 0.22490165609812682     ,  2.4146088816899359E-003) (  9.4719318450395875E-009,  1.0538991332044415E-010) (  9.4719316085366066E-009,  1.0538991312676615E-010) (-0.23273415700002120     , -2.5908955261237394E-003)
   7.7017299999999995        1.2500000000000000     
 ( 0.25560424364586409     ,  2.5200167445496502E-003) ( 0.26426502647758904     ,  2.7040898259833774E-003)
 ( 0.22907989819073007     ,  2.5078711281091089E-003) (  9.6482883243236635E-009,  1.0947061123265610E-010) (  9.6482880734993159E-009,  1.0947061102513346E-010) (-0.23706533338203684     , -2.6912112686541946E-003)
   7.7517249999999995        1.2500000000000000     
 ( 0.26069120970172649     ,  2.6168340686737973E-003) ( 0.26952904219205848     ,  2.8082354230834455E-003)
 ( 0.23330426830634859     ,  2.6040834519748383E-003) (  9.8266040662106932E-009,  1.1368092162978961E-010) (  9.8266037931171562E-009,  1.1368092140738573E-010) (-0.24144455506922166     , -2.7947130117756615E-003)
   7.8017199999999995        1.2500000000000000     
 ( 0.26584647157112928     ,  2.7167026595983361E-003) ( 0.27486389035967973     ,  2.9156763911655573E-003)
 ( 0.23757482062267446     ,  2.7033177962608869E-003) (  1.0006882859820409E-008,  1.1802402385326420E-010) (  1.0006882578327873E-008,  1.1802402361504081E-010) (-0.24587191327236829     , -2.9014788928424127E-003)
   7.8517150000000004        1.2500000000000000     
 ( 0.27107053653355245     ,  2.8196970756073801E-003) ( 0.28027010665889718     ,  3.0264939870385155E-003)
 ( 0.24189164659041892     ,  2.8056473688845580E-003) (  1.0189129411965738E-008,  1.2250316550234764E-010) (  1.0189129114127161E-008,  1.2250316524725623E-010) (-0.25034752121896020     , -3.0115887213352905E-003)
   7.9017100000000005        1.2500000000000000     
 ( 0.27636388745032853     ,  2.9258929342987918E-003) ( 0.28574818779148320     ,  3.1407705077851488E-003)
 ( 0.24625481057334786     ,  2.9111463807844087E-003) (  1.0373346399735464E-008,  1.2712163403884442E-010) (  1.0373346084582456E-008,  1.2712163376571122E-010) (-0.25487144167101067     , -3.1251232876964886E-003)
   7.9517050000000005        1.2500000000000000     
 ( 0.28172702491489937     ,  3.0353676095527028E-003) ( 0.29129860915441336     ,  3.2585899878843027E-003)
 ( 0.25066438914560601     ,  3.0198907377828278E-003) (  1.0559535539908367E-008,  1.3188278495365218E-010) (  1.0559535206449230E-008,  1.3188278466141289E-010) (-0.25944371508125358     , -3.2421650549473379E-003)
   8.0016999999999996        1.2500000000000000     
 ( 0.28716041097951522     ,  3.1481986670939960E-003) ( 0.29692193684487622     ,  3.3800375025681540E-003)
 ( 0.25512041575730277     ,  3.1319564787917272E-003) (  1.0747702126496826E-008,  1.3679001358259409E-010) (  1.0747701773854001E-008,  1.3679001318196348E-010) (-0.26406446840889802     , -3.3627974618408931E-003)
   8.0516949999999987        1.2500000000000000     
 ( 0.29266457473792451     ,  3.2644665897104985E-003) ( 0.30261867466834008     ,  3.5051998621289529E-003)
 ( 0.25962298380460774     ,  3.2474224955294589E-003) (  1.0937848508528341E-008,  1.4184678300800214E-010) (  1.0937848135672782E-008,  1.4184678267345008E-010) (-0.26873375827035456     , -3.4871056125005792E-003)
   8.1016899999999996        1.2500000000000000     
 ( 0.29823998718623856     ,  3.3842516770643365E-003) ( 0.30838930674368359     ,  3.6341652674226938E-003)
 ( 0.26417212613511765     ,  3.3663674292166912E-003) (  1.1129976169210596E-008,  1.4705661015806675E-010) (  1.1129975775255266E-008,  1.4705660980035213E-010) (-0.27345161602681883     , -3.6151759333050344E-003)
   8.1516849999999987        1.2500000000000000     
 ( 0.30388714805678479     ,  3.5076362214162011E-003) ( 0.31423436182078934     ,  3.7670233119904404E-003)
 ( 0.26876789915602634     ,  3.4888718460064695E-003) (  1.1324088234280852E-008,  1.5242306564154697E-010) (  1.1324087818403646E-008,  1.5242306525921269E-010) (-0.27821811781942513     , -3.7470961666712845E-003)
   8.2016799999999996        1.2500000000000000     
 ( 0.30960653773137425     ,  3.6347035795801143E-003) ( 0.32015435154983518     ,  3.9038646295866453E-003)
 ( 0.27341033454903796     ,  3.6150173065656278E-003) (  1.1520186829590337E-008,  1.5794975939418962E-010) (  1.1520186390228873E-008,  1.5794975898522372E-010) (-0.28303331196049442     , -3.8829550212655557E-003)
   8.2516749999999988        1.2500000000000000     
 ( 0.31539866198127842     ,  3.7655389265025957E-003) ( 0.32614981177564989     ,  4.0447819419951276E-003)
 ( 0.27809948348741770     ,  3.7448871160852344E-003) (  1.1718274881943758E-008,  1.6364038306432369E-010) (  1.1718274417848242E-008,  1.6364038262750287E-010) (-0.28789726771899959     , -4.0228432145507304E-003)
   8.3016699999999997        1.2500000000000000     
 ( 0.32126400255049092     ,  3.9002279853778497E-003) ( 0.33222123614584737     ,  4.1898693598091197E-003)
 ( 0.28283536940553272     ,  3.8785650517404124E-003) (  1.1918353432949563E-008,  1.6949868183406699E-010) (  1.1918352943628964E-008,  1.6949868136731166E-010) (-0.29281000779788230     , -4.1668527717518807E-003)
   8.3516649999999988        1.2500000000000000     
 ( 0.32720304831404373     ,  4.0388587612185996E-003) ( 0.33836914286429731     ,  4.3392223934809121E-003)
 ( 0.28761801659415331     ,  4.0161370939174800E-003) (  1.2120424252680781E-008,  1.7552845394817735E-010) (  1.2120423730686010E-008,  1.7552845344972049E-010) (-0.29777157455228387     , -4.3150770329464525E-003)
   8.4016599999999997        1.2500000000000000     
 ( 0.33321632634721465     ,  4.1815198095538075E-003) ( 0.34459405370854235     ,  4.4929379389968636E-003)
 ( 0.29244748574094004     ,  4.1576896937437005E-003) (  1.2324489166084593E-008,  1.8173355112241236E-010) (  1.2324488621632196E-008,  1.8173355058991646E-010) (-0.30278200667492600     , -4.4676106373282148E-003)
   8.4516549999999988        1.2500000000000000     
 ( 0.33930429888632269     ,  4.3283011039571750E-003) ( 0.35089651534132094     ,  4.6511142897386632E-003)
 ( 0.29732376154177154     ,  4.3033106338715337E-003) (  1.2530550579108308E-008,  1.8811787801779702E-010) (  1.2530550004596833E-008,  1.8811787744942760E-010) (-0.30784136339702861     , -4.6245495297671515E-003)
   8.5016499999999997        1.2500000000000000     
 ( 0.34546746820597718     ,  4.4792947292328026E-003) ( 0.35727698675331410     ,  4.8138518307576919E-003)
 ( 0.30224687110699305     ,  4.4530897250405167E-003) (  1.2738607359965125E-008,  1.9468542066030343E-010) (  1.2738606754835189E-008,  1.9468542005356196E-010) (-0.31294961344195676     , -4.7859916551456615E-003)
   8.5516450000000006        1.2500000000000000     
 ( 0.35170633906784193     ,  4.6345932679416812E-003) ( 0.36373602085809881     ,  4.9812519938701189E-003)
 ( 0.30721683157203927     ,  4.6071171811009354E-003) (  1.2948661848755048E-008,  2.0144020378910657E-010) (  1.2948661211246920E-008,  2.0144020314185382E-010) (-0.31810680946801673     , -4.9520359062687064E-003)
   8.6016399999999980        1.2500000000000000     
 ( 0.35802139024882212     ,  4.7942910115201052E-003) ( 0.37027412607481069     ,  5.1534176081238434E-003)
 ( 0.31223363485296596     ,  4.7654848350349973E-003) (  1.3160714452562566E-008,  2.0838630515871996E-010) (  1.3160713780775587E-008,  2.0838630446816758E-010) (-0.32331296028577644     , -5.1227824769152748E-003)
   8.6516349999999989        1.2500000000000000     
 ( 0.36441313040673978     ,  4.9584840810972131E-003) ( 0.37689186068361213     ,  5.3304535905348057E-003)
 ( 0.31729729532792084     ,  4.9282862528845020E-003) (  1.3374767252758993E-008,  2.1552788349438903E-010) (  1.3374766545718356E-008,  2.1552788258219451E-010) (-0.32856811352475657     , -5.2983335408712529E-003)
   8.7016299999999980        1.2500000000000000     
 ( 0.37088207260061568     ,  5.1272691520343628E-003) ( 0.38358967316947901     ,  5.5124662632318640E-003)
 ( 0.32240782316900268     ,  5.0956154553668913E-003) (  1.3590817742217152E-008,  2.2286914983146794E-010) (  1.3590817005612264E-008,  2.2286914904597319E-010) (-0.33387220478930324     , -5.4787925743807918E-003)
   8.7516249999999989        1.2500000000000000     
 ( 0.37742867573999284     ,  5.3007449049835408E-003) ( 0.39036814895397332     ,  5.6995633424871510E-003)
 ( 0.32756517956086639     ,  5.2675683668470174E-003) (  1.3808868786303109E-008,  2.3041436819895443E-010) (  1.3808868003100110E-008,  2.3041436736175716E-010) (-0.33922529951485847     , -5.6642643338516655E-003)
   8.8016199999999980        1.2500000000000000     
 ( 0.38405346746426394     ,  5.4790115052492138E-003) ( 0.39722778471153258     ,  5.8918542938973502E-003)
 ( 0.33276937597575457     ,  5.4442422894042863E-003) (  1.4028919442892912E-008,  2.3816786895062760E-010) (  1.4028918618900968E-008,  2.3816786805808778E-010) (-0.34462737435269047     , -5.8548552139017600E-003)
   8.8516149999999989        1.2500000000000000     
 ( 0.39075695203268018     ,  5.6621698556466871E-003) ( 0.40416906149262150     ,  6.0894492938943128E-003)
 ( 0.33802040317149890     ,  5.6257351515975346E-003) (  1.4250967822840762E-008,  2.4613400676518565E-010) (  1.4250966956245326E-008,  2.4613400581425086E-010) (-0.35007837764369543     , -6.0506722036010726E-003)
   8.9016099999999980        1.2500000000000000     
 ( 0.39753959863049854     ,  5.8503232085549781E-003) ( 0.41119257239991319     ,  6.2924619973638825E-003)
 ( 0.34331821349858871     ,  5.8121471211727777E-003) (  1.4475016458931752E-008,  2.5431727286456973E-010) (  1.4475015548206267E-008,  2.5431727185145623E-010) (-0.35557836766828776     , -6.2518256430332706E-003)
   8.9516049999999989        1.2500000000000000     
 ( 0.40440192008598741     ,  6.0435758447260233E-003) ( 0.41829880167299011     ,  6.5010067721027786E-003)
 ( 0.34866278996216926     ,  6.0035792781948979E-003) (  1.4701063138443330E-008,  2.6272218250939403E-010) (  1.4701062180525522E-008,  2.6272218153443952E-010) (-0.36112728977032615     , -6.4584264668264366E-003)
   9.0015999999999980        1.2500000000000000     
 ( 0.41134441747273620     ,  6.2420329618259815E-003) ( 0.42548828215780859     ,  6.7151980053805757E-003)
 ( 0.35405410566386136     ,  6.2001334965062060E-003) (  1.4929107593594709E-008,  2.7135324682005287E-010) (  1.4929106587289991E-008,  2.7135324567125327E-010) (-0.36672512958868453     , -6.6705854919185308E-003)
   9.0515949999999989        1.2500000000000000     
 ( 0.41836757726228158     ,  6.4458025188885394E-003) ( 0.43276154821218488     ,  6.9351542630005925E-003)
 ( 0.35949211224686867     ,  6.4019142880514281E-003) (  1.5159149239908938E-008,  2.8021514130905711E-010) (  1.5159148182263949E-008,  2.8021514008587407E-010) (-0.37237187212850043     , -6.8884175895793081E-003)
   9.1015899999999981        1.2500000000000000     
 ( 0.42547193936196248     ,  6.6549923504080968E-003) ( 0.44011909489646373     ,  7.1609948242396968E-003)
 ( 0.36497680401626215     ,  6.6090259118499195E-003) (  1.5391185546523635E-008,  2.8931256546374801E-010) (  1.5391184436129113E-008,  2.8931256416181221E-010) (-0.37806745264796066     , -7.1120381940076591E-003)
   9.1515849999999990        1.2500000000000000     
 ( 0.43265793063543240     ,  6.8697127651521223E-003) ( 0.44756141584069931     ,  7.3928396881025038E-003)
 ( 0.37050806687413657     ,  6.8215749711192921E-003) (  1.5625214190842569E-008,  2.9865024134000398E-010) (  1.5625213025514807E-008,  2.9865023995475175E-010) (-0.38381180812380400     , -7.3415633293573666E-003)
   9.2015799999999981        1.2500000000000000     
 ( 0.43992611185600111     ,  7.0900750622141700E-003) ( 0.45508910011852582     ,  7.6308109495587416E-003)
 ( 0.37608590540208414     ,  7.0396689169223443E-003) (  1.5861236015395924E-008,  3.0823297197847300E-010) (  1.5861234792046544E-008,  3.0823297048974937E-010) (-0.38960495786486582     , -7.5771109602262568E-003)
   9.2515749999999990        1.2500000000000000     
 ( 0.44727699793516651     ,  7.3161928918374815E-003) ( 0.46270269449312551     ,  7.8750342080061118E-003)
 ( 0.38171028146671837     ,  7.2634174172779495E-003) (  1.6099250182152193E-008,  3.1806569543559189E-010) (  1.6099248898576686E-008,  3.1806569386756148E-010) (-0.39544687566891606     , -7.8188024079851402E-003)
   9.3015699999999981        1.2500000000000000     
 ( 0.45471101421069937     ,  7.5481803213847103E-003) ( 0.47040261523860827     ,  8.1256336849280641E-003)
 ( 0.38738105438795900     ,  7.4929304071948994E-003) (  1.6339250125941380E-008,  3.2815328888182983E-010) (  1.6339248779308456E-008,  3.2815328721454614E-010) (-0.40133739899119886     , -8.0667574594196455E-003)
   9.3515649999999990        1.2500000000000000     
 ( 0.46222872648580537     ,  7.7861537778159441E-003) ( 0.47818945969325810     ,  8.3827371201880326E-003)
 ( 0.39309822512988762     ,  7.7283200352699982E-003) (  1.6581236546213134E-008,  3.3850076475229654E-010) (  1.6581235133487016E-008,  3.3850076297959493E-010) (-0.40727654021870680     , -8.3210992542464540E-003)
   9.4015599999999999        1.2500000000000000     
 ( 0.46983058729215077     ,  8.0302300985883868E-003) ( 0.48606378393938116     ,  8.6464743387517223E-003)
 ( 0.39886167146266971     ,  7.9696987041347998E-003) (  1.6825208253615399E-008,  3.4911321510672248E-010) (  1.6825206772119404E-008,  3.4911321322203379E-010) (-0.41326426424128077     , -8.5819528580105952E-003)
   9.4515549999999990        1.2500000000000000     
 ( 0.47751714791514854     ,  8.2805284998700088E-003) ( 0.49402605395746674     ,  8.9169752152685623E-003)
 ( 0.40467136573299051     ,  8.2171810366705265E-003) (  1.7071160319494924E-008,  3.5999572653916684E-010) (  1.7071158766872686E-008,  3.5999572453690048E-010) (-0.41930044870130107     , -8.8494432067540672E-003)
   9.5015499999999999        1.2500000000000000     
 ( 0.48528889428790278     ,  8.5371699872115944E-003) ( 0.50207678906654218     ,  9.1943731185306354E-003)
 ( 0.41052721290523581     ,  8.4708832821518108E-003) (  1.7319089406527328E-008,  3.7115352026757625E-010) (  1.7319087778949460E-008,  3.7115351811019073E-010) (-0.42538500702759213     , -9.1236985656133977E-003)
   9.5515449999999991        1.2500000000000000     
 ( 0.49314632361915922     ,  8.8002756431738629E-003) ( 0.51021655235315011     ,  9.4788014474428018E-003)
 ( 0.41642912137143073     ,  8.7309215960012596E-003) (  1.7568994024121091E-008,  3.8259181272904122E-010) (  1.7568992324006610E-008,  3.8259181046835351E-010) (-0.43151789906048199     , -9.4048470350508763E-003)
   9.6015400000000000        1.2500000000000000     
 ( 0.50108989380292601     ,  9.0699700846774180E-003) ( 0.51844586627826950     ,  9.7703971128041273E-003)
 ( 0.42237695135870884     ,  8.9974154943363600E-003) (  1.7820870695404824E-008,  3.9431595529294199E-010) (  1.7820868909386231E-008,  3.9431595289200229E-010) (-0.43769903542528826     , -9.6930200462817528E-003)
   9.6515349999999991        1.2500000000000000     
 ( 0.50912021255684470     ,  9.3463772958063650E-003) ( 0.52676525864139556     ,  1.0069296367048057E-002)
 ( 0.42837071001112748     ,  9.2704836840135398E-003) (  1.8074715746965997E-008,  4.0633126394423069E-010) (  1.8074713861261829E-008,  4.0633126139509667E-010) (-0.44392832252399600     , -9.9883481806569401E-003)
   9.7015300000000000        1.2500000000000000     
 ( 0.51723765886971995     ,  9.6296250451172825E-003) ( 0.53517521091542275     ,  1.0375640350276273E-002)
 ( 0.43441017435054663     ,  9.5502484710331941E-003) (  1.8330523909187097E-008,  4.1864324715749264E-010) (  1.8330521951743210E-008,  4.1864324442066704E-010) (-0.45020562489049926     , -1.0290966707434089E-002)
   9.7515249999999991        1.2500000000000000     
 ( 0.52544281858588560     ,  9.9198403649979425E-003) ( 0.54367630279192725     ,  1.0689568871541988E-002)
 ( 0.44049531519049412     ,  9.8368312318668702E-003) (  1.8588293018326400E-008,  4.3125735029821790E-010) (  1.8588290968987739E-008,  4.3125734707280132E-010) (-0.45653088637568068     , -1.0601009359191383E-002)
   9.8015200000000000        1.2500000000000000     
 ( 0.53373619427990027     ,  1.0217153139193358E-002) ( 0.55226906660425490     ,  1.1011224549613950E-002)
 ( 0.44662602465404350     ,  1.0130356001047249E-002) (  1.8848019276286915E-008,  4.4417912414488906E-010) (  1.8848017131941813E-008,  4.4417912109568367E-010) (-0.46290400995375847     , -1.0918612465658749E-002)
   9.8515149999999991        1.2500000000000000     
 ( 0.54211821514946235     ,  1.0521695063411508E-002) ( 0.56095399535219437     ,  1.1340753517653153E-002)
 ( 0.45280210521808911     ,  1.0430948425066804E-002) (  1.9109696992687190E-008,  4.5741425498123536E-010) (  1.9109694749594355E-008,  4.5741425174578700E-010) (-0.46932484977667743     , -1.1243915657199377E-002)
   9.9015100000000000        1.2500000000000000     
 ( 0.55058946530597364     ,  1.0833598387736324E-002) ( 0.56973163033318930     ,  1.1678301262917561E-002)
 ( 0.45902351729515622     ,  1.0738734497425347E-002) (  1.9373321920725324E-008,  4.7096839410023280E-010) (  1.9373319589745343E-008,  4.7096839066781356E-010) (-0.47579330031516115     , -1.1577057695374803E-002)
   9.9515049999999992        1.2500000000000000     
 ( 0.55915041734466442     ,  1.1152997979923644E-002) ( 0.57860247439949364     ,  1.2024014717993374E-002)
 ( 0.46529009536680777     ,  1.1053842619394683E-002) (  1.9638887975696767E-008,  4.8484724074714494E-010) (  1.9638885522220268E-008,  4.8484723710678882E-010) (-0.48230920760984469     , -1.1918178551612932E-002)
   10.001500000000000        1.2500000000000000     
 ( 0.56780155680478184     ,  1.1480028452301491E-002) ( 0.58756711509206461     ,  1.2378045716479588E-002)
 ( 0.47160169203566504     ,  1.1376400709015211E-002) (  1.9906393057293020E-008,  4.9905668556983661E-010) (  1.9906390491770873E-008,  4.9905668171000797E-010) (-0.48887250890792722     , -1.2267422871431887E-002)
   10.051494999999999        1.2500000000000000     
 ( 0.57654339005394972     ,  1.1814828563675850E-002) ( 0.59662601467281540     ,  1.2740546159029769E-002)
 ( 0.47795816854427131     ,  1.1706540609816470E-002) (  2.0175828731289676E-008,  5.1360261228193613E-010) (  2.0175826049025429E-008,  5.1360260780789467E-010) (-0.49548300339592016     , -1.2624935114820116E-002)
   10.101490000000000        1.2500000000000000     
 ( 0.58537647854920538     ,  1.2157537163775706E-002) ( 0.60577972475902031     ,  1.3111667988686883E-002)
 ( 0.48435943696827494     ,  1.2044394022849122E-002) (  2.0447190829555705E-008,  5.2849089536704243E-010) (  2.0447188027411182E-008,  5.2849089103006500E-010) (-0.50214057660847800     , -1.2990859541787685E-002)
   10.151484999999999        1.2500000000000000     
 ( 0.59430123166468796     ,  1.2508292487858043E-002) ( 0.61502876187196964     ,  1.3491565989519588E-002)
 ( 0.49080524988600793     ,  1.2390091810151806E-002) (  2.0720472599578645E-008,  5.4372751599764613E-010) (  2.0720469671831892E-008,  5.4372751140014331E-010) (-0.50884506291671183     , -1.3365342986869885E-002)
   10.201479999999998        1.2500000000000000     
 ( 0.60331822266443202     ,  1.2867239959978197E-002) ( 0.62437372928613011     ,  1.3880399167675288E-002)
 ( 0.49729552211215061     ,  1.2743771751690995E-002) (  2.0995671442514581E-008,  5.5931861691177293E-010) (  2.0995668355870293E-008,  5.5931861198106489E-010) (-0.51559638653901352     , -1.3748536259283939E-002)
   10.251474999999999        1.2500000000000000     
 ( 0.61242792747035735     ,  1.3234520562164433E-002) ( 0.63381505191513299     ,  1.4278323834757746E-002)
 ( 0.50383006090850824     ,  1.3105566954058919E-002) (  2.1272776970920740E-008,  5.7527021836593062E-010) (  2.1272773779312853E-008,  5.7527021320629074E-010) (-0.52239429654073077     , -1.4140587185427956E-002)
   10.301469999999998        1.2500000000000000     
 ( 0.62163084224647147     ,  1.3610281177456177E-002) ( 0.64335330105694866     ,  1.4685503298693368E-002)
 ( 0.51040869714667325     ,  1.3475616160854640E-002) (  2.1551784237660475E-008,  5.9158861531267681E-010) (  2.1551780904431767E-008,  5.9158860984757267E-010) (-0.52923866121097518     , -1.4541650307023979E-002)
   10.351464999999999        1.2500000000000000     
 ( 0.63092750260537922     ,  1.3994667185192109E-002) ( 0.65298899953762191     ,  1.5102098162527118E-002)
 ( 0.51703128333668613     ,  1.3854056342188434E-002) (  2.1832686514015797E-008,  6.0827998263971036E-010) (  2.1832683035444669E-008,  6.0827997685128024E-010) (-0.53612931058552216     , -1.4951877199020656E-002)
   10.401459999999998        1.2500000000000000     
 ( 0.64031836982734947     ,  1.4387828236478105E-002) ( 0.66272267179890831     ,  1.5528273266138556E-002)
 ( 0.52369759704044749     ,  1.4241028467230445E-002) (  2.2115476740294940E-008,  6.2535065366786464E-010) (  2.2115473110309437E-008,  6.2535064754107464E-010) (-0.54306607293553455     , -1.5371423332513916E-002)
   10.451454999999999        1.2500000000000000     
 ( 0.64980398465080902     ,  1.4789913159282459E-002) ( 0.67255489898564136     ,  1.5964194921500568E-002)
 ( 0.53040750210511323     ,  1.4636672401409178E-002) (  2.2400149811643421E-008,  6.4280701006811739E-010) (  2.2400146022838115E-008,  6.4280700358065337E-010) (-0.55004880923995203     , -1.5800445403109604E-002)
   10.501449999999998        1.2500000000000000     
 ( 0.65938480689870904     ,  1.5201073236849725E-002) ( 0.68248612244526785     ,  1.6410029524290021E-002)
 ( 0.53716075106405059     ,  1.5041130185099182E-002) (  2.2686695000938663E-008,  6.6065542620866759E-010) (  2.2686691049611766E-008,  6.6065541934301360E-010) (-0.55707725486843629     , -1.6239099830258723E-002)
   10.551444999999999        1.2500000000000000     
 ( 0.66906138743987198     ,  1.5621461707269834E-002) ( 0.69251692818061983     ,  1.6865947692880801E-002)
 ( 0.54395719805913600     ,  1.5454545506441852E-002) (  2.2975106630903107E-008,  6.7890243400420161E-010) (  2.2975102525426503E-008,  6.7890242673911431E-010) (-0.56415126718589925     , -1.6687546962413893E-002)
   10.601439999999998        1.2500000000000000     
 ( 0.67883419061305905     ,  1.6051234254148689E-002) ( 0.70264781067385640     ,  1.7332120161508563E-002)
 ( 0.55079660776682293     ,  1.5877064197702954E-002) (  2.3265375900504871E-008,  6.9755455713025680E-010) (  2.3265371602270832E-008,  6.9755454944353010E-010) (-0.57127061817617086     , -1.7145946932386524E-002)
   10.651434999999999        1.2500000000000000     
 ( 0.68870373933003093     ,  1.6490545072961462E-002) ( 0.71287935545087744     ,  1.7808721911113313E-002)
 ( 0.55767878995024656     ,  1.6308830293447291E-002) (  2.3557496844315199E-008,  7.1661847936220798E-010) (  2.3557492362555044E-008,  7.1661847170832841E-010) (-0.57843516724526067     , -1.7614463773903806E-002)
   10.701429999999998        1.2500000000000000     
 ( 0.69867053827851899     ,  1.6939553811436990E-002) ( 0.72321202572722909     ,  1.8295925234732377E-002)
 ( 0.56460352933728630     ,  1.6749992949208557E-002) (  2.3851458498964531E-008,  7.3610076018046015E-010) (  2.3851453806838767E-008,  7.3610075205886878E-010) (-0.58564463044297599     , -1.8093258483155964E-002)
   10.751424999999999        1.2500000000000000     
 ( 0.70873506772931583     ,  1.7398418869012170E-002) ( 0.73364636787359394     ,  1.8793908078632800E-002)
 ( 0.57157059191661341     ,  1.7200699760685566E-002) (  2.4147253237138149E-008,  7.5600817740717747E-010) (  2.4147248370253643E-008,  7.5600816831641084E-010) (-0.59289881908200026     , -1.8582497378181850E-002)
   10.801419999999998        1.2500000000000000     
 ( 0.71889785033490172     ,  1.7867300171223888E-002) ( 0.74418289789490033     ,  1.9302849872353228E-002)
 ( 0.57857976127404420     ,  1.7661099493103589E-002) (  2.4444871237896767E-008,  7.7634755271916669E-010) (  2.4444866144119485E-008,  7.7634754311031079E-010) (-0.60019748551550101     , -1.9082347871681952E-002)
   10.851414999999999        1.2500000000000000     
 ( 0.72915937433354228     ,  1.8346361248040934E-002) ( 0.75482216490104559     ,  1.9822930168479466E-002)
 ( 0.58563079676415530     ,  1.8131344192246178E-002) (  2.4744304915581392E-008,  7.9712569646142307E-010) (  2.4744299634177355E-008,  7.9712568725231947E-010) (-0.60754043983660200     , -1.9592977122951941E-002)
   10.901409999999998        1.2500000000000000     
 ( 0.73952015996901288     ,  1.8835766493796272E-002) ( 0.76556469248142278     ,  2.0354332773826506E-002)
 ( 0.59272348576035383     ,  1.8611586393155247E-002) (  2.5045544257998382E-008,  8.1834958228367151E-010) (  2.5045538785417004E-008,  8.1834957154633187E-010) (-0.61492743069902134     , -2.0114556186465075E-002)
   10.951404999999999        1.2500000000000000     
 ( 0.74998069991620131     ,  1.9335679987727190E-002) ( 0.77641099505328703     ,  2.0897238849637081E-002)
 ( 0.59985757060200251     ,  1.9101977942078543E-002) (  2.5348579617261366E-008,  8.4002605383631140E-010) (  2.5348573856041560E-008,  8.4002604249544342E-010) (-0.62235821410893555     , -2.0647253046131551E-002)
   11.001399999999999        1.2500000000000000     
 ( 0.76054149424315010     ,  1.9846269424359592E-002) ( 0.78736164252792673     ,  2.1451836582655745E-002)
 ( 0.60703280158942063     ,  1.9602673954438328E-002) (  2.5653402782631339E-008,  8.6216222947549362E-010) (  2.5653396818572619E-008,  8.6216221737391364E-010) (-0.62983258174198031     , -2.1191242313488068E-002)
   11.051394999999999        1.2500000000000000     
 ( 0.77120302424709342     ,  2.0367703598849939E-002) ( 0.79841707134072359     ,  2.2018312956583443E-002)
 ( 0.61424890457922254     ,  2.0113830244610987E-002) (  2.5959999999131807E-008,  8.8476516020149591E-010) (  2.5959993787989761E-008,  8.8476514754418404E-010) (-0.63735019150683447     , -2.1746697002588519E-002)
   11.101389999999999        1.2500000000000000     
 ( 0.78196584105789479     ,  2.0900152852052534E-002) ( 0.80957789762112986     ,  2.2596856402756396E-002)
 ( 0.62150566995010859     ,  2.0635603778050272E-002) (  2.6268364697153056E-008,  9.0784193819770641E-010) (  2.6268358236936515E-008,  9.0784192507815464E-010) (-0.64491088058971957     , -2.2313791123681516E-002)
   11.151384999999999        1.2500000000000000     
 ( 0.79283040630987911     ,  2.1443788622949666E-002) ( 0.82084462038413053     ,  2.3187661071331550E-002)
 ( 0.62880278564649206     ,  2.1168152229556252E-002) (  2.6578484572445215E-008,  9.3139987439239580E-010) (  2.6578477850907079E-008,  9.3139986028073135E-010) (-0.65251433560305372     , -2.2892703999695029E-002)
   11.201379999999999        1.2500000000000000     
 ( 0.80379722039103119     ,  2.1998783922512175E-002) ( 0.83221776526987645     ,  2.3790915688143600E-002)
 ( 0.63613999037933311     ,  2.1711634415056975E-002) (  2.6890349894510080E-008,  9.5544603680779151E-010) (  2.6890342898862180E-008,  9.5544602274421976E-010) (-0.66016030722564567     , -2.3483609012013639E-002)
   11.251374999999999        1.2500000000000000     
 ( 0.81486678501132359     ,  2.2565315173890581E-002) ( 0.84369778766608916     ,  2.4406821611258022E-002)
 ( 0.64351699359930059     ,  2.2266212129344432E-002) (  2.7203945856464886E-008,  9.7998799310123534E-010) (  2.7203938590702123E-008,  9.7998797737848798E-010) (-0.66784843809262096     , -2.4086691823757087E-002)
   11.301369999999999        1.2500000000000000     
 ( 0.82603962640092354     ,  2.3143555755874529E-002) ( 0.85528531292561305     ,  2.5035567834379015E-002)
 ( 0.65093354081231214     ,  2.2832043724057692E-002) (  2.7519266095444392E-008,  1.0050327883036116E-009) (  2.7519258529663813E-008,  1.0050327717102903E-009) (-0.67557855829691171     , -2.4702125177911875E-002)
   11.351364999999999        1.2500000000000000     
 ( 0.83731617619244803     ,  2.3733686618290579E-002) ( 0.86698085464414043     ,  2.5677360216015334E-002)
 ( 0.65838927968592920     ,  2.3409294639353047E-002) (  2.7836297782374205E-008,  1.0305881307977208E-009) (  2.7836289853182060E-008,  1.0305881142422536E-009) (-0.68335034467908118     , -2.5330098211283215E-002)
   11.401359999999999        1.2500000000000000     
 ( 0.84869702490944476     ,  2.4335887096104406E-002) ( 0.87878490981717339     ,  2.6332393602747847E-002)
 ( 0.66588399679136068     ,  2.3998128250062055E-002) (  2.8155028134143637E-008,  1.0566612678245729E-009) (  2.8155019955363070E-008,  1.0566612493549552E-009) (-0.69116348953257911     , -2.5970788567813957E-002)
   11.451355000000000        1.2500000000000000     
 ( 0.86018263448304244     ,  2.4950334592322026E-002) ( 0.89069790230005952     ,  2.7000871347358055E-002)
 ( 0.67341735619984300     ,  2.4598705560182239E-002) (  2.8475441334555998E-008,  1.0832597676103503E-009) (  2.8475432832651493E-008,  1.0832597481344277E-009) (-0.69901758324917940     , -2.6624381925232067E-002)
   11.501349999999999        1.2500000000000000     
 ( 0.87177344592467443     ,  2.5577215308353808E-002) ( 0.90272052961744131     ,  2.7682999781596877E-002)
 ( 0.68098898575501410     ,  2.5211195859158719E-002) (  2.8797531200809708E-008,  1.1103912995918099E-009) (  2.8797522367463288E-008,  1.1103912790503564E-009) (-0.70691247591295758     , -2.7291066340186031E-002)
   11.551345000000000        1.2500000000000000     
 ( 0.88347004808251828     ,  2.6216712889826084E-002) ( 0.91485329246348801     ,  2.8378982563995809E-002)
 ( 0.68859867598867885     ,  2.5835765399750975E-002) (  2.9121285754014914E-008,  1.1380634071416598E-009) (  2.9121276514892441E-008,  1.1380633854875471E-009) (-0.71484786203291684     , -2.7971026737172361E-002)
   11.601339999999999        1.2500000000000000     
 ( 0.89527287865814831     ,  2.6869012096012900E-002) ( 0.92709654838766431     ,  2.9089029148819771E-002)
 ( 0.69624601547903753     ,  2.6472581045111500E-002) (  2.9446683667670975E-008,  1.1662838438123861E-009) (  2.9446674134193118E-008,  1.1662838209828476E-009) (-0.72282322026267343     , -2.8664453267248900E-002)
   11.651335000000000        1.2500000000000000     
 ( 0.90718248055220618     ,  2.7534297000297414E-002) ( 0.93945098932275362     ,  2.9813343575353701E-002)
 ( 0.70393075463417154     ,  2.7121808452717694E-002) (  2.9773720118945891E-008,  1.1950601214912610E-009) (  2.9773710246374133E-008,  1.1950600973136832E-009) (-0.73083841257882742     , -2.9371530077663098E-002)
   11.701330000000000        1.2500000000000000     
 ( 0.91919931084804829     ,  2.8212761160846315E-002) ( 0.95191705469055621     ,  3.0552144008072078E-002)
 ( 0.71165249426481036     ,  2.7783622254622883E-002) (  3.0102377500273241E-008,  1.2244003055322018E-009) (  3.0102367213324164E-008,  1.2244002811303099E-009) (-0.73889301597914814     , -3.0092454903546839E-002)
   11.751324999999998        1.2500000000000000     
 ( 0.93132383399942920     ,  2.8904594203999268E-002) ( 0.96449536172986661     ,  3.1305637620729243E-002)
 ( 0.71941088792162178     ,  2.8458192586198746E-002) (  3.0432647003524956E-008,  1.2543119917116085E-009) (  3.0432636323297688E-008,  1.2543119649951006E-009) (-0.74698679017335168     , -3.0827413934535492E-002)
   11.801319999999999        1.2500000000000000     
 ( 0.94355664731298061     ,  2.9609983204282177E-002) ( 0.97718627709602346     ,  3.2074042968291631E-002)
 ( 0.72720566544443466     ,  2.9145686501611354E-002) (  3.0764506893857887E-008,  1.2848032127551411E-009) (  3.0764495810566643E-008,  1.2848031846082933E-009) (-0.75511921118576852     , -3.1576604043955570E-002)
   11.851314999999998        1.2500000000000000     
 ( 0.95589815591070815     ,  3.0329126144730403E-002) ( 0.98999041048628311     ,  3.2857573232486122E-002)
 ( 0.73503639344999305     ,  2.9846281368208823E-002) (  3.1097948453047200E-008,  1.3158817578177209E-009) (  3.1097936975748283E-008,  1.3158817281733410E-009) (-0.76329004564079894     , -3.2340216204450503E-002)
   11.901309999999999        1.2500000000000000     
 ( 0.96834890884418390     ,  3.1062215716570179E-002) (  1.0029083206915774     ,  3.3656450104166950E-002)
 ( 0.74290276324362503     ,  3.0560148725594538E-002) (  3.1432957103027857E-008,  1.3475557441959889E-009) (  3.1432945116137607E-008,  1.3475557129823294E-009) (-0.77149893780494394     , -3.3118449261290379E-002)
   11.951304999999998        1.2500000000000000     
 ( 0.98090935810569457     ,  3.1809446246504204E-002) (  1.0159404496081179     ,  3.4470889985766709E-002)
 ( 0.75080438644151615     ,  3.1287461071308531E-002) (  3.1769516268270889E-008,  1.3798330397487729E-009) (  3.1769503908074790E-008,  1.3798330068857313E-009) (-0.77974546852939131     , -3.3911496106071498E-002)
   12.001299999999999        1.2500000000000000     
 ( 0.99358007506619261     ,  3.2571015534539983E-002) (  1.0290873505469837     ,  3.5301115077127493E-002)
 ( 0.75874093562319767     ,  3.2028393884935717E-002) (  3.2107612034102798E-008,  1.4127217250450859E-009) (  3.2107599181526380E-008,  1.4127216904487057E-009) (-0.78802928915660597     , -3.4719554711105001E-002)
   12.051294999999998        1.2500000000000000     
 (  1.0063614537593550     ,  3.3347124020266010E-002) (  1.0423495761399835     ,  3.6147347804806947E-002)
 ( 0.76671196165434419     ,  3.2783124590530566E-002) (  3.2447230385199218E-008,  1.4462298658329696E-009) (  3.2447217018799909E-008,  1.4462298310825227E-009) (-0.79635004977307589     , -3.5542822706249699E-002)
   12.101289999999999        1.2500000000000000     
 (  1.0192540361565792     ,  3.4137973774415846E-002) (  1.0557275088863360     ,  3.7009819083815870E-002)
 ( 0.77471711106268237     ,  3.3551831621825727E-002) (  3.2788350209391952E-008,  1.4803658471142618E-009) (  3.2788336377270596E-008,  1.4803658087962968E-009) (-0.80470721946526791     , -3.6381505501573000E-002)
   12.151284999999998        1.2500000000000000     
 (  1.0322582586466469     ,  3.4943760689809165E-002) (  1.0692218758810137     ,  3.7888749086240979E-002)
 ( 0.78275595457551550     ,  3.4334686573268547E-002) (  3.3130964395736025E-008,  1.5151375811143531E-009) (  3.3130950052713221E-008,  1.5151375412796261E-009) (-0.81310063255230558     , -3.7235796989466739E-002)
   12.201279999999999        1.2500000000000000     
 (  1.0453747303586183     ,  3.5764693941510224E-002) (  1.0828329814120534     ,  3.8784366484012407E-002)
 ( 0.79082819157943107     ,  3.5131873651154367E-002) (  3.3475048324466865E-008,  1.5505533077775000E-009) (  3.3475033482609047E-008,  1.5505532653457588E-009) (-0.82152966068173705     , -3.8105898917507826E-002)
   12.251274999999998        1.2500000000000000     
 (  1.0586038840080114     ,  3.6600974605538274E-002) (  1.0965614822441936     ,  3.9696905835428301E-002)
 ( 0.79893337134074438     ,  3.5943568330058663E-002) (  3.3820591231393057E-008,  1.5866214693200387E-009) (  3.3820575799805437E-008,  1.5866214247013767E-009) (-0.82999403327050558     , -3.8992018132339330E-002)
   12.301269999999999        1.2500000000000000     
 (  1.0719461330884104     ,  3.7452810097179913E-002) (  1.1104078478469555     ,  4.0626596381277788E-002)
 ( 0.80707100444058721     ,  3.6769951718415440E-002) (  3.4167575361966387E-008,  1.6233502647406950E-009) (  3.4167559382400509E-008,  1.6233502178050038E-009) (-0.83849331319779130     , -3.9894355449435412E-002)
   12.351264999999998        1.2500000000000000     
 (  1.0854021140975516     ,  3.8320406837381450E-002) (  1.1243725732126462     ,  4.1573673176222938E-002)
 ( 0.81524082566954503     ,  3.7611203150764459E-002) (  3.4515982292739428E-008,  1.6607481014294036E-009) (  3.4515965731440057E-008,  1.6607480520813983E-009) (-0.84702704210419155     , -4.0813116641117898E-002)
   12.401259999999999        1.2500000000000000     
 (  1.0989721874268028     ,  3.9203975651161099E-002) (  1.1384562335998520     ,  4.2538368837243351E-002)
 ( 0.82344228145060716     ,  3.8467505677143077E-002) (  3.4865797637639647E-008,  1.6988232508834551E-009) (  3.4865780481011984E-008,  1.6988231989998031E-009) (-0.85559485587651962     , -4.1748504342246272E-002)
   12.451254999999998        1.2500000000000000     
 (  1.1126569087304130     ,  4.0103724013441977E-002) (  1.1526592368337210     ,  4.3520921791209019E-002)
 ( 0.83167501277926192     ,  3.9339038307251446E-002) (  3.5216999811378121E-008,  1.7375841961260857E-009) (  3.5216982093833097E-008,  1.7375841415860795E-009) (-0.86419620674397846     , -4.2700726188065814E-002)
   12.501249999999999        1.2500000000000000     
 (  1.1264567396753780     ,  4.1019866661947998E-002) (  1.1669822487151498     ,  4.4521570819355767E-002)
 ( 0.83993854595562045     ,  4.0225986512428862E-002) (  3.5569577331732838E-008,  1.7770393955045152E-009) (  3.5569558979531735E-008,  1.7770393379398650E-009) (-0.87283082267994405     , -4.3669989289140752E-002)
   12.551245000000000        1.2500000000000000     
 (  1.1403721598074688     ,  4.1952614577572642E-002) (  1.1814255988384499     ,  4.5540557692004061E-002)
 ( 0.84823242236749130     ,  4.1128531170240006E-002) (  3.5923504313521786E-008,  1.8171973995447528E-009) (  3.5923485244878862E-008,  1.8171973390700699E-009) (-0.88149805720123786     , -4.4656502938325758E-002)
   12.601239999999999        1.2500000000000000     
 (  1.1544036874964436     ,  4.2902180426379929E-002) (  1.1959899675224059     ,  4.6578119053979274E-002)
 ( 0.85655626339546742     ,  4.2046854164674963E-002) (  3.6278770267739693E-008,  1.8580665172230732E-009) (  3.6278750512262534E-008,  1.8580664539368184E-009) (-0.89019762917046996     , -4.5660470368392762E-002)
   12.651235000000000        1.2500000000000000     
 (  1.1685518386893665     ,  4.3868781402905635E-002) (  1.2106757667416139     ,  4.7634502934519526E-002)
 ( 0.86490960637318803     ,  4.2981141015225564E-002) (  3.6635352453621391E-008,  1.8996554841867810E-009) (  3.6635332001215628E-008,  1.8996554148926133E-009) (-0.89892898929423926     , -4.6682105472448797E-002)
   12.701229999999999        1.2500000000000000     
 (  1.1828170438961279     ,  4.4852634623373799E-002) (  1.2254835175193313     ,  4.8709954944646930E-002)
 ( 0.87329195618902933     ,  4.3931576373304311E-002) (  3.6993232234525609E-008,  1.9419728973055433E-009) (  3.6993211054201410E-008,  1.9419728274681876E-009) (-0.90769165975253618     , -4.7721618705506320E-002)
   12.751225000000000        1.2500000000000000     
 (  1.1971997441156297     ,  4.5853959471168222E-002) (  1.2404136371184864     ,  4.9804718276698419E-002)
 ( 0.88170277890717497     ,  4.4898346237270133E-002) (  3.7352387550908955E-008,  1.9850272255955188E-009) (  3.7352365572700466E-008,  1.9850271536898104E-009) (-0.91648509334977857     , -4.8779217186455184E-002)
   12.801219999999999        1.2500000000000000     
 (  1.2117004787218075     ,  4.6872975166016455E-002) (  1.2554668309390682     ,  5.0919047545140782E-002)
 ( 0.89014168125490400     ,  4.5881635749025110E-002) (  3.7712806037638484E-008,  2.0288273687477358E-009) (  3.7712783352150826E-008,  2.0288272936561967E-009) (-0.92530898510886617     , -4.9855118559073243E-002)
   12.851215000000000        1.2500000000000000     
 (  1.2263197715740952     ,  4.7909900993136890E-002) (  1.2706435248660011     ,  5.2053181149731918E-002)
 ( 0.89860819758392818     ,  4.6881629009256326E-002) (  3.8074465716636050E-008,  2.0733815210441926E-009) (  3.8074442177872051E-008,  2.0733814401982491E-009) (-0.93416278253712526     , -5.0949523194642250E-002)
   12.901209999999999        1.2500000000000000     
 (  1.2410580514157199     ,  4.8964955588609346E-002) (  1.2859441645594314     ,  5.3207380038718104E-002)
 ( 0.90710181167650528     ,  4.7898508719390505E-002) (  3.8437343162798749E-008,  2.1186987550314863E-009) (  3.8437318874847548E-008,  2.1186986720662436E-009) (-0.94304591041710695     , -5.2062653151232825E-002)
   12.951205000000000        1.2500000000000000     
 (  1.2559158644692512     ,  5.0038373365334753E-002) (  1.3013692784884823     ,  5.4381899948531515E-002)
 ( 0.91562206812428681     ,  4.8932472368028460E-002) (  3.8801420124279175E-008,  2.1647879012710971E-009) (  3.8801394932363739E-008,  2.1647878141191025E-009) (-0.95195789367063610     , -5.3194724282756366E-002)
   13.001199999999999        1.2500000000000000     
 (  1.2708936135985058     ,  5.1130365464268024E-002) (  1.3169194784186142     ,  5.5576980461128245E-002)
 ( 0.92416839072637091     ,  4.9983693325506458E-002) (  3.9166680763579198E-008,  2.2116570802716523E-009) (  3.9166654719624149E-008,  2.2116569868214020E-009) (-0.96089834850747147     , -5.4345935138167031E-002)
   13.051195000000000        1.2500000000000000     
 (  1.2859917838195905     ,  5.2241167634146664E-002) (  1.3325950484593958     ,  5.6792894801848896E-002)
 ( 0.93274030008296216     ,  5.1052368492229543E-002) (  3.9533094722001717E-008,  2.2593157486879703E-009) (  3.9533067831904011E-008,  2.2593156544394315E-009) (-0.96986651461665874     , -5.5516516908253377E-002)
   13.101189999999999        1.2500000000000000     
 (  1.3012108867374459     ,  5.3371002132905632E-002) (  1.3483967118340803     ,  5.8029888860348690E-002)
 ( 0.94133729125471499     ,  5.2138680354918664E-002) (  3.9900649560709022E-008,  2.3077722130397580E-009) (  3.9900621639051984E-008,  2.3077721101838672E-009) (-0.97886208038983558     , -5.6706672516731865E-002)
   13.151185000000000        1.2500000000000000     
 (  1.3165513603942298     ,  5.4520094462226734E-002) (  1.3643248273198694     ,  5.9288225705971177E-002)
 ( 0.94995881626211842     ,  5.3242813611470111E-002) (  4.0269318966754970E-008,  2.3570354231159408E-009) (  4.0269290222257350E-008,  2.3570353152234466E-009) (-0.98788439128928374     , -5.7916620766559811E-002)
   13.201179999999999        1.2500000000000000     
 (  1.3320137089359934     ,  5.5688684469157604E-002) (  1.3803800333998655     ,  6.0568168717368552E-002)
 ( 0.95860435198160021     ,  5.4364966284508612E-002) (  4.0639087137134041E-008,  2.4071143068002176E-009) (  4.0639057287313939E-008,  2.4071141936553784E-009) (-0.99693304482871858     , -5.9146579831858039E-002)
   13.251175000000000        1.2500000000000000     
 (  1.3475984274109749     ,  5.6876992992280877E-002) (  1.3965626236162945     ,  6.1869976325620489E-002)
 ( 0.96727341492234886     ,  5.5505316410260623E-002) (  4.1009923053474480E-008,  2.4580175396381378E-009) (  4.1009892333758516E-008,  2.4580174181945404E-009) ( -1.0060072754856701     , -6.0396761647285267E-002)
   13.301169999999999        1.2500000000000000     
 (  1.3633060355665423     ,  5.8085256250095890E-002) (  1.4128732394539587     ,  6.3193912894818141E-002)
 ( 0.97596547199925399     ,  5.6664056250343237E-002) (  4.1381810493301048E-008,  2.5097539967972563E-009) (  4.1381778616427177E-008,  2.5097538724283525E-009) ( -1.0151066836231253     , -6.1667383016077354E-002)
   13.351165000000000        1.2500000000000000     
 (  1.3791369259575632     ,  5.9313705319914027E-002) (  1.4293124458479673     ,  6.4540237653150201E-002)
 ( 0.98467993469290993     ,  5.7841371965808193E-002) (  4.1754730514916436E-008,  2.5623323030994744E-009) (  4.1754697671350934E-008,  2.5623321722607063E-009) ( -1.0242307695177697     , -6.2958654452016524E-002)
   13.401159999999999        1.2500000000000000     
 (  1.3950915681254898     ,  6.0562574690945593E-002) (  1.4458805387360973     ,  6.5909227037177526E-002)
 ( 0.99341620432662825     ,  5.9037451778682748E-002) (  4.2128651019713260E-008,  2.6157617311444153E-009) (  4.2128617166545107E-008,  2.6157615945018828E-009) ( -1.0333787708936155     , -6.4270802435120428E-002)
   13.451155000000000        1.2500000000000000     
 (  1.4111704671538357     ,  6.1832101019871050E-002) (  1.4625781859583638     ,  6.7301141419810251E-002)
 (  1.0021737653846818     ,  6.0252485282188420E-002) (  4.2503556919230785E-008,  2.6700508454568000E-009) (  4.2503521956346186E-008,  2.6700507060783023E-009) ( -1.0425502672340274     , -6.5604036088311946E-002)
   13.501149999999999        1.2500000000000000     
 (  1.4273741695163784     ,  6.3122519783539610E-002) (  1.4794057701240981     ,  6.8716258252246545E-002)
 (  1.0109521213726607     ,  6.1486659459105773E-002) (  4.2879420048008555E-008,  2.7252088642674891E-009) (  4.2879383711197042E-008,  2.7252087180381481E-009) ( -1.0517445896611741     , -6.6958580400411583E-002)
   13.551145000000000        1.2500000000000000     
 (  1.4437029506026269     ,  6.4434064257854334E-002) (  1.4963638712650273     ,  7.0154838820971233E-002)
 (  1.0197505142551977     ,  6.2740158018420103E-002) (  4.3256220190355823E-008,  2.7812443004303746E-009) (  4.3256182806288934E-008,  2.7812441470570447E-009) ( -1.0609612308913050     , -6.8334642973934545E-002)
   13.601139999999999        1.2500000000000000     
 (  1.4601575156959186     ,  6.5766979203405490E-002) (  1.5134528970730508     ,  7.1617156150764347E-002)
 (  1.0285685898969408     ,  6.4013175002630193E-002) (  4.3633930275074839E-008,  2.8381660821597726E-009) (  4.3633891666099464E-008,  2.8381659165481856E-009) ( -1.0701995030088665     , -6.9732441705977699E-002)
   13.651135000000000        1.2500000000000000     
 (  1.4767381608595547     ,  6.7121496314345566E-002) (  1.5306734391056045     ,  7.3103483793952068E-002)
 (  1.0374055742820394     ,  6.5305890000700292E-002) (  4.4012529816654492E-008,  2.8959831114013546E-009) (  4.4012489826519561E-008,  2.8959829389674354E-009) ( -1.0794588902149842     , -7.1152193770247590E-002)
   13.701129999999999        1.2500000000000000     
 (  1.4934454478189469     ,  6.8497867052508044E-002) (  1.5480258958508542     ,  7.4614101425470383E-002)
 (  1.0462609634300317     ,  6.6618501241626715E-002) (  4.4391990700642832E-008,  2.9547044841470719E-009) (  4.4391949534405413E-008,  2.9547043064370487E-009) ( -1.0887387171181719     , -7.2594121125837935E-002)
   13.751125000000000        1.2500000000000000     
 (  1.5102798624679701     ,  6.9896324098430204E-002) (  1.5655107808195039     ,  7.6149283623325861E-002)
 (  1.0551342109955293     ,  6.7951187021256271E-002) (  4.4772290390977847E-008,  3.0143390446833358E-009) (  4.4772247954631484E-008,  3.0143388594449044E-009) ( -1.0980383716923012     , -7.4058439286876929E-002)
   13.801119999999999        1.2500000000000000     
 (  1.5272417057796839     ,  7.1317113814687569E-002) (  1.5831285994439883     ,  7.7709300229325914E-002)
 (  1.0640245145178246     ,  6.9304137745134095E-002) (  4.5153402880520008E-008,  3.0748953783267091E-009) (  4.5153358862130233E-008,  3.0748951832436132E-009) ( -1.1073572528563891     , -7.5545357452795531E-002)
   13.851115000000000        1.2500000000000000     
 (  1.5443316434760155     ,  7.2760476576459676E-002) (  1.6008798655009453     ,  7.9294438275455112E-002)
 (  1.0729314496666207     ,  7.0677536682927339E-002) (  4.5535304962386653E-008,  3.1363827162456600E-009) (  4.5535259563770800E-008,  3.1363825090926442E-009) ( -1.1166947554654256     , -7.7055100505511856E-002)
   13.901109999999999        1.2500000000000000     
 (  1.5615500929107136     ,  7.4226660798189098E-002) (  1.6187650118757237     ,  8.0904974207544167E-002)
 (  1.0818543653667494     ,  7.2071573799729283E-002) (  4.5917967451779899E-008,  3.1988097994399193E-009) (  4.5917920593377829E-008,  3.1988095864700461E-009) ( -1.1260501735335644     , -7.8587881678444022E-002)
   13.951105000000000        1.2500000000000000     
 (  1.5788974107090621     ,  7.5715910887443227E-002) (  1.6367844553916646     ,  8.2541185231740061E-002)
 (  1.0907925293426888     ,  7.3486433592551192E-002) (  4.6301364017222148E-008,  3.2621853435351663E-009) (  4.6301315841597070E-008,  3.2621851156904846E-009) ( -1.1354228277704175     , -8.0143913052466320E-002)
   14.001100000000001        1.2500000000000000     
 (  1.5963742317627347     ,  7.7228468337922643E-002) (  1.6549389120862470     ,  8.4203354752351744E-002)
 (  1.0997454637213853     ,  7.4922296185801707E-002) (  4.6685476276460745E-008,  3.3265182475597883E-009) (  4.6685426525415491E-008,  3.3265180101971343E-009) ( -1.1448122672594165     , -8.1723411404952304E-002)
   14.051095000000000        1.2500000000000000     
 (  1.6139808985181412     ,  7.8764584380101615E-002) (  1.6732286469164128     ,  8.5891766718246776E-002)
 (  1.1087123923595059     ,  7.6379350228517773E-002) (  4.7070268900361172E-008,  3.3918173855969049E-009) (  4.7070217505961939E-008,  3.3918171411140763E-009) ( -1.1542176087601821     , -8.3326592872182845E-002)
   14.101089999999997        1.2500000000000000     
 (  1.6317178641247190     ,  8.0324507308068158E-002) (  1.6916542795386151     ,  8.7606711505880189E-002)
 (  1.1176926993432450     ,  7.7857779887446563E-002) (  4.7455720693993604E-008,  3.4580918314177645E-009) (  4.7455667748585121E-008,  3.4580915689784578E-009) ( -1.1636383291967309     , -8.4953677978485020E-002)
   14.151084999999997        1.2500000000000000     
 (  1.6495856486744123     ,  8.1908488063457449E-002) (  1.7102161589341671     ,  8.9348463369396142E-002)
 (  1.1266857585946211     ,  7.9357770247634365E-002) (  4.7841800602167139E-008,  3.5253499175992118E-009) (  4.7841745975940940E-008,  3.5253496497844486E-009) ( -1.1730736402249582     , -8.6604869788990915E-002)
   14.201079999999997        1.2500000000000000     
 (  1.6675847029940718     ,  8.3516767830453892E-002) (  1.7289148278321385     ,  9.1117319593792948E-002)
 (  1.1356909301380289     ,  8.0879495547309319E-002) (  4.8228483141580140E-008,  3.5936008741523392E-009) (  4.8228426880882512E-008,  3.5936005891817980E-009) ( -1.1825229227306171     , -8.8280392621398363E-002)
   14.251074999999998        1.2500000000000000     
 (  1.6857154978439854     ,  8.5149609092592601E-002) (  1.7477507707568998     ,  9.2913561483664739E-002)
 (  1.1447075273683858     ,  8.2423149652193217E-002) (  4.8615739743051344E-008,  3.6628532072460027E-009) (  4.8615681444348512E-008,  3.6628529093186848E-009) ( -1.1919854366588214     , -8.9980453228429957E-002)
   14.301069999999998        1.2500000000000000     
 (  1.7039784451382032     ,  8.6807252938382484E-002) (  1.7667245806043845     ,  9.4737476755709413E-002)
 (  1.1537348309594480     ,  8.3988902992267786E-002) (  4.9003549243697856E-008,  3.7331155945098648E-009) (  4.9003489226692922E-008,  3.7331152841002740E-009) ( -1.2014606949464390     , -9.1705262654743033E-002)
   14.351064999999998        1.2500000000000000     
 (  1.7223740335629167     ,  8.8489960327122252E-002) (  1.7858364995617291     ,  9.6589359367141581E-002)
 (  1.1627722000022949     ,  8.5576944986713629E-002) (  4.9391871822644286E-008,  3.8043969302635372E-009) (  4.9391809962893759E-008,  3.8043966057805900E-009) ( -1.2109476694325012     , -9.3455037194693766E-002)
   14.401059999999998        1.2500000000000000     
 (  1.7409026726456891     ,  9.0197980321620408E-002) (  1.8050871407466786     ,  9.8469509491520141E-002)
 (  1.1718189227862519     ,  8.7187451046944808E-002) (  4.9780686782306858E-008,  3.8767062824899079E-009) (  4.9780623057840071E-008,  3.8767059423967455E-009) ( -1.2204458560986609     , -9.5229996821104321E-002)
   14.451054999999998        1.2500000000000000     
 (  1.7595649395893205     ,  9.1931560799700954E-002) (  1.8244770056187443     , 0.10037818941844544     )
 (  1.1808743617844455     ,  8.8820593996059891E-002) (  5.0169963891025162E-008,  3.9500511039670271E-009) (  5.0169898425024767E-008,  3.9500507495972419E-009) ( -1.2299545098219338     , -9.7030322238129893E-002)
   14.501049999999998        1.2500000000000000     
 (  1.7783611596580682     ,  9.3690970727665260E-002) (  1.8440063639476656     , 0.10231572880631362     )
 (  1.1899377772608277     ,  9.0476565881338483E-002) (  5.0559669149844504E-008,  4.0244415125946068E-009) (  5.0559601558221658E-008,  4.0244411423202362E-009) ( -1.2394727604287099     , -9.8856259751314637E-002)
   14.551044999999998        1.2500000000000000     
 (  1.7972918815745251     ,  9.5476450301002228E-002) (  1.8636759105001994     , 0.10428239163535580     )
 (  1.1990084739730078     ,  9.2155528506216708E-002) (  5.0949778558342663E-008,  4.0998848844444352E-009) (  5.0949708895977816E-008,  4.0998845052734566E-009) ( -1.2490000306399882     ,-0.10070798760625173     )
   14.601039999999998        1.2500000000000000     
 (  1.8163574161226461     ,  9.7288261980073870E-002) (  1.8834861002916297     , 0.10627848698029131     )
 (  1.2080856410958056     ,  9.3857663684186202E-002) (  5.1340265363777282E-008,  4.1763903577965040E-009) (  5.1340193589016243E-008,  4.1763899537452230E-009) ( -1.2585356264753449     ,-0.10258572780180514     )
   14.651034999999998        1.2500000000000000     
 (  1.8355584048488238     ,  9.9126667076309349E-002) (  1.9034374352238155     , 0.10830431376664400     )
 (  1.2171687345299231     ,  9.5583150714481646E-002) (  5.1731099131424762E-008,  4.2539665735018925E-009) (  5.1731024972706719E-008,  4.2539661515699362E-009) ( -1.2680788106275955     ,-0.10448968966687354     )
   14.701029999999998        1.2500000000000000     
 (  1.8548951971757999     , 0.10099190730132998     ) (  1.9235300665242998     , 0.11036016078282239     )
 (  1.2262569373719026     ,  9.7332147491124829E-002) (  5.2122236278058613E-008,  4.3326216809700458E-009) (  5.2122159965854322E-008,  4.3326212460853180E-009) ( -1.2776284905276689     ,-0.10642007089635551     )
   14.751024999999998        1.2500000000000000     
 (  1.8743683499979316     , 0.10288425955900764     ) (  1.9437648100512068     , 0.11244632870583461     )
 (  1.2353496176816583     ,  9.9104845330366426E-002) (  5.2513663043350496E-008,  4.4123642618646903E-009) (  5.2513584688295607E-008,  4.4123638037724856E-009) ( -1.2871843241606911     ,-0.10837707890900707     )
   14.801019999999998        1.2500000000000000     
 (  1.8939780442830492     , 0.10480397233105290     ) (  1.9641420312250133     , 0.11456310816136585     )
 (  1.2444457471950683     , 0.10090140450679944     ) (  5.2905340937399106E-008,  4.4932023690467246E-009) (  5.2905260009226002E-008,  4.4932018906978973E-009) ( -1.2967453684463066     ,-0.11036090879937573     )
   14.851014999999999        1.2500000000000000     
 (  1.9137250291763177     , 0.10675130737995445     ) (  1.9846620566707063     , 0.11671081288742371     )
 (  1.2535449166052939     , 0.10272199772673200     ) (  5.3297235921640578E-008,  4.5751449311490232E-009) (  5.3297152815471566E-008,  4.5751444355361177E-009) ( -1.3063107162837215     ,-0.11237177682340897     )
   14.901009999999998        1.2500000000000000     
 (  1.9336095615206517     , 0.10872651490970976     ) (  2.0053255452562091     , 0.11888973514276664     )
 (  1.2626461476548976     , 0.10456678347086568     ) (  5.3689324292216192E-008,  4.6581999410599274E-009) (  5.3689238575710991E-008,  4.6581994254114087E-009) ( -1.3158798384378385     ,-0.11440987599151797     )
   14.951004999999999        1.2500000000000000     
 (  1.9536321361645053     , 0.11072987547425304     ) (  2.0261330535454620     , 0.12110017997194850     )
 (  1.2717487577929409     , 0.10643594877631370     ) (  5.4081576269991135E-008,  4.7423757797915047E-009) (  5.4081488042297592E-008,  4.7423752337119469E-009) ( -1.3254519601277048     ,-0.11647540886788711     )
   15.000999999999998        1.2500000000000000     
 (  1.9737932179934545     , 0.11276163358617339     ) (  2.0470846994238072     , 0.12334245246874047     )
 (  1.2808519793048379     , 0.10832964261101009     ) (  5.4473949872409382E-008,  4.8276807815210939E-009) (  5.4473858910290701E-008,  4.8276802117560812E-009) ( -1.3350260319008507     ,-0.11856857722245501     )
   15.050994999999999        1.2500000000000000     
 (  1.9940933260276810     , 0.11482204970993294     ) (  2.0681810414141952     , 0.12561683758200684     )
 (  1.2899551111676286     , 0.11024802777963373     ) (  5.4866413807893228E-008,  4.9141223528769039E-009) (  5.4866320316759286E-008,  4.9141217528579877E-009) ( -1.3446012836159005     ,-0.12068955915734197     )
   15.100989999999998        1.2500000000000000     
 (  2.0145328154790212     , 0.11691139979751473     ) (  2.0894226027692446     , 0.12792365363318187     )
 (  1.2990573213781138     , 0.11219128070273483     ) (  5.5258938550088473E-008,  5.0017091779853513E-009) (  5.5258842301446653E-008,  5.0017085654701341E-009) ( -1.3541769787734304     ,-0.12283856510228830     )
   15.150984999999999        1.2500000000000000     
 (  2.0351120773199627     , 0.11902992964509029     ) (  2.1108098967206268     , 0.13026319857789417     )
 (  1.3081577425751469     , 0.11415954541923876     ) (  5.5651495168079119E-008,  5.0904490423540359E-009) (  5.5651396110122972E-008,  5.0904483936577650E-009) ( -1.3637523948294399     ,-0.12501578147033701     )
   15.200979999999998        1.2500000000000000     
 (  2.0558316434553872     , 0.12117790610731244     ) (  2.1323435034917360     , 0.13263578225917105     )
 (  1.3172556695492246     , 0.11615298471600639     ) (  5.6044052383756435E-008,  5.1803500702729699E-009) (  5.6043950575141273E-008,  5.1803493956556272E-009) ( -1.3733267458398040     ,-0.12722140522863037     )
   15.250974999999999        1.2500000000000000     
 (  2.0766919737917791     , 0.12335560504028342     ) (  2.1540235494127273     , 0.13504170464326798     )
 (  1.3263503511869386     , 0.11817176810053986     ) (  5.6436568590234798E-008,  5.2714199192510211E-009) (  5.6436463591987841E-008,  5.2714192234746075E-009) ( -1.3828989874530311     ,-0.12945562017261508     )
   15.300969999999998        1.2500000000000000     
 (  2.0976934713899227     , 0.12556327482799359     ) (  2.1758506202429815     , 0.13748126634341934     )
 (  1.3354409174827726     , 0.12021603621083563     ) (  5.6829012575903765E-008,  5.3636662281182343E-009) (  5.6828904415550421E-008,  5.3636654891674323E-009) ( -1.3924683372474860     ,-0.13171860971006460     )
   15.350964999999999        1.2500000000000000     
 (  2.1188365236066078     , 0.12780118796472881     ) (  2.1978252623915693     , 0.13995479232700361     )
 (  1.3445265139621168     , 0.12228595002853906     ) (  5.7221352325388878E-008,  5.4570974145040141E-009) (  5.7221241051407231E-008,  5.4570966387143876E-009) ( -1.4020340467923025     ,-0.13401057733029939     )
   15.400959999999998        1.2500000000000000     
 (  2.1401216276367654     , 0.13006960287949446     ) (  2.2199476639424680     , 0.14246257478898480     )
 (  1.3536063667579066     , 0.12438165509100729     ) (  5.7613546099873532E-008,  5.5517205345285579E-009) (  5.7613431647854529E-008,  5.5517197432909464E-009) ( -1.4115950233252383     ,-0.13633169190307057     )
   15.450954999999999        1.2500000000000000     
 (  2.1615491831935958     , 0.13236879169858567     ) (  2.2422185720628574     , 0.14500492899820444     )
 (  1.3626796680662614     , 0.12650330897638326     ) (  5.8005571039143585E-008,  5.6475435343353635E-009) (  5.8005453681066401E-008,  5.6475427018602326E-009) ( -1.4211506833113168     ,-0.13868214380810440     )
   15.500949999999998        1.2500000000000000     
 (  2.1831197401404010     , 0.13469900620286324     ) (  2.2646383470303135     , 0.14758215016379175     )
 (  1.3717456527766754     , 0.12865104473209643     ) (  5.8397388002730730E-008,  5.7445733197906923E-009) (  5.8397267309260629E-008,  5.7445724485407671E-009) ( -1.4307001205156265     ,-0.14106209901015540     )
   15.550944999999999        1.2500000000000000     
 (  2.2048335518989211     , 0.13706052299633989     ) (  2.2872075876334241     , 0.15019456735226314     )
 (  1.3808033149066505     , 0.13082501920566145     ) (  5.8788968996196899E-008,  5.8428181646400799E-009) (  5.8788844705229674E-008,  5.8428172570536646E-009) ( -1.4402425499734031     ,-0.14347175618666971     )
   15.600939999999998        1.2500000000000000     
 (  2.2266880658908788     , 0.13945359096484625     ) (  2.3099254399651676     , 0.15284248134371328     )
 (  1.3898551131517061     , 0.13302540252584599     ) (  5.9180079667950058E-008,  5.9422838689317744E-009) (  5.9180081088362749E-008,  5.9422836352239096E-009) ( -1.4497778472971938     ,-0.14591129413350126     )
   15.650934999999999        1.2500000000000000     
 (  2.2486898269692062     , 0.14187850356843992     ) (  2.3327943967950779     , 0.15552619579139626     )
 (  1.3988939308586281     , 0.13525227702808656     ) (  5.9571054830785104E-008,  6.0429797124213362E-009) (  5.9571056323600066E-008,  6.0429794814011367E-009) ( -1.4593031576001256     ,-0.14838085551222377     )
   15.700930000000000        1.2500000000000000     
 (  2.2708361619452138     , 0.14433551493007191     ) (  2.3558139872730210     , 0.15824602408860236     )
 (  1.4079218793169674     , 0.13750581112191726     ) (  5.9961680166542171E-008,  6.1449118875018103E-009) (  5.9961681734129436E-008,  6.1449116364134870E-009) ( -1.4688186809419741     ,-0.15088062686365725     )
   15.750924999999999        1.2500000000000000     
 (  2.2931277560999557     , 0.14682489173791616     ) (  2.3789848276530816     , 0.16100226805739279     )
 (  1.4169384232350681     , 0.13978614128999686     ) (  6.0351926290073136E-008,  6.2480870569406380E-009) (  6.0351927951051210E-008,  6.2480867965761376E-009) ( -1.4783236248680245     ,-0.15341076729093206     )
   15.800920000000000        1.2500000000000000     
 (  2.3155648572180030     , 0.14934689633950229     ) (  2.4023069439504101     , 0.16379525255374208     )
 (  1.4259424025853338     , 0.14209339696002357     ) (  6.0741739462222116E-008,  6.3525127517753199E-009) (  6.0741741190371054E-008,  6.3525124821702534E-009) ( -1.4878167325669620     ,-0.15597145697048070     )
   15.850914999999999        1.2500000000000000     
 (  2.3381478861457055     , 0.15190180030904996     ) (  2.4257811352148617     , 0.16662529265011652     )
 (  1.4349330100246809     , 0.14442771357103912     ) (  6.1131097954200510E-008,  6.4581959782080834E-009) (  6.1131099779535626E-008,  6.4581956989033407E-009) ( -1.4972973921119481     ,-0.15856286187277183     )
   15.900910000000000        1.2500000000000000     
 (  2.3608772418597881     , 0.15448986279793461     ) (  2.4494077898709579     , 0.16949268278381807     )
 (  1.4439093557905385     , 0.14678921247901455     ) (  6.1519964014457978E-008,  6.5651428134828153E-009) (  6.1519965927279105E-008,  6.5651425242277094E-009) ( -1.5067646877866785     ,-0.16118512596394871     )
   15.950904999999999        1.2500000000000000     
 (  2.3837533330505214     , 0.15711135774997997     ) (  2.4731871633973146     , 0.17239774085603868     )
 (  1.4528704825481573     , 0.14917802604763014     ) (  6.1908292472437697E-008,  6.6733601319500425E-009) (  6.1908294474393516E-008,  6.6733598321424694E-009) ( -1.5162174990140258     ,-0.16383841355305248     )
   16.000900000000001        1.2500000000000000     
 (  2.4067768870411905     , 0.15976655117570698     ) (  2.4971199048232937     , 0.17534078739450781     )
 (  1.4618158188874928     , 0.15159427630097289     ) (  6.2296051928937318E-008,  6.7828547781896720E-009) (  6.2296054014513501E-008,  6.7828544678604451E-009) ( -1.5256550096878669     ,-0.16652288638809581     )
   16.050895000000001        1.2500000000000000     
 (  2.4299480051895639     , 0.16245570840377424     ) (  2.5212062182900103     , 0.17832213111345924     )
 (  1.4707441308132960     , 0.15403808197369198     ) (  6.2683197586699031E-008,  6.8936330911658162E-009) (  6.2683199770932291E-008,  6.8936327697882770E-009) ( -1.5350761577871839     ,-0.16923869456828949     )
   16.100890000000000        1.2500000000000000     
 (  2.4532671359119131     , 0.16517909469214678     ) (  2.5454467308463258     , 0.18134207414112680     )
 (  1.4796545463610065     , 0.15650955804648975     ) (  6.3069699138459488E-008,  7.0057008554233152E-009) (  6.3069701434747689E-008,  7.0057005226374176E-009) ( -1.5444801571760889     ,-0.17198597439339805     )
   16.150885000000002        1.2500000000000000     
 (  2.4767348309909969     , 0.16793699097141471     ) (  2.5698418836143837     , 0.18440095035863169     )
 (  1.4885463242367836     , 0.15900883351494688     ) (  6.3455521019498439E-008,  7.1190652095237647E-009) (  6.3455523425686638E-008,  7.1190648649617707E-009) ( -1.5538660643861546     ,-0.17476489464914122     )
   16.200880000000002        1.2500000000000000     
 (  2.5003515679588117     , 0.17072964525587611     ) (  2.5943921547418385     , 0.18749905302434411     )
 (  1.4974185138585883     , 0.16153599972029481     ) (  6.3840620158150508E-008,  7.2337313662125944E-009) (  6.3840622660895129E-008,  7.2337310096335000E-009) ( -1.5632328990654807     ,-0.17757557771213284     )
   16.250875000000001        1.2500000000000000     
 (  2.5241177071983900     , 0.17355733758045830     ) (  2.6190977738226167     , 0.19063669843883124     )
 (  1.5062702152364764     , 0.16409117890797131     ) (  6.4224955535617555E-008,  7.3497054119312540E-009) (  6.4224958160951163E-008,  7.3497050430216487E-009) ( -1.5725795842607257     ,-0.18041816610155803     )
   16.300870000000000        1.2500000000000000     
 (  2.5480335615004130     , 0.17642033544142696     ) (  2.6439592036771713     , 0.19381422739549295     )
 (  1.5151003490253747     , 0.16667447584358738     ) (  6.4608488172225371E-008,  7.4669942605942702E-009) (  6.4608491096805344E-008,  7.4669938788193601E-009) ( -1.5819051591415272     ,-0.18329282356200866     )
   16.350865000000002        1.2500000000000000     
 (  2.5720997342305205     , 0.17931889654847447     ) (  2.6689769437811441     , 0.19703191473153067     )
 (  1.5239081419422338     , 0.16928598332420891     ) (  6.4991178592966659E-008,  7.5856020296153173E-009) (  6.4991181459517621E-008,  7.5856016346433064E-009) ( -1.5912086329855846     ,-0.18619964461926763     )
   16.400860000000002        1.2500000000000000     
 (  2.5963165364405834     , 0.18225330011744223     ) (  2.6941515828438778     , 0.20029010394575686     )
 (  1.5326925770305420     , 0.17192581303017873     ) (  6.5372997023632194E-008,  7.7055355370015346E-009) (  6.5373000014729836E-008,  7.7055351282388992E-009) ( -1.6004892829675730     ,-0.18913878912950174     )
   16.450855000000001        1.2500000000000000     
 (  2.6206843468755783     , 0.18522381076306585     ) (  2.7194832866520926     , 0.20358909689083318     )
 (  1.5414526959656858     , 0.17459405763976851     ) (  6.5753891775915911E-008,  7.8267996598603165E-009) (  6.5753894904275295E-008,  7.8267992371476457E-009) ( -1.6097457514516906     ,-0.19211037087973390     )
   16.500850000000000        1.2500000000000000     
 (  2.6452036686871767     , 0.18823069513105439     ) (  2.7449726712238030     , 0.20692919628453973     )
 (  1.5501875895157315     , 0.17729080836261218     ) (  6.6133830048116733E-008,  7.9493992616496408E-009) (  6.6133833288335632E-008,  7.9493988244437185E-009) ( -1.6189772956024739     ,-0.19511450106871120     )
   16.550845000000002        1.2500000000000000     
 (  2.6698750865487644     , 0.19127421823677729     ) (  2.7706200320700942     , 0.21031075081990633     )
 (  1.5588964576054134     , 0.18001615303822621     ) (  6.6512767740595591E-008,  8.0733408932192300E-009) (  6.6512771123540111E-008,  8.0733404411124231E-009) ( -1.6281827936225783     ,-0.19815133365872978     )
   16.600840000000002        1.2500000000000000     
 (  2.6946986057634374     , 0.19435464569036667     ) (  2.7964258743647950     , 0.21373404514694114     )
 (  1.5675779471240681     , 0.18277017628863143     ) (  6.6890665065701780E-008,  8.1986283843119822E-009) (  6.6890668621450656E-008,  8.1986279168684146E-009) ( -1.6373612560466966     ,-0.20122095532912845     )
   16.650835000000001        1.2500000000000000     
 (  2.7196751020598597     , 0.19747225890611894     ) (  2.8223904836305742     , 0.21719938762703711     )
 (  1.5762315695574980     , 0.18555297279083741     ) (  6.7267479475848770E-008,  8.3252663366598744E-009) (  6.7267483150932398E-008,  8.3252658533218743E-009) ( -1.6465115823485601     ,-0.20432347104155463     )
   16.700830000000000        1.2500000000000000     
 (  2.7448046414713279     , 0.20062729640536217     ) (  2.8485145492555879     , 0.22070711065537940     )
 (  1.5848559698810312     , 0.18836459405125067     ) (  6.7643177118103894E-008,  8.4532602415444546E-009) (  6.7643180955799810E-008,  8.4532597417088748E-009) ( -1.6556329710181066     ,-0.20745900732520500     )
   16.750825000000003        1.2500000000000000     
 (  2.7700879629750346     , 0.20382005521419835     ) (  2.8747983886451398     , 0.22425754899908315     )
 (  1.5934505025757508     , 0.19120514435502203     ) (  6.8017712553822575E-008,  8.5826154439519702E-009) (  6.8017716575757725E-008,  8.5826149275331909E-009) ( -1.6647242767396033     ,-0.21062768837837986     )
   16.800820000000002        1.2500000000000000     
 (  2.7955252296222581     , 0.20705078536150986     ) (  2.9012423150979920     , 0.22785097254314576     )
 (  1.6020139150012189     , 0.19407467879266568     ) (  6.8391042054045877E-008,  8.7133345703638516E-009) (  6.8391046222263670E-008,  8.7133340365930266E-009) ( -1.6737843818479299     ,-0.21382956999011363     )
   16.850815000000001        1.2500000000000000     
 (  2.8211169001281058     , 0.21031976917255671     ) (  2.9278468115484504     , 0.23148771958337852     )
 (  1.6105453032684116     , 0.19697327986612534     ) (  6.8763126566382026E-008,  8.8454228826417405E-009) (  6.8763130910266061E-008,  8.8454223311470936E-009) ( -1.6828123523449530     ,-0.21706477232319166     )
   16.900810000000000        1.2500000000000000     
 (  2.8468634447390326     , 0.21362724528897964     ) (  2.9546122349093937     , 0.23516808670551789     )
 (  1.6190437048433541     , 0.19990098386245017     ) (  6.9133920287180555E-008,  8.9788837278478491E-009) (  6.9133925018681598E-008,  8.9788831577205255E-009) ( -1.6918070059266497     ,-0.22033336892768352     )
   16.950805000000003        1.2500000000000000     
 (  2.8727653486793101     , 0.21697351843578408     ) (  2.9815391190443625     , 0.23889241628869490     )
 (  1.6275082013080941     , 0.20285788738864896     ) (  6.9503385056971493E-008,  9.1137221719251762E-009) (  6.9503389765838823E-008,  9.1137215832551251E-009) ( -1.7007673890778243     ,-0.22363547585130319     )
   17.000800000000002        1.2500000000000000     
 (  2.8988229828880785     , 0.22035881199522889     ) (  3.0086279439665375     , 0.24266100909852595     )
 (  1.6359376993547066     , 0.20584400498497443     ) (  6.9871479512784900E-008,  9.2499414307828892E-009) (  6.9871484415360856E-008,  9.2499408224862493E-009) ( -1.7096925486643184     ,-0.22697116251829280     )
   17.050795000000001        1.2500000000000000     
 (  2.9250367431161775     , 0.22378342721725480     ) (  3.0358788770929368     , 0.24647416684067042     )
 (  1.6443312591698060     , 0.20885942195899809     ) (  7.0238157967443138E-008,  9.3875446564478438E-009) (  7.0238163099207046E-008,  9.3875440280833985E-009) ( -1.7185811882984459     ,-0.23034049684771521     )
   17.100790000000003        1.2500000000000000     
 (  2.9514070730713877     , 0.22724761404441840     ) (  3.0632926619986600     , 0.25033221696228114     )
 (  1.6526877656849179     , 0.21190417090631888     ) (  7.0603380107850775E-008,  9.5265357737086176E-009) (  7.0603385441881624E-008,  9.5265351253311545E-009) ( -1.7274324794893499     ,-0.23374356608388916     )
   17.150785000000003        1.2500000000000000     
 (  2.9779342038993222     , 0.23075164359032094     ) (  3.0908694474340059     , 0.25423548899660536     )
 (  1.6610061714283260     , 0.21497829968923859     ) (  7.0967099659072741E-008,  9.6669186227491381E-009) (  7.0967105186865447E-008,  9.6669179528622791E-009) ( -1.7362451186815844     ,-0.23718045472473259     )
   17.200779999999998        1.2500000000000000     
 (  3.0046189776644150     , 0.23429575932265559     ) (  3.1186097313284700     , 0.25818424744878821     )
 (  1.6692858011261662     , 0.21808182581854732     ) (  7.1329278173939955E-008,  9.8086943516437614E-009) (  7.1329284056378593E-008,  9.8086936599745420E-009) ( -1.7450181902124831     ,-0.24065117976670136     )
   17.250774999999997        1.2500000000000000     
 (  3.0314614604712076     , 0.23788026176590452     ) (  3.1465140956139077     , 0.26217886999798218     )
 (  1.6775252824756621     , 0.22121481956520547     ) (  7.1689872432995806E-008,  9.9518684320335401E-009) (  7.1689878436612817E-008,  9.9518677179791953E-009) ( -1.7537506939904051     ,-0.24415586710259141     )
   17.300770000000000        1.2500000000000000     
 (  3.0584621157858871     , 0.24150539489445177     ) (  3.1745827421147421     , 0.26621960478938334     )
 (  1.6857236321731921     , 0.22437728981112942     ) (  7.2048831151053630E-008,  1.0096440902419328E-008) (  7.2048837574457854E-008,  1.0096440165323027E-008) ( -1.7624412809507308     ,-0.24769450503059404     )
   17.350764999999999        1.2500000000000000     
 (  3.0856214314912678     , 0.24517144156426879     ) (  3.2028159944615178     , 0.27030681126040057     )
 (  1.6938798985936467     , 0.22756928042209515     ) (  7.2406112542037773E-008,  1.0242416185455667E-008) (  7.2406119004220528E-008,  1.0242415424741358E-008) ( -1.7710888713094286     ,-0.25126719272825626     )
   17.400759999999998        1.2500000000000000     
 (  3.1129398073111800     , 0.24887863805822819     ) (  3.2312146493928604     , 0.27444078706435204     )
 (  1.7019930337715050     , 0.23079078485321780     ) (  7.2761680711158477E-008,  1.0389795905461521E-008) (  7.2761687455705528E-008,  1.0389795120235230E-008) ( -1.7796925904758061     ,-0.25487395968514659     )
   17.450755000000001        1.2500000000000000     
 (  3.1404177299163893     , 0.25262726463192242     ) (  3.2597788550096491     , 0.27862185325906624     )
 (  1.7100620435137501     , 0.23404183526860281     ) (  7.3115482810112837E-008,  1.0538582556196284E-008) (  7.3115489786077416E-008,  1.0538581745836089E-008) ( -1.7882512059386457     ,-0.25851485471146973     )
   17.500750000000000        1.2500000000000000     
 (  3.1680554054442100     , 0.25641758100716744     ) (  3.2885090380278115     , 0.28285031008517447     )
 (  1.7180856669257856     , 0.23732243931031732     ) (  7.3467475727292487E-008,  1.0688777591650926E-008) (  7.3467483003928801E-008,  1.0688776756147535E-008) ( -1.7967634998397537     ,-0.26218990233720468     )
   17.550744999999999        1.2500000000000000     
 (  3.1958535054824453     , 0.26024984829853443     ) (  3.3174056867330419     , 0.28712646255496471     )
 (  1.7260631417870032     , 0.24063260254874674     ) (  7.3817619220709020E-008,  1.0840382436863295E-008) (  7.3817626779063556E-008,  1.0840381574306380E-008) ( -1.8052285935881665     ,-0.26589912602685084     )
   17.600739999999998        1.2500000000000000     
 (  3.2238123839839830     , 0.26412433498370985     ) (  3.3464693070559344     , 0.29145063937348087     )
 (  1.7339933645414574     , 0.24397233190605164     ) (  7.4165866240476539E-008,  1.0993399246441355E-008) (  7.4165874083709907E-008,  1.0993398379209590E-008) ( -1.8136452390207145     ,-0.26964256642062773     )
   17.650735000000001        1.2500000000000000     
 (  3.2519322606768295     , 0.26804130745888310     ) (  3.3757000086905804     , 0.29582314875959687     )
 (  1.7418750253961772     , 0.24734162798125647     ) (  7.4512166754679243E-008,  1.1147829288549016E-008) (  7.4512174870966666E-008,  1.1147828370688684E-008) ( -1.8220122038098663     ,-0.27342024139912924     )
   17.700730000000000        1.2500000000000000     
 (  3.2802137989427451     , 0.27200103093938649     ) (  3.4050984242583699     , 0.30024428106569684     )
 (  1.7497073685398052     , 0.25074048524547615     ) (  7.4856483273363470E-008,  1.1303672682041164E-008) (  7.4856491675673629E-008,  1.1303671735358265E-008) ( -1.8303284947096226     ,-0.27723214229043286     )
   17.750724999999999        1.2500000000000000     
 (  3.3086574406414782     , 0.27600374230339952     ) (  3.4346649664514279     , 0.30471437281310126     )
 (  1.7574892206962565     , 0.25416886721069137     ) (  7.5198762737570516E-008,  1.1460931428926978E-008) (  7.5198771503763634E-008,  1.1460930453171590E-008) ( -1.8385929416565219     ,-0.28107830567924974     )
   17.800719999999998        1.2500000000000000     
 (  3.3372632959835422     , 0.28004973405774541     ) (  3.4644000081773996     , 0.30923374144856425     )
 (  1.7652194481115349     , 0.25762678542220396     ) (  7.5538968766273519E-008,  1.1619606391250789E-008) (  7.5538977840966916E-008,  1.1619605385291442E-008) ( -1.8468044475184455     ,-0.28495873905167690     )
   17.850715000000001        1.2500000000000000     
 (  3.3660320170873508     , 0.28413925642605131     ) (  3.4943038320486774     , 0.31380266202368207     )
 (  1.7728969120489404     , 0.26111420533917568     ) (  7.5877041319240909E-008,  1.1779696672810108E-008) (  7.5877051110518157E-008,  1.1779695635606700E-008) ( -1.8549616371909201     ,-0.28887340727431499     )
   17.900710000000000        1.2500000000000000     
 (  3.3949640704844790     , 0.28827255396983092     ) (  3.5243771767900398     , 0.31842147952000333     )
 (  1.7805208381066508     , 0.26463108264759244     ) (  7.6212952177422453E-008,  1.1941203852675480E-008) (  7.6212961958956440E-008,  1.1941202783453480E-008) ( -1.8630637618118697     ,-0.29282233485274761     )
   17.950704999999999        1.2500000000000000     
 (  3.4240597169307785     , 0.29244991897574851     ) (  3.5546201542558697     , 0.32309047625077558     )
 (  1.7880898260186187     , 0.26817741456589494     ) (  7.6546640144850226E-008,  1.2104126783946131E-008) (  7.6546650248063503E-008,  1.2104125681914248E-008) ( -1.8711092756705798     ,-0.29680547937158858     )
   18.000699999999998        1.2500000000000000     
 (  3.4533195421953899     , 0.29667159675892679     ) (  3.5850335186585842     , 0.32780997841667997     )
 (  1.7956029939374241     , 0.27175314847766702     ) (  7.6878072923310823E-008,  1.2268466030484601E-008) (  7.6878083390314958E-008,  1.2268464894811520E-008) ( -1.8790974093189305     ,-0.30082284103649493     )
   18.050695000000001        1.2500000000000000     
 (  3.4827437935588321     , 0.30093783323246071     ) (  3.6156171267841706     , 0.33258029800384381     )
 (  1.8030591983536233     , 0.27535822426128820     ) (  7.7207186972321029E-008,  1.2434221120178778E-008) (  7.7207197754163578E-008,  1.2434219949810869E-008) ( -1.8870265522921397     ,-0.30487439230101571     )
   18.100690000000000        1.2500000000000000     
 (  3.5123328682355854     , 0.30524890906801155     ) (  3.6463718593260004     , 0.33740172336810142     )
 (  1.8104571661302584     , 0.27899261327902430     ) (  7.7533946190000621E-008,  1.2601390582827856E-008) (  7.7533957508304618E-008,  1.2601389376626367E-008) ( -1.8948958056056358     ,-0.30896008359425853     )
   18.150684999999999        1.2500000000000000     
 (  3.5420873813163931     , 0.30960507553241023     ) (  3.6772980606964554     , 0.34227457049492832     )
 (  1.8177961613263123     , 0.28265625033720521     ) (  7.7858310316495907E-008,  1.2769973754521437E-008) (  7.7858321965379565E-008,  1.2769972511706573E-008) ( -1.9027041227214205     ,-0.31307988230132172     )
   18.200679999999998        1.2500000000000000     
 (  3.5720076905005760     , 0.31400658447411428     ) (  3.7083960942203218     , 0.34719915732418788     )
 (  1.8250747790641337     , 0.28634906884051009     ) (  7.8180217827539618E-008,  1.2939969876026771E-008) (  7.8180229906905378E-008,  1.2939968596054402E-008) ( -1.9104500946716039     ,-0.31723375503713558     )
   18.250675000000001        1.2500000000000000     
 (  3.6020942334651296     , 0.31845371096194408     ) (  3.7396661335565762     , 0.35217580553042821     )
 (  1.8322921217533072     , 0.29007101622345377     ) (  7.8499623860433820E-008,  1.3111378043161679E-008) (  7.8499636418325377E-008,  1.3111376724339217E-008) ( -1.9181324988640804     ,-0.32142166228352503     )
   18.300670000000000        1.2500000000000000     
 (  3.6323473199673710     , 0.32294670145590892     ) (  3.7711090935617144     , 0.35720477348069074     )
 (  1.8394470015411359     , 0.29382200973517686     ) (  7.8816495252275335E-008,  1.3284194672956648E-008) (  7.8816508265361789E-008,  1.3284193314756143E-008) ( -1.9257504311183549     ,-0.32564349954161920     )
   18.350664999999999        1.2500000000000000     
 (  3.6627673259437890     , 0.32748582138898974     ) (  3.8027247867607148     , 0.36228641113431437     )
 (  1.8465381848918077     , 0.29760197661064397     ) (  7.9130763722674703E-008,  1.3458419488216634E-008) (  7.9130777190810471E-008,  1.3458418089428408E-008) ( -1.9333023351983558     ,-0.32989924473777871     )
   18.400659999999998        1.2500000000000000     
 (  3.6933549545357716     , 0.33207130831736914     ) (  3.8345143141944398     , 0.36742100530245236     )
 (  1.8535647531450616     , 0.30141081328696739     ) (  7.9442402316959338E-008,  1.3634049514758339E-008) (  7.9442416577905173E-008,  1.3634048074613941E-008) ( -1.9407874980802176     ,-0.33418880700098369     )
   18.450655000000001        1.2500000000000000     
 (  3.7241102754167330     , 0.33670344538488761     ) (  3.8664773228673597     , 0.37260886794550124     )
 (  1.8605254226902295     , 0.30524845275125234     ) (  7.9751343653726328E-008,  1.3811082626036728E-008) (  7.9751358096223762E-008,  1.3811081143174394E-008) ( -1.9482041602139042     ,-0.33851211611087695     )
   18.500650000000000        1.2500000000000000     
 (  3.7550340259084689     , 0.34138249317108965     ) (  3.8986149375453643     , 0.37785029175457069     )
 (  1.8674192554303581     , 0.30911480431419019     ) (  8.0057555290358264E-008,  1.3989515521553838E-008) (  8.0057570236823533E-008,  1.3989513994894718E-008) ( -1.9555516136075062     ,-0.34286907405109102     )
   18.550644999999999        1.2500000000000000     
 (  3.7861265377644910     , 0.34610868871461864     ) (  3.9309271735841405     , 0.38314561807499697     )
 (  1.8742451240518354     , 0.31300974198476683     ) (  8.0360985751127098E-008,  1.4169346724920608E-008) (  8.0361001169777065E-008,  1.4169345153881544E-008) ( -1.9628284516914225     ,-0.34725962809165795     )
   18.600639999999999        1.2500000000000000     
 (  3.8173881667224174     , 0.35088229507083712     ) (  3.9634145788690431     , 0.38849512734088626     )
 (  1.8810017143445237     , 0.31693316804070648     ) (  8.0661580062234472E-008,  1.4350571914437708E-008) (  8.0661595911312476E-008,  1.4350570297345426E-008) ( -1.9700334592179778     ,-0.35168364844906308     )
   18.650635000000001        1.2500000000000000     
 (  3.8488191949849417     , 0.35570355853191349     ) (  3.9960773857897576     , 0.39389907579820571     )
 (  1.8876880171879231     , 0.32088495379204529     ) (  8.0959296126309770E-008,  1.4533185675997553E-008) (  8.0959312674569466E-008,  1.4533184011169915E-008) ( -1.9771654114772290     ,-0.35614098849657749     )
   18.700630000000000        1.2500000000000000     
 (  3.8804203480130322     , 0.36057277135974847     ) (  4.0289161564631089     , 0.39935788170868575     )
 (  1.8943029372478033     , 0.32486501571258486     ) (  8.1254080457936432E-008,  1.4717189002879056E-008) (  8.1254097523791756E-008,  1.4717187289835651E-008) ( -1.9842230773531613     ,-0.36063165098031602     )
   18.750624999999999        1.2500000000000000     
 (  3.9121920102848340     , 0.36549015608919339     ) (  4.0619313458889774     , 0.40487174737788106     )
 (  1.9008454384946718     , 0.32887319141962718     ) (  8.1545890694308664E-008,  1.4902573419266023E-008) (  8.1545908346075605E-008,  1.4902571656254942E-008) ( -1.9912053642363849     ,-0.36515540774692073     )
   18.800620000000002        1.2500000000000000     
 (  3.9441344572296848     , 0.37045595848242180     ) (  4.0951232888105382     , 0.41044100734860672     )
 (  1.9073142291252589     , 0.33290933927469024     ) (  8.1834670407612608E-008,  1.5089336087443881E-008) (  8.1834688661175798E-008,  1.5089334273609887E-008) ( -1.9981109298384749     ,-0.36971216876944363     )
   18.850615000000001        1.2500000000000000     
 (  3.9762482525381113     , 0.37547046708351295     ) (  4.1284926097304577     , 0.41606600261653010     )
 (  1.9137081729663836     , 0.33697334965874087     ) (  8.2120387880131446E-008,  1.5277473809253204E-008) (  8.2120406753892742E-008,  1.5277471944181138E-008) ( -2.0049388736965086     ,-0.37430183647631371     )
   18.900610000000000        1.2500000000000000     
 (  4.0085336737344841     , 0.38053392007672104     ) (  4.1620393615912779     , 0.42174699016140615     )
 (  1.9200261568810006     , 0.34106505855589520     ) (  8.2402971438936630E-008,  1.5466979762771713E-008) (  8.2402990966736110E-008,  1.5466977843593863E-008) ( -2.0116874383028329     ,-0.37892422071695997     )
   18.950604999999999        1.2500000000000000     
 (  4.0409914093124826     , 0.38564656716576790     ) (  4.1957644681141524     , 0.42748426911972587     )
 (  1.9262673347783525     , 0.34518430694982566     ) (  8.2682400941499204E-008,  1.5657848809912395E-008) (  8.2682421117360178E-008,  1.5657846836736359E-008) ( -2.0183561458713943     ,-0.38357917583259143     )
   19.000600000000002        1.2500000000000000     
 (  4.0736215959139006     , 0.39080868556013698     ) (  4.2296677069196233     , 0.43327819544553120     )
 (  1.9324300301726656     , 0.34933095893916377     ) (  8.2958590800571791E-008,  1.5850077500150563E-008) (  8.2958611659908705E-008,  1.5850075470068495E-008) ( -2.0249428147849309     ,-0.38826659314239903     )
   19.050595000000001        1.2500000000000000     
 (  4.1064248425110739     , 0.39602050022543295     ) (  4.2637499841080251     , 0.43912898808755280     )
 (  1.9385134875264580     , 0.35350481363170239     ) (  8.3231518055100326E-008,  1.6043656788018545E-008) (  8.3231539595592880E-008,  1.6043654701359715E-008) ( -2.0314469898261525     ,-0.39298622958007934     )
   19.100590000000000        1.2500000000000000     
 (  4.1394013976975330     , 0.40128228164957369     ) (  4.2980113881752855     , 0.44503705392595438     )
 (  1.9445163526033833     , 0.35770571882186664     ) (  8.3501117515855111E-008,  1.6238584772734272E-008) (  8.3501140147781341E-008,  1.6238582656693593E-008) ( -2.0378669012461836     ,-0.39773801508191803     )
   19.150585000000000        1.2500000000000000     
 (  4.1725520810419150     , 0.40659431090248205     ) (  4.3324525433016525     , 0.45100257696234364     )
 (  1.9504378458374469     , 0.36193351434628335     ) (  8.3767354509180421E-008,  1.6434850363686003E-008) (  8.3767377478185121E-008,  1.6434848157937210E-008) ( -2.0442016670172385     ,-0.40252165463293882     )
   19.200580000000002        1.2500000000000000     
 (  4.2058769904031825     , 0.41195677386547835     ) (  4.3670742186908047     , 0.45702596978997218     )
 (  1.9562764008784688     , 0.36618794814607014     ) (  8.4030183731507944E-008,  1.6632451355273988E-008) (  8.4030207495136208E-008,  1.6632449086917668E-008) ( -2.0504502808539091     ,-0.40733707153331211     )
   19.250575000000001        1.2500000000000000     
 (  4.2393765405594328     , 0.41736996348652777     ) (  4.4018760213995618     , 0.46310746894578403     )
 (  1.9620309971967818     , 0.37046886338214802     ) (  8.4289528731816671E-008,  1.6831378414693869E-008) (  8.4289553331581942E-008,  1.6831376082881176E-008) ( -2.0566107542039247     ,-0.41218400977898401     )
   19.300570000000000        1.2500000000000000     
 (  4.2730513480194956     , 0.42283414479702841     ) (  4.4368589818435451     , 0.46924736403238471     )
 (  1.9677005965883714     , 0.37477606895607424     ) (  8.4545367754621945E-008,  1.7031623494683989E-008) (  8.4545393519562549E-008,  1.7031621098748625E-008) ( -2.0626825327796663     ,-0.41706224963921923     )
   19.350565000000000        1.2500000000000000     
 (  4.3069020372249422     , 0.42834959495847558     ) (  4.4720235565228412     , 0.47544598999657461     )
 (  1.9732841823716236     , 0.37910937950911683     ) (  8.4797643331971698E-008,  1.7233180499533535E-008) (  8.4797669571415010E-008,  1.7233178082649194E-008) ( -2.0686642273428437     ,-0.42197161527487348     )
   19.400560000000002        1.2500000000000000     
 (  4.3409285675449967     , 0.43391648209591999     ) (  4.5073696863087145     , 0.48170368505034644     )
 (  1.9787801496137962     , 0.38346849485503842     ) (  8.5046291447414558E-008,  1.7436043223407966E-008) (  8.5046318471221073E-008,  1.7436040693428205E-008) ( -2.0745542213118093     ,-0.42691192636404696     )
   19.450555000000001        1.2500000000000000     
 (  4.3751319181755139     , 0.43953514409445732     ) (  4.5428984734367983     , 0.48802066000639105     )
 (  1.9841879781533915     , 0.38785327181144458     ) (  8.5291290454271432E-008,  1.7640199723162924E-008) (  8.5291318417004770E-008,  1.7640197122919285E-008) ( -2.0803519226043328     ,-0.43188286829594597     )
   19.500550000000000        1.2500000000000000     
 (  4.4095120287024425     , 0.44520579311175817     ) (  4.5786095318248341     , 0.49439726506929604     )
 (  1.9895059402557305     , 0.39226344069353908     ) (  8.5532557018147453E-008,  1.7845643371794407E-008) (  8.5532585863844731E-008,  1.7845640700090609E-008) ( -2.0860553712107373     ,-0.43688424893590927     )
   19.550545000000000        1.2500000000000000     
 (  4.4440693713323940     , 0.45092867522945385     ) (  4.6145040377688540     , 0.50083380707778258     )
 (  1.9947328671171032     , 0.39669875730435594     ) (  8.5770070003444508E-008,  1.8052365733053668E-008) (  8.5770099785915068E-008,  1.8052363033684209E-008) ( -2.0916638789894342     ,-0.44191583564459502     )
   19.600540000000002        1.2500000000000000     
 (  4.4788047750140398     , 0.45670407142160041     ) (  4.6505819063962646     , 0.50733055286340856     )
 (  1.9998680635874926     , 0.40115900261057641     ) (  8.6003761713669688E-008,  1.8260356452384836E-008) (  8.6003792291846082E-008,  1.8260353634339106E-008) ( -2.0971758972640986     ,-0.44697734456539118     )
   19.650535000000001        1.2500000000000000     
 (  4.5137186299959122     , 0.46253224542883881     ) (  4.6868439753575446     , 0.51388786958682331     )
 (  2.0049103023423536     , 0.40564393001515192     ) (  8.6233597139743254E-008,  1.8469608406006860E-008) (  8.6233629157813866E-008,  1.8469605510355485E-008) ( -2.1025903984423491     ,-0.45206857434450809     )
   19.700530000000001        1.2500000000000000     
 (  4.5488112245429306     , 0.46841340159248340     ) (  4.7232902467853819     , 0.52050598434803497     )
 (  2.0098582654313897     , 0.41015323413688953     ) (  8.6459504632769910E-008,  1.8680109117373694E-008) (  8.6459537295168346E-008,  1.8680106143868003E-008) ( -2.1079057707550253     ,-0.45718918725262420     )
   19.750525000000000        1.2500000000000000     
 (  4.5840830186838932     , 0.47434784068166080     ) (  4.7599218079824031     , 0.52718522698379877     )
 (  2.0147108026389664     , 0.41468669022558119     ) (  8.6681468245647599E-008,  1.8891849435886202E-008) (  8.6681501888670345E-008,  1.8891846383838885E-008) ( -2.1131214354547523     ,-0.46233893542376409     )
   19.800520000000002        1.2500000000000000     
 (  4.6195345023070145     , 0.48033578242958175     ) (  4.7967382501845659     , 0.53392588339363589     )
 (  2.0194668426414828     , 0.41924399287807873     ) (  8.6899407589401468E-008,  1.9104818430233127E-008) (  8.6899442202761838E-008,  1.9104815295549550E-008) ( -2.1182354894053752     ,-0.46751751638096190     )
   19.850515000000001        1.2500000000000000     
 (  4.6551658322771425     , 0.48637753641972514     ) (  4.8337405372008471     , 0.54072828910885617     )
 (  2.0241248461693906     , 0.42382491000016753     ) (  8.7113276837670178E-008,  1.9319006776412440E-008) (  8.7113312988296074E-008,  1.9319003558202491E-008) ( -2.1232467826504853     ,-0.47272466951458003     )
   19.900510000000001        1.2500000000000000     
 (  4.6909781912184130     , 0.49247329538956236     ) (  4.8709289431585985     , 0.54759274089097709     )
 (  2.0286844978812475     , 0.42842908892318565     ) (  8.7323031280053035E-008,  1.9534403045586553E-008) (  8.7323068287635001E-008,  1.9534399786817001E-008) ( -2.1281541600150642     ,-0.47796008667887402     )
   19.950505000000000        1.2500000000000000     
 (  4.7269714727854826     , 0.49862332091777234     ) (  4.9083042425714085     , 0.55451949335657658     )
 (  2.0331439358271561     , 0.43305624164338274     ) (  8.7528629320043769E-008,  1.9750994168812572E-008) (  8.7528667433885797E-008,  1.9750990778179283E-008) ( -2.1329566748578390     ,-0.48322341302829280     )
   20.000500000000002        1.2500000000000000     
 (  4.7631461873649634     , 0.50482789774476855     ) (  4.9458664403541945     , 0.56150890040201473     )
 (  2.0375022075065576     , 0.43770608631916241     ) (  8.7730015011318604E-008,  1.9968770113767120E-008) (  8.7730054566511255E-008,  1.9968766630535293E-008) ( -2.1376527530431368     ,-0.48851437232516126     )
   20.050495000000002        1.2500000000000000     
 (  4.7995027443795655     , 0.51108729741867398     ) (  4.9836163703619967     , 0.56856122680591081     )
 (  2.0417581200033323     , 0.44237832778108777     ) (  8.7927144588541742E-008,  2.0187717526738060E-008) (  8.7927185078925511E-008,  2.0187713953735587E-008) ( -2.1422414059750525     ,-0.49383260006308266     )
   20.100490000000001        1.2500000000000000     
 (  4.8360418437056101     , 0.51740172882679791     ) (  5.0215540936369090     , 0.57567678737565997     )
 (  2.0459105779198530     , 0.44707259494453994     ) (  8.8119950263603113E-008,  2.0407824319572005E-008) (  8.8119992051518524E-008,  2.0407820654731129E-008) ( -2.1467209514989971     ,-0.49917777269747921     )
   20.150485000000000        1.2500000000000000     
 (  4.8727640120077584     , 0.52377144270780995     ) (  5.0596799810761004     , 0.58285590293757372     )
 (  2.0499587311052743     , 0.45178855381530453     ) (  8.8308382412283780E-008,  2.0629078579327642E-008) (  8.8308425278948218E-008,  2.0629074817009867E-008) ( -2.1510902282501707     ,-0.50454956128979100     )
   20.200480000000002        1.2500000000000000     
 (  4.9096695279422491     , 0.53019676209964006     ) (  5.0979951759482924     , 0.59009885584130972     )
 (  2.0539010773449102     , 0.45652593072277747     ) (  8.8492424735766791E-008,  2.0851466289558874E-008) (  8.8492469123068292E-008,  2.0851462429556035E-008) ( -2.1553486118898264     ,-0.50994758647685878     )
   20.250475000000002        1.2500000000000000     
 (  4.9467589256733708     , 0.53667790072608568     ) (  5.1364993932364627     , 0.59740593501735995     )
 (  2.0577365544351345     , 0.46128433820680015     ) (  8.8671991571584935E-008,  2.1074973190041169E-008) (  8.8672037193008769E-008,  2.1074969230496841E-008) ( -2.1594941390235958     ,-0.51537145986971700     )
   20.300470000000001        1.2500000000000000     
 (  4.9840323074286985     , 0.54321508550839814     ) (  5.1751934995542239     , 0.60477747268885640     )
 (  2.0614637063917569     , 0.46606338924715618     ) (  8.8847046143703159E-008,  2.1299586814279039E-008) (  8.8847093153707305E-008,  2.1299582752383333E-008) ( -2.1635258077843891     ,-0.52082084859521061     )
   20.350465000000000        1.2500000000000000     
 (  5.0214909028563595     , 0.54980864474082569     ) (  5.2140774450989857     , 0.61221372446468358     )
 (  2.0650821040563416     , 0.47086279359274313     ) (  8.9017528208233023E-008,  2.1525290906606037E-008) (  8.9017576650907849E-008,  2.1525286740431149E-008) ( -2.1674421343345984     ,-0.52629530700628968     )
   20.400459999999999        1.2500000000000000     
 (  5.0591345991244197     , 0.55645878447276342     ) (  5.2531524416731337     , 0.61971508345063886     )
 (  2.0685900357688984     , 0.47568212684860006     ) (  8.9183411018480307E-008,  2.1752074346877299E-008) (  8.9183461041179489E-008,  2.1752070075775304E-008) ( -2.1712424905413887     ,-0.53179453051915515     )
   20.450454999999998        1.2500000000000000     
 (  5.0969639641482205     , 0.56316579843707837     ) (  5.2924185645422828     , 0.62728176617392339     )
 (  2.0719865467955696     , 0.48052103982398586     ) (  8.9344632121615560E-008,  2.1979918622898682E-008) (  8.9344683617656437E-008,  2.1979914240892069E-008) ( -2.1749252516551185     ,-0.53731803082788809     )
   20.500450000000001        1.2500000000000000     
 (  5.1349794666803330     , 0.56992988650457121     ) (  5.3318762421212753     , 0.63491408414899841     )
 (  2.0752703246854507     , 0.48537908820011594     ) (  8.9501142999517990E-008,  2.2208808990893306E-008) (  8.9501195908397051E-008,  2.2208804497440382E-008) ( -2.1784892066393717     ,-0.54286540048036225     )
   20.550445000000000        1.2500000000000000     
 (  5.1731820858678788     , 0.57675140692205740     ) (  5.3715258847995964     , 0.64261240578125156     )
 (  2.0784407104319320     , 0.49025597895347905     ) (  8.9652886935814678E-008,  2.2438732033414540E-008) (  8.9652941522951193E-008,  2.2438727426396203E-008) ( -2.1819330941677930     ,-0.54843627382172710     )
   20.600439999999999        1.2500000000000000     
 (  5.2115715120335393     , 0.58363056544028646     ) (  5.4113680401887692     , 0.65037700767544981     )
 (  2.0814959962372863     , 0.49515124577446501     ) (  8.9799819639486266E-008,  2.2669670679955091E-008) (  8.9799875865478208E-008,  2.2669665958695811E-008) ( -2.1852556074558644     ,-0.55403019202155945     )
   20.650434999999998        1.2500000000000000     
 (  5.2501488050843994     , 0.59056760622746340     ) (  5.4514030906321214     , 0.65820817552950406     )
 (  2.0844354705998951     , 0.50006445727033433     ) (  8.9941891530957310E-008,  2.2901607567230813E-008) (  8.9941949315512784E-008,  2.2901602725640395E-008) ( -2.1884555048416008     ,-0.55964669211891949     )
   20.700430000000001        1.2500000000000000     
 (  5.2889144055286286     , 0.59756282158828711     ) (  5.4916317863230182     , 0.66610624732509616     )
 (  2.0872579596771312     , 0.50499522556218890     ) (  9.0079065481988819E-008,  2.3134526950577934E-008) (  9.0079125320638537E-008,  2.3134522077454686E-008) ( -2.1915320017588216     ,-0.56528534574881784     )
   20.750425000000000        1.2500000000000000     
 (  5.3278683637260915     , 0.60461646663000090     ) (  5.5320543764679302     , 0.67407151826365164     )
 (  2.0899618785600689     , 0.50994310988294933     ) (  9.0211274928852757E-008,  2.3368411542788563E-008) (  9.0211336155495239E-008,  2.3368406456013678E-008) ( -2.1944833120486344     ,-0.57094568095385878     )
   20.800419999999999        1.2500000000000000     
 (  5.3670116420192642     , 0.61172879847491735     ) (  5.5726711191022522     , 0.68210429226402380     )
 (  2.0925466316112105     , 0.51490766747870276     ) (  9.0338473232376918E-008,  2.3603243300191661E-008) (  9.0338536624038617E-008,  2.3603238087531944E-008) ( -2.1973084208657636     ,-0.57662721717726462     )
   20.850414999999998        1.2500000000000000     
 (  5.4063446646821163     , 0.61890011897066999     ) (  5.6134829714152161     , 0.69020487827858323     )
 (  2.0950110809340807     , 0.51988848561987211     ) (  9.0460627485295856E-008,  2.3839004370599457E-008) (  9.0460692242918752E-008,  2.3838999030653139E-008) ( -2.2000063104056662     ,-0.58232947394035661     )
   20.900410000000001        1.2500000000000000     
 (  5.4458678448315343     , 0.62613065896382580     ) (  5.6544901367877500     , 0.69837358798462867     )
 (  2.0973538785585371     , 0.52488507450908695     ) (  9.0577661295866683E-008,  2.4075676690343786E-008) (  9.0577728038259616E-008,  2.4075671217035197E-008) ( -2.2025752546047501     ,-0.58805196093717449     )
   20.950405000000000        1.2500000000000000     
 (  5.4855816163944331     , 0.63342073303702229     ) (  5.6956930856005856     , 0.70661074886106801     )
 (  2.0995739166923357     , 0.52989701136469369     ) (  9.0689556811926175E-008,  2.4313241733992183E-008) (  9.0689625483433430E-008,  2.4313236129170976E-008) ( -2.2050147538244977     ,-0.59379417979187310     )
   21.000399999999999        1.2500000000000000     
 (  5.5254865104964077     , 0.64077054269213696     ) (  5.7370923597227401     , 0.71491668154131804     )
 (  2.1016703044146077     , 0.53492376019348931     ) (  9.0796238151301622E-008,  2.4551681252739442E-008) (  9.0796308917900958E-008,  2.4551675507792827E-008) ( -2.2073227955553505     ,-0.59955563875719864     )
   21.050394999999998        1.2500000000000000     
 (  5.5655831623176537     , 0.64818040304219493     ) (  5.7786884187745526     , 0.72329167569964492     )
 (  2.1036417585632599     , 0.53996488149407484     ) (  9.0897681088265656E-008,  2.4790974525521927E-008) (  9.0897753865561596E-008,  2.4790968640484522E-008) ( -2.2094988850474406     ,-0.60533578615236394     )
   21.100390000000001        1.2500000000000000     
 (  5.6058719317199728     , 0.65565060226804028     ) (  5.8204816466133851     , 0.73173607326224621     )
 (  2.1054869822495546     , 0.54501990627651598     ) (  9.0993807790703948E-008,  2.5031102929813081E-008) (  9.0993882551381308E-008,  2.5031096963218761E-008) ( -2.2115411664635691     ,-0.61113411100698656     )
   21.150385000000000        1.2500000000000000     
 (  5.6463533683794882     , 0.66318139043430302     ) (  5.8624726727567378     , 0.74025016856681070     )
 (  2.1072053553599188     , 0.55008830969283806     ) (  9.1084600027387582E-008,  2.5272045618931836E-008) (  9.1084676933236245E-008,  2.5272039445868534E-008) ( -2.2134489863374101     ,-0.61695006088943127     )
   21.200379999999999        1.2500000000000000     
 (  5.6870280123193000     , 0.67077302268076899     ) (  5.9046617843473150     , 0.74883427358183041     )
 (  2.1087954326323493     , 0.55516956804623907     ) (  9.1169983862912214E-008,  2.5513781563372333E-008) (  9.1170062940500401E-008,  2.5513775239489308E-008) ( -2.2152205996823731     ,-0.62278306392013960     )
   21.250374999999998        1.2500000000000000     
 (  5.7278963562554388     , 0.67842580567263855     ) (  5.9470497142833478     , 0.75748874762323548     )
 (  2.1102560736730220     , 0.56026319047832174     ) (  9.1249928520580418E-008,  2.5756291161887732E-008) (  9.1250009948889618E-008,  2.5756284689366470E-008) ( -2.2168552617532908     ,-0.62863259695010754     )
   21.300370000000001        1.2500000000000000     
 (  5.7689589866969522     , 0.68613999478072574     ) (  5.9896370058988815     , 0.76621386109669609     )
 (  2.1115864845484960     , 0.56536863688910322     ) (  9.1324383163809320E-008,  2.5999551664752318E-008) (  9.1324466697028257E-008,  2.5999545034482875E-008) ( -2.2183517136189765     ,-0.63449804724945802     )
   21.350365000000000        1.2500000000000000     
 (  5.8102163629606745     , 0.69391591150831577     ) (  6.0324240309931074     , 0.77500998251075592     )
 (  2.1127854602197154     , 0.57048540476628462     ) (  9.1393310032799620E-008,  2.6243542910736591E-008) (  9.1393396012226746E-008,  2.6243536126292326E-008) ( -2.2197088400146603     ,-0.64037887456154408     )
   21.400359999999999        1.2500000000000000     
 (  5.8516688638647256     , 0.70175382821375631     ) (  6.0754109512307490     , 0.78387745789380137     )
 (  2.1138517248411381     , 0.57561295094130116     ) (  9.1456634765389459E-008,  2.6488243266731433E-008) (  9.1456723155950158E-008,  2.6488236316850145E-008) ( -2.2209250954095618     ,-0.64627448709627910     )
   21.450354999999998        1.2500000000000000     
 (  5.8933172961677540     , 0.70965401245479254     ) (  6.1185988347196227     , 0.79281651814044507     )
 (  2.1147844371989994     , 0.58075070937464868     ) (  9.1514321857501462E-008,  2.6733627317208717E-008) (  9.1514412731312279E-008,  2.6733620206705375E-008) ( -2.2219993777045990     ,-0.65218422098103057     )
   21.500350000000001        1.2500000000000000     
 (  5.9351623459259715     , 0.71761673328545927     ) (  6.1619881887153110     , 0.80182761058073970     )
 (  2.1155828584517322     , 0.58589809713444085     ) (  9.1566348937900808E-008,  2.6979676269198688E-008) (  9.1566442334713900E-008,  2.6979669080127141E-008) ( -2.2229312109901467     ,-0.65810755652576514     )
   21.550345000000000        1.2500000000000000     
 (  5.9772038515731269     , 0.72564229012857684     ) (  6.2055789958878185     , 0.81091091028614737     )
 (  2.1162449951147404     , 0.59105456086502328     ) (  9.1612634388883014E-008,  2.7226360618935803E-008) (  9.1612730394153588E-008,  2.7226353170962647E-008) ( -2.2237185038949847     ,-0.66404371334929202     )
   21.600339999999999        1.2500000000000000     
 (  6.0194427785527163     , 0.73373097194233583     ) (  6.2493720366369372     , 0.82006694869813190     )
 (  2.1167704179784210     , 0.59621952930894584     ) (  9.1653145451783078E-008,  2.7473665326250867E-008) (  9.1653244110675024E-008,  2.7473657704097357E-008) ( -2.2243604709984734     ,-0.66999226846055115     )
   21.650334999999998        1.2500000000000000     
 (  6.0618798755624468     , 0.74188308701769679     ) (  6.2933679106147613     , 0.82929587217648371     )
 (  2.1171582564048790     , 0.60139242757050337     ) (  9.1687836545434274E-008,  2.7721558403866725E-008) (  9.1687937763428085E-008,  2.7721550690571814E-008) ( -2.2248558559748410     ,-0.67595238188381734     )
   21.700330000000001        1.2500000000000000     
 (  6.1045152923330406     , 0.75009892974292269     ) (  6.3375669176616238     , 0.83859818097363703     )
 (  2.1174070418787254     , 0.60657266195009563     ) (  9.1716653776321762E-008,  2.7970022474962769E-008) (  9.1716757970052762E-008,  2.7970014583031028E-008) ( -2.2252036749642974     ,-0.68192357321432495     )
   21.750325000000000        1.2500000000000000     
 (  6.1473495063338062     , 0.75837878086136257     ) (  6.3819697815953473     , 0.84797403967118257     )
 (  2.1175155544139361     , 0.61175961223405773     ) (  9.1739558541912156E-008,  2.8219025261880009E-008) (  9.1739665566210346E-008,  2.8219017091979796E-008) ( -2.2254025526044363     ,-0.68790499226787161     )
   21.800319999999999        1.2500000000000000     
 (  6.1903834874006929     , 0.76672294797747842     ) (  6.4265768542078998     , 0.85742396515040320     )
 (  2.1174833032268530     , 0.61695267412655186     ) (  9.1756499572342017E-008,  2.8468548962322790E-008) (  9.1756609530605503E-008,  2.8468540605094279E-008) ( -2.2254514480641410     ,-0.69389614268503108     )
   21.850314999999998        1.2500000000000000     
 (  6.2336176670963619     , 0.77513168320527415     ) (  6.4713889562600659     , 0.86694812968915858     )
 (  2.1173092473781341     , 0.62215118214902221     ) (  9.1767448596982311E-008,  2.8718560881105178E-008) (  9.1767561531774683E-008,  2.8718552424416681E-008) ( -2.2253496263165053     ,-0.69989616710952607     )
   21.900310000000001        1.2500000000000000     
 (  6.2770522316400017     , 0.78360538209755470     ) (  6.5164062938791965     , 0.87654706535340665     )
 (  2.1169917710593578     , 0.62735459461611920     ) (  9.1772342444796224E-008,  2.8969043069217064E-008) (  9.1772458588260904E-008,  2.8969034327310852E-008) ( -2.2250954711517372     ,-0.70590455476979230     )
   21.950305000000000        1.2500000000000000     
 (  6.3206881914818549     , 0.79214427444005597     ) (  6.5616294756960842     , 0.88622096177798404     )
 (  2.1165303858060405     , 0.63256219238670219     ) (  9.1771132800641043E-008,  2.9219961930867924E-008) (  9.1771251988546827E-008,  2.9219953111915315E-008) ( -2.2246877666843172     ,-0.71192043854800702     )
   22.000299999999999        1.2500000000000000     
 (  6.3645259942994494     , 0.80074865983298871     ) (  6.6070588474455967     , 0.89597018433848008     )
 (  2.1159239169255599     , 0.63777332490413030     ) (  9.1763772600092992E-008,  2.9471292098106410E-008) (  9.1763895017050949E-008,  2.9471282953772807E-008) ( -2.2241255323555609     ,-0.71794312211471667     )
   22.050295000000002        1.2500000000000000     
 (  6.4085657448345330     , 0.80941889728439975     ) (  6.6526952859690871     , 0.90579520244862777     )
 (  2.1151711040463970     , 0.64298738348887141     ) (  9.1750238011650079E-008,  2.9723010952700953E-008) (  9.1750364441543354E-008,  2.9723001692898337E-008) ( -2.2234079461509131     ,-0.72397198287112718     )
   22.100290000000001        1.2500000000000000     
 (  6.4528085421411321     , 0.81815531074879244     ) (  6.6985394500508511     , 0.91569621496841347     )
 (  2.1142713245224520     , 0.64820370754951673     ) (  9.1730474426194567E-008,  2.9975084852788075E-008) (  9.1730603527435457E-008,  2.9975075382086216E-008) ( -2.2225337364480837     ,-0.73000614571852140     )
   22.150285000000000        1.2500000000000000     
 (  6.4972549752332460     , 0.82695815691426089     ) (  6.7445912547305245     , 0.92567371873354920     )
 (  2.1132237943552390     , 0.65342156866301981     ) (  9.1704433398155441E-008,  3.0227490777875302E-008) (  9.1704566650715949E-008,  3.0227481125751075E-008) ( -2.2215016779882863     ,-0.73604497099722599     )
   22.200279999999999        1.2500000000000000     
 (  6.5419051343490198     , 0.83582775412739652     ) (  6.7908518201398458     , 0.93572801019130358     )
 (  2.1120266839574167     , 0.65864026971482403     ) (  9.1672071308649761E-008,  3.0480198386412092E-008) (  9.1672207229569843E-008,  3.0480188482996179E-008) ( -2.2203107102321029     ,-0.74208765978413083     )
   22.250275000000002        1.2500000000000000     
 (  6.5867598704688728     , 0.84476450673728942     ) (  6.8373213617359667     , 0.94585950324935830     )
 (  2.1106796714759932     , 0.66385920182064062     ) (  9.1633353802624857E-008,  3.0733180556835018E-008) (  9.1633493339794492E-008,  3.0733170343984708E-008) ( -2.2189600408827976     ,-0.74813347324677759     )
   22.300270000000001        1.2500000000000000     
 (  6.6318199640920854     , 0.85376860770269636     ) (  6.8840007237622904     , 0.95606842858288621     )
 (  2.1091818964594489     , 0.66907754582402157     ) (  9.1588224307502783E-008,  3.0986403284414820E-008) (  9.1588367661765157E-008,  3.0986392841850975E-008) ( -2.2174482284821688     ,-0.75418150629257008     )
   22.350265000000000        1.2500000000000000     
 (  6.6770855181974618     , 0.86284049699107856     ) (  6.9308897797617615     , 0.96635530249162682     )
 (  2.1075318648703276     , 0.67429468444778418     ) (  9.1536637618069130E-008,  3.1239842268000943E-008) (  9.1536784713040122E-008,  3.1239831777613300E-008) ( -2.2157740771887728     ,-0.76023110826961726     )
   22.400259999999999        1.2500000000000000     
 (  6.7225571958316701     , 0.87198049756593243     ) (  6.9779899058723611     , 0.97672038008649520     )
 (  2.1057285139963655     , 0.67950988905771670     ) (  9.1478565158342743E-008,  3.1493462825018162E-008) (  9.1478715891920922E-008,  3.1493451922193216E-008) ( -2.2139370575366217     ,-0.76628134750619226     )
   22.450255000000002        1.2500000000000000     
 (  6.7682360730893603     , 0.88118882669437315     ) (  7.0253011513442205     , 0.98716417832157055     )
 (  2.1037718046405103     , 0.68472232882301709     ) (  9.1413960414032392E-008,  3.1747240938144850E-008) (  9.1414115509372707E-008,  3.1747229797327780E-008) ( -2.2119358175113479     ,-0.77233156927742208     )
   22.500250000000001        1.2500000000000000     
 (  6.8141222001438280     , 0.89046597513367876     ) (  7.0728244863762608     , 0.99768696760854303     )
 (  2.1016599342385640     , 0.68993140240707607     ) (  9.1342786563581475E-008,  3.2001141130178355E-008) (  9.1342945325837625E-008,  3.2001129742744333E-008) ( -2.2097695378505415     ,-0.77838083211144882     )
   22.550245000000000        1.2500000000000000     
 (  6.8602165273805173     , 0.89981215302789763     ) (  7.1205599654367200     ,  1.0082891088525663     )
 (  2.0993923888118307     , 0.69513622699466504     ) (  9.1264985243947053E-008,  3.2255131312788375E-008) (  9.1265148158670339E-008,  3.2255119678362464E-008) ( -2.2074368453145348     ,-0.78442828717576973     )
   22.600239999999999        1.2500000000000000     
 (  6.9065191616570329     , 0.90922780075001464     ) (  7.1685082831739502     ,  1.0189710734553521     )
 (  2.0969678942411556     , 0.70033616365659623     ) (  9.1180512388867325E-008,  3.2509183477867711E-008) (  9.1180679748615383E-008,  3.2509171593763235E-008) ( -2.2049365538646799     ,-0.79047315330598111     )
   22.650235000000002        1.2500000000000000     
 (  6.9530312658550955     , 0.91871322641552922     ) (  7.2166703872364719     ,  1.0297332266257140     )
 (  2.0943860277826789     , 0.70553038029316240     ) (  9.1089360934644647E-008,  3.2763264591839806E-008) (  9.1089532643381742E-008,  3.2763252630462234E-008) ( -2.2022685488398532     ,-0.79651457314030882     )
   22.700230000000001        1.2500000000000000     
 (  6.9997531040663814     , 0.92826872548920181     ) (  7.2650463337126263     ,  1.0405759643172141     )
 (  2.0916456963747025     , 0.71071806093942413     ) (  9.0991453955571113E-008,  3.3017342583155251E-008) (  9.0991630107705129E-008,  3.3017330362113437E-008) ( -2.1994307889334213     ,-0.80255166435550529     )
   22.750225000000000        1.2500000000000000     
 (  7.0466850443614950     , 0.93789473491416231     ) (  7.3136367765225412     ,  1.0514995839458794     )
 (  2.0887454437158337     , 0.71589851231420820     ) (  9.0886758141153085E-008,  3.3271381071941744E-008) (  9.0886939372727560E-008,  3.3271368408453891E-008) ( -2.1964228107117050     ,-0.80858347516249895     )
   22.800219999999999        1.2500000000000000     
 (  7.0938272161147937     , 0.94759219613683932     ) (  7.3624425456781104     ,  1.0625048410301980     )
 (  2.0856842515340674     , 0.72107148902801244     ) (  9.0775501739106955E-008,  3.3525353598187552E-008) (  9.0775503043007107E-008,  3.3525353907500579E-008) ( -2.1932422486761247     ,-0.81460934419083142     )
   22.850215000000002        1.2500000000000000     
 (  7.1411816150157899     , 0.95736023629310085     ) (  7.4114641750667749     ,  1.0735916391342799     )
 (  2.0824624902091071     , 0.72623499462784491     ) (  9.0657133994748911E-008,  3.3779220534823768E-008) (  9.0657135073427872E-008,  3.3779220854465713E-008) ( -2.1898906762230275     ,-0.82062807823637252     )
   22.900210000000001        1.2500000000000000     
 (  7.1887484934071599     , 0.96719978096127002     ) (  7.4607018740737487     ,  1.0847606486799259     )
 (  2.0790789713127946     , 0.73138874974308954     ) (  9.0531854535030869E-008,  3.4032951940722744E-008) (  9.0531855530621947E-008,  3.4032952264145003E-008) ( -2.1863657370724221     ,-0.82663892937327554     )
   22.950205000000000        1.2500000000000000     
 (  7.2365278820642365     , 0.97711129142983955     ) (  7.5101564544767445     ,  1.0960122073269798     )
 (  2.0755320284959025     , 0.73653203441882298     ) (  9.0399640589894225E-008,  3.4286510018372301E-008) (  9.0399641835869447E-008,  3.4286510352771604E-008) ( -2.1826667667942754     ,-0.83264090692337789     )
   23.000200000000000        1.2500000000000000     
 (  7.2845206713022002     , 0.98709511638354630     ) (  7.5598289090361526     ,  1.1073467446871883     )
 (  2.0718214881878745     , 0.74166398710103587     ) (  9.0260465391648508E-008,  3.4539861146935403E-008) (  9.0260466367653313E-008,  3.4539861499148749E-008) ( -2.1787930127522741     ,-0.83863310252186629     )
   23.050195000000002        1.2500000000000000     
 (  7.3327276582983609     , 0.99715161589135370     ) (  7.6097190951266978     ,  1.1187647972734711     )
 (  2.0679463501711659     , 0.74678375688459009     ) (  9.0114248405432937E-008,  3.4792974645847532E-008) (  9.0114249382348355E-008,  3.4792975002748259E-008) ( -2.1747426991151522     ,-0.84461468353772062     )
   23.100190000000001        1.2500000000000000     
 (  7.3811489402628361     ,  1.0072811174394232     ) (  7.6598281221794888     ,  1.1302666429710806     )
 (  2.0639055973946312     , 0.75189044386756099     ) (  8.9960984417855688E-008,  3.5045809128734996E-008) (  8.9960985557937405E-008,  3.5045809497898212E-008) ( -2.1705156180051834     ,-0.85058453870109219     )
   23.150185000000000        1.2500000000000000     
 (  7.4297857021343008     ,  1.0174841370057985     ) (  7.7101562125960523     ,  1.1418527396909384     )
 (  2.0596985214232983     , 0.75698331224583038     ) (  8.9800611478754751E-008,  3.5298329531530775E-008) (  8.9800612223997724E-008,  3.5298329913791715E-008) ( -2.1661103544978579     ,-0.85654174226206781     )
   23.200180000000000        1.2500000000000000     
 (  7.4786378854363473     ,  1.0277609084743433     ) (  7.7607040133162037     ,  1.1535236374479507     )
 (  2.0553241748472457     , 0.76206134328992470     ) (  8.9633131899474416E-008,  3.5550504639852010E-008) (  8.9633132796115939E-008,  3.5550505034250197E-008) ( -2.1615264956727396     ,-0.86248544928145610     )
   23.250175000000002        1.2500000000000000     
 (  7.5277067387825420     ,  1.0381119377666297     ) (  7.8114723445941818     ,  1.1652796440530901     )
 (  2.0507819231668494     , 0.76712376012564487     ) (  8.9458462455901668E-008,  3.5802292312588310E-008) (  8.9458463562612126E-008,  3.5802292720365555E-008) ( -2.1567627684614639     ,-0.86841452551413867     )
   23.300170000000001        1.2500000000000000     
 (  7.5769925089785888     ,  1.0485375963538441     ) (  7.8624614996430386     ,  1.1771212380210188     )
 (  2.0460709491468072     , 0.77216967194547603     ) (  8.9276593298710250E-008,  3.6053657456511609E-008) (  8.9276594142042286E-008,  3.6053657878000902E-008) ( -2.1518183582787662     ,-0.87432803022203986     )
   23.350165000000001        1.2500000000000000     
 (  7.6264962216247500     ,  1.0590382680380885     ) (  7.9136724359863484     ,  1.1890488302243356     )
 (  2.0411904764411841     , 0.77719815877925535     ) (  8.9087490116048966E-008,  3.6304560583226169E-008) (  8.9087490939510760E-008,  3.6304561019721821E-008) ( -2.1466925978241873     ,-0.88022490966007649     )
   23.400160000000003        1.2500000000000000     
 (  7.6762180487085141     ,  1.0696143494007933     ) (  7.9651055399356281     ,  1.2010629161640167     )
 (  2.0361397088031046     , 0.78220830726364776     ) (  8.8891118571780250E-008,  3.6554966083180013E-008) (  8.8891119338941842E-008,  3.6554966533222448E-008) ( -2.1413846144271131     ,-0.88610420255277056     )
   23.450154999999999        1.2500000000000000     
 (  7.7261586103370714     ,  1.0802662522829578     ) (  8.0167614174247852     ,  1.2131640136763016     )
 (  2.0309175598447755     , 0.78719919731307830     ) (  8.8687427808217721E-008,  3.6804837274773030E-008) (  8.8687427650562152E-008,  3.6804837733929116E-008) ( -2.1358933872974037     ,-0.89196492659202631     )
   23.500149999999998        1.2500000000000000     
 (  7.7763188838318396     ,  1.0909944487102889     ) (  8.0686403656451962     ,  1.2253525486518746     )
 (  2.0255237031435556     , 0.79216996852847332     ) (  8.8476393852845208E-008,  3.7054134879357662E-008) (  8.8476394539787460E-008,  3.7054135352648915E-008) ( -2.1302181230938544     ,-0.89780601930016524     )
   23.550145000000001        1.2500000000000000     
 (  7.8266991535543360     ,  1.1017993305404619     ) (  8.1207431000168278     ,  1.2376288658674088     )
 (  2.0199573357581384     , 0.79711965858996081     ) (  8.8257969772799405E-008,  3.7302814973515712E-008) (  8.8257970373659948E-008,  3.7302815456583267E-008) ( -2.1243577292032954     ,-0.90362632138063659     )
   23.600140000000000        1.2500000000000000     
 (  7.8773004036169558     ,  1.1126812662801100     ) (  8.1730708159411858     ,  1.2499935983613415     )
 (  2.0142177847157701     , 0.80204727549500476     ) (  8.8032149485999078E-008,  3.7550844266412475E-008) (  8.8032149914399981E-008,  3.7550844777450448E-008) ( -2.1183119972703013     ,-0.90942492483060566     )
   23.650134999999999        1.2500000000000000     
 (  7.9281230598229238     ,  1.1236407369258152     ) (  8.2256234450526708     ,  1.2624471083764672     )
 (  2.0083040072827250     , 0.80695191697832902     ) (  8.7798877593720500E-008,  3.7798178242029483E-008) (  8.7798878159143129E-008,  3.7798178770184331E-008) ( -2.1120798260719913     ,-0.91520065397092487     )
   23.700129999999998        1.2500000000000000     
 (  7.9791676799920426     ,  1.1346781952159326     ) (  8.2784020678478392     ,  1.2749900470912214     )
 (  2.0022156975831935     , 0.81183265532484616     ) (  8.7558133016171740E-008,  3.8044784168822532E-008) (  8.7558133555559144E-008,  3.8044784712286316E-008) ( -2.1056604865262267     ,-0.92095258357917476     )
   23.750125000000001        1.2500000000000000     
 (  8.0304347948124768     ,  1.1457940652981602     ) (  8.3314066739569306     ,  1.2876226911880364     )
 (  1.9959516415113459     , 0.81668847153793400     ) (  8.7309859830533960E-008,  3.8290612238981595E-008) (  8.7309860293526378E-008,  3.8290612795629248E-008) ( -2.0990528244215105     ,-0.92667944740048269     )
   23.800120000000000        1.2500000000000000     
 (  8.0819255223817592     ,  1.1569887770537950     ) (  8.3846385608009228     ,  1.3003456250081160     )
 (  1.9895117258682060     , 0.82151843847937267     ) (  8.7054058930501710E-008,  3.8535626451866086E-008) (  8.7054059314703282E-008,  3.8535627025664693E-008) ( -2.0922565622079277     ,-0.93238021591932030     )
   23.850114999999999        1.2500000000000000     
 (  8.1336402420431870     ,  1.1682628134049482     ) (  8.4380980867313919     ,  1.3131593388159057     )
 (  1.9828950846818880     , 0.82632153420249332     ) (  8.6790690356935541E-008,  3.8779783524820351E-008) (  8.6790690496370254E-008,  3.8779784116752498E-008) ( -2.0852709795131288     ,-0.93805377540525181     )
   23.900109999999998        1.2500000000000000     
 (  8.1855792506072156     ,  1.1796165537841001     ) (  8.4917852942786904     ,  1.3260644221334783     )
 (  1.9761008194917311     , 0.83109672975886417     ) (  8.6519706444384350E-008,  3.9023045873823503E-008) (  8.6519706509560425E-008,  3.9023046484523399E-008) ( -2.0780948597927433     ,-0.94369908670376079     )
   23.950105000000001        1.2500000000000000     
 (  8.2377438354189394     ,  1.1910505961970590     ) (  8.5457015782637065     ,  1.3390612896788432     )
 (  1.9691285852661728     , 0.83584316995907937     ) (  8.6241085157983439E-008,  3.9265368199277484E-008) (  8.6241085368580671E-008,  3.9265368842070273E-008) ( -2.0707279598668480     ,-0.94931493182592785     )
   24.000100000000000        1.2500000000000000     
 (  8.2901338477632507     ,  1.2025653442086781     ) (  8.5998472451501655     ,  1.3521504609111872     )
 (  1.9619775020260748     , 0.84055976635975560     ) (  8.5954814967860283E-008,  3.9506707645300980E-008) (  8.5954815133233910E-008,  3.9506708296293022E-008) ( -2.0631695226699009     ,-0.95490018423768341     )
   24.050094999999999        1.2500000000000000     
 (  8.3427507603543596     ,  1.2141612102864996     ) (  8.6542229342235206     ,  1.3653324540386835     )
 (  1.9546474056244161     , 0.84524543692809107     ) (  8.5660846599684582E-008,  3.9747021702883188E-008) (  8.5660846623749370E-008,  3.9747022366766033E-008) ( -2.0554185522839745     ,-0.96045369145291848     )
   24.100089999999998        1.2500000000000000     
 (  8.3955948552286426     ,  1.2258386765841265     ) (  8.7088293434839095     ,  1.3786078048111496     )
 (  1.9471371166522904     , 0.84989916692782697     ) (  8.5359151847617753E-008,  3.9986267609926383E-008) (  8.5359151813389654E-008,  3.9986268310444951E-008) ( -2.0474747521076262     ,-0.96597431717865589     )
   24.150085000000001        1.2500000000000000     
 (  8.4486665807655594     ,  1.2375984121556438     ) (  8.7636669527770437     ,  1.3919771680783379     )
 (  1.9394463345082147     , 0.85452009198967083     ) (  8.5049713611465953E-008,  4.0224405124078220E-008) (  8.5049713324300568E-008,  4.0224405832929879E-008) ( -2.0393372344031571     ,-0.97146095627738560     )
   24.200080000000000        1.2500000000000000     
 (  8.5019667983959089     ,  1.2494406571200347     ) (  8.8187361162566145     ,  1.4054408891631727     )
 (  1.9315743326335844     , 0.85910694037436530     ) (  8.4732487744854582E-008,  4.0461384406802976E-008) (  8.4732487528411062E-008,  4.0461385137627827E-008) ( -2.0310053013798197     ,-0.97691230429431830     )
   24.250074999999999        1.2500000000000000     
 (  8.5554961059893628     ,  1.2613660890835257     ) (  8.8740377946553792     ,  1.4189996242270406     )
 (  1.9235208156403414     , 0.86365883970038448     ) (  8.4407454061977932E-008,  4.0697165858487235E-008) (  8.4407453598895358E-008,  4.0697166612842966E-008) ( -2.0224783762986478     ,-0.98232727541807807     )
   24.300069999999998        1.2500000000000000     
 (  8.6092553268131518     ,  1.2733750881925885     ) (  8.9295727348199989     ,  1.4326539673127223     )
 (  1.9152852788179267     , 0.86817458912830825     ) (  8.4074604376391673E-008,  4.0931704346183157E-008) (  8.4074603760387399E-008,  4.0931705123861635E-008) ( -2.0137560837597901     ,-0.98770465900701621     )
   24.350065000000001        1.2500000000000000     
 (  8.6632449399363338     ,  1.2854682233699311     ) (  8.9853413064587659     ,  1.4464043763926917     )
 (  1.9068668344073170     , 0.87265322131937895     ) (  8.3733894846013397E-008,  4.1164953570364597E-008) (  8.3733894156157697E-008,  4.1164954373359527E-008) ( -2.0048377213384345     ,-0.99304321367690507     )
   24.400060000000000        1.2500000000000000     
 (  8.7174656209197892     ,  1.2976460465500244     ) (  9.0413440366502424     ,  1.4602514544604446     )
 (  1.8982649218201550     , 0.87709366300624725     ) (  8.3385301568352102E-008,  4.1396868096240301E-008) (  8.3385300770935724E-008,  4.1396868922523052E-008) ( -1.9957224814335355     ,-0.99834174097411243     )
   24.450054999999999        1.2500000000000000     
 (  8.7719177923529674     ,  1.3099090008331982     ) (  9.0975817018386849     ,  1.4741957103354864     )
 (  1.8894794798593932     , 0.88149477036160417     ) (  8.3028799543465412E-008,  4.1627399575123980E-008) (  8.3028798611460939E-008,  4.1627400427900929E-008) ( -1.9864099670927542     , -1.0035989442468549     )
   24.500049999999998        1.2500000000000000     
 (  8.8266022054934616     ,  1.3222577509542470     ) (  9.1540550982149398     ,  1.4882379316865419     )
 (  1.8805094743153652     , 0.88585557367657120     ) (  8.2664375934986627E-008,  4.1856511173700506E-008) (  8.2664374717717590E-008,  4.1856512052734100E-008) ( -1.9768997602397671     , -1.0088137934724082     )
   24.550045000000001        1.2500000000000000     
 (  8.8815202072996904     ,  1.3346926514657953     ) (  9.2107643031153401     ,  1.5023784528660669     )
 (  1.8713548729304312     , 0.89017481808166787     ) (  8.2291985465687218E-008,  4.2084146292056294E-008) (  8.2291984343911181E-008,  4.2084147199141627E-008) ( -1.9671908566401686     , -1.0139848232972444     )
   24.600040000000000        1.2500000000000000     
 (  8.9366715968521433     ,  1.3472142822437654     ) (  9.2677104179264322     ,  1.5166179975931080     )
 (  1.8620150867217620     , 0.89445143611429478     ) (  8.1911621905193658E-008,  4.2310263928426336E-008) (  8.1911620622248360E-008,  4.2310264862671463E-008) ( -1.9572831373171637     , -1.0191108950928665     )
   24.650034999999999        1.2500000000000000     
 (  8.9920570605438943     ,  1.3598233016100827     ) (  9.3248941963941832     ,  1.5309571889282882     )
 (  1.8524897710131096     , 0.89868440650188841     ) (  8.1523265556722506E-008,  4.2534817581037756E-008) (  8.1523264184866952E-008,  4.2534818532412655E-008) ( -1.9471764031050203     , -1.0241907801188053     )
   24.700029999999998        1.2500000000000000     
 (  9.0476775979809485     ,  1.3725201045281250     ) (  9.3823157750966164     ,  1.5453965209727354     )
 (  1.8427780621363297     , 0.90287245938974237     ) (  8.1126888578078638E-008,  4.2757754181750724E-008) (  8.1126886900537298E-008,  4.2757755175282817E-008) ( -1.9368695179080455     , -1.0292230572869310     )
   24.750025000000001        1.2500000000000000     
 (  9.1035341142791282     ,  1.3853054395089166     ) (  9.4399758561623521     ,  1.5599366773599954     )
 (  1.8328799683582884     , 0.90701467495078236     ) (  8.0722457611050948E-008,  4.2979032285664403E-008) (  8.0722455689236476E-008,  4.2979033310297614E-008) ( -1.9263621568630198     , -1.0342066081696506     )
   24.800020000000000        1.2500000000000000     
 (  9.1596266339612846     ,  1.3981796891092857     ) (  9.4978749925663095     ,  1.5745783689787165     )
 (  1.8227952411463599     , 0.91110970670797231     ) (  8.0309972656743806E-008,  4.3198604160343226E-008) (  8.0309970818552278E-008,  4.3198605200101758E-008) ( -1.9156542916846453     , -1.0391401518403054     )
   24.850014999999999        1.2500000000000000     
 (  9.2159560858762024     ,  1.4111435543834936     ) (  9.5560142695045318     ,  1.5893219793564966     )
 (  1.8125227526206038     , 0.91515655633049442     ) (  7.9889409268832464E-008,  4.3416412788848800E-008) (  7.9889407266807175E-008,  4.3416413875708426E-008) ( -1.9047452183203608     , -1.0440221837870973     )
   24.900009999999998        1.2500000000000000     
 (  9.2725230804073018     ,  1.4241975446345110     ) (  9.6143939803111191     ,  1.6041683576878012     )
 (  1.8020626986725974     , 0.91915396937669935     ) (  7.9460746930216484E-008,  4.3632418824455970E-008) (  7.9460744558182917E-008,  4.3632419931003368E-008) ( -1.8936344724750045     , -1.0488516236761718     )
   24.950005000000001        1.2500000000000000     
 (  9.3293287447454656     ,  1.4373422402686293     ) (  9.6730147757767266     ,  1.6191181055895068     )
 (  1.7914149588738890     , 0.92310083633427387     ) (  7.9023951568829516E-008,  4.3846571185619039E-008) (  7.9023949108521326E-008,  4.3846572314360361E-008) ( -1.8823217867358129     , -1.0536271067734047     )
   25.000000000000000        1.2500000000000000     
 (  9.3863728639709691     ,  1.4505782595164207     ) (  9.7318770118823625     ,  1.6341717379995111     )
 (  1.7805787848937396     , 0.92699597166743353     ) (  7.8579035017064008E-008,  4.4058815713025971E-008) (  7.8579031935125087E-008,  4.4058816887353680E-008) ( -1.8708066270860364     , -1.0583471870651693     )
