   99.930833333333339     
   243.16000000000000     
   1.1441169347563698        3.1250089810973885E-005
         501           1
 
   90.000000000000000        90.000000000000000     
   2.5000000000000001E-003   1.2500000000000000     
 (  5.6712035749725019E-012,  1.1698109003800312E-015) (  5.8180886742896691E-012,  1.2311923276456635E-015)
 (  5.6712035070895775E-012,  1.1698108857132279E-015) ( -3.5625517943717247E-035, -7.5388786289669430E-039) (  3.5625517943717247E-035,  7.5388786289669430E-039) ( -5.8180886050896988E-012, -1.2311923124137313E-015)
   5.2495000000000000E-002   1.2500000000000000     
 (  5.2506057610854620E-008,  1.0830658627489067E-011) (  5.3865978210337822E-008,  1.1398957941690063E-011)
 (  5.2505780502600204E-008,  1.0830598755379452E-011) ( -3.2983234689621955E-031, -6.9798144435772222E-035) (  3.2983234689621955E-031,  6.9798144435772222E-035) ( -5.3865695725768798E-008, -1.1398895762660928E-011)
  0.10249000000000000        1.2500000000000000     
 (  3.9075195419813903E-007,  8.0607890444388015E-011) (  4.0087255926488677E-007,  8.4837509775369448E-011)
 (  3.9074409342385829E-007,  8.0606192041380026E-011) ( -2.4545899041179613E-030, -5.1947021310121241E-034) (  2.4545899041179613E-030,  5.1947021310121241E-034) ( -4.0086454597937520E-007, -8.4835745931386571E-011)
  0.15248500000000001        1.2500000000000000     
 (  1.2868852383946419E-006,  2.6551991432875453E-010) (  1.3202162663039855E-006,  2.7945225639139412E-010)
 (  1.2868279336813017E-006,  2.6550753302687312E-010) ( -8.0836535705821628E-030, -1.7110807654500156E-033) (  8.0836535705821628E-030,  1.7110807654500156E-033) ( -1.3201578497852804E-006, -2.7943939802559384E-010)
  0.20247999999999999        1.2500000000000000     
 (  3.0130565600462590E-006,  6.2189828951845363E-010) (  3.0910974442988044E-006,  6.5453079873699380E-010)
 (  3.0128199893012991E-006,  6.2184717577168890E-010) ( -1.8926111186080060E-029, -4.0075529923692580E-033) (  1.8926111186080060E-029,  4.0075529923692580E-033) ( -3.0908562836693299E-006, -6.5447771551231985E-010)
  0.25247500000000000        1.2500000000000000     
 (  5.8414306898644449E-006,  1.2063791901570103E-009) (  5.9927299040784915E-006,  1.2696815930960214E-009)
 (  5.8407176124020567E-006,  1.2062251214937584E-009) ( -3.6690662236591080E-029, -7.7736765998803775E-033) (  3.6690662236591080E-029,  7.7736765998803761E-033) ( -5.9920029915919099E-006, -1.2695215879334652E-009)
  0.30247000000000002        1.2500000000000000     
 (  1.0044188458161700E-005,  2.0761256288914987E-009) (  1.0304348425105850E-005,  2.1850679622757784E-009)
 (  1.0042428714031199E-005,  2.0757454147330109E-009) ( -6.3085509475168441E-029, -1.3377508538826256E-032) (  6.3085509475168441E-029,  1.3377508538826253E-032) ( -1.0302554538287830E-005, -2.1846730977390695E-009)
  0.35246499999999997        1.2500000000000000     
 (  1.5893534132234165E-005,  3.2891112805186546E-009) (  1.6305208745013930E-005,  3.4617066953936427E-009)
 (  1.5889753103586102E-005,  3.2882943406822552E-009) ( -9.9818204575649643E-029, -2.1192169232740453E-032) (  9.9818204575649620E-029,  2.1192169232740442E-032) ( -1.6301354356016378E-005, -3.4608582769887894E-009)
  0.40245999999999998        1.2500000000000000     
 (  2.3661699570171282E-005,  4.9044667526828225E-009) (  2.4274596446944326E-005,  5.1618330958139895E-009)
 (  2.3654360613432284E-005,  4.9028810709626124E-009) ( -1.4859554830999163E-028, -3.1598045689282097E-032) (  1.4859554830999158E-028,  3.1598045689282070E-032) ( -2.4267115096062685E-005, -5.1601863132873837E-009)
  0.45245499999999994        1.2500000000000000     
 (  3.3620941761796443E-005,  6.9828876746486424E-009) (  3.4491832962031597E-005,  7.3493303388164358E-009)
 (  3.3607762618605329E-005,  6.9800401286842784E-009) ( -2.1112347312970075E-028, -4.4985388405700882E-032) (  2.1112347312970048E-028,  4.4985388405700795E-032) ( -3.4478398106594847E-005, -7.3463730675670016E-009)
  0.50244999999999995        1.2500000000000000     
 (  4.6043559690666750E-005,  9.5871053445957343E-009) (  4.7236269365273074E-005,  1.0090223814619914E-008)
 (  4.6021302888360381E-005,  9.5822964147766382E-009) ( -2.8910685104511583E-028, -6.1757306202155732E-032) (  2.8910685104511539E-028,  6.1757306202155513E-032) ( -4.7213580712580802E-005, -1.0085229578094050E-008)
  0.55244499999999985        1.2500000000000000     
 (  6.1201888815673485E-005,  1.2782414717467421E-008) (  6.2787301864396307E-005,  1.3453240239572969E-008)
 (  6.1166126072510982E-005,  1.2774687576298031E-008) ( -3.8424943443127251E-028, -8.2333157662276653E-032) (  3.8424943443127153E-028,  8.2333157662276182E-032) ( -6.2750845204208766E-005, -1.3445215336030260E-008)
  0.60243999999999998        1.2500000000000000     
 (  7.9368307754541174E-005,  1.6637273220442922E-008) (  8.1424384576688283E-005,  1.7510433099092120E-008)
 (  7.9313158401037097E-005,  1.6625357202398324E-008) ( -4.9825378027945257E-028, -1.0715234874737922E-031) (  4.9825378027945024E-028,  1.0715234874737817E-031) ( -8.1368165119724098E-005, -1.7498057893753078E-008)
  0.65243499999999988        1.2500000000000000     
 (  1.0081524225119606E-004,  2.1223949197938486E-008) (  1.0342699754301269E-004,  2.2337870602899953E-008)
 (  1.0073308568223718E-004,  2.1206197657832903E-008) ( -6.3282090047378392E-028, -1.3667851318797523E-031) (  6.3282090047377862E-028,  1.3667851318797312E-031) ( -1.0334324679633007E-004, -2.2319434987474850E-008)
  0.70242999999999989        1.2500000000000000     
 (  1.2581517184813887E-004,  2.6619244155438024E-008) (  1.2907472052048317E-004,  2.8016393423967235E-008)
 (  1.2569633402644258E-004,  2.6593566709962642E-008) ( -7.8965055993689450E-028, -1.7140412022148654E-031) (  7.8965055993688535E-028,  1.7140412022148212E-031) ( -1.2895357670513084E-004, -2.7989726446390764E-008)
  0.75242499999999990        1.2500000000000000     
 (  1.5464063113497373E-004,  3.2905266607373685E-008) (  1.5864713590696454E-004,  3.4632430616583182E-008)
 (  1.5447304515446095E-004,  3.2869055765799135E-008) ( -9.7044052832718410E-028, -2.1185543856570881E-031) (  9.7044052832716598E-028,  2.1185543856570123E-031) ( -1.5847629792006596E-004, -3.4594824286317091E-008)
  0.80241999999999991        1.2500000000000000     
 (  1.8756422182115743E-004,  4.0170271428773192E-008) (  1.9242393232914056E-004,  4.2278877021301107E-008)
 (  1.8733306258714012E-004,  4.0120323617677990E-008) ( -1.1768870612220834E-027, -2.5859787685679326E-031) (  1.1768870612220527E-027,  2.5859787685677899E-031) ( -1.9218828734166618E-004, -4.2227004278165487E-008)
  0.85241499999999992        1.2500000000000000     
 (  2.2485860857333995E-004,  4.8509557425603520E-008) (  2.3068488354263165E-004,  5.1056057942980392E-008)
 (  2.2454590152733210E-004,  4.8441988397290137E-008) ( -1.4106846168015447E-027, -3.1224185859784519E-031) (  1.4106846168014862E-027,  3.1224185859782172E-031) ( -2.3036610810927291E-004, -5.0985884812046179E-008)
  0.90240999999999982        1.2500000000000000     
 (  2.6679649849483539E-004,  5.8026433692891336E-008) (  2.7370977297232581E-004,  6.1072713565159386E-008)
 (  2.6638070257779540E-004,  5.7936588344115736E-008) ( -1.6735252412056960E-027, -3.7344881792932906E-031) (  1.6735252412055988E-027,  3.7344881792928947E-031) ( -2.7328590787280418E-004, -6.0979405487719724E-008)
  0.95240499999999984        1.2500000000000000     
 (  3.1365074004795440E-004,  6.8833233593662394E-008) (  3.2177850275590342E-004,  7.2447105056811476E-008)
 (  3.1310630467667327E-004,  6.8715590157079308E-008) ( -1.9670990828128528E-027, -4.4293794032816955E-031) (  1.9670990828127011E-027,  4.4293794032810605E-031) ( -3.2122350144993359E-004, -7.2324927379180368E-008)
   1.0024000000000000        1.2500000000000000     
 (  3.6569416146486905E-004,  8.1052405453423794E-008) (  3.7517111598330411E-004,  8.5308136367873439E-008)
 (  3.6499105784184926E-004,  8.0900474090970917E-008) ( -2.2930943752578795E-027, -5.2149299994111200E-031) (  2.2930943752576546E-027,  5.2149299994100979E-031) ( -3.7445436671782774E-004, -8.5150349040922094E-008)
   1.0523950000000000        1.2500000000000000     
 (  4.2319979979722267E-004,  9.4817648191403826E-008) (  4.3416761277061854E-004,  9.9796560625534357E-008)
 (  4.2230302637104848E-004,  9.4623863977846552E-008) ( -2.6531961586640899E-027, -6.0996971426845429E-031) (  2.6531961586637408E-027,  6.0996971426829559E-031) ( -4.3325343442840409E-004, -9.9595307050651103E-008)
   1.1023899999999998        1.2500000000000000     
 (  4.8644065265031409E-004,  1.1027510511770854E-007) (  4.9904817861865631E-004,  1.1606624192104592E-007)
 (  4.8530971470502700E-004,  1.1003071542898344E-007) ( -3.0490875254071895E-027, -7.0930343830245592E-031) (  3.0490875254066266E-027,  7.0930343830221419E-031) ( -4.9789529025269584E-004, -1.1581243195345844E-007)
   1.1523849999999998        1.2500000000000000     
 (  5.5568984196724121E-004,  1.2758465298917052E-007) (  5.7009310892540258E-004,  1.3428548570873205E-007)
 (  5.5427820573885570E-004,  1.2727959924581091E-007) ( -3.4824490038494566E-027, -8.2051727907733111E-031) (  3.4824490038486250E-027,  8.2051727907697326E-031) ( -5.6865407319737701E-004, -1.3396867286408743E-007)
   1.2023800000000000        1.2500000000000000     
 (  6.3122066957755913E-004,  1.4692120151582968E-007) (  6.4758277701545085E-004,  1.5463846960329241E-007)
 (  6.2947519042107225E-004,  1.4654399532065735E-007) ( -3.9549582139079526E-027, -9.4473082449276852E-031) (  3.9549582139067688E-027,  9.4473082449224111E-031) ( -6.4580341722341459E-004, -1.5424672241555096E-007)
   1.2523750000000000        1.2500000000000000     
 (  7.1330641220292677E-004,  1.6847607220764547E-007) (  7.3179755855969010E-004,  1.7732662094503784E-007)
 (  7.1116673715318338E-004,  1.6801366583929674E-007) ( -4.4682892480986453E-027, -1.0831685461658467E-030) (  4.4682892480968789E-027,  1.0831685461650879E-030) ( -7.2961634976662407E-004, -1.7684638845223819E-007)
   1.3023699999999998        1.2500000000000000     
 (  8.0222059373239449E-004,  1.9245847240107768E-007) (  8.2301819031489385E-004,  2.0257021649736693E-007)
 (  7.9961853863405043E-004,  1.9189612371599630E-007) ( -5.0241147175374727E-027, -1.2371695630247848E-030) (  5.0241147175350075E-027,  1.2371695630236862E-030) ( -8.2036562393156785E-004, -2.0198618788011695E-007)
   1.3523649999999998        1.2500000000000000     
 (  8.9823665022568933E-004,  2.1909693742030069E-007) (  9.2152521685319629E-004,  2.3060990769390168E-007)
 (  8.9509555095954962E-004,  2.1841806900305676E-007) ( -5.6241022160955277E-027, -1.4081969478630754E-030) (  5.6241022160920279E-027,  1.4081969478615832E-030) ( -9.1832313987248813E-004, -2.2990486600871992E-007)
   1.4023599999999998        1.2500000000000000     
 (  1.0016282889439741E-003,  2.4864094196306307E-007) (  1.0275995232270018E-003,  2.6170841495938715E-007)
 (  9.9786232729719561E-004,  2.4782699471113410E-007) ( -6.2699174227908721E-027, -1.5978480705648437E-030) (  6.2699174227860694E-027,  1.5978480705627323E-030) ( -1.0237604503261085E-003, -2.6086308507977196E-007)
   1.4523549999999998        1.2500000000000000     
 (  1.1126693266252331E-003,  2.8136252203323034E-007) (  1.1415219551381790E-003,  2.9615216878533172E-007)
 (  1.1081828308860777E-003,  2.8039280296282689E-007) ( -6.9632216339503624E-027, -1.8078646133310973E-030) (  6.9632216339436885E-027,  1.8078646133282226E-030) ( -1.1369483558561629E-003, -2.9514505927372591E-007)
   1.5023499999999999        1.2500000000000000     
 (  1.2316335715924266E-003,  3.1755786479313124E-007) (  1.2635737644798950E-003,  3.3425310919331697E-007)
 (  1.2263202909780695E-003,  3.1640938917873927E-007) ( -7.7056743338686241E-027, -2.0401435576190765E-030) (  7.7056743338596701E-027,  2.0401435576152265E-030) ( -1.2581573238498451E-003, -3.3306034832901580E-007)
   1.5523449999999999        1.2500000000000000     
 (  1.3587950956905706E-003,  3.5754917373947224E-007) (  1.3940360131363446E-003,  3.7635056950404999E-007)
 (  1.3525374501462302E-003,  3.5619650146607462E-007) ( -8.4989293944230636E-027, -2.2967486859873153E-030) (  8.4989293944109944E-027,  2.2967486859820447E-030) ( -1.3876568661292756E-003, -3.7494573541619879E-007)
   1.6023399999999999        1.2500000000000000     
 (  1.4944279863233665E-003,  4.0168636408202051E-007) (  1.5331901047596561E-003,  4.2281305391420422E-007)
 (  1.4870962899856711E-003,  4.0010143027054549E-007) ( -9.3446381832567918E-027, -2.5799214326351407E-030) (  9.3446381832408813E-027,  2.5799214326281839E-030) ( -1.5257160455046856E-003, -4.2116699835517105E-007)
   1.6523349999999999        1.2500000000000000     
 (  1.6388066179303295E-003,  4.5034890623445529E-007) (  1.6813175359099162E-003,  4.7404024720663451E-007)
 (  1.6302582788922325E-003,  4.4850084607247439E-007) ( -1.0244447888869042E-026, -2.8920931587685039E-030) (  1.0244447888848483E-026,  2.8920931587592781E-030) ( -1.6726032006214907E-003, -4.7212091375312076E-007)
   1.7023299999999999        1.2500000000000000     
 (  1.7922053179421651E-003,  5.0394777517630349E-007) (  1.8386997331948337E-003,  5.3046508787114853E-007)
 (  1.7822840102151676E-003,  5.0180274261734228E-007) ( -1.1200000371305138E-026, -3.2358978115921472E-030) (  1.1200000371278019E-026,  3.2358978115801129E-030) ( -1.8285857579695729E-003, -5.2823732377448738E-007)
   1.7523250000000001        1.2500000000000000     
 (  1.9548985509800008E-003,  5.6292748401681371E-007) (  2.0056187595349191E-003,  5.9255567102996376E-007)
 (  1.9434333638260626E-003,  5.6044846473938862E-007) ( -1.2212936344292411E-026, -3.6141835422703268E-030) (  1.2212936344257128E-026,  3.6141835422547528E-030) ( -1.9939309114969449E-003, -5.8998103275811850E-007)
   1.8023199999999997        1.2500000000000000     
 (  2.1271611917391721E-003,  6.2776786306817212E-007) (  2.1823561972302893E-003,  6.6081761692438097E-007)
 (  2.1139657525963435E-003,  6.2491448177533463E-007) ( -1.3284888368807627E-026, -4.0300271768594091E-030) (  1.3284888368762100E-026,  4.0300271768391695E-030) ( -2.1689044793123187E-003, -6.5785416956909736E-007)
   1.8523149999999997        1.2500000000000000     
 (  2.3092680164971987E-003,  6.9898647471391564E-007) (  2.3691945462723813E-003,  7.3579605705023668E-007)
 (  2.2941395879296327E-003,  6.9571479559042628E-007) ( -1.4417489292075732E-026, -4.4867463425361707E-030) (  1.4417489292017080E-026,  4.4867463425103826E-030) ( -2.3537722795924127E-003, -7.3239816784867089E-007)
   1.9023099999999997        1.2500000000000000     
 (  2.5014940612037187E-003,  7.7714043395729119E-007) (  2.5664156752476749E-003,  8.1807787455925588E-007)
 (  2.4842126145699643E-003,  7.7340275587851856E-007) ( -1.5612362589062845E-026, -4.9879131522448259E-030) (  1.5612362588988392E-026,  4.9879131522119220E-030) ( -2.5487985523056245E-003, -8.1419599926224676E-007)
   1.9523049999999997        1.2500000000000000     
 (  2.7041142870214523E-003,  8.6282869570059539E-007) (  2.7743022198000841E-003,  9.0829415512509028E-007)
 (  2.6844415494934218E-003,  8.5857334026912332E-007) ( -1.6871130804650360E-026, -5.5373691762668750E-030) (  1.6871130804555750E-026,  5.5373691762250652E-030) ( -2.7542473340369539E-003, -9.0387461853741506E-007)
   2.0023000000000000        1.2500000000000000     
 (  2.9174041121045641E-003,  9.5669434078392041E-007) (  2.9931365533367731E-003,  1.0071226375220026E-006)
 (  2.8950825899127452E-003,  9.5186543484759233E-007) ( -1.8195409065822386E-026, -6.1392404143097935E-030) (  1.8195409065705927E-026,  6.1392404142575566E-030) ( -2.9703814025752056E-003, -1.0021074071123322E-006)
   2.0522950000000000        1.2500000000000000     
 (  3.1416389032468944E-003,  1.0594270319961191E-006) (  3.2232016657285588E-003,  1.1152897817989387E-006)
 (  3.1163908793307511E-003,  1.0539642830934711E-006) ( -1.9586810338511730E-026, -6.7979499185352111E-030) (  1.9586810338365608E-026,  6.7979499184707500E-030) ( -3.1974631295001803E-003, -1.1096162349048802E-006)
   2.1022900000000000        1.2500000000000000     
 (  3.3770945082773145E-003,  1.1717649604134610E-006) (  3.4647806529968491E-003,  1.2335735577531097E-006)
 (  3.3486210150508585E-003,  1.1656034263387351E-006) ( -2.1046942165591104E-026, -7.5182348318669426E-030) (  2.1046942165411170E-026,  7.5182348317857667E-030) ( -3.4357539464733499E-003, -1.2271742405066244E-006)
   2.1522849999999996        1.2500000000000000     
 (  3.6240465728676575E-003,  1.2944974705109254E-006) (  3.7181558609381423E-003,  1.3628058914718628E-006)
 (  3.5920263413112621E-003,  1.2875673208217039E-006) ( -2.2577401256972433E-026, -8.3051613443959420E-030) (  2.2577401256746477E-026,  8.3051613442959789E-030) ( -3.6855134627605231E-003, -1.3556082736952068E-006)
   2.2022799999999996        1.2500000000000000     
 (  3.8827712480036408E-003,  1.4284677679143624E-006) (  3.9836115005677814E-003,  1.5038751142277477E-006)
 (  3.8468596297931909E-003,  1.4206940408433486E-006) ( -2.4179789341559796E-026, -9.1641396304958657E-030) (  2.4179789341283187E-026,  9.1641396303734819E-030) ( -3.9470020548041732E-003, -1.4958013339278367E-006)
   2.2522749999999996        1.2500000000000000     
 (  4.1535445059997372E-003,  1.5745746968975926E-006) (  4.2614305335243255E-003,  1.6577290851517823E-006)
 (  4.1133723727226883E-003,  1.5658770462319924E-006) ( -2.5855694015949107E-026, -1.0100942943194588E-029) (  2.5855694015607669E-026,  1.0100942943044116E-029) ( -4.2204777273447481E-003, -1.6486956879953331E-006)
   2.3022699999999996        1.2500000000000000     
 (  4.4366425005175859E-003,  1.7337763795549724E-006) (  4.5518967681912447E-003,  1.8253772986723512E-006)
 (  4.3918151173397441E-003,  1.7240688166357966E-006) ( -2.7606701356562890E-026, -1.1121720475632822E-029) (  2.7606701356151077E-026,  1.1121720475449653E-029) ( -4.5061981825542064E-003, -1.8152949681655161E-006)
   2.3522650000000001        1.2500000000000000     
 (  4.7323419237859888E-003,  1.9070917371382744E-006) (  4.8552941749386699E-003,  2.0078938360516495E-006)
 (  4.6824378004920392E-003,  1.8962823645719613E-006) ( -2.9434391598791767E-026, -1.2233015397569570E-029) (  2.9434391598294718E-026,  1.2233015397347264E-029) ( -4.8044201105538241E-003, -1.9966671180686679E-006)
   2.4022600000000001        1.2500000000000000     
 (  5.0409196734969939E-003,  2.0956037908143369E-006) (  5.1719065473617640E-003,  2.2064208273010690E-006)
 (  4.9854893866711665E-003,  2.0835945281984051E-006) ( -3.1340336975084609E-026, -1.3441785998578348E-029) (  3.1340336974475579E-026,  1.3441785998308716E-029) ( -5.1153988329411372E-003, -2.1939478430038014E-006)
   2.4522550000000001        1.2500000000000000     
 (  5.3626525139256762E-003,  2.3004623682537259E-006) (  5.5020185633987764E-003,  2.4221699587528352E-006)
 (  5.3012175124875494E-003,  2.2871486698208905E-006) ( -3.3326107986822242E-026, -1.4755414893045290E-029) (  3.3326107986098337E-026,  1.4755414892720777E-029) ( -5.4393893217957066E-003, -2.4083421141803422E-006)
   2.5022500000000001        1.2500000000000000     
 (  5.6978170913497515E-003,  2.5228868091708753E-006) (  5.8459143941730178E-003,  2.6564268659200324E-006)
 (  5.6298684689669769E-003,  2.5081573747519096E-006) ( -3.5393264805116808E-026, -1.6181735851191309E-029) (  3.5393264804248986E-026,  1.6181735850803971E-029) ( -5.7766448086773352E-003, -2.6411285474881348E-006)
   2.5522449999999997        1.2500000000000000     
 (  6.0466913307534818E-003,  2.7641683337895202E-006) (  6.2038787720046923E-003,  2.9105531468918340E-006)
 (  5.9716885808313181E-003,  2.7479048077374889E-006) ( -3.7543363620230697E-026, -1.7729046124976612E-029) (  3.7543363619183663E-026,  1.7729046124511823E-029) ( -6.1274177999154755E-003, -2.8936614136774117E-006)
   2.6022399999999997        1.2500000000000000     
 (  6.4095523710631904E-003,  3.0256734237721963E-006) (  6.5761969893742096E-003,  3.1859900745658318E-006)
 (  6.3269221065934645E-003,  3.0077500903735350E-006) ( -3.9777956517315955E-026, -1.9406129076825123E-029) (  3.9777956516083649E-026,  1.9406129076270694E-029) ( -6.4919600721235291E-003, -3.1673743360652482E-006)
   2.6522349999999997        1.2500000000000000     
 (  6.7866786471811325E-003,  3.3088468683680792E-006) (  6.9631538670736392E-003,  3.4842609483950647E-006)
 (  6.6958133173593126E-003,  3.2891303318613292E-006) ( -4.2098585089381176E-026, -2.1222268562848385E-029) (  4.2098585087920722E-026,  2.1222268562189589E-029) ( -6.8705216188347275E-003, -3.4637826360327250E-006)
   2.7022299999999997        1.2500000000000000     
 (  7.1783464417570619E-003,  3.6152142983361134E-006) (  7.3650351752443527E-003,  3.8069744626964013E-006)
 (  7.0786030057261706E-003,  3.5935631572304555E-006) ( -4.4506788709288111E-026, -2.3187269504346276E-029) (  4.4506788707554096E-026,  2.3187269503565097E-029) ( -7.2633520075289894E-003, -3.7844866903457865E-006)
   2.7522249999999997        1.2500000000000000     
 (  7.5848354499856727E-003,  3.9463848880866517E-006) (  7.7821258779102358E-003,  4.1558289211946112E-006)
 (  7.4755340257397314E-003,  3.9226494011318520E-006) ( -4.7004094078351862E-026, -2.5311483639082248E-029) (  4.7004094076296623E-026,  2.5311483638160704E-029) ( -7.6706986551018323E-003, -4.1311761352600957E-006)
   2.8022199999999997        1.2500000000000000     
 (  8.0064232290168059E-003,  4.3040559277514706E-006) (  8.2147122414710800E-003,  4.5326135705215947E-006)
 (  7.8868457350119176E-003,  4.2780776609601555E-006) ( -4.9592027673271440E-026, -2.7605817616997412E-029) (  4.9592027670847362E-026,  2.7605817615913508E-029) ( -8.0928088868291812E-003, -4.5056311864971287E-006)
   2.8522149999999997        1.2500000000000000     
 (  8.4433879921897333E-003,  4.6900134863467990E-006) (  8.6630804698451438E-003,  4.9392133174514448E-006)
 (  8.3127767527294352E-003,  4.6616249611897258E-006) ( -5.2272107260431206E-026, -3.0081761853719049E-029) (  5.2272107257587681E-026,  3.0081761852448122E-029) ( -8.5299285201837008E-003, -4.9097273526692482E-006)
   2.9022099999999997        1.2500000000000000     
 (  8.8960093146255581E-003,  5.1061385088615465E-006) (  9.1275159955258676E-003,  5.3776120958736665E-006)
 (  8.7535656433913988E-003,  5.0751628285380755E-006) ( -5.5045837584894493E-026, -3.2751411058828778E-029) (  5.5045837581579588E-026,  3.2751411057338833E-029) ( -8.9823011841235461E-003, -5.3454387780271605E-006)
   2.9522049999999997        1.2500000000000000     
 (  9.3645660639609749E-003,  5.5544074814689006E-006) (  9.6083062862012680E-003,  5.8498955463013458E-006)
 (  9.2094488197447897E-003,  5.5206579493097169E-006) ( -5.7914727300802435E-026, -3.5627480613797648E-029) (  5.7914727296930432E-026,  3.5627480612062369E-029) ( -9.4501710599488326E-003, -5.8148409215849426E-006)
   3.0021999999999998        1.2500000000000000     
 (  9.8493370978683312E-003,  6.0368964898187345E-006) (  1.0105738069499291E-002,  6.3582540396284514E-006)
 (  9.6806612321767294E-003,  6.0001762154036133E-006) ( -6.0880271865850102E-026, -3.8723324985695250E-029) (  6.0880271861358038E-026,  3.8723324983674224E-029) ( -9.9337801062646964E-003, -6.3201135623976791E-006)
   3.0521949999999998        1.2500000000000000     
 (  1.0350601976312703E-002,  6.5557856111914138E-006) (  1.0620098041661632E-002,  6.9049887481603317E-006)
 (  1.0167437042797460E-002,  6.5158871055197588E-006) ( -6.3943957756846146E-026, -4.2052974847454702E-029) (  6.3943957751666520E-026,  4.2052974845106647E-029) ( -1.0433368731727647E-002, -6.8635468514516289E-006)
   3.1021899999999998        1.2500000000000000     
 (  1.0868640278050481E-002,  7.1133606056017530E-006) (  1.1151673574682358E-002,  7.4925112723905831E-006)
 (  1.0670008921773867E-002,  7.0700653507913424E-006) ( -6.7107266542408775E-026, -4.5631134734013326E-029) (  6.7107266536391897E-026,  4.5631134731295132E-029) ( -1.0949176473493015E-002, -7.4475409343165098E-006)
   3.1521849999999998        1.2500000000000000     
 (  1.1403731623023104E-002,  7.7120169606037792E-006) (  1.1700752022314775E-002,  8.1233514021539081E-006)
 (  1.1188608027216530E-002,  7.6650949822212614E-006) ( -7.0371670708591799E-026, -4.9473230455429577E-029) (  7.0371670701623838E-026,  4.9473230452290158E-029) ( -1.1481441306206002E-002, -8.0746136867590038E-006)
   3.2021799999999998        1.2500000000000000     
 (  1.1956157028042045E-002,  8.3542639558367208E-006) (  1.2267620752745781E-002,  8.8001557276825248E-006)
 (  1.1723465417545308E-002,  8.3034733633595979E-006) ( -7.3738633484151284E-026, -5.3595400575080439E-029) (  7.3738633476154445E-026,  5.3595400571455471E-029) ( -1.2030399598957960E-002, -8.7473993188179405E-006)
   3.2521749999999998        1.2500000000000000     
 (  1.2526196215221977E-002,  9.0427266762279709E-006) (  1.2852569214404358E-002,  9.5256977697512496E-006)
 (  1.2274809195711965E-002,  8.9878131991889805E-006) ( -7.7209621560832149E-026, -5.8014558255858239E-029) (  7.7209621551636132E-026,  5.8014558251688199E-029) ( -1.2596288222984376E-002, -9.4686584798578423E-006)
   3.3021699999999998        1.2500000000000000     
 (  1.3114130322918253E-002,  9.7801507477358439E-006) (  1.3455885496734956E-002,  1.0302875227648518E-005)
 (  1.2842867352723268E-002,  9.7208472456995996E-006) ( -8.0786083797957345E-026, -6.2748374428930261E-029) (  8.0786083787414768E-026,  6.2748374424137080E-029) ( -1.3179341036733140E-002, -1.0241275492053023E-005)
   3.3521649999999998        1.2500000000000000     
 (  1.3720239199985128E-002,  1.0569406391552988E-005) (  1.4077856319119677E-002,  1.1134718754709097E-005)
 (  1.3427864908376207E-002,  1.0505432348551979E-005) ( -8.4469451052620413E-026, -6.7815331363199918E-029) (  8.4469451040553562E-026,  6.7815331357698465E-029) ( -1.3779788895009613E-002, -1.1068267105704428E-005)
   3.4021599999999999        1.2500000000000000     
 (  1.4344804852357659E-002,  1.1413489078464953E-005) (  1.4718773328799502E-002,  1.2024391909358030E-005)
 (  1.4030027422832254E-002,  1.1344550087575775E-005) ( -8.8261174536309881E-026, -7.3234722315135411E-029) (  8.8261174522496009E-026,  7.3234722308846462E-029) ( -1.4397865856723749E-002, -1.1952782435805849E-005)
   3.4521549999999999        1.2500000000000000     
 (  1.4988108686110415E-002,  1.2315527664035338E-005) (  1.5378923345497094E-002,  1.2975197903624224E-005)
 (  1.4649578182463549E-002,  1.2241314869191462E-005) ( -9.2162665903613063E-026, -7.9026692643251334E-029) (  9.2162665887882412E-026,  7.9026692636072661E-029) ( -1.5033799491333821E-002, -1.2898109673118800E-005)
   3.5021500000000003        1.2500000000000000     
 (  1.5650431524260242E-002,  1.3278782321773048E-005) (  1.6058596727761477E-002,  1.3990582927190637E-005)
 (  1.5286738195568984E-002,  1.3198971862160470E-005) ( -9.6175348747216875E-026, -8.5212260256485405E-029) (  9.6175348729324014E-026,  8.5212260248285758E-029) ( -1.5687819160498037E-002, -1.3907679407456302E-005)
   3.5521449999999994        1.2500000000000000     
 (  1.6332056403122967E-002,  1.4306655384891551E-005) (  1.6758083236592114E-002,  1.5074138829516168E-005)
 (  1.5941728942766659E-002,  1.4220907800450932E-005) ( -1.0030063228684091E-025, -9.1813331693938489E-029) (  1.0030063226649745E-025,  9.1813331684618375E-029) ( -1.6360151849466563E-002, -1.4985067267075598E-005)
   3.6021399999999995        1.2500000000000000     
 (  1.7033264386831122E-002,  1.5402687254592935E-005) (  1.7477671979488428E-002,  1.6229608479563719E-005)
 (  1.6614768234558725E-002,  1.5310646876793058E-005) ( -1.0453991215737066E-025, -9.8852734973061704E-029) (  1.0453991213436265E-025,  9.8852734962518525E-029) ( -1.7051022201879432E-002, -1.6133999267483896E-005)
   3.6521349999999995        1.2500000000000000     
 (  1.7754338771340521E-002,  1.6570568591852687E-005) (  1.8217654278489842E-002,  1.7460885724967358E-005)
 (  1.7306074335126039E-002,  1.6471862901605488E-005) ( -1.0889458651243300E-025, -1.0635421918829093E-028) (  1.0889458648630419E-025,  1.0635421917630221E-028) ( -1.7760655196466860E-002, -1.7358351730998076E-005)
   3.7021299999999995        1.2500000000000000     
 (  1.8495560923144576E-002,  1.7814134871283093E-005) (  1.8978319463424705E-002,  1.8772030248370861E-005)
 (  1.8015861793252298E-002,  1.7708373831320734E-005) ( -1.1336603112660680E-025, -1.1434254530053605E-028) (  1.1336603109707781E-025,  1.1434254528700049E-028) ( -1.8489272045509968E-002, -1.8662166125980714E-005)
   3.7521249999999995        1.2500000000000000     
 (  1.9257215869117644E-002,  1.9137378564312452E-005) (  1.9759960476397283E-002,  2.0167256656405098E-005)
 (  1.8744346966544399E-002,  1.9024153928525064E-005) ( -1.1795563276103994E-025, -1.2284341920511568E-028) (  1.1795563272770593E-025,  1.2284341918979101E-028) ( -1.9237095680314960E-002, -2.0049638125939446E-005)
   3.8021199999999995        1.2500000000000000     
 (  2.0039585274454732E-002,  2.0544446406053238E-005) (  2.0562866875775212E-002,  2.1650949359381653E-005)
 (  1.9491741144455402E-002,  2.0423330996821871E-005) ( -1.2266474697441367E-025, -1.3188358270748086E-028) (  1.2266474693696696E-025,  1.3188358269020009E-028) ( -2.0004343856928126E-002, -2.1525132441663208E-005)
   3.8521149999999995        1.2500000000000000     
 (  2.0842953133559782E-002,  2.2039650236013732E-005) (  2.1387329095822354E-002,  2.3227667907733132E-005)
 (  2.0258255983288433E-002,  2.1910197178595915E-005) ( -1.2749472356556758E-025, -1.4149084608758549E-028) (  1.2749472352358695E-025,  1.4149084606808843E-028) ( -2.0791233242390149E-002, -2.3093188141943804E-005)
   3.9021099999999995        1.2500000000000000     
 (  2.1667601526574577E-002,  2.3627464239227968E-005) (  2.2233641135184598E-002,  2.4902138818624367E-005)
 (  2.1044099396305038E-002,  2.3489206190914787E-005) ( -1.3244692331059398E-025, -1.5169403774828584E-028) (  1.3244692326343124E-025,  1.5169403772634258E-028) ( -2.1597982266512036E-002, -2.4758510444111115E-005)
   3.9521050000000000        1.2500000000000000     
 (  2.2513817616103011E-002,  2.5312531740118785E-005) (  2.3102092361574879E-002,  2.6679273132319506E-005)
 (  2.1849482471525915E-002,  2.5164980036168038E-005) ( -1.3752266681476692E-025, -1.6252311155316423E-028) (  1.3752266676179951E-025,  1.6252311152849129E-028) ( -2.2424802651914013E-002, -2.6525988210544903E-005)
   4.0021000000000004        1.2500000000000000     
 (  2.3381883914648231E-002,  2.7099669217097108E-005) (  2.3992978483074020E-002,  2.8564164968232654E-005)
 (  2.2674609735531630E-002,  2.6942313032750319E-005) ( -1.4272330305538811E-025, -1.7400913818982946E-028) (  1.4272330299615656E-025,  1.7400913816217852E-028) ( -2.3271910664391670E-002, -2.8400692509290342E-005)
   4.0520950000000004        1.2500000000000000     
 (  2.4272085219805700E-002,  2.8993871725781073E-005) (  2.4906589200659753E-002,  3.0562096928478288E-005)
 (  2.3519686121439627E-002,  2.8826177149675423E-005) ( -1.4805013185396370E-025, -1.8618433739435326E-028) (  1.4805013178771206E-025,  1.8618433736862208E-028) ( -2.4139514458303007E-002, -3.0387881932178805E-005)
   4.1020900000000005        1.2500000000000000     
 (  2.5184704527260751E-002,  3.1000315570303363E-005) (  2.5843216476237930E-002,  3.2678542690395566E-005)
 (  2.4384912720745291E-002,  3.0821724690653002E-005) ( -1.5350445569102613E-025, -1.9908209416478256E-028) (  1.5350445561713674E-025,  1.9908209413016239E-028) ( -2.5027822493360271E-002, -3.2493005165439002E-005)
   4.1520850000000005        1.2500000000000000     
 (  2.6120031327142322E-002,  3.3124361007241919E-005) (  2.6803158660541209E-002,  3.4919175097488608E-005)
 (  2.5270495146801693E-002,  3.2934290901220782E-005) ( -1.5908760463037029E-025, -2.1273700792229095E-028) (  1.5908760454778697E-025,  2.1273700788358336E-028) ( -2.5937047691896999E-002, -3.4721709029639527E-005)
   4.2020800000000005        1.2500000000000000     
 (  2.7078344941894844E-002,  3.5371560358730585E-005) (  2.7786703999842358E-002,  3.7289863389194701E-005)
 (  2.6176626881735023E-002,  3.5169402050149664E-005) ( -1.6480083461173704E-025, -2.2718487507099835E-028) (  1.6480083452013394E-025,  2.2718487502777361E-028) ( -2.6867390656630491E-002, -3.7079835663783264E-005)
   4.2520750000000005        1.2500000000000000     
 (  2.8059936721416292E-002,  3.7747655258228261E-005) (  2.8794147127739780E-002,  3.9796686630329054E-005)
 (  2.7103511488974299E-002,  3.7532772665615272E-005) ( -1.7064542882127049E-025, -2.4246277145625870E-028) (  1.7064542871910697E-025,  2.4246277140807412E-028) ( -2.7819056452295050E-002, -3.9573435895787397E-005)
   4.3020699999999996        1.2500000000000000     
 (  2.9065090785465368E-002,  4.0258587502402074E-005) (  2.9825786413417040E-002,  4.2445933704227776E-005)
 (  2.8051343035914042E-002,  4.0030316252747773E-005) ( -1.7662268128184681E-025, -2.5860905176189050E-028) (  1.7662268116831068E-025,  2.5860905170824907E-028) ( -2.8792251751804939E-002, -4.2208769197029862E-005)
   4.3520649999999996        1.2500000000000000     
 (  3.0094094894317018E-002,  4.2910501710829593E-005) (  3.0881910040586946E-002,  4.5244105879513222E-005)
 (  2.9020317403265904E-002,  4.2668147999657592E-005) ( -1.8273381150694386E-025, -2.7566336490414618E-028) (  1.8273381138103718E-025,  2.7566336484444172E-028) ( -2.9787170944603869E-002, -4.4992306162871089E-005)
   4.4020599999999996        1.2500000000000000     
 (  3.1147229550917737E-002,  4.5709753463446595E-005) (  3.1962818266459303E-002,  4.8197930329400437E-005)
 (  3.0010620970646676E-002,  4.5452592774711754E-005) ( -1.8898010019062222E-025, -2.9366673684366230E-028) (  1.8898010005110360E-025,  2.9366673677738886E-028) ( -3.0804018345463719E-002, -4.7930742019817684E-005)
   4.4520549999999997        1.2500000000000000     
 (  3.2224790127190962E-002,  4.8662892982238606E-005) (  3.3068803938083743E-002,  5.1314346478481265E-005)
 (  3.1022452944824006E-002,  4.8390168790641304E-005) ( -1.9536277080044910E-025, -3.1266148622504909E-028) (  1.9536277064613151E-025,  3.1266148615148280E-028) ( -3.1842988754690729E-002, -5.1030982843734917E-005)
   4.5020499999999997        1.2500000000000000     
 (  3.3327056305989707E-002,  5.1776708520820980E-005) (  3.4200160935783097E-002,  5.4600530312369273E-005)
 (  3.2055994808654932E-002,  5.1487630896572571E-005) ( -2.0188303952581578E-025, -3.3269137355963073E-028) (  2.0188303935516789E-025,  3.3269137347815852E-028) ( -3.2904275728589838E-002, -5.4300169880344979E-005)
   4.5520449999999997        1.2500000000000000     
 (  3.4454319969678730E-002,  5.5058182907879395E-005) (  3.5357186780898789E-002,  5.8063891568517029E-005)
 (  3.3111437965395424E-002,  5.4751927116395690E-005) ( -2.0854213386773783E-025, -3.5380158317654272E-028) (  2.0854213367957351E-025,  3.5380158308629394E-028) ( -3.3988074491213313E-002, -5.7745676605739213E-005)
   4.6020399999999997        1.2500000000000000     
 (  3.5606868492685385E-002,  5.8514542390388133E-005) (  3.6540177301993999E-002,  6.1712076448998006E-005)
 (  3.4188967139623348E-002,  5.8190247346414303E-005) ( -2.1534125624202775E-025, -3.7603873930109083E-028) (  2.1534125603437828E-025,  3.7603873920114000E-028) ( -3.5094576138605053E-002, -6.1375111344085456E-005)
   4.6520349999999997        1.2500000000000000     
 (  3.6784990256654750E-002,  6.2153234869130125E-005) (  3.7749429284415603E-002,  6.5552967345052678E-005)
 (  3.5288765970263355E-002,  6.1810001586364618E-005) ( -2.2228160243605424E-025, -3.9945090503367165E-028) (  2.2228160220721378E-025,  3.9945090492329426E-028) ( -3.6223970613985891E-002, -6.5196317034952941E-005)
   4.7020300000000006        1.2500000000000000     
 (  3.7988969175058576E-002,  6.5981929920725009E-005) (  3.8985237741664354E-002,  6.9594704653800911E-005)
 (  3.6411011366628880E-002,  6.5618819789897635E-005) ( -2.2936434521701885E-025, -4.2408771426683942E-028) (  2.2936434496546522E-025,  4.2408771414490170E-028) ( -3.7376443806322213E-002, -6.9217392810278999E-005)
   4.7520250000000006        1.2500000000000000     
 (  3.9219098572614762E-002,  7.0008551244274319E-005) (  4.0247901524930914E-002,  7.3845675660477202E-005)
 (  3.7555887405142173E-002,  6.9624584342457569E-005) ( -2.3659066669642389E-025, -4.5000030433715614E-028) (  2.3659066641969103E-025,  4.5000030420264799E-028) ( -3.8552183102288862E-002, -7.3446682929887583E-005)
   4.8020200000000006        1.2500000000000000     
 (  4.0475667200999994E-002,  7.4241249585207708E-005) (  4.1537717593898987E-002,  7.8314519941342919E-005)
 (  3.8723571543388548E-002,  7.3835402835642746E-005) ( -2.4396172511360090E-025, -4.7724134753819112E-028) (  2.4396172481008775E-025,  4.7724134739005589E-028) ( -3.9751371961694863E-002, -7.7892781995990103E-005)
   4.8520150000000006        1.2500000000000000     
 (  4.1758962360060221E-002,  7.8688435222366084E-005) (  4.2854984106906691E-002,  8.3010145591145185E-005)
 (  3.9914237053625963E-002,  7.8259640464949559E-005) ( -2.5147867106472608E-025, -5.0586515127698704E-028) (  2.5147867073084835E-025,  5.0586515111380110E-028) ( -4.0974192443919512E-002, -8.2564551110378935E-005)
   4.9020100000000006        1.2500000000000000     
 (  4.3069274955283204E-002,  8.3358745412964098E-005) (  4.4199994639803737E-002,  8.7941718119575405E-005)
 (  4.1128059088627357E-002,  8.2905887374675645E-005) ( -2.5914261569117826E-025, -5.3592758876638587E-028) (  2.5914261532575789E-025,  5.3592758858682174E-028) ( -4.2220819788942182E-002, -8.7471106750187117E-005)
   4.9520050000000007        1.2500000000000000     
 (  4.4406891630134844E-002,  8.8261098592704558E-005) (  4.5573054957826528E-002,  9.3118687638855238E-005)
 (  4.2365205867645972E-002,  8.7783012767907767E-005) ( -2.6695472807107692E-025, -5.6748626537002464E-028) (  2.6695472767106799E-025,  5.6748626517265357E-028) ( -4.3491439045302401E-002, -9.2621847701766143E-005)
   5.0020000000000007        1.2500000000000000     
 (  4.5772108388667826E-002,  9.3404650967661640E-005) (  4.6974457956603183E-002,  9.8550766890357990E-005)
 (  4.3625852827575091E-002,  9.2900121426464676E-005) ( -2.7491608743676810E-025, -6.0060038342854634E-028) (  2.7491608699881913E-025,  6.0060038321191340E-028) ( -4.4786220141655647E-002, -9.8026433098343592E-005)
   5.0519950000000007        1.2500000000000000     
 (  4.7165211369623740E-002,  9.8798829051047212E-005) (  4.8404505970678038E-002,  1.0424796389764643E-004)
 (  4.4910162989305176E-002,  9.8266586070020989E-005) ( -2.8302781615212532E-025, -6.3533094154674753E-028) (  2.8302781567307436E-025,  6.3533094130899027E-028) ( -4.6105339964822786E-002, -1.0369481494659613E-004)
   5.1019899999999998        1.2500000000000000     
 (  4.8586493237579624E-002,  1.0445334045219183E-004) (  4.9863494087742169E-002,  1.1022054906608762E-004)
 (  4.6218303868384228E-002,  1.0389205810637736E-004) ( -2.9129097792960048E-025, -6.7174053315050763E-028) (  2.9129097740727755E-025,  6.7174053288980720E-028) ( -4.7448965760991529E-002, -1.0963720507136612E-004)
   5.1519849999999998        1.2500000000000000     
 (  5.0036239652676763E-002,  1.1037814673792957E-004) (  5.1351729595837808E-002,  1.1647910407899761E-004)
 (  4.7550433253242430E-002,  1.0978644034984082E-004) ( -2.9970669657914645E-025, -7.0989364474119606E-028) (  2.9970669600799202E-025,  7.0989364447672687E-028) ( -4.8817274497123850E-002, -1.1586412385003678E-004)
   5.2019799999999998        1.2500000000000000     
 (  5.1514751212912900E-002,  1.1658349058878545E-004) (  5.2869504244916508E-002,  1.2303449996427539E-004)
 (  4.8906721712278986E-002,  1.1595991397097352E-004) ( -3.0827598742178739E-025, -7.4985652087574588E-028) (  3.0827598679932267E-025,  7.4985652056284002E-028) ( -5.0210425209765916E-002, -1.2238637825153336E-004)
   5.2519749999999998        1.2500000000000000     
 (  5.3022313088555949E-002,  1.2307989573386027E-004) (  5.4417121879854896E-002,  1.2989791886518524E-004)
 (  5.0287321820524852E-002,  1.2242293840419163E-004) ( -3.1699992654239372E-025, -7.9169729740223092E-028) (  3.1699992580084518E-025,  7.9169729705990882E-028) ( -5.1628586711372465E-002, -1.2921508335368066E-004)
   5.3019699999999998        1.2500000000000000     
 (  5.4559222711096367E-002,  1.2987817774300580E-004) (  5.5994882223871618E-002,  1.3708082110229202E-004)
 (  5.1692396040853822E-002,  1.2918626195776420E-004) ( -3.2587954591539990E-025, -8.3548579861142019E-028) (  3.2587954517691307E-025,  8.3548579823762640E-028) ( -5.3071920679091479E-002, -1.3636162939507953E-004)
   5.3519649999999999        1.2500000000000000     
 (  5.6125761959327870E-002,  1.3698944407129545E-004) (  5.7603091260865637E-002,  1.4459498864044274E-004)
 (  5.3122088994174858E-002,  1.3626092173016946E-004) ( -3.3491590702480097E-025, -8.8129380328553347E-028) (  3.3491590630697336E-025,  8.8129380291887899E-028) ( -5.4540593341184197E-002, -1.4383772493937135E-004)
   5.4019599999999999        1.2500000000000000     
 (  5.7722236372113933E-002,  1.4442508317862303E-004) (  5.9242039816175512E-002,  1.5245254666711207E-004)
 (  5.4576566012310757E-002,  1.4365823255726488E-004) ( -3.4410996049934324E-025, -9.2919517523924474E-028) (  3.4410995962661242E-025,  9.2919517483525501E-028) ( -5.6034752523734015E-002, -1.5165541840127776E-004)
   5.4519549999999999        1.2500000000000000     
 (  5.9348930184278316E-002,  1.5219679698711677E-004) (  6.0912041822921217E-002,  1.6066590912413046E-004)
 (  5.6055969252127524E-002,  1.5138981933134933E-004) ( -3.5346278440430551E-025, -9.7926553027142044E-028) (  3.5346278345550070E-025,  9.7926552978491186E-028) ( -5.7554567162405014E-002, -1.5982704343459430E-004)
   5.5019499999999999        1.2500000000000000     
 (  6.1006140188800871E-002,  1.6031659011091573E-004) (  6.2613390394494525E-002,  1.6924781130074542E-004)
 (  5.7560450432813728E-002,  1.5946760611514397E-004) ( -3.6297531413642500E-025, -1.0315824326111719E-027) (  3.6297531310748725E-025,  1.0315824320809681E-027) ( -5.9100182334284788E-002, -1.6836525117282784E-004)
   5.5519449999999999        1.2500000000000000     
 (  6.2694158725016533E-002,  1.6879676988496733E-004) (  6.4346396343205201E-002,  1.7821134199885936E-004)
 (  5.9090154580199582E-002,  1.6790381575771394E-004) ( -3.7264857857046046E-025, -1.0862255946862014E-027) (  3.7264857745642867E-025,  1.0862255941084784E-027) ( -6.0671758499958678E-002, -1.7728304247335841E-004)
   5.6019399999999999        1.2500000000000000     
 (  6.4413279571693863E-002,  1.7764995692484703E-004) (  6.6111349339806530E-002,  1.8756991103325934E-004)
 (  6.0645225206211018E-002,  1.7671098067631864E-004) ( -3.8248346443775957E-025, -1.1432766744582575E-027) (  3.8248346322864223E-025,  1.1432766738294064E-027) ( -6.2269432606158900E-002, -1.8659373508644295E-004)
   5.6519349999999999        1.2500000000000000     
 (  6.6163797309931313E-002,  1.8688908550077294E-004) (  6.7908568308312808E-002,  1.9733728185239698E-004)
 (  6.2225804979068711E-002,  1.8590194272390950E-004) ( -3.9248101659212947E-025, -1.2028194744108542E-027) (  3.9248101528551410E-025,  1.2028194737684197E-027) ( -6.3893367584814190E-002, -1.9631099602315064E-004)
   5.7019299999999999        1.2500000000000000     
 (  6.7946002886482074E-002,  1.9652743570874610E-004) (  6.9738339731287083E-002,  2.0752752753427627E-004)
 (  6.3832029027342876E-002,  1.9548988531646741E-004) ( -4.0264207232568292E-025, -1.2649396717720614E-027) (  4.0264207090996588E-025,  1.2649396710275528E-027) ( -6.5543692018039543E-002, -2.0644879746744212E-004)
   5.7519250000000000        1.2500000000000000     
 (  6.9760199032904965E-002,  2.0657860125562107E-004) (  7.1600984925959260E-002,  2.1815512867439900E-004)
 (  6.5464042844818215E-002,  2.0548830087740506E-004) ( -4.1296766256899624E-025, -1.3297254178064751E-027) (  4.1296766104084684E-025,  1.3297254169972845E-027) ( -6.7220566027753795E-002, -2.1702151436177870E-004)
   5.8019200000000000        1.2500000000000000     
 (  7.1606673235620907E-002,  2.1705647835255408E-004) (  7.3496792808955574E-002,  2.2923486473279875E-004)
 (  6.7121973820708961E-002,  2.1591097969003131E-004) ( -4.2345860745918874E-025, -1.3972666706493365E-027) (  4.2345860580666005E-025,  1.3972666697703233E-027) ( -6.8924115311777071E-002, -2.2804381570568040E-004)
   5.8519150000000009        1.2500000000000000     
 (  7.3485725891461504E-002,  2.2797533076985915E-004) (  7.5426075877854867E-002,  2.4078192218356958E-004)
 (  6.8805958585641619E-002,  2.2677207463671291E-004) ( -4.3411585317595296E-025, -1.4676558545682330E-027) (  4.3411585139460717E-025,  1.4676558536138597E-027) ( -7.0654486029710098E-002, -2.3953077209989241E-004)
   5.9019100000000000        1.2500000000000000     
 (  7.5397646763238430E-002,  2.3934979014947309E-004) (  7.7389136835628480E-002,  2.5281180777281844E-004)
 (  7.0516122147809335E-002,  2.3808610128212072E-004) ( -4.4494027121951030E-025, -1.5409873328094761E-027) (  4.4494026929320429E-025,  1.5409873317741014E-027) ( -7.2411811830951786E-002, -2.5149776932271284E-004)
   5.9519050000000000        1.2500000000000000     
 (  7.7342738587439369E-002,  2.5119476884976586E-004) (  7.9386279373387658E-002,  2.6534043524697299E-004)
 (  7.2252598709189819E-002,  2.4986785050061462E-004) ( -4.5593272578227618E-025, -1.6173579313806466E-027) (  4.5593272370439954E-025,  1.6173579302593420E-027) ( -7.4196225189108692E-002, -2.6396059425538181E-004)
   6.0019000000000000        1.2500000000000000     
 (  7.9321294280190802E-002,  2.6352556870111590E-004) (  8.1417814470855096E-002,  2.7838408162040196E-004)
 (  7.4015510020923755E-002,  2.6213249693375873E-004) ( -4.6709410379073953E-025, -1.6968666743988749E-027) (  4.6709410155330937E-025,  1.6968666731822261E-027) ( -7.6007861966667686E-002, -2.7693539112295419E-004)
   6.0518950000000000        1.2500000000000000     
 (  8.1333613278820965E-002,  2.7635785911248495E-004) (  8.3484042721677199E-002,  2.9195940895796558E-004)
 (  7.5804982359962039E-002,  2.7489557701811465E-004) ( -4.7842521883536872E-025, -1.7796149130258616E-027) (  4.7842521642455158E-025,  1.7796149117093664E-027) ( -7.7846846201062928E-002, -2.9043868309421787E-004)
   6.1018900000000000        1.2500000000000000     
 (  8.3379985822867347E-002,  2.8970761207528509E-004) (  8.5585271962645856E-002,  3.0608344229717655E-004)
 (  7.7621129056999749E-002,  2.8817292331900145E-004) ( -4.8992690839060698E-025, -1.8657061946997639E-027) (  4.8992690579859795E-025,  1.8657061932755568E-027) ( -7.9713305448156455E-002, -3.0448734987455060E-004)
   6.1518850000000000        1.2500000000000000     
 (  8.5460713962511536E-002,  3.0359121076450852E-004) (  8.7721805172915349E-002,  3.2077363480438023E-004)
 (  7.9464073712385730E-002,  3.0198077338665531E-004) ( -5.0159997133950445E-025, -1.9552466522027955E-027) (  5.0159996855091823E-025,  1.9552466506614501E-027) ( -8.1607360767030832E-002, -3.1909869241884413E-004)
   6.2018800000000001        1.2500000000000000     
 (  8.7576096018137747E-002,  3.1802540587543682E-004) (  8.9893953261562076E-002,  3.3604778086705441E-004)
 (  8.1333932488003732E-002,  3.1633572543858182E-004) ( -5.1344522481575597E-025, -2.0483444767539552E-027) (  5.1344522182075800E-025,  2.0483444750882892E-027) ( -8.3529136208199323E-002, -3.3429034591910933E-004)
   6.2518750000000001        1.2500000000000000     
 (  8.9726425917311697E-002,  3.3302731592173702E-004) (  9.2102021660321221E-002,  3.5192414598239169E-004)
 (  8.3230814941153405E-002,  3.3125473830486566E-004) ( -5.2546345135735485E-025, -2.1451107124222590E-027) (  5.2546344813850097E-025,  2.1451107106192301E-027) ( -8.5478750038052234E-002, -3.5008040920163732E-004)
   6.3018700000000001        1.2500000000000000     
 (  9.1912004715758361E-002,  3.4861442721087667E-004) (  9.4346317711466524E-002,  3.6842133662091708E-004)
 (  8.5154834398256204E-002,  3.4675513145322051E-004) ( -5.3765541988423568E-025, -2.2456584497646605E-027) (  5.3765541642510368E-025,  2.2456584478172038E-027) ( -8.7456318364603852E-002, -3.6648731435245171E-004)
   6.3518650000000001        1.2500000000000000     
 (  9.4133134648359554E-002,  3.6480457193392734E-004) (  9.6627150363676986E-002,  3.8555845201063968E-004)
 (  8.7106103158636580E-002,  3.6285456223878712E-004) ( -5.5002189185352696E-025, -2.3501037634310708E-027) (  5.5002188814365448E-025,  2.3501037613290923E-027) ( -8.9461955358125927E-002, -3.8352997834786856E-004)
   6.4018600000000001        1.2500000000000000     
 (  9.6390108073935901E-002,  3.8161608029726329E-004) (  9.8944834843862642E-002,  4.0335486663136755E-004)
 (  8.9084721023657096E-002,  3.7957117833342885E-004) ( -5.6256365723454858E-025, -2.4585643729122249E-027) (  5.6256365325671390E-025,  2.4585643706453227E-027) ( -9.1495780002937468E-002, -4.0122758471848987E-004)
   6.4518550000000001        1.2500000000000000     
 (  9.8683219061197758E-002,  3.9906749851954739E-004) ( 0.10129966554878121     ,  4.2183051279133006E-004)
 (  9.1090786198282189E-002,  3.9692333480311490E-004) ( -5.7528136017510038E-025, -2.5711613732576706E-027) (  5.7528135591224726E-025,  2.5711613708096670E-027) ( -9.3557887315076943E-002, -4.1959986618430060E-004)
   6.5018500000000001        1.2500000000000000     
 ( 0.10101278529884637     ,  4.1717800077156091E-004) ( 0.10369195550190290     ,  4.4100570638062794E-004)
 (  9.3124417516011818E-002,  4.1493000588384022E-004) ( -5.8817573269489604E-025, -2.6880181639958048E-027) (  5.8817572812592840E-025,  2.6880181613580371E-027) ( -9.5648386873252875E-002, -4.3866692983187257E-004)
   6.5518450000000001        1.2500000000000000     
 ( 0.10337908152191512     ,  4.3596689064181082E-004) ( 0.10612201872347339     ,  4.6090119025913066E-004)
 (  9.5185688017342326E-002,  4.3361028622531246E-004) ( -6.0124750392156272E-025, -2.8092607171825077E-027) (  6.0124749902730539E-025,  2.8092607143361218E-027) ( -9.7767387040432543E-002, -4.5844930020921045E-004)
   6.6018400000000002        1.2500000000000000     
 ( 0.10578242805675647     ,  4.5545412155365488E-004) ( 0.10859015893087591     ,  4.8153804791167121E-004)
 (  9.7274714001250595E-002,  4.5298391068947062E-004) ( -6.1449732920154168E-025, -2.9350170413050860E-027) (  6.1449732396072079E-025,  2.9350170382407443E-027) ( -9.9914984014306610E-002, -4.7896783227608709E-004)
   6.6518350000000002        1.2500000000000000     
 ( 0.10822312425353577     ,  4.7565990643182431E-004) ( 0.11109668220932387     ,  5.0293800614577299E-004)
 (  9.9391588270589110E-002,  4.7307086357720873E-004) ( -6.2792584594396617E-025, -3.0654190382294776E-027) (  6.2792584034254558E-025,  3.0654190349251095E-027) (-0.10209127166275034     , -5.0024401450096342E-004)
   6.7018300000000002        1.2500000000000000     
 ( 0.11070146067118020     ,  4.9660489142196152E-004) ( 0.11364191733475666     ,  5.2512308852574409E-004)
 ( 0.10153639019865612     ,  4.9389155222833510E-004) ( -6.4153383021120523E-025, -3.2006003755702072E-027) (  6.4153382422411247E-025,  3.2006003720162876E-027) (-0.10429636497045315     , -5.2229962040709120E-004)
   6.7518250000000002        1.2500000000000000     
 ( 0.11321772829638763     ,  5.1831019888773366E-004) ( 0.11622615083347543     ,  5.4811578827278771E-004)
 ( 0.10370919871093499     ,  5.1546684955348151E-004) ( -6.5532176239834775E-025, -3.3406975464320189E-027) (  6.5532175600180019E-025,  3.3406975426033067E-027) (-0.10653033238396820     , -5.4515688278738051E-004)
   6.8018200000000002        1.2500000000000000     
 ( 0.11577225366038894     ,  5.4079734129165345E-004) ( 0.11884971429683741     ,  5.7193906895607104E-004)
 ( 0.10591012389910566     ,  5.3781800689019362E-004) ( -6.6929040221144434E-025, -3.4858498657553386E-027) (  6.6929039538009171E-025,  3.4858498616394575E-027) (-0.10879328607577772     , -5.6883849206900404E-004)
   6.8518150000000002        1.2500000000000000     
 ( 0.11836533111793354     ,  5.6408822078832320E-004) ( 0.12151290816902570     ,  5.9661632005641725E-004)
 ( 0.10813924142619535     ,  5.6096665377989739E-004) ( -6.8344028674060314E-025, -3.6361992058056321E-027) (  6.8344027944737894E-025,  3.6361992013783103E-027) (-0.11108530237778469     , -5.9336755340754020E-004)
   6.9018100000000002        1.2500000000000000     
 ( 0.12099724531566373     ,  5.8820517273778996E-004) ( 0.12421603381073880     ,  6.2217153130348778E-004)
 ( 0.11039661426935032     ,  5.8493484061260010E-004) ( -6.9777194500329895E-025, -3.7918910462780211E-027) (  6.9777193721881840E-025,  3.7918910415207214E-027) (-0.11340645644624900     , -6.1876775825877000E-004)
   6.9518050000000002        1.2500000000000000     
 ( 0.12366831617267093     ,  6.1317105307216214E-004) ( 0.12695942739115773     ,  6.4862894453804798E-004)
 ( 0.11268233696292697     ,  6.0974512611737563E-004) ( -7.1228610316232128E-025, -3.9530723580811824E-027) (  7.1228609486337736E-025,  3.9530723529675933E-027) (-0.11575685506171195     , -6.4506303764326435E-004)
   7.0018000000000011        1.2500000000000000     
 ( 0.12637884210094286     ,  6.3900906407484293E-004) ( 0.12974338215804035     ,  6.7601348849648669E-004)
 ( 0.11499648118717838     ,  6.3542040156445339E-004) ( -7.2698320795474185E-025, -4.1198942488340559E-027) (  7.2698319911003592E-025,  4.1198942433454988E-027) (-0.11813655924489654     , -6.7227799563503502E-004)
   7.0517949999999994        1.2500000000000000     
 ( 0.12912911269496857     ,  6.6574292847222389E-004) ( 0.13256821493946125     ,  7.0435038696518642E-004)
 ( 0.11733910510714986     ,  6.6198406511722434E-004) ( -7.4186382814270461E-025, -4.2925095659476550E-027) (  7.4186381904637943E-025,  4.2925095600520328E-027) (-0.12054565029427777     , -7.0043751647740407E-004)
   7.1017899999999994        1.2500000000000000     
 ( 0.13191945181902806     ,  6.9339667222271292E-004) ( 0.13543424378263702     ,  7.3366550766078406E-004)
 ( 0.11971029934429664     ,  6.8945980413088906E-004) ( -7.5692853458130350E-025, -4.4710750350574171E-027) (  7.5692852454874289E-025,  4.4710750287284275E-027) (-0.12298420835488362     , -7.2956711391873109E-004)
   7.1517849999999994        1.2500000000000000     
 ( 0.13475014094271553     ,  7.2199497271056932E-004) ( 0.13834176706335186     ,  7.6398514255956670E-004)
 ( 0.12211010807755943     ,  7.1787194193470029E-004) ( -7.7217773672110217E-025, -4.6557499069240464E-027) (  7.7217772602985487E-025,  4.6557499001327412E-027) (-0.12545228839895342     , -7.5969270990656752E-004)
   7.2017799999999994        1.2500000000000000     
 ( 0.13762149586408531     ,  7.5156276683253844E-004) ( 0.14129111655304979     ,  7.9533601056063375E-004)
 ( 0.12453860781121900     ,  7.4724504640297749E-004) ( -7.8761204904739784E-025, -4.8466959674389123E-027) (  7.8761203769064799E-025,  4.8466959601553601E-027) (-0.12794997885909146     , -7.9084063714566371E-004)
   7.2517749999999994        1.2500000000000000     
 ( 0.14053382316468704     ,  7.8212568619818405E-004) ( 0.14428259233971499     ,  8.2774538592196806E-004)
 ( 0.12699586219449963     ,  7.7760436362339419E-004) ( -8.0323187488814922E-025, -5.0440783248322979E-027) (  8.0323186348389838E-025,  5.0440783170266667E-027) (-0.13047733271849202     , -8.2303776745514304E-004)
   7.3017699999999994        1.2500000000000000     
 ( 0.14348742019143265     ,  8.1370949260146258E-004) ( 0.14731651966065690     ,  8.6124105487607005E-004)
 ( 0.12948192187022245     ,  8.0897525351556311E-004) ( -8.1903774034446353E-025, -5.2480651526576528E-027) (  8.1903772782366065E-025,  5.2480651442935018E-027) (-0.13303442227359696     , -8.5631146626753490E-004)
   7.3517649999999994        1.2500000000000000     
 ( 0.14648259557515406     ,  8.4634077238690975E-004) ( 0.15039320151480418     ,  8.9585140289565155E-004)
 ( 0.13199684844759230     ,  8.4138388316813977E-004) ( -8.3503002378831279E-025, -5.4588281958498608E-027) (  8.3503001011952929E-025,  5.4588281868905728E-027) (-0.13562129729502792     , -8.9068968041152569E-004)
   7.4017599999999995        1.2500000000000000     
 ( 0.14951965028908704     ,  8.8004637350772778E-004) ( 0.15351295400066292     ,  9.3160515434346255E-004)
 ( 0.13454068900268309     ,  8.7485666246045859E-004) ( -8.5120916712178394E-025, -5.6765411916545125E-027) (  8.5120915262814504E-025,  5.6765411820501253E-027) (-0.13823801677942857     , -9.2620067663927875E-004)
   7.4517549999999995        1.2500000000000000     
 ( 0.15259888570042324     ,  9.1485357721281311E-004) ( 0.15667609430383422     ,  9.6853154476369120E-004)
 ( 0.13711349034996309     ,  9.0942041699862137E-004) ( -8.6757560899754629E-025, -5.9013809246327962E-027) (  8.6757559392398882E-025,  5.9013809146821548E-027) (-0.14088463821405761     , -9.6287321361047517E-004)
   7.5017499999999995        1.2500000000000000     
 ( 0.15572060470768037     ,  9.5079036053449155E-004) ( 0.15988294201173311     ,  1.0066604964582592E-003)
 ( 0.13971529776140423     ,  9.4510264765708396E-004) ( -8.8412976415196227E-025, -6.1335282859271175E-027) (  8.8412974849003021E-025,  6.1335282749191696E-027) (-0.14356121669503244     , -1.0007367158671890E-003)
   7.5517449999999995        1.2500000000000000     
 ( 0.15888512347049724     ,  9.8788496134081323E-004) ( 0.16313380695145779     ,  1.0460224425473462E-003)
 ( 0.14234616565223393     ,  9.8193109697999924E-004) ( -9.0087197818520471E-025, -6.3731671857163428E-027) (  9.0087196083524109E-025,  6.3731671739377782E-027) (-0.14626779484297223     , -1.0398210973347752E-003)
   7.6017399999999995        1.2500000000000000     
 ( 0.16209274817659089     ,  1.0261662268342415E-003) ( 0.16642899949987927     ,  1.0866480681251780E-003)
 ( 0.14500613620704356     ,  1.0199340943832492E-003) ( -9.1780259235193179E-025, -6.6204830013461807E-027) (  9.1780257394920277E-025,  6.6204829887458556E-027) (-0.14900441428243957     , -1.0801565036192241E-003)
   7.6517349999999995        1.2500000000000000     
 ( 0.16534376516917418     ,  1.0656634377496491E-003) ( 0.16976885496128696     ,  1.1285690049255771E-003)
 ( 0.14769522694878029     ,  1.0591403829021491E-003) ( -9.3492206407766274E-025, -6.8756667752817172E-027) (  9.3492204461039025E-025,  6.8756667618064681E-027) (-0.15177113629652078     , -1.1217740015608429E-003)
   7.7017299999999995        1.2500000000000000     
 ( 0.16863850553162726     ,  1.1064064850554475E-003) ( 0.17315366507825414     ,  1.1718171346599868E-003)
 ( 0.15041349984652938     ,  1.0995792915497271E-003) ( -9.5223058246609426E-025, -7.1389109881813186E-027) (  9.5223056179992019E-025,  7.1389109737715387E-027) (-0.15456797684204335     , -1.1647048860339304E-003)
   7.7517249999999995        1.2500000000000000     
 ( 0.17197725883910317     ,  1.1484256085040750E-003) ( 0.17658375707015628     ,  1.2164249386989005E-003)
 ( 0.15316096940271640     ,  1.1412804753993602E-003) ( -9.6972851251663549E-025, -7.4104116770782702E-027) (  9.6972849063772393E-025,  7.4104116616703345E-027) (-0.15739498243954519     , -1.2089810272291775E-003)
   7.8017199999999995        1.2500000000000000     
 ( 0.17536032658856915     ,  1.1917515693340062E-003) ( 0.18005944714302188     ,  1.2624254967233553E-003)
 ( 0.15593766058529690     ,  1.1842740875186186E-003) ( -9.8741616756577271E-025, -7.6903684214684235E-027) (  9.8741614440399971E-025,  7.6903684049995525E-027) (-0.16025218854885825     , -1.2546348671150127E-003)
   7.8517150000000004        1.2500000000000000     
 ( 0.17878803447336711     ,  1.2364157389821865E-003) ( 0.18358105513949544     ,  1.3098524870533402E-003)
 ( 0.15874361878792831     ,  1.2285908644722554E-003) ( -1.0052938320796891E-024, -7.9789843477967367E-027) (  1.0052938075558207E-024,  7.9789843302059531E-027) (-0.16313962740588334     , -1.3016994206221169E-003)
   7.9017100000000005        1.2500000000000000     
 ( 0.18226067643091845     ,  1.2824498377306142E-003) ( 0.18714890157327818     ,  1.3587399250142855E-003)
 ( 0.16157885447107356     ,  1.2742618669425666E-003) ( -1.0233617801933127E-024, -8.2764645226663581E-027) (  1.0233617549262492E-024,  8.2764645039172548E-027) (-0.16605732943530083     , -1.3502080124316803E-003)
   7.9517050000000005        1.2500000000000000     
 ( 0.18577855918367889     ,  1.3298863704180287E-003) ( 0.19076329657635419     ,  1.4091226872222555E-003)
 ( 0.16444338768602501     ,  1.3213189119250907E-003) ( -1.0416202298818250E-024, -8.5830191541642457E-027) (  1.0416202031143057E-024,  8.5830191341245006E-027) (-0.16900531407156491     , -1.4001947991907047E-003)
   8.0016999999999996        1.2500000000000000     
 ( 0.18934199088632694     ,  1.3787581036903652E-003) ( 0.19442455334651149     ,  1.4610358992677868E-003)
 ( 0.16733723708907028     ,  1.3697940514641141E-003) ( -1.0600693604348917E-024, -8.8988598463818568E-027) (  1.0600693320877468E-024,  8.8988598256398300E-027) (-0.17198359717272424     , -1.4516941592309770E-003)
   8.0516949999999987        1.2500000000000000     
 ( 0.19295128150714627     ,  1.4290983284480036E-003) ( 0.19813299726023859     ,  1.5145155476032110E-003)
 ( 0.17026041982933740     ,  1.4197198322292567E-003) ( -1.0787094316615109E-024, -9.2242033231403560E-027) (  1.0787094009837582E-024,  9.2242033056675781E-027) (-0.17499220454612732     , -1.5047412984267930E-003)
   8.1016899999999996        1.2500000000000000     
 ( 0.19660674326629077     ,  1.4809409465870976E-003) ( 0.20188894269884811     ,  1.5695981292636817E-003)
 ( 0.17321295076792079     ,  1.4711293817161993E-003) ( -1.0975406267906651E-024, -9.5592693115675647E-027) (  1.0975405943615905E-024,  9.5592692792785515E-027) (-0.17803115061480351     , -1.5593719050118837E-003)
   8.1516849999999987        1.2500000000000000     
 ( 0.20030866699152414     ,  1.5343205569374146E-003) ( 0.20569273137927799     ,  1.6263203069674628E-003)
 ( 0.17619482178232423     ,  1.5240564940082570E-003) ( -1.1165632318154090E-024, -9.9042783605717311E-027) (  1.1165631975856799E-024,  9.9042783399528786E-027) (-0.18110046726869558     , -1.6156217972878018E-003)
   8.2016799999999996        1.2500000000000000     
 ( 0.20405738981597879     ,  1.5892718501348863E-003) ( 0.20954463575705365     ,  1.6847201225730904E-003)
 ( 0.17920606775235934     ,  1.5785350210920062E-003) ( -1.1357771524138905E-024, -1.0259459367674681E-026) (  1.1357771163049775E-024,  1.0259459339959599E-026) (-0.18420012185305493     , -1.6735281417256961E-003)
   8.2516749999999988        1.2500000000000000     
 ( 0.20785319557514126     ,  1.6458303873379090E-003) ( 0.21344502258686493     ,  1.7448354355664585E-003)
 ( 0.18224666562499195     ,  1.6345996551399198E-003) ( -1.1551827860894887E-024, -1.0625039922509264E-026) (  1.1551827479610768E-024,  1.0625039892961387E-026) (-0.18733016520317913     , -1.7331278848613108E-003)
   8.3016699999999997        1.2500000000000000     
 ( 0.21169639134287443     ,  1.7040324296853397E-003) ( 0.21739416870044329     ,  1.8067049645765906E-003)
 ( 0.18531661382489381     ,  1.6922857505966735E-003) ( -1.1747800123365674E-024, -1.1001252694335288E-026) (  1.1747799720930143E-024,  1.1001252662861230E-026) (-0.19049056041742565     , -1.7944587991169515E-003)
   8.3516649999999988        1.2500000000000000     
 ( 0.21558730895049721     ,  1.7639140686874252E-003) ( 0.22139242055339431     ,  1.8703682893816550E-003)
 ( 0.18841593058076492     ,  1.7516284592856935E-003) ( -1.1945691017441240E-024, -1.1388335490063730E-026) (  1.1945690593095631E-024,  1.1388335456502783E-026) (-0.19368133404505580     , -1.8575594772963098E-003)
   8.4016599999999997        1.2500000000000000     
 ( 0.21952623588791206     ,  1.8255127905591315E-003) ( 0.22544010340925816     ,  1.9358653257703629E-003)
 ( 0.19154458956775883     ,  1.8126642892449531E-003) ( -1.2145501643744376E-024, -1.1786527969791526E-026) (  1.2145501196346168E-024,  1.1786527934072417E-026) (-0.19690248920877504     , -1.9224688127307053E-003)
   8.4516549999999988        1.2500000000000000     
 ( 0.22351348562346560     ,  1.8888660853449701E-003) ( 0.22953749963227538     ,  2.0032365011715732E-003)
 ( 0.19470258334162940     ,  1.8754297145327945E-003) ( -1.2347230406604665E-024, -1.2196072772921520E-026) (  1.2347229935151668E-024,  1.2196072734883312E-026) (-0.20015398346881738     , -1.9892261701658660E-003)
   8.5016499999999997        1.2500000000000000     
 ( 0.22754937278392040     ,  1.9540121445056663E-003) ( 0.23368498414757249     ,  2.0725229347399120E-003)
 ( 0.19788990333652356     ,  1.9399618726203057E-003) ( -1.2550881077114560E-024, -1.2617216536832249E-026) (  1.2550880579828088E-024,  1.2617216496366543E-026) (-0.20343585936804962     , -2.0578715608439396E-003)
   8.5516450000000006        1.2500000000000000     
 ( 0.23163418963984983     ,  2.0209896852966150E-003) ( 0.23788284153445621     ,  2.1437664259924974E-003)
 ( 0.20110651918466341     ,  2.0062983840038705E-003) ( -1.2756451832140268E-024, -1.3050209928671650E-026) (  1.2756451311765046E-024,  1.3050209885558297E-026) (-0.20674807199336298     , -2.1284456391131418E-003)
   8.6016399999999980        1.2500000000000000     
 ( 0.23576827757228838     ,  2.0898381272741271E-003) ( 0.24213138357044486     ,  2.2170094623443094E-003)
 ( 0.20435244042148046     ,  2.0744775317259228E-003) ( -1.2963942077442378E-024, -1.3495307574657546E-026) (  1.2963941540194725E-024,  1.3495307528764645E-026) (-0.21009059329937785     , -2.2009896993645120E-003)
   8.6516349999999989        1.2500000000000000     
 ( 0.23995193377358573     ,  2.1605972439042984E-003) ( 0.24643096474402923     ,  2.2922948734657072E-003)
 ( 0.20762763199016462     ,  2.1445379065776270E-003) ( -1.3173354028523136E-024, -1.3952766022355326E-026) (  1.3173353448600117E-024,  1.3952765973532864E-026) (-0.21346344198530756     , -2.2755453344762318E-003)
   8.7016299999999980        1.2500000000000000     
 ( 0.24418545660767277     ,  2.2333073353877600E-003) ( 0.25078187779387340     ,  2.3696663440653950E-003)
 ( 0.21093205800399165     ,  2.2165185840105212E-003) ( -1.3384685464595799E-024, -1.4422846823741849E-026) (  1.3384684853713053E-024,  1.4422846782501440E-026) (-0.21686656491070275     , -2.3521549446516659E-003)
   8.7516249999999989        1.2500000000000000     
 ( 0.24846914774864057     ,  2.3080094053375233E-003) ( 0.25518443639844623     ,  2.4491680758404518E-003)
 ( 0.21426567922600159     ,  2.2904592933159396E-003) ( -1.3597935658526932E-024, -1.4905814501052215E-026) (  1.3597935015907557E-024,  1.4905814445829451E-026) (-0.22029993251343477     , -2.4308613995135449E-003)
   8.8016199999999980        1.2500000000000000     
 ( 0.25280335304959128     ,  2.3847451608444833E-003) ( 0.25963900308359045     ,  2.5308447843886391E-003)
 ( 0.21762850180337506     ,  2.3664004239445885E-003) ( -1.3813106442932359E-024, -1.5401936439336753E-026) (  1.3813105780791325E-024,  1.5401936381946117E-026) (-0.22376355515556373     , -2.5117080291515138E-003)
   8.8516149999999989        1.2500000000000000     
 ( 0.25718835574513554     ,  2.4635566628353543E-003) ( 0.26414587347882273     ,  2.6147420426052429E-003)
 ( 0.22102046080036017     ,  2.4443826656070037E-003) ( -1.4030195383395502E-024, -1.5911485094868037E-026) (  1.4030194662293550E-024,  1.5911485032430662E-026) (-0.22725737663580511     , -2.5947389716004807E-003)
   8.9016099999999980        1.2500000000000000     
 ( 0.26162448353437862     ,  2.5444863297808293E-003) ( 0.26870536897203207     ,  2.7009059418731567E-003)
 ( 0.22444153625022292     ,  2.5244470172597782E-003) ( -1.4249201465225388E-024, -1.6434735817787681E-026) (  1.4249200718282070E-024,  1.6434735751455984E-026) (-0.23078136012596256     , -2.6799988330595639E-003)
   8.9516049999999989        1.2500000000000000     
 ( 0.26611202364707304     ,  2.6275778077022114E-003) ( 0.27331781164728114     ,  2.7893830845954373E-003)
 ( 0.22789166016128737     ,  2.6066356503739048E-003) ( -1.4470123373643108E-024, -1.6971966838050204E-026) (  1.4470122588844907E-024,  1.6971966767525878E-026) (-0.23433546705238192     , -2.7675326681030027E-003)
   9.0015999999999980        1.2500000000000000     
 ( 0.27065130646486341     ,  2.7128745733827906E-003) ( 0.27798354570413847     ,  2.8802211086052850E-003)
 ( 0.23137081006165550     ,  2.6909905157780326E-003) ( -1.4692961279288961E-024, -1.7523462502345479E-026) (  1.4692960455177503E-024,  1.7523462427452593E-026) (-0.23791968246170564     , -2.8573865164440554E-003)
   9.0515949999999989        1.2500000000000000     
 ( 0.27524264410806326     ,  2.8004213364533899E-003) ( 0.28270285419362401     ,  2.9734676481860084E-003)
 ( 0.23487893814117053     ,  2.7775547391441684E-003) ( -1.4917711148559364E-024, -1.8089506817887017E-026) (  1.4917710283212001E-024,  1.8089506738319779E-026) (-0.24153391853561354     , -2.9496063516552401E-003)
   9.1015899999999981        1.2500000000000000     
 ( 0.27988632781324640     ,  2.8902626404207744E-003) ( 0.28747608712982636     ,  3.0691717185681901E-003)
 ( 0.23841597247907953     ,  2.8663712224012571E-003) ( -1.5144372698026955E-024, -1.8670392015786848E-026) (  1.5144371789148488E-024,  1.8670391931333505E-026) (-0.24517815384534455     , -3.0442394703341946E-003)
   9.1515849999999990        1.2500000000000000     
 ( 0.28458269558132276     ,  2.9824446029677663E-003) ( 0.29230354979913570     ,  3.1673825045839500E-003)
 ( 0.24198188411682156     ,  2.9574843852104354E-003) ( -1.5372943145763735E-024, -1.9266411016829117E-026) (  1.5372942204955573E-024,  1.9266410927182225E-026) (-0.24885232302330165     , -3.1413332725177467E-003)
   9.2015799999999981        1.2500000000000000     
 ( 0.28933204219316772     ,  3.0770126625644686E-003) ( 0.29718557317228272     ,  3.2681497036533237E-003)
 ( 0.24557659905132664     ,  3.0509379001916466E-003) ( -1.5603420833765362E-024, -1.9877859682193213E-026) (  1.5603419832147467E-024,  1.9877859571159833E-026) (-0.25255637934060271     , -3.2409356108097560E-003)
   9.2515749999999990        1.2500000000000000     
 ( 0.29413468652540098     ,  3.1740141789803789E-003) ( 0.30212249254652190     ,  3.3715240547603645E-003)
 ( 0.24920006282509580     ,  3.1467773061870192E-003) ( -1.5835803915998782E-024, -2.0505039860972313E-026) (  1.5835802865420218E-024,  2.0505039745463164E-026) (-0.25629027262868542     , -3.3430953092100182E-003)
   9.3015699999999981        1.2500000000000000     
 ( 0.29899094799536735     ,  3.2734961797961188E-003) ( 0.30711461786828220     ,  3.4775569808133950E-003)
 ( 0.25285222136998015     ,  3.2450477372509968E-003) ( -1.6070089260868169E-024, -2.1148257336690465E-026) (  1.6070088159019114E-024,  2.1148257213691523E-026) (-0.26005393255534515     , -3.4478618100250344E-003)
   9.3515649999999990        1.2500000000000000     
 ( 0.30390110630060968     ,  3.3755067466817086E-003) ( 0.31216228561478043     ,  3.5862999103086855E-003)
 ( 0.25653297194191493     ,  3.3457953187328361E-003) ( -1.6306275044905913E-024, -2.1807817548852694E-026) (  1.6306273889066177E-024,  2.1807817435146437E-026) (-0.26384730759402930     , -3.5552844886651992E-003)
   9.4015599999999999        1.2500000000000000     
 ( 0.30886550925486589     ,  3.4800943267064457E-003) ( 0.31726581209919186     ,  3.6978059966593694E-003)
 ( 0.26024227700413655     ,  3.4490664724367457E-003) ( -1.6544357684012693E-024, -2.2484036210787831E-026) (  1.6544356485917737E-024,  2.2484036090239089E-026) (-0.26767032198100926     , -3.6654143752659156E-003)
   9.4515549999999990        1.2500000000000000     
 ( 0.31388445738483656     ,  3.5873077281276078E-003) ( 0.32242549408905363     ,  3.8121280427608471E-003)
 ( 0.26398005749708903     ,  3.5549079068859755E-003) ( -1.6784332327644625E-024, -2.3177226572270658E-026) (  1.6784331057825610E-024,  2.3177226444394419E-026) (-0.27152287451603574     , -3.7783020684356971E-003)
   9.5015499999999999        1.2500000000000000     
 ( 0.31895823826689734     ,  3.6971964718640754E-003) ( 0.32764169289244544     ,  3.9293198978668040E-003)
 ( 0.26774620403162303     ,  3.6633669741303471E-003) ( -1.7026198439391942E-024, -2.3887707867907935E-026) (  1.7026197109662227E-024,  2.3887707732376373E-026) (-0.27540493375959951     , -3.8939991454927181E-003)
   9.5515449999999991        1.2500000000000000     
 ( 0.32408720276967778     ,  3.8098114851997582E-003) ( 0.33291470899524622     ,  4.0494364409777838E-003)
 ( 0.27154067626186329     ,  3.7744923520316239E-003) ( -1.7269950696553904E-024, -2.4615805329260961E-026) (  1.7269949303850830E-024,  2.4615805185576409E-026) (-0.27931639552237958     , -4.0125581246673488E-003)
   9.6015400000000000        1.2500000000000000     
 ( 0.32927163609258087     ,  3.9252033652955052E-003) ( 0.33824489021565657     ,  4.1725325569290537E-003)
 ( 0.27536336758396757     ,  3.8883323167442380E-003) ( -1.7515586681608701E-024, -2.5361843867073807E-026) (  1.7515585249751349E-024,  2.5361843698984612E-026) (-0.28325719751738687     , -4.1340314576902891E-003)
   9.6515349999999991        1.2500000000000000     
 ( 0.33451187718793041     ,  4.0434234235117942E-003) ( 0.34363255918225594     ,  4.2986641716683130E-003)
 ( 0.27921420673253361     ,  4.0049357712458747E-003) ( -1.7763102775752150E-024, -2.6126154297630214E-026) (  1.7763101228798220E-024,  2.6126154136237262E-026) (-0.28722725747598299     , -4.2584725447812090E-003)
   9.7015300000000000        1.2500000000000000     
 ( 0.33980821234919634     ,  4.1645236849825020E-003) ( 0.34907799711137322     ,  4.4278878975028621E-003)
 ( 0.28309308604890626     ,  4.1243522559304534E-003) ( -1.8012492165418915E-024, -2.6909071328294460E-026) (  1.8012490566022575E-024,  2.6909071157343103E-026) (-0.29122644675646930     , -4.3859353882981043E-003)
   9.7515249999999991        1.2500000000000000     
 ( 0.34516098275899992     ,  4.2885572425240479E-003) ( 0.35458157923221900     ,  4.5602606994197053E-003)
 ( 0.28699993245159316     ,  4.2466322915707374E-003) ( -1.8263753516042202E-024, -2.7710931439757741E-026) (  1.8263751843031978E-024,  2.7710931258690222E-026) (-0.29525472115126422     , -4.5164742591017300E-003)
   9.8015200000000000        1.2500000000000000     
 ( 0.35057046048019508     ,  4.4155768545180883E-003) ( 0.36014359145648844     ,  4.6958409382990372E-003)
 ( 0.29093460940638466     ,  4.3718259787728867E-003) ( -1.8516880222993612E-024, -2.8532079115426291E-026) (  1.8516878474253040E-024,  2.8532078923769748E-026) (-0.29931194632294456     , -4.6501447266865410E-003)
   9.8515149999999991        1.2500000000000000     
 ( 0.35603700811582706     ,  4.5456367002673871E-003) ( 0.36576438940421496     ,  4.8346869626641926E-003)
 ( 0.29489706727024467     ,  4.4999847472831037E-003) ( -1.8771869151975484E-024, -2.9372858481088019E-026) (  1.8771867324098897E-024,  2.9372858278100119E-026) (-0.30339805358590394     , -4.7870022548228228E-003)
   9.9015100000000000        1.2500000000000000     
 ( 0.36156088151543891     ,  4.6787909737289659E-003) ( 0.37144428407633051     ,  4.9768578279052308E-003)
 ( 0.29888714182376708     ,  4.6311599519678935E-003) ( -1.9028714763908941E-024, -3.0233617510325456E-026) (  1.9028712850127143E-024,  3.0233617263770326E-026) (-0.30751292935349367     , -4.9271029190020377E-003)
   9.9515049999999992        1.2500000000000000     
 ( 0.36714244800686741     ,  4.8150949457499183E-003) ( 0.37718360980848104     ,  5.1224136327278581E-003)
 ( 0.30290478002241178     ,  4.7654039239517854E-003) ( -1.9287412717027852E-024, -3.1114709999842951E-026) (  1.9287410716474771E-024,  3.1114709772483655E-026) (-0.31165648114195921     , -5.0705037382072007E-003)
   10.001500000000000        1.2500000000000000     
 ( 0.37278198676114993     ,  4.9546042479773952E-003) ( 0.38298266476665949     ,  5.2714151713758603E-003)
 ( 0.30694983931204239     ,  4.9027692652201544E-003) ( -1.9547955723163691E-024, -3.2016493720702378E-026) (  1.9547953632290411E-024,  3.2016493480104145E-026) (-0.31582856472432380     , -5.2172623206101039E-003)
   10.051494999999999        1.2500000000000000     
 ( 0.37847982683709125     ,  5.0973752434656464E-003) ( 0.38884180917079392     ,  5.4239232422821212E-003)
 ( 0.31102221644307826     ,  5.0433092027310500E-003) ( -1.9810340495460608E-024, -3.2939325839168272E-026) (  1.9810338364904545E-024,  3.2939325606025176E-026) (-0.32002910637562654     , -5.3674361774948406E-003)
   10.101490000000000        1.2500000000000000     
 ( 0.38423627478509192     ,  5.2434646646675491E-003) ( 0.39476133839303973     ,  5.5800000392754994E-003)
 ( 0.31512178716192590     ,  5.1870772357936893E-003) ( -2.0074559876731438E-024, -3.3883571690525979E-026) (  2.0074557594356216E-024,  3.3883571424097854E-026) (-0.32425796490088005     , -5.5210841042529872E-003)
   10.151484999999999        1.2500000000000000     
 ( 0.39005163896089018     ,  5.3929303162223354E-003) ( 0.40074157827210621     ,  5.7397084564362877E-003)
 ( 0.31924842534410297     ,  5.3341278245584763E-003) ( -2.0340607619973480E-024, -3.4849600268906875E-026) (  2.0340605236150249E-024,  3.4849599984137606E-026) (-0.32851501351648504     , -5.6782654885990822E-003)
   10.201479999999998        1.2500000000000000     
 ( 0.39592625117099822     ,  5.5458300322402390E-003) ( 0.40678287077121006     ,  5.9031113986589990E-003)
 ( 0.32340202664682000     ,  5.4845153522677095E-003) ( -2.0608478899933174E-024, -3.5837780220231935E-026) (  2.0608476409243490E-024,  3.5837779919035545E-026) (-0.33280015370915822     , -5.8390396106905310E-003)
   10.251474999999999        1.2500000000000000     
 ( 0.40186040312321575     ,  5.7022223748145456E-003) ( 0.41288554375127440     ,  6.0702735059762732E-003)
 ( 0.32758243778406021     ,  5.6382948179646243E-003) ( -2.0878167458810593E-024, -3.6848490269943908E-026) (  2.0878164860111341E-024,  3.6848489951583401E-026) (-0.33711325587861207     , -6.0034673715627668E-003)
   10.301469999999998        1.2500000000000000     
 ( 0.40785440725857608     ,  5.8621669723397784E-003) ( 0.41904994636197829     ,  6.2412590904806602E-003)
 ( 0.33178953057193888     ,  5.7955221747696510E-003) ( -2.1149668180687045E-024, -3.7882106518037141E-026) (  2.1149665520749787E-024,  3.7882106149895109E-026) (-0.34145421560303485     , -6.1716092202103827E-003)
   10.351464999999999        1.2500000000000000     
 ( 0.41390858434950861     ,  6.0257234987388525E-003) ( 0.42527634084071936     ,  6.4161335027609796E-003)
 ( 0.33602316804045945     ,  5.9562532956061506E-003) ( -2.1422970536681913E-024, -3.8939010917008790E-026) (  2.1422967705230055E-024,  3.8939010561410505E-026) (-0.34582283655410828     , -6.3435265191646249E-003)
   10.401459999999998        1.2500000000000000     
 ( 0.42002327101243070     ,  6.1929530411952149E-003) ( 0.43156508074223282     ,  6.5949628086398237E-003)
 ( 0.34028324263480458     ,  6.1205453574222609E-003) ( -2.1698069607645531E-024, -4.0019589231637480E-026) (  2.1698066655147980E-024,  4.0019588855823148E-026) (-0.35021901020711271     , -6.5192812316867601E-003)
   10.451454999999999        1.2500000000000000     
 ( 0.42619876739464929     ,  6.3639160355252597E-003) ( 0.43791648055268922     ,  6.7778137737487575E-003)
 ( 0.34456959504623746     ,  6.2884547499930925E-003) ( -2.1974956767326648E-024, -4.1124230926850805E-026) (  2.1974953685863074E-024,  4.1124230498174303E-026) (-0.35464257797714555     , -6.6989358661763785E-003)
   10.501449999999998        1.2500000000000000     
 ( 0.43243535069796218     ,  6.5386743391841603E-003) ( 0.44433089092343980     ,  6.9647545773077763E-003)
 ( 0.34888204458720762     ,  6.4600391639154740E-003) ( -2.2253627414229661E-024, -4.2253333358182938E-026) (  2.2253624228973458E-024,  4.2253332938893941E-026) (-0.35909343379616432     , -6.8825542329063625E-003)
   10.551444999999999        1.2500000000000000     
 ( 0.43873339241635972     ,  6.7172905431284215E-003) ( 0.45080867776738337     ,  7.1558520090726618E-003)
 ( 0.35322049518031551     ,  6.6353568900732046E-003) ( -2.2534075458550475E-024, -4.3407284981657093E-026) (  2.2534072108513654E-024,  4.3407284538798981E-026) (-0.36357145831397231     , -7.0701985977384869E-003)
   10.601439999999998        1.2500000000000000     
 ( 0.44509317093515627     ,  6.8998279738426462E-003) ( 0.45735006318410887     ,  7.3511763536481551E-003)
 ( 0.35758476605132766     ,  6.8144668226454699E-003) ( -2.2816287720320657E-024, -4.4586494895641241E-026) (  2.2816284227368827E-024,  4.4586494470897628E-026) (-0.36807640704099043     , -7.2619345935383359E-003)
   10.651434999999999        1.2500000000000000     
 ( 0.45151497334810237     ,  7.0863493109931796E-003) ( 0.46395541646479571     ,  7.5507958223117819E-003)
 ( 0.36197466769331077     ,  6.9974270642644328E-003) ( -2.3100258078918355E-024, -4.5791358866118874E-026) (  2.3100254437636021E-024,  4.5791358372494713E-026) (-0.37260815877218423     , -7.4578256245378394E-003)
   10.701429999999998        1.2500000000000000     
 ( 0.45799917217454245     ,  7.2769193423903589E-003) ( 0.47062509956112836     ,  7.7547821271813791E-003)
 ( 0.36639010482722517     ,  7.1842976952078098E-003) ( -2.3385981202495479E-024, -4.7022293392578438E-026) (  2.3385977435710014E-024,  4.7022292871652320E-026) (-0.37716659624348225     , -7.6579384572430902E-003)
   10.751424999999999        1.2500000000000000     
 ( 0.46454605657903564     ,  7.4716029295445463E-003) ( 0.47735939113915593     ,  7.9632049059629346E-003)
 ( 0.37083088736932007     ,  7.3751387129540090E-003) ( -2.3673445528565653E-024, -4.8279701519331371E-026) (  2.3673441575964418E-024,  4.8279701012394519E-026) (-0.38175151158646775     , -7.8623376169217381E-003)
   10.801419999999998        1.2500000000000000     
 ( 0.47115596286937061     ,  7.6704649466268005E-003) ( 0.48415861728713566     ,  8.1761365951519907E-003)
 ( 0.37529686791527661     ,  7.5700099918046514E-003) ( -2.3962642709319378E-024, -4.9564002935248276E-026) (  2.3962638594482466E-024,  4.9564002354764261E-026) (-0.38636273624208972     , -8.0710902832897540E-003)
   10.851414999999999        1.2500000000000000     
 ( 0.47782913596404658     ,  7.8735717333162682E-003) ( 0.49102315039950528     ,  8.3936489632762817E-003)
 ( 0.37978781262617312     ,  7.7689726986212232E-003) ( -2.4253566524026315E-024, -5.0875612329581774E-026) (  2.4253562239776617E-024,  5.0875611717431973E-026) (-0.39100014534850669     , -8.2842627950160449E-003)
   10.901409999999998        1.2500000000000000     
 ( 0.48456596034273747     ,  8.0809896557871574E-003) ( 0.49795327041188980     ,  8.6158158753979145E-003)
 ( 0.38430361606996560     ,  7.9720878937074389E-003) ( -2.4546205772538993E-024, -5.2214956515537117E-026) (  2.4546201309448148E-024,  5.2214955869901321E-026) (-0.39566353096802015     , -8.5019234396451447E-003)
   10.951404999999999        1.2500000000000000     
 ( 0.49136668778899489     ,  8.2927865356089096E-003) ( 0.50494935700209786     ,  8.8427098449184536E-003)
 ( 0.38884403894407138     ,  8.1794179199340625E-003) ( -2.4840553833829141E-024, -5.3582453225772831E-026) (  2.4840549214823309E-024,  5.3582452550698788E-026) (-0.40035276010591792     , -8.7241389660142454E-003)
   11.001399999999999        1.2500000000000000     
 ( 0.49823170336127870     ,  8.5090295454437696E-003) ( 0.51201165128732429     ,  9.0744061833712836E-003)
 ( 0.39340897605141567     ,  8.3910243004062940E-003) ( -2.5136597136703613E-024, -5.4978536691470923E-026) (  2.5136592301664378E-024,  5.4978535920683745E-026) (-0.40506757521242925     , -8.9509787551382801E-003)
   11.051394999999999        1.2500000000000000     
 ( 0.50516122159530885     ,  8.7297872979620848E-003) ( 0.51914053655925507     ,  9.3109788267695288E-003)
 ( 0.39799813867669648     ,  8.6069698459347345E-003) ( -2.5434328490573223E-024, -5.6403631812915562E-026) (  2.5434323462079356E-024,  5.6403630992489209E-026) (-0.40980784264717091     , -9.1825106459747109E-003)
   11.101389999999999        1.2500000000000000     
 ( 0.51215567739808499     ,  8.9551291680686138E-003) ( 0.52633634656319972     ,  9.5525052359593989E-003)
 ( 0.40261146037681866     ,  8.8273179444742274E-003) ( -2.5733739304270842E-024, -5.7858184069486883E-026) (  2.5733734122281584E-024,  5.7858183304156479E-026) (-0.41457338856464943     , -9.4188057916770197E-003)
   11.151384999999999        1.2500000000000000     
 ( 0.51921528787692184     ,  9.1851238850614771E-003) ( 0.53359937741817687     ,  9.7990608051412142E-003)
 ( 0.40724865154009821     ,  9.0521311608089908E-003) ( -2.6034817804825419E-024, -5.9342625889168953E-026) (  2.6034812358386902E-024,  5.9342625058961684E-026) (-0.41936399150443493     , -9.6599331161987961E-003)
   11.201379999999999        1.2500000000000000     
 ( 0.52634044285422266     ,  9.4198423190408626E-003) ( 0.54092992292862574     ,  1.0050723037307837E-002)
 ( 0.41190960364442814     ,  9.2814740254915842E-003) ( -2.6337551295003643E-024, -6.0857401405510734E-026) (  2.6337545632127165E-024,  6.0857400519092347E-026) (-0.42417942887585064     , -9.9059634643748652E-003)
   11.251374999999999        1.2500000000000000     
 ( 0.53353136760892972     ,  9.6593547060368039E-003) ( 0.54832842053754771     ,  1.0307569479232252E-002)
 ( 0.41659401961699632     ,  9.5154102549065075E-003) ( -2.6641936355472898E-024, -6.2402954257274413E-026) (  2.6641930519008981E-024,  6.2402953323243178E-026) (-0.42901960505883191     , -1.0156967505381085E-002)
   11.301369999999999        1.2500000000000000     
 ( 0.54078845478711235     ,  9.9037334433981460E-003) ( 0.55579507891529434     ,  1.0569679111636544E-002)
 ( 0.42130179034425796     ,  9.7540055105858961E-003) ( -2.6947955325586594E-024, -6.3979735766601492E-026) (  2.6947949159586247E-024,  6.3979734794173411E-026) (-0.43388420618011120     , -1.0413017153823879E-002)
   11.351364999999999        1.2500000000000000     
 ( 0.54811193904801481     ,  1.0153048898869485E-002) ( 0.56333028826743015     ,  1.0837130236450214E-002)
 ( 0.42603260974558288     ,  9.9973232583381606E-003) ( -2.7255601391070202E-024, -6.5588192419247488E-026) (  2.7255595056805490E-024,  6.5588191480381516E-026) (-0.43877309636422518     , -1.0674183450690480E-002)
   11.401359999999999        1.2500000000000000     
 ( 0.55550221525127230     ,  1.0407375675710463E-002) ( 0.57093431006862494     ,  1.1110003982356348E-002)
 ( 0.43078636740502513     ,  1.0245430980655139E-002) ( -2.7564859784833599E-024, -6.7228787017500595E-026) (  2.7564853155507745E-024,  6.7228786011766558E-026) (-0.44368599996306801     , -1.0940540028513863E-002)
   11.451355000000000        1.2500000000000000     
 ( 0.56295955799017317     ,  1.0666784961746421E-002) ( 0.57860754233789302     ,  1.1388380123121912E-002)
 ( 0.43556280853837731     ,  1.0498392562573873E-002) ( -2.7875723119255185E-024, -6.8901973170416130E-026) (  2.7875716200951255E-024,  6.8901971957617500E-026) (-0.44862277257457422     , -1.1212158978186290E-002)
   11.501349999999999        1.2500000000000000     
 ( 0.57048428603002077     ,  1.0931352211550503E-002) ( 0.58635029346675283     ,  1.1672339880983644E-002)
 ( 0.44036172260724821     ,  1.0756275915434491E-002) ( -2.8188178848510425E-024, -7.0608211939122341E-026) (  2.8188171761913133E-024,  7.0608210729261759E-026) (-0.45358318218110977     , -1.1489113601570273E-002)
   11.551345000000000        1.2500000000000000     
 ( 0.57807667717539646     ,  1.1201150159202205E-002) ( 0.59416287330525575     ,  1.1961965216590945E-002)
 ( 0.44518285281432096     ,  1.1019146036731991E-002) ( -2.8502214983330763E-024, -7.2347968227650971E-026) (  2.8502207571354019E-024,  7.2347966954277212E-026) (-0.45856699571945297     , -1.1771477702708838E-002)
   11.601339999999999        1.2500000000000000     
 ( 0.58573709895858439     ,  1.1476255084095560E-002) ( 0.60204559336243857     ,  1.2257339489713056E-002)
 ( 0.45002602924373764     ,  1.1287071242459397E-002) ( -2.8817818017815355E-024, -7.4121714687958120E-026) (  2.8817810314109577E-024,  7.4121713348218751E-026) (-0.46357397997088351     , -1.2059326269035942E-002)
   11.651335000000000        1.2500000000000000     
 ( 0.59346583055743762     ,  1.1756741256400772E-002) ( 0.60999877372283939     ,  1.2558546160173238E-002)
 ( 0.45489099563828583     ,  1.1560117622533587E-002) ( -2.9134975970113990E-024, -7.5929922933607955E-026) (  2.9134968084827902E-024,  7.5929921523640352E-026) (-0.46860389208644759     , -1.2352734147716472E-002)
   11.701330000000000        1.2500000000000000     
 ( 0.60126315606828218     ,  1.2042686513018208E-002) ( 0.61802281400754200     ,  1.2865667311921269E-002)
 ( 0.45977748970289839     ,  1.1838354604483096E-002) ( -2.9453681854225474E-024, -7.7773055600237091E-026) (  2.9453673550520215E-024,  7.7773054116134618E-026) (-0.47365659110017494     , -1.2651774579154713E-002)
   11.751324999999998        1.2500000000000000     
 ( 0.60912945016871944     ,  1.2334165308197101E-002) ( 0.62611795449456487     ,  1.3178789279190707E-002)
 ( 0.46468533874801299     ,  1.2121847975883136E-002) ( -2.9773916123548224E-024, -7.9651599868676016E-026) (  2.9773907499204366E-024,  7.9651598318308837E-026) (-0.47873173610230835     , -1.2956524772299442E-002)
   11.801319999999999        1.2500000000000000     
 ( 0.61706503967250514     ,  1.2631256320396779E-002) ( 0.63428455294991515     ,  1.3497997021039630E-002)
 ( 0.46961432796828456     ,  1.2410667532303946E-002) ( -3.0095669506811309E-024, -8.1566033605231827E-026) (  3.0095660618496008E-024,  8.1566032059722195E-026) (-0.48382913920295106     , -1.3267060350166429E-002)
   11.851314999999998        1.2500000000000000     
 ( 0.62507013215715579     ,  1.2934035544557881E-002) ( 0.64252289089923942     ,  1.3823376997303311E-002)
 ( 0.47456409758716694     ,  1.2704880139326044E-002) ( -3.0418925674812848E-024, -8.3516842574411303E-026) (  3.0418916396283267E-024,  8.3516840847348991E-026) (-0.48894851131104033     , -1.3583458143503761E-002)
   11.901309999999999        1.2500000000000000     
 ( 0.63314514622291429     ,  1.3242584656190510E-002) ( 0.65083338434214766     ,  1.4155015686389378E-002)
 ( 0.47953452098036237     ,  1.3004558062451422E-002) ( -3.0743677490700436E-024, -8.5504511514796751E-026) (  3.0743667921471712E-024,  8.5504509572389762E-026) (-0.49408969718864315     , -1.3905794735067555E-002)
   11.951304999999998        1.2500000000000000     
 ( 0.64129029034605622     ,  1.3556979821715533E-002) ( 0.65921627447837805     ,  1.4492999643095947E-002)
 ( 0.48452523847332962     ,  1.3309767847503127E-002) ( -3.1069906010091160E-024, -8.7529524192099828E-026) (  3.1069896079488546E-024,  8.7529522156584606E-026) (-0.49925235770079285     , -1.4234146549811245E-002)
   12.001299999999999        1.2500000000000000     
 ( 0.64950599171929779     ,  1.3877301500795757E-002) ( 0.66767188575498926     ,  1.4837416872398274E-002)
 ( 0.48953611657886575     ,  1.3620580019945075E-002) ( -3.1397598048970772E-024, -8.9592372273650681E-026) (  3.1397587763897447E-024,  8.9592370266987475E-026) (-0.50443625193139574     , -1.4568591137058832E-002)
   12.051294999999998        1.2500000000000000     
 ( 0.65779250489532470     ,  1.4203628828569128E-002) ( 0.67620059958665013     ,  1.5188356860741783E-002)
 ( 0.49456684005443063     ,  1.3937063573348807E-002) ( -3.1726743169169048E-024, -9.1693555125790862E-026) (  3.1726732386439537E-024,  9.1693553102737890E-026) (-0.50964117116324448     , -1.4909207279278986E-002)
   12.101289999999999        1.2500000000000000     
 ( 0.66615008331700742     ,  1.4536043866828240E-002) ( 0.68480274457206380     ,  1.5545907723304603E-002)
 ( 0.49961709623901990     ,  1.4259290080750563E-002) ( -3.2057328218211070E-024, -9.3833562566263089E-026) (  3.2057317139975727E-024,  9.3833560350037720E-026) (-0.51486687260981645     , -1.5256072087378923E-002)
   12.151284999999998        1.2500000000000000     
 ( 0.67457916160814158     ,  1.4874627352907269E-002) ( 0.69347853592574649     ,  1.5910161885698926E-002)
 ( 0.50468674555857984     ,  1.4587329562917091E-002) ( -3.2389330765378184E-024, -9.6012909084727546E-026) (  3.2389319177553724E-024,  9.6012906756699613E-026) (-0.52011295767440990     , -1.5609266657099004E-002)
   12.201279999999999        1.2500000000000000     
 ( 0.68307995665674226     ,  1.5219460149838035E-002) ( 0.70222843611161567     ,  1.6281207632796894E-002)
 ( 0.50977542515802554     ,  1.4921251856439265E-002) ( -3.2722745958247329E-024, -9.8232082768324207E-026) (  3.2722734012856243E-024,  9.8232080195394814E-026) (-0.52537931876308186     , -1.5968867692278250E-002)
   12.251274999999998        1.2500000000000000     
 ( 0.69165277747990017     ,  1.5570624611945137E-002) ( 0.71105264927501510     ,  1.6659136114178248E-002)
 ( 0.51488285611347240     ,  1.5261128004843885E-002) ( -3.3057552301215463E-024, -1.0049158788105696E-025) (  3.3057539955113987E-024,  1.0049158518450821E-025) (-0.53066556977638091     , -1.6334954408703216E-002)
   12.301269999999999        1.2500000000000000     
 ( 0.70029801768688782     ,  1.5928204587515340E-002) ( 0.71995156822881723     ,  1.7044041324351930E-002)
 ( 0.52000885623776472     ,  1.5607030235970140E-002) ( -3.3393738447930709E-024, -1.0279194446571014E-025) (  3.3393725556583988E-024,  1.0279194178956989E-025) (-0.53597149498742913     , -1.6707608589580591E-002)
   12.351264999999998        1.2500000000000000     
 ( 0.70901589976281543     ,  1.6292282661953032E-002) ( 0.72892554546114419     ,  1.7436014602630254E-002)
 ( 0.52515305837514226     ,  1.5959029225170198E-002) ( -3.3731290308098297E-024, -1.0513365505067800E-025) (  3.3731277101581028E-024,  1.0513365223993649E-025) (-0.54129683113874527     , -1.7086908979740110E-002)
   12.401259999999999        1.2500000000000000     
 ( 0.71780678175867396     ,  1.6662942928089078E-002) ( 0.73797478997317123     ,  1.7835148759357187E-002)
 ( 0.53031522648469087     ,  1.6317196828604240E-002) ( -3.4070186791707029E-024, -1.0751722949716385E-025) (  3.4070173001223114E-024,  1.0751722654546686E-025) (-0.54664119199339889     , -1.7472935501327082E-002)
   12.451254999999998        1.2500000000000000     
 ( 0.72667097684753890     ,  1.7040269580861606E-002) ( 0.74709973061153001     ,  1.8241538048561750E-002)
 ( 0.53549508437861637     ,  1.6681604681211749E-002) ( -3.4410418816924653E-024, -1.0994318515385143E-025) (  3.4410404536390566E-024,  1.0994318205532117E-025) (-0.55200441530301847     , -1.7865769201004113E-002)
   12.501249999999999        1.2500000000000000     
 ( 0.73560875934772307     ,  1.7424346995438829E-002) ( 0.75630064319155876     ,  1.8655276854896159E-002)
 ( 0.54069230403993185     ,  1.7052324260787489E-002) ( -3.4751967334787205E-024, -1.1241203857202971E-025) (  3.4751952571360780E-024,  1.1241203529495720E-025) (-0.55738613938739079     , -1.8265490872081833E-002)
   12.551245000000000        1.2500000000000000     
 ( 0.74462044342576961     ,  1.7815260970692390E-002) ( 0.76557782973650834     ,  1.9076461042674398E-002)
 ( 0.54590660679335368     ,  1.7429428198149025E-002) ( -3.5094815568127073E-024, -1.1492431371005048E-025) (  3.5094800307847633E-024,  1.1492431027132518E-025) (-0.56278606455775015     , -1.8672182456112144E-002)
   12.601239999999999        1.2500000000000000     
 ( 0.75370640425471613     ,  1.8213098915053332E-002) ( 0.77493164881995458     ,  1.9505186525317370E-002)
 ( 0.55113774628053980     ,  1.7812990284706422E-002) ( -3.5438948907942805E-024, -1.1748053350919144E-025) (  3.5438933055494568E-024,  1.1748052977364746E-025) (-0.56820392524541263     , -1.9085925589091043E-002)
   12.651235000000000        1.2500000000000000     
 ( 0.76286687169033407     ,  1.8617945531122330E-002) ( 0.78436242062224359     ,  1.9941548022240199E-002)
 ( 0.55638535323901173     ,  1.8203081384482747E-002) ( -3.5784351039661999E-024, -1.2008121133673558E-025) (  3.5784334640751234E-024,  1.2008120755140307E-025) (-0.57363940691650239     , -1.9506800313396702E-002)
   12.701229999999999        1.2500000000000000     
 ( 0.77210217325113784     ,  1.9029888493285307E-002) ( 0.79387044427774889     ,  2.0385643095609956E-002)
 ( 0.56164914034555991     ,  1.8599774866161465E-002) ( -3.6131005353762800E-024, -1.2272687658323210E-025) (  3.6130988382366089E-024,  1.2272687280509233E-025) (-0.57909221655934051     , -1.9934889141805419E-002)
   12.751225000000000        1.2500000000000000     
 ( 0.78141262626834762     ,  1.9449015560157209E-002) ( 0.80345610421407598     ,  2.0837570763002872E-002)
 ( 0.56692883059530286     ,  1.9003143875329611E-002) ( -3.6478896777390628E-024, -1.2541806665446396E-025) (  3.6478879205575670E-024,  1.2541806251188040E-025) (-0.58456206373545205     , -2.0370275729965786E-002)
   12.801219999999999        1.2500000000000000     
 ( 0.79079858090718236     ,  1.9875413281342812E-002) ( 0.81311961596865923     ,  2.1297427453484018E-002)
 ( 0.57222411515368032     ,  1.9413259971487365E-002) ( -3.6828002840844258E-024, -1.2815529985657045E-025) (  3.6827984724197264E-024,  1.2815529566264361E-025) (-0.59004856294254404     , -2.0813040643022314E-002)
   12.851215000000000        1.2500000000000000     
 ( 0.80026026110823623     ,  2.0309172503927532E-002) ( 0.82286135719764575     ,  2.1765312420957930E-002)
 ( 0.57753463670059968     ,  1.9830198650758881E-002) ( -3.7178309990108639E-024, -1.3093911138441912E-025) (  3.7178291161350238E-024,  1.3093910680628393E-025) (-0.59555143571983582     , -2.1263266980745200E-002)
   12.901209999999999        1.2500000000000000     
 ( 0.80979805654357484     ,  2.0750380073294911E-002) ( 0.83268169139279891     ,  2.2241325119246216E-002)
 ( 0.58286013728238550     ,  2.0254031000687324E-002) ( -3.7529802862368898E-024, -1.3377003470518205E-025) (  3.7529783464958118E-024,  1.3377002994725860E-025) (-0.60107041565435160     , -2.1721037547937562E-002)
   12.951205000000000        1.2500000000000000     
 ( 0.81941221675073561     ,  2.1199127141570649E-002) ( 0.84258085763803248     ,  2.2725567854352448E-002)
 ( 0.58820023544292022     ,  2.0684832015694730E-002) ( -3.7882459656794384E-024, -1.3664861923381079E-025) (  3.7882439544245754E-024,  1.3664861437219907E-025) (-0.60660509713933264     , -2.2186437595287059E-002)
   13.001199999999999        1.2500000000000000     
 ( 0.82910311224321342     ,  2.1655503667462023E-002) ( 0.85255918796557262     ,  2.3218136118727552E-002)
 ( 0.59355469489533763     ,  2.1122675089448543E-002) ( -3.8236262253921675E-024, -1.3957537129337939E-025) (  3.8236241380031818E-024,  1.3957536619023186E-025) (-0.61215516047864804     , -2.2659545176957542E-002)
   13.051195000000000        1.2500000000000000     
 ( 0.83887096554439222     ,  2.2119598355939241E-002) ( 0.86261709841320600     ,  2.3719138028098677E-002)
 ( 0.59892307407419276     ,  2.1567631973343698E-002) ( -3.8591199476064108E-024, -1.4255087244358228E-025) (  3.8591178084354869E-024,  1.4255086692055394E-025) (-0.61772037946157821     , -2.3140450542366412E-002)
   13.101189999999999        1.2500000000000000     
 ( 0.84871615699941849     ,  2.2591502834510731E-002) ( 0.87275474952226706     ,  2.4228670779305302E-002)
 ( 0.60430513009915388     ,  2.2019776953415646E-002) ( -3.8947242064313125E-024, -1.4557563471910343E-025) (  3.8947219896804790E-024,  1.4557562872135156E-025) (-0.62330025215010121     , -2.3629232532443409E-002)
   13.151185000000000        1.2500000000000000     
 ( 0.85863898617602896     ,  2.3071310327356286E-002) ( 0.88297261389245141     ,  2.4746834451634395E-002)
 ( 0.60970052275421183     ,  2.2479185418212880E-002) ( -3.9304381721829381E-024, -1.4865018602813116E-025) (  3.9304358864954874E-024,  1.4865018013410078E-025) (-0.62889458715013213     , -2.4125972409418172E-002)
   13.201179999999999        1.2500000000000000     
 ( 0.86863967202225156     ,  2.3559111447811185E-002) ( 0.89327092984008527     ,  2.5273737576081416E-002)
 ( 0.61510881831311082     ,  2.2945929776154325E-002) ( -3.9662594464322943E-024, -1.5177510488437518E-025) (  3.9662570778738092E-024,  1.5177509849152728E-025) (-0.63450298496507318     , -2.4630759517584640E-002)
   13.251175000000000        1.2500000000000000     
 ( 0.87871865263748761     ,  2.4054996990962144E-002) ( 0.90365004876369548     ,  2.5809483339080765E-002)
 ( 0.62052980785433276     ,  2.3420082074778810E-002) ( -4.0021863744812613E-024, -1.5495093384800364E-025) (  4.0021839208128306E-024,  1.5495092694076605E-025) (-0.64012511112304882     , -2.5143677288630362E-002)
   13.301169999999999        1.2500000000000000     
 ( 0.88887623315331343     ,  2.4559062094328923E-002) ( 0.91411022670453967     ,  2.6354172268368978E-002)
 ( 0.62596314962578437     ,  2.3901718395782184E-002) ( -4.0382165723435468E-024, -1.5817819699340886E-025) (  4.0382140463610186E-024,  1.5817819041151838E-025) (-0.64576055088538820     , -2.5664806056544885E-002)
   13.351165000000000        1.2500000000000000     
 ( 0.89911259130960886     ,  2.5071399291706493E-002) ( 0.92465188679058763     ,  2.6907910603161205E-002)
 ( 0.63140836348235008     ,  2.4390911650575973E-002) ( -4.0743488584422508E-024, -1.6145745257856517E-025) (  4.0743462560537190E-024,  1.6145744528125197E-025) (-0.65140907743963838     , -2.6194231386086311E-002)
   13.401159999999999        1.2500000000000000     
 ( 0.90942808263847952     ,  2.5592101367064409E-002) ( 0.93527520232675032     ,  2.7470801969707328E-002)
 ( 0.63686515071565364     ,  2.4887734524669722E-002) ( -4.1105803649159091E-024, -1.6478923954828713E-025) (  4.1105776667881694E-024,  1.6478923165719463E-025) (-0.65707018255640948     , -2.6732035694261448E-002)
   13.451155000000000        1.2500000000000000     
 ( 0.91982307023197196     ,  2.6121263996687568E-002) ( 0.94598070870633122     ,  2.8042955756780025E-002)
 ( 0.64233320398844818     ,  2.5392262208068273E-002) ( -4.1469103561567197E-024, -1.6817412935753445E-025) (  4.1469075618374288E-024,  1.6817412149626610E-025) (-0.66274370949388861     , -2.7278306740770426E-002)
   13.501149999999999        1.2500000000000000     
 ( 0.93029781148322621     ,  2.6658980323018382E-002) ( 0.95676848523344071     ,  2.8624478712738349E-002)
 ( 0.64781214514590402     ,  2.5904566813255536E-002) ( -4.1833354144848826E-024, -1.7161267661022707E-025) (  4.1833325336447427E-024,  1.7161266798845350E-025) (-0.66842906775747868     , -2.7833128980413371E-002)
   13.551145000000000        1.2500000000000000     
 ( 0.94085260253040393     ,  2.7205346487872813E-002) ( 0.96763897312085445     ,  2.9215472187625137E-002)
 ( 0.65330155918990018     ,  2.6424722931029383E-002) ( -4.2198544049061185E-024, -1.7510539893101659E-025) (  4.2198514276315526E-024,  1.7510539017556440E-025) (-0.67412601606567224     , -2.8396581095158482E-002)
   13.601139999999999        1.2500000000000000     
 ( 0.95148779555605534     ,  2.7760456050919622E-002) ( 0.97859244887592634     ,  2.9816048891230018E-002)
 ( 0.65880115385911009     ,  2.6952802062664705E-002) ( -4.2564648082251758E-024, -1.7865288217249551E-025) (  4.2564617370650325E-024,  1.7865287275879604E-025) (-0.67983413210528576     , -2.8968752505124023E-002)
   13.651135000000000        1.2500000000000000     
 ( 0.96220367300818932     ,  2.8324408330975652E-002) ( 0.98962935296357246     ,  3.0426313302235691E-002)
 ( 0.66431053033736076     ,  2.7488881023662096E-002) ( -4.2931655124177673E-024, -1.8225565854932283E-025) (  4.2931623403463814E-024,  1.8225564901016801E-025) (-0.68555317413355410     , -2.9549723884541593E-002)
   13.701129999999999        1.2500000000000000     
 ( 0.97300059985583220     ,  2.8897297340935654E-002) (  1.0007497770515583     ,  3.1046375717625592E-002)
 ( 0.66982938695718486     ,  2.8033030708701973E-002) ( -4.3299530391441867E-024, -1.8591429442141596E-025) (  4.3299497648836840E-024,  1.8591428452762708E-025) (-0.69128254485512863     , -3.0139581116490101E-002)
   13.751125000000000        1.2500000000000000     
 ( 0.98387877525844936     ,  2.9479220034155169E-002) (  1.0119542713673582     ,  3.1676346673682056E-002)
 ( 0.67535723074921294     ,  2.8585324490232808E-002) ( -4.3668266869222834E-024, -1.8962935382025907E-025) (  4.3668233281392105E-024,  1.8962934342517860E-025) (-0.69702208342385530     , -3.0738409754133812E-002)
   13.801119999999999        1.2500000000000000     
 ( 0.99483848140260756     ,  3.0070273645256419E-002) (  1.0232429385544575     ,  3.2316331189962376E-002)
 ( 0.68089366828527276     ,  2.9145835443616958E-002) ( -4.4037829111580114E-024, -1.9340136556832392E-025) (  4.4037794333909721E-024,  1.9340135434927115E-025) (-0.70277118334065170     , -3.1346289381662049E-002)
   13.851115000000000        1.2500000000000000     
 (  1.0058801869758747     ,  3.0670555672267279E-002) (  1.0346163053030062     ,  3.2966442999581208E-002)
 ( 0.68643847447660067     ,  2.9714636345167439E-002) ( -4.4408211261339723E-024, -1.9723090844892456E-025) (  4.4408175196680133E-024,  1.9723089681720590E-025) (-0.70852970150935524     , -3.1963307532179151E-002)
   13.901109999999999        1.2500000000000000     
 (  1.0170040036040449     ,  3.1280161002609067E-002) (  1.0460744983742452     ,  3.3626793183430197E-002)
 ( 0.69199107265120230     ,  3.0291796748825633E-002) ( -4.4779376803057316E-024, -2.0111854256655974E-025) (  4.4779339709087713E-024,  2.0111853007785043E-025) (-0.71429701533469381     , -3.2589548602273068E-002)
   13.951105000000000        1.2500000000000000     
 (  1.0282103984642734     ,  3.1899193118905586E-002) (  1.0576179590225021     ,  3.4297490303681080E-002)
 ( 0.69755124174172778     ,  3.0877394403914321E-002) ( -4.5151315016748744E-024, -2.0506480977456243E-025) (  4.5151276643109146E-024,  2.0506479708241126E-025) (-0.72007289668060503     , -3.3225093840469767E-002)
   14.001100000000001        1.2500000000000000     
 (  1.0394995752770488     ,  3.2527750270584299E-002) (  1.0692469018340693     ,  3.4978648666815909E-002)
 ( 0.70311849199412102     ,  3.1471500986585542E-002) ( -4.5523995114931902E-024, -2.0907028479708633E-025) (  4.5523955761132780E-024,  2.0907027162783569E-025) (-0.72585680965629407     , -3.3870029546761764E-002)
   14.051095000000000        1.2500000000000000     
 (  1.0508719298734466     ,  3.3165928070307688E-002) (  1.0809616951174037     ,  3.5670374488404190E-002)
 ( 0.70869250150414076     ,  3.2074185138661712E-002) ( -4.5897399818393437E-024, -2.1313548980121602E-025) (  4.5897359111006833E-024,  2.1313547603942315E-025) (-0.73164842400700891     , -3.4524433344152505E-002)
   14.101089999999997        1.2500000000000000     
 (  1.0623276624752662     ,  3.3813828055343463E-002) (  1.0927627167844627     ,  3.6372788168568211E-002)
 ( 0.71427278648465042     ,  3.2685520692564161E-002) ( -4.6271509818850470E-024, -2.1726103040160212E-025) (  4.6271467935540165E-024,  2.1726101618620104E-025) (-0.73744740102848483     , -3.5188396434546687E-002)
   14.151084999999997        1.2500000000000000     
 (  1.0738670708231528     ,  3.4471549187321239E-002) (  1.1046501800099329     ,  3.7085999117515166E-002)
 ( 0.71985894576194376     ,  3.3305578345324438E-002) ( -4.6646296462350187E-024, -2.2144744293982696E-025) (  4.6646253197107469E-024,  2.2144742791907151E-025) (-0.74325321132427713     , -3.5861998286817319E-002)
   14.201079999999997        1.2500000000000000     
 (  1.0854905583676231     ,  3.5139190691260085E-002) (  1.1166244705828945     ,  3.7810119955837655E-002)
 ( 0.72545065060786817     ,  3.3934428456310999E-002) ( -4.7021741263948489E-024, -2.2569527840292909E-025) (  4.7021696547317026E-024,  2.2569526288794810E-025) (-0.74906551335942839     , -3.6545320873418823E-002)
   14.251074999999998        1.2500000000000000     
 (  1.0971983340689495     ,  3.5816854919765169E-002) (  1.1286858631020520     ,  3.8545263353039226E-002)
 ( 0.73104741702533227     ,  3.4572143775560574E-002) ( -4.7397820666311927E-024, -2.3000508850153149E-025) (  4.7397774571408047E-024,  2.3000507262969328E-025) (-0.75488389533648048     , -3.7238445776510094E-002)
   14.301069999999998        1.2500000000000000     
 (  1.1089907935458190     ,  3.6504641626965151E-002) (  1.1408346860866223     ,  3.9291547958844472E-002)
 ( 0.73664892341071575     ,  3.5218793902137148E-002) ( -4.7774507578686625E-024, -2.3437745537385342E-025) (  4.7774460409687405E-024,  2.3437743869154827E-025) (-0.76070789988494225     , -3.7941459557294041E-002)
   14.351064999999998        1.2500000000000000     
 (  1.1208681659100741     ,  3.7202653720474925E-002) (  1.1530712304274864     ,  4.0049087045542761E-002)
 ( 0.74225467080773444     ,  3.5874450842165742E-002) ( -4.8151782698533785E-024, -2.3881292651226376E-025) (  4.8151733823347362E-024,  2.3881290917326406E-025) (-0.76653710245919138     , -3.8654442852720960E-002)
   14.401059999999998        1.2500000000000000     
 (  1.1328307542456364     ,  3.7910991611878733E-002) (  1.1653958008074123     ,  4.0817991364831108E-002)
 ( 0.74786425467927786     ,  3.6539183468459295E-002) ( -4.8529618327144766E-024, -2.4331203085749912E-025) (  4.8529568127349506E-024,  2.4331201221525188E-025) (-0.77237106637726050     , -3.9377473131877359E-002)
   14.451054999999998        1.2500000000000000     
 (  1.1448788810698463     ,  3.8629755976390311E-002) (  1.1778087114192253     ,  4.1598385913758563E-002)
 ( 0.75347726230823719     ,  3.7213060195009903E-002) ( -4.8907992114496205E-024, -2.4787538105941822E-025) (  4.8907940414649070E-024,  2.4787536151818862E-025) (-0.77820935412546743     , -4.0110641195546727E-002)
   14.501049999999998        1.2500000000000000     
 (  1.1570128560390596     ,  3.9359047841368747E-002) (  1.1903103484848907     ,  4.2390376581910721E-002)
 ( 0.75909328851180313     ,  3.7896149130329966E-002) ( -4.9286884639689475E-024, -2.5250346814450212E-025) (  4.9286831375337721E-024,  2.5250344749869024E-025) (-0.78405162990795185     , -4.0854018018655076E-002)
   14.551044999999998        1.2500000000000000     
 (  1.1692330010902352     ,  4.0098974051978389E-002) (  1.2029009453924628     ,  4.3194088867513206E-002)
 ( 0.76471192004248112     ,  3.8588523479028115E-002) ( -4.9666266971572454E-024, -2.5719690169261830E-025) (  4.9666211933746172E-024,  2.5719688067564715E-025) (-0.78989735325674648     , -4.1607693502432791E-002)
   14.601039999999998        1.2500000000000000     
 (  1.1815395419436399     ,  4.0849636204622598E-002) (  1.2155808136372612     ,  4.4009634694858434E-002)
 ( 0.77033266414422141     ,  3.9290250511032902E-002) ( -5.0046113074633779E-024, -2.6195620533170110E-025) (  5.0046056381883397E-024,  2.6195618288547034E-025) (-0.79574609576779720     , -4.2371743235739272E-002)
   14.651034999999998        1.2500000000000000     
 (  1.1939328148370147     ,  4.1611136392601056E-002) (  1.2283502553935590     ,  4.4837132007413856E-002)
 ( 0.77595509451687950     ,  4.0001397048358540E-002) ( -5.0426402066167555E-024, -2.6678193311490640E-025) (  5.0426343856943171E-024,  2.6678190971068186E-025) (-0.80159742724126559     , -4.3146247898554348E-002)
   14.701029999999998        1.2500000000000000     
 (  1.2064131399724562     ,  4.2383576777230571E-002) (  1.2412097138512770     ,  4.5676698743126042E-002)
 ( 0.78157880579683892     ,  4.0722029527547492E-002) ( -5.0807111632788611E-024, -2.7167463808910484E-025) (  5.0807051695820962E-024,  2.7167461487056460E-025) (-0.80745096624286028     , -4.3931287610828269E-002)
   14.751024999999998        1.2500000000000000     
 (  1.2189808379830014     ,  4.3167062828067919E-002) (  1.2541593045977213     ,  4.6528456342761516E-002)
 ( 0.78720338943782453     ,  4.1452216760935426E-002) ( -5.1188207959906349E-024, -2.7663489175150716E-025) (  5.1188146156996047E-024,  2.7663486630936494E-025) (-0.81330612232700383     , -4.4726944870850507E-002)
   14.801019999999998        1.2500000000000000     
 (  1.2316361626850783     ,  4.3961697583643315E-002) (  1.2671995293667220     ,  4.7392520758340911E-002)
 ( 0.79282833313485790     ,  4.2192024283516497E-002) ( -5.1569677513373659E-024, -2.8166322457093477E-025) (  5.1569614037650033E-024,  2.8166319805612153E-025) (-0.81916263252224475     , -4.5533296026252432E-002)
   14.851014999999999        1.2500000000000000     
 (  1.2443793475576106     ,  4.4767584268108992E-002) (  1.2803304591911258     ,  4.8269005585437758E-002)
 ( 0.79845314136540679     ,  4.2941517250047793E-002) ( -5.1951481192653582E-024, -2.8676015281943213E-025) (  5.1951415441581193E-024,  2.8676012526894850E-025) (-0.82501977717947161     , -4.6350414264638859E-002)
   14.901009999999998        1.2500000000000000     
 (  1.2572108172461018     ,  4.5584832139451921E-002) (  1.2935526849747596     ,  4.9158038693585676E-002)
 ( 0.80407748753248343     ,  4.3700765938951898E-002) ( -5.2333607399221829E-024, -2.9192627340109317E-025) (  5.2333539729753379E-024,  2.9192624520438725E-025) (-0.83087738679215017     , -4.7178385981369586E-002)
   14.951004999999999        1.2500000000000000     
 (  1.2701309089055515     ,  4.6413539807606902E-002) (  1.3068662683962045     ,  5.0059742593640426E-002)
 ( 0.80970095412075482     ,  4.4469828946192926E-002) ( -5.2716018559821951E-024, -2.9716215010070575E-025) (  5.2715949261211899E-024,  2.9716212017352310E-025) (-0.83673475505637795     , -4.8017291763170225E-002)
   15.000999999999998        1.2500000000000000     
 (  1.2831397104658673     ,  4.7253817169775308E-002) (  1.3202716469714779     ,  5.0974223653808375E-002)
 ( 0.81532284494202178     ,  4.5248775686644586E-002) ( -5.3098694770602687E-024, -3.0246823993963609E-025) (  5.3098623497704419E-024,  3.0246820944245183E-025) (-0.84259151130985144     , -4.8867194722868781E-002)
   15.050994999999999        1.2500000000000000     
 (  1.2962377122303330     ,  4.8105763480320952E-002) (  1.3337691178035964     ,  5.1901616307229795E-002)
 ( 0.82094294751135366     ,  4.6037663884611876E-002) ( -5.3481612085598983E-024, -3.0784517200848880E-025) (  5.3481538767503460E-024,  3.0784513950966334E-025) (-0.84844725222878159     , -4.9728185366744615E-002)
   15.100989999999998        1.2500000000000000     
 (  1.3094251009101208     ,  4.8969495080008349E-002) (  1.3473589726449011     ,  5.2842033301599048E-002)
 ( 0.82656064581748534     ,  4.6836567597876667E-002) ( -5.3864739244957326E-024, -3.1329343300278317E-025) (  5.3864663912560537E-024,  3.1329339983611097E-025) (-0.85430140250448827     , -5.0600331428146121E-002)
   15.150984999999999        1.2500000000000000     
 (  1.3227023039350287     ,  4.9845106487155136E-002) (  1.3610415310999866     ,  5.3795598544828148E-002)
 ( 0.83217562034817083     ,  4.7645537956066013E-002) ( -5.4248052866940155E-024, -3.1881358083527102E-025) (  5.4247975260816125E-024,  3.1881354556428440E-025) (-0.86015353744758138     , -5.1483711263468963E-002)
   15.200979999999998        1.2500000000000000     
 (  1.3360694873517853     ,  5.0732709112495000E-002) (  1.3748171430253679     ,  5.4762436671285823E-002)
 ( 0.83778727547453613     ,  4.8464642490695015E-002) ( -5.4631526655376460E-024, -3.2440616738775553E-025) (  5.4631446696136010E-024,  3.2440613133541152E-025) (-0.86600320339939740     , -5.2378402636865995E-002)
   15.250974999999999        1.2500000000000000     
 (  1.3495269232561704     ,  5.1632409481541165E-002) (  1.3886859762794306     ,  5.5742661442847702E-002)
 ( 0.84339509586562744     ,  4.9293942520335352E-002) ( -5.5015127857811328E-024, -3.3007167815636295E-025) (  5.5015045645273265E-024,  3.3007163990670996E-025) (-0.87184977991498236     , -5.3284471439997726E-002)
   15.300969999999998        1.2500000000000000     
 (  1.3630750411235446     ,  5.2544314366489729E-002) (  1.4026485491823495     ,  5.6736403699124895E-002)
 ( 0.84899876048955836     ,  5.0133499045903814E-002) ( -5.5398841744838611E-024, -3.3581069606008134E-025) (  5.5398757385701338E-024,  3.3581065673506642E-025) (-0.87769300475143097     , -5.4202000078126235E-002)
   15.350964999999999        1.2500000000000000     
 (  1.3767141299260284     ,  5.3468531040868100E-002) (  1.4167049391129545     ,  5.7743778155054395E-002)
 ( 0.85459773773607017     ,  5.0983372416283909E-002) ( -5.5782626945368926E-024, -3.4162370222203836E-025) (  5.5782540039028678E-024,  3.4162366092638384E-025) (-0.88353217107220972     , -5.5131053415013218E-002)
   15.400959999999998        1.2500000000000000     
 (  1.3904444201686097     ,  5.4405161665978516E-002) (  1.4308556198154174     ,  5.8764916508970276E-002)
 ( 0.86019155586610319     ,  5.1843616910871165E-002) ( -5.6166463272658511E-024, -3.4751127785733383E-025) (  5.6166373872624966E-024,  3.4751123415125711E-025) (-0.88936688757039384     , -5.6071712283867738E-002)
   15.450954999999999        1.2500000000000000     
 (  1.4042661177451967     ,  5.5354314275878634E-002) (  1.4451007287220461     ,  5.9799934193025074E-002)
 ( 0.86577959280828420     ,  5.2714291977900618E-002) ( -5.6550318273176406E-024, -3.5347389878190477E-025) (  5.6550226386519303E-024,  3.5347385331544284E-025) (-0.89519656715212970     , -5.7024040806753259E-002)
   15.500949999999998        1.2500000000000000     
 (  1.4181797629309107     ,  5.6316102909532588E-002) (  1.4594408194796549     ,  6.0848958301506523E-002)
 ( 0.87136160170773380     ,  5.3595462017505965E-002) ( -5.6934175243428896E-024, -3.5951210736170392E-025) (  5.6934080673809998E-024,  3.5951206174357709E-025) (-0.90102092516476651     , -5.7988112988223400E-002)
   15.550944999999999        1.2500000000000000     
 (  1.4321854451299307     ,  5.7290625625813905E-002) (  1.4738759852658943     ,  6.1912116346324340E-002)
 ( 0.87693690369748623     ,  5.4487174174383493E-002) ( -5.7317995754417496E-024, -3.6562644641350505E-025) (  5.7317898634841829E-024,  3.6562639887525614E-025) (-0.90683924563035656     , -5.8964002678643573E-002)
   15.600939999999998        1.2500000000000000     
 (  1.4462867666527515     ,  5.8278018531811589E-002) (  1.4884071108038504     ,  6.2989519022861679E-002)
 ( 0.88250186247137585     ,  5.5389481765144466E-002) ( -5.7700917604428341E-024, -3.7181695415865639E-025) (  5.7700916632042238E-024,  3.7181693079332763E-025) (-0.91265051994727531     , -5.9951760100968789E-002)
   15.650934999999999        1.2500000000000000     
 (  1.4604776305908063     ,  5.9278344539219201E-002) (  1.5030335214337776     ,  6.4081306892561266E-002)
 ( 0.88806229720580732     ,  5.6302455809437428E-002) ( -5.8084567932333231E-024, -3.7808501357639959E-025) (  5.8084566969485713E-024,  3.7808499041016895E-025) (-0.91845541065434044     , -6.0951480660458433E-002)
   15.700930000000000        1.2500000000000000     
 (  1.4747615434950478     ,  6.0291734428023040E-002) (  1.5177560147308358     ,  6.5187597370766889E-002)
 ( 0.89361467247213267     ,  5.7226143540012854E-002) ( -5.8468100599252548E-024, -3.8443071315255652E-025) (  5.8468099821416835E-024,  3.8443068812384076E-025) (-0.92425282399057040     , -6.1963219362219352E-002)
   15.750924999999999        1.2500000000000000     
 (  1.4891387166313845     ,  6.1318299140420134E-002) (  1.5325748624438793     ,  6.6308514325126675E-002)
 ( 0.89915836758219958     ,  5.8160601162267796E-002) ( -5.8851485345404648E-024, -3.9085455031234600E-025) (  5.8851484558157237E-024,  3.9085452545037700E-025) (-0.93004223115844464     , -6.2987042073419860E-002)
   15.800920000000000        1.2500000000000000     
 (  1.5036095065672408     ,  6.2358139018539684E-002) (  1.5474903464417931     ,  6.7444182028576966E-002)
 ( 0.90469298281737642     ,  5.9105873114471796E-002) ( -5.9234692625665807E-024, -3.9735702450079895E-025) (  5.9234691705608906E-024,  3.9735699873780150E-025) (-0.93582309164115707     , -6.4023013498626616E-002)
   15.850914999999999        1.2500000000000000     
 (  1.5181741314333774     ,  6.3411371616556578E-002) (  1.5625028524587423     ,  6.8594731050678259E-002)
 ( 0.91021789339341064     ,  6.0062019719335377E-002) ( -5.9617697135449790E-024, -4.0393866520624591E-025) (  5.9617696397012659E-024,  4.0393863852285228E-025) (-0.94159495109330760     , -6.5071203617206669E-002)
   15.900910000000000        1.2500000000000000     
 (  1.5328329548065895     ,  6.4478098128756933E-002) (  1.5776126520642193     ,  6.9760286713524314E-002)
 ( 0.91573269176812000     ,  6.1029084345460109E-002) ( -6.0000469532638380E-024, -4.1059996523938766E-025) (  6.0000468745069655E-024,  4.1059993761661420E-025) (-0.94735727764400834     , -6.6131676241683368E-002)
   15.950904999999999        1.2500000000000000     
 (  1.5475862676292960     ,  6.5558431483469404E-002) (  1.5928199531967850     ,  7.0940969302427881E-002)
 ( 0.92123686705783103     ,  6.2007120860025147E-002) ( -6.0382974751325326E-024, -4.1734138392374652E-025) (  6.0382973851641821E-024,  4.1734135430082502E-025) (-0.95310943562300221     , -6.7204488930910342E-002)
   16.000900000000001        1.2500000000000000     
 (  1.5624342939013285     ,  6.6652479776963550E-002) (  1.6081252444799994     ,  7.2136911038621798E-002)
 ( 0.92672979776822251     ,  6.2996176706891921E-002) ( -6.0765191026190741E-024, -4.2416344249416915E-025) (  6.0765190143117111E-024,  4.2416341185202132E-025) (-0.95885105544548510     , -6.8289709450655350E-002)
   16.050895000000001        1.2500000000000000     
 (  1.5773774886103100     ,  6.7760351449104694E-002) (  1.6235286117642944     ,  7.3348233418627187E-002)
 ( 0.93221116741352472     ,  6.3996298999162426E-002) ( -6.1147080282794971E-024, -4.3106659686322049E-025) (  6.1147079363166971E-024,  4.3106656517893924E-025) (-0.96458144280221370     , -6.9387394116564374E-002)
   16.100890000000000        1.2500000000000000     
 (  1.5924159886806684     ,  6.8882155477532653E-002) (  1.6390305542874275     ,  7.4575063584706849E-002)
 ( 0.93768027090298400     ,  6.5007533921276894E-002) ( -6.1528620673852437E-024, -4.3805133186398257E-025) (  6.1528619761574825E-024,  4.3805130012625177E-025) (-0.97030021383176579     , -7.0497603699918310E-002)
   16.150885000000002        1.2500000000000000     
 (  1.6075500810058676     ,  7.0018001516968270E-002) (  1.6546312617590579     ,  7.5817530438155090E-002)
 ( 0.94313660870414928     ,  6.6029927483638493E-002) ( -6.1909780210921126E-024, -4.4511813240899140E-025) (  6.1909779527035961E-024,  4.4511809715135370E-025) (-0.97600675602984732     , -7.1620398861883816E-002)
   16.200880000000002        1.2500000000000000     
 (  1.6227801791193495     ,  7.1168005232370074E-002) (  1.6703310357331658     ,  7.7075762208871038E-002)
 ( 0.94857973070685764     ,  6.7063530242531977E-002) ( -6.2290527388301610E-024, -4.5226747817303976E-025) (  6.2290526672318940E-024,  4.5226744417367335E-025) (-0.98170053260054901     , -7.2755839059773592E-002)
   16.250875000000001        1.2500000000000000     
 (  1.6381064799387333     ,  7.2332266174666315E-002) (  1.6861302097885786     ,  7.8349888162047993E-002)
 ( 0.95400905856674845     ,  6.8108375639851559E-002) ( -6.2670829453296928E-024, -4.5949985076468085E-025) (  6.2670828796246764E-024,  4.5949981456663261E-025) (-0.98738097964153038     , -7.3903983117384914E-002)
   16.300870000000000        1.2500000000000000     
 (  1.6535293761238827     ,  7.3510906918716215E-002) (  1.7020291654936073     ,  7.9640027531706806E-002)
 ( 0.95942416582826229     ,  6.9164518544925127E-002) ( -6.3050663294473924E-024, -4.6681565863179806E-025) (  6.3050662632981530E-024,  4.6681562120227237E-025) (-0.99304765578161258     , -7.5064878166598098E-002)
   16.350865000000002        1.2500000000000000     
 (  1.6690491183390850     ,  7.4704022593004363E-002) (  1.7180280903029688     ,  8.0946310878607680E-002)
 ( 0.96482442469725160     ,  7.0231985420760687E-002) ( -6.3429994208224284E-024, -4.7421537681780929E-025) (  6.3429993450225347E-024,  4.7421533918249329E-025) (-0.99869995488577357     , -7.6238581930293009E-002)
   16.400860000000002        1.2500000000000000     
 (  1.6846658986124812     ,  7.5911731330306972E-002) (  1.7341272460805748     ,  8.2268874558514046E-002)
 ( 0.97020925910986244     ,  7.1310824421778038E-002) ( -6.3808787258174814E-024, -4.8169951492939694E-025) (  6.3808786512532607E-024,  4.8169947495435082E-025) ( -1.0043372276184495     , -7.7425156148581392E-002)
   16.450855000000001        1.2500000000000000     
 (  1.7003801327242640     ,  7.7134140701582130E-002) (  1.7503270258716785     ,  8.3607834104998779E-002)
 ( 0.97557823265065047     ,  7.2401071822426361E-002) ( -6.4187016711901808E-024, -4.8926844022598325E-025) (  6.4187015974321817E-024,  4.8926839993228587E-025) ( -1.0099590153838214     , -7.8624640658915973E-002)
   16.500850000000000        1.2500000000000000     
 (  1.7161920520334424     ,  7.8371364535136379E-002) (  1.7666277513969304     ,  8.4963321613800089E-002)
 ( 0.98093073925721908     ,  7.3502768766971316E-002) ( -6.4564650842825704E-024, -4.9692262328651788E-025) (  6.4564650322289343E-024,  4.9692258061329492E-025) ( -1.0155647802979615     , -7.9837090289312643E-002)
   16.550845000000002        1.2500000000000000     
 (  1.7321020649395293     ,  7.9623511529887780E-002) (  1.7830296341425051     ,  8.6335476311474771E-002)
 ( 0.98626634937081437     ,  7.4615950110633350E-002) ( -6.4941658318452253E-024, -5.0466256167028583E-025) (  6.4941657633212177E-024,  5.0466251757901325E-025) ( -1.0211539126841511     , -8.1062565568567307E-002)
   16.600840000000002        1.2500000000000000     
 (  1.7481103097045136     ,  8.0890691282905006E-002) (  1.7995330991691572     ,  8.7724409304522757E-002)
 ( 0.99158437860213100     ,  7.5740650079182806E-002) ( -6.5318010407232649E-024, -5.1248858899049494E-025) (  6.5318009806253896E-024,  5.1248854345999447E-025) ( -1.0267259421205841     , -8.2301097424528513E-002)
   16.650835000000001        1.2500000000000000     
 (  1.7642170914875048     ,  8.2173013857015711E-002) (  1.8161382935207064     ,  8.9130260988983759E-002)
 ( 0.99688432736422472     ,  7.6876902038934575E-002) ( -6.5693670387081047E-024, -5.2040119793201737E-025) (  6.5693669807387309E-024,  5.2040115091675585E-025) ( -1.0322801494240659     , -8.3552744707163687E-002)
   16.700830000000000        1.2500000000000000     
 (  1.7804228471683341     ,  8.3470590074162632E-002) (  1.8328456244713272     ,  9.0553161060532697E-002)
 (  1.0021657480018262     ,  7.8024739026329448E-002) ( -6.6068607391535698E-024, -5.2840081709520108E-025) (  6.6068606827254387E-024,  5.2840076850280396E-025) ( -1.0378160995730636     , -8.4817553998902756E-002)
   16.750825000000003        1.2500000000000000     
 (  1.7967277412319966     ,  8.4783531598048509E-002) (  1.8496553285392741     ,  9.1993228167242341E-002)
 (  1.0074279333487446     ,  7.9184192932982400E-002) ( -6.6442792821645720E-024, -5.3648780328099221E-025) (  6.6442792315625788E-024,  5.3648775311102758E-025) ( -1.0433331563984118     , -8.6095559701823296E-002)
   16.800820000000002        1.2500000000000000     
 (  1.8131320685977683     ,  8.6111950403137044E-002) (  1.8665677282774780     ,  9.3450605455593347E-002)
 (  1.0126704038080694     ,  8.0355295033153515E-002) ( -6.6816192722829819E-024, -5.4466264438404453E-025) (  6.6816192028232147E-024,  5.4466259361666391E-025) ( -1.0488307922930959     , -8.7386818307564965E-002)
   16.850815000000001        1.2500000000000000     
 (  1.8296361664460614     ,  8.7455948376681317E-002) (  1.8835831923412272     ,  9.4925401905414972E-002)
 (  1.0178926413266445     ,  8.1538064656952472E-002) ( -6.7188779452330535E-024, -5.5292562629790930E-025) (  6.7188778872960976E-024,  5.5292557379615896E-025) ( -1.0543084303515367     , -8.8691351275804464E-002)
   16.900810000000000        1.2500000000000000     
 (  1.8462403940543339     ,  8.8815650005839381E-002) (  1.9007018263506223     ,  9.6417766706746677E-002)
 (  1.0230941043415607     ,  8.2732542988510419E-002) ( -6.7560511140038319E-024, -5.6127726630533257E-025) (  6.7560510636070302E-024,  5.6127721208912087E-025) ( -1.0597654079921204     , -9.0009218795782123E-002)
   16.950805000000003        1.2500000000000000     
 (  1.8629448948385516     ,  9.0191158802953031E-002) (  1.9179241782511476     ,  9.7927822419273669E-002)
 (  1.0282741175652397     ,  8.3938747777230066E-002) ( -6.7931367714535142E-024, -5.6971791508391937E-025) (  6.7931367200611862E-024,  5.6971785909347894E-025) ( -1.0652013356203929     , -9.1340452720444693E-002)
   17.000800000000002        1.2500000000000000     
 (  1.8797500883012672     ,  9.1582583885463656E-002) (  1.9352504390306213     ,  9.9455702892933068E-002)
 (  1.0334322595132384     ,  8.5156701969324969E-002) ( -6.8301309307627660E-024, -5.7824798304383567E-025) (  6.8301309194481201E-024,  5.7824792516751798E-025) ( -1.0706154588198895     , -9.2685093935942806E-002)
   17.050795000000001        1.2500000000000000     
 (  1.8966561470848082     ,  9.2990035595574741E-002) (  1.9526808773437305     , 0.10100153208825102     )
 (  1.0385678325714618     ,  8.6386427317570888E-002) ( -6.8670307573608714E-024, -5.8686781489029553E-025) (  6.8670307517574500E-024,  5.8686775313361551E-025) ( -1.0760073165137114     , -9.4043172861891108E-002)
   17.100790000000003        1.2500000000000000     
 (  1.9136634831575519     ,  9.4413630501214416E-002) (  1.9702157060332997     , 0.10256544571136174     )
 (  1.0436804298655575     ,  8.7627950470674856E-002) ( -6.9038317174410232E-024, -5.9557781495327595E-025) (  6.9038317128785799E-024,  5.9557775331060098E-025) ( -1.0813761473605339     , -9.5414729270901111E-002)
   17.150785000000003        1.2500000000000000     
 (  1.9307723081260997     ,  9.5853480179021039E-002) (  1.9878554643135113     , 0.10414755775680799     )
 (  1.0487693111673164     ,  8.8881291833935797E-002) ( -6.9405326323613873E-024, -6.0437825898106211E-025) (  6.9405326377767649E-024,  6.0437819330313332E-025) ( -1.0867215832025934     , -9.6799779656203067E-002)
   17.200779999999998        1.2500000000000000     
 (  1.9479829159359687     ,  9.7309686313642410E-002) (  2.0056002740473864     , 0.10574801701810059     )
 (  1.0538340255618193     ,  9.0146459825919553E-002) ( -6.9771288734617537E-024, -6.1326961606647989E-025) (  6.9771288948057527E-024,  6.1326954830730952E-025) ( -1.0920429425840648     , -9.8198373852312199E-002)
   17.250774999999997        1.2500000000000000     
 (  1.9652956932893286     ,  9.8782367414460781E-002) (  2.0234503641976209     , 0.10736695019128252     )
 (  1.0588740155446723     ,  9.1423478749645751E-002) ( -7.0136164124877261E-024, -6.2225221738743316E-025) (  7.0136164030055054E-024,  6.2225214751540141E-025) ( -1.0973394740648870     , -9.9610537595236512E-002)
   17.300770000000000        1.2500000000000000     
 (  1.9827109674155319     , 0.10027164340378150     ) (  2.0414062270285780     , 0.10900448545145859     )
 (  1.0638887892373345     ,  9.2712371847120945E-002) ( -7.0499936052543220E-024, -6.3132639811487025E-025) (  7.0499936029567213E-024,  6.3132632605825407E-025) ( -1.1026108524469806     ,-0.10103629670050218     )
   17.350764999999999        1.2500000000000000     
 (  2.0002287378296248     , 0.10177760122092029     ) (  2.0594680627578827     , 0.11066075139263963     )
 (  1.0688774832763610     ,  9.4013128870154006E-002) ( -7.0862563006144859E-024, -6.4049248455117820E-025) (  7.0862563375483656E-024,  6.4049241022729102E-025) ( -1.1078563416176690     ,-0.10247567543345559     )
   17.400759999999998        1.2500000000000000     
 (  2.0178495609084846     , 0.10330037304897940     ) (  2.0776362058456823     , 0.11233587781985747     )
 (  1.0738397394352772     ,  9.5325782260027525E-002) ( -7.1224016394437006E-024, -6.4975080501582965E-025) (  7.1224016781172150E-024,  6.4975073046862866E-025) ( -1.1130754229251443     ,-0.10392869738144155     )
   17.450755000000001        1.2500000000000000     
 (  2.0355735789123699     , 0.10484007030210345     ) (  2.0959108637860009     , 0.11402999515308893     )
 (  1.0787749041582277     ,  9.6650342115158563E-002) ( -7.1584255341266232E-024, -6.5910168193437036E-025) (  7.1584255473426357E-024,  6.5910160301616416E-025) ( -1.1182673678865298     ,-0.10539538496360897     )
   17.500750000000000        1.2500000000000000     
 (  2.0534013690303441     , 0.10639678213597344     ) (  2.1142925972309468     , 0.11574323486788962     )
 (  1.0836826014029521     ,  9.7986794763531157E-002) ( -7.1943259115777514E-024, -6.6854543881119841E-025) (  7.1943259389372120E-024,  6.6854535602183832E-025) ( -1.1234318028384840     ,-0.10687575992831175     )
   17.550744999999999        1.2500000000000000     
 (  2.0713329028653313     , 0.10797064378755827     ) (  2.1327813654732606     , 0.11747574053312751     )
 (  1.0885620001133010     ,  9.9335170644145557E-002) ( -7.2300976040483171E-024, -6.7808245947935422E-025) (  7.2300976492715714E-024,  6.7808237558875714E-025) ( -1.1285678786959830     ,-0.10836985404561136     )
   17.600739999999998        1.2500000000000000     
 (  2.0893685684026253     , 0.10956175731035685     ) (  2.1513775624403912     , 0.11922762296955611     )
 (  1.0934125733888911     , 0.10069546611974145     ) ( -7.2657382097545505E-024, -6.8771292812906029E-025) (  7.2657382699387401E-024,  6.8771284032199805E-025) ( -1.1336750462721268     ,-0.10987766503769493     )
   17.650735000000001        1.2500000000000000     
 (  2.1075087044969014     , 0.11117023762411883     ) (  2.1700815730390866     , 0.12099901711380084     )
 (  1.0982338191554870     , 0.10206768692295010     ) ( -7.3012440482205167E-024, -6.9743715558201390E-025) (  7.3012441142636347E-024,  6.9743706654077692E-025) ( -1.1387527575568581     ,-0.11139921116358097     )
   17.700730000000000        1.2500000000000000     
 (  2.1257535328944894     , 0.11279618845992057     ) (  2.1888935396103619     , 0.12279006831059142     )
 (  1.1030250366345262     , 0.10345182779031091     ) ( -7.3366118889186809E-024, -7.0725552642318121E-025) (  7.3366119607000260E-024,  7.0725543462235304E-025) ( -1.1438003462524553     ,-0.11293452225111861     )
   17.750724999999999        1.2500000000000000     
 (  2.1441033832574670     , 0.11443972633979596     ) (  2.2078140937979991     , 0.12460089097468673     )
 (  1.1077857525522632     , 0.10484789292208775     ) ( -7.3718390271299980E-024, -7.1716820929753112E-025) (  7.3718391077857788E-024,  7.1716811671412392E-025) ( -1.1488173857289607     ,-0.11448359227491933     )
   17.800719999999998        1.2500000000000000     
 (  2.1625586601031639     , 0.11610095742618419     ) (  2.2268431876117094     , 0.12643162231077965     )
 (  1.1125154183400232     , 0.10625587453095585     ) ( -7.4069209893135854E-024, -7.2717551652523060E-025) (  7.4069210628496423E-024,  7.2717541907985653E-025) ( -1.1538030557758454     ,-0.11604643718623511     )
   17.850715000000001        1.2500000000000000     
 (  2.1811195430506283     , 0.11778001033575008     ) (  2.2459812124055691     , 0.12828240070480973     )
 (  1.1172133671859006     , 0.10767578683621833     ) ( -7.4418547434759526E-024, -7.3727774602656589E-025) (  7.4418548822621111E-024,  7.3727764554577127E-025) ( -1.1587568166126399     ,-0.11762307183849127     )
   17.900710000000000        1.2500000000000000     
 (  2.1997862498735881     , 0.11947697084049386     ) (  2.2652284080515885     , 0.13015334358465366     )
 (  1.1218789009233678     , 0.10910759774981621     ) ( -7.4766363078257912E-024, -7.4747506797958986E-025) (  7.4766364279005276E-024,  7.4747496451038150E-025) ( -1.1636779295684130     ,-0.11921348823014445     )
   17.950704999999999        1.2500000000000000     
 (  2.2185591200951058     , 0.12119197053935309     ) (  2.2845853231590803     , 0.13204458981044015     )
 (  1.1265115473562128     , 0.11055131906827655     ) ( -7.5112634625744199E-024, -7.5776778127656765E-025) (  7.5112636009570547E-024,  7.5776767474816840E-025) ( -1.1685660556146660     ,-0.12081769862134267     )
   18.000699999999998        1.2500000000000000     
 (  2.2374385966681682     , 0.12292510775553701     ) (  2.3040519920952818     , 0.13395628178042115     )
 (  1.1311107324675684     , 0.11200692827357617     ) ( -7.5457311610629904E-024, -7.6815618172640636E-025) (  7.5457313085770004E-024,  7.6815607202613956E-025) ( -1.1734202968433562     ,-0.12243571535299945     )
   18.050695000000001        1.2500000000000000     
 (  2.2564249775165908     , 0.12467650419818299     ) (  2.3236289632306968     , 0.13588852809320401     )
 (  1.1356760379563891     , 0.11347442442321333     ) ( -7.5800382682921415E-024, -7.7864035861049747E-025) (  7.5800384267542049E-024,  7.7864024563904580E-025) ( -1.1782403437717712     ,-0.12406751525971836     )
   18.100690000000000        1.2500000000000000     
 (  2.2755181825065214     , 0.12644626082385885     ) (  2.3433160840198770     , 0.13784148341970309     )
 (  1.1402063580914910     , 0.11495378276464624     ) ( -7.6141777847433705E-024, -7.8922067847788001E-025) (  7.6141779640763699E-024,  7.8922056210608934E-025) ( -1.1830251194093475     ,-0.12571311978156999     )
   18.150684999999999        1.2500000000000000     
 (  2.2947189019035341     , 0.12823450114558774     ) (  2.3631141433096650     , 0.13981525921990368     )
 (  1.1447015943452121     , 0.11644500030167988     ) ( -7.6481495542284107E-024, -7.9989721775910779E-025) (  7.6481497545148291E-024,  7.9989709801321477E-025) ( -1.1877744294211159     ,-0.12737250359648092     )
   18.200679999999998        1.2500000000000000     
 (  2.3140273695341782     , 0.13004132857756276     ) (  2.3830233201665667     , 0.14181000140721919     )
 (  1.1491610357945161     , 0.11794805006084050     ) ( -7.6819495791754653E-024, -8.1067026860621074E-025) (  7.6819497920432893E-024,  8.1067014536849614E-025) ( -1.1924876105052478     ,-0.12904567475669229     )
   18.250675000000001        1.2500000000000000     
 (  2.3334438153330730     , 0.13186685690255362     ) (  2.4030436782172191     , 0.14382582246511519     )
 (  1.1535839894906723     , 0.11946291647446400     ) ( -7.7155723821364611E-024, -8.2153990639027713E-025) (  7.7155726089510437E-024,  8.2153977948840420E-025) ( -1.1971637583740484     ,-0.13073260620411936     )
   18.300670000000000        1.2500000000000000     
 (  2.3529684317878319     , 0.13371120311517892     ) (  2.4231756324634293     , 0.14586288259773791     )
 (  1.1579698008161978     , 0.12098958112692944     ) ( -7.7490152802692346E-024, -8.3250648763743279E-025) (  7.7490155281868384E-024,  8.3250635694882768E-025) ( -1.2018023414462704     ,-0.13243331474680684     )
   18.350664999999999        1.2500000000000000     
 (  2.3726016005171240     , 0.13557446092450176     ) (  2.4434197130921054     , 0.14792129652319219     )
 (  1.1623179725311517     , 0.12252800433502577     ) ( -7.7822768038173670E-024, -8.4357008043548363E-025) (  7.7822770811982355E-024,  8.4356994115268522E-025) ( -1.2064030499997109     ,-0.13414777064985986     )
   18.400659999999998        1.2500000000000000     
 (  2.3923437437251711     , 0.13745675990849721     ) (  2.4637758240234997     , 0.15000119312955815     )
 (  1.1666279814548548     , 0.12407817691693256     ) ( -7.8153505626840462E-024, -8.5473082677302144E-025) (  7.8153508141832975E-024,  8.5473068837715685E-025) ( -1.2109648191537501     ,-0.13587595596434671     )
   18.450655000000001        1.2500000000000000     
 (  2.4121948647581424     , 0.13935820821035461     ) (  2.4842445671162974     , 0.15210271199879047     )
 (  1.1708990060457525     , 0.12564006786293280     ) ( -7.8482345716217334E-024, -8.6598893538401845E-025) (  7.8482348953733107E-024,  8.6598879085869965E-025) ( -1.2154872697810850     ,-0.13761786040305657     )
   18.500650000000000        1.2500000000000000     
 (  2.4321555776475932     , 0.14127891483756258     ) (  2.5048261378841685     , 0.15422598454896949     )
 (  1.1751306994253259     , 0.12721364372618224     ) ( -7.8809251318255276E-024, -8.7734453720882070E-025) (  7.8809254574270302E-024,  8.7734439265399038E-025) ( -1.2199697559368532     ,-0.13937346354707264     )
   18.550644999999999        1.2500000000000000     
 (  2.4522259205248189     , 0.14321898926979112     ) (  2.5255208036278374     , 0.15637113096253100     )
 (  1.1793222074106848     , 0.12879887161261269     ) ( -7.9134182996671908E-024, -8.8879769918774993E-025) (  7.9134186523469788E-024,  8.8879755043482723E-025) ( -1.2244115275279577     ,-0.14114273169424318     )
   18.600639999999999        1.2500000000000000     
 (  2.4724064590809918     , 0.14517854329018534     ) (  2.5463287666469658     , 0.15853829545947909     )
 (  1.1834732248018323     , 0.13039571571290490     ) ( -7.9457100771497985E-024, -9.0034861830654252E-025) (  7.9457104526301934E-024,  9.0034846114956768E-025) ( -1.2288119451035766     ,-0.14292565223878681     )
   18.650635000000001        1.2500000000000000     
 (  2.4926972735360380     , 0.14715768984980601     ) (  2.5672506554865513     , 0.16072761187301909     )
 (  1.1875828721796167     , 0.13200414039484332     ) ( -7.9777987137622151E-024, -9.1199742517446376E-025) (  7.9777991203412020E-024,  9.1199726355635195E-025) ( -1.2331706201218313     ,-0.14472220018185988     )
   18.700630000000000        1.2500000000000000     
 (  2.5130985413205340     , 0.14915654178975291     ) (  2.5882865016161647     , 0.16293921518638635     )
 (  1.1916505361252430     , 0.13362410889942611     ) ( -8.0096795937774556E-024, -9.2374423357757769E-025) (  8.0096799845278366E-024,  9.2374406744089516E-025) ( -1.2374867286620195     ,-0.14653234988758290     )
   18.750624999999999        1.2500000000000000     
 (  2.5336110507776985     , 0.15117520309127225     ) (  2.6094365322179125     , 0.16517322218665464     )
 (  1.1956760398115023     , 0.13525557114132819     ) ( -8.0413481160013541E-024, -9.3558904101860531E-025) (  8.0413485628041164E-024,  9.3558887018384105E-025) ( -1.2417595847619587     ,-0.14835605198836346     )
   18.800620000000002        1.2500000000000000     
 (  2.5542345138549858     , 0.15321380043099661     ) (  2.6307012313622131     , 0.16742976815374630     )
 (  1.1996581778837088     , 0.13689849948276364     ) ( -8.0728019540769449E-024, -9.4753195844665460E-025) (  8.0728024288056679E-024,  9.4753178290142218E-025) ( -1.2459886109101794     ,-0.15019327870702689     )
   18.850615000000001        1.2500000000000000     
 (  2.5749697004243943     , 0.15527244016891381     ) (  2.6520809636756000     , 0.16970899503849496     )
 (  1.2035968054589612     , 0.13855284157185702     ) ( -8.1040382891870451E-024, -9.5957310419467830E-025) (  8.1040387644286995E-024,  9.5957292369948803E-025) ( -1.2501733605222833     ,-0.15204399887305525     )
   18.900610000000000        1.2500000000000000     
 (  2.5958166292861033     , 0.15735122986817587     ) (  2.6735758129472433     , 0.17201102998271844     )
 (  1.2074911136824531     , 0.14021854521086605     ) ( -8.1350518707296790E-024, -9.7171252668021279E-025) (  8.1350524170643207E-024,  9.7171234112713390E-025) ( -1.2543129616110289     ,-0.15390817275545596     )
   18.950604999999999        1.2500000000000000     
 (  2.6167755753370976     , 0.15945027680632182     ) (  2.6951860608792217     , 0.17433600586760467     )
 (  1.2113404103192560     , 0.14189555658023809     ) ( -8.1658387002374979E-024, -9.8395026432335805E-025) (  8.1658392308397949E-024,  9.8395007360646270E-025) ( -1.2584066782108918     ,-0.15578575585054263     )
   19.000600000000002        1.2500000000000000     
 (  2.6378471385313356     , 0.16156970292187806     ) (  2.7169122872194622     , 0.17668405438418150     )
 (  1.2151443720774360     , 0.14358383110042910     ) ( -8.1963977468140975E-024, -9.9628635877714663E-025) (  8.1963983493277506E-024,  9.9628616271571082E-025) ( -1.2624542365940277     ,-0.15767670397575859     )
   19.050595000000001        1.2500000000000000     
 (  2.6590313593903030     , 0.16370961874746165     ) (  2.7387545923535521     , 0.17905529869102438     )
 (  1.2189021831931530     , 0.14528331279158477     ) ( -8.2267234742892023E-024, -1.0087207817758605E-024) (  8.2267240726632199E-024,  1.0087205803600496E-024) ( -1.2664547370801231     ,-0.15958096138114708     )
   19.100590000000000        1.2500000000000000     
 (  2.6803284766330049     , 0.16587012530727613     ) (  2.7607132304399289     , 0.18144989566558578     )
 (  1.2226131804208373     , 0.14699393269608935     ) ( -8.2568123372541230E-024, -1.0212536972001014E-024) (  8.2568129643770855E-024,  1.0212534902527613E-024) ( -1.2704074911410743     ,-0.16149850203857932     )
   19.150585000000000        1.2500000000000000     
 (  2.7017391125130277     , 0.16805134710794259     ) (  2.7827885889930148     , 0.18386796049412174     )
 (  1.2262770394589726     , 0.14871564351287259     ) ( -8.2866613048584403E-024, -1.0338850099450050E-024) (  8.2866619954412690E-024,  1.0338847972192219E-024) ( -1.2743120614429819     ,-0.16342925718904938     )
   19.200580000000002        1.2500000000000000     
 (  2.7232631460773677     , 0.17025339914776030     ) (  2.8049809690292893     , 0.18630961845793770     )
 (  1.2298927468749363     , 0.15044838529863805     ) ( -8.3162671228148529E-024, -1.0466146744507186E-024) (  8.3162678212919343E-024,  1.0466144519427712E-024) ( -1.2781677211079994     ,-0.16537316549156028     )
   19.250575000000001        1.2500000000000000     
 (  2.7449011889574688     , 0.17247637543881958     ) (  2.8272906215243991     , 0.18877502210982430     )
 (  1.2334600045451749     , 0.15219207406452581     ) ( -8.3456251262701410E-024, -1.0594427796080392E-024) (  8.3456259048591210E-024,  1.0594425552451537E-024) ( -1.2819738081179939     ,-0.16733018737844674     )
   19.300570000000000        1.2500000000000000     
 (  2.7666534936539908     , 0.17472040376159295     ) (  2.8497180252516139     , 0.19126430123519833     )
 (  1.2369781342256614     , 0.15394665941818822     ) ( -8.3747328345152829E-024, -1.0723692977680318E-024) (  8.3747336447599261E-024,  1.0723690632297488E-024) ( -1.2857297866287083     ,-0.16930025957420486     )
   19.350565000000000        1.2500000000000000     
 (  2.7885204395359211     , 0.17698559188749027     ) (  2.8722632217883759     , 0.19377756365951751     )
 (  1.2404467311363454     , 0.15571206596472692     ) ( -8.4035857143531107E-024, -1.0853940251793319E-024) (  8.4035865335011202E-024,  1.0853937883612375E-024) ( -1.2894348457390781     ,-0.17128329630230155     )
   19.400560000000002        1.2500000000000000     
 (  2.8105019991949121     , 0.17927204976249314     ) (  2.8949265213406572     , 0.19631498741389827     )
 (  1.2438646882715492     , 0.15748821750415434     ) ( -8.4321795975098030E-024, -1.0985172012040563E-024) (  8.4321804592559116E-024,  1.0985169540032912E-024) ( -1.2930882951802405     ,-0.17327927555130190     )
   19.450555000000001        1.2500000000000000     
 (  2.8325987681878040     , 0.18157989810457792     ) (  2.9177085338085980     , 0.19887666297773504     )
 (  1.2472317297319948     , 0.15927504802115847     ) ( -8.4605131356692872E-024, -1.1117384859061984E-024) (  8.4605140399177641E-024,  1.1117382360265761E-024) ( -1.2966898054967391     ,-0.17528808578034855     )
   19.500550000000000        1.2500000000000000     
 (  2.8548109255991907     , 0.18390923785177563     ) (  2.9406093029614633     , 0.20146272651098809     )
 (  1.2505472790410690     , 0.16107246726914393     ) ( -8.4885815042677918E-024, -1.1250578301739827E-024) (  8.4885824397082185E-024,  1.1250575736576723E-024) ( -1.3002385973486461     ,-0.17730965911167090     )
   19.550545000000000        1.2500000000000000     
 (  2.8771390434247546     , 0.18626019264883834     ) (  2.9636291920013664     , 0.20407333759124341     )
 (  1.2538107263324074     , 0.16288040710692672     ) ( -8.5163807125240437E-024, -1.1384753137819570E-024) (  8.5163817224806648E-024,  1.1384750503030198E-024) ( -1.3037339165580752     ,-0.17934394725578473     )
   19.600540000000002        1.2500000000000000     
 (  2.8995829277287219     , 0.18863287738273177     ) (  2.9867684500883862     , 0.20670863517757979     )
 (  1.2570211660080666     , 0.16469878634238788     ) ( -8.5439065700646248E-024, -1.1519908658105993E-024) (  8.5439076173500902E-024,  1.1519905953984245E-024) ( -1.3071751169032764     ,-0.18139087951922528     )
   19.650535000000001        1.2500000000000000     
 (  2.9221431945457055     , 0.19102738613634693     ) (  3.0100272798033396     , 0.20936871559787909     )
 (  1.2601783123570536     , 0.16652749923407173     ) ( -8.5711563430872141E-024, -1.1656041649615243E-024) (  8.5711575303819780E-024,  1.1656038873295865E-024) ( -1.3105616096572525     ,-0.18345033958148813     )
   19.700530000000001        1.2500000000000000     
 (  2.9448203065863021     , 0.19344384695074227     ) (  3.0334064190714489     , 0.21205372210568790     )
 (  1.2632816659724870     , 0.16836647411440286     ) ( -8.5981276266317502E-024, -1.1793151316941476E-024) (  8.5981287541542882E-024,  1.1793148426030089E-024) ( -1.3138929845698464     ,-0.18552225266770658     )
   19.750525000000000        1.2500000000000000     
 (  2.9676141232461619     , 0.19588237865023747     ) (  3.0569057624147429     , 0.21476382069675370     )
 (  1.2663302722890477     , 0.17021562510654617     ) ( -8.6248148183101216E-024, -1.1931238324070116E-024) (  8.6248160206251172E-024,  1.1931235357550217E-024) ( -1.3171682712676644     ,-0.18760656596158520     )
   19.800520000000002        1.2500000000000000     
 (  2.9905252018694801     , 0.19834306843419242     ) (  3.0805257938454558     , 0.21749908930164952     )
 (  1.2693235635456843     , 0.17207483232873272     ) ( -8.6512147816008604E-024, -1.2070297845119303E-024) (  8.6512160296077549E-024,  1.2070294801093779E-024) ( -1.3203869699676773     ,-0.18970313593538854     )
   19.850515000000001        1.2500000000000000     
 (  3.0135539375113001     , 0.20082604976441032     ) (  3.1042665349842280     , 0.22025972118800227     )
 (  1.2722611196191922     , 0.17394401861337241     ) ( -8.6773240446834072E-024, -1.2210331980006294E-024) (  8.6773253339759805E-024,  1.2210328802360847E-024) ( -1.3235483104574772     ,-0.19181192907725894     )
   19.900510000000001        1.2500000000000000     
 (  3.0367005418466899     , 0.20333144558105570     ) (  3.1281287375428617     , 0.22304582061695299     )
 (  1.2751423536955995     , 0.17582309483825856     ) ( -8.7031395284079342E-024, -1.2351336989590650E-024) (  8.7031408836875191E-024,  1.2351333788192435E-024) ( -1.3266518995827909     ,-0.19393282085273891     )
   19.950505000000000        1.2500000000000000     
 (  3.0599653720915794     , 0.20585935754142901     ) (  3.1521124713470514     , 0.22585753975364461     )
 (  1.2779665567733363     , 0.17771194881655397     ) ( -8.7286571824679415E-024, -1.2493312235830612E-024) (  8.7286586014052005E-024,  1.2493308951330650E-024) ( -1.3296969545843609     ,-0.19606573186174894     )
   20.000500000000002        1.2500000000000000     
 (  3.0833487068240162     , 0.20840989127355455     ) (  3.1762179711889376     , 0.22869498406909658     )
 (  1.2807330720416972     , 0.17961046511523385     ) ( -8.7538735011063391E-024, -1.2636254060933604E-024) (  8.7538749749373358E-024,  1.2636250730911792E-024) ( -1.3326828633339813     ,-0.19821053305007211     )
   20.050495000000002        1.2500000000000000     
 (  3.1068508653559341     , 0.21098317456774032     ) (  3.2004458224249133     , 0.23155828835344958     )
 (  1.2834415688134453     , 0.18151855001936959     ) ( -8.7787852188559913E-024, -1.2780160259750376E-024) (  8.7787867642862607E-024,  1.2780156803862359E-024) ( -1.3356090480345926     ,-0.20036711886167113     )
   20.100490000000001        1.2500000000000000     
 (  3.1304718329808829     , 0.21357931383675355     ) (  3.2247958428068673     , 0.23444763036955760     )
 (  1.2860910079133028     , 0.18343608684351501     ) ( -8.8033872315520196E-024, -1.2925031278971053E-024) (  8.8033888218863364E-024,  1.2925027734251936E-024) ( -1.3384746404123702     ,-0.20253542761319390     )
   20.150485000000000        1.2500000000000000     
 (  3.1542125218365831     , 0.21619844114678335     ) (  3.2492688294756582     , 0.23736310118706630     )
 (  1.2886811924016317     , 0.18536297906471078     ) ( -8.8276771001436043E-024, -1.3070862052143283E-024) (  8.8276787885017661E-024,  1.3070858415050976E-024) ( -1.3412791886914115     ,-0.20471530335395030     )
   20.200480000000002        1.2500000000000000     
 (  3.1780728976202295     , 0.21884064333954018     ) (  3.2738649538928732     , 0.24030485927446207     )
 (  1.2912114310344114     , 0.18729908466433717     ) ( -8.8516524972360080E-024, -1.3217651766936995E-024) (  8.8516542511145777E-024,  1.3217648039243114E-024) ( -1.3440221775463876     ,-0.20690665978646422     )
   20.250475000000002        1.2500000000000000     
 (  3.2020531560598529     , 0.22150605506688226     ) (  3.2985844209792661     , 0.24327302386558541     )
 (  1.2936808416470436     , 0.18924430505152023     ) ( -8.8753077816788167E-024, -1.3365396460148595E-024) (  8.8753095441414662E-024,  1.3365392639174286E-024) ( -1.3467027398397695     ,-0.20910936052593382     )
   20.300470000000001        1.2500000000000000     
 (  3.2261538742052824     , 0.22419476960699072     ) (  3.3234274329652633     , 0.24626775574015078     )
 (  1.2960891979135090     , 0.19119849292637703     ) ( -8.8986398001157731E-024, -1.3514095314127007E-024) (  8.8986416791339963E-024,  1.3514091397167796E-024) ( -1.3493203032113263     ,-0.21132331713235697     )
   20.350465000000000        1.2500000000000000     
 (  3.2503753449531643     , 0.22690694500910899     ) (  3.3483945846131813     , 0.24928915847331204     )
 (  1.2984358725055456     , 0.19316156896698849     ) ( -8.9216453877887786E-024, -1.3663743066142857E-024) (  8.9216473418247195E-024,  1.3663739091358641E-024) ( -1.3518743019849042     ,-0.21354836675935029     )
   20.400459999999999        1.2500000000000000     
 (  3.2747176812669889     , 0.22964265414529136     ) (  3.3734861020674316     , 0.25233739338244471     )
 (  1.3007200594840829     , 0.19513336399354594     ) ( -8.9443216642096733E-024, -1.3814338798642352E-024) (  8.9443236986486166E-024,  1.3814334681281384E-024) ( -1.3543641886602187     ,-0.21578441682246882     )
   20.450454999999998        1.2500000000000000     
 (  3.2991811564575024     , 0.23240203839791165     ) (  3.3987022191447811     , 0.25541259094634677     )
 (  1.3029411551123393     , 0.19711377082557646     ) ( -8.9666634634523589E-024, -1.3965878464082950E-024) (  8.9666655663847970E-024,  1.3965874244338692E-024) ( -1.3567890356973635     ,-0.21803132547512952     )
   20.500450000000001        1.2500000000000000     
 (  3.3237664748862499     , 0.23518519489744713     ) (  3.4240431198945047     , 0.25851487293711772     )
 (  1.3050988252736959     , 0.19910264029419145     ) ( -8.9886671374592849E-024, -1.4118358356243239E-024) (  8.9886692642686743E-024,  1.4118354031009839E-024) ( -1.3591483565293643     ,-0.22028895144858698     )
   20.550445000000000        1.2500000000000000     
 (  3.3484736847751035     , 0.23799224735551533     ) (  3.4495093737964884     , 0.26164439193431877     )
 (  1.3071923442836664     , 0.20109983996590697     ) ( -9.0103309092121606E-024, -1.4271775800486487E-024) (  9.0103331235527061E-024,  1.4271771368049134E-024) ( -1.3614416200882087     ,-0.22255717322067869     )
   20.600439999999999        1.2500000000000000     
 (  3.3733028563865748     , 0.24082331707172275     ) (  3.4751012818644713     , 0.26480130279119835     )
 (  1.3092209517471840     , 0.20310523987959064     ) ( -9.0316506161815348E-024, -1.4426128304152058E-024) (  9.0316529826903075E-024,  1.4426123761385949E-024) ( -1.3636682036479382     ,-0.22483586833122199     )
   20.650434999999998        1.2500000000000000     
 (  3.3982549120689263     , 0.24367853198084616     ) (  3.5008189697165277     , 0.26798569166013431     )
 (  1.3111844985794958     , 0.20511870423018308     ) ( -9.0526210315036413E-024, -1.4581409224962369E-024) (  9.0526234888323021E-024,  1.4581404569818062E-024) ( -1.3658273276779955     ,-0.22712484363372032     )
   20.700430000000001        1.2500000000000000     
 (  3.4233295194983735     , 0.24655799626857453     ) (  3.5266627034555174     , 0.27119775930269935     )
 (  1.3130818961554893     , 0.20714007658072939     ) ( -9.0732405151747132E-024, -1.4737618692629232E-024) (  9.0732429856924442E-024,  1.4737613922703627E-024) ( -1.3679183919298743     ,-0.22942401957681285     )
   20.750425000000000        1.2500000000000000     
 (  3.4485276269626097     , 0.24946183863445015     ) (  3.5526332461303616     , 0.27443757497348070     )
 (  1.3149129770480057     , 0.20916922060954393     ) ( -9.0935057643644610E-024, -1.4894748438338341E-024) (  9.0935084067455463E-024,  1.4894743551888271E-024) ( -1.3699410917916017     ,-0.23173317860809328     )
   20.800419999999999        1.2500000000000000     
 (  3.4738490552020616     , 0.25239014521872410     ) (  3.5787303652596512     , 0.27770534626687948     )
 (  1.3166768772302029     , 0.21120595374387771     ) ( -9.1134110148912323E-024, -1.5052798612839094E-024) (  9.1134137463370780E-024,  1.5052793605967353E-024) ( -1.3718942562271705     ,-0.23405223506179004     )
   20.850414999999998        1.2500000000000000     
 (  3.4992942832311740     , 0.25534307199709250     ) (  3.6049546998460209     , 0.28100116894590804     )
 (  1.3183731825678524     , 0.21325015701166466     ) ( -9.1329547312156185E-024, -1.5211762465629347E-024) (  9.1329575140110673E-024,  1.5211757255682607E-024) ( -1.3737776882318216     ,-0.23638099159626000     )
   20.900410000000001        1.2500000000000000     
 (  3.5248637112764261     , 0.25832070843069171     ) (  3.6313064261990813     , 0.28432518504749271     )
 (  1.3200011781038312     , 0.21530164541711913     ) ( -9.1521325431266944E-024, -1.5371635737418842E-024) (  9.1521354204300994E-024,  1.5371630485886104E-024) ( -1.3755905581402403     ,-0.23871929278921813     )
   20.950405000000000        1.2500000000000000     
 (  3.5505576752117816     , 0.26132321229278022     ) (  3.6577860045060211     , 0.28767754042354415     )
 (  1.3215605875347667     , 0.21736029843882407     ) ( -9.1709416322393477E-024, -1.5532414446469277E-024) (  9.1709446869022028E-024,  1.5532408987338598E-024) ( -1.3773324886255005     ,-0.24106698232490947     )
   21.000399999999999        1.2500000000000000     
 (  3.5763762711170584     , 0.26435067802354134     ) (  3.6843936129714296     , 0.29105838112675220     )
 (  1.3230503022771141     , 0.21942592635612662     ) ( -9.1893781434146949E-024, -1.5694094235546506E-024) (  9.1893812418985792E-024,  1.5694088728695247E-024) ( -1.3790026484021245     ,-0.24342390249049373     )
   21.050394999999998        1.2500000000000000     
 (  3.6023200296370437     , 0.26740320089070957     ) (  3.7111295844531598     , 0.29446783449540737     )
 (  1.3244702110668423     , 0.22149833875743141     ) ( -9.2074377476334799E-024, -1.5856669782749804E-024) (  9.2074409418270164E-024,  1.5856664062207337E-024) ( -1.3806004476088034     ,-0.24578986997964331     )
   21.100390000000001        1.2500000000000000     
 (  3.6283892617494176     , 0.27048096788722670     ) (  3.7379942357126024     , 0.29790605115865254     )
 (  1.3258197157959406     , 0.22357743136475966     ) ( -9.2251179545511081E-024, -1.6020136750123298E-024) (  9.2251213273984096E-024,  1.6020130891520243E-024) ( -1.3821252780047364     ,-0.24816472417072383     )
   21.150385000000000        1.2500000000000000     
 (  3.6545841860096377     , 0.27358403249038382     ) (  3.7649880734406538     , 0.30137318591984158     )
 (  1.3270979483166976     , 0.22566296627598656     ) ( -9.2424153649691083E-024, -1.6184490729771277E-024) (  9.2424188576316161E-024,  1.6184484813650836E-024) ( -1.3835767305621633     ,-0.25054830067535200     )
   21.200379999999999        1.2500000000000000     
 (  3.6809051679056921     , 0.27671256524286925     ) (  3.7921110856125817     , 0.30486934743745786     )
 (  1.3283046302855501     , 0.22775481348091153     ) ( -9.2593251646642154E-024, -1.6349724943260960E-024) (  9.2593287224461450E-024,  1.6349718889060657E-024) ( -1.3849538656339799     ,-0.25294039064409757     )
   21.250374999999998        1.2500000000000000     
 (  3.7073526034302899     , 0.27986664278693341     ) (  3.8193637542245082     , 0.30839469746986192     )
 (  1.3294390699385654     , 0.22985275594491142     ) ( -9.2758449261709425E-024, -1.6515834973999350E-024) (  9.2758486124898307E-024,  1.6515828692820457E-024) ( -1.3862562457339489     ,-0.25534082649363860     )
   21.300370000000001        1.2500000000000000     
 (  3.7339266821283656     , 0.28304644057188000     ) (  3.8467466220581623     , 0.31194937200981288     )
 (  1.3305008127330822     , 0.23195665707069110     ) ( -9.2919725748982965E-024, -1.6682815002204339E-024) (  9.2919763831035166E-024,  1.6682808653334558E-024) ( -1.3874834750260243     ,-0.25774941821107189     )
   21.350365000000000        1.2500000000000000     
 (  3.7606278875538619     , 0.28625204101398560     ) (  3.8742596532780751     , 0.31553353324625300     )
 (  1.3314890913717958     , 0.23406629894627484     ) ( -9.3077022268908566E-024, -1.6850660752411233E-024) (  9.3077062100723178E-024,  1.6850654120667432E-024) ( -1.3886346110970553     ,-0.26016599396424883     )
   21.400359999999999        1.2500000000000000     
 (  3.7874565552888799     , 0.28948357734755631     ) (  3.9019034096539023     , 0.31914727928908948     )
 (  1.3324036720550572     , 0.23618149657995807     ) ( -9.3230315305948933E-024, -1.7019363879838518E-024) (  9.3230356584629671E-024,  1.7019357147949482E-024) ( -1.3897092058105704     ,-0.26259031802853144     )
   21.450354999999998        1.2500000000000000     
 (  3.8144126769271072     , 0.29274118020794199     ) (  3.9296779694700739     , 0.32279082161638473     )
 (  1.3332435730942536     , 0.23830207173711543     ) ( -9.3379561793779404E-024, -1.7188922267071868E-024) (  9.3379604274293898E-024,  1.7188915383378492E-024) ( -1.3907065746838680     ,-0.26502225697668563     )
   21.500350000000001        1.2500000000000000     
 (  3.8414971705161811     , 0.29602496556715013     ) (  3.9575838541114132     , 0.32646424039255123     )
 (  1.3340087000837026     , 0.24042781650503642     ) ( -9.3524743092958457E-024, -1.7359326321697996E-024) (  9.3524787021844283E-024,  1.7359319355940961E-024) ( -1.3916263187557594     ,-0.26746154987605619     )
   21.550345000000000        1.2500000000000000     
 (  3.8687098055494902     , 0.29933506821982880     ) (  3.9856214457235311     , 0.33016770729230749     )
 (  1.3346982781993466     , 0.24255854613914088     ) ( -9.3665824345077904E-024, -1.7530571291030671E-024) (  9.3665869085948957E-024,  1.7530564166691459E-024) ( -1.3924678115274300     ,-0.26990801737037129     )
   21.600339999999999        1.2500000000000000     
 (  3.8960511003107481     , 0.30267162903269157     ) (  4.0137909990457032     , 0.33390137445258222     )
 (  1.3353115734495440     , 0.24469407192767764     ) ( -9.3802753455965027E-024, -1.7702651676449900E-024) (  9.3802800173480304E-024,  1.7702644310512395E-024) ( -1.3932302324364092     ,-0.27236146017229595     )
   21.650334999999998        1.2500000000000000     
 (  3.9235215834074362     , 0.30603472181516195     ) (  4.0420926262655508     , 0.33766537477317182     )
 (  1.3358484962426129     , 0.24683414039731180     ) ( -9.3935515586987809E-024, -1.7875559651421434E-024) (  9.3935563899122901E-024,  1.7875552112216679E-024) ( -1.3939132355140116     ,-0.27482164781365648     )
   21.700330000000001        1.2500000000000000     
 (  3.9511213277422326     , 0.30942453359867517     ) (  4.0705268639862568     , 0.34145986247388788     )
 (  1.3363080309363360     , 0.24897860458498050     ) ( -9.4064058187826212E-024, -1.8049289520859200E-024) (  9.4064108295547453E-024,  1.8049281890063478E-024) ( -1.3945160588365473     ,-0.27728838138267781     )
   21.750325000000000        1.2500000000000000     
 (  3.9788508855582356     , 0.31284116696165515     ) (  4.0990939572103802     , 0.34528499637733984     )
 (  1.3366900680434017     , 0.25112722761813167     ) ( -9.4188366034283043E-024, -1.8223835588470753E-024) (  9.4188417189109922E-024,  1.8223827705253392E-024) ( -1.3950382356588091     ,-0.27976145069431657     )
   21.800319999999999        1.2500000000000000     
 (  4.0067102463311874     , 0.31628474570542792     ) (  4.1277945555503015     , 0.34914089705999235     )
 (  1.3369936956630908     , 0.25327979347728730     ) ( -9.4308399532467699E-024, -1.8399188530640579E-024) (  9.4308452777365029E-024,  1.8399180465992721E-024) ( -1.3954792834613421     ,-0.28224060342148621     )
   21.850314999999998        1.2500000000000000     
 (  4.0347000896940726     , 0.31975539900499106     ) (  4.1566284565742704     , 0.35302772361912832     )
 (  1.3372186793787648     , 0.25543608218112507     ) ( -9.4424121026767870E-024, -1.8575342599681705E-024) (  9.4424176027296914E-024,  1.8575334351846431E-024) ( -1.3958384657586851     ,-0.28472562802615226     )
   21.900310000000001        1.2500000000000000     
 (  4.0628207643497722     , 0.32325325540015964     ) (  4.1855963270826448     , 0.35694562385823025     )
 (  1.3373644680242258     , 0.25759587524282401     ) ( -9.4535505710019298E-024, -1.8752290365138156E-024) (  9.4535562400532120E-024,  1.8752281932925544E-024) ( -1.3961152575547999     ,-0.28721629110705438     )
   21.950305000000000        1.2500000000000000     
 (  4.0910723843155719     , 0.32677846650278519     ) (  4.2146984862867232     , 0.36089476509485935     )
 (  1.3374303487071919     , 0.25975897441852303     ) ( -9.4642515271720229E-024, -1.8930025538745347E-024) (  9.4642573207029112E-024,  1.8930016838276511E-024) ( -1.3963091736729145     ,-0.28971237731375982     )
   22.000299999999999        1.2500000000000000     
 (  4.1194554072622180     , 0.33033114719648299     ) (  4.2439351255051276     , 0.36487529451014705     )
 (  1.3374159972629793     , 0.26192513145362922     ) ( -9.4745113222890959E-024, -1.9108540856748968E-024) (  9.4745173636367467E-024,  1.9108531961943296E-024) ( -1.3964194529031910     ,-0.29221365051777481     )
   22.050295000000002        1.2500000000000000     
 (  4.1479700341001227     , 0.33391143207134144     ) (  4.2733066039556791     , 0.36888734152247454     )
 (  1.3373206234443993     , 0.26409412233726581     ) ( -9.4843279910367367E-024, -1.9287826993843256E-024) (  9.4843342288982286E-024,  1.9287817986677604E-024) ( -1.3964458852297166     ,-0.29471984791467759     )
   22.100290000000001        1.2500000000000000     
 (  4.1766167065482831     , 0.33751943621906316     ) (  4.3028133773872472     , 0.37293106294122813     )
 (  1.3371439289650120     , 0.26626569703632985     ) ( -9.4936964524594503E-024, -1.9467876959832917E-024) (  9.4937028200357197E-024,  1.9467867750553762E-024) ( -1.3963875010129838     ,-0.29723072455573823     )
   22.150285000000000        1.2500000000000000     
 (  4.2053959343388030     , 0.34115532470795057     ) (  4.3324558289314465     , 0.37700663807570434     )
 (  1.3368855688473733     , 0.26843964852982588     ) ( -9.5026156550988723E-024, -1.9648683943261800E-024) (  9.5026222305597484E-024,  1.9648674530797428E-024) ( -1.3962440578728519     ,-0.29974606018784655     )
   22.200279999999999        1.2500000000000000     
 (  4.2343076812065119     , 0.34481921626306516     ) (  4.3622339665290317     , 0.38111417783510854     )
 (  1.3365446154040799     , 0.27061572286644159     ) ( -9.5110790192899167E-024, -1.9830238059075627E-024) (  9.5110858658519369E-024,  1.9830228354879272E-024) ( -1.3960146953768071     ,-0.30226556557389350     )
   22.250275000000002        1.2500000000000000     
 (  4.2633526956355414     , 0.34851125371959918     ) (  4.3921484519710106     , 0.38525388918423087     )
 (  1.3361208724934599     , 0.27279368926393666     ) ( -9.5190869584459710E-024, -2.0012534003531133E-024) (  9.5190939970504604E-024,  2.0012524170121401E-024) ( -1.3956992721102639     ,-0.30478903993197431     )
   22.300270000000001        1.2500000000000000     
 (  4.2925310472754292     , 0.35223154409195573     ) (  4.4221993156798209     , 0.38942587052669081     )
 (  1.3356136795438314     , 0.27497326663026272     ) ( -9.5266346880954380E-024, -2.0195560141307813E-024) (  9.5266419704056439E-024,  2.0195550099995888E-024) ( -1.3952968938011607     ,-0.30731616180038168     )
   22.350265000000000        1.2500000000000000     
 (  4.3218431656078584     , 0.35598027708726315     ) (  4.4523872694593019     , 0.39363033543717907     )
 (  1.3350227727051582     , 0.27715426403504784     ) ( -9.5337196278462308E-024, -2.0379311386926191E-024) (  9.5337270729759268E-024,  2.0379301044839619E-024) ( -1.3948073813824664     ,-0.30984672419101200     )
   22.400259999999999        1.2500000000000000     
 (  4.3512894965912547     , 0.35975753797423365     ) (  4.4827124384296297     , 0.39786740520408687     )
 (  1.3343475280447918     , 0.27933637689235263     ) ( -9.5403373506596251E-024, -2.0563777320172672E-024) (  9.5403450206135287E-024,  2.0563766751755280E-024) ( -1.3942297215818793     ,-0.31238043136745008     )
   22.450255000000002        1.2500000000000000     
 (  4.3808701025534793     , 0.36356350341047367     ) (  4.5131749507183585     , 0.40213721167362732     )
 (  1.3335872948054606     , 0.28151938705968327     ) ( -9.5464850701481067E-024, -2.0748947349681874E-024) (  9.5464928513416062E-024,  2.0748936435534424E-024) ( -1.3935636548593651     ,-0.31491698288723291     )
   22.500250000000001        1.2500000000000000     
 (  4.4105855787551072     , 0.36739828577565137     ) (  4.5437756333474448     , 0.40643997119459363     )
 (  1.3327416758745072     , 0.28370300649130314     ) ( -9.5521614987039662E-024, -2.0934816291684007E-024) (  9.5521696496425224E-024,  2.0934805153992692E-024) ( -1.3928089069781076     ,-0.31745616518355196     )
   22.550245000000000        1.2500000000000000     
 (  4.4404363500246529     , 0.37126204420653430     ) (  4.5745144363146837     , 0.41077581488150477     )
 (  1.3318104266874449     , 0.28588699064383144     ) ( -9.5573600594698140E-024, -2.1121373791864907E-024) (  9.5573684421919759E-024,  2.1121362525218784E-024) ( -1.3919643230893499     ,-0.31999767786244071     )
   22.600239999999999        1.2500000000000000     
 (  4.4704225020354915     , 0.37515491407495699     ) (  4.6053916639789518     , 0.41514488386406490     )
 (  1.3307928981926409     , 0.28807107392267145     ) ( -9.5620800836249142E-024, -2.1308609104738070E-024) (  9.5620888190194526E-024,  2.1308597683566812E-024) ( -1.3910297881855114     ,-0.32254120921183338     )
   22.650235000000002        1.2500000000000000     
 (  4.5005444420327816     , 0.37907703645105750     ) (  4.6364081706347804     , 0.41954740439159227     )
 (  1.3296885225650024     , 0.29025498653207005     ) ( -9.5663203029351738E-024, -2.1496516935476549E-024) (  9.5663292641969285E-024,  2.1496505079300085E-024) ( -1.3900050512134554     ,-0.32508654431919648     )
   22.700230000000001        1.2500000000000000     
 (  4.5308024880860343     , 0.38302855719948997     ) (  4.6675636185024860     , 0.42398346747775878     )
 (  1.3284968251206164     , 0.29243845359939830     ) ( -9.5700721642152519E-024, -2.1685084057962148E-024) (  9.5700813411442940E-024,  2.1685072063269253E-024) ( -1.3888888787615179     ,-0.32763333220604768     )
   22.750225000000000        1.2500000000000000     
 (  4.5611973085214226     , 0.38700962096060387     ) (  4.6988589666103620     , 0.42845326820693341     )
 (  1.3272176546787942     , 0.29462120088972121     ) ( -9.5733386738184728E-024, -2.1874302277260034E-024) (  9.5733481681527892E-024,  2.1874290029234710E-024) ( -1.3876815980587041     ,-0.33018129849284261     )
   22.800219999999999        1.2500000000000000     
 (  4.5917309968308473     , 0.39102013047161260     ) (  4.7302940799246089     , 0.43295689332808390     )
 (  1.3258523412007741     , 0.29680270881551452     ) ( -9.5762312781965663E-024, -2.2064079598739905E-024) (  9.5762324094912245E-024,  2.2064079990749987E-024) ( -1.3863827093981544     ,-0.33273010677952719     )
   22.850215000000002        1.2500000000000000     
 (  4.6223998473056849     , 0.39506071785548180     ) (  4.7618693666725616     , 0.43749464953444217     )
 (  1.3243963171589417     , 0.29898318701090321     ) ( -9.5785136729342311E-024, -2.2254568813480524E-024) (  9.5785148248106876E-024,  2.2254569218001444E-024) ( -1.3849906218795427     ,-0.33527953687486417     )
   22.900210000000001        1.2500000000000000     
 (  4.6532065013850712     , 0.39913127613192423     ) (  4.7935854156363122     , 0.44206663652053252     )
 (  1.3228513131362676     , 0.30116209117019260     ) ( -9.5802996123098724E-024, -2.2445679548608340E-024) (  9.5803007829693371E-024,  2.2445679969772839E-024) ( -1.3835055077992202     ,-0.33782924704780870     )
   22.950205000000000        1.2500000000000000     
 (  4.6841508937860699     , 0.40323198439390301     ) (  4.8254425338900395     , 0.44667305156635972     )
 (  1.3212169298668446     , 0.30333915880830159     ) ( -9.5815855682582338E-024, -2.2637404013028342E-024) (  9.5815867647461776E-024,  2.2637404448614283E-024) ( -1.3819269345103966     ,-0.34037895764985154     )
   23.000200000000000        1.2500000000000000     
 (  4.7152335624779278     , 0.40736297375479658     ) (  4.8574410620911905     , 0.45131400580327302     )
 (  1.3194924238400816     , 0.30551408928902224     ) ( -9.5823695327360214E-024, -2.2829728090911172E-024) (  9.5823707469342819E-024,  2.2829728540215253E-024) ( -1.3802544774991121     ,-0.34292830935705088     )
   23.050195000000002        1.2500000000000000     
 (  4.7464550865966704     , 0.41152438380386497     ) (  4.8895810531495769     , 0.45598970898304109     )
 (  1.3176778011421273     , 0.30768657401293281     ) ( -9.5826455464219593E-024, -2.3022643863289919E-024) (  9.5826467614138710E-024,  2.3022644318794542E-024) ( -1.3784872488790876     ,-0.34547701866688096     )
   23.100190000000001        1.2500000000000000     
 (  4.7778154845384098     , 0.41571639976285463     ) (  4.9218631193020110     , 0.46070027661437907     )
 (  1.3157721833971350     , 0.30985634507314741     ) ( -9.5824139242253445E-024, -2.3216137248810426E-024) (  9.5824151848405767E-024,  2.3216137719496239E-024) ( -1.3766252810270896     ,-0.34802471441990201     )
   23.150185000000000        1.2500000000000000     
 (  4.8093153660378594     , 0.41993914334818516     ) (  4.9542876755886320     , 0.46544596833789820     )
 (  1.3137752218374354     , 0.31202306779684214     ) ( -9.5816723292864591E-024, -2.3410203628977800E-024) (  9.5816736168495673E-024,  2.3410204114643091E-024) ( -1.3746680263298432     ,-0.35057116081983358     )
   23.200180000000000        1.2500000000000000     
 (  4.8409548937302489     , 0.42419277450757858     ) (  4.9868547871959477     , 0.47022690732526351     )
 (  1.3116868912657804     , 0.31418645571150772     ) ( -9.5804136987054746E-024, -2.3604828219417674E-024) (  9.5804150107776693E-024,  2.3604828726897456E-024) ( -1.3726146580886824     ,-0.35311598050722715     )
   23.250175000000002        1.2500000000000000     
 (  4.8727347202481122     , 0.42847749612020425     ) (  5.0195652346308188     , 0.47504326317659279     )
 (  1.3095064964526562     , 0.31634623209405066     ) ( -9.5786394130821785E-024, -2.3800000757294587E-024) (  9.5786407526170098E-024,  2.3800001281396094E-024) ( -1.3704649889185447     ,-0.35565884552282279     )
   23.300170000000001        1.2500000000000000     
 (  4.9046546056060860     , 0.43279340188753046     ) (  5.0524187576139878     , 0.47989521052684364     )
 (  1.3072334040710001     , 0.31850203876303917     ) ( -9.5763445612494035E-024, -2.3995709740874606E-024) (  9.5763459196670999E-024,  2.3995710272154629E-024) ( -1.3682185264548303     ,-0.35819942006963146     )
   23.350165000000001        1.2500000000000000     
 (  4.9367157675842703     , 0.43714065514256850     ) (  5.0854163964318149     , 0.48478293297481018     )
 (  1.3048676948572702     , 0.32065355278843821     ) ( -9.5735271225942667E-024, -2.4191943913554713E-024) (  9.5735285067671090E-024,  2.4191944468858266E-024) ( -1.3658748603485433     ,-0.36073736498558873     )
   23.400160000000003        1.2500000000000000     
 (  4.9689176390811154     , 0.44151944755096584     ) (  5.1185578538607555     , 0.48970665279156400     )
 (  1.3024083972606419     , 0.32280049915203313     ) ( -9.5701830962393884E-024, -2.4388695412228608E-024) (  9.5701845038164878E-024,  2.4388695985754708E-024) ( -1.3634334537739055     ,-0.36327239179273907     )
   23.450154999999999        1.2500000000000000     
 (  5.0012613464439104     , 0.44592994076397952     ) (  5.1518441293506845     , 0.49466646688575605     )
 (  1.2998556813581266     , 0.32494255188536220     ) ( -9.5663119985208162E-024, -2.4585947275892469E-024) (  9.5663134348327486E-024,  2.4585947861226579E-024) ( -1.3608940185190534     ,-0.36580407086526323     )
   23.500149999999998        1.2500000000000000     
 (  5.0337469317333570     , 0.45037229021939418     ) (  5.1852751297771205     , 0.49966260548702018     )
 (  1.2972087422402498     , 0.32707939183489082     ) ( -9.5619086718859831E-024, -2.4783690978277319E-024) (  9.5619101298932948E-024,  2.4783691586608469E-024) ( -1.3582558552899731     ,-0.36833209988087456     )
   23.550145000000001        1.2500000000000000     
 (  5.0663748393308667     , 0.45484666186247652     ) (  5.2188510229526734     , 0.50469525710935403     )
 (  1.2944676500408545     , 0.32921068412246085     ) ( -9.5569718461181237E-024, -2.4981915325424315E-024) (  9.5569733392212224E-024,  2.4981915953193873E-024) ( -1.3555187009651577     ,-0.37085614078166651     )
   23.600140000000000        1.2500000000000000     
 (  5.0991453579359929     , 0.45935322288344332     ) (  5.2525728009829962     , 0.50976456759607658     )
 (  1.2916313820087426     , 0.33133610108701428     ) ( -9.5514995794898013E-024, -2.5180606619688403E-024) (  9.5515010913094958E-024,  2.5180607261674189E-024) ( -1.3526822972999586     ,-0.37337580206120102     )
   23.650134999999999        1.2500000000000000     
 (  5.1320584747427018     , 0.46389209155297645     ) (  5.2864403777144497     , 0.51487078891419169     )
 (  1.2886998083714720     , 0.33345527001333036     ) ( -9.5454873519031340E-024, -2.5379755560986275E-024) (  9.5454889194558001E-024,  2.5379756227699333E-024) ( -1.3497459437323476     ,-0.37589077360146800     )
   23.700129999999998        1.2500000000000000     
 (  5.1651153924836519     , 0.46846353090089510     ) (  5.3204541721119840     , 0.52001406279036722     )
 (  1.2856730583246005     , 0.33556794046662436     ) ( -9.5389327879714957E-024, -2.5579348896318168E-024) (  9.5389343583942327E-024,  2.5579349582630464E-024) ( -1.3467091288034940     ,-0.37840067188092569     )
   23.750125000000001        1.2500000000000000     
 (  5.1983160686678378     , 0.47306761979292111     ) (  5.3546146968680306     , 0.52519455119663749     )
 (  1.2825504105273648     , 0.33767369371217093     ) ( -9.5318352924871950E-024, -2.5779371750807244E-024) (  9.5318369094221893E-024,  2.5779372459045338E-024) ( -1.3435720866130623     ,-0.38090509141993434     )
   23.800120000000000        1.2500000000000000     
 (  5.2316604449902187     , 0.47770458442635727     ) (  5.3889218005551145     , 0.53041246575518164     )
 (  1.2793310788524808     , 0.33977223046897737     ) ( -9.5241878260384939E-024, -2.5979813639609954E-024) (  9.5241894507602007E-024,  2.5979814368686342E-024) ( -1.3403334329724754     ,-0.38340367635178779     )
   23.850114999999999        1.2500000000000000     
 (  5.2651496015884787     , 0.48237455341308833     ) (  5.4233764661763448     , 0.53566799819347255     )
 (  1.2760153547214363     , 0.34186317442384706     ) ( -9.5159931996704285E-024, -2.6180662211785395E-024) (  9.5159948550861708E-024,  2.6180662969163631E-024) ( -1.3369936587240279     ,-0.38589608063116981     )
   23.900109999999998        1.2500000000000000     
 (  5.2987834561288008     , 0.48707775467832515     ) (  5.4579791894055667     , 0.54096137997333138     )
 (  1.2726025166681585     , 0.34394622021799881     ) ( -9.5072472718032671E-024, -2.6381906342615504E-024) (  9.5072489818399486E-024,  2.6381907117301829E-024) ( -1.3335522076384807     ,-0.38838193171930901     )
   23.950105000000001        1.2500000000000000     
 (  5.3325626400018047     , 0.49181436813853807     ) (  5.4927294154286317     , 0.54629272007669749     )
 (  1.2690925714446957     , 0.34602103229016407     ) ( -9.4979454714481743E-024, -2.6583529506910351E-024) (  9.4979472067979497E-024,  2.6583530304569513E-024) ( -1.3300082125022030     ,-0.39086079464843043     )
   24.000100000000000        1.2500000000000000     
 (  5.3664871714948692     , 0.49658449214764838     ) (  5.5276282861162080     , 0.55166233440978696     )
 (  1.2654847208987465     , 0.34808716906483866     ) ( -9.4880875898514050E-024, -2.6785524961217462E-024) (  9.4880893555014560E-024,  2.6785525785457566E-024) ( -1.3263619067829364     ,-0.39333238357828854     )
   24.050094999999999        1.2500000000000000     
 (  5.4005580239199995     , 0.50138836174363277     ) (  5.5626763658003764     , 0.55707030377077382     )
 (  1.2617793493135538     , 0.35014433208888862     ) ( -9.4776719188469977E-024, -2.6987873079980442E-024) (  9.4776736649382877E-024,  2.6987873926807182E-024) ( -1.3226127366294007     ,-0.39579620584732295     )
   24.100089999999998        1.2500000000000000     
 (  5.4347749280138871     , 0.50622616529914399     ) (  5.5978729299651526     , 0.56251685581827171     )
 (  1.2579752510699178     , 0.35219216830908012     ) ( -9.4666930973216526E-024, -2.7190562390781007E-024) (  9.4666949255352980E-024,  2.7190563263332233E-024) ( -1.3187600232920611     ,-0.39825189722986354     )
   24.150085000000001        1.2500000000000000     
 (  5.4691383376757097     , 0.51109805265543551     ) (  5.6332193606590861     , 0.56800221761463854     )
 (  1.2540726103641042     , 0.35423028486419378     ) ( -9.4551504786876357E-024, -2.7393581271953224E-024) (  9.4551523386901543E-024,  2.7393582170741622E-024) ( -1.3148037438592752     ,-0.40069907995046117     )
   24.200080000000000        1.2500000000000000     
 (  5.5036492452397754     , 0.51600426422489132     ) (  5.6687155555594106     , 0.57352661359014956     )
 (  1.2500711246750853     , 0.35625837146331302     ) ( -9.4430401204934835E-024, -2.7596918129954225E-024) (  9.4430419655275700E-024,  2.7596919058081898E-024) ( -1.3107433433157663     ,-0.40313739467681553     )
   24.250074999999999        1.2500000000000000     
 (  5.5383072592637639     , 0.52094490970730700     ) (  5.7043617250981047     , 0.57909018836803106     )
 (  1.2459703728171108     , 0.35827598495017765     ) ( -9.4303611178342172E-024, -2.7800555499966957E-024) (  9.4303629931900365E-024,  2.7800556455694183E-024) ( -1.3065785851611262     ,-0.40556637140194174     )
   24.300069999999998        1.2500000000000000     
 (  5.5731132273407678     , 0.52592023433068347     ) (  5.7401585337206100     , 0.58469313904862441     )
 (  1.2417701982169902     , 0.36028281083285107     ) ( -9.4171103155076713E-024, -2.8004478795515250E-024) (  9.4171122257316138E-024,  2.8004479785072039E-024) ( -1.3023088504625662     ,-0.40798559210507152     )
   24.350065000000001        1.2500000000000000     
 (  5.6080672002554817     , 0.53093040329767172     ) (  5.7761063953675160     , 0.59033574119494436     )
 (  1.2374698205881312     , 0.36227844029710693     ) ( -9.4032875909345866E-024, -2.8208679605104528E-024) (  9.4032895820645594E-024,  2.8208680615516048E-024) ( -1.2979344506130654     ,-0.41039472973541591     )
   24.400060000000000        1.2500000000000000     
 (  5.6431699311307932     , 0.53597561441479458     ) (  5.8122055927108640     , 0.59601815546955161     )
 (  1.2330698173319885     , 0.36426252081244004     ) ( -9.3888874952368950E-024, -2.8413140078762806E-024) (  9.3888895139380467E-024,  2.8413141110950036E-024) ( -1.2934544087520290     ,-0.41279330908139678     )
   24.450054999999999        1.2500000000000000     
 (  5.6784216265590794     , 0.54105604180878897     ) (  5.8484566407377727     , 0.60174062127097494     )
 (  1.2285692990549308     , 0.36623463800150996     ) ( -9.3739116303109099E-024, -2.8617848857415950E-024) (  9.3739136888419259E-024,  2.8617849937678588E-024) ( -1.2888689314813564     ,-0.41518095187203585     )
   24.500049999999998        1.2500000000000000     
 (  5.7138223265495833     , 0.54617189224215956     ) (  5.8848594158705190     , 0.60750330033184796     )
 (  1.2239681515541971     , 0.36819442879281750     ) ( -9.3583549229839374E-024, -2.8822788238877153E-024) (  9.3583570133860406E-024,  2.8822789351086135E-024) ( -1.2841774765626992     ,-0.41755718681739984     )
   24.550045000000001        1.2500000000000000     
 (  5.7493729743057456     , 0.55132338130859238     ) (  5.9214149319624800     , 0.61330649390309167     )
 (  1.2192661304496870     , 0.37014152709401876     ) ( -9.3422160857517632E-024, -2.9027949160693670E-024) (  9.3422182097185560E-024,  2.9027950291006878E-024) ( -1.2793797690954447     ,-0.41992166498246852     )
   24.600040000000000        1.2500000000000000     
 (  5.7850734530208001     , 0.55651067912627583     ) (  5.9581230027179792     , 0.61915031097403883     )
 (  1.2144626164295180     , 0.37207551866138822     ) ( -9.3254919783748175E-024, -2.9233310699424834E-024) (  9.3254941363320815E-024,  2.9233311864824619E-024) ( -1.2744753523193344     ,-0.42227388131048210     )
   24.650034999999999        1.2500000000000000     
 (  5.8209246468238556     , 0.56173401556868174     ) (  5.9949841246025679     , 0.62503501960006469     )
 (  1.2095581589513531     , 0.37399602643268981     ) ( -9.3081805917465393E-024, -2.9438862554756016E-024) (  9.3081827828042254E-024,  2.9438863765347322E-024) ( -1.2694637578786152     ,-0.42461343218286296     )
   24.700029999999998        1.2500000000000000     
 (  5.8569262782434386     , 0.56699355892277736     ) (  6.0319990862626689     , 0.63096087733497386     )
 (  1.2045515580351609     , 0.37590264148761288     ) ( -9.2902840746203847E-024, -2.9644591318259317E-024) (  9.2902863090581852E-024,  2.9644592553557681E-024) ( -1.2643456628378367     ,-0.42693993488020338     )
   24.750025000000001        1.2500000000000000     
 (  5.8930795812053089     , 0.57228949252745787     ) (  6.0691677366362731     , 0.63692801636757357     )
 (  1.1994437403820024     , 0.37779494047469858     ) ( -9.2717943142448895E-024, -2.9850477099102037E-024) (  9.2717965787244039E-024,  2.9850478385255453E-024) ( -1.2591198316619416     ,-0.42925285772689931     )
   24.800020000000000        1.2500000000000000     
 (  5.9293839704586428     , 0.57762209602580172     ) (  6.1064904493365892     , 0.64293674272023671     )
 (  1.1942331132605077     , 0.37967258674823562     ) ( -9.2527108252960020E-024, -3.0056510941298815E-024) (  9.2527131226749217E-024,  3.0056512248386074E-024) ( -1.2537859792993828     ,-0.43155185675508456     )
   24.850014999999999        1.2500000000000000     
 (  5.9658406630715932     , 0.58299155530998936     ) (  6.1439681309751322     , 0.64898724632888127     )
 (  1.1889206087440956     , 0.38153515549658290     ) ( -9.2330369637951181E-024, -3.0262674515479382E-024) (  9.2330393000248093E-024,  3.0262675873310473E-024) ( -1.2483447413952693     ,-0.43383643342021877     )
   24.900009999999998        1.2500000000000000     
 (  6.0024496497028421     , 0.58839800123159736     ) (  6.1816005061340107     , 0.65507974839466188     )
 (  1.1835055903671086     , 0.38338218825119069     ) ( -9.2127618650428957E-024, -3.0468953729648567E-024) (  9.2127642355723146E-024,  3.0468955129061301E-024) ( -1.2427949279279265     ,-0.43610615830104815     )
   24.950005000000001        1.2500000000000000     
 (  6.0392113289311888     , 0.59384173169238719     ) (  6.2193882519451389     , 0.66121448897929624     )
 (  1.1779875600705443     , 0.38521333461883589     ) ( -9.1918904761872894E-024, -3.0675333146139366E-024) (  9.1918928819899568E-024,  3.0675334585266217E-024) ( -1.2371367120684544     ,-0.43836057483135416     )
   25.000000000000000        1.2500000000000000     
 (  6.0761257884767561     , 0.59932297707950288     ) (  6.2573317761814309     , 0.66739169653941133     )
 (  1.1723664956092679     , 0.38702821274410965     ) ( -9.1704174840955623E-024, -3.0881797989703045E-024) (  9.1704199364845416E-024,  3.0881799470304408E-024) ( -1.2313697573858082     ,-0.44059924099550529     )
