   99.930833333333339     
   243.16000000000000     
   1.2209657746095766        4.8873662826826565E-005
         501           1
 
   29.000000000000000        29.000000000000000     
   2.5000000000000001E-003   1.2500000000000000     
 (  8.7196009018933621E-012,  1.8302956474061742E-015) (  8.7975305449257630E-012,  1.8626734306970597E-015)
 (  8.7196008243646524E-012,  1.8302956298582608E-015) (  7.6944930908912754E-019,  1.6291307839700602E-022) (  7.6944930908912763E-019,  1.6291307839700595E-022) ( -8.7975304668237638E-012, -1.8626734128965211E-015)
   5.2495000000000000E-002   1.2500000000000000     
 (  8.0729263528198412E-008,  1.6945844761238296E-011) (  8.1450767150815653E-008,  1.7245615945868416E-011)
 (  8.0728947044340429E-008,  1.6945773127976734E-011) (  7.1238163815761990E-015,  1.5083291422792369E-018) (  7.1238163815761943E-015,  1.5083291422792364E-018) ( -8.1450448326707108E-008, -1.7245543281359512E-011)
  0.10249000000000000        1.2500000000000000     
 (  6.0079085824339683E-007,  1.2612534072503436E-010) (  6.0616035139130685E-007,  1.2835650651530746E-010)
 (  6.0078188047946517E-007,  1.2612330868699120E-010) (  5.3015186430816062E-014,  1.1226132813935997E-017) (  5.3015186430816043E-014,  1.1226132813935993E-017) ( -6.0615130724097356E-007, -1.2835444522355352E-010)
  0.15248500000000001        1.2500000000000000     
 (  1.9786225292503049E-006,  4.1549351663606644E-010) (  1.9963064230645079E-006,  4.2284369494929458E-010)
 (  1.9785570815388752E-006,  4.1547870309494227E-010) (  1.7459512864860747E-013,  3.6981431713617098E-017) (  1.7459512864860740E-013,  3.6981431713617079E-017) ( -1.9962404913944222E-006, -4.2282866814724891E-010)
  0.20247999999999999        1.2500000000000000     
 (  4.6326742401120009E-006,  9.7334544490954370E-010) (  4.6740792633118916E-006,  9.9056439202155503E-010)
 (  4.6324040516007457E-006,  9.7328428985002332E-010) (  4.0878040027124580E-013,  8.6631304681448317E-017) (  4.0878040027124565E-013,  8.6631304681448267E-017) ( -4.6738070768457758E-006, -9.9050235654425923E-010)
  0.25247500000000000        1.2500000000000000     
 (  8.9814279660003262E-006,  1.8886968461859382E-009) (  9.0617018850081323E-006,  1.9221094035568575E-009)
 (  8.9806135528786951E-006,  1.8885125095337464E-009) (  7.9248264063743152E-013,  1.6809517698277520E-016) (  7.9248264063743122E-013,  1.6809517698277510E-016) ( -9.0608814495282011E-006, -1.9219224130715976E-009)
  0.30247000000000002        1.2500000000000000     
 (  1.5443406677311273E-005,  3.2518094248681697E-009) (  1.5581439399066396E-005,  3.3093378259119594E-009)
 (  1.5441396842835252E-005,  3.2513545112228145E-009) (  1.3626065742117981E-012,  2.8940099072509511E-016) (  1.3626065742117975E-012,  2.8940099072509501E-016) ( -1.5579414702222287E-005, -3.3088763629451759E-009)
  0.35246499999999997        1.2500000000000000     
 (  2.4437185184545937E-005,  5.1548629775103189E-009) (  2.4655609507456757E-005,  5.2460608916795580E-009)
 (  2.4432866774077320E-005,  5.1538855272783264E-009) (  2.1560483125279478E-012,  4.5874442028741746E-016) (  2.1560483125279470E-012,  4.5874442028741716E-016) ( -2.4651259162568418E-005, -5.2450693690128810E-009)
  0.40245999999999998        1.2500000000000000     
 (  3.6381402184171189E-005,  7.6927747772095636E-009) (  3.6706595960246088E-005,  7.8288765922407271E-009)
 (  3.6373020101057434E-005,  7.6908775248574704E-009) (  3.2096939158925767E-012,  6.8456127505857942E-016) (  3.2096939158925751E-012,  6.8456127505857893E-016) ( -3.6698151891024626E-005, -7.8269520244725396E-009)
  0.45245499999999994        1.2500000000000000     
 (  5.1694766836244951E-005,  1.0964162966589196E-008) (  5.2156854553008326E-005,  1.1158149276924693E-008)
 (  5.1679714323462568E-005,  1.0960755866410733E-008) (  4.5604173030129861E-012,  9.7561258213826903E-016) (  4.5604173030129829E-012,  9.7561258213826825E-016) ( -5.2141690723377164E-005, -1.1154693122469666E-008)
  0.50244999999999995        1.2500000000000000     
 (  7.0796078621823344E-005,  1.5072462954198966E-008) (  7.1428934714071017E-005,  1.5339147073928036E-008)
 (  7.0770657820229347E-005,  1.5066708975181228E-008) (  6.2450795252176584E-012,  1.3410834725813989E-015) (  6.2450795252176519E-012,  1.3410834725813977E-015) ( -7.1403325915020876E-005, -1.5333310248955128E-008)
  0.55244499999999985        1.2500000000000000     
 (  9.4104217835170521E-005,  2.0127179234978225E-008) (  9.4945463121300688E-005,  2.0483314143067583E-008)
 (  9.4063370620180837E-005,  2.0117933424208804E-008) (  8.3005247197486485E-012,  1.7906938602517445E-015) (  8.3005247197486372E-012,  1.7906938602517409E-015) ( -9.4904313816108446E-005, -2.0473935207176246E-008)
  0.60243999999999998        1.2500000000000000     
 (  1.2203816759752969E-004,  2.6245295782100823E-008) (  1.2312918019591443E-004,  2.6709708571126383E-008)
 (  1.2197517671851447E-004,  2.6231037598862535E-008) (  1.0763580690137218E-011,  2.3348236082867137E-015) (  1.0763580690137203E-011,  2.3348236082867082E-015) ( -1.2306572344906503E-004, -2.6695245086182251E-008)
  0.65243499999999988        1.2500000000000000     
 (  1.5501704956929482E-004,  3.3552821969251082E-008) (  1.5640296033665166E-004,  3.4146572827559617E-008)
 (  1.5492321007168006E-004,  3.3531580888707197E-008) (  1.3671058061962456E-011,  2.9846492894409029E-015) (  1.3671058061962427E-011,  2.9846492894408923E-015) ( -1.5630842679956682E-004, -3.4125025889095208E-008)
  0.70242999999999989        1.2500000000000000     
 (  1.9346007047827478E-004,  4.2186497084118519E-008) (  1.9518976973559576E-004,  4.2933073223180752E-008)
 (  1.9332433147048510E-004,  4.2155771473952898E-008) (  1.7059743986263297E-011,  3.7522957280445848E-015) (  1.7059743986263236E-011,  3.7522957280445620E-015) ( -1.9505302676715061E-004, -4.2901905167236156E-008)
  0.75242499999999990        1.2500000000000000     
 (  2.3778661703471545E-004,  5.2295624199791805E-008) (  2.3991275984381385E-004,  5.3221161392904318E-008)
 (  2.3759519375378388E-004,  5.2252293462660038E-008) (  2.0966407701277940E-011,  4.6509982139069074E-015) (  2.0966407701277846E-011,  4.6509982139068679E-015) ( -2.3971992069666238E-004, -5.3177206672439624E-008)
  0.80241999999999991        1.2500000000000000     
 (  2.8841617275760027E-004,  6.4044062504883492E-008) (  2.9099517636474784E-004,  6.5177604177897972E-008)
 (  2.8815212898613716E-004,  6.3984292497186317E-008) (  2.5427789965898904E-011,  5.6952794454023875E-015) (  2.5427789965898743E-011,  5.6952794454023213E-015) ( -2.9072917951262649E-004, -6.5116973416428126E-008)
  0.85241499999999992        1.2500000000000000     
 (  3.4576839307921104E-004,  7.7612361464129526E-008) (  3.4886044182309221E-004,  7.8986158113815202E-008)
 (  3.4541119394707395E-004,  7.7531503177887513E-008) (  3.0480607677702131E-011,  6.9011391191537622E-015) (  3.0480607677701879E-011,  6.9011391191536502E-015) ( -3.4850060045406951E-004, -7.8904135322505429E-008)
  0.90240999999999982        1.2500000000000000     
 (  4.1026311539582187E-004,  9.3200048132277552E-008) (  4.1393217310022913E-004,  9.4849895171993820E-008)
 (  4.0978815047376183E-004,  9.3092529643200249E-008) (  3.6161552791790574E-011,  8.2862567490669247E-015) (  3.6161552791790173E-011,  8.2862567490667323E-015) ( -4.1345369465816643E-004, -9.4740828142939774E-008)
  0.95240499999999984        1.2500000000000000     
 (  4.8232035367767716E-004,  1.1102803291655675E-007) (  4.8663415543814727E-004,  1.1299365066339708E-007)
 (  4.8169843056460488E-004,  1.1088724461387288E-007) (  4.2507287455536850E-011,  9.8702051701354435E-015) (  4.2507287455536171E-011,  9.8702051701351295E-015) ( -4.8600763149104251E-004, -1.1285083452963913E-007)
   1.0024000000000000        1.2500000000000000     
 (  5.6236025744981378E-004,  1.3134119901269474E-007) (  5.6739031658290006E-004,  1.3366666222507086E-007)
 (  5.6155706569999142E-004,  1.3115937203794593E-007) (  4.9554439134136483E-011,  1.1674680751324367E-014) (  4.9554439134135391E-011,  1.1674680751323879E-014) ( -5.6658118273505108E-004, -1.3348221616483798E-007)
   1.0523950000000000        1.2500000000000000     
 (  6.5080325578429938E-004,  1.5441111532239706E-007) (  6.5662489605388806E-004,  1.5714533104405676E-007)
 (  6.4977880134825202E-004,  1.5417919332296430E-007) (  5.7339612827109909E-011,  1.3723744303148017E-014) (  5.7339612827108223E-011,  1.3723744303147265E-014) ( -6.5559286221189648E-004, -1.5691006815113299E-007)
   1.1023899999999998        1.2500000000000000     
 (  7.4806987968335781E-004,  1.8053888921584241E-007) (  7.5476218066749558E-004,  1.8373612656980561E-007)
 (  7.4677788955151644E-004,  1.8024639329348440E-007) (  6.5899365311987390E-011,  1.6044074531702387E-014) (  6.5899365311984754E-011,  1.6044074531701251E-014) ( -7.5346063127368183E-004, -1.8343941685767915E-007)
   1.1523849999999998        1.2500000000000000     
 (  8.5458090473992758E-004,  2.1005815287847418E-007) (  8.6222673883960799E-004,  2.1377861357181349E-007)
 (  8.5296820231671303E-004,  2.0969303978560922E-007) (  7.5270223066622983E-011,  1.8665232193041153E-014) (  7.5270223066619209E-011,  1.8665232193039458E-014) ( -8.6060210359614514E-004, -2.1340824013393139E-007)
   1.2023800000000000        1.2500000000000000     
 (  9.7075744534738878E-004,  2.4333823976058950E-007) (  9.7944352476720276E-004,  2.4764871285667817E-007)
 (  9.6876329631265462E-004,  2.4288675334035224E-007) (  8.5488688783275403E-011,  2.1619944682328440E-014) (  8.5488688783269793E-011,  2.1619944682325976E-014) ( -9.7743461966575437E-004, -2.4719072111013710E-007)
   1.2523750000000000        1.2500000000000000     
 (  1.0970207068514699E-003,  2.8078749880077774E-007) (  1.1068375488672609E-003,  2.8576204734223419E-007)
 (  1.0945761353501865E-003,  2.8023401458812850E-007) (  9.6591209927886032E-011,  2.4944398085459014E-014) (  9.6591209927878187E-011,  2.4944398085455430E-014) ( -1.1043748872585555E-003, -2.8520058739053783E-007)
   1.3023699999999998        1.2500000000000000     
 (  1.2337921664754786E-003,  3.2285667110071403E-007) (  1.2448340686932165E-003,  3.2857740533032321E-007)
 (  1.2308192419220455E-003,  3.2218353413367847E-007) (  1.0861419287458166E-010,  2.8678539486492074E-014) (  1.0861419287457047E-010,  2.8678539486486969E-014) ( -1.2418391428131088E-003, -3.2789456743117191E-007)
   1.3523649999999998        1.2500000000000000     
 (  1.3814936163856709E-003,  3.7004248429925622E-007) (  1.3938586930588065E-003,  3.7660037412107950E-007)
 (  1.3779047110911067E-003,  3.6922984000952450E-007) (  1.2159400941208504E-010,  3.2866394153035301E-014) (  1.2159400941206912E-010,  3.2866394153028125E-014) ( -1.3902432260268253E-003, -3.7577601709756337E-007)
   1.4023599999999998        1.2500000000000000     
 (  1.5405470948056596E-003,  4.2289138859359900E-007) (  1.5543373127785698E-003,  4.3038716496778751E-007)
 (  1.5362441113774337E-003,  4.2191700699923339E-007) (  1.3556698808486547E-010,  3.7556399483206919E-014) (  1.3556698808484396E-010,  3.7556399483197112E-014) ( -1.5500024806510404E-003, -4.2939873780164770E-007)
   1.4523549999999998        1.2500000000000000     
 (  1.7113747039656851E-003,  4.8200347705849389E-007) (  1.7266958576915745E-003,  4.9054858738197625E-007)
 (  1.7062482744953553E-003,  4.8084256986794901E-007) (  1.5056939037167259E-010,  4.2801751981523658E-014) (  1.5056939037164274E-010,  4.2801751981510171E-014) ( -1.7215314820304083E-003, -4.8937094365785785E-007)
   1.5023499999999999        1.2500000000000000     
 (  1.8943993018477150E-003,  5.4803635712429843E-007) (  1.9113610081051154E-003,  5.5775402426565226E-007)
 (  1.8883279569586139E-003,  5.4666138790329425E-007) (  1.6663747036158472E-010,  4.8660754322217905E-014) (  1.6663747036154344E-010,  4.8660754322199598E-014) ( -1.9052447194213848E-003, -5.5635922962899300E-007)
   1.5523449999999999        1.2500000000000000     
 (  2.0900436774190117E-003,  6.2170942056296826E-007) (  2.1087594312649977E-003,  6.3273572594083051E-007)
 (  2.0828929860983161E-003,  6.2008990807194542E-007) (  1.8380740534755723E-010,  5.5197190300318900E-014) (  1.8380740534750220E-010,  5.5197190300294288E-014) ( -2.1015558024798865E-003, -6.3109285844079024E-007)
   1.6023399999999999        1.2500000000000000     
 (  2.2987308843999848E-003,  7.0380808997426826E-007) (  2.3193179726009924E-003,  7.1629318997182302E-007)
 (  2.2903525647026282E-003,  7.0191040438468102E-007) (  2.0211530994712518E-010,  6.2480707264678454E-014) (  2.0211530994705224E-010,  6.2480707264645802E-014) ( -2.3108776223740666E-003, -7.1436813319717203E-007)
   1.6523349999999999        1.2500000000000000     
 (  2.5208845350434966E-003,  7.9518821365541921E-007) (  2.5434641933079747E-003,  8.0929758461292379E-007)
 (  2.5111155351282672E-003,  7.9297536536478910E-007) (  2.2159728060652628E-010,  7.0587202372685159E-014) (  2.2159728060643164E-010,  7.0587202372641942E-014) ( -2.5336228607981395E-003, -8.0705281359922542E-007)
   1.7023299999999999        1.2500000000000000     
 (  2.7569282755566075E-003,  8.9678079800834692E-007) (  2.7816255196844403E-003,  9.1269663947639880E-007)
 (  2.7455898263577866E-003,  8.9421221977698694E-007) (  2.4228931869039702E-010,  7.9599249715610865E-014) (  2.4228931869027196E-010,  7.9599249715554282E-014) ( -2.7702031103910294E-003, -9.1009099938148145E-007)
   1.7523250000000001        1.2500000000000000     
 (  3.0072865192477213E-003,  1.0095964676558555E-006) (  3.0342303025014225E-003,  1.0275191139702435E-006)
 (  2.9941831570354602E-003,  1.0066277889383478E-006) (  2.6422742038480309E-010,  8.9606490471155440E-014) (  2.6422742038463972E-010,  8.9606490471081969E-014) ( -3.0210299030278207E-003, -1.0245075912650273E-006)
   1.8023199999999997        1.2500000000000000     
 (  3.2723833608038874E-003,  1.1347304824905584E-006) (  3.3017064454930111E-003,  1.1548799026430410E-006)
 (  3.2573019205838277E-003,  1.1313132968117532E-006) (  2.8744745430830698E-010,  1.0070607878627851E-013) (  2.8744745430809615E-010,  1.0070607878618388E-013) ( -3.2865133096213282E-003, -1.1514133886906338E-006)
   1.8523149999999997        1.2500000000000000     
 (  3.5526440946984828E-003,  1.2733677768094979E-006) (  3.5844833313921224E-003,  1.2959853115057705E-006)
 (  3.5353526758869201E-003,  1.2694494015262303E-006) (  3.1198532746520035E-010,  1.1300314260270687E-013) (  3.1198532746493260E-010,  1.1300314260258690E-013) ( -3.5670638380731331E-003, -1.2920103589391897E-006)
   1.9023099999999997        1.2500000000000000     
 (  3.8484934050454357E-003,  1.4267879349858827E-006) (  3.8829892368303712E-003,  1.4521379123414069E-006)
 (  3.8287403055175173E-003,  1.4223111633398413E-006) (  3.3787675630182785E-010,  1.2661120752834709E-013) (  3.3787675630148726E-010,  1.2661120752819346E-013) ( -3.8630898159988207E-003, -1.4475964832321446E-006)
   1.9523049999999997        1.2500000000000000     
 (  4.1603571393053918E-003,  1.5963705929685541E-006) (  4.1976541253120900E-003,  1.6247421613836399E-006)
 (  4.1378697630495408E-003,  1.5912734382472584E-006) (  3.6515750886131183E-010,  1.4165268755962723E-013) (  3.6515750886087989E-010,  1.4165268755943464E-013) ( -4.1750001579778677E-003, -1.6195713675070305E-006)
   2.0023000000000000        1.2500000000000000     
 (  4.4886612837471661E-003,  1.7836006917445414E-006) (  4.5289079295224802E-003,  1.8153098498541375E-006)
 (  4.4631450185896081E-003,  1.7778161247596856E-006) (  3.9386325168026043E-010,  1.5825936121745516E-013) (  3.9386325167972111E-010,  1.5825936121721307E-013) ( -4.5032026162840563E-003, -1.8094416861987834E-006)
   2.0522950000000000        1.2500000000000000     
 (  4.8338319816668808E-003,  1.9900743473144737E-006) (  4.8771805685488756E-003,  2.0254658120940109E-006)
 (  4.8049690468196168E-003,  1.9835300231578517E-006) (  4.2402954884580376E-010,  1.7657286980418253E-013) (  4.2402954884513085E-010,  1.7657286980388087E-013) ( -4.8481037697108631E-003, -2.0188268791529748E-006)
   2.1022900000000000        1.2500000000000000     
 (  5.1962961026485689E-003,  2.2175042221033577E-006) (  5.2429030077432107E-003,  2.2569536331407413E-006)
 (  5.1637443667847307E-003,  2.2101222021032547E-006) (  4.5569195190279366E-010,  1.9674521623894864E-013) (  4.5569195190196177E-010,  1.9674521623857292E-013) ( -5.2101100510504074E-003, -2.2494648548670810E-006)
   2.1522849999999996        1.2500000000000000     
 (  5.5764804402014412E-003,  2.4677254641961971E-006) (  5.6265058843372861E-003,  2.5116417847572942E-006)
 (  5.5398722151110656E-003,  2.4594219270353405E-006) (  4.8888587763783594E-010,  2.1893930067391675E-013) (  4.8888587763679504E-010,  2.1893930067345288E-013) ( -5.5896263498894918E-003, -2.5032181146073085E-006)
   2.2022799999999996        1.2500000000000000     
 (  5.9748127117161360E-003,  2.7427015283359939E-006) (  6.0284209149626443E-003,  2.7915290843243161E-006)
 (  5.9337535143276464E-003,  2.7333864725894765E-006) (  5.2364672839959169E-010,  2.4332939726900049E-013) (  5.2364672839833117E-010,  2.4332939726842807E-013) ( -5.9870573889320234E-003, -2.7820792034637273E-006)
   2.2522749999999996        1.2500000000000000     
 (  6.3917216583249488E-003,  3.0445304876899862E-006) (  6.4490809143814849E-003,  3.0987516813720137E-006)
 (  6.3457889406379241E-003,  3.0341074260369924E-006) (  5.6000989083102249E-010,  2.7010176445435136E-013) (  5.6000989082945726E-010,  2.7010176445365196E-013) ( -6.4028077078456570E-003, -3.0881776879453464E-006)
   2.3022699999999996        1.2500000000000000     
 (  6.8276342630005137E-003,  3.3754514682126309E-006) (  6.8889166850476065E-003,  3.4355893687579341E-006)
 (  6.7763761166490495E-003,  3.3638171135380049E-006) (  5.9801046183497866E-010,  2.9945519625316210E-013) (  5.9801046183308028E-010,  2.9945519625230720E-013) ( -6.8372785321431781E-003, -3.4237864592066543E-006)
   2.3522650000000001        1.2500000000000000     
 (  7.2829798703010961E-003,  3.7378501194242071E-006) (  7.3483615497171280E-003,  3.8044710504287176E-006)
 (  7.2259137057236848E-003,  3.7248940587881031E-006) (  6.3768364220648029E-010,  3.3160149924741304E-013) (  6.3768364220418600E-010,  3.3160149924637856E-013) ( -7.2908722717943911E-003, -3.7913271864723180E-006)
   2.4022600000000001        1.2500000000000000     
 (  7.7581885560576861E-003,  4.1342660604616030E-006) (  7.8278496322202653E-003,  4.2079825810592614E-006)
 (  7.6947997443946288E-003,  4.1198704210553649E-006) (  6.7906458378481045E-010,  3.6676617784212723E-013) (  6.7906458378202957E-010,  3.6676617784087641E-013) ( -7.7639907745262662E-003, -4.1933781524053560E-006)
   2.4522550000000001        1.2500000000000000     
 (  8.2536889731944126E-003,  4.5673992740445948E-006) (  8.3278137921864795E-003,  4.6488729181311756E-006)
 (  8.1834294674390275E-003,  4.5514383793864051E-006) (  7.2218820607538622E-010,  4.0518897118970487E-013) (  7.2218820607204978E-010,  4.0518897118820192E-013) ( -8.2570332288522154E-003, -4.6326803909332879E-006)
   2.5022500000000001        1.2500000000000000     
 (  8.7699118011522869E-003,  5.0401163837854300E-006) (  8.8486884141699054E-003,  5.1300609515504957E-006)
 (  8.6921987270981698E-003,  5.0224563962147140E-006) (  7.6708943860523367E-010,  4.4712444945706570E-013) (  7.6708943860124221E-010,  4.4712444945525993E-013) ( -8.7703989358257316E-003, -5.1121445062893202E-006)
   2.5522449999999997        1.2500000000000000     
 (  9.3072873987634658E-003,  5.5554584276742218E-006) (  9.3909080458107197E-003,  5.6546433539965098E-006)
 (  9.2215016125285591E-003,  5.5359569856570080E-006) (  8.1380309792878708E-010,  4.9284269982247948E-013) (  8.1380309792400753E-010,  4.9284269982033216E-013) ( -9.3044859012425141E-003, -5.6348585140046562E-006)
   2.6022399999999997        1.2500000000000000     
 (  9.8662476955528825E-003,  6.1166470843085404E-006) (  9.9549087965449118E-003,  6.2259004017377751E-006)
 (  9.7717323167192029E-003,  6.0951529209243366E-006) (  8.6236400812484523E-010,  5.4262983417875977E-013) (  8.6236400811914347E-010,  5.4262983417620189E-013) ( -9.8596922143424463E-003, -6.2040936483899497E-006)
   2.6522349999999997        1.2500000000000000     
 (  1.0447223230660618E-002,  6.7270924357110911E-006) (  1.0541124884891164E-002,  6.8473048492418048E-006)
 (  1.0343282144666895E-002,  6.7034449892923565E-006) (  9.1280669656300650E-010,  5.9678876430982909E-013) (  9.1280669655622042E-010,  5.9678876430678886E-013) ( -1.0436412569237431E-002, -6.8233132229865319E-006)
   2.7022299999999997        1.2500000000000000     
 (  1.1050647247856971E-002,  7.3903992342011313E-006) (  1.1149994208472578E-002,  7.5225270753192218E-006)
 (  1.0936543590760650E-002,  7.3644282473174517E-006) (  9.6516587848789496E-010,  6.5563965110458088E-013) (  9.6516587847986117E-010,  6.5563965110097853E-013) ( -1.1035043803675721E-002, -7.4961777685824192E-006)
   2.7522249999999997        1.2500000000000000     
 (  1.1676951595214384E-002,  8.1103758938661776E-006) (  1.1781952112979190E-002,  8.2554456618887977E-006)
 (  1.1551906190647861E-002,  8.0819009982700901E-006) (  1.0194759093381900E-009,  7.1952082853601448E-013) (  1.0194759093287802E-009,  7.1952082853176710E-013) ( -1.1655978639194573E-002, -8.2265555955401886E-006)
   2.8022199999999997        1.2500000000000000     
 (  1.2326570168667898E-002,  8.8910402497869053E-006) (  1.2437436965986049E-002,  9.0501518730357774E-006)
 (  1.2189759954864375E-002,  8.8598705332816006E-006) (  1.0757712695707697E-009,  7.8878919365047756E-013) (  1.0757712695596702E-009,  7.8878919364548994E-013) ( -1.2299611226083295E-002, -9.0185272545275720E-006)
   2.8522149999999997        1.2500000000000000     
 (  1.2999935010990478E-002,  9.7366298869306371E-006) (  1.3116884617118862E-002,  9.9109612505460969E-006)
 (  1.2850491425567129E-002,  9.7025634508910484E-006) (  1.1340860780228821E-009,  8.6382122035078345E-013) (  1.1340860780099069E-009,  8.6382122034492130E-013) ( -1.2966331573089615E-002, -9.8763971261541896E-006)
   2.9022099999999997        1.2500000000000000     
 (  1.3697481965359795E-002,  1.0651606295660975E-005) (  1.3820735357441955E-002,  1.0842417765932471E-005)
 (  1.3534489308141369E-002,  1.0614429799457309E-005) (  1.1944546981855154E-009,  9.4501332067686203E-013) (  1.1944546981703429E-009,  9.4501332067001093E-013) ( -1.3656532485760464E-002, -1.0804697551552443E-005)
   2.9522049999999997        1.2500000000000000     
 (  1.4419645578801358E-002,  1.1640666089985091E-005) (  1.4549427691795831E-002,  1.1849304073429547E-005)
 (  1.4242139352367090E-002,  1.1600154267748961E-005) (  1.2569111901795012E-009,  1.0327827395814614E-012) (  1.2569111901618247E-009,  1.0327827395734770E-012) ( -1.4370603295903049E-002, -1.1808199064040118E-005)
   3.0021999999999998        1.2500000000000000     
 (  1.5166861099490607E-002,  1.2708746801894602E-005) (  1.5303401131146930E-002,  1.2936649049477954E-005)
 (  1.4973826296080113E-002,  1.2664661977497967E-005) (  1.3214895528885114E-009,  1.1275682141747673E-012) (  1.3214895528679278E-009,  1.1275682141654894E-012) ( -1.5108932633428353E-002, -1.2891917926495559E-005)
   3.0521949999999998        1.2500000000000000     
 (  1.5939564461091165E-002,  1.3861035918960595E-005) (  1.6083096195817340E-002,  1.4109736028800491E-005)
 (  1.5729933877234755E-002,  1.3813127492536368E-005) (  1.3882237242983533E-009,  1.2298306911962297E-012) (  1.3882237242745987E-009,  1.2298306911854501E-012) ( -1.5871908427320450E-002, -1.4061124330591110E-005)
   3.1021899999999998        1.2500000000000000     
 (  1.6738191182043012E-002,  1.5102981716923142E-005) (  1.6888951676474657E-002,  1.5374114421174388E-005)
 (  1.6510843655895023E-002,  1.5050985633549776E-005) (  1.4571473361995553E-009,  1.3400543418918434E-012) (  1.4571473361718315E-009,  1.3400543418793577E-012) ( -1.6659915099521749E-002, -1.5321354006629499E-005)
   3.1521849999999998        1.2500000000000000     
 (  1.7563179332089986E-002,  1.6440295519705934E-005) (  1.7721410203906888E-002,  1.6735601170185957E-005)
 (  1.7316937933097864E-002,  1.6383933724124666E-005) (  1.5282941973523588E-009,  1.4587466878788755E-012) (  1.5282941973204801E-009,  1.4587466878644784E-012) ( -1.7473339099245755E-002, -1.6678409656277876E-005)
   3.2021799999999998        1.2500000000000000     
 (  1.8414965267791423E-002,  1.7878965935292310E-005) (  1.8580912688171653E-002,  1.8200295776596983E-005)
 (  1.8148595534849859E-002,  1.7817945801225294E-005) (  1.6016978110914664E-009,  1.5864399132360544E-012) (  1.6016978110547665E-009,  1.5864399132194787E-012) ( -1.8312563373994679E-002, -1.8138375959750899E-005)
   3.2521749999999998        1.2500000000000000     
 (  1.9293987427668781E-002,  1.9425266156147660E-005) (  1.9467901130980042E-002,  1.9774588544783154E-005)
 (  1.9006195519225614E-002,  1.9359279894576966E-005) (  1.6773916136582587E-009,  1.7236915834260650E-012) (  1.6773916136159436E-009,  1.7236915834070073E-012) ( -1.9177970101329517E-002, -1.9707627790260650E-005)
   3.3021699999999998        1.2500000000000000     
 (  2.0200685463051302E-002,  2.1085760788479143E-005) (  2.0382820050183659E-002,  2.1465166124411985E-005)
 (  1.9890116283281828E-002,  2.1014484825696289E-005) (  1.7554090948324666E-009,  1.8710851280177090E-012) (  1.7554090947840499E-009,  1.8710851279958324E-012) ( -2.0069942069662904E-002, -2.1392835736073649E-005)
   3.3521649999999998        1.2500000000000000     
 (  2.1135498341451585E-002,  2.2867316186637721E-005) (  2.1326112271494831E-002,  2.3279022480467447E-005)
 (  2.0800733674668243E-002,  2.2790410532272264E-005) (  1.8357834354626088E-009,  2.0292307982656170E-012) (  1.8357834354071585E-009,  2.0292307982405948E-012) ( -2.0988858530499057E-002, -2.3200977050001857E-005)
   3.4021599999999999        1.2500000000000000     
 (  2.2098866594454758E-002,  2.4777112248484694E-005) (  2.2298223178717935E-002,  2.5223472582009284E-005)
 (  2.1738423188811345E-002,  2.4694219820970042E-005) (  1.9185478681358571E-009,  2.1987668615170006E-012) (  1.9185478680725600E-009,  2.1987668614883671E-012) ( -2.1935099316847336E-002, -2.5139349300921013E-005)
   3.4521549999999999        1.2500000000000000     
 (  2.3091228738205807E-002,  2.6822645103628866E-005) (  2.3299595130306654E-002,  2.7306152531962883E-005)
 (  2.2703556351937014E-002,  2.6733391038306092E-005) (  2.0037351906011951E-009,  2.3803596102851427E-012) (  2.0037351905291460E-009,  2.3803596102525716E-012) ( -2.2909039297747947E-002, -2.7215570482212515E-005)
   3.5021500000000003        1.2500000000000000     
 (  2.4113026935885316E-002,  2.9011738197806086E-005) (  2.4330674444416837E-002,  2.9535031921799928E-005)
 (  2.3696506335076882E-002,  2.8915729126218264E-005) (  2.0913783725581241E-009,  2.5747044406540842E-012) (  2.0913783724759458E-009,  2.5747044406170254E-012) ( -2.3911055297621695E-002, -2.9437591337630172E-005)
   3.5521449999999994        1.2500000000000000     
 (  2.5164703123576802E-002,  3.1352562863588692E-005) (  2.5391907217239617E-002,  3.1918435656318050E-005)
 (  2.4717644170224568E-002,  3.1249386158616936E-005) (  2.1815101936149700E-009,  2.7825277574500537E-012) (  2.1815101935217145E-009,  2.7825277574079337E-012) ( -2.4941521956390635E-002, -3.1813717145285432E-005)
   3.6021399999999995        1.2500000000000000     
 (  2.6246701975459388E-002,  3.3853630370321869E-005) (  2.6483743569283267E-002,  3.4465035994529747E-005)
 (  2.5767341497712686E-002,  3.3742853340390737E-005) (  2.2741635978233386E-009,  3.0045862746922211E-012) (  2.2741635977176274E-009,  3.0045862746444481E-012) ( -2.6000815807200175E-002, -3.4352599722481249E-005)
   3.6521349999999995        1.2500000000000000     
 (  2.7359461921712010E-002,  3.6523808819441878E-005) (  2.7606625073279677E-002,  3.7183866246428842E-005)
 (  2.6845961745847503E-002,  3.6404977905635787E-005) (  2.3693706110553213E-009,  3.2416682124087428E-012) (  2.3693706109358433E-009,  3.2416682123546816E-012) ( -2.7089302867551745E-002, -3.7063251102152974E-005)
   3.7021299999999995        1.2500000000000000     
 (  2.8503428700436744E-002,  3.9372338653065668E-005) (  2.8761002898787510E-002,  4.0084342641831538E-005)
 (  2.7953873539074008E-002,  3.9244978563754915E-005) (  2.4671639099278817E-009,  3.4945952048431285E-012) (  2.4671639097927514E-009,  3.4945952047819381E-012) ( -2.8207356595051154E-002, -3.9955065353231208E-005)
   3.7521249999999995        1.2500000000000000     
 (  2.9679048520220814E-002,  4.2408834605934661E-005) (  2.9947326701843229E-002,  4.3176261806927342E-005)
 (  2.9091443836106689E-002,  4.2272447402410832E-005) (  2.5675758529645515E-009,  3.7642220747902454E-012) (  2.5675758528122241E-009,  3.7642220747211871E-012) ( -2.9355346806519547E-002, -4.3037816005800346E-005)
   3.8021199999999995        1.2500000000000000     
 (  3.0886762649506690E-002,  4.5643299436037871E-005) (  3.1166041851651977E-002,  4.6469814481933800E-005)
 (  3.0259032553887160E-002,  4.5497363618868144E-005) (  2.6706382368192095E-009,  4.0514380331914489E-012) (  2.6706382366472767E-009,  4.0514380331137949E-012) ( -3.0533636885017697E-002, -4.6321669753351716E-005)
   3.8521149999999995        1.2500000000000000     
 (  3.2127019994507629E-002,  4.9086136597955851E-005) (  3.2417603289389550E-002,  4.9975601999219580E-005)
 (  3.1457005132960625E-002,  4.8930106084052113E-005) (  2.7763835116940097E-009,  4.3571681115526720E-012) (  2.7763835115005437E-009,  4.3571681114654045E-012) ( -3.1742597693850086E-002, -4.9817202846213284E-005)
   3.9021099999999995        1.2500000000000000     
 (  3.3400265124003174E-002,  5.2748153154782331E-005) (  3.3702458991972398E-002,  5.3704639182990227E-005)
 (  3.2685720380927444E-002,  5.2581456273333823E-005) (  2.8848433166824301E-009,  4.6823734166115722E-012) (  2.8848433164651942E-009,  4.6823734165135053E-012) ( -3.2982590807690795E-002, -5.3535403990028647E-005)
   3.9521050000000000        1.2500000000000000     
 (  3.4706948137714820E-002,  5.6640564286943100E-005) (  3.5021063798039466E-002,  5.7668351840711667E-005)
 (  3.3945540506524693E-002,  5.6462602696172099E-005) (  2.9960496989067391E-009,  5.0280509026232267E-012) (  2.9960496986639765E-009,  5.0280509025132391E-012) ( -3.4253982460903477E-002, -5.7487671744342267E-005)
   4.0021000000000004        1.2500000000000000     
 (  3.6047510714549882E-002,  6.0775037575912983E-005) (  3.6373862761600310E-002,  6.1878631214283905E-005)
 (  3.5236817011212007E-002,  6.0585185132307823E-005) (  3.1100336537676052E-009,  5.3952381319657312E-012) (  3.1100336534957403E-009,  5.3952381318425476E-012) ( -3.5557126866030873E-002, -6.1685868957547021E-005)
   4.0520950000000004        1.2500000000000000     
 (  3.7422406513927614E-002,  6.5163651459079674E-005) (  3.7761316164971241E-002,  6.6347785400905763E-005)
 (  3.6559911102433833E-002,  6.4961253000948225E-005) (  3.2268273112112839E-009,  5.7850090170398257E-012) (  3.2268273109065787E-009,  5.7850090169020937E-012) ( -3.6892391203161012E-002, -6.6142274077920425E-005)
   4.1020900000000005        1.2500000000000000     
 (  3.8832081227833888E-002,  6.9818959560189608E-005) (  3.9183871805766608E-002,  7.1088610071528459E-005)
 (  3.7915173785503811E-002,  6.9603329687819109E-005) (  3.3464615019174561E-009,  6.1984800049047368E-012) (  3.3464615015786739E-009,  6.1984800047511607E-012) ( -3.8260127772682437E-002, -7.0869651861577224E-005)
   4.1520850000000005        1.2500000000000000     
 (  4.0276985729944426E-002,  7.4753952686895051E-005) (  4.0641987144374440E-002,  7.6114345328224996E-005)
 (  3.9302958913783680E-002,  7.4524374458706278E-005) (  3.4689677070714065E-009,  6.6368062966045332E-012) (  3.4689677066927824E-009,  6.6368062964330871E-012) ( -3.9660696347255484E-002, -7.5881210157729626E-005)
   4.2020800000000005        1.2500000000000000     
 (  4.1757570033928930E-002,  7.9982106651667621E-005) (  4.2136115559679006E-002,  8.1438724763131998E-005)
 (  4.0723617064045668E-002,  7.9737830201018106E-005) (  3.5943768319840625E-009,  7.1011861329287020E-012) (  3.5943768315623480E-009,  7.1011861327376015E-012) ( -4.1094450067323471E-002, -8.1190648886166506E-005)
   4.2520750000000005        1.2500000000000000     
 (  4.3274286412417116E-002,  8.5517373262738292E-005) (  4.3666714600960985E-002,  8.7075970309259538E-005)
 (  4.2177498727927781E-002,  8.5257614353024955E-005) (  3.7227199440111778E-009,  7.5928603343018162E-012) (  3.7227199435418963E-009,  7.5928603340894005E-012) ( -4.2561743939394346E-002, -8.6812154802785250E-005)
   4.3020699999999996        1.2500000000000000     
 (  4.4827587069915707E-002,  9.1374196576154900E-005) (  4.5234240444289843E-002,  9.3040803312408675E-005)
 (  4.3664951952012789E-002,  9.1098135100203202E-005) (  3.8540277790690994E-009,  8.1131132683835275E-012) (  3.8540277785481278E-009,  8.1131132681476098E-012) ( -4.4062929198035575E-002, -9.2760412544861797E-005)
   4.3520649999999996        1.2500000000000000     
 (  4.6417921602186593E-002,  9.7567529795751157E-005) (  4.6839147952922121E-002,  9.9348466568578882E-005)
 (  4.5186319784308870E-002,  9.7274308182023647E-005) (  3.9883307488843388E-009,  8.6632747658112949E-012) (  3.9883307483071586E-009,  8.6632747655493323E-012) ( -4.5598353331355514E-002, -9.9050626550262785E-005)
   4.4020599999999996        1.2500000000000000     
 (  4.8045747344029416E-002,  1.0411283012442735E-004) (  4.8481899044308725E-002,  1.0601471909374095E-004)
 (  4.6741950422850592E-002,  1.0380155167756999E-004) (  4.1256596559672825E-009,  9.2447196595613686E-012) (  4.1256596553280894E-009,  9.2447196592709652E-012) ( -4.7168368304116595E-002, -1.0569851575280128E-004)
   4.4520549999999997        1.2500000000000000     
 (  4.9711510463823730E-002,  1.1102608564133948E-004) (  5.0162943172692903E-002,  1.1305585281776359E-004)
 (  4.8332178598483336E-002,  1.1069581273509341E-004) (  4.2660440096033319E-009,  9.8588692303373954E-012) (  4.2660440088953158E-009,  9.8588692300164267E-012) ( -4.8773311283599387E-002, -1.1272033015397686E-004)
   4.5020499999999997        1.2500000000000000     
 (  5.1415676984331291E-002,  1.1832383878743235E-004) (  5.1882753581727031E-002,  1.2048874157619307E-004)
 (  4.9957356298823821E-002,  1.1797359111793820E-004) (  4.4095151641655528E-009,  1.0507195496135662E-011) (  4.4095151633838216E-009,  1.0507195495780528E-011) ( -5.0413540530554600E-002, -1.2013289984365493E-004)
   4.5520449999999997        1.2500000000000000     
 (  5.3158692582675464E-002,  1.2602315237878462E-004) (  5.3641777188391630E-002,  1.2833077642471861E-004)
 (  5.1617812586175205E-002,  1.2565190495109177E-004) (  4.5561019570890014E-009,  1.1191215531329241E-011) (  4.5561019562249889E-009,  1.1191215530936760E-011) ( -5.2089385539230433E-002, -1.2795357003498291E-004)
   4.6020399999999997        1.2500000000000000     
 (  5.4941019511167810E-002,  1.3414165713237646E-004) (  5.5440484744825179E-002,  1.3659993104396715E-004)
 (  5.3313890574511739E-002,  1.3374833824081228E-004) (  4.7058350776624496E-009,  1.1912497189945521E-011) (  4.7058350767107593E-009,  1.1912497189512707E-011) ( -5.3801196952495842E-002, -1.3620026653373847E-004)
   4.6520349999999997        1.2500000000000000     
 (  5.6763110080291591E-002,  1.4269758198337513E-004) (  5.7279331764667749E-002,  1.4531479457944522E-004)
 (  5.5045920939154058E-002,  1.4228107111084198E-004) (  4.8587436703100915E-009,  1.2672661963631500E-011) (  4.8587436692612058E-009,  1.2672661963154280E-011) ( -5.5549307761585773E-002, -1.4489152837031597E-004)
   4.7020300000000006        1.2500000000000000     
 (  5.8625423787816343E-002,  1.5170970221518439E-004) (  5.9158780953060520E-002,  1.5449450700519678E-004)
 (  5.6814238860403488E-002,  1.5126882769587316E-004) (  5.0148572702730567E-009,  1.3473379313536309E-011) (  5.0148572691193159E-009,  1.3473379313010511E-011) ( -5.7334055399560623E-002, -1.5404644305227417E-004)
   4.7520250000000006        1.2500000000000000     
 (  6.0528417790985493E-002,  1.6119741121908317E-004) (  6.1079296606772519E-002,  1.6415884610356034E-004)
 (  5.8619174539642653E-002,  1.6073094800177868E-004) (  5.1742053166036240E-009,  1.4316374281820114E-011) (  5.1742053153325468E-009,  1.4316374281242290E-011) ( -5.9155776196707963E-002, -1.6368473349618281E-004)
   4.8020200000000006        1.2500000000000000     
 (  6.2472554811668045E-002,  1.7118070953590629E-004) (  6.3041344603517610E-002,  1.7432820638332730E-004)
 (  6.0461061025550163E-002,  1.7068737657985553E-004) (  5.3368171512723706E-009,  1.5203425620914664E-011) (  5.3368171498772386E-009,  1.5203425620278859E-011) ( -6.1014805408239302E-002, -1.7382673675693018E-004)
   4.8520150000000006        1.2500000000000000     
 (  6.4458290918883859E-002,  1.8168020259790634E-004) (  6.5045386874568178E-002,  1.8502359917419340E-004)
 (  6.2340222259657109E-002,  1.8115866030721535E-004) (  5.5027215469623987E-009,  1.6136365800505861E-011) (  5.5027215454331163E-009,  1.6136365799807895E-011) ( -6.2911471669029384E-002, -1.8449340398883155E-004)
   4.9020100000000006        1.2500000000000000     
 (  6.6486086568375902E-002,  1.9271715033935427E-004) (  6.7091886925035218E-002,  1.9626670756995424E-004)
 (  6.4256983565030221E-002,  1.9216599787510695E-004) (  5.6719471679341351E-009,  1.7117085798379575E-011) (  5.6719471662590058E-009,  1.7117085797613706E-011) ( -6.4846102527760907E-002, -1.9570635532568348E-004)
   4.9520050000000007        1.2500000000000000     
 (  6.8556405426555125E-002,  2.0431342114902832E-004) (  6.9181315552128753E-002,  2.0807983242172759E-004)
 (  6.6211670929542402E-002,  2.0373119339524829E-004) (  5.8445230734028037E-009,  1.8147530356757475E-011) (  5.8445230715670021E-009,  1.8147530355919037E-011) ( -6.6819029910010957E-002, -2.0748782555437382E-004)
   5.0020000000000007        1.2500000000000000     
 (  7.0669709960240690E-002,  2.1649157381159923E-004) (  7.1314139651880187E-002,  2.2048597956293692E-004)
 (  6.8204606196119552E-002,  2.1587673851812845E-004) (  6.0204777292158360E-009,  1.9229705617224132E-011) (  6.0204777272048267E-009,  1.9229705616306175E-011) ( -6.8830578998455391E-002, -2.1986075143310316E-004)
   5.0519950000000007        1.2500000000000000     
 (  7.2826458599084348E-002,  2.2927482879301372E-004) (  7.3490822057370911E-002,  2.3350883857193542E-004)
 (  7.0236104749667364E-002,  2.2862578325291168E-004) (  6.1998390356334800E-009,  2.0365677226165854E-011) (  6.1998390334371046E-009,  2.0365677225161912E-011) ( -7.0881068522027094E-002, -2.3284875008755778E-004)
   5.1019899999999998        1.2500000000000000     
 (  7.5027121473674283E-002,  2.4268708394780956E-004) (  7.5711838593915975E-002,  2.4717278335158280E-004)
 (  7.2306490492680300E-002,  2.4200215173961567E-004) (  6.3826357507864392E-009,  2.1557570385529995E-011) (  6.3826357483851893E-009,  2.1557570384433273E-011) ( -7.2970826993682014E-002, -2.4647611951778443E-004)
   5.1519849999999998        1.2500000000000000     
 (  7.7272156239915152E-002,  2.5675291261449657E-004) (  7.7977650093856543E-002,  2.6150287238480897E-004)
 (  7.4416072254837956E-002,  2.5603034000994151E-004) (  6.5688950796029698E-009,  2.2807569859309489E-011) (  6.5688950769825178E-009,  2.2807569858111163E-011) ( -7.5100165113143061E-002, -2.6076783866839013E-004)
   5.2019799999999998        1.2500000000000000     
 (  7.9562029640224421E-002,  2.7149761998632979E-004) (  8.0288730197069211E-002,  2.7652493607827490E-004)
 (  7.6565164811629727E-002,  2.7073557226443162E-004) (  6.7586450873925620E-009,  2.4117927583810614E-011) (  6.7586450845350616E-009,  2.4117927582499865E-011) ( -7.7269403533185468E-002, -2.7574965452889462E-004)
   5.2519749999999998        1.2500000000000000     
 (  8.1897208420141837E-002,  2.8694720182888440E-004) (  8.2645548757974141E-002,  2.9226546894591248E-004)
 (  7.8754080244663793E-002,  2.8614375950896482E-004) (  6.9519132610466882E-009,  2.5490953245662449E-011) (  6.9519132579313101E-009,  2.5490953244237294E-011) ( -7.9478856158854611E-002, -2.9144797425920583E-004)
   5.3019699999999998        1.2500000000000000     
 (  8.4278161307026672E-002,  3.0312841014653913E-004) (  8.5048582810567958E-002,  3.0875178180113486E-004)
 (  8.0983129983858385E-002,  3.0228156471564767E-004) (  7.1487274785733371E-009,  2.6929027548192714E-011) (  7.1487274751879077E-009,  2.6929027546639886E-011) ( -8.1728841432466587E-002, -3.0789001699477029E-004)
   5.3519649999999999        1.2500000000000000     
 (  8.6705354494064357E-002,  3.2006873793527583E-004) (  8.7498300176778468E-002,  3.2601191554914064E-004)
 (  8.3252619379359821E-002,  3.1917638779262566E-004) (  7.3491145281436956E-009,  2.8434594672573950E-011) (  7.3491145244623540E-009,  2.8434594670883913E-011) ( -8.4019665310231625E-002, -3.2510372764877498E-004)
   5.4019599999999999        1.2500000000000000     
 (  8.9179251830278194E-002,  3.3779641783474365E-004) (  8.9995170448196882E-002,  3.4407468513022814E-004)
 (  8.5562849004270455E-002,  3.3685636352508852E-004) (  7.5531010962381454E-009,  3.0010166083049800E-011) (  7.5531010922291202E-009,  3.0010166081210389E-011) ( -8.6351632570082715E-002, -3.4311782030983312E-004)
   5.4519549999999999        1.2500000000000000     
 (  9.1700328832745093E-002,  3.5634046332583247E-004) (  9.2539676029960397E-002,  3.6296968024858618E-004)
 (  8.7914127963951830E-002,  3.5535040305073286E-004) (  7.7607147461285036E-009,  3.1658320596335729E-011) (  7.7607147417731644E-009,  3.1658320596587153E-011) ( -8.8725058017742220E-002, -3.6196177910126159E-004)
   5.5019499999999999        1.2500000000000000     
 (  9.4269048965702387E-002,  3.7573066156945922E-004) (  9.5132284600647210E-002,  3.8272730903670819E-004)
 (  9.0306749902023309E-002,  3.7468818618375914E-004) (  7.9719814491877335E-009,  3.3381708166321945E-011) (  7.9719814444670204E-009,  3.3381708164152270E-011) ( -9.1140238338655880E-002, -3.8166590143787790E-004)
   5.5519449999999999        1.2500000000000000     
 (  9.6885888240944185E-002,  3.9599762495368172E-004) (  9.7773476585721567E-002,  4.0337879876406105E-004)
 (  9.2741018945127110E-002,  3.9490021265784858E-004) (  8.1869280953990818E-009,  3.5183049905619207E-011) (  8.1869280902817869E-009,  3.5183049903263397E-011) ( -9.3597480434759434E-002, -4.0226129835659199E-004)
   5.6019399999999999        1.2500000000000000     
 (  9.9551316926193539E-002,  4.1717270315703888E-004) ( 0.10046372905181407     ,  4.2495615331232485E-004)
 (  9.5217229088235586E-002,  4.1601771424628421E-004) (  8.4055809075940918E-009,  3.7065134388073726E-011) (  8.4055809020442062E-009,  3.7065134385519528E-011) ( -9.6097083978632022E-002, -4.2377985203314125E-004)
   5.6519349999999999        1.2500000000000000     
 ( 0.10226579655364601     ,  4.3928815386527683E-004) ( 0.10320350391041697     ,  4.4749228380664086E-004)
 (  9.7735663642642065E-002,  4.3807282487761491E-004) (  8.6279646083852588E-009,  3.9030828994780768E-011) (  8.6279646023739189E-009,  3.9030828992013778E-011) ( -9.8639331154670662E-002, -4.4625434575746491E-004)
   5.7019299999999999        1.2500000000000000     
 ( 0.10502981940622594     ,  4.6237701506980839E-004) ( 0.10599330938573560     ,  4.7102090033775005E-004)
 ( 0.10029663324858436     ,  4.6109845278590459E-004) (  8.8541076640603513E-009,  4.1083070470093266E-011) (  8.8541076575603628E-009,  4.1083070467097825E-011) (-0.10122454711485256     , -4.6971835574745124E-004)
   5.7519250000000000        1.2500000000000000     
 ( 0.10784383804316440     ,  4.8647316211424853E-004) ( 0.10883358929364066     ,  4.9557660036342148E-004)
 ( 0.10290040530204045     ,  4.8512833729911446E-004) (  9.0840326084123020E-009,  4.3224872585873573E-011) (  9.0840326013865806E-009,  4.3224872582628046E-011) (-0.10385298905806653     , -4.9420633885634822E-004)
   5.8019200000000000        1.2500000000000000     
 ( 0.11070834722333224     ,  5.1161137938706097E-004) ( 0.11172485562356382     ,  5.2119486859613696E-004)
 ( 0.10554728679137484     ,  5.1019712023936609E-004) (  9.3177677012141289E-009,  4.5459326138330373E-011) (  9.3177676936204521E-009,  4.5459326134821285E-011) (-0.10652497970236414     , -5.1975363255624628E-004)
   5.8519150000000009        1.2500000000000000     
 ( 0.11362379803222540     ,  5.3782732302124847E-004) ( 0.11466755583521150     ,  5.4791212137876512E-004)
 ( 0.10823753741417109     ,  5.3634030825098664E-004) (  9.5553352370459781E-009,  4.7789602771760436E-011) (  9.5553352288448314E-009,  4.7789602767971244E-011) (-0.10924077365509993     , -5.4639649868845294E-004)
   5.9019100000000000        1.2500000000000000     
 ( 0.11659069166120574     ,  5.6515743021604687E-004) ( 0.11766220568760649     ,  5.7576553406845233E-004)
 ( 0.11097146440449930     ,  5.6359418181763869E-004) (  9.7967632761004052E-009,  5.0218939890139892E-011) (  9.7967632672511823E-009,  5.0218939886044029E-011) (-0.11200069125238914     , -5.7417195066223909E-004)
   5.9519050000000000        1.2500000000000000     
 ( 0.11960948328876983     ,  5.9363918425767669E-004) ( 0.12070925678904749     ,  6.0479338832714990E-004)
 ( 0.11374932478175975     ,  5.9199606006817994E-004) (  1.0042073869076672E-008,  5.2750670944473206E-011) (  1.0042073859533526E-008,  5.2750670940052397E-011) (-0.11480498427865352     , -6.0311810033327959E-004)
   6.0019000000000000        1.2500000000000000     
 ( 0.12268066132889524     ,  6.2331091772979588E-004) ( 0.12380920685598149     ,  6.3503481306710868E-004)
 ( 0.11657140592186860     ,  6.2158410331977071E-004) (  1.0291292874787068E-008,  5.5388202807022439E-011) (  1.0291292864499332E-008,  5.5388202802251190E-011) (-0.11765394795097679     , -6.3327389848901751E-004)
   6.0518950000000000        1.2500000000000000     
 ( 0.12580470703910210     ,  6.5421183512419248E-004) ( 0.12696254399046547     ,  6.6652982867089266E-004)
 ( 0.11943798598075475     ,  6.5239733554150808E-004) (  1.0544445104842767E-008,  5.8135019540451545E-011) (  1.0544445093762490E-008,  5.8135019535302798E-011) (-0.12054786549052095     , -6.6467917882642063E-004)
   6.1018900000000000        1.2500000000000000     
 ( 0.12898209622004170     ,  6.8638221117743993E-004) ( 0.13016974816535118     ,  6.9931956413498916E-004)
 ( 0.12234933236337039     ,  6.8447584224590619E-004) (  1.0801554195558955E-008,  6.0994701409613242E-011) (  1.0801554183638591E-008,  6.0994701404066311E-011) (-0.12348700672136383     , -6.9737487451275969E-004)
   6.1518850000000000        1.2500000000000000     
 ( 0.13221329748824923     ,  7.1986310775084953E-004) ( 0.13343128927889239     ,  7.3344595514656275E-004)
 ( 0.12530570331745391     ,  7.1786048723115740E-004) (  1.1062642772995694E-008,  6.3970898428147329E-011) (  1.1062642760185530E-008,  6.3970898422175357E-011) (-0.12647162997642580     , -7.3140271638704379E-004)
   6.2018800000000001        1.2500000000000000     
 ( 0.13549880465231195     ,  7.5469676521052311E-004) ( 0.13674767327508577     ,  7.6895213436112470E-004)
 ( 0.12830737855472718     ,  7.5259330281588605E-004) (  1.1327736228900444E-008,  6.7067364398090568E-011) (  1.1327736215102716E-008,  6.7067364391659549E-011) (-0.12950202505545499     , -7.6680562169327169E-004)
   6.2518750000000001        1.2500000000000000     
 ( 0.13883908794964830     ,  7.9092613650627542E-004) ( 0.14011937438739583     ,  8.0588195559150517E-004)
 ( 0.13135461092764997     ,  7.8871702464533306E-004) (  1.1596856924998998E-008,  7.0287915363466084E-011) (  1.1596856910190182E-008,  7.0287915356555287E-011) (-0.13257844718284592     , -8.0362721925406457E-004)
   6.3018700000000001        1.2500000000000000     
 ( 0.14223464466957580     ,  8.2859542201590736E-004) ( 0.14354689145979743     ,  8.4428055896857617E-004)
 ( 0.13444767672377445     ,  8.2627562482500273E-004) (  1.1870029036290742E-008,  7.3636478888754128E-011) (  1.1870029020383356E-008,  7.3636478881322815E-011) (-0.13570117234308030     , -8.4191241295942533E-004)
   6.3518650000000001        1.2500000000000000     
 ( 0.14568594118464565     ,  8.6774969962237925E-004) ( 0.14703070282188185     ,  8.8419398079913399E-004)
 ( 0.13758681853348462     ,  8.6531394245738735E-004) (  1.2147274702308169E-008,  7.7117059981768083E-011) (  1.2147274685237315E-008,  7.7117059973792266E-011) (-0.13887045314647814     , -8.8170699173055543E-004)
   6.4018600000000001        1.2500000000000000     
 ( 0.14919347071866670     ,  9.0843511479081463E-004) ( 0.15057130025473281     ,  9.2566941515744570E-004)
 ( 0.14077230127186896     ,  9.0587787248169738E-004) (  1.2428616887470573E-008,  8.0733763840098766E-011) (  1.2428616869158263E-008,  8.0733763831526939E-011) (-0.14208655177582225     , -9.2305789027384035E-004)
   6.4518550000000001        1.2500000000000000     
 ( 0.15275771501590743     ,  9.5069874904944794E-004) ( 0.15416917753973983     ,  9.6875486772454028E-004)
 ( 0.14400437591437940     ,  9.4801423469275466E-004) (  1.2714078454843627E-008,  8.4490765642800548E-011) (  1.2714078435209144E-008,  8.4490765633589827E-011) (-0.14534972909367350     , -9.6601284301724112E-004)
   6.5018500000000001        1.2500000000000000     
 ( 0.15637915984481612     ,  9.9458887683399845E-004) ( 0.15782481935034273     ,  1.0134996780785867E-003)
 ( 0.14728329411517624     ,  9.9177102863236733E-004) (  1.3003681186143609E-008,  8.8392356052069282E-011) (  1.3003681165101314E-008,  8.8392356042190303E-011) (-0.14866023358274416     , -1.0106209047736528E-003)
   6.5518450000000001        1.2500000000000000     
 ( 0.16005828917334272     ,  1.0401547856554415E-003) ( 0.16153872387186496     ,  1.0599542580300191E-003)
 ( 0.15060930094418809     ,  1.0371972548643227E-003) (  1.3297447666783334E-008,  9.2442918417120051E-011) (  1.3297447641963755E-008,  9.2442918406497359E-011) (-0.15201832311423474     , -1.0569321900144224E-003)
   6.6018400000000002        1.2500000000000000     
 ( 0.16379558441891320     ,  1.0874467699493080E-003) ( 0.16531136901488894     ,  1.1081699226874395E-003)
 ( 0.15398263689388492     ,  1.0843429067779837E-003) (  1.3595398439958951E-008,  9.6646913826744345E-011) (  1.3595398415878751E-008,  9.6646913815399756E-011) (-0.15542423202504474     , -1.1049977017531898E-003)
   6.6518350000000002        1.2500000000000000     
 ( 0.16759154523985179     ,  1.1365162529323306E-003) ( 0.16914326832559984     ,  1.1581992355216390E-003)
 ( 0.15740355526191099     ,  1.1332590924352044E-003) (  1.3897556843254053E-008,  1.0100891129019742E-010) (  1.3897556817467258E-008,  1.0100891127802163E-010) (-0.15887822660529288     , -1.1548696769312237E-003)
   6.7018300000000002        1.2500000000000000     
 ( 0.17144664321633696     ,  1.1874158235075597E-003) ( 0.17303489283220486     ,  1.2100959244449700E-003)
 ( 0.16087228060526293     ,  1.1839980714988590E-003) (  1.4203942229591021E-008,  1.0553358038212276E-010) (  1.4203942202018998E-008,  1.0553358036912623E-010) (-0.16238052757434898     , -1.2066015018457545E-003)
   6.7518250000000002        1.2500000000000000     
 ( 0.17536137611945382     ,  1.2401990903121432E-003) ( 0.17698674896883609     ,  1.2639147954720932E-003)
 ( 0.16438905766969611     ,  1.2366131073384564E-003) (  1.4514576716595303E-008,  1.1022568355711719E-010) (  1.4514576688287828E-008,  1.1022568354317287E-010) (-0.16593138722639600     , -1.2602476248166931E-003)
   6.8018200000000002        1.2500000000000000     
 ( 0.17933623548979982     ,  1.2949208498263317E-003) ( 0.18099933505569929     ,  1.3197118208280695E-003)
 ( 0.16795412156424269     ,  1.2911586357939261E-003) (  1.4829481280716881E-008,  1.1509008380544071E-010) (  1.4829481249256517E-008,  1.1509008379051496E-010) (-0.16953104503654479     , -1.3158636437746571E-003)
   6.8518150000000002        1.2500000000000000     
 ( 0.18337170577279507     ,  1.3516370284201277E-003) ( 0.18507313947505558     ,  1.3775441397128826E-003)
 ( 0.17156769803865451     ,  1.3476902055085528E-003) (  1.5148675877068819E-008,  1.2013174476005129E-010) (  1.5148675843466314E-008,  1.2013174474408549E-010) (-0.17317972847504545     , -1.3735063063824002E-003)
   6.9018100000000002        1.2500000000000000     
 ( 0.18746828261633411     ,  1.4104047070382319E-003) ( 0.18920866423264474     ,  1.4374701474812346E-003)
 ( 0.17523001961876306     ,  1.4062645025379314E-003) (  1.5472181310467892E-008,  1.2535573826743951E-010) (  1.5472181274598717E-008,  1.2535573825038905E-010) (-0.17687767483808617     , -1.4332335982477410E-003)
   6.9518050000000002        1.2500000000000000     
 ( 0.19162645334229517     ,  1.4712821803323655E-003) ( 0.19340640333471504     ,  1.4995494080227803E-003)
 ( 0.17894130593538488     ,  1.4669394089613739E-003) (  1.5800017174091404E-008,  1.3076723686066575E-010) (  1.5800017135844009E-008,  1.3076723684245071E-010) (-0.18062510767101414     , -1.4951046551079233E-003)
   7.0018000000000011        1.2500000000000000     
 ( 0.19584671775776794     ,  1.5343288079525859E-003) ( 0.19766686313092266     ,  1.5638425703857755E-003)
 ( 0.18270178647819926     ,  1.5297738523525725E-003) (  1.6132203987104109E-008,  1.3637150617197857E-010) (  1.6132203946363479E-008,  1.3637150615254810E-010) (-0.18442226105632298     , -1.5591796778199481E-003)
   7.0517949999999994        1.2500000000000000     
 ( 0.20012955593167164     ,  1.5996053503279520E-003) ( 0.20199052988945754     ,  1.6304118027691001E-003)
 ( 0.18651166785655213     ,  1.5948281415335659E-003) (  1.6468760262819417E-008,  1.4217394298089951E-010) (  1.6468760219393259E-008,  1.4217394296012012E-010) (-0.18826934596192729     , -1.6255203658842227E-003)
   7.1017899999999994        1.2500000000000000     
 ( 0.20447545840224091     ,  1.6671735649979892E-003) ( 0.20637789321314159     ,  1.6993201873256500E-003)
 ( 0.19037116203733223     ,  1.6621635627303770E-003) (  1.6809704243534894E-008,  1.4818002220163062E-010) (  1.6809704197301354E-008,  1.4818002217947878E-010) (-0.19216657034950627     , -1.6941893122366871E-003)
   7.1517849999999994        1.2500000000000000     
 ( 0.20888493306568004     ,  1.7370965242606488E-003) ( 0.21082947757993956     ,  1.7706322399942713E-003)
 ( 0.19428049469777176     ,  1.7318426944738831E-003) (  1.7155057029802347E-008,  1.5439534217219467E-010) (  1.7155056982837361E-008,  1.5439534214859296E-010) (-0.19611417495683012     , -1.7652505205311591E-003)
   7.2017799999999994        1.2500000000000000     
 ( 0.21335846628732263     ,  1.8094385860562107E-003) ( 0.21534576557580853     ,  1.8444137406104393E-003)
 ( 0.19823986714989605     ,  1.8039293803516667E-003) (  1.7504835699697029E-008,  1.6082560985112263E-010) (  1.7504835647246774E-008,  1.6082560982587376E-010) (-0.20011235443779471     , -1.8387692363161191E-003)
   7.2517749999999994        1.2500000000000000     
 ( 0.21789657258828829     ,  1.8842652956318660E-003) ( 0.21992728588554353     ,  1.9207317340721309E-003)
 ( 0.20224950505526731     ,  1.8784886270734903E-003) (  1.7859061109092081E-008,  1.6747664072451612E-010) (  1.7859061053372761E-008,  1.6747664069765648E-010) (-0.20416134665497640     , -1.9148119455533502E-003)
   7.3017699999999994        1.2500000000000000     
 ( 0.22249971891054843     ,  1.9616434244821143E-003) ( 0.22457450406345186     ,  1.9996545306299688E-003)
 ( 0.20630958152938231     ,  1.9555866438584683E-003) (  1.8217748128121658E-008,  1.7435435876683460E-010) (  1.8217748068875085E-008,  1.7435435873821562E-010) (-0.20826132075475109     , -1.9934463746630903E-003)
   7.3517649999999994        1.2500000000000000     
 ( 0.22716841926176184     ,  2.0416410956168763E-003) ( 0.22928795386910444     ,  2.0812517077193771E-003)
 ( 0.21042031394306790     ,  2.0352909668544784E-003) (  1.8580917285891043E-008,  1.8146479659474768E-010) (  1.8580917222861803E-008,  1.8146479656426256E-010) (-0.21241251102741290     , -2.0747414917108137E-003)
   7.4017599999999995        1.2500000000000000     
 ( 0.23190317256458839     ,  2.1243278081300213E-003) ( 0.23406812700086610     ,  2.1655944594557042E-003)
 ( 0.21458189987265919     ,  2.1176704824108629E-003) (  1.8948585148425855E-008,  1.8881412590556739E-010) (  1.8948585081527080E-008,  1.8881412587317370E-010) (-0.21661510638980472     , -2.1587678541511381E-003)
   7.4517549999999995        1.2500000000000000     
 ( 0.23670446355262748     ,  2.2097741066781766E-003) ( 0.23891551780656117     ,  2.2527549029738299E-003)
 ( 0.21879452000693139     ,  2.2027950955442583E-003) (  1.9320768143043348E-008,  1.9640859665956956E-010) (  1.9320768072015463E-008,  1.9640859662493923E-010) (-0.22086929360145471     , -2.2455969151462325E-003)
   7.5017499999999995        1.2500000000000000     
 ( 0.24157279064788037     ,  2.2980521190416364E-003) ( 0.24383062287963675     ,  2.3428067742404034E-003)
 ( 0.22305836359282821     ,  2.2907362658802573E-003) (  1.9697482499094232E-008,  2.0425459783370441E-010) (  1.9697482423732810E-008,  2.0425459779698733E-010) (-0.22517525807527158     , -2.3353017162612739E-003)
   7.5517449999999995        1.2500000000000000     
 ( 0.24650867215640762     ,  2.3892352591419821E-003) ( 0.24881398543584490     ,  2.4358252567063133E-003)
 ( 0.22737363727706678     ,  2.3815667109014661E-003) (  2.0078748333707486E-008,  2.1235864252868624E-010) (  2.0078748253699582E-008,  2.1235864248955134E-010) (-0.22953322848204991     , -2.4279567179138783E-003)
   7.6017399999999995        1.2500000000000000     
 ( 0.25151259480698235     ,  2.4833981682526917E-003) ( 0.25386608563328544     ,  2.5318866349476657E-003)
 ( 0.23174050964582954     ,  2.4753603451648700E-003) (  2.0464579601213639E-008,  2.2072733736726494E-010) (  2.0464579516385526E-008,  2.2072733732574732E-010) (-0.23394336414295652     , -2.5236374490455959E-003)
   7.6517349999999995        1.2500000000000000     
 ( 0.25658506955909055     ,  2.5806167773045085E-003) ( 0.25898744803691043     ,  2.6310686451423947E-003)
 ( 0.23615917303298795     ,  2.5721923412203116E-003) (  2.0854994209847144E-008,  2.2936741302770709E-010) (  2.0854994119930322E-008,  2.2936741298345812E-010) (-0.23840586918324613     , -2.6224208582872541E-003)
   7.7017299999999995        1.2500000000000000     
 ( 0.26172658245039904     ,  2.6809686472834340E-003) ( 0.26417855756943726     ,  2.7334506486996805E-003)
 ( 0.24062978783423880     ,  2.6721394693954219E-003) (  2.1250005887941082E-008,  2.3828573956245507E-010) (  2.1250005792577123E-008,  2.3828573951553909E-010) (-0.24292089969256353     , -2.7243854852409882E-003)
   7.7517249999999995        1.2500000000000000     
 ( 0.26693763866919012     ,  2.7845325803975023E-003) ( 0.26943992309158304     ,  2.8391132872551397E-003)
 ( 0.24515253099549680     ,  2.7752797077118820E-003) (  2.1649630267287364E-008,  2.4748929586061557E-010) (  2.1649630161733099E-008,  2.4748929581072008E-010) (-0.24748863353928022     , -2.8296111149033352E-003)
   7.8017199999999995        1.2500000000000000     
 ( 0.27221873475183922     ,  2.8913886632853615E-003) ( 0.27477205596809290     ,  2.9481384830629290E-003)
 ( 0.24972756725047085     ,  2.8816922833947252E-003) (  2.2053882766598463E-008,  2.5698516965416887E-010) (  2.2053882659642080E-008,  2.5698516960123696E-010) (-0.25210924643992949     , -2.9381787766535219E-003)
   7.8517150000000004        1.2500000000000000     
 ( 0.27757039810045381     ,  3.0016186700051544E-003) ( 0.28017549139436215     ,  3.0606099653036735E-003)
 ( 0.25435508649998878     ,  2.9914580742106700E-003) (  2.2462780672740963E-008,  2.6678060346188525E-010) (  2.2462780559522264E-008,  2.6678060340584335E-010) (-0.25678293531224100     , -3.0501712679101823E-003)
   7.9017100000000005        1.2500000000000000     
 ( 0.28299311917805109     ,  3.1153054888701940E-003) ( 0.28565072427808175     ,  3.1766125747036186E-003)
 ( 0.25903523866721456     ,  3.1046590361727263E-003) (  2.2876337194229897E-008,  2.7688293371685114E-010) (  2.2876337074441187E-008,  2.7688293365732599E-010) (-0.26150985027379725     , -3.1656724601052556E-003)
   7.9517050000000005        1.2500000000000000     
 ( 0.28848737847599731     ,  3.2325338208508522E-003) ( 0.29119822809986717     ,  3.2962329598813689E-003)
 ( 0.26376816033050837     ,  3.2213788961583541E-003) (  2.3294563491775528E-008,  2.8729965121215153E-010) (  2.3294563365043428E-008,  2.8729965114908159E-010) (-0.26629011840450217     , -3.2847679895639157E-003)
   8.0016999999999996        1.2500000000000000     
 ( 0.29405371154010440     ,  3.3533892388484406E-003) ( 0.29681856854738281     ,  3.4195588847911410E-003)
 ( 0.26855403919559667     ,  3.3417022151341130E-003) (  2.3717478419494794E-008,  2.9803834089935366E-010) (  2.3717478285473830E-008,  2.9803834077908475E-010) (-0.27112395433401426     , -3.4075445680585791E-003)
   8.0516949999999987        1.2500000000000000     
 ( 0.29969262806273556     ,  3.4779594609779057E-003) ( 0.30251224757081313     ,  3.5466799275498421E-003)
 ( 0.27339302873105970     ,  3.4657156562860601E-003) (  2.4145094633618112E-008,  3.0910674245449731E-010) (  2.4145094491991271E-008,  3.0910674238357169E-010) (-0.27601150242639155     , -3.5340906763471876E-003)
   8.1016899999999996        1.2500000000000000     
 ( 0.30540460506592476     ,  3.6063332240008922E-003) ( 0.30827974701154470     ,  3.6776871327438825E-003)
 ( 0.27828525178648622     ,  3.5935068580350313E-003) (  2.4577422975842774E-008,  3.2051272002766948E-010) (  2.4577422826168528E-008,  3.2051271995239036E-010) (-0.28095288515241151     , -3.6644962178938082E-003)
   8.1516849999999987        1.2500000000000000     
 ( 0.31119016277103945     ,  3.7386009011598580E-003) ( 0.31412159551400015     ,  3.8126730110738848E-003)
 ( 0.28323086641735268     ,  3.7251650492145364E-003) (  2.5014477859876569E-008,  3.3226426175050433E-010) (  2.5014477701894958E-008,  3.3226426167062887E-010) (-0.28594826708286375     , -3.7988525126553849E-003)
   8.2016799999999996        1.2500000000000000     
 ( 0.31704980176507069     ,  3.8748539941049990E-003) ( 0.32003830228184788     ,  3.9517312014246148E-003)
 ( 0.28823000803367660     ,  3.8607805416290249E-003) (  2.5456271740839520E-008,  3.4436945039426468E-010) (  2.5456271573982523E-008,  3.4436945030972837E-010) (-0.29099778946448646     , -3.9372519624579858E-003)
   8.2516749999999988        1.2500000000000000     
 ( 0.32298404683882609     ,  4.0151860938113229E-003) ( 0.32603040170071035     ,  4.0949575080607070E-003)
 ( 0.29328283206926914     ,  4.0004456882619596E-003) (  2.5902818716000873E-008,  3.5683655368972041E-010) (  2.5902818539736301E-008,  3.5683655360040078E-010) (-0.29610161268665053     , -4.0797890838195263E-003)
   8.3016699999999997        1.2500000000000000     
 ( 0.32899338663776406     ,  4.1596920264499676E-003) ( 0.33209838563804200     ,  4.2424492123458541E-003)
 ( 0.29838945318353194     ,  4.1442540258345472E-003) (  2.6354128974096155E-008,  3.6967396409872614E-010) (  2.6354128788279734E-008,  3.6967396400403800E-010) (-0.30125985239394754     , -4.2265598169674038E-003)
   8.3516649999999988        1.2500000000000000     
 ( 0.33507832959373485     ,  4.3084683392229000E-003) ( 0.33824277091035526     ,  4.3943050692973259E-003)
 ( 0.30355000106332714     ,  4.2923007612018123E-003) (  2.6810214448709770E-008,  3.8289019811809919E-010) (  2.6810214249181345E-008,  3.8289019801780949E-010) (-0.30647264463888890     , -4.3776615231958744E-003)
   8.4016599999999997        1.2500000000000000     
 ( 0.34123939626279803     ,  4.4616128231061512E-003) ( 0.34446407713307536     ,  4.5506253187932765E-003)
 ( 0.30876461602872124     ,  4.4446822918772673E-003) (  2.7271087043735578E-008,  3.9649389753895874E-010) (  2.7271086836817651E-008,  3.9649389743302508E-010) (-0.31174012376098548     , -4.5331929919624116E-003)
   8.4516549999999988        1.2500000000000000     
 ( 0.34747710749978167     ,  4.6192247554291592E-003) ( 0.35076284939334729     ,  4.7115116817464907E-003)
 ( 0.31403342987883820     ,  4.6014964441609008E-003) (  2.7736760192747362E-008,  4.1049382852100494E-010) (  2.7736759974731814E-008,  4.1049382840888185E-010) (-0.31706244332666683     , -4.6932544357914299E-003)
   8.5016499999999997        1.2500000000000000     
 ( 0.35379193219224131     ,  4.7814055900292189E-003) ( 0.35713954472471587     ,  4.8770680549347399E-003)
 ( 0.31935652349925941     ,  4.7628431666098901E-003) (  2.8207239704622528E-008,  4.2489894237791693E-010) (  2.8207239474837263E-008,  4.2489894225937719E-010) (-0.32243966874106783     , -4.8579481840499922E-003)
   8.5516450000000006        1.2500000000000000     
 ( 0.36018440786664757     ,  4.9482577650536465E-003) ( 0.36359471440363800     ,  5.0473994772479748E-003)
 ( 0.32473403591906580     ,  4.9288233289627968E-003) (  2.8682538823462665E-008,  4.3971828487860232E-010) (  2.8682538581471883E-008,  4.3971828475324899E-010) (-0.32787195000506653     , -5.0273776449584161E-003)
   8.6016399999999980        1.2500000000000000     
 ( 0.36665503247797898     ,  5.1198852918721578E-003) ( 0.37012886590041322     ,  5.2226124743918979E-003)
 ( 0.33016606778652174     ,  5.0995393153033730E-003) (  2.9162666799615431E-008,  4.5496102639650350E-010) (  2.9162666544702441E-008,  4.5496102626411159E-010) (-0.33335939249608165     , -5.2016476507054203E-003)
   8.6516349999999989        1.2500000000000000     
 ( 0.37320434696335886     ,  5.2963942954649609E-003) ( 0.37674255305625565     ,  5.4028157640656060E-003)
 ( 0.33565275653638399     ,  5.2750955593804825E-003) (  2.9647636749541465E-008,  4.7063652345097533E-010) (  2.9647636481196262E-008,  4.7063652320448968E-010) (-0.33890214514930350     , -5.3808651587360541E-003)
   8.7016299999999980        1.2500000000000000     
 ( 0.37983281682602699     ,  5.4778921439022719E-003) ( 0.38343622487179335     ,  5.5881195499323097E-003)
 ( 0.34119415699339833     ,  5.4555976708863035E-003) (  3.0137451659220274E-008,  4.8675425613202245E-010) (  3.0137451381387783E-008,  4.8675425598415068E-010) (-0.34450024127233470     , -5.5651385439490419E-003)
   8.7516249999999989        1.2500000000000000     
 ( 0.38654098739255505     ,  5.6644878773609427E-003) ( 0.39021046185541419     ,  5.7786355398583913E-003)
 ( 0.34679040639967179     ,  5.6411528662706958E-003) (  3.0632126395672548E-008,  5.0332383051606338E-010) (  3.0632126098385146E-008,  5.0332383035965521E-010) (-0.35015384938809546     , -5.7545776152736110E-003)
   8.8016199999999980        1.2500000000000000     
 ( 0.39332936451096989     ,  5.8562923008718638E-003) ( 0.39706576173065455     ,  5.9744772858760118E-003)
 ( 0.35244158888264038     ,  5.8318700555260406E-003) (  3.1131667525561637E-008,  5.2035500735897800E-010) (  3.1131667212957781E-008,  5.2035500719389053E-010) (-0.35586304446681555     , -5.9492939523132183E-003)
   8.8516149999999989        1.2500000000000000     
 ( 0.40019843146137996     ,  6.0534170273744137E-003) ( 0.40400260230358181     ,  6.1757591383908642E-003)
 ( 0.35814776774887552     ,  6.0278588812972336E-003) (  3.1636079671432557E-008,  5.3785761063632321E-010) (  3.1636079342594111E-008,  5.3785761046200265E-010) (-0.36162787785013417     , -6.1493998564421887E-003)
   8.9016099999999980        1.2500000000000000     
 ( 0.40714874247901495     ,  6.2559769444912846E-003) ( 0.41102157202740303     ,  6.3825990535154465E-003)
 ( 0.36390907488197788     ,  6.2292321909748032E-003) (  3.2145377237284493E-008,  5.5584177316148827E-010) (  3.2145376891740182E-008,  5.5584177297790970E-010) (-0.36744851304609594     , -6.3550111584308394E-003)
   8.9516049999999989        1.2500000000000000     
 ( 0.41418078964128979     ,  6.4640878326099232E-003) ( 0.41812315638385111     ,  6.5951157889896032E-003)
 ( 0.36972556679867830     ,  6.4361036440751355E-003) (  3.2659564280090220E-008,  5.7431769060431787E-010) (  3.2659563916771392E-008,  5.7431769047349275E-010) (-0.37332499632112953     , -6.5662444087055067E-003)
   9.0015999999999980        1.2500000000000000     
 ( 0.42129509241935309     ,  6.6778658394031232E-003) ( 0.42530788407201015     ,  6.8134282220056177E-003)
 ( 0.37559733192202477     ,  6.6485871891759892E-003) (  3.3178649092125407E-008,  5.9329556235565992E-010) (  3.3178648710497863E-008,  5.9329556215129833E-010) (-0.37925742023138187     , -6.7832161957195004E-003)
   9.0515949999999989        1.2500000000000000     
 ( 0.42849216917919764     ,  6.8974310001991019E-003) ( 0.43257628641787826     ,  7.0376595241733184E-003)
 ( 0.38152444885072440     ,  6.8668005778889235E-003) (  3.3702639542633130E-008,  6.1278595540568193E-010) (  3.3702639141574802E-008,  6.1278595518985727E-010) (-0.38524587451873527     , -7.0060473144308213E-003)
   9.1015899999999981        1.2500000000000000     
 ( 0.43577252437470404     ,  7.1229039414422513E-003) ( 0.43992885683489952     ,  7.2679336905154962E-003)
 ( 0.38750697560984382     ,  7.0908620695825887E-003) (  3.4231539345717404E-008,  6.3279950159092089E-010) (  3.4231538924739402E-008,  6.3279950136355024E-010) (-0.39129040087313999     , -7.2348592937231809E-003)
   9.1515849999999990        1.2500000000000000     
 ( 0.44313663052690777     ,  7.3544065876688693E-003) ( 0.44736608582587956     ,  7.5043755384684536E-003)
 ( 0.39354494054851819     ,  7.3208911363744893E-003) (  3.4765352539521256E-008,  6.5334689628014766E-010) (  3.4765352097478855E-008,  6.5334689604038533E-010) (-0.39739104375323503     , -7.4697743987310215E-003)
   9.2015799999999981        1.2500000000000000     
 ( 0.45058506611109661     ,  7.5920627745027719E-003) ( 0.45488856148599538     ,  7.7471121000437428E-003)
 ( 0.39963846601830083     ,  7.5570090639564304E-003) (  3.5304090198865745E-008,  6.7443902077145808E-010) (  3.5304089734981442E-008,  6.7443902051000780E-010) (-0.40354792932172334     , -7.7109170061358881E-003)
   9.2515749999999990        1.2500000000000000     
 ( 0.45811836401281902     ,  7.8359996121306723E-003) ( 0.46249682597357844     ,  7.9962740155410054E-003)
 ( 0.40578763091055303     ,  7.7993403248521088E-003) (  3.5847759768397972E-008,  6.9608706318798433E-010) (  3.5847759281692616E-008,  6.9608706292200492E-010) (-0.40976114104857353     , -7.9584150112006792E-003)
   9.3015699999999981        1.2500000000000000     
 ( 0.46573694172866575     ,  8.0863434661335009E-003) ( 0.47019129380056152     ,  8.2519906804626973E-003)
 ( 0.41199238622138523     ,  8.0480085472451265E-003) (  3.6396356610664841E-008,  7.1830209442931333E-010) (  3.6396356100295197E-008,  7.1830209414836702E-010) (-0.41603062553882680     , -8.2123949582427365E-003)
   9.3515649999999990        1.2500000000000000     
 ( 0.47344138230200172     ,  8.3432239709855648E-003) ( 0.47797255757827617     ,  8.5143950939902055E-003)
 ( 0.41825285225061554     ,  8.3031405329120865E-003) (  3.6949891732641371E-008,  7.4109549120291761E-010) (  3.6949891197231878E-008,  7.4109549090677816E-010) (-0.42235650722843426     , -8.4729868957624539E-003)
   9.4015599999999999        1.2500000000000000     
 ( 0.48123220917391740     ,  8.6067725365630565E-003) ( 0.48584117153291162     ,  8.7836225004998131E-003)
 ( 0.42456908031612656     ,  8.5648647516105379E-003) (  3.7508371855554446E-008,  7.6447881771774174E-010) (  3.7508371294142226E-008,  7.6447881740669918E-010) (-0.42873886122187260     , -8.7403230070411710E-003)
   9.4515549999999990        1.2500000000000000     
 ( 0.48910991149867306     ,  8.8771213537016461E-003) ( 0.49379760029666414     ,  9.0598082733066177E-003)
 ( 0.43094108251983004     ,  8.8333103508170408E-003) (  3.8071795968064177E-008,  7.8846363979242437E-010) (  3.8071795379784747E-008,  7.8846363946448934E-010) (-0.43517767557750348     , -9.0145354950985131E-003)
   9.5015499999999999        1.2500000000000000     
 ( 0.49707499300628122     ,  9.1544057501131652E-003) ( 0.50184235742518157     ,  9.3430914249421678E-003)
 ( 0.43736888537241181     ,  9.1086095074942412E-003) (  3.8640166737806441E-008,  8.1306183146472218E-010) (  3.8640166121069947E-008,  8.1306183110192914E-010) (-0.44167297947217210     , -9.2957600924147184E-003)
   9.5515449999999991        1.2500000000000000     
 ( 0.50512799485353821     ,  9.4387612332707052E-003) ( 0.50997600386794051     ,  9.6336111151221881E-003)
 ( 0.44385254472434049     ,  9.3908944603956802E-003) (  3.9213490509905515E-008,  8.3828526993025516E-010) (  3.9213489866658425E-008,  8.3828526956675881E-010) (-0.44822484433071536     , -9.5841325542260700E-003)
   9.6015400000000000        1.2500000000000000     
 ( 0.51326941940349702     ,  9.7303269230792060E-003) ( 0.51819905923236587     ,  9.9315101324469780E-003)
 ( 0.45039206998338405     ,  9.6803009517442314E-003) (  3.9791769578578467E-008,  8.6414613933023944E-010) (  3.9791768902135089E-008,  8.6414613894725936E-010) (-0.45483329527170396     , -9.8797921489708947E-003)
   9.6515349999999991        1.2500000000000000     
 ( 0.52149981103163423     ,  1.0029241421549163E-002) ( 0.52651204793259943     ,  1.0236930744138551E-002)
 ( 0.45698751143630739     ,  9.9769640815379149E-003) (  4.0375005954775314E-008,  8.9065656668008076E-010) (  4.0375005237132327E-008,  8.9065656627707857E-010) (-0.46149835425975577     , -1.0182877497598849E-002)
   9.7015300000000000        1.2500000000000000     
 ( 0.52981961955689327     ,  1.0335648041343997E-002) ( 0.53491544711636130     ,  1.0550020238529540E-002)
 ( 0.46363882265113765     ,  1.0281023541568693E-002) (  4.0963198017096848E-008,  9.1782910817444836E-010) (  4.0963197275753370E-008,  9.1782910773242899E-010) (-0.46822000104569605     , -1.0493532115392995E-002)
   9.7515249999999991        1.2500000000000000     
 ( 0.53822942057414558     ,  1.0649689021940249E-002) ( 0.54340983331522708     ,  1.0870924671894296E-002)
 ( 0.47034607229306247     ,  1.0592617819949727E-002) (  4.1556351232158907E-008,  9.4567620023654782E-010) (  4.1556350456232464E-008,  9.4567619957802354E-010) (-0.47499829717927705     , -1.0811898152482761E-002)
   9.8015200000000000        1.2500000000000000     
 ( 0.54672973447132878     ,  1.0971509573116371E-002) ( 0.55199573351017905     ,  1.1199793068274585E-002)
 ( 0.47710927633902001     ,  1.0911888243301674E-002) (  4.2154467550104907E-008,  9.7421052657810040E-010) (  4.2154466738426970E-008,  9.7421052610904928E-010) (-0.48183326393741599     , -1.1138120587859346E-002)
   9.8515149999999991        1.2500000000000000     
 ( 0.55532103362147811     ,  1.1301258062755733E-002) ( 0.56067364034262113     ,  1.1536778098543461E-002)
 ( 0.48392838987668646     ,  1.1238979168816006E-002) (  4.2757544455142002E-008,  1.0034450788305878E-009) (  4.2757543605809155E-008,  1.0034450783374483E-009) (-0.48872487067063292     , -1.1472347912321894E-002)
   9.9015100000000000        1.2500000000000000     
 ( 0.56400386471163777     ,  1.1639082678244135E-002) ( 0.56944408787094825     ,  1.1882031902796899E-002)
 ( 0.49080344687169547     ,  1.1574034632123994E-002) (  4.3365583445798485E-008,  1.0333927896105957E-009) (  4.3365582566727244E-008,  1.0333927890921200E-009) (-0.49567313425570847     , -1.1814727939534806E-002)
   9.9515049999999992        1.2500000000000000     
 ( 0.57277871843807660     ,  1.1985133499731859E-002) ( 0.57830757631146434     ,  1.2235708213058669E-002)
 ( 0.49773440587620843     ,  1.1917200419961551E-002) (  4.3978581424941125E-008,  1.0640667172579565E-009) (  4.3978580496334630E-008,  1.0640667167120304E-009) (-0.50267801785460098     , -1.2165409929282908E-002)
   10.001500000000000        1.2500000000000000     
 ( 0.58164614838920325     ,  1.2339564202607898E-002) ( 0.58726468943893140     ,  1.2597965803869344E-002)
 ( 0.50472130227865952     ,  1.2268625763977957E-002) (  4.4596543859893596E-008,  1.0954803481742531E-009) (  4.4596542889199358E-008,  1.0954803476007946E-009) (-0.50973958084787196     , -1.2524548026598567E-002)
   10.051494999999999        1.2500000000000000     
 ( 0.59060662531007813     ,  1.2702529782138336E-002) ( 0.59631588405982183     ,  1.2968963630200373E-002)
 ( 0.51176407025754156     ,  1.2628461067049552E-002) (  4.5219463583081660E-008,  1.1276471710617940E-009) (  4.5219462568277532E-008,  1.1276471702294003E-009) (-0.51685774297908704     , -1.2892296398566743E-002)
   10.101490000000000        1.2500000000000000     
 ( 0.59966069991260251     ,  1.3074185452714488E-002) ( 0.60546171036265950     ,  1.3348860855676362E-002)
 ( 0.51886272391650323     ,  1.2996856793710930E-002) (  4.5847341354909160E-008,  1.1605806786019221E-009) (  4.5847340295095025E-008,  1.1605806779697725E-009) (-0.52403250953876157     , -1.3268809265210622E-002)
   10.151484999999999        1.2500000000000000     
 ( 0.60880884990721995     ,  1.3454688425011276E-002) ( 0.61470267679255108     ,  1.3737819627443127E-002)
 ( 0.52601719749622355     ,  1.3373965260288553E-002) (  4.6480173600458581E-008,  1.1942946111060326E-009) (  4.6480172492730029E-008,  1.1942946104416651E-009) (-0.53126383960648993     , -1.3654243664262955E-002)
   10.201479999999998        1.2500000000000000     
 ( 0.61805166536329759     ,  1.3844201094988200E-002) ( 0.62403938219383448     ,  1.4136006442549016E-002)
 ( 0.53322753683637392     ,  1.3759943780211812E-002) (  4.7117964966138459E-008,  1.2288030735957175E-009) (  4.7117963791593155E-008,  1.2288030728617744E-009) (-0.53855178293977124     , -1.4048760803853326E-002)
   10.251474999999999        1.2500000000000000     
 ( 0.62738958463497252     ,  1.4242882794096148E-002) ( 0.63347225123059159     ,  1.4543585240161794E-002)
 ( 0.54049362372442633     ,  1.4154946453544766E-002) (  4.7760703659827523E-008,  1.2641199321557794E-009) (  4.7760702452315366E-008,  1.2641199314217997E-009) (-0.54589620578791664     , -1.4452519168357556E-002)
   10.301469999999998        1.2500000000000000     
 ( 0.63682314604103207     ,  1.4650899703336589E-002) ( 0.64300184162244589     ,  1.4960727126533780E-002)
 ( 0.54781544780958602     ,  1.4559134043868294E-002) (  4.8408390274936212E-008,  1.3002596636626271E-009) (  4.8408389014056704E-008,  1.3002596628913002E-009) (-0.55329711208753951     , -1.4865684214675053E-002)
   10.351464999999999        1.2500000000000000     
 ( 0.64635287378940609     ,  1.5068415757220588E-002) ( 0.65262867945072134     ,  1.5387600604542804E-002)
 ( 0.55519296461621603     ,  1.4972664905000701E-002) (  4.9061020133252780E-008,  1.3372365034709201E-009) (  4.9061018818005721E-008,  1.3372365026624660E-009) (-0.56075444693547005     , -1.5288418633967224E-002)
   10.401459999999998        1.2500000000000000     
 ( 0.65597927267308620     ,  1.5495599301285459E-002) ( 0.66235328256853332     ,  1.5824378630956468E-002)
 ( 0.56262611080227909     ,  1.5395701595142568E-002) (  4.9718589479398336E-008,  1.3750650566963085E-009) (  4.9718588106356770E-008,  1.3750650558481179E-009) (-0.56826816777865796     , -1.5720889345491151E-002)
   10.451454999999999        1.2500000000000000     
 ( 0.66570289712356412     ,  1.5932619619769720E-002) ( 0.67217622161006396     ,  1.6271235720229846E-002)
 ( 0.57011488258579235     ,  1.5828407445818253E-002) (  5.0381098001340606E-008,  1.4137600499457342E-009) (  5.0381096568747741E-008,  1.4137600490553598E-009) (-0.57583826721900855     , -1.6163264667266544E-002)
   10.501449999999998        1.2500000000000000     
 ( 0.67552419645055883     ,  1.6379646879245431E-002) ( 0.68209793876042513     ,  1.6728346624343499E-002)
 ( 0.57765913661092527     ,  1.6270946468432232E-002) (  5.1048533070204515E-008,  1.4533362128369345E-009) (  5.1048531576558627E-008,  1.4533362119011174E-009) (-0.58346460047348170     , -1.6615712924693552E-002)
   10.551444999999999        1.2500000000000000     
 ( 0.68544373467599096     ,  1.6836855043529966E-002) ( 0.69211901022494393     ,  1.7195890532922187E-002)
 ( 0.58525886325588783     ,  1.6723486269530255E-002) (  5.1720893998559842E-008,  1.4938086446143486E-009) (  5.1720892449967343E-008,  1.4938086436325746E-009) (-0.59114715865584655     , -1.7078406684802150E-002)
   10.601439999999998        1.2500000000000000     
 ( 0.69546199239784345     ,  1.7304418918815411E-002) ( 0.70223992569511628     ,  1.7674046838302267E-002)
 ( 0.59291395927134027     ,  1.7186195099101867E-002) (  5.2398172229887394E-008,  1.5351924441099561E-009) (  5.2398170605035103E-008,  1.5351924430788023E-009) (-0.59888584061915606     , -1.7551518506095022E-002)
   10.651434999999999        1.2500000000000000     
 ( 0.70557953456023770     ,  1.7782516096182966E-002) ( 0.71246126565165691     ,  1.8162999341690102E-002)
 ( 0.60062439378050980     ,  1.7659243780274999E-002) (  5.3080366650312424E-008,  1.5775030769672344E-009) (  5.3080364956945140E-008,  1.5775030761771298E-009) (-0.60668063527931715     , -1.8035225131146249E-002)
   10.701429999999998        1.2500000000000000     
 ( 0.71579682562693425     ,  1.8271323968421377E-002) ( 0.72278348753073207     ,  1.8662929352164900E-002)
 ( 0.60839003550379134     ,  1.8142802711427205E-002) (  5.3767464074873851E-008,  1.6207557702878875E-009) (  5.3767462296246057E-008,  1.6207557694425680E-009) (-0.61453138762582948     , -1.8529700580085268E-002)
   10.751424999999999        1.2500000000000000     
 ( 0.72611438809895135     ,  1.8771023726381841E-002) ( 0.73320713108349678     ,  1.9174023929655601E-002)
 ( 0.61621081023534596     ,  1.8637045889810348E-002) (  5.4459459502976941E-008,  1.6649662365058252E-009) (  5.4459457663970957E-008,  1.6649662353163114E-009) (-0.62243804006715031     , -1.9035124408997489E-002)
   10.801419999999998        1.2500000000000000     
 ( 0.73653273074427228     ,  1.9281798250516818E-002) ( 0.74373270329272922     ,  1.9696471830747016E-002)
 ( 0.62408661254410591     ,  1.9142148753719137E-002) (  5.5156343229627874E-008,  1.7101503138371135E-009) (  5.5156341299944022E-008,  1.7101503125922857E-009) (-0.63040047976601310     , -1.9551677616801700E-002)
   10.851414999999999        1.2500000000000000     
 ( 0.74705238385242245     ,  1.9803831629085240E-002) ( 0.75436075343936959     ,  2.0230462056410697E-002)
 ( 0.63201736256156971     ,  1.9658287738272193E-002) (  5.5858109713464283E-008,  1.7563238416075965E-009) (  5.5858107718290855E-008,  1.7563238408756039E-009) (-0.63841864236015911     , -2.0079541221854756E-002)
   10.901409999999998        1.2500000000000000     
 ( 0.75767385407982490     ,  2.0337311432851102E-002) ( 0.76509178875239447     ,  2.0776188026946391E-002)
 ( 0.64000295861766987     ,  2.0185642497866647E-002) (  5.6564749278050093E-008,  1.8035030251224547E-009) (  5.6564747218666359E-008,  1.8035030237518522E-009) (-0.64649241552607351     , -2.0618900393348915E-002)
   10.951404999999999        1.2500000000000000     
 ( 0.76839764759806373     ,  2.0882423367908284E-002) ( 0.77592632455067578     ,  2.1333840676979819E-002)
 ( 0.64804328062999672     ,  2.0724390586586670E-002) (  5.7276251959360494E-008,  1.8517038273060988E-009) (  5.7276249777205748E-008,  1.8517038258697214E-009) (-0.65462168335180160     , -2.1169937564340758E-002)
   11.001399999999999        1.2500000000000000     
 ( 0.77922430614551275     ,  2.1439359427633423E-002) ( 0.78686491956656213     ,  2.1903618191827453E-002)
 ( 0.65613824147123789     ,  2.1274715591516460E-002) (  5.7992611711692210E-008,  1.9009428248285055E-009) (  5.7992609460086988E-008,  1.9009428232519605E-009) (-0.66280637482130200     , -2.1732842149440809E-002)
   11.051394999999999        1.2500000000000000     
 ( 0.79015426977191194     ,  2.2008311053271886E-002) ( 0.79790800451796928     ,  2.2485717551364325E-002)
 ( 0.66428765418508573     ,  2.1836800298488869E-002) (  5.8713810502129017E-008,  1.9512364652675282E-009) (  5.8713808157592945E-008,  1.9512364636888305E-009) (-0.67104628247095754     , -2.2307802103764294E-002)
   11.101389999999999        1.2500000000000000     
 ( 0.80118813036393932     ,  2.2589471479820749E-002) ( 0.80905618871264284     ,  2.3080337534499125E-002)
 ( 0.67249147140304422     ,  2.2410829003341005E-002) (  5.9439845574732761E-008,  2.0026013281130575E-009) (  5.9439843135868394E-008,  2.0026013266098987E-009) (-0.67934137432884267     , -2.2895006885886558E-002)
   11.151384999999999        1.2500000000000000     
 ( 0.81232636138148129     ,  2.3183038399170956E-002) ( 0.82030995883611957     ,  2.3687682673166975E-002)
 ( 0.68074952112275622     ,  2.2996990210544237E-002) (  6.0170702135649197E-008,  2.0550544746368843E-009) (  6.0170699599267217E-008,  2.0550544729042887E-009) (-0.68769147802284480     , -2.3494651444270914E-002)
   11.201379999999999        1.2500000000000000     
 ( 0.82356947695941207     ,  2.3789206277928045E-002) ( 0.83166983415237172     ,  2.4307952319655161E-002)
 ( 0.68906168137095081     ,  2.3595468906001831E-002) (  6.0906370388749009E-008,  2.1086124844413710E-009) (  6.0906367748770572E-008,  2.1086124831271949E-009) (-0.69609647858103896     , -2.4106925228752470E-002)
   11.251374999999999        1.2500000000000000     
 ( 0.83491793912060508     ,  2.4408179708024041E-002) ( 0.84313626619226356     ,  2.4941358570705237E-002)
 ( 0.69742774761059900     ,  2.4206459887524935E-002) (  6.1646830570249263E-008,  2.1632930265614759E-009) (  6.1646827830517834E-008,  2.1632930246605499E-009) (-0.70455615176701392     , -2.4732030144511381E-002)
   11.301369999999999        1.2500000000000000     
 ( 0.84637233738486317     ,  2.5040153753646769E-002) ( 0.85470987502971563     ,  2.5588101355726742E-002)
 ( 0.70584766024926027     ,  2.4830148188921045E-002) (  6.2392079877528293E-008,  2.2191126829634558E-009) (  6.2392077022698294E-008,  2.2191126809719274E-009) (-0.71307046162867249     , -2.5370155647335822E-002)
   11.351364999999999        1.2500000000000000     
 ( 0.85793314404227705     ,  2.5685337814929429E-002) ( 0.86639115321198734     ,  2.6248397594188812E-002)
 ( 0.71432123167319372     ,  2.5466732821278735E-002) (  6.3142103236295365E-008,  2.2760894871746151E-009) (  6.3142100231483612E-008,  2.2760894856629512E-009) (-0.72163923347526604     , -2.6021507813407171E-002)
   11.401359999999999        1.2500000000000000     
 ( 0.86960088168347938     ,  2.6343933144069423E-002) ( 0.87818059838912443     ,  2.6922453410306035E-002)
 ( 0.72284831083879175     ,  2.6116404371358842E-002) (  6.3896885012045377E-008,  2.3342405075974733E-009) (  6.3896881927182445E-008,  2.3342405054124447E-009) (-0.73026229025008838     , -2.6686281640211178E-002)
   11.451355000000000        1.2500000000000000     
 ( 0.88137597201612194     ,  2.7016146693181559E-002) ( 0.89007862308522423     ,  2.7610483568872881E-002)
 ( 0.73142864952545950     ,  2.6779358811076601E-002) (  6.4656402300159753E-008,  2.3935835374607387E-009) (  6.4656399093309029E-008,  2.3935835351720487E-009) (-0.73893936412902350     , -2.7364680452384646E-002)
   11.501349999999999        1.2500000000000000     
 ( 0.89325902523986433     ,  2.7702190151420107E-002) ( 0.90208591153622342     ,  2.8312705980228895E-002)
 ( 0.74006217700995103     ,  2.7455796506511556E-002) (  6.5420654308450134E-008,  2.4541366131908521E-009) (  6.5420650977958104E-008,  2.4541366107950082E-009) (-0.74767044657165205     , -2.8056910324171215E-002)
   11.551345000000000        1.2500000000000000     
 ( 0.90525056458028386     ,  2.8402272812763286E-002) ( 0.91420296036197890     ,  2.9029336095333036E-002)
 ( 0.74874874381521228     ,  2.8145915101459685E-002) (  6.6189626162605595E-008,  2.5159175308761018E-009) (  6.6189622665464425E-008,  2.5159175283695936E-009) (-0.75645536405001601     , -2.8763174572583414E-002)
   11.601339999999999        1.2500000000000000     
 ( 0.91735095703631808     ,  2.9116608489542284E-002) ( 0.92643011862231106     ,  2.9760595259223342E-002)
 ( 0.75748800454212761     ,  2.8849916423757897E-002) (  6.6963284855239347E-008,  2.5789445674029917E-009) (  6.6963281261256383E-008,  2.5789445647749640E-009) (-0.76529373991029903     , -2.9483682028271140E-002)
   11.651335000000000        1.2500000000000000     
 ( 0.92956083655495103     ,  2.9845407196115819E-002) ( 0.93876805947034292     ,  3.0506699664523115E-002)
 ( 0.76627992930490230     ,  2.9567998136239306E-002) (  6.7741631356746187E-008,  2.6432355178061317E-009) (  6.7741627642188758E-008,  2.6432355149891760E-009) (-0.77418557972568136     , -3.0218635994921039E-002)
   11.701330000000000        1.2500000000000000     
 ( 0.94188064624320222     ,  3.0588891761711239E-002) ( 0.95121722452022595     ,  3.1267879635129954E-002)
 ( 0.77512423690510868     ,  3.0300370385747795E-002) (  6.8524640067832375E-008,  2.7088093832622304E-009) (  6.8524636191361832E-008,  2.7088093809633858E-009) (-0.78313059333951063     , -3.0968253560867319E-002)
   11.751324999999998        1.2500000000000000     
 ( 0.95431093866975625     ,  3.1347276326175462E-002) ( 0.96377820711091478     ,  3.2044354868832121E-002)
 ( 0.78402080337108404     ,  3.1047234234109003E-002) (  6.9312303751775244E-008,  2.7756842009737481E-009) (  6.9312299727341413E-008,  2.7756841979631440E-009) (-0.79212869120187168     , -3.1732740792679036E-002)
   11.801319999999999        1.2500000000000000     
 ( 0.96685213808413617     ,  3.2120782559284168E-002) ( 0.97645137049320851     ,  3.2836356485553740E-002)
 ( 0.79296931421721706     ,  3.1808797923226342E-002) (  7.0104588356739300E-008,  2.8438789729518731E-009) (  7.0104584180692381E-008,  2.8438789698027212E-009) (-0.80117948684682627     , -3.2512314771196232E-002)
   11.851314999999998        1.2500000000000000     
 ( 0.97950479093841891     ,  3.2909631493898236E-002) ( 0.98923731822125804     ,  3.3644110440377427E-002)
 ( 0.80196961679512491     ,  3.2585268658495169E-002) (  7.0901486095879282E-008,  2.9134122145910938E-009) (  7.0901481779926780E-008,  2.9134122112917880E-009) (-0.81028288553157657     , -3.3307187037697236E-002)
   11.901309999999999        1.2500000000000000     
 ( 0.99226943052086447     ,  3.3714048980773993E-002) (  1.0021365860958857     ,  3.4467851372593727E-002)
 ( 0.81102151697250469     ,  3.3376858072506815E-002) (  7.1702978922611411E-008,  2.9843031680325364E-009) (  7.1702974398237968E-008,  2.9843031645895985E-009) (-0.81943868160515887     , -3.4117577388062627E-002)
   11.951304999999998        1.2500000000000000     
 (  1.0051464945672164     ,  3.4534257692484631E-002) (  1.0151496112230831     ,  3.5307808816881510E-002)
 ( 0.82012474285601511     ,  3.4183774184861952E-002) (  7.2509042765944496E-008,  3.0565705869258989E-009) (  7.2509038117279702E-008,  3.0565705833185639E-009) (-0.82864659637255167     , -3.4943700083075242E-002)
   12.001299999999999        1.2500000000000000     
 (  1.0181365312714412     ,  3.5370485530839969E-002) (  1.0282769386872401     ,  3.6164218235780081E-002)
 ( 0.82927908809065065     ,  3.5006229898717080E-002) (  7.3319659097884852E-008,  3.1302337101736079E-009) (  7.3319654257240796E-008,  3.1302337064049854E-009) (-0.83790641596202264     , -3.5785774889195529E-002)
   12.051294999999998        1.2500000000000000     
 (  1.0312400297149984     ,  3.6222961446768044E-002) (  1.0415190999527089     ,  3.7037315403456651E-002)
 ( 0.83848432811194107     ,  3.5844438684737891E-002) (  7.4134811420286232E-008,  3.2053117653819489E-009) (  7.4134806380624081E-008,  3.2053117624446735E-009) (-0.84721795010564993     , -3.6644021449877683E-002)
   12.101289999999999        1.2500000000000000     
 (  1.0444574038271102     ,  3.7091921255915969E-002) (  1.0548764702911186     ,  3.7927344982297224E-002)
 ( 0.84774012089575590     ,  3.6698620488377395E-002) (  7.4954465220057072E-008,  3.2818247211763001E-009) (  7.4954460013093818E-008,  3.2818247170566301E-009) (-0.85658080062799213     , -3.7518667861146493E-002)
   12.151284999999998        1.2500000000000000     
 (  1.0577892899461168     ,  3.7977591309401260E-002) (  1.0683497611085917     ,  3.8834540870303226E-002)
 ( 0.85704636758950203     ,  3.7568985286950525E-002) (  7.5778619079988551E-008,  3.3597915552430129E-009) (  7.5778613680943027E-008,  3.3597915512258913E-009) (-0.86599495370749480     , -3.8409930919143069E-002)
   12.201279999999999        1.2500000000000000     
 (  1.0712360618849668     ,  3.8880208043096783E-002) (  1.0819392666030827     ,  3.9759145716004321E-002)
 ( 0.86640267465379028     ,  3.8455752730856302E-002) (  7.6607230755574968E-008,  3.4392319799891723E-009) (  7.6607225176852434E-008,  3.4392319754846970E-009) (-0.87545991976686688     , -3.9318035763066396E-002)
   12.251274999999998        1.2500000000000000     
 (  1.0847982971002843     ,  3.9800009934842132E-002) (  1.0956456295386094     ,  4.0701408132544373E-002)
 ( 0.87580887007546682     ,  3.9359144060434254E-002) (  7.7440289607099099E-008,  3.5201661836343543E-009) (  7.7440283797355992E-008,  3.5201661789252287E-009) (-0.88497557511317027     , -4.0243213007403515E-002)
   12.301269999999999        1.2500000000000000     
 (  1.0984764417229229     ,  4.0737233586325541E-002) (  1.1094693093009926     ,  4.1661571664270557E-002)
 ( 0.88526463939688793     ,  4.0279378167247810E-002) (  7.8277770065634195E-008,  3.6026138680386190E-009) (  7.8277764053994154E-008,  3.6026138631123726E-009) (-0.89454162710549889     , -4.1185687690947562E-002)
   12.351264999999998        1.2500000000000000     
 (  1.1122710087550574     ,  4.1692119732148841E-002) (  1.1234107773936395     ,  4.2639885864699550E-002)
 ( 0.89476972443404190     ,  4.1216677514603596E-002) (  7.9119645176984509E-008,  3.6865952154058441E-009) (  7.9119638947220408E-008,  3.6865952102618631E-009) (-0.90415776598193287     , -4.2145690297507962E-002)
   12.401259999999999        1.2500000000000000     
 (  1.1261824972507692     ,  4.2664908637793472E-002) (  1.1374706009402669     ,  4.3636597922943152E-002)
 ( 0.90432385802820192     ,  4.2171263668506237E-002) (  7.9965896192704240E-008,  3.7721301572216151E-009) (  7.9965889739831515E-008,  3.7721301518399763E-009) (-0.91382377402926163     , -4.3123448501471817E-002)
   12.451254999999998        1.2500000000000000     
 (  1.1402113387568555     ,  4.3655843970714120E-002) (  1.1516491674112601     ,  4.4651960993884146E-002)
 ( 0.91392669065596022     ,  4.3143361094235763E-002) (  8.0816488601560388E-008,  3.8592391053597541E-009) (  8.0816481951467436E-008,  3.8592390997352428E-009) (-0.92353925189543495     , -4.4119195412889597E-002)
   12.501249999999999        1.2500000000000000     
 (  1.1543581337370727     ,  4.4665171815458975E-002) (  1.1659471372940682     ,  4.5686228773397071E-002)
 ( 0.92357803122395132     ,  4.4133196146962934E-002) (  8.1671410587417371E-008,  3.9479424661029490E-009) (  8.1671403701219094E-008,  3.9479424600846021E-009) (-0.93330406685124745     , -4.5133164100206125E-002)
   12.551245000000000        1.2500000000000000     
 (  1.1686232391328475     ,  4.5693139611549825E-002) (  1.1803648219495049     ,  4.6739658273446373E-002)
 ( 0.93327743099679172     ,  4.5140995925239596E-002) (  8.2530618821389042E-008,  4.0382608865619099E-009) (  8.2530611651883059E-008,  4.0382608802753232E-009) (-0.94311772068681032     , -4.6165590362583261E-002)
   12.601239999999999        1.2500000000000000     
 (  1.1830072570704611     ,  4.6739991648712585E-002) (  1.1949028739963479     ,  4.7812501275276510E-002)
 ( 0.94302473967240696     ,  4.6166983974199077E-002) (  8.3394103043605364E-008,  4.1302145169182673E-009) (  8.3394095617731122E-008,  4.1302145105055058E-009) (-0.95298008926551636     , -4.7216704281600123E-002)
   12.651235000000000        1.2500000000000000     
 (  1.1975106298689813     ,  4.7805981765273342E-002) (  1.2095617067459175     ,  4.8905021255886791E-002)
 ( 0.95281956271914270     ,  4.7211392716730617E-002) (  8.4261826555843515E-008,  4.2238244712704422E-009) (  8.4261818870013274E-008,  4.2238244628662119E-009) (-0.96289075545027836     , -4.8286747008212456E-002)
   12.701229999999999        1.2500000000000000     
 (  1.2121338207966226     ,  4.8891362262403391E-002) (  1.2243418098161163     ,  5.0017479394129233E-002)
 ( 0.96266157950868181     ,  4.8274452499383988E-002) (  8.5133762345507687E-008,  4.3191116092381132E-009) (  8.5133754386098774E-008,  4.3191116022533877E-009) (-0.97284940469275616     , -4.9375956776154445E-002)
   12.751225000000000        1.2500000000000000     
 (  1.2268772508398795     ,  4.9996384415827051E-002) (  1.2392435996727686     ,  5.1150134596227768E-002)
 ( 0.97255037570073533     ,  4.9356392067533179E-002) (  8.6009874059108467E-008,  4.4160965466065956E-009) (  8.6009865788397039E-008,  4.4160965401701560E-009) (-0.98285561993776882     , -5.0484568975335473E-002)
   12.801219999999999        1.2500000000000000     
 (  1.2417415444561255     ,  5.1121307843555099E-002) (  1.2542677449435893     ,  5.2303257367318244E-002)
 ( 0.98248578385124996     ,  5.0457448008498849E-002) (  8.6890149762485563E-008,  4.5148008646531096E-009) (  8.6890141240489940E-008,  4.5148008581823875E-009) (-0.99290926397246237     , -5.1612830018212055E-002)
   12.851215000000000        1.2500000000000000     
 (  1.2567271513366876     ,  5.2266380643089527E-002) (  1.2694146729234634     ,  5.3477102129158627E-002)
 ( 0.99246740783390519     ,  5.1577844565831865E-002) (  8.7774552529159700E-008,  4.6152446663254671E-009) (  8.7774543674032291E-008,  4.6152446583641614E-009) ( -1.0030099110888320     , -5.2760969432654306E-002)
   12.901209999999999        1.2500000000000000     
 (  1.2718344774748076     ,  5.3431867024801211E-002) (  1.2846847933695478     ,  5.4671945976871590E-002)
 (  1.0024948505066806     ,  5.2717821670154652E-002) (  8.8663046790184410E-008,  4.7174499941607324E-009) (  8.8663037667552072E-008,  4.7174499869895844E-009) ( -1.0131571544680871     , -5.3929238950093959E-002)
   12.951205000000000        1.2500000000000000     
 (  1.2870640476768616     ,  5.4618032167320814E-002) (  1.3000786249150003     ,  5.5888061049875891E-002)
 (  1.0125677787778928     ,  5.3877619468671256E-002) (  8.9555603613525883E-008,  4.8214383967068208E-009) (  8.9555594141748179E-008,  4.8214383891597449E-009) ( -1.0233506555689409     , -5.5117884580219635E-002)
   13.001199999999999        1.2500000000000000     
 (  1.3024164024866696     ,  5.5825122985685850E-002) (  1.3155967732515639     ,  5.7125703359992834E-002)
 (  1.0226858980125875     ,  5.5057459313617246E-002) (  9.0452201597082375E-008,  4.9272299556515665E-009) (  9.0452191809611217E-008,  4.9272299465881047E-009) ( -1.0335901713982101     , -5.6327135605214330E-002)
   13.051195000000000        1.2500000000000000     
 (  1.3178918448425909     ,  5.7053417883906880E-002) (  1.3312394798618870     ,  5.8385162804642864E-002)
 (  1.0328486856540433     ,  5.6257593267453027E-002) (  9.1352789322774636E-008,  5.0348476508921816E-009) (  9.1352779230294590E-008,  5.0348476437402027E-009) ( -1.0438751093912930     , -5.7557254384553433E-002)
   13.101189999999999        1.2500000000000000     
 (  1.3334910218834934     ,  5.8303171753093110E-002) (  1.3470074581898819     ,  5.9666701984116971E-002)
 (  1.0430559232942944     ,  5.7478249294415938E-002) (  9.2257351928912783E-008,  5.1443120274888692E-009) (  9.2257341422165902E-008,  5.1443120176133080E-009) ( -1.0542052981788705     , -5.8808475439834605E-002)
   13.151185000000000        1.2500000000000000     
 (  1.3492142944362473     ,  5.9574652881227388E-002) (  1.3629010422721559     ,  6.0970600831780776E-002)
 (  1.0533071258802931     ,  5.8719667956199040E-002) (  9.3165845443896452E-008,  5.2556450632736790E-009) (  9.3165834655692197E-008,  5.2556450529631150E-009) ( -1.0645802324519480     , -6.0081049693458129E-002)
   13.201179999999999        1.2500000000000000     
 (  1.3650622534779775     ,  6.0868134056794129E-002) (  1.3789208669294768     ,  6.2297139877345399E-002)
 (  1.0636019978290807     ,  5.9982093709799213E-002) (  9.4078246835508015E-008,  5.3688687405382155E-009) (  9.4078235610469664E-008,  5.3688687297689435E-009) ( -1.0749996445945087     , -6.1375228092649808E-002)
   13.251175000000000        1.2500000000000000     
 (  1.3810352069379890     ,  6.2183879098516706E-002) (  1.3950671810746078     ,  6.3646594613143065E-002)
 (  1.0739400192682818     ,  6.1265761266517400E-002) (  9.4994504620964127E-008,  5.4840045297817565E-009) (  9.4994493095427577E-008,  5.4840045168546771E-009) ( -1.0854629447408430     , -6.2691255721177147E-002)
   13.301169999999999        1.2500000000000000     
 (  1.3971337594955819     ,  6.3522160612982756E-002) (  1.4113406252069207     ,  6.5019246696977395E-002)
 (  1.0843208805011750     ,  6.2570913419711341E-002) (  9.5914594526288230E-008,  5.6010743729121169E-009) (  9.5914582541096387E-008,  5.6010743612027408E-009) ( -1.0959698554528308     , -6.4029383043144802E-002)
   13.351165000000000        1.2500000000000000     
 (  1.4133583823719305     ,  6.4883246271134704E-002) (  1.4277417230794349     ,  6.6415372886538940E-002)
 (  1.0947442254788837     ,  6.3897787306393880E-002) (  9.6838488623496525E-008,  5.7200997267423998E-009) (  9.6838476299334564E-008,  5.7200997142299381E-009) ( -1.1065200469701064     , -6.5389854935404071E-002)
   13.401159999999999        1.2500000000000000     
 (  1.4297094183030896     ,  6.6267417142718318E-002) (  1.4442707646165212     ,  6.7835267208169195E-002)
 (  1.1052094654469486     ,  6.5246632512199740E-002) (  9.7766131271652045E-008,  5.8411034708334452E-009) (  9.7766118592708904E-008,  5.8411034580677008E-009) ( -1.1171128906574415     , -6.6772932554581402E-002)
   13.451155000000000        1.2500000000000000     
 (  1.4461874487738458     ,  6.7674943243281535E-002) (  1.4609283837289884     ,  6.9279207557818134E-002)
 (  1.1157163120155016     ,  6.6617687113912735E-002) (  9.8697500563787301E-008,  5.9641070227742078E-009) (  9.8697487469331089E-008,  5.9641070117738166E-009) ( -1.1277481218691428     , -6.8178860354683429E-002)
   13.501149999999999        1.2500000000000000     
 (  1.4627928909609522     ,  6.9106106881308069E-002) (  1.4777149463459784     ,  7.0747489260066992E-002)
 (  1.1262642833773744     ,  6.8011200403888833E-002) (  9.9632550134713230E-008,  6.0891332388400020E-009) (  9.9632536477004620E-008,  6.0891332272616440E-009) ( -1.1384252166063498     , -6.9607899179832566E-002)
   13.551145000000000        1.2500000000000000     
 (  1.4795262060608334     ,  7.0561178094423124E-002) (  1.4946310057321299     ,  7.2240391530089584E-002)
 (  1.1368529567436358     ,  6.9427408627231582E-002) (  1.0057124915579595E-007,  6.2162034954225723E-009) (  1.0057123514685808E-007,  6.2162034832580393E-009) ( -1.1491438194508394     , -7.1060292941770964E-002)
   13.601139999999999        1.2500000000000000     
 (  1.4963878646333988     ,  7.2040438765520964E-002) (  1.5116769440640017     ,  7.3758205471760249E-002)
 (  1.1474818771881514     ,  7.0866559212445418E-002) (  1.0151355104477292E-007,  6.3453401390121289E-009) (  1.0151353657774425E-007,  6.3453401233537579E-009) ( -1.1599033907858902     , -7.2536296666759453E-002)
   13.651135000000000        1.2500000000000000     
 (  1.5133783416693678     ,  7.3544167430943247E-002) (  1.5288533282615731     ,  7.5301222602647599E-002)
 (  1.1581506144799896     ,  7.2328895108260710E-002) (  1.0245942369901397E-007,  6.4765654656948624E-009) (  1.0245940869134252E-007,  6.4765654499454023E-009) ( -1.1707035604564866     , -7.4036164780460045E-002)
   13.701129999999999        1.2500000000000000     
 (  1.5304980705356428     ,  7.5072652802913351E-002) (  1.5461605403726861     ,  7.6869740975137227E-002)
 (  1.1688586671011991     ,  7.3814668769953323E-002) (  1.0340882001516015E-007,  6.6099022646652592E-009) (  1.0340880459701922E-007,  6.6099022499879269E-009) ( -1.1815437936456121     , -7.5560157351803575E-002)
   13.751125000000000        1.2500000000000000     
 (  1.5477475074186695     ,  7.6626174780728043E-002) (  1.5635990520639056     ,  7.8464053543255627E-002)
 (  1.1796056170987084     ,  7.5324123026348305E-002) (  1.0436170252341648E-007,  6.7453728217223360E-009) (  1.0436168664476642E-007,  6.7453728068910753E-009) ( -1.1924236452926802     , -7.7108528619350664E-002)
   13.801119999999999        1.2500000000000000     
 (  1.5651270850741428     ,  7.8205013445034499E-002) (  1.5811693494759471     ,  8.0084448470105138E-002)
 (  1.1903909395293319     ,  7.6857499785114441E-002) (  1.0531802982427411E-007,  6.8829988972175282E-009) (  1.0531801330838924E-007,  6.8829988811200889E-009) ( -1.2033426530434863     , -7.8681526829458781E-002)
   13.851115000000000        1.2500000000000000     
 (  1.5826373371050289     ,  7.9809459983410241E-002) (  1.5988719232788557     ,  8.1731231322001108E-002)
 (  1.2012142160258132     ,  7.8415051214057993E-002) (  1.0627776218442383E-007,  7.0228036980078767E-009) (  1.0627774516055923E-007,  7.0228036794529483E-009) ( -1.2143003517334752     , -8.0279416710215115E-002)
   13.901109999999999        1.2500000000000000     
 (  1.6002786526441863     ,  8.1439800048927230E-002) (  1.6167071716813448     ,  8.3404697153109580E-002)
 (  1.2120749206960582     ,  7.9997023087412425E-002) (  1.0724085187963895E-007,  7.1648094310202991E-009) (  1.0724083431298038E-007,  7.1648094139391890E-009) ( -1.2252961991735971     , -8.1902451668856333E-002)
   13.951105000000000        1.2500000000000000     
 (  1.6180514116845046     ,  8.3096319033036534E-002) (  1.6346754906895362     ,  8.5105141951471230E-002)
 (  1.2229724865977094     ,  8.1603659863159927E-002) (  1.0820725169167028E-007,  7.3090382943362084E-009) (  1.0820723367797335E-007,  7.3090382735691393E-009) ( -1.2363296462105686     , -8.3550884864554892E-002)
   14.001100000000001        1.2500000000000000     
 (  1.6359562707342987     ,  8.4779305746903455E-002) (  1.6527775634321165     ,  8.6832867887025850E-002)
 (  1.2339066146338078     ,  8.3235208365746813E-002) (  1.0917693578579720E-007,  7.4555129297173231E-009) (  1.0917691717011447E-007,  7.4555129086543963E-009) ( -1.2474003970698029     , -8.5224974576274995E-002)
   14.051095000000000        1.2500000000000000     
 (  1.6539934914942693     ,  8.6489052368806468E-002) (  1.6710136271237752     ,  8.8588177778459648E-002)
 (  1.2448765910514323     ,  8.4891917958749230E-002) (  1.1014984005713909E-007,  7.6042559610970691E-009) (  1.1014982081298208E-007,  7.6042559414945347E-009) ( -1.2585077145114842     , -8.6924978875583939E-002)
   14.101089999999997        1.2500000000000000     
 (  1.6721636046189816     ,  8.8225854765646136E-002) (  1.6893842617584582     ,  9.0371380750197766E-002)
 (  1.2558820188338302     ,  8.6574040688775417E-002) (  1.1112593229475622E-007,  7.7552904764469475E-009) (  1.1112591248989557E-007,  7.7552904519052118E-009) ( -1.2696512295712101     , -8.8651160987450892E-002)
   14.151084999999997        1.2500000000000000     
 (  1.6904669896243882     ,  8.9989998147793904E-002) (  1.7078898052320493     ,  9.2182770235777076E-002)
 (  1.2669222923114805     ,  8.8281816613070371E-002) (  1.1210515574163986E-007,  7.9086380679864579E-009) (  1.1210513531353734E-007,  7.9086380464706183E-009) ( -1.2808302854456723     , -9.0403767253117870E-002)
   14.201079999999997        1.2500000000000000     
 (  1.7089041229541797     ,  9.1781781459230841E-002) (  1.7265307535463530     ,  9.4022662514889915E-002)
 (  1.2779969324426279     ,  9.0015498860057039E-002) (  1.1308746983494462E-007,  8.0643222646286590E-009) (  1.1308744880987420E-007,  8.0643222392420641E-009) ( -1.2920444204661188     , -9.2183065925185423E-002)
   14.251074999999998        1.2500000000000000     
 (  1.7274754440340423     ,  9.3601498077269404E-002) (  1.7453075555026705     ,  9.5891357847467926E-002)
 (  1.2891053727785875     ,  9.1775333850407287E-002) (  1.1407282391400412E-007,  8.2223650924281306E-009) (  1.1407280207242050E-007,  8.2223650660117571E-009) ( -1.3032930444875490     , -9.3989308137184258E-002)
   14.301069999999998        1.2500000000000000     
 (  1.7461814909312727     ,  9.5449440411320821E-002) (  1.7642207995228985     ,  9.7789163348217981E-002)
 (  1.3002471696808866     ,  9.3561565384795750E-002) (  1.1506118485584098E-007,  8.3827890326568510E-009) (  1.1506116239604699E-007,  8.3827890057380033E-009) ( -1.3145757880059090     , -9.5822750246776514E-002)
   14.351064999999998        1.2500000000000000     
 (  1.7650225088295459     ,  9.7325910249677156E-002) (  1.7832706615558878     ,  9.9716391792401882E-002)
 (  1.3114215858830338     ,  9.5374446300468332E-002) (  1.1605247982907416E-007,  8.5456170202459680E-009) (  1.1605245668588936E-007,  8.5456169922695368E-009) ( -1.3258918034042131     , -9.7683653780292964E-002)
   14.401059999999998        1.2500000000000000     
 (  1.7839990366793157     ,  9.9231211359012902E-002) (  1.8024577386750635     , 0.10167336302261004     )
 (  1.3226281849097297     ,  9.7214229780736836E-002) (  1.1704667593008374E-007,  8.7108724753061177E-009) (  1.1704665209519540E-007,  8.7108724455172097E-009) ( -1.3372407154719945     , -9.9572285638788907E-002)
   14.451054999999998        1.2500000000000000     
 (  1.8031115604871588     , 0.10116561931449379     ) (  1.8217824995570664     , 0.10366035822856402     )
 (  1.3338663890110178     ,  9.9081139874736573E-002) (  1.1804371996183660E-007,  8.8785753467796659E-009) (  1.1804369553362841E-007,  8.8785753163891858E-009) ( -1.3486219162823685     ,-0.10148887316087041     )
   14.501049999999998        1.2500000000000000     
 (  1.8223603239874990     , 0.10312946415712637     ) (  1.8412451675994246     , 0.10567772646862554     )
 (  1.3451355192453756     , 0.10097545376794720     ) (  1.1904355089507521E-007,  9.0487513925311437E-009) (  1.1904352565011053E-007,  9.0487513609033917E-009) ( -1.3600346965266312     ,-0.10343371012178426     )
   14.551044999999998        1.2500000000000000     
 (  1.8417459449195663     , 0.10512302067605668     ) (  1.8608464109858183     , 0.10772575085278409     )
 (  1.3564351032546418     , 0.10289739241845190     ) (  1.2004612918923693E-007,  9.2214205114650777E-009) (  1.2004610317307333E-007,  9.2214204831593608E-009) ( -1.3714786077680075     ,-0.10540702312464863     )
   14.601039999999998        1.2500000000000000     
 (  1.8612688059631499     , 0.10714660244739166     ) (  1.8805866531223734     , 0.10980475989473161     )
 (  1.3677645490798986     , 0.10484721379869018     ) (  1.2105140734372722E-007,  9.3966064444212615E-009) (  1.2105138054532933E-007,  9.3966064101062793E-009) ( -1.3829530972797472     ,-0.10740908281845613     )
   14.651034999999998        1.2500000000000000     
 (  1.8809294072021370     , 0.10920051535238544     ) (  1.9004663535794499     , 0.11191507196089329     )
 (  1.3791233226723780     , 0.10682516753021792     ) (  1.2205933376413901E-007,  9.5743319468013200E-009) (  1.2205930602823009E-007,  9.5743319111231558E-009) ( -1.3944575761501290     ,-0.10944014845801192     )
   14.701029999999998        1.2500000000000000     
 (  1.9007279077874892     , 0.11128505223235831     ) (  1.9204856127308618     , 0.11405699488370186     )
 (  1.3905105519891259     , 0.10883148862668031     ) (  1.2306982661629041E-007,  9.7546187280275985E-009) (  1.2306979810464056E-007,  9.7546186943230441E-009) ( -1.4059911036815165     ,-0.11150046746633763     )
   14.751024999999998        1.2500000000000000     
 (  1.9206650368949036     , 0.11340052437660351     ) (  1.9406452423070784     , 0.11623084857941936     )
 (  1.4019259370387949     , 0.11086642956955854     ) (  1.2408286636019526E-007,  9.9374894736861973E-009) (  1.2408283715509658E-007,  9.9374894362133820E-009) ( -1.4175534545275579     ,-0.11359029817029674     )
   14.801019999999998        1.2500000000000000     
 (  1.9407410528878650     , 0.11554722814024265     ) (  1.9609455371631321     , 0.11843694317203791     )
 (  1.4133686607507268     , 0.11293022566419679     ) (  1.2509838472334821E-007,  1.0122965802695442E-008) (  1.2509835449637821E-007,  1.0122965763572206E-008) ( -1.4291438487135042     ,-0.11570988688962232     )
   14.851014999999999        1.2500000000000000     
 (  1.9609563384190232     , 0.11772547973899029     ) (  1.9813867854880196     , 0.12067561138532794     )
 (  1.4248381125776151     , 0.11502313202180008     ) (  1.2611631646940985E-007,  1.0311071297519529E-008) (  1.2611628549604170E-007,  1.0311071259128796E-008) ( -1.4407615201324080     ,-0.11785950229048796     )
   14.901009999999998        1.2500000000000000     
 (  1.9813114398180898     , 0.11993557707617741     ) (  2.0019696315875848     , 0.12294716497208157     )
 (  1.4363337405288001     , 0.11714538311113591     ) (  1.2713662416742641E-007,  1.0501827516940801E-008) (  1.2713659220567695E-007,  1.0501827477976429E-008) ( -1.4524060550606794     ,-0.12003938983018153     )
   14.951004999999999        1.2500000000000000     
 (  2.0018068145766397     , 0.12217783499930650     ) (  2.0226945545502457     , 0.12525192775501748     )
 (  1.4478549695809813     , 0.11929722927508864     ) (  1.2815925647081149E-007,  1.0695256955660406E-008) (  1.2815922357038330E-007,  1.0695256910288198E-008) ( -1.4640768542891338     ,-0.12224980566892242     )
   15.000999999999998        1.2500000000000000     
 (  2.0224426721449982     , 0.12445255933484516     ) (  2.0435616745983132     , 0.12759022452188892     )
 (  1.4594009328419155     , 0.12147891030572033     ) (  1.2918413056362385E-007,  1.0891382077174140E-008) (  1.2918409662618835E-007,  1.0891382029969396E-008) ( -1.4757729661266432     ,-0.12449100570969436     )
   15.050994999999999        1.2500000000000000     
 (  2.0432194980145399     , 0.12676004430625751     ) (  2.0645714786392309     , 0.12996235851425303     )
 (  1.4709710325595187     , 0.12369065293506690     ) (  1.3021119340954420E-007,  1.1090223307854550E-008) (  1.3021115855528276E-007,  1.1090223255377018E-008) ( -1.4874937826194026     ,-0.12676322231859161     )
   15.100989999999998        1.2500000000000000     
 (  2.0641377128090168     , 0.12910061381730503     ) (  2.0857244454761474     , 0.13236866768255165     )
 (  1.4825646544499849     , 0.12593271227678909     ) (  1.3124039325074266E-007,  1.1291804008543740E-008) (  1.3124035738205556E-007,  1.1291803962092135E-008) ( -1.4992387092461201     ,-0.12906672166931341     )
   15.150984999999999        1.2500000000000000     
 (  2.0851977767824161     , 0.13147456753644304     ) (  2.1070210640608500     , 0.13480946841932859     )
 (  1.4941811420501219     , 0.12820531771966995     ) (  1.3227167736130556E-007,  1.1496145522150622E-008) (  1.3227164045327121E-007,  1.1496145467921667E-008) ( -1.5110071385974002     ,-0.13140174632182289     )
   15.200979999999998        1.2500000000000000     
 (  2.1064001753443846     , 0.13388222003877084     ) (  2.1284618320947248     , 0.13728508963158431     )
 (  1.5058199003155197     , 0.13050871171232498     ) (  1.3330499226147434E-007,  1.1703270097570095E-008) (  1.3330495436191545E-007,  1.1703270042360289E-008) ( -1.5227984548933002     ,-0.13376854981850325     )
   15.250974999999999        1.2500000000000000     
 (  2.1277451242690431     , 0.13632388095409925     ) (  2.1500468862815354     , 0.13979584995570563     )
 (  1.5174800646934790     , 0.13284313016520075     ) (  1.3434025498416678E-007,  1.1913198963616629E-008) (  1.3434021584517803E-007,  1.1913198910757490E-008) ( -1.5346117027882076     ,-0.13616737355976968     )
   15.300969999999998        1.2500000000000000     
 (  2.1492330838904663     , 0.13879985275789919     ) (  2.1717767281184321     , 0.14234206872675173     )
 (  1.5291609824947741     , 0.13520880113989650     ) (  1.3537741155204691E-007,  1.2125953349059098E-008) (  1.3537737122393688E-007,  1.2125953285927642E-008) ( -1.5464462602188123     ,-0.13859845896145737     )
   15.350964999999999        1.2500000000000000     
 (  2.1708645132475333     , 0.14131046151177978     ) (  2.1936518600524688     , 0.14492408917749219     )
 (  1.5408620057389482     , 0.13760597317076098     ) (  1.3641640809552882E-007,  1.2341556274327682E-008) (  1.3641636661307951E-007,  1.2341556205418972E-008) ( -1.5583015216671878     ,-0.14106206818720085     )
   15.400959999999998        1.2500000000000000     
 (  2.1926396467331890     , 0.14385600632385248     ) (  2.2156724415380875     , 0.14754222206905990     )
 (  1.5525822554277482     , 0.14003486705290846     ) (  1.3745715964150726E-007,  1.2560027852072535E-008) (  1.3745711697625527E-007,  1.2560027790994553E-008) ( -1.5701764962303952     ,-0.14355842983188849     )
   15.450954999999999        1.2500000000000000     
 (  2.2145590618073143     , 0.14643680627800978     ) (  2.2378391434089622     , 0.15019680093001375     )
 (  1.5643212315892119     , 0.14249572252096657     ) (  1.3849963020550336E-007,  1.2781390124686106E-008) (  1.3849958655866011E-007,  1.2781390056459425E-008) ( -1.5820707667528195     ,-0.14608779444065753     )
   15.500949999999998        1.2500000000000000     
 (  2.2366231623433368     , 0.14905316012324935     ) (  2.2601523045156782     , 0.15288813923206240     )
 (  1.5760781630030498     , 0.14498875575527226     ) (  1.3954374828279887E-007,  1.3005663040476961E-008) (  1.3954370340963334E-007,  1.3005662967388650E-008) ( -1.5939835293023452     ,-0.14865038894907304     )
   15.550944999999999        1.2500000000000000     
 (  2.2588323606891567     , 0.15170539743511760     ) (  2.2826124595895765     , 0.15561658366538819     )
 (  1.5878523699787299     , 0.14751421321418240     ) (  1.4058946027377396E-007,  1.3232869442279810E-008) (  1.4058941401864757E-007,  1.3232869366421657E-008) ( -1.6059141448132017     ,-0.15124647311747638     )
   15.600939999999998        1.2500000000000000     
 (  2.2811883668733226     , 0.15439383611249530     ) (  2.3052236135881179     , 0.15838242173598741     )
 (  1.5996418748755685     , 0.15007230021430210     ) (  1.4163660828461138E-007,  1.3463026572733933E-008) (  1.4163661469932124E-007,  1.3463026940985087E-008) ( -1.6178565269076557     ,-0.15387621294389661     )
   15.650934999999999        1.2500000000000000     
 (  2.3036886903352234     , 0.15711876019087889     ) (  2.3279785303299794     , 0.16118603606202428     )
 (  1.6114480584190611     , 0.15266326704989719     ) (  1.4268526454337713E-007,  1.3696160429808299E-008) (  1.4268527115114952E-007,  1.3696160818475865E-008) ( -1.6298199470831840     ,-0.15653996242989038     )
   15.700930000000000        1.2500000000000000     
 (  2.3263352009884510     , 0.15988049759236583     ) (  2.3508814699899707     , 0.16402772785612116     )
 (  1.6232691504875145     , 0.15528732657479613     ) (  1.4373530444518307E-007,  1.3932289177169168E-008) (  1.4373531124904574E-007,  1.3932289572993623E-008) ( -1.6417988160506947     ,-0.15923789912727052     )
   15.750924999999999        1.2500000000000000     
 (  2.3491284252359943     , 0.16267935424389776     ) (  2.3739329622938405     , 0.16690781538020105     )
 (  1.6351046113295851     , 0.15794469400840211     ) (  1.4478667427405393E-007,  1.4171432447545113E-008) (  1.4478668128799000E-007,  1.4171432857919606E-008) ( -1.6537925000017106     ,-0.16197024609392127     )
   15.800920000000000        1.2500000000000000     
 (  2.3720684601670743     , 0.16551565151571529     ) (  2.3971330319653434     , 0.16982664049840751     )
 (  1.6469532688881585     , 0.16063559803215133     ) (  1.4583926789252860E-007,  1.4413611791599547E-008) (  1.4583927511151382E-007,  1.4413612216840401E-008) ( -1.6657998001193379     ,-0.16473724824024535     )
   15.850914999999999        1.2500000000000000     
 (  2.3951559046585724     , 0.16838970746773485     ) (  2.4204823854146849     , 0.17278453587171255     )
 (  1.6588146141156068     , 0.16336026179656188     ) (  1.4689304844233768E-007,  1.4658847764228421E-008) (  1.4689305587587763E-007,  1.4658848204816364E-008) ( -1.6778202737965355     ,-0.16753913871602449     )
   15.900910000000000        1.2500000000000000     
 (  2.4183911027683158     , 0.17130181999815083     ) (  2.4439813638084376     , 0.17578181193119502     )
 (  1.6706878599744968     , 0.16611888742399286     ) (  1.4794794611466315E-007,  1.4907158867926580E-008) (  1.4794795376196655E-007,  1.4907159324555073E-008) ( -1.6898531262549608     ,-0.17037612744544381     )
   15.950904999999999        1.2500000000000000     
 (  2.4417742995185554     , 0.17425230849646162     ) (  2.4676301641933627     , 0.17881880343412340     )
 (  1.6825720381972635     , 0.16891169512487472     ) (  1.4900387306868624E-007,  1.5158565456232228E-008) (  1.4900388094049064E-007,  1.5158565929153656E-008) ( -1.7018973488558899     ,-0.17324844571863718     )
   16.000900000000001        1.2500000000000000     
 (  2.4653060840064049     , 0.17724149064734462     ) (  2.4914293766210474     , 0.18189584597163011     )
 (  1.6944665547034767     , 0.17173890209124829     ) (  1.5006077113499723E-007,  1.5413087790594826E-008) (  1.5006077924425540E-007,  1.5413088280432434E-008) ( -1.7139522645624417     ,-0.17615632324995639     )
   16.050895000000001        1.2500000000000000     
 (  2.4889866124410069     , 0.18026967753584031     ) (  2.5153791594397572     , 0.18501326557701450     )
 (  1.7063703714779201     , 0.17460071697105037     ) (  1.5111855472105656E-007,  1.5670745191087877E-008) (  1.5111856306322211E-007,  1.5670745698475888E-008) ( -1.7260169034667623     ,-0.17909997921906418     )
   16.100890000000000        1.2500000000000000     
 (  2.5128163780854895     , 0.18333717185363885     ) (  2.5394800738061787     , 0.18817137810012091     )
 (  1.7182828263200138     , 0.17749733731061465     ) (  1.5217716732440578E-007,  1.5931555773553597E-008) (  1.5217717590329568E-007,  1.5931556298929131E-008) ( -1.7380906085214394     ,-0.18207961897808808     )
   16.150885000000002        1.2500000000000000     
 (  2.5367957818314135     , 0.18644430659326688     ) (  2.5637324872695522     , 0.19137053427232953     )
 (  1.7302031578166617     , 0.18042899008945068     ) (  1.5323654069265975E-007,  1.6195540688131761E-008) (  1.5323654953180036E-007,  1.6195541232225886E-008) ( -1.7501725787506650     ,-0.18509548234198150     )
   16.200880000000002        1.2500000000000000     
 (  2.5609252591343212     , 0.18959137402144002     ) (  2.5881368335305033     , 0.19461104181593503     )
 (  1.7421304924869159     , 0.18339585728373906     ) (  1.5429659527569618E-007,  1.6462716895810324E-008) (  1.5429660436743955E-007,  1.6462717458955110E-008) ( -1.7622619259548515     ,-0.18814776149111148     )
   16.250875000000001        1.2500000000000000     
 (  2.5852050006445215     , 0.19277869143429471     ) (  2.6126932807426990     , 0.19789323174324247     )
 (  1.7540639190400751     , 0.18639814628930265     ) (  1.5535724847045897E-007,  1.6733103422812098E-008) (  1.5535725781523333E-007,  1.6733104005728555E-008) ( -1.7743576853498955     ,-0.19123667184268497     )
   16.300870000000000        1.2500000000000000     
 (  2.6096353844797844     , 0.19600659019905839     ) (  2.6374022284861018     , 0.20121745828248760     )
 (  1.7660025469939262     , 0.18943607430003825     ) (  1.5641842635714806E-007,  1.7006720986041924E-008) (  1.5641843608033558E-007,  1.7006721589468957E-008) ( -1.7864590114664525     ,-0.19436244838752442     )
   16.350865000000002        1.2500000000000000     
 (  2.6342168516537225     , 0.19927535186726467     ) (  2.6622641032822822     , 0.20458401158846848     )
 (  1.7779455798376227     , 0.19250980681392652     ) (  1.5748005427365423E-007,  1.7283584482511631E-008) (  1.5748006417660044E-007,  1.7283585106993196E-008) ( -1.7985650428401865     ,-0.19752525943412771     )
   16.400860000000002        1.2500000000000000     
 (  2.6589498764998738     , 0.20258531293150747     ) (  2.6872794505273276     , 0.20799324837856875     )
 (  1.7898922937299704     , 0.19561956303337225     ) (  1.5854207626750100E-007,  1.7563714569417656E-008) (  1.5854208644179448E-007,  1.7563715215554029E-008) ( -1.8106751425568521     ,-0.20072533885112964     )
   16.450855000000001        1.2500000000000000     
 (  2.6838345606736271     , 0.20593677338315194     ) (  2.7124483234000696     , 0.21144548305358796     )
 (  1.8018416091270797     , 0.19876552210040896     ) (  1.5960438939246503E-007,  1.7847127811905507E-008) (  1.5960439985165147E-007,  1.7847128480523441E-008) ( -1.8227881076864292     ,-0.20396287417713968     )
   16.500850000000000        1.2500000000000000     
 (  2.7088714761254327     , 0.20933003643567322     ) (  2.7377713243637394     , 0.21494103117946955     )
 (  1.8137927947550843     , 0.20194786402707804     ) (  1.6066693333582973E-007,  1.8133840754637241E-008) (  1.6066694409954829E-007,  1.8133841446343007E-008) ( -1.8349032663797720     ,-0.20723805208512608     )
   16.550845000000002        1.2500000000000000     
 (  2.7340609219682763     , 0.21276543685742746     ) (  2.7632486579477686     , 0.21848025524199804     )
 (  1.8257449263161161     , 0.20516679917445252     ) (  1.6172962020119722E-007,  1.8423873848461358E-008) (  1.6172963126671664E-007,  1.8423874563908915E-008) ( -1.8470196022016383     ,-0.21055110426116547     )
   16.600840000000002        1.2500000000000000     
 (  2.7594031898491620     , 0.21624326171821714     ) (  2.7888807730628060     , 0.22206345017448648     )
 (  1.8376970386194416     , 0.20842248730142546     ) (  1.6279237481484982E-007,  1.8717241416778355E-008) (  1.6279238619941577E-007,  1.8717242156731568E-008) ( -1.8591362499291850     ,-0.21390219221654011     )
   16.650835000000001        1.2500000000000000     
 (  2.7848986472912509     , 0.21976382136522241     ) (  2.8146678763504362     , 0.22569093714489827     )
 (  1.8496483004753510     , 0.21171510665384805     ) (  1.6385511009464162E-007,  1.9013959694174418E-008) (  1.6385512178554253E-007,  1.9013960459339457E-008) ( -1.8712522008928480     ,-0.21729149912417250     )
   16.700830000000000        1.2500000000000000     
 (  2.8105477434455959     , 0.22332742911888243     ) (  2.8406105825763999     , 0.22936305948545549     )
 (  1.8615978627696177     , 0.21504483956168530     ) (  1.6491776575131099E-007,  1.9314046855492733E-008) (  1.6491777777790953E-007,  1.9314047646720582E-008) ( -1.8833667712655429     ,-0.22071923024058238     )
   16.750825000000003        1.2500000000000000     
 (  2.8363508556078050     , 0.22693441661891064     ) (  2.8667091341432349     , 0.23308016266831583     )
 (  1.8735448197972151     , 0.21841188142985812     ) (  1.6598025221490046E-007,  1.9617520861507612E-008) (  1.6598026457539484E-007,  1.9617521679468380E-008) ( -1.8954789288026284     ,-0.22418558873125174     )
   16.800820000000002        1.2500000000000000     
 (  2.8623081749446464     , 0.23058505461834819     ) (  2.8929637987834420     , 0.23684252653367330     )
 (  1.8854881098384577     , 0.22181636571779842     ) (  1.6704247844175572E-007,  1.9924393795210399E-008) (  1.6704249114038290E-007,  1.9924394640817664E-008) ( -1.9075876191673451     ,-0.22769071011407710     )
   16.850815000000001        1.2500000000000000     
 (  2.8884201078112355     , 0.23427967234962652     ) (  2.9193749776688018     , 0.24065049932780500     )
 (  1.8974268924847915     , 0.22525848044794725     ) (  1.6810437146071390E-007,  2.0234683406501346E-008) (  1.6810438452151424E-007,  2.0234684280396017E-008) ( -1.9196920162804447     ,-0.23123479456493434     )
   16.900810000000000        1.2500000000000000     
 (  2.9146869706402621     , 0.23801855554511267     ) (  2.9459429509358035     , 0.24450438619797410     )
 (  1.9093601765010249     , 0.22873836869338124     ) (  1.6916584010238825E-007,  2.0548403523399898E-008) (  1.6916585363823580E-007,  2.0548404426766148E-008) ( -1.9317910579242805     ,-0.23481799756002836     )
   16.950805000000003        1.2500000000000000     
 (  2.9411091691728020     , 0.24180204162405269     ) (  2.9726681452090062     , 0.24840453924638031     )
 (  1.9212871069948150     , 0.23225622058802298     ) (  1.7022680926183181E-007,  2.0865571680216120E-008) (  1.7022682304301667E-007,  2.0865572613535635E-008) ( -1.9438838837241592     ,-0.23844051699473737     )
   17.000800000000002        1.2500000000000000     
 (  2.9676871463509622     , 0.24563041369672628     ) (  2.9995510218347783     , 0.25235126650098882     )
 (  1.9332067634548080     , 0.23581217145868444     ) (  1.7128720106902993E-007,  2.1186201482181257E-008) (  1.7128721523247571E-007,  2.1186202446640893E-008) ( -1.9559696190437013     ,-0.24210250553709436     )
   17.050795000000001        1.2500000000000000     
 (  2.9944209949409020     , 0.24950397817471526     ) (  3.0265916268294961     , 0.25634487829243430     )
 (  1.9451180679125004     , 0.23940637541284845     ) (  1.7234691614672351E-007,  2.1510306377519289E-008) (  1.7234693069930589E-007,  2.1510307374070939E-008) ( -1.9680470759656714     ,-0.24580411405840102     )
   17.100790000000003        1.2500000000000000     
 (  3.0213113351079763     , 0.25342304335661237     ) (  3.0537906636801426     , 0.26038570818151613     )
 (  1.9570201684954933     , 0.24303898668809010     ) (  1.7340588305706666E-007,  2.1837901623782139E-008) (  1.7340589801619772E-007,  2.1837902653344102E-008) ( -1.9801154855922987     ,-0.24954551419901258     )
   17.150785000000003        1.2500000000000000     
 (  3.0483582189735960     , 0.25738792591090159     ) (  3.0811481485498597     , 0.26447409307877234     )
 (  1.9689119879225507     , 0.24671016294348261     ) (  1.7446400613915488E-007,  2.2169002378149298E-008) (  1.7446402149579791E-007,  2.2169003441387955E-008) ( -1.9921737049634716     ,-0.25332687627457273     )
   17.200779999999998        1.2500000000000000     
 (  3.0755622166883447     , 0.26139888560066105     ) (  3.1086645746253767     , 0.26861030217574244     )
 (  1.9807926931062652     , 0.25042000497517236     ) (  1.7552120466319863E-007,  2.2503617859694691E-008) (  1.7552122053601278E-007,  2.2503618957916791E-008) ( -2.0042208184759893     ,-0.25714830232146768     )
   17.250774999999997        1.2500000000000000     
 (  3.1029236509954075     , 0.26545628010587247     ) (  3.1363403950344906     , 0.27279471882573403     )
 (  1.9926612757278777     , 0.25416870683072068     ) (  1.7657740001380105E-007,  2.2841766871580248E-008) (  1.7657741622086072E-007,  2.2841768005612218E-008) ( -2.0162559451223903     ,-0.26101000467831081     )
   17.300770000000000        1.2500000000000000     
 (  3.1304427145839506     , 0.26956035749280366     ) (  3.1641757291601920     , 0.27702759567364138     )
 (  2.0045166222112458     , 0.25795634928289973     ) (  1.7763248707423331E-007,  2.3183456408920607E-008) (  1.7763250382512112E-007,  2.3183457579973742E-008) ( -2.0282778543140796     ,-0.26491205954796998     )
   17.350764999999999        1.2500000000000000     
 (  3.1581197093029627     , 0.27371145650777179     ) (  3.1921708394736559     , 0.28130929740855354     )
 (  2.0163577134324431     , 0.26178310122949333     ) (  1.7868637496926247E-007,  2.3528703095162626E-008) (  1.7868639205659147E-007,  2.3528704303872120E-008) ( -2.0402854956206919     ,-0.26885465407038317     )
   17.400759999999998        1.2500000000000000     
 (  3.1859552073959527     , 0.27790985553162928     ) (  3.2203264231689741     , 0.28564012308271775     )
 (  2.0281837807269536     , 0.26564906877709360     ) (  1.7973900015552792E-007,  2.3877517533755296E-008) (  1.7973901770890162E-007,  2.3877518781492270E-008) ( -2.0522781391307947     ,-0.27283790632843030     )
   17.450755000000001        1.2500000000000000     
 (  3.2139493889242940     , 0.28215586286643390     ) (  3.2486425340499525     , 0.29002039649674982     )
 (  2.0399936578300331     , 0.26955438375535895     ) (  1.8079025478985188E-007,  2.4229912168060202E-008) (  1.8079027280675058E-007,  2.4229913456046176E-008) ( -2.0642545714198199     ,-0.27686195480453202     )
   17.500750000000000        1.2500000000000000     
 (  3.2421025298199533     , 0.28644976676733674     ) (  3.2771195360676559     , 0.29445042172170716     )
 (  2.0517862468491743     , 0.27349915490516791     ) (  1.8184004655370210E-007,  2.4585897421005103E-008) (  1.8184006505294426E-007,  2.4585898750588671E-008) ( -2.0762136936962188     ,-0.28092691528948505     )
   17.550744999999999        1.2500000000000000     
 (  3.2704151072934087     , 0.29079185492111148     ) (  3.3057578498668332     , 0.29893050225717827     )
 (  2.0635607381619612     , 0.27748348828907532     ) (  1.8288829954404150E-007,  2.4945483469774241E-008) (  1.8288831854901373E-007,  2.4945484841434104E-008) ( -2.0881546657303907     ,-0.28503290062052877     )
   17.600739999999998        1.2500000000000000     
 (  3.2988874281892202     , 0.29518243641705261     ) (  3.3345578040697981     , 0.30346096802969652     )
 (  2.0753160493166640     , 0.28150750575386696     ) (  1.8393491917553216E-007,  2.5308682301289242E-008) (  1.8393493867490365E-007,  2.5308683730215715E-008) ( -2.1000763782083478     ,-0.28918004412680370     )
   17.650735000000001        1.2500000000000000     
 (  3.3275196189506082     , 0.29962180393905707     ) (  3.3635195334614978     , 0.30804212812520787     )
 (  2.0870509626844225     , 0.28557131072350972     ) (  1.8497979794509195E-007,  2.5675503920181589E-008) (  1.8497981795406793E-007,  2.5675505380174670E-008) ( -2.1119776029976451     ,-0.29336845617371199     )
   17.700730000000000        1.2500000000000000     
 (  3.3563122017352165     , 0.30411023520961133     ) (  3.3926435410817595     , 0.31267427130537029     )
 (  2.0987646000949347     , 0.28967498780761225     ) (  1.8602285641751747E-007,  2.6045956180420247E-008) (  1.8602287695814673E-007,  2.6045957686875306E-008) ( -2.1238574111266626     ,-0.29759822304304251     )
   17.750724999999999        1.2500000000000000     
 (  3.3852655154878191     , 0.30864803079290931     ) (  3.4219301296609652     , 0.31735773009056972     )
 (  2.1104558832587608     , 0.29381864302363947     ) (  1.8706399955398452E-007,  2.6420050620734408E-008) (  1.8706402064266701E-007,  2.6420052174834467E-008) ( -2.1357147488724779     ,-0.30186947278936582     )
   17.800719999999998        1.2500000000000000     
 (  3.4143797297341112     , 0.31323549597328970     ) (  3.4513795710789843     , 0.32209282163009678     )
 (  2.1221237977886127     , 0.29800237925823470     ) (  1.8810314150957405E-007,  2.6797796741150673E-008) (  1.8810316315059786E-007,  2.6797798343803141E-008) ( -2.1475485810716082     ,-0.30618230991542905     )
   17.850715000000001        1.2500000000000000     
 (  3.4436552170761225     , 0.31787288977189210     ) (  3.4809921325309299     , 0.32687981545824291     )
 (  2.1337670359388721     , 0.30222625303296069     ) (  1.8914015969181218E-007,  2.7179199916997100E-008) (  1.8914018209985874E-007,  2.7179201569939700E-008) ( -2.1593575289404403     ,-0.31053679187103195     )
   17.900710000000000        1.2500000000000000     
 (  3.4730924659181310     , 0.32256052119769474     ) (  3.5107683619138212     , 0.33171905347401287     )
 (  2.1453849684634227     , 0.30649036631002513     ) (  1.9017500469334637E-007,  2.7564271400425996E-008) (  1.9017502746048913E-007,  2.7564273104692672E-008) ( -2.1711410148087396     ,-0.31493304297883407     )
   17.950704999999999        1.2500000000000000     
 (  3.5026915600538433     , 0.32729866378163708     ) (  3.5407083279239333     , 0.33661081130973702     )
 (  2.1569761180806690     , 0.31079478118530596     ) (  1.9120753953989430E-007,  2.7953016199207886E-008) (  1.9120756291694721E-007,  2.7953017956732347E-008) ( -2.1828974592739896     ,-0.31937111617395875     )
   18.000699999999998        1.2500000000000000     
 (  3.5324531284064609     , 0.33208761292916456     ) (  3.5708126830315030     , 0.34155541048026250     )
 (  2.1685397679535163     , 0.31513957985335950     ) (  1.9223770820734001E-007,  2.8345443308949662E-008) (  1.9223773217419639E-007,  2.8345445120381282E-008) ( -2.1946262228228122     ,-0.32385111013250173     )
   18.050695000000001        1.2500000000000000     
 (  3.5623770208096399     , 0.33692764779417206     ) (  3.6010811841667349     , 0.34655315368297290     )
 (  2.1800744551080773     , 0.31952482134007060     ) (  1.9326537102068979E-007,  2.8741559310269302E-008) (  1.9326539559311127E-007,  2.8741561177604005E-008) ( -2.2063256998118246     ,-0.32837309527862651     )
   18.100690000000000        1.2500000000000000     
 (  3.5924638956874584     , 0.34181904268969360     ) (  3.6315145911602804     , 0.35160432225631649     )
 (  2.1915792627814907     , 0.32395055893000502     ) (  1.9429045795015031E-007,  2.9141368925948920E-008) (  1.9429048318362801E-007,  2.9141370850517900E-008) ( -2.2179950824831378     ,-0.33293712149773569     )
   18.150684999999999        1.2500000000000000     
 (  3.6227140881735420     , 0.34676208208477444     ) (  3.6621132098079179     , 0.35670922324730203     )
 (  2.2030532593415044     , 0.32841684873912086     ) (  1.9531288081075073E-007,  2.9544878462414303E-008) (  1.9531290667690908E-007,  2.9544880446022423E-008) ( -2.2296333440388119     ,-0.33754325594265283     )
   18.200679999999998        1.2500000000000000     
 (  3.6531278452689300     , 0.35175705035746713     ) (  3.6928772721694956     , 0.36186816346605077     )
 (  2.2144951022639945     , 0.33292374659839791     ) (  1.9633251793794103E-007,  2.9952094194375161E-008) (  1.9633254447828216E-007,  2.9952096238523558E-008) ( -2.2412391247173726     ,-0.34219156584515525     )
   18.250675000000001        1.2500000000000000     
 (  3.6837053421854189     , 0.35680424188219512     ) (  3.7238068739556365     , 0.36708145603256193     )
 (  2.2259036588973324     , 0.33747131093043847     ) (  1.9734926720419597E-007,  3.0363022213103351E-008) (  1.9734929441886580E-007,  3.0363024319487513E-008) ( -2.2528112179750450     ,-0.34688211561808419     )
   18.300670000000000        1.2500000000000000     
 (  3.7144471356850266     , 0.36190389183164196     ) (  3.7549027332379983     , 0.37234934351156246     )
 (  2.2372781167672566     , 0.34205954114310916     ) (  1.9836306780285612E-007,  3.0777662511813237E-008) (  1.9836309570076591E-007,  3.0777664681636481E-008) ( -2.2643489049835224     ,-0.35161490017985264     )
   18.350664999999999        1.2500000000000000     
 (  3.7453532177181210     , 0.36705631028638502     ) (  3.7861647103080416     , 0.37767216497336048     )
 (  2.2486169086279024     , 0.34668850226063636     ) (  1.9937376895086376E-007,  3.1196022675178999E-008) (  1.9937379756806675E-007,  3.1196024910563242E-008) ( -2.2758504941872353     ,-0.35639000156450273     )
   18.400659999999998        1.2500000000000000     
 (  3.7764243993172331     , 0.37226175028820496     ) (  3.8175937013974308     , 0.38305019192976181     )
 (  2.2599193755653912     , 0.35135820242587135     ) (  2.0038132166467467E-007,  3.1618104392838025E-008) (  2.0038135121592313E-007,  3.1618106695230316E-008) ( -2.2873154111681009     ,-0.36120743370716085     )
   18.450655000000001        1.2500000000000000     
 (  3.8076603593114910     , 0.37752049560379330     ) (  3.8491893017976331     , 0.38848372063007974     )
 (  2.2711839307893391     , 0.35606867246677432     ) (  2.0138557508498236E-007,  3.2043910875992888E-008) (  2.0138560516360407E-007,  3.2043913247727194E-008) ( -2.2987418987149826     ,-0.36606722783782841     )
   18.500650000000000        1.2500000000000000     
 (  3.8390620083527605     , 0.38283281063193120     ) (  3.8809524632939625     , 0.39397302982200377     )
 (  2.2824098290867272     , 0.36081992238267191     ) (  2.0238647342408697E-007,  3.2473443518159509E-008) (  2.0238650426415792E-007,  3.2473445960321402E-008) ( -2.3101293462177375     ,-0.37096939471500634     )
   18.550644999999999        1.2500000000000000     
 (  3.8706293334808310     , 0.38819898320310897     ) (  3.9128831597958724     , 0.39951844175641965     )
 (  2.2935957791750186     , 0.36561197916339688     ) (  2.0338389384495396E-007,  3.2906707081945025E-008) (  2.0338392545328246E-007,  3.2906709596936439E-008) ( -2.3214763035897144     ,-0.37591398373504542     )
   18.600639999999999        1.2500000000000000     
 (  3.9023627739938398     , 0.39361926381798001     ) (  3.9449818487936121     , 0.40512021598930242     )
 (  2.3047405529529619     , 0.37044483098047803     ) (  2.0437773145461392E-007,  3.3343700537917373E-008) (  2.0437776383739400E-007,  3.3343703127612500E-008) ( -2.3327816114476163     ,-0.38090097604975848     )
   18.650635000000001        1.2500000000000000     
 (  3.9342623803249297     , 0.39909388386363148     ) (  3.9772485727967148     , 0.41077859260459731     )
 (  2.3158430451193905     , 0.37531843809768473     ) (  2.0536788838326558E-007,  3.3784420577751891E-008) (  2.0536792160105479E-007,  3.3784423244019014E-008) ( -2.3440440964382652     ,-0.38593032957850260     )
   18.700630000000000        1.2500000000000000     
 (  3.9663287149853836     , 0.40462319768039434     ) (  4.0096838339580128     , 0.41649396609076439     )
 (  2.3269020822253479     , 0.38023288484215306     ) (  2.0635425777743088E-007,  3.4228877406952571E-008) (  2.0635429181285545E-007,  3.4228880151369913E-008) ( -2.3552625580419257     ,-0.39100215442067304     )
   18.750624999999999        1.2500000000000000     
 (  3.9985620881620729     , 0.41020738685034530     ) (  4.0422879900140201     , 0.42226651763398637     )
 (  2.3379165992490991     , 0.38518807111112507     ) (  2.0733674352911037E-007,  3.4677061414054119E-008) (  2.0733677840668081E-007,  3.4677064238716345E-008) ( -2.3664358797983063     ,-0.39611633463923468     )
   18.800620000000002        1.2500000000000000     
 (  4.0309627107998054     , 0.41584673224445323     ) (  4.0750612264705035     , 0.42809655770165078     )
 (  2.3488853019477274     , 0.39018399769258921     ) (  2.0831523464358135E-007,  3.5128974632866511E-008) (  2.0831527038853798E-007,  3.5128977540929526E-008) ( -2.3775628074705439     ,-0.40127288729590932     )
   18.850615000000001        1.2500000000000000     
 (  4.0635311288504141     , 0.42154152981617127     ) (  4.1080041412945878     , 0.43398440241021424     )
 (  2.3598071907952494     , 0.39522067176845449     ) (  2.0928964774846373E-007,  3.5584618670024278E-008) (  2.0928968438461440E-007,  3.5584621662546874E-008) ( -2.3886423494527227     ,-0.40647182489812789     )
   18.900610000000000        1.2500000000000000     
 (  4.0962672561647118     , 0.42729199858349670     ) (  4.1411165768867590     , 0.43993028141558893     )
 (  2.3706808023073864     , 0.40029802031708672     ) (  2.1025984161516092E-007,  3.6043987284011928E-008) (  2.1025987914995497E-007,  3.6043990362574503E-008) ( -2.3996728917373620     ,-0.41171306924197365     )
   18.950604999999999        1.2500000000000000     
 (  4.1291718961861426     , 0.43309839467464545     ) (  4.1743994001370393     , 0.44593447003200892     )
 (  2.3815054877490733     , 0.40541600259147270     ) (  2.1122576823837762E-007,  3.6507077976785820E-008) (  2.1122580669644642E-007,  3.6507081144733287E-008) ( -2.4106538918769438     ,-0.41699658581724136     )
   19.000600000000002        1.2500000000000000     
 (  4.1622448021605072     , 0.43896101313612057     ) (  4.2078522649730070     , 0.45199729082686002     )
 (  2.3922792564297599     , 0.41057461237763132     ) (  2.1218724087569860E-007,  3.6973891686628365E-008) (  2.1218728026842601E-007,  3.6973894945847662E-008) ( -2.4215831856007553     ,-0.42232237804971123     )
   19.050595000000001        1.2500000000000000     
 (  4.1954866826486308     , 0.44488004410477783     ) (  4.2414759650994593     , 0.45811893737812670     )
 (  2.4030015628743415     , 0.41577372990568423     ) (  2.1314421921897389E-007,  3.7444417566086755E-008) (  2.1314425958960175E-007,  3.7444420918827482E-008) ( -2.4324603476359079     ,-0.42769031555774994     )
   19.100590000000000        1.2500000000000000     
 (  4.2288975260204476     , 0.45085581434197836     ) (  4.2752704078416359     , 0.46429978024860230     )
 (  2.4136708014385513     , 0.42101337448738740     ) (  2.1409655681205363E-007,  3.7918660220541903E-008) (  2.1409659837355597E-007,  3.7918663687793306E-008) ( -2.4432836482105618     ,-0.43310044383172391     )
   19.150585000000000        1.2500000000000000     
 (  4.2624779338778271     , 0.45688850015506333     ) (  4.3092362053747877     , 0.47053997466449621     )
 (  2.4242860931733228     , 0.42629339990027337     ) (  2.1504417143968897E-007,  3.8396604320443393E-008) (  2.1504421378037154E-007,  3.8396607867473143E-008) ( -2.4540521426951312     ,-0.43855258073874259     )
   19.200580000000002        1.2500000000000000     
 (  4.2962283817364879     , 0.46297840983026045     ) (  4.3433739843972630     , 0.47683989685060335     )
 (  2.4348462454719764     , 0.43161379442069508     ) (  2.1598697229168021E-007,  3.8878253921388706E-008) (  2.1598701564806974E-007,  3.8878257569314036E-008) ( -2.4647648217757481     ,-0.44404676566705709     )
   19.250575000000001        1.2500000000000000     
 (  4.3301485344748185     , 0.46912575383830957     ) (  4.3776831612554306     , 0.48319974774943358     )
 (  2.4453495936259424     , 0.43697444245147704     ) (  2.1692479492895410E-007,  3.9363597295777792E-008) (  2.1692483933682473E-007,  3.9363601046975530E-008) ( -2.4754197692024205     ,-0.44958285645087676     )
   19.300570000000000        1.2500000000000000     
 (  4.3642392328985196     , 0.47533077256862655     ) (  4.4121647444787913     , 0.48961978035623166     )
 (  2.4557954062398619     , 0.44237524782713505     ) (  2.1785758277077538E-007,  3.9852626178388116E-008) (  2.1785762850331142E-007,  3.9852630035576066E-008) ( -2.4860163354688636     ,-0.45516075179611787     )
   19.350565000000000        1.2500000000000000     
 (  4.3985008342842269     , 0.48159373902895891     ) (  4.4468189927101598     , 0.49610028926738381     )
 (  2.4661824164589756     , 0.44781614693756172     ) (  2.1878521984162166E-007,  4.0345336090577517E-008) (  2.1878526642981818E-007,  4.0345340082780958E-008) ( -2.4965531945432065     ,-0.46078039255139269     )
   19.400560000000002        1.2500000000000000     
 (  4.4329332035717703     , 0.48791489975009050     ) (  4.4816457829002223     , 0.50264157435156498     )
 (  2.4765089836341208     , 0.45329704363516282     ) (  2.1970756177573892E-007,  4.0841722498350405E-008) (  2.1970760945288981E-007,  4.0841726575173363E-008) ( -2.5070286839331541     ,-0.46644171833399795     )
   19.450555000000001        1.2500000000000000     
 (  4.4675372312000539     , 0.49429445313350490     ) (  4.5166460507594763     , 0.50924380470264141     )
 (  2.4867745493096125     , 0.45881778307003424     ) (  2.2062455863242547E-007,  4.1341768357679679E-008) (  2.2062460748921686E-007,  4.1341772547932386E-008) ( -2.5174422181158094     ,-0.47214452767878856     )
   19.500550000000000        1.2500000000000000     
 (  4.5023125809883728     , 0.50073266106816061     ) (  4.5518193448148354     , 0.51590728650701390     )
 (  2.4969771445186288     , 0.46437827432101741     ) (  2.2153603244661132E-007,  4.1845468628979818E-008) (  2.2153608244736322E-007,  4.1845472935946069E-008) ( -2.5277917799054070     ,-0.47788875408362536     )
   19.550545000000000        1.2500000000000000     
 (  4.5372600276681219     , 0.50722976296211086     ) (  4.5871666676712728     , 0.52263228194636224     )
 (  2.5071159983279920     , 0.46997839551457898     ) (  2.2244192887460393E-007,  4.2352813805271462E-008) (  2.2244198008893182E-007,  4.2352818258795562E-008) ( -2.5380767006875486     ,-0.48367428096710463     )
   19.600540000000002        1.2500000000000000     
 (  4.5723796981800442     , 0.51378597842006790     ) (  4.6226878802551754     , 0.52941901266951419     )
 (  2.5171897167900981     , 0.47561800062407317     ) (  2.2334210277481578E-007,  4.2863790414942712E-008) (  2.2334215513990509E-007,  4.2863794963213568E-008) ( -2.5482953601720135     ,-0.48950094536195693     )
   19.650535000000001        1.2500000000000000     
 (  4.6076721144951316     , 0.52040158647061530     ) (  4.6583835928658477     , 0.53626779207340503     )
 (  2.5271972639663263     , 0.48129699298266726     ) (  2.2423647586074842E-007,  4.3378391990272931E-008) (  2.2423652971427367E-007,  4.3378396663766457E-008) ( -2.5584468002930572     ,-0.49536866514395694     )
   19.700530000000001        1.2500000000000000     
 (  4.6431372580149004     , 0.52707675959333145     ) (  4.6942537415862207     , 0.54317880620877690     )
 (  2.5371370410909400     , 0.48701517007590983     ) (  2.2512489447056731E-007,  4.3896601065278779E-008) (  2.2512494939044169E-007,  4.3896605867258899E-008) ( -2.5685293106922766     ,-0.50127723111907063     )
   19.750525000000000        1.2500000000000000     
 (  4.6787759105683593     , 0.53381175770146450     ) (  4.7302992845440732     , 0.55015232763266120     )
 (  2.5470082968944570     , 0.49277240227966329     ) (  2.2600731007897034E-007,  4.4418406508226490E-008) (  2.2600736626566328E-007,  4.4418411441042720E-008) ( -2.5785422841598793     ,-0.50722650876718112     )
   19.800520000000002        1.2500000000000000     
 (  4.7145878560498886     , 0.54060678737118339     ) (  4.7665197469996512     , 0.55718858890572664     )
 (  2.5568092544024972     , 0.49856851369113458     ) (  2.2688354775402831E-007,  4.4943794116566466E-008) (  2.2688360522728645E-007,  4.4943799183285185E-008) ( -2.5884837416366304     ,-0.51321632539998563     )
   19.850515000000001        1.2500000000000000     
 (  4.7505735982599475     , 0.54746211867074956     ) (  4.8029158359019526     , 0.56428787345636300     )
 (  2.5665387478964221     , 0.50440337276249803     ) (  2.2775351541952613E-007,  4.5472752670980934E-008) (  2.2775357457446429E-007,  4.5472757875613432E-008) ( -2.5983526148695271     ,-0.51924654305288342     )
   19.900510000000001        1.2500000000000000     
 (  4.7867335952557104     , 0.55437795752067964     ) (  4.8394877654808743     , 0.57145042168587512     )
 (  2.5761957542674545     , 0.51027677954896233     ) (  2.2861710394474671E-007,  4.6005266617871869E-008) (  2.2861716418282666E-007,  4.6005271990502036E-008) ( -2.6081476401319548     ,-0.52531697537079325     )
   19.950505000000000        1.2500000000000000     
 (  4.8230682689016966     , 0.56135449301331020     ) (  4.8762361991668319     , 0.57867642719983159     )
 (  2.5857789964785449     , 0.51618852332216925     ) (  2.2947422373655687E-007,  4.6541317017390908E-008) (  2.2947428535470390E-007,  4.6541322507276521E-008) ( -2.6178678194499829     ,-0.53142739553470997     )
   20.000500000000002        1.2500000000000000     
 (  4.8595776038804521     , 0.56839199546024444     ) (  4.9131610349486667     , 0.58596618648509857     )
 (  2.5952870706630846     , 0.52213844911918650     ) (  2.3032473550036585E-007,  4.7080891402764310E-008) (  2.3032479876096180E-007,  4.7080897039459910E-008) ( -2.6275114983886256     ,-0.53757765169944960     )
   20.050495000000002        1.2500000000000000     
 (  4.8962621825420127     , 0.57549066118581094     ) (  4.9502628796195633     , 0.59331989938154650     )
 (  2.6047188743300551     , 0.52812633774883511     ) (  2.3116855365426523E-007,  4.7623969981045335E-008) (  2.3116861817272885E-007,  4.7623975768945190E-008) ( -2.6370777142736253     ,-0.54376750653294836     )
   20.100490000000001        1.2500000000000000     
 (  4.9331221607374403     , 0.58265070751363057     ) (  4.9875417603153460     , 0.60073782084163707     )
 (  2.6140728604948342     , 0.53415197543665205     ) (  2.3200552425427078E-007,  4.8170536253195088E-008) (  2.3200559027086982E-007,  4.8170542195973746E-008) ( -2.6465647134216441     ,-0.54999676297654965     )
   20.150485000000000        1.2500000000000000     
 (  4.9701577786316413     , 0.58987236318634539     ) (  5.0249978502294574     , 0.60822020387827891     )
 (  2.6233478441779461     , 0.54021515695095779     ) (  2.3283553785656008E-007,  4.8720573343370245E-008) (  2.3283560536083109E-007,  4.8720579443950890E-008) ( -2.6559712515271348     ,-0.55626521696592912     )
   20.200480000000002        1.2500000000000000     
 (  5.0073698420217099     , 0.59715584724838033     ) (  5.0626322361519893     , 0.61576726274678861     )
 (  2.6325429435086583     , 0.54631565914387470     ) (  2.3365853920733358E-007,  4.9274060241562204E-008) (  2.3365860829443082E-007,  4.9274066504404649E-008) ( -2.6652966323262910     ,-0.56257261750977972     )
   20.250475000000002        1.2500000000000000     
 (  5.0447581691165011     , 0.60450135146879824     ) (  5.1004444697578162     , 0.62337921826674103     )
 (  2.6416563558196517     , 0.55245322681427034     ) (  2.3447434845998543E-007,  4.9830975876477864E-008) (  2.3447441911834678E-007,  4.9830982303749104E-008) ( -2.6745388401263273     ,-0.56891871200165067     )
   20.300470000000001        1.2500000000000000     
 (  5.0823232247420087     , 0.61190910143502375     ) (  5.1384352440784760     , 0.63105633122104587     )
 (  2.6506869561544546     , 0.55862762956364442     ) (  2.3528287987152595E-007,  5.0391302257793301E-008) (  2.3528295213924932E-007,  5.0391308854066659E-008) ( -2.6836968650721724     ,-0.57530328635242156     )
   20.350465000000000        1.2500000000000000     
 (  5.1200652604396524     , 0.61937929425979943     ) (  5.1766044295010216     , 0.63879878403094859     )
 (  2.6596333951059719     , 0.56483860374218120     ) (  2.3608399024099729E-007,  5.0955013776026661E-008) (  2.3608406415176322E-007,  5.0955020545481358E-008) ( -2.6927690613152326     ,-0.58172603369498910     )
   20.400459999999999        1.2500000000000000     
 (  5.1579849371204167     , 0.62691218515512936     ) (  5.2149530726781732     , 0.64660689170889674     )
 (  2.6684947272921780     , 0.57108593317421319     ) (  2.3687762334775088E-007,  5.1522095617318105E-008) (  2.3687769894904486E-007,  5.1522102563618300E-008) ( -2.7017547992742386     ,-0.58818677478656978     )
   20.450454999999998        1.2500000000000000     
 (  5.1960823230359878     , 0.63450793246771786     ) (  5.2534810839315655     , 0.65448079799448211     )
 (  2.6772694897201346     , 0.57736929877552967     ) (  2.3766363631308927E-007,  5.2092517516453753E-008) (  2.3766371359596626E-007,  5.2092524644665416E-008) ( -2.7106524188033321     ,-0.59468515316821535     )
   20.500450000000001        1.2500000000000000     
 (  5.2343577856989052     , 0.64216673194875451     ) (  5.2921888456084867     , 0.66242073674805702     )
 (  2.6859562401277626     , 0.58368841753840883     ) (  2.3844190426517063E-007,  5.2666256816156980E-008) (  2.3844198329015484E-007,  5.2666264127969514E-008) ( -2.7194604785044816     ,-0.60122089597460715     )
   20.550445000000000        1.2500000000000000     
 (  5.2728117982925200     , 0.64988885438373745     ) (  5.3310766321326577     , 0.67042698690276714     )
 (  2.6945538577492427     , 0.59004307073456619     ) (  2.3921231380474754E-007,  5.3243293818298645E-008) (  2.3921239461649777E-007,  5.3243301320586700E-008) ( -2.7281777169823291     ,-0.60779376672083463     )
   20.600439999999999        1.2500000000000000     
 (  5.3114443729065925     , 0.65767447269644430     ) (  5.3701447307562837     , 0.67849974960875503     )
 (  2.7030608889993806     , 0.59643292827303063     ) (  2.3997475013469451E-007,  5.3823600938122014E-008) (  2.3997483274932839E-007,  5.3823608632764495E-008) ( -2.7368027702667712     ,-0.61440343783225371     )
   20.650434999999998        1.2500000000000000     
 (  5.3502560836500024     , 0.66552376605047348     ) (  5.4093935316695410     , 0.68663922270242306     )
 (  2.7114761366081410     , 0.60285766772440097     ) (  2.4072909606411872E-007,  5.4407150491585888E-008) (  2.4072918057487480E-007,  5.4407158384565084E-008) ( -2.7453342792345188     ,-0.62104958136528865     )
   20.700430000000001        1.2500000000000000     
 (  5.3892474631614151     , 0.67343696733312741     ) (  5.4488235799659126     , 0.69484565607962989     )
 (  2.7197985337448687     , 0.60931700659990540     ) (  2.4147526954221878E-007,  5.4993917911582727E-008) (  2.4147535617216787E-007,  5.4993926060050082E-008) ( -2.7537713412795348     ,-0.62773190366533005     )
   20.750425000000000        1.2500000000000000     
 (  5.4284184872280399     , 0.68141426318687637     ) (  5.4884349950108904     , 0.70311925707557299     )
 (  2.7280263888916569     , 0.61581061431117867     ) (  2.4221311479838468E-007,  5.5583874863336792E-008) (  2.4221320313898108E-007,  5.5583883164220679E-008) ( -2.7621121338237726     ,-0.63445006619618827     )
   20.800419999999999        1.2500000000000000     
 (  5.4677696029899341     , 0.68945584508834479     ) (  5.5282279633962492     , 0.71146023655333723     )
 (  2.7361585472234018     , 0.62233815728088404     ) (  2.4294252154292664E-007,  5.6176992455458918E-008) (  2.4294261207247159E-007,  5.6177000967037942E-008) ( -2.7703554243728172     ,-0.64120372689559146     )
   20.850414999999998        1.2500000000000000     
 (  5.5073013146597338     , 0.69756191917954724     ) (  5.5682031654345838     , 0.71986880876068526     )
 (  2.7441940169302979     , 0.62889930146374839     ) (  2.4366340789454474E-007,  5.6773241025868786E-008) (  2.4366350014507254E-007,  5.6773249752908110E-008) ( -2.7785002297626171     ,-0.64799253368256682     )
   20.900410000000001        1.2500000000000000     
 (  5.5470138584557054     , 0.70573267318708088     ) (  5.6083607458619982     , 0.72834519434987355     )
 (  2.7521310390025624     , 0.63549369776237996     ) (  2.4437561074465777E-007,  5.7372591408321932E-008) (  2.4437570509897692E-007,  5.7372600355921205E-008) ( -2.7865447104453924     ,-0.65481613858406185     )
   20.950405000000000        1.2500000000000000     
 (  5.5869076534576187     , 0.71396832400033616     ) (  5.6487011329948196     , 0.73688961580318413     )
 (  2.7599686792300906     , 0.64212100209619905     ) (  2.4507906398040491E-007,  5.7975012888042555E-008) (  2.4507916041985956E-007,  5.7975022062255858E-008) ( -2.7944881011029787     ,-0.66167417711085175     )
   21.000399999999999        1.2500000000000000     
 (  5.6269828146821377     , 0.72226905179540024     ) (  5.6892244664616154     , 0.74550229663115652     )
 (  2.7677054166517530     , 0.64878084401886937     ) (  2.4577360933626353E-007,  5.8580475498422100E-008) (  2.4577370793565304E-007,  5.8580484900375563E-008) ( -2.8023285421191639     ,-0.66856629290303471     )
   21.050394999999998        1.2500000000000000     
 (  5.6672400488269083     , 0.73063504709208194     ) (  5.7299314355380000     , 0.75418342777063219     )
 (  2.7753401144102674     , 0.65547284093001357     ) (  2.4645915948291118E-007,  5.9188944232314896E-008) (  2.4645926019523063E-007,  5.9188953868868235E-008) ( -2.8100650703765013     ,-0.67549207254123766     )
   21.100390000000001        1.2500000000000000     
 (  5.7076794140232128     , 0.73906651746167273     ) (  5.7708220136953896     , 0.76293323771512545     )
 (  2.7828711043964214     , 0.66219663203355172     ) (  2.4713556293339518E-007,  5.9800388094082660E-008) (  2.4713566582708529E-007,  5.9800398008278960E-008) ( -2.8176959555760059     ,-0.68245114505141424     )
   21.150385000000000        1.2500000000000000     
 (  5.7483014199467632     , 0.74756363807953263     ) (  5.8118967952917657     , 0.77175192225001910     )
 (  2.7902976080102060     , 0.66895180667637399     ) (  2.4780274718796428E-007,  6.0414771651265149E-008) (  2.4780285237709828E-007,  6.0414781773858408E-008) ( -2.8252203206975310     ,-0.68944309265363557     )
   21.200379999999999        1.2500000000000000     
 (  5.7891062498730204     , 0.75612658576715253     ) (  5.8531558563331734     , 0.78063968086889268     )
 (  2.7976179165143784     , 0.67573794905654505     ) (  2.4846055959184400E-007,  6.1032058917513697E-008) (  2.4846066704359544E-007,  6.1032069289507721E-008) ( -2.8326364225990797     ,-0.69646748678023696     )
   21.250374999999998        1.2500000000000000     
 (  5.8300945757687410     , 0.76475558357994955     ) (  5.8945999411002177     , 0.78959675922548844     )
 (  2.8048308425682711     , 0.68255468059145918     ) (  2.4910890376329451E-007,  6.1652217340995859E-008) (  2.4910901358353948E-007,  6.1652227970572151E-008) ( -2.8399431832502913     ,-0.70352394219271897     )
   21.300370000000001        1.2500000000000000     
 (  5.8712666330423096     , 0.77345077520378958     ) (  5.9362293080761148     , 0.79862331058429548     )
 (  2.8119353144021462     , 0.68940154758617345     ) (  2.4974767073090927E-007,  6.2275206790063496E-008) (  2.4974778292844205E-007,  6.2275217679346470E-008) ( -2.8471393331692996     ,-0.71061198335615416     )
   21.350365000000000        1.2500000000000000     
 (  5.9126228253012130     , 0.78221240396230274     ) (  5.9780442908942950     , 0.80771960196781434     )
 (  2.8189299529352740     , 0.69627815868789189     ) (  2.5037675042341982E-007,  6.2900993561491394E-008) (  2.5037686501583619E-007,  6.2901004718601725E-008) ( -2.8542235718856750     ,-0.71773121063430412     )
   21.400359999999999        1.2500000000000000     
 (  5.9541632576726640     , 0.79104065000452795     ) (  6.0200449039220736     , 0.81688583871195541     )
 (  2.8258130972834867     , 0.70318408300942725     ) (  2.5099598658375934E-007,  6.3529540438491076E-008) (  2.5099610367013791E-007,  6.3529551865489993E-008) ( -2.8611941763307867     ,-0.72488118005474023     )
   21.450354999999998        1.2500000000000000     
 (  5.9958885911310498     , 0.79993564293337427     ) (  6.0622319384276073     , 0.82612214945484186     )
 (  2.8325837735272361     , 0.71011881349637274     ) (  2.5160528754329584E-007,  6.4160801813108835E-008) (  2.5160540715518213E-007,  6.4160813517988505E-008) ( -2.8680500419749659     ,-0.73206135728656940     )
   21.500350000000001        1.2500000000000000     
 (  6.0377994829424315     , 0.80889764293100586     ) (  6.1046059150708016     , 0.83542885167644110     )
 (  2.8392410663620384     , 0.71708195787718099     ) (  2.5220458555267000E-007,  6.4794746646901439E-008) (  2.5220470772707659E-007,  6.4794758692658811E-008) ( -2.8747904092289494     ,-0.73927136969404683     )
   21.550345000000000        1.2500000000000000     
 (  6.0798956105505901     , 0.81792672503557307     ) (  6.1471666720461373     , 0.84480599095041620     )
 (  2.8457828700366004     , 0.72407294588641780     ) (  2.5279368488857303E-007,  6.5431321036436206E-008) (  2.5279380968488186E-007,  6.5431333313433427E-008) ( -2.8814130118587582     ,-0.74651058345478472     )
   21.600339999999999        1.2500000000000000     
 (  6.1221777232711680     , 0.82702321677487933     ) (  6.1899148375468167     , 0.85425397267090741     )
 (  2.8522083236243092     , 0.73109144871744092     ) (  2.5337250779878837E-007,  6.6070501306908094E-008) (  2.5337263527064902E-007,  6.6070513881866439E-008) ( -2.8879169674469374     ,-0.75377871117319939     )
   21.650334999999998        1.2500000000000000     
 (  6.1646462696478510     , 0.83618717363865691     ) (  6.2328507631896537     , 0.86377281369109893     )
 (  2.8585161424108736     , 0.73813684519914335     ) (  2.5394093670595777E-007,  6.6712228158935305E-008) (  2.5394106686136687E-007,  6.6712241088002127E-008) ( -2.8943008983932335     ,-0.76107505784853191     )
   21.700330000000001        1.2500000000000000     
 (  6.2073014992440942     , 0.84541890091773342     ) (  6.2759747530011767     , 0.87336288310163368     )
 (  2.8647049396739450     , 0.74520876620428533     ) (  2.5449885402504113E-007,  6.7356473757790846E-008) (  2.5449898700723767E-007,  6.7356486996514768E-008) ( -2.9005635375721268     ,-0.76839928845220995     )
   21.750325000000000        1.2500000000000000     
 (  6.2501437878979598     , 0.85471844459356316     ) (  6.3192873553114373     , 0.88302420445589103     )
 (  2.8707733390621519     , 0.75230656768520854     ) (  2.5504613794375608E-007,  6.8003177580312698E-008) (  2.5504627367997278E-007,  6.8003191079599334E-008) ( -2.9067033798721980     ,-0.77575069306747191     )
   21.800319999999999        1.2500000000000000     
 (  6.2931736238015548     , 0.86408612329063661     ) (  6.3627887846114524     , 0.89275716275244765     )
 (  2.8767202234663212     , 0.75942986552666136     ) (  2.5558267860569647E-007,  6.8652310349457429E-008) (  2.5558281728925780E-007,  6.8652324167289479E-008) ( -2.9127192317299939     ,-0.78312891821389530     )
   21.850314999999998        1.2500000000000000     
 (  6.3363915600483001     , 0.87352197784820163     ) (  6.4064796608003780     , 0.90256178070419357     )
 (  2.8825445477759426     , 0.76657800294872325     ) (  2.5610839680931159E-007,  6.9303811550976058E-008) (  2.5610853834086779E-007,  6.9303825749331188E-008) ( -2.9186101623190606     ,-0.79053325522489271     )
   21.900310000000001        1.2500000000000000     
 (  6.3797977384311553     , 0.88302635715667543     ) (  6.4503602480718252     , 0.91243845684672886     )
 (  2.8882445418703990     , 0.77375060517162597     ) (  2.5662312954046753E-007,  6.9957650917863587E-008) (  2.5662327409407455E-007,  6.9957665393774287E-008) ( -2.9243742981872241     ,-0.79796333618410098     )
   21.950305000000000        1.2500000000000000     
 (  6.4233926125561576     , 0.89259930399148057     ) (  6.4944307816774849     , 0.92238722815878604     )
 (  2.8938190789325606     , 0.78094698503418203     ) (  2.5712676729706419E-007,  7.0613766065670475E-008) (  2.5712691492390918E-007,  7.0613780957986490E-008) ( -2.9300103732951688     ,-0.80541843429785753     )
   22.000299999999999        1.2500000000000000     
 (  6.4671765845315861     , 0.90224100937554352     ) (  6.5386916820127743     , 0.93240831350566966     )
 (  2.8992667890736623     , 0.78816660759967128     ) (  2.5761918855186787E-007,  7.1272111056247392E-008) (  2.5761933925595725E-007,  7.1272126220645345E-008) ( -2.9355170438809060     ,-0.81289800145653313     )
   22.050295000000002        1.2500000000000000     
 (  6.5111500700955736     , 0.91195175453265431     ) (  6.5831435405350351     , 0.94250203254683429     )
 (  2.9045866633319894     , 0.79540900942904136     ) (  2.5810032399615974E-007,  7.1932646774317789E-008) (  2.5810047830663006E-007,  7.1932662347850509E-008) ( -2.9408934561893547     ,-0.82040156969314559     )
   22.100290000000001        1.2500000000000000     
 (  6.5553137171598133     , 0.92173161846550589     ) (  6.6277869319166891     , 0.95266843541293933     )
 (  2.9097774163941295     , 0.80267350668602067     ) (  2.5857003861837667E-007,  7.2595309552578479E-008) (  2.5857019569621422E-007,  7.2595325487620850E-008) ( -2.9461380724233237     ,-0.82792839536272067     )
   22.150285000000000        1.2500000000000000     
 (  6.5996676016030840     , 0.93158085035508276     ) (  6.6726216717329772     , 0.96290784864644863     )
 (  2.9148376123822293     , 0.80995958951931513     ) (  2.5902819967268555E-007,  7.3260059139870112E-008) (  2.5902836047201397E-007,  7.3260075459786666E-008) ( -2.9512493741962196     ,-0.83547799507171150     )
   22.200279999999999        1.2500000000000000     
 (  6.6442123377115925     , 0.94149960204946082     ) (  6.7176486934943567     , 0.97322042459485769     )
 (  2.9197659227124291     , 0.81726662402396244     ) (  2.5947471006220035E-007,  7.3926838866783564E-008) (  2.5947487364409844E-007,  7.3926855542001945E-008) ( -2.9562262413120366     ,-0.84304970367159182     )
   22.250275000000002        1.2500000000000000     
 (  6.6889483028243344     , 0.95148811407388723     ) (  6.7628681939165185     , 0.98360641583181552     )
 (  2.9245613007176416     , 0.82459406652919431     ) (  2.5990946440865016E-007,  7.4595599983997992E-008) (  2.5990963138082409E-007,  7.4595616987058477E-008) ( -2.9610674869612899     ,-0.85064294123350259     )
   22.300270000000001        1.2500000000000000     
 (  6.7338759943308180     , 0.96154642751716668     ) (  6.8082806580845183     , 0.99406587948082192     )
 (  2.9292224883600535     , 0.83194118082131574     ) (  2.6033234052812628E-007,  7.5266278215845617E-008) (  2.6033251097773754E-007,  7.5266295608970253E-008) ( -2.9657716969061254     ,-0.85825695081029185     )
   22.350265000000000        1.2500000000000000     
 (  6.7789954204991441     , 0.97167486661170466     ) (  6.8538860078685273     ,  1.0045991703792199     )
 (  2.9337477710141755     , 0.83930746748240226     ) (  2.6074319834746742E-007,  7.5938830053805023E-008) (  2.6074337235307927E-007,  7.5938847955408884E-008) ( -2.9703372450574048     ,-0.86589121757423315     )
   22.400259999999999        1.2500000000000000     
 (  6.8243075837135168     , 0.98187352632888403     ) (  6.8996855468683052     ,  1.0152063738391544     )
 (  2.9381363057866285     , 0.84669220356113561     ) (  2.6114196628942666E-007,  7.6613189857763382E-008) (  2.6114214378277323E-007,  7.6613208055222590E-008) ( -2.9747633599939038     ,-0.87354496647433022     )
   22.450255000000002        1.2500000000000000     
 (  6.8698127158781146     , 0.99214266220923997     ) (  6.9456790655248177     ,  1.0258878346871885     )
 (  2.9423868753382831     , 0.85409483066203040     ) (  2.6152852141474166E-007,  7.7289314769953120E-008) (  2.6152870261380443E-007,  7.7289333381090104E-008) ( -2.9790485677972245     ,-0.88121768650096910     )
   22.500250000000001        1.2500000000000000     
 (  6.9155113391633920     ,  1.0024824253822091     ) (  6.9918674877926668     ,  1.0366436516939455     )
 (  2.9464981940905952     , 0.86151465538213967     ) (  2.6190276216191818E-007,  7.7967137462147668E-008) (  2.6190294703450948E-007,  7.7967156492720875E-008) ( -2.9831917340431797     ,-0.88890858582693311     )
   22.550245000000000        1.2500000000000000     
 (  6.9614037559845974     ,  1.0128929542398160     ) (  7.0382507353487833     ,  1.0474740141456595     )
 (  2.9504688340699676     , 0.86895095494996177     ) (  2.6226454963364767E-007,  7.8646597456562124E-008) (  2.6226473826365785E-007,  7.8646616917716562E-008) ( -2.9871912911208232     ,-0.89661695356527416     )
   22.600239999999999        1.2500000000000000     
 (  7.0074901959681011     ,  1.0233745039530877     ) (  7.0848292578364553     ,  1.0583791942755609     )
 (  2.9542974440663592     , 0.87640315499445121     ) (  2.6261376469261105E-007,  7.9327643382993593E-008) (  2.6261395719112785E-007,  7.9327663281601731E-008) ( -2.9910458320195117     ,-0.90434217352795943     )
   22.650235000000002        1.2500000000000000     
 (  7.0537717841469334     ,  1.0339272590359210     ) (  7.1316041071200225     ,  1.0693594005407991     )
 (  2.9579833654302772     , 0.88387053881649735     ) (  2.6295035755758054E-007,  8.0010213403779750E-008) (  2.6295055399300701E-007,  8.0010233855275357E-008) ( -2.9947548115843001     ,-0.91208352314668861     )
   22.700230000000001        1.2500000000000000     
 (  7.1002482188624318     ,  1.0445513797760082     ) (  7.1785748989045119     ,  1.0804148272866514     )
 (  2.9615248764200404     , 0.89135240706284236     ) (  2.6327415919874220E-007,  8.0694246971134286E-008) (  2.6327435961743909E-007,  8.0694267876076685E-008) ( -2.9983162535261618     ,-0.91984028108635407     )
   22.750225000000000        1.2500000000000000     
 (  7.1469203004346369     ,  1.0552470064858761     ) (  7.2257425018658878     ,  1.0915455860227468     )
 (  2.9649206307416667     , 0.89884801172719986     ) (  2.6358506755950978E-007,  8.1379674311640243E-008) (  2.6358527243589750E-007,  8.1379695569529744E-008) ( -3.0017290814928059     ,-0.92761163024428894     )
   22.800219999999999        1.2500000000000000     
 (  7.1937851974166733     ,  1.0660133279143613     ) (  7.2731129758968240     ,  1.1027521407950394     )
 (  2.9681652216155401     , 0.90635560050106290     ) (  2.6388283766231949E-007,  8.2066392164563977E-008) (  2.6388281803428092E-007,  8.2066391868632490E-008) ( -3.0049998988646545     ,-0.93539712277415188     )
   22.850215000000002        1.2500000000000000     
 (  7.2408499782285691     ,  1.0768526469282802     ) (  7.3206757731823302     ,  1.1140344102886013     )
 (  2.9712663858120929     , 0.91387661247040830     ) (  2.6416766963432723E-007,  8.2754432754156625E-008) (  2.6416764951957791E-007,  8.2754432448657146E-008) ( -3.0081121963033293     ,-0.94319560180695794     )
   22.900210000000001        1.2500000000000000     
 (  7.2881117080568014     ,  1.0877641023783815     ) (  7.3684364350847433     ,  1.1253927588990975     )
 (  2.9742183750137032     , 0.92140924045922656     ) (  2.6443927975570070E-007,  8.3443685964890420E-008) (  2.6443925906602391E-007,  8.3443685649798677E-008) ( -3.0110720933361539     ,-0.95100652454987911     )
   22.950205000000000        1.2500000000000000     
 (  7.3355710329971417     ,  1.0987478669998016     ) (  7.4163958829660768     ,  1.1368273355877028     )
 (  2.9770198043271785     , 0.92895271674161894     ) (  2.6469756793883602E-007,  8.4134079488958252E-008) (  2.6469754675138744E-007,  8.4134079163878495E-008) ( -3.0138784023291931     ,-0.95882904367335975     )
   23.000200000000000        1.2500000000000000     
 (  7.3832285220203442     ,  1.1098041338206208     ) (  7.4645546756913745     ,  1.1483383634210347     )
 (  2.9796700693097327     , 0.93650629501626648     ) (  2.6494247735137338E-007,  8.4825549337780579E-008) (  2.6494245564256364E-007,  8.4825548998738410E-008) ( -3.0165304524626264     ,-0.96666240146844684     )
   23.050195000000002        1.2500000000000000     
 (  7.4310843116813148     ,  1.1209331826355571     ) (  7.5129125977819644     ,  1.1599261828400242     )
 (  2.9821672409381375     , 0.94406928202229490     ) (  2.6517381518625562E-007,  8.5518037512188978E-008) (  2.6517379307124577E-007,  8.5518037161427751E-008) ( -3.0190260877427888     ,-0.97450590967354767     )
   23.100190000000001        1.2500000000000000     
 (  7.4791390854628661     ,  1.1321350848997080     ) (  7.5614707316290994     ,  1.1715908549850296     )
 (  2.9845106047821401     , 0.95164079225894560     ) (  2.6539153273477765E-007,  8.6211463467258912E-008) (  2.6539151004258378E-007,  8.6211463106492425E-008) ( -3.0213647404607618     ,-0.98235861765279953     )
   23.150185000000000        1.2500000000000000     
 (  7.5273933311373096     ,  1.1434100989524647     ) (  7.6102291569683258     ,  1.1833326304571674     )
 (  2.9866985655083567     , 0.95922009259327945     ) (  2.6559548191981321E-007,  8.6905760387798048E-008) (  2.6559545857428419E-007,  8.6905760018502562E-008) ( -3.0235447304711656     ,-0.99021974004712965     )
   23.200180000000000        1.2500000000000000     
 (  7.5758472993158117     ,  1.1547584711101295     ) (  7.6591885194810629     ,  1.1951518568109554     )
 (  2.9887303388727378     , 0.96680643738971761     ) (  2.6578560064123377E-007,  8.7600869698837697E-008) (  2.6578557677884943E-007,  8.7600869316757069E-008) ( -3.0255652186367032     ,-0.99808858222567010     )
   23.250175000000002        1.2500000000000000     
 (  7.6245018796122803     ,  1.1661803393521548     ) (  7.7083493472246545     ,  1.2070486214647187     )
 (  2.9906044659777185     , 0.97439895007336508     ) (  2.6596174769292406E-007,  8.8296707980693286E-008) (  2.6596172331289591E-007,  8.8296707584300025E-008) ( -3.0274248078073001     , -1.0059641591363424     )
   23.300170000000001        1.2500000000000000     
 (  7.6733571997105177     ,  1.1776759224791711     ) (  7.7577119129970082     ,  1.2190231817050268     )
 (  2.9923199007419115     , 0.98199685316680985     ) (  2.6612383125665811E-007,  8.8993208438361873E-008) (  2.6612380627561223E-007,  8.8993208029240486E-008) ( -3.0291222762179570     , -1.0138456817477353     )
   23.350165000000001        1.2500000000000000     
 (  7.7224142485059426     ,  1.1892453986944798     ) (  7.8072771348428578     ,  1.2310757324492880     )
 (  2.9938755383381741     , 0.98959927087530974     ) (  2.6627175578802384E-007,  8.9690293143093056E-008) (  2.6627173022755788E-007,  8.9690292723655073E-008) ( -3.0306565949798432     , -1.0217322323272460     )
   23.400160000000003        1.2500000000000000     
 (  7.7716731074766221     ,  1.2008890022376912     ) (  7.8570452190223952     ,  1.2432065446737759     )
 (  2.9952703291750500     , 0.99720541717407130     ) (  2.6640542955358220E-007,  9.0387894782424796E-008) (  2.6640540340135541E-007,  9.0387894347086640E-008) ( -3.0320266751896026     , -1.0296230130404616     )
   23.450154999999999        1.2500000000000000     
 (  7.8211344314171010     ,  1.2126069913824193     ) (  7.9070166622034934     ,  1.2554159157101663     )
 (  2.9965027429593993     ,  1.0048144736782820     ) (  2.6652471640556990E-007,  9.1085942497634808E-008) (  2.6652468918043104E-007,  9.1085942050539902E-008) ( -3.0332310631915202     , -1.0375171881242953     )
   23.500149999999998        1.2500000000000000     
 (  7.8707986636120681     ,  1.2243995657957056     ) (  7.9571918632799754     ,  1.2677040370349109     )
 (  2.9975718096635457     ,  1.0124255878450912     ) (  2.6662951899772948E-007,  9.1784358866941436E-008) (  2.6662949169594192E-007,  9.1784358404586543E-008) ( -3.0342685552127393     , -1.0454138406848548     )
   23.550145000000001        1.2500000000000000     
 (  7.9206660977255030     ,  1.2362668551554925     ) (  8.0075711017283950     ,  1.2800710352455273     )
 (  2.9984763272303492     ,  1.0200377975428450     ) (  2.6671973150418437E-007,  9.2483057139756429E-008) (  2.6671970350146138E-007,  9.2483056662756032E-008) ( -3.0351379677581432     , -1.0533119532062689     )
   23.600140000000000        1.2500000000000000     
 (  7.9707378501838093     ,  1.2482091616811144     ) (  8.0581556423144534     ,  1.2925172951807009     )
 (  2.9992155409776582     ,  1.0276503215383184     ) (  2.6679529325009802E-007,  9.3181973619170326E-008) (  2.6679526455595527E-007,  9.3181973128202025E-008) ( -3.0358385914365598     , -1.0612107681385992     )
   23.650134999999999        1.2500000000000000     
 (  8.0210141187553319     ,  1.2602266450512727     ) (  8.1089455037487053     ,  1.3050429523905329     )
 (  2.9997878947846921     ,  1.0352622140402272     ) (  2.6685606270104063E-007,  9.3881020959606788E-008) (  2.6685603335480654E-007,  9.3881020448672861E-008) ( -3.0363688664817832     , -1.0691092600445129     )
   23.700129999999998        1.2500000000000000     
 (  8.0714954010987103     ,  1.2723196428490264     ) (  8.1599412858429829     ,  1.3176484060356433     )
 (  3.0001926783900390     ,  1.0428727077029925     ) (  2.6690197295109120E-007,  9.4580135017664995E-008) (  2.6690194289764083E-007,  9.4580134495815818E-008) ( -3.0367279738083792     , -1.0770066577645934     )
   23.750125000000001        1.2500000000000000     
 (  8.1221820282031452     ,  1.2844882530992998     ) (  8.2111431732808615     ,  1.3303337250606198     )
 (  3.0004281212731945     ,  1.0504807318033060     ) (  2.6693286906840537E-007,  9.5279217866947375E-008) (  2.6693283837814462E-007,  9.5279217328235334E-008) ( -3.0369142001828671     , -1.0849018258848324     )
   23.800120000000000        1.2500000000000000     
 (  8.1730750390983378     ,  1.2967327294317710     ) (  8.2625522675037839     ,  1.3430992119406577     )
 (  3.0004937912461935     ,  1.0580854578031462     ) (  2.6694870974094341E-007,  9.5978197613425946E-008) (  2.6694867830133040E-007,  9.5978197052318050E-008) ( -3.0369270050918091     , -1.0927938973891604     )
   23.850114999999999        1.2500000000000000     
 (  8.2241748115705366     ,  1.3090533289531745     ) (  8.3141689205057840     ,  1.3559451341369368     )
 (  3.0003884770534111     ,  1.0656859276196984     ) (  2.6694938796650408E-007,  9.6676989675489068E-008) (  2.6694935579876359E-007,  9.6676989098977123E-008) ( -3.0367651947780558     , -1.1006818872018898     )
   23.900109999999998        1.2500000000000000     
 (  8.2754813801437681     ,  1.3214503129975521     ) (  8.3659930844354680     ,  1.3688718261349069     )
 (  3.0001106608941428     ,  1.0732812658153792     ) (  2.6693476641512709E-007,  9.7375520612773482E-008) (  2.6693473342167437E-007,  9.7375520021321808E-008) ( -3.0364272345140408     , -1.1085649191816747     )
   23.950105000000001        1.2500000000000000     
 (  8.3269959804127822     ,  1.3339238945308280     ) (  8.4180260216659146     ,  1.3818794450557534     )
 (  2.9996597043592623     ,  1.0808705095221642     ) (  2.6690477906867633E-007,  9.8073699615566347E-008) (  2.6690474543735625E-007,  9.8073699015238469E-008) ( -3.0359124101893591     , -1.1164419215895272     )
   24.000100000000000        1.2500000000000000     
 (  8.3787187474809777     ,  1.3464742902005267     ) (  8.4702679587540555     ,  1.3949682606597731     )
 (  2.9990345019045876     ,  1.0884526721385650     ) (  2.6685935096016708E-007,  9.8771441715567984E-008) (  2.6685931651385513E-007,  9.8771441087019046E-008) ( -3.0352197414588273     , -1.1243118973738542     )
   24.050094999999999        1.2500000000000000     
 (  8.4306504181635855     ,  1.3591017388435300     ) (  8.5227194352045625     ,  1.4081385449659654     )
 (  2.9982338974945133     ,  1.0960267817363949     ) (  2.6679834989154318E-007,  9.9468662922137235E-008) (  2.6679831462507766E-007,  9.9468662274826504E-008) ( -3.0343477952382987     , -1.1321738521380409     )
   24.100089999999998        1.2500000000000000     
 (  8.4827916465254525     ,  1.3718064836383239     ) (  8.5753811639423230     ,  1.4213905645082487     )
 (  2.9972567950450490     ,  1.1035918707274830     ) (  2.6672169592126316E-007,  1.0016527752849824E-007) (  2.6672165992258715E-007,  1.0016527686015416E-007) ( -3.0332957394548510     , -1.1400267771788994     )
   24.150085000000001        1.2500000000000000     
 (  8.5351427526469426     ,  1.3845889139479097     ) (  8.6282535104754885     ,  1.4347247146180298     )
 (  2.9961022477698833     ,  1.1111470685196867     ) (  2.6662929687728937E-007,  1.0086120687587099E-007) (  2.6662926002567724E-007,  1.0086120618624763E-007) ( -3.0320623938741909     , -1.1478697363057930     )
   24.200080000000000        1.2500000000000000     
 (  8.5877043276965850     ,  1.3974490755532973     ) (  8.6813368608146497     ,  1.4481410792621727     )
 (  2.9947689447299508     ,  1.1186912074926694     ) (  2.6652103704802781E-007,  1.0155635041618260E-007) (  2.6652099935620637E-007,  1.0155634970702328E-007) ( -3.0306465433876766     , -1.1557015528392438     )
   24.250074999999999        1.2500000000000000     
 (  8.6404769053971968     ,  1.4103873559797053     ) (  8.7346318800891520     ,  1.4616400439285284     )
 (  2.9932562152418103     ,  1.1262234063938708     ) (  2.6639684536324923E-007,  1.0225062798179645E-007) (  2.6639680669889526E-007,  1.0225062724964458E-007) ( -3.0290473664316968     , -1.1635212741547865     )
   24.300069999999998        1.2500000000000000     
 (  8.6934613801499054     ,  1.4234040049742962     ) (  8.7881393908686007     ,  1.4752219327614167     )
 (  2.9915631126135822     ,  1.1337426230285521     ) (  2.6625665123504537E-007,  1.0294395132134105E-007) (  2.6625661177283778E-007,  1.0294395057107986E-007) ( -3.0272639950213240     , -1.1713278574719579     )
   24.350065000000001        1.2500000000000000     
 (  8.7466581677655757     ,  1.4364992408745003     ) (  8.8418597968846271     ,  1.4888869380174077     )
 (  2.9896883640979000     ,  1.1412478261982701     ) (  2.6610033726645458E-007,  1.0363622597118729E-007) (  2.6610029692965862E-007,  1.0363622519658050E-007) ( -3.0252951746427308     , -1.1791201893077432     )
   24.400060000000000        1.2500000000000000     
 (  8.8000677214090768     ,  1.4496733707732894     ) (  8.8957935359144802     ,  1.5026353848523899     )
 (  2.9876308627409816     ,  1.1487379808486893     ) (  2.6592780283193196E-007,  1.0432736083317021E-007) (  2.6592776156731633E-007,  1.0432736002954934E-007) ( -3.0231397017957731     , -1.1868972000321694     )
   24.450054999999999        1.2500000000000000     
 (  8.8536904887226555     ,  1.4629266006066060     ) (  8.9499410542218296     ,  1.5164675161821393     )
 (  2.9853900286933093     ,  1.1562119937807349     ) (  2.6573899033635634E-007,  1.0501725915436537E-007) (  2.6573894814297672E-007,  1.0501725832641683E-007) ( -3.0207969931998537     , -1.1946577481802145     )
   24.500049999999998        1.2500000000000000     
 (  8.9075273907432724     ,  1.4762593934341655     ) (  9.0043033713517033     ,  1.5303838312636553     )
 (  2.9829647198422009     ,  1.1636689933955404     ) (  2.6553380726591129E-007,  1.0570584614105725E-007) (  2.6553376384606560E-007,  1.0570584528872416E-007) ( -3.0182659346608514     , -1.2024009387658536     )
   24.550045000000001        1.2500000000000000     
 (  8.9615789313737721     ,  1.4896718026724287     ) (  9.0588805974920081     ,  1.5443843823133525     )
 (  2.9803535594555988     ,  1.1711077113698380     ) (  2.6531211058197322E-007,  1.0639300828546879E-007) (  2.6531206643734854E-007,  1.0639300740701360E-007) ( -3.0155449453250944     , -1.2101254476604184     )
   24.600040000000000        1.2500000000000000     
 (  9.0158456544995733     ,  1.5031642131175007     ) (  9.1136735584336321     ,  1.5584696116700965     )
 (  2.9775561829731618     ,  1.1785271698284390     ) (  2.6507388268509494E-007,  1.0707866115270433E-007) (  2.6507383759030666E-007,  1.0707866025117129E-007) ( -3.0126338061531563     , -1.2178302681175550     )
   24.650034999999999        1.2500000000000000     
 (  9.0703281375787910     ,  1.5167369855069095     ) (  9.1686828870947608     ,  1.5726398721828385     )
 (  2.9745717962698794     ,  1.1859263424079585     ) (  2.6481905316195108E-007,  1.0776271268930559E-007) (  2.6481900698578764E-007,  1.0776271175507477E-007) ( -3.0095318013121028     , -1.2255143177275867     )
   24.700029999999998        1.2500000000000000     
 (  9.1250269045240131     ,  1.5303902541137706     ) (  9.2239088929766897     ,  1.5868953434600293     )
 (  2.9713987486257714     ,  1.1933039903100711     ) (  2.6454747326405936E-007,  1.0844505330363889E-007) (  2.6454742606554627E-007,  1.0844505234703498E-007) ( -3.0062371205086937     , -1.2331763053907929     )
   24.750025000000001        1.2500000000000000     
 (  9.1799428817247204     ,  1.5441244654706268     ) (  9.2793523676347718     ,  1.6012364448731897     )
 (  2.9680362976362380     ,  1.2006591894397645     ) (  2.6425905950005637E-007,  1.0912560016679341E-007) (  2.6425901131933473E-007,  1.0912559918004556E-007) ( -3.0027489096783855     , -1.2408152510717381     )
   24.800020000000000        1.2500000000000000     
 (  9.2350761604476972     ,  1.5579399081963452     ) (  9.3350135212280634     ,  1.6156635765239644     )
 (  2.9644839966625485     ,  1.2079907756393200     ) (  2.6395378878021243E-007,  1.0980425593446004E-007) (  2.6395373931785143E-007,  1.0980425491657037E-007) ( -2.9990669133766947     , -1.2484300061663460     )
   24.850014999999999        1.2500000000000000     
 (  9.2904279094897664     ,  1.5718367630955323     ) (  9.3908936045325540     ,  1.6301768408881525     )
 (  2.9607405360388563     ,  1.2152975149955552     ) (  2.6363154675800214E-007,  1.1048090295244600E-007) (  2.6363149621448892E-007,  1.1048090190087411E-007) ( -2.9951897965477139     , -1.2560191906467979     )
   24.900009999999998        1.2500000000000000     
 (  9.3459983556780504     ,  1.5858154809734142     ) (  9.4469928454058643     ,  1.6447767884522035     )
 (  2.9568051514976581     ,  1.2225784280452816     ) (  2.6329224501226807E-007,  1.1115546242434598E-007) (  2.6329219333467234E-007,  1.1115546134446259E-007) ( -2.9911165689615489     , -1.2635818660313818     )
   24.950005000000001        1.2500000000000000     
 (  9.4017884572765720     ,  1.5998763517704790     ) (  9.5033117979885073     ,  1.6594637205967344     )
 (  2.9526770605867823     ,  1.2298323575379337     ) (  2.6293581955647198E-007,  1.1182783010907829E-007) (  2.6293576690880493E-007,  1.1182782899610037E-007) ( -2.9868466259187945     , -1.2711168045278947     )
   25.000000000000000        1.2500000000000000     
 (  9.4577982144387267     ,  1.6140196180204158     ) (  9.5598509069267905     ,  1.6742378619924707     )
 (  2.9483552492682374     ,  1.2370580563150197     ) (  2.6256218136001485E-007,  1.1249789352498439E-007) (  2.6256212732195349E-007,  1.1249789238288172E-007) ( -2.9823787581637888     , -1.2786226822071804     )
