   8.5655000000000001     
   243.16000000000000     
   1.4734120253927763        6.6771867539443773E-004
         501           1
 
   8.0000000000000000        8.0000000000000000     
   2.5000000000000001E-003   1.2500000000000000     
 (  2.4192464184468961E-009,  2.9972859040948858E-012) (  2.4226916591926428E-009,  3.0055202413741994E-012)
 (  2.4192435350488948E-009,  2.9972815455573866E-012) (  2.3991112979538204E-016,  2.9762663591489207E-019) (  2.3991112979538199E-016,  2.9762663591489202E-019) ( -2.4226887720826776E-009, -3.0055158724840328E-012)
   5.2495000000000000E-002   1.2500000000000000     
 (  2.2406835314425060E-005,  2.8017105633905497E-008) (  2.2438759810205666E-005,  2.8094109529215341E-008)
 (  2.2395065306047908E-005,  2.7999311718966073E-008) (  2.2208721314666113E-012,  2.7803051220623543E-015) (  2.2208721314666105E-012,  2.7803051220623507E-015) ( -2.2426974645442554E-005, -2.8076273336544425E-008)
  0.10249000000000000        1.2500000000000000     
 (  1.6693201528638962E-004,  2.2073211393307009E-007) (  1.6717016863230231E-004,  2.2133955420563905E-007)
 (  1.6659816981278282E-004,  2.2022720263870559E-007) (  1.6521239040426898E-011,  2.1868471926447717E-014) (  1.6521239040426730E-011,  2.1868471926447272E-014) ( -1.6683589292484035E-004, -2.2083344221139919E-007)
  0.15248500000000001        1.2500000000000000     
 (  5.5073674852225104E-004,  8.3223448700736475E-007) (  5.5152416418438491E-004,  8.3452989653605744E-007)
 (  5.4830345802963883E-004,  8.2855146983893894E-007) (  5.4374502960334250E-011,  8.2275547635751931E-014) (  5.4374502960328635E-011,  8.2275547635736343E-014) ( -5.4908773380414199E-004, -8.3083810671670328E-007)
  0.20247999999999999        1.2500000000000000     
 (  1.2926199503830022E-003,  2.4209901012599656E-006) (  1.2944736519770871E-003,  2.4276906463664648E-006)
 (  1.2825770290673729E-003,  2.4057671459302375E-006) (  1.2719219497318046E-010,  2.3889662847999598E-013) (  1.2719219497321528E-010,  2.3889662847979646E-013) ( -1.2844177478835504E-003, -2.4124313282407904E-006)
  0.25247500000000000        1.2500000000000000     
 (  2.5137904071769481E-003,  6.1915722231329434E-006) (  2.5174092502213484E-003,  6.2087910474360653E-006)
 (  2.4835278913095931E-003,  6.1455788572966995E-006) (  2.4629154711498682E-010,  6.1027506155805058E-013) (  2.4629154711446818E-010,  6.1027506155660746E-013) ( -2.4871075211488161E-003, -6.1626872812625313E-006)
  0.30247000000000002        1.2500000000000000     
 (  4.3385992596203385E-003,  1.4473118338992905E-005) (  4.3448743655934846E-003,  1.4513615774729426E-005)
 (  4.2639434713858679E-003,  1.4359119056696853E-005) (  4.2285955290198811E-010,  1.4259302560065325E-012) (  4.2285955289934941E-010,  1.4259302559992650E-012) ( -4.2701215607930656E-003, -1.4399340593168473E-005)
  0.35246499999999997        1.2500000000000000     
 (  6.8952166409294476E-003,  3.1337328800769226E-005) (  6.9052443550286407E-003,  3.1425663547684319E-005)
 (  6.7348740371952626E-003,  3.1090510690429780E-005) (  6.6791195812667121E-010,  3.0875024363897113E-012) (  6.6791195811628420E-010,  3.0875024363613145E-012) ( -6.7446926609750976E-003, -3.1178240040434820E-005)
  0.40245999999999998        1.2500000000000000     
 (  1.0316240530412779E-002,  6.3358644412033892E-005) (  1.0331337942606707E-002,  6.3538774100345619E-005)
 (  1.0005154051745263E-002,  6.2873504090287395E-005) (  9.9224600506380587E-010,  6.2439214379081110E-012) (  9.9224600502965034E-010,  6.2439214378250609E-012) ( -1.0019844155859450E-002, -6.3052418859659744E-005)
  0.45245499999999994        1.2500000000000000     
 (  1.4739208006907551E-002,  1.2051821010911359E-004) (  1.4760930847138821E-002,  1.2086416553232706E-004)
 (  1.4180829566580134E-002,  1.1962972973677763E-004) (  1.4063838460558982E-009,  1.1880660110162418E-011) (  1.4063838459584222E-009,  1.1880660109904994E-011) ( -1.4201817905758713E-002, -1.1997339138793095E-004)
  0.50244999999999995        1.2500000000000000     
 (  2.0306987568551229E-002,  2.1725110059438811E-004) (  2.0337150339548384E-002,  2.1788143970994915E-004)
 (  1.9364468434860536E-002,  2.1570632658771705E-004) (  1.9205043306088841E-009,  2.1422857784166869E-011) (  1.9205043303598147E-009,  2.1422857783545152E-011) ( -1.9393384817473273E-002, -2.1633250640174924E-004)
  0.55244499999999985        1.2500000000000000     
 (  2.7168022410181042E-002,  3.7363281447758915E-004) (  2.7208720414088311E-002,  3.7472964774292209E-004)
 (  2.5654320653222012E-002,  3.7104635735224647E-004) (  2.5443599071132057E-009,  3.6851668589432620E-011) (  2.5443599065509239E-009,  3.6851668588032727E-011) ( -2.5693004976271198E-002, -3.7213583684793795E-004)
  0.60243999999999998        1.2500000000000000     
 (  3.5476379064270994E-002,  6.1669534926308222E-004) (  3.5530011875066402E-002,  6.1852879898581135E-004)
 (  3.3143278428477245E-002,  6.1247857963437843E-004) (  3.2871736304835580E-009,  6.0832509827705412E-011) (  3.2871736292527161E-009,  6.0832509825318712E-011) ( -3.3193786789089789E-002, -6.1429922068593503E-004)
  0.65243499999999988        1.2500000000000000     
 (  4.5391583615845471E-002,  9.8185626695514302E-004) (  4.5460879198653735E-002,  9.8481529523798878E-004)
 (  4.1917613133815763E-002,  9.7510478309060893E-004) (  4.1575139845214503E-009,  9.6853057181869792E-011) (  4.1575139819624140E-009,  9.6853057177422752E-011) ( -4.1982221977485600E-002, -9.7804169868340543E-004)
  0.70242999999999989        1.2500000000000000     
 (  5.7078177837408324E-002,  1.5144328051860693E-003) (  5.7166216806423933E-002,  1.5190633404457046E-003)
 (  5.2055415945316208E-002,  1.5037497244013843E-003) (  5.1631402845675780E-009,  1.4936752000900597E-010) (  5.1631402797617819E-009,  1.4936752000140526E-010) ( -5.2136623329005989E-002, -1.5083423257892712E-003)
  0.75242499999999990        1.2500000000000000     
 (  7.0704967145842609E-002,  2.2712013137255538E-003) (  7.0815205203039536E-002,  2.2782525929929739E-003)
 (  6.3624704198795748E-002,  2.2544246753531745E-003) (  6.3108147663106905E-009,  2.2394233996585203E-010) (  6.3108147572700829E-009,  2.2394233995232484E-010) ( -6.3725225857104134E-002, -2.2614112897109432E-003)
  0.80241999999999991        1.2500000000000000     
 (  8.6443906586018068E-002,  3.3219455894247930E-003) (  8.6580194083515319E-002,  3.3324254853473712E-003)
 (  7.6681131869696315E-002,  3.2957361380331123E-003) (  7.6060753310746027E-009,  3.2739651413743168E-010) (  7.6060753151498390E-009,  3.2739651411879231E-010) ( -7.6803890434421290E-002, -3.3061066488811832E-003)
  0.85241499999999992        1.2500000000000000     
 ( 0.10446857618461126     ,  4.7509195198605341E-003) ( 0.10463517235548182     ,  4.7661594297560743E-003)
 (  9.1265245308069495E-002,  4.7101498005976813E-003) (  9.0529630056371729E-009,  4.6792761063186803E-010) (  9.0529629786660358E-009,  4.6792761061610900E-010) ( -9.1413349805565786E-002, -4.7252064467306178E-003)
  0.90240999999999982        1.2500000000000000     
 ( 0.12495227803583679     ,  6.6581273454307593E-003) ( 0.12515385799202366     ,  6.6798567569110240E-003)
 ( 0.10739930597392064     ,  6.5949936298465928E-003) (  1.0653706250728886E-008,  6.5521192351548940E-010) (  1.0653706206589215E-008,  6.5521192351989848E-010) (-0.10757601848642968     , -6.6164194704568966E-003)
  0.95240499999999984        1.2500000000000000     
 ( 0.14806566648205877     ,  9.1603040267294895E-003) ( 0.14830731801433011     ,  9.1907343296956951E-003)
 ( 0.12508357583420390     ,  9.0630582700751434E-003) (  1.2408351821047315E-008,  9.0046465577039359E-010) (  1.2408351749480079E-008,  9.0046465584923704E-010) (-0.12529226253398329     , -9.0929920619172364E-003)
   1.0024000000000000        1.2500000000000000     
 ( 0.17397396573565990     ,  1.2391462649265347E-002) ( 0.17426117222781334     ,  1.2433379146981447E-002)
 ( 0.14429211100015024     ,  1.2242631471891623E-002) (  1.4314346411280703E-008,  1.2164438852333111E-009) (  1.4314346299999000E-008,  1.2164438854098091E-009) (-0.14453617175154218     , -1.2283746798932391E-002)
   1.0523950000000000        1.2500000000000000     
 ( 0.20283387272723596     ,  1.6502857183992345E-002) ( 0.20317248040996197     ,  1.6559717052172528E-002)
 ( 0.16496814740628282     ,  1.6276777320332586E-002) (  1.6366077785861476E-008,  1.6173794371646842E-009) (  1.6366077614775809E-008,  1.6173794376619962E-009) (-0.16525092201389693     , -1.6332362244948748E-002)
   1.1023899999999998        1.2500000000000000     
 ( 0.23479022132735267     ,  2.1662197323124681E-002) ( 0.23518638731336294     ,  2.1738230490372268E-002)
 ( 0.18701914536541486     ,  2.1321650979424463E-002) (  1.8554381702992229E-008,  2.1188058405405246E-009) (  1.8554381447694623E-008,  2.1188058415374452E-009) (-0.18734379172944782     , -2.1395683219481727E-002)
   1.1523849999999998        1.2500000000000000     
 ( 0.26997256752330551     ,  2.8051983967943526E-002) ( 0.27043268622425504     ,  2.8152292263961133E-002)
 ( 0.21031163603500985     ,  2.7543660527770707E-002) (  2.0866028937632920E-008,  2.7372805213819133E-009) (  2.0866028561786250E-008,  2.7372805234765914E-009) (-0.21068097591660656     , -2.7640870919109033E-002)
   1.2023800000000000        1.2500000000000000     
 ( 0.30849198235695080     ,  3.5866859308876751E-002) ( 0.30902259087124057     ,  3.5997509296256801E-002)
 ( 0.23466615671500785     ,  3.5115300890234118E-002) (  2.3283221213402846E-008,  3.4899698825351038E-009) (  2.3283220672594858E-008,  3.4899698864482161E-009) (-0.23508249002443499     , -3.5241217166771102E-002)
   1.2523750000000000        1.2500000000000000     
 ( 0.35043840969048945     ,  4.5309876929399945E-002) ( 0.35104607279264549     ,  4.5477979182505318E-002)
 ( 0.25985263779334988     ,  4.4209479906838961E-002) (  2.5783131884384856E-008,  4.3940851468827527E-009) (  2.5783131116570278E-008,  4.3940851542914463E-009) (-0.26031752402000929     , -4.4370439152643291E-002)
   1.3023699999999998        1.2500000000000000     
 ( 0.39587860332592151     ,  5.6587812954325280E-002) ( 0.39656977752633182     ,  5.6801583064284511E-002)
 ( 0.28558625418312666     ,  5.4992355924224183E-002) (  2.8337492508076751E-008,  5.4661700982621568E-009) (  2.8337491436004494E-008,  5.4661701114499006E-009) (-0.28610025948048168     , -5.5195475318929786E-002)
   1.3523649999999998        1.2500000000000000     
 ( 0.44485779858044522     ,  6.9905601053639105E-002) ( 0.44563870501894781     ,  7.0174391584286164E-002)
 ( 0.31152332172185138     ,  6.7614624648171473E-002) (  3.0912186453317143E-008,  6.7212342106597447E-009) (  3.0912186845128624E-008,  6.7212342704448223E-009) (-0.31208568602623660     , -6.7867714192037909E-002)
   1.4023599999999998        1.2500000000000000     
 ( 0.49739322476515591     ,  8.5460137617892659E-002) ( 0.49826966028155245     ,  8.5794457360153967E-002)
 ( 0.33726564761298544     ,  8.2201461492556818E-002) (  3.3467675600321331E-008,  8.1717525280031367E-009) (  3.3467676143548204E-008,  8.1717526180043860E-009) (-0.33787416059590847     , -8.2512878459810535E-002)
   1.4523549999999998        1.2500000000000000     
 ( 0.55348723052753956     , 0.10343424416419597     ) ( 0.55446446004790451     , 0.10384573082309319     )
 ( 0.36235361374568809     ,  9.8841483912062142E-002) (  3.5958320357410177E-008,  9.8265672346369807E-009) (  3.5958321098091474E-008,  9.8265673675842397E-009) (-0.36300417818480551     , -9.9219897057351306E-002)
   1.5023499999999999        1.2500000000000000     
 ( 0.61312614605020155     , 0.12399091509021949     ) ( 0.61420877329165069     , 0.12449229683811636     )
 ( 0.38627408396047680     , 0.11757496065815143     ) (  3.8333162382638785E-008,  1.1689715391545903E-008) (  3.8333163379183582E-008,  1.1689715585354191E-008) (-0.38696049131126015     ,-0.11802903372754051     )
   1.5523449999999999        1.2500000000000000     
 ( 0.67628920860360542     , 0.14726903349589798     ) ( 0.67748108299808640     , 0.14787407792993579     )
 ( 0.40846512994374312     , 0.13838200283774391     ) (  4.0536397018172070E-008,  1.3759255215328733E-008) (  4.0536398351494123E-008,  1.3759255491583316E-008) (-0.40917883396089672     ,-0.13891998484272361     )
   1.6023399999999999        1.2500000000000000     
 ( 0.74295757726890554     , 0.17338109769042517     ) ( 0.74426173641990023     , 0.17410456639192937     )
 ( 0.42832413215006826     , 0.16117110138450833     ) (  4.2508180143937676E-008,  1.6026127656722599E-008) (  4.2508181899460529E-008,  1.6026128045678133E-008) (-0.42905408198632078     ,-0.16180032213127774     )
   1.6523349999999999        1.2500000000000000     
 ( 0.81312532244159708     , 0.20241399912376604     ) ( 0.81454397758805464     , 0.20327163576695673     )
 ( 0.44521887281986355     , 0.18576876672296780     ) (  4.4185733585606360E-008,  1.8473129218004639E-008) (  4.4185735874490044E-008,  1.8473129757851251E-008) (-0.44595144676964066     ,-0.18649504504145986     )
   1.7023299999999999        1.2500000000000000     
 ( 0.88681028507423321     , 0.23443325922807459     ) ( 0.88834482370626355     , 0.23544183441065508     )
 ( 0.45850005078324935     , 0.21191041558619084     ) (  4.5504590303562948E-008,  2.1074009951917861E-008) (  4.5504593265390664E-008,  2.1074010687833671E-008) (-0.45921910515126929     ,-0.21273738395043340     )
   1.7523250000000001        1.2500000000000000     
 ( 0.96406500497439496     , 0.26949147529763645     ) ( 0.96571599754683546     , 0.27066892163248135     )
 ( 0.46751641000813110     , 0.23923302781072786     ) (  4.6400099321460512E-008,  2.3792749664199717E-008) (  4.6400103115007601E-008,  2.3792750654496065E-008) (-0.46820348748873336     ,-0.24016139252615931     )
   1.8023199999999997        1.2500000000000000     
 (  1.0449855922610070     , 0.30764103809006105     ) (  1.0467527506682335     , 0.30900669799323094     )
 ( 0.47163089040628819     , 0.26726957442774746     ) (  4.6809029319736725E-008,  2.6583011757751020E-008) (  4.6809034138330602E-008,  2.6583013073742002E-008) (-0.47226561320051558     ,-0.26829633030277661     )
   1.8523149999999997        1.2500000000000000     
 (  1.1297169474459805     , 0.34895083894770629     ) (  1.1315989798518129     , 0.35052583534494053     )
 ( 0.47023825868921576     , 0.29544504493235113     ) (  4.6671317706475850E-008,  2.9387757416103271E-008) (  4.6671323789214328E-008,  2.9387759144103857E-008) (-0.47079895725788518     ,-0.29656267396506530     )
   1.9023099999999997        1.2500000000000000     
 (  1.2184531965954335     , 0.39352632705375329     ) (  1.2204474661289344     , 0.39533404275557199     )
 ( 0.46278395794789684     , 0.32307390375236555     ) (  4.5931935496150058E-008,  3.2139002504234943E-008) (  4.5931943105865442E-008,  3.2139004743817200E-008) (-0.46324857176009360     ,-0.32426960477429806     )
   1.9523049999999997        1.2500000000000000     
 (  1.3114318335077637     , 0.44153176408705680     ) (  1.3135337287145177     , 0.44359838228266363     )
 ( 0.44878489917019704     , 0.34935904253128991     ) (  4.4542941203123585E-008,  3.4757722803738364E-008) (  4.4542950661896375E-008,  3.4757725679627620E-008) (-0.44913220504515317     ,-0.35061406295821002     )
   2.0023000000000000        1.2500000000000000     
 (  1.4089244775131036     , 0.49321362850264561     ) (  1.4111266865777419     , 0.49556876680122103     )
 ( 0.42785659889863537     , 0.37339294816402024     ) (  4.2466168223582465E-008,  3.7153982731914318E-008) (  4.2466167038287664E-008,  3.7153982749878385E-008) (-0.42806821680881790     ,-0.37468226463899323     )
   2.0522950000000000        1.2500000000000000     
 (  1.5111951017551593     , 0.54891797266837805     ) (  1.5134853366502219     , 0.55159458297087594     )
 ( 0.39972515141069032     , 0.39415784131833026     ) (  3.9674360539211027E-008,  3.9226931131854104E-008) (  3.9674358982197194E-008,  3.9226931158984867E-008) (-0.39978645538618185     ,-0.39544968334006636     )
   2.1022900000000000        1.2500000000000000     
 (  1.6184946636370703     , 0.60911009968833185     ) (  1.6208544523396262     , 0.61214464568245353     )
 ( 0.36427931939829833     , 0.41053641169450217     ) (  3.6156363380718423E-008,  4.0865892776868128E-008) (  3.6156361357612052E-008,  4.0865892816713703E-008) (-0.36418286161317509     ,-0.41179311578462735     )
   2.1522849999999996        1.2500000000000000     
 (  1.7310027796366663     , 0.67437809247337788     ) (  1.7334048946667726     , 0.67780950024853315     )
 ( 0.32159343986373684     , 0.42132302028924223     ) (  3.1919339509953190E-008,  4.1951448976240293E-008) (  3.1919336878759603E-008,  4.1951449033748510E-008) (-0.32134127643327820     ,-0.42250228073325763     )
   2.2022799999999996        1.2500000000000000     
 (  1.8487832627674272     , 0.74542621725724012     ) (  1.8511892277092703     , 0.74929383652343273     )
 ( 0.27197076964750500     , 0.42524829153868493     ) (  2.6993049362223391E-008,  4.2357857452778403E-008) (  2.6993045967326674E-008,  4.2357857532526039E-008) (-0.27157709866957502     ,-0.42630567929326557     )
   2.2522749999999996        1.2500000000000000     
 (  1.9717323484695555     , 0.82304932705526468     ) (  1.9740903047830489     , 0.82738952161611479     )
 ( 0.21598540803505617     , 0.42101748069357670     ) (  2.1433987554800123E-008,  4.1956820140114217E-008) (  2.1433983196939362E-008,  4.1956820248534249E-008) (-0.21547868771242726     ,-0.42191034357300938     )
   2.3022699999999996        1.2500000000000000     
 (  2.0995306298920853     , 0.90808573985376551     ) (  2.1017742651359157     , 0.91292705091866844     )
 ( 0.15452042872750912     , 0.40736809154375336     ) (  1.5329153299638451E-008,  4.0623146386887195E-008) (  1.5329147725244368E-008,  4.0623146528665323E-008) (-0.15394426989439133     ,-0.40806085944088194     )
   2.3522650000000001        1.2500000000000000     
 (  2.2316067905860622     ,  1.0013458819398802     ) (  2.2336561388744096     ,  1.0067030637439005     )
 (  8.8793132052954582E-002, 0.38314720602043872     ) (  8.7985629718284067E-009,  3.8242358413457846E-008) (  8.7985558699693805E-009,  3.8242358594332480E-008) ( -8.8205128163563046E-002,-0.38361775097162665     )
   2.4022600000000001        1.2500000000000000     
 (  2.3671274183645727     ,  1.1035203186847355     ) (  2.3688923966057729     ,  1.1093880869548811     )
 (  2.0358437284541259E-002, 0.34740827489798942     ) (  1.9956196615725720E-009,  3.4720220555198320E-008) (  1.9956106612014860E-009,  3.4720220764448333E-008) ( -1.9826141697367874E-002,-0.34765444283609054     )
   2.4522550000000001        1.2500000000000000     
 (  2.5050216019098097     ,  1.2150753768798157     ) (  2.5064085585016240     ,  1.2214232407471666     )
 ( -4.8923495574013112E-002, 0.29951850628949289     ) ( -4.8960325318032442E-009,  2.9993325934076644E-008) ( -4.8960439040597292E-009,  2.9993326158418065E-008) (  4.9329792480945010E-002,-0.29956343097156174     )
   2.5022500000000001        1.2500000000000000     
 (  2.6440521484391279     ,  1.3361525159986227     ) (  2.6449730900503745     ,  1.3429223078851831     )
 (-0.11696151739266186     , 0.23926163493380806     ) ( -1.1669771227093096E-008,  2.4039243359959852E-008) ( -1.1669785545108752E-008,  2.4039243566193303E-008) ( 0.11717876836495303     ,-0.23915614372039476     )
   2.5522449999999997        1.2500000000000000     
 (  2.7829317674420651     ,  1.4664926723852654     ) (  2.7833148330116315     ,  1.4736002479557579     )
 (-0.18155165223310829     , 0.16691656595945192     ) ( -1.8107591093067177E-008,  1.6884311804974751E-008) ( -1.8107609035072541E-008,  1.6884311935356915E-008) ( 0.18153541134640527     ,-0.16673719823432720     )
   2.6022399999999997        1.2500000000000000     
 (  2.9204742515319997     ,  1.6054092227736709     ) (  2.9202732754488161     ,  1.6127508683429812     )
 (-0.24052708823342969     ,  8.3289194438553038E-002) ( -2.3994843241675309E-008,  8.6068415008405508E-009) ( -2.3994865616364568E-008,  8.6068414351872868E-009) ( 0.24026202283476572     , -8.3131215001034389E-002)
   2.6522349999999997        1.2500000000000000     
 (  3.0557649323148950     ,  1.7518246683047052     ) (  3.0549660362068702     ,  1.7592875203162499     )
 (-0.29192424105960657     , -1.0317203406094417E-002) ( -2.9136608023788105E-008, -6.6571577251401543E-010) ( -2.9136605050462820E-008, -6.6571528395254020E-010) ( 0.29143197387221675     ,  1.0351130611158454E-002)
   2.7022299999999997        1.2500000000000000     
 (  3.1882750824013395     ,  1.9043738300633664     ) (  3.1868968584340069     ,  1.9118484303179972     )
 (-0.33410009851888972     ,-0.11219361382831286     ) ( -3.3369175795077513E-008, -1.0765716269838680E-008) ( -3.3369172115933420E-008, -1.0765715697752941E-008) ( 0.33343966111057544     , 0.11200738734021233     )
   2.7522249999999997        1.2500000000000000     
 (  3.3179963205599434     ,  2.0615636830072464     ) (  3.3160863408129591     ,  2.0689556967778437     )
 (-0.36585158529041806     ,-0.22036872346511246     ) ( -3.6571984424397077E-008, -2.1499352275874435E-008) ( -3.6571979889612335E-008, -2.1499351609844008E-008) ( 0.36511744650066308     , 0.21988634165012816     )
   2.8022199999999997        1.2500000000000000     
 (  3.4454390980881726     ,  2.2219559043403425     ) (  3.4430646679909236     ,  2.2291947189499757     )
 (-0.38641668651190281     ,-0.33276894982839145     ) ( -3.8667717156731904E-008, -3.2662360141474514E-008) ( -3.8667711576830777E-008, -3.2662359380621438E-008) ( 0.38572993315791587     , 0.33194560928012323     )
   2.8522149999999997        1.2500000000000000     
 (  3.5715915886692544     ,  2.3843426533190537     ) (  3.5688283087520247     ,  2.3913851039887497     )
 (-0.39543164408015979     ,-0.44736278764492093     ) ( -3.9618192442632266E-008, -4.4054192740911009E-008) ( -3.9618185602331462E-008, -4.4054191879480288E-008) ( 0.39492874582161591     , 0.44619182367110799     )
   2.9022099999999997        1.2500000000000000     
 (  3.6978157598219563     ,  2.5478865290616071     ) (  3.6947360553618283     ,  2.5547153721942317     )
 (-0.39283118955388530     ,-0.56226200242811475     ) ( -3.9414627719875219E-008, -5.5487969677578415E-008) ( -3.9414619350064344E-008, -5.5487968727508740E-008) ( 0.39265202249160464     , 0.56077739072519606     )
   2.9522049999999997        1.2500000000000000     
 (  3.8257108695409361     ,  2.7122096208357567     ) (  3.8223746662310085     ,  2.7188275022982316     )
 (-0.37872674669713913     ,-0.67576073057285424     ) ( -3.8065731814474664E-008, -6.6794331573665364E-008) ( -3.8065721602825208E-008, -6.6794330538715669E-008) ( 0.37900365373217704     , 0.67403593640886184     )
   3.0021999999999998        1.2500000000000000     
 (  3.9569703363070738     ,  2.8774296839865414     ) (  3.9534193262565744     ,  2.8838500293587521     )
 (-0.35329213909977158     ,-0.78631300162073281     ) ( -3.5586527192295919E-008, -7.7819245039368323E-008) ( -3.5586514763694008E-008, -7.7819243934832900E-008) ( 0.35414088160746848     , 0.78445754741084950     )
   3.0521949999999998        1.2500000000000000     
 (  4.0932490146829403     ,  3.0441565809290232     ) (  4.0895051789712360     ,  3.0503930412517901     )
 (-0.31668056594008909     ,-0.89246100430238295     ) ( -3.1990247646338291E-008, -8.8416967376403988E-008) ( -3.1990232524937775E-008, -8.8416966228182178E-008) ( 0.31819318460738982     , 0.89061609481861659     )
   3.1021899999999998        1.2500000000000000     
 (  4.2360495762782371     ,  3.2134626515804912     ) (  4.2321181481096612     ,  3.2195186214464799     )
 (-0.26899101228992106     ,-0.99273543251822416     ) ( -2.7285098300069310E-008, -9.8440271408873395E-008) ( -2.7285079981033888E-008, -9.8440270250063158E-008) ( 0.27122992167436905     , 0.99106957792319672     )
   3.1521849999999998        1.2500000000000000     
 (  4.3866250787236405     ,  3.3868410277155987     ) (  4.3825017505620405     ,  3.3927006623565830     )
 (-0.21028888750355823     , -1.0855455399729219     ) ( -2.1476358167700114E-008, -1.0772966078412161E-007) ( -2.1476335942734403E-008, -1.0772965966553554E-007) ( 0.21328111212488968     ,  1.0842504108400952     )
   3.2021799999999998        1.2500000000000000     
 (  4.5458887132137527     ,  3.5661570937918210     ) (  4.5415707344008238     ,  3.5717791781375476     )
 (-0.14068076319614120     , -1.1690852113618133     ) ( -1.4573804069384410E-008, -1.1610418486629334E-007) ( -1.4573777168433504E-008, -1.1610418384352098E-007) ( 0.14441127762282530     ,  1.1683712801823387     )
   3.2521749999999998        1.2500000000000000     
 (  4.7143216873683134     ,  3.7535929928166363     ) (  4.7098221589891036     ,  3.7589090921294890     )
 ( -6.0438374366218663E-002, -1.2412705962925648     ) ( -6.6039884914302877E-009, -1.2335537609090476E-007) ( -6.6039559887799038E-009, -1.2335537524863688E-007) (  6.4841860034956317E-002,  1.2413612385234185     )
   3.3021699999999998        1.2500000000000000     
 (  4.8918705281342723     ,  3.9515700286259343     ) (  4.8872348916508273     ,  3.9564886433605264     )
 (  2.9840518367955829E-002, -1.2997316250033522     ) (  2.3738702168414472E-009, -1.2924652266322747E-007) (  2.3739094457137626E-009, -1.2924652209514828E-007) ( -2.4889410190221666E-002,  1.3008538543442014     )
   3.3521649999999998        1.2500000000000000     
 (  5.0778403278732380     ,  4.1626358187175230     ) (  5.0731628891273157     ,  4.1670543096870052     )
 ( 0.12905161440016755     , -1.3418734204910905     ) (  1.2250087584908459E-008, -1.3351885079743997E-007) (  1.2250134871310323E-008, -1.3351885060224019E-007) (-0.12374816068704982     ,  1.3442430767592908     )
   3.4021599999999999        1.2500000000000000     
 (  5.2707975862904526     ,  4.3892927674364248     ) (  5.2662348354318933     ,  4.3931183279897228     )
 ( 0.23541245438084712     , -1.3650257363778013     ) (  2.2847637668090915E-008, -1.3590639935703727E-007) (  2.2847694581457846E-008, -1.3590639962373523E-007) (-0.23002897334631689     ,  1.3688253647290689     )
   3.4521549999999999        1.2500000000000000     
 (  5.4685296518597291     ,  4.6337638436854380     ) (  5.4643059990020895     ,  4.6369434739950295     )
 ( 0.34635027275522956     , -1.3666799771502349     ) (  3.3911261448496864E-008, -1.3615951384116801E-007) (  3.3911250738968694E-008, -1.3615951664240754E-007) (-0.34123715284029088     ,  1.3720290374799633     )
   3.5021500000000003        1.2500000000000000     
 (  5.6680252243427107     ,  4.8976959458175546     ) (  5.6644224281165672     ,  4.9002526832431892     )
 ( 0.45843997607805814     , -1.3448026676302007     ) (  4.5101317385978415E-008, -1.3407581389064487E-007) (  4.5101304656435551E-008, -1.3407581732921144E-007) (-0.45400918713092975     ,  1.3517226496970041     )
   3.5521449999999994        1.2500000000000000     
 (  5.8657136598109343     ,  5.1818544368562529     ) (  5.8630448230560193     ,  5.1839227401115586     )
 ( 0.56757466494322228     , -1.2981768069256978     ) (  5.6011088600290621E-008, -1.2953383420357040E-007) (  5.6011073591565770E-008, -1.2953383842479210E-007) (-0.56427172560384531     ,  1.3065574159497353     )
   3.6021399999999995        1.2500000000000000     
 (  6.0577302963096242     ,  5.4858634018892563     ) (  6.0562914548243727     ,  5.4877135203583407     )
 ( 0.66921097802570551     , -1.2266984665019880     ) (  6.6190960876190191E-008, -1.2252210581526715E-007) (  6.6190943230473647E-008, -1.2252211095386817E-007) (-0.66746363219892790     ,  1.2362754243559719     )
   3.6521349999999995        1.2500000000000000     
 (  6.2403674102343736     ,  5.8080852489495172     ) (  6.2403746472709072     ,  5.8101242824070631     )
 ( 0.75879597289027234     , -1.1315396448188797     ) (  7.5190611711313884E-008, -1.1315496167124972E-007) (  7.5190591029558790E-008, -1.1315496786330807E-007) (-0.75894976372251233     ,  1.1418957395744052     )
   3.7021299999999995        1.2500000000000000     
 (  6.4105659878201884     ,  6.1457069920093828     ) (  6.4120907738663018     ,  6.1484477113707916     )
 ( 0.83224263378230101     , -1.0151052347977956     ) (  8.2605771669595184E-008, -1.0166802529347400E-007) (  8.2605747555154923E-008, -1.0166803265275967E-007) (-0.83449548182219191     ,  1.0257035228810909     )
   3.7521249999999995        1.2500000000000000     
 (  6.5663405424042187     ,  6.4950446478813451     ) (  6.5692615704015100     ,  6.4990418531020389     )
 ( 0.88634897795884926     ,-0.88077248584274326     ) (  8.8119248979145877E-008, -8.8392356500911763E-008) (  8.8119220886437662E-008, -8.8392365190665094E-008) (-0.89070296358464041     , 0.89102158975906198     )
   3.8021199999999995        1.2500000000000000     
 (  6.7070314104612958     ,  6.8520126822773237     ) (  6.7110203499667938     ,  6.8577782701150163     )
 ( 0.91904756476864780     ,-0.73246431730383876     ) (  9.1525160722448091E-008, -7.3712415904581559E-008) (  9.1525128093292098E-008, -7.3712425975791721E-008) (-0.92529524318381884     , 0.74180453824305326     )
   3.8521149999999995        1.2500000000000000     
 (  6.8333260355871719     ,  7.2126433184766334     ) (  6.8378755372302829     ,  7.2205606986720809     )
 ( 0.92942620739278914     ,-0.57417491035372126     ) (  9.2730637136582983E-008, -5.8019542776937813E-008) (  9.2730599243044034E-008, -5.8019554347017788E-008) (-0.93717956607810338     , 0.58216434590990207     )
   3.9021099999999995        1.2500000000000000     
 (  6.9470628027992438     ,  7.5735350277820332     ) (  6.9515517552025949     ,  7.5837953751948879     )
 ( 0.91753551181071002     ,-0.40956784335087931     ) (  9.1736692066304631E-008, -4.1672736374954229E-008) (  9.1736648168815297E-008, -4.1672749500431183E-008) (-0.92629246069634619     , 0.41594589156001865     )
   3.9521050000000000        1.2500000000000000     
 (  7.0509009812037196     ,  7.9321483919382363     ) (  7.0546800033807289     ,  7.9447241098996138     )
 ( 0.88406316056355072     ,-0.24173457255172739     ) (  8.8606134181065299E-008, -2.4975280989423788E-008) (  8.8606083523765658E-008, -2.4975295747513357E-008) (-0.89329436011497876     , 0.24644737166582564     )
   4.0021000000000004        1.2500000000000000     
 (  7.1479537342109039     ,  8.2869185663641378     ) (  7.1504295583722435     ,  8.3015772303349333     )
 ( 0.82997525471523614     , -7.3142558118167583E-002) (  8.3428419832201184E-008, -8.1700117145145416E-009) (  8.3428361186180036E-008, -8.1700280322434808E-009) (-0.83920960027591907     ,  7.6327044542736061E-002)
   4.0520950000000004        1.2500000000000000     
 (  7.2414708565778412     ,  8.6372295012459350     ) (  7.2421711332809382     ,  8.6535794047486903     )
 ( 0.75621516635045405     ,  9.4261663688714512E-002) (  7.6290268910268599E-008,  8.5502606666392476E-009) (  7.6290201121098995E-008,  8.5502429314840543E-009) (-0.76510533413114679     , -9.2326545960026596E-002)
   4.1020900000000005        1.2500000000000000     
 (  7.3346139770426841     ,  8.9833012597073267     ) (  7.3332231278291466     ,  9.0008537635668997     )
 ( 0.66350744412162899     , 0.25884868478500822     ) (  6.7256684361047526E-008,  2.5022480352928452E-008) (  6.7256605926506781E-008,  2.5022461162399746E-008) (-0.67186574267602051     ,-0.25780838636687214     )
   4.1520850000000005        1.2500000000000000     
 (  7.4303283604408215     ,  9.3260644818641723     ) (  7.4266943923568833     ,  9.3442974267580130     )
 ( 0.55227843632852902     , 0.41906793140090304     ) (  5.6363501163389159E-008,  4.1089775838767484E-008) (  5.6363410384574556E-008,  4.1089755593994378E-008) (-0.56008233460741053     ,-0.41856113414710833     )
   4.2020800000000005        1.2500000000000000     
 (  7.5312809435669266     ,  9.6670588638353117     ) (  7.5253990372374648     ,  9.6854699021406461     )
 ( 0.42268147794594435     , 0.57321478048570473     ) (  4.3620257343250436E-008,  5.6578451690939546E-008) (  4.3620152144891972E-008,  5.6578430583920986E-008) (-0.43005427146128450     ,-0.57293295531829613     )
   4.2520750000000005        1.2500000000000000     
 (  7.6398489915666881     ,  10.008392428832540     ) (  7.6318319400938428     ,  10.026536208449844     )
 ( 0.27468711865020867     , 0.71923556744966977     ) (  2.9019480201973773E-008,  7.1278761701609863E-008) (  2.9019507940100781E-008,  7.1278765546481233E-008) (-0.28186071230016640     ,-0.71896679553539256     )
   4.3020699999999996        1.2500000000000000     
 (  7.7579932214871778     ,  10.352738012159053     ) (  7.7480335595924386     ,  10.370245901456562     )
 ( 0.10829776172088182     , 0.85457667724553710     ) (  1.2558734893334332E-008,  8.4930269316339625E-008) (  1.2558767695218950E-008,  8.4930274436467311E-008) (-0.11557332887892374     ,-0.85423380924980141     )
   4.3520649999999996        1.2500000000000000     
 (  7.8872717694080450     ,  10.703384986399888     ) (  7.8756096531496658     ,  10.719969648067538     )
 ( -7.6311799233920216E-002, 0.97608163793120395     ) ( -5.7453317329998140E-009,  9.7211892416501879E-008) ( -5.7452930726726164E-009,  9.7211899168708490E-008) (  6.8614532241490223E-002,-0.97571229075293708     )
   4.4020599999999996        1.2500000000000000     
 (  8.0285894923717809     ,  11.064267469153268     ) (  8.0154842915598934     ,  11.079715586521663     )
 (-0.27848829103817496     ,  1.0799467596796664     ) ( -2.5825814440012291E-008,  1.0773834043199724E-007) ( -2.5825769206222885E-008,  1.0773834925693924E-007) ( 0.27007379176975449     , -1.0797310488371383     )
   4.4520549999999997        1.2500000000000000     
 (  8.1819492413040074     ,  11.439950727421021     ) (  8.1676609608124124     ,  11.454108502022478     )
 (-0.49680104767937039     ,  1.1617476644074194     ) ( -4.7535638411382158E-008,  1.1606389783094395E-007) ( -4.7535585558720124E-008,  1.1606390934355079E-007) ( 0.48743759782024082     , -1.1619846389459203     )
   4.5020499999999997        1.2500000000000000     
 (  8.3461059262973691     ,  11.835503616952492     ) (  8.3308868025283367     ,  11.848259632382055     )
 (-0.72868620787467075     ,  1.2165757546736502     ) ( -7.0612481834470729E-008,  1.2169756565455039E-007) ( -7.0612420426481220E-008,  1.2169758043844534E-007) ( 0.71823960559867517     , -1.2176607853968127     )
   4.5520449999999997        1.2500000000000000     
 (  8.5181861376594590     ,  12.256193482204740     ) (  8.5022816859745536     ,  12.267463119600276     )
 (-0.97006953493873449     ,  1.2393333520288270     ) ( -9.4642556958804464E-008,  1.2413414776737685E-007) ( -9.4642485807244389E-008,  1.2413416659279036E-007) ( 0.95853000967816393     , -1.2417285812109167     )
   4.6020399999999997        1.2500000000000000     
 (  8.6933561753563620     ,  12.706946080920801     ) (  8.6770139569124876     ,  12.716661414336357     )
 ( -1.2150381828921000     ,  1.2252408217623023     ) ( -1.1903051070461690E-007,  1.2290589934141172E-007) ( -1.1903042882978412E-007,  1.2290592309126056E-007) (  1.2025395414426825     , -1.2294397256413063     )
   4.6520349999999997        1.2500000000000000     
 (  8.8646747017276795     ,  13.191556272366110     ) (  8.8481573129935676     ,  13.199664157279775     )
 ( -1.4556800013403253     ,  1.1705846149836996     ) ( -1.4298712649629777E-007,  1.1765668558680779E-007) ( -1.4298703276916433E-007,  1.1765671517408128E-007) (  1.4425102515686199     , -1.1770720400684813     )
   4.7020300000000006        1.2500000000000000     
 (  9.0233042524910214     ,  13.711704456796706     ) (  9.0069025154930511     ,  13.718174093118233     )
 ( -1.6822547798430543     ,  1.0736466575002952     ) ( -1.6555019434373215E-007,  1.0823172096650748E-007) ( -1.6555008762885197E-007,  1.0823175764270698E-007) (  1.6688569194733389     , -1.0828555675603662     )
   4.7520250000000006        1.2500000000000000     
 (  9.1592340770368672     ,  14.265962855718401     ) (  9.1432758317748064     ,  14.270802764079068     )
 ( -1.8838538796625564     , 0.93566323845058486     ) ( -1.8565237326713008E-007,  9.4767578133413496E-008) ( -1.8565225258319496E-007,  9.4767622956473320E-008) (  1.8708155299770979     ,-0.94793011690335505     )
   4.8020200000000006        1.2500000000000000     
 (  9.2625711241588515     ,  14.849100589024289     ) (  9.2474210445394291     ,  14.852382610422465     )
 ( -2.0496060354340546     , 0.76150529447329862     ) ( -2.0223979079557874E-007,  7.7752953562285865E-008) ( -2.0223965492197615E-007,  7.7753007496485100E-008) (  2.0376363028913174     ,-0.77702690489830362     )
   4.8520150000000006        1.2500000000000000     
 (  9.3252392684287884     ,  15.452033705468464     ) (  9.3112859271252866     ,  15.453920110354002     )
 ( -2.1702802742692722     , 0.55974040103569012     ) ( -2.1442572853364069E-007,  5.8029090510003996E-008) ( -2.1442557654107886E-007,  5.8029154780868390E-008) (  2.1601733338126046     ,-0.57853544427057468     )
   4.9020100000000006        1.2500000000000000     
 (  9.3426862220511477     ,  16.062672882537814     ) (  9.3303145914060437     ,  16.063439831854755     )
 ( -2.2398969238069384     , 0.34183484791854690     ) ( -2.2164189073094488E-007,  3.6708833061587684E-008) ( -2.2164172158360979E-007,  3.6708908446687131E-008) (  2.2324822374331217     ,-0.36371597700879910     )
   4.9520050000000007        1.2500000000000000     
 (  9.3150601335708441     ,  16.667599973607313     ) (  9.3046109342701371     ,  16.667650233335543     )
 ( -2.2568156209775485     , 0.12055226991764774     ) ( -2.2373786594194889E-007,  1.5021412747042023E-008) ( -2.2373767841861267E-007,  1.5021499735401717E-008) (  2.2528984446262852     ,-0.14511409329884048     )
   5.0020000000000007        1.2500000000000000     
 (  9.2474260364483225     ,  17.254181265262091     ) (  9.2391473937427513     ,  17.254039527798941     )
 ( -2.2238800208204745     , -9.2050337404531363E-002) ( -2.2099049687197340E-007, -5.8783464523054096E-009) ( -2.2099028942921601E-007, -5.8782473843286704E-009) (  2.2241781031473393     ,  6.5422568095792499E-002)
   5.0519950000000007        1.2500000000000000     
 (  9.1489435102025709     ,  17.812489687333567     ) (  9.1429439635751262     ,  17.812777575018927     )
 ( -2.1475419364290835     ,-0.28641453065327382     ) ( -2.1401740581790869E-007, -2.5078687514217839E-008) ( -2.1401717702101884E-007, -2.5078576495901785E-008) (  2.1526282718965195     , 0.25851490357216428     )
   5.1019899999999998        1.2500000000000000     
 (  9.0313419568441002     ,  18.336539382556129     ) (  9.0275544897895355     ,  18.337932871185565     )
 ( -2.0362583844531783     ,-0.45655580118081807     ) ( -2.0362268913767989E-007, -4.2010624789414303E-008) ( -2.0362274836926251E-007, -4.2010625930586899E-008) (  2.0465149610696831     , 0.42830931776143372     )
   5.1519849999999998        1.2500000000000000     
 (  8.9070380453987958     ,  18.824582365252908     ) (  8.9051957879424695     ,  18.827756450771506     )
 ( -1.8987936144974855     ,-0.60021226344032252     ) ( -1.9063610628682749E-007, -5.6460337514745690E-008) ( -1.9063617621949272E-007, -5.6460339857492027E-008) (  1.9143963170403782     , 0.57262313395941722     )
   5.2019799999999998        1.2500000000000000     
 (  8.7878231710612447     ,  19.278727119327225     ) (  8.7874592299883769     ,  19.284296458436852     )
 ( -1.7426527125315507     ,-0.71822109283070124     ) ( -1.7576286866855491E-007, -6.8507363704047776E-008) ( -1.7576295097769693E-007, -6.8507367818903778E-008) (  1.7635584181468735     , 0.69231181833205591     )
   5.2519749999999998        1.2500000000000000     
 (  8.6837749224686682     ,  19.704065998139832     ) (  8.6842348006436829     ,  19.712525251679260     )
 ( -1.5732317919813705     ,-0.81344220729552241     ) ( -1.5950420633289038E-007, -7.8421268059077865E-008) ( -1.5950430278292137E-007, -7.8421274564149525E-008) (  1.5991929820637782     , 0.79020466931496225     )
   5.3019699999999998        1.2500000000000000     
 (  8.6028380296611768     ,  20.107768284314499     ) (  8.6033083733511759     ,  20.119435205750264     )
 ( -1.3934645311092673     ,-0.88957177526663700     ) ( -1.4212405434451265E-007, -8.6547283986515247E-008) ( -1.4212416730731044E-007, -8.6547293820456062E-008) (  1.4240527650673005     , 0.86992718550166226     )
   5.3519649999999999        1.2500000000000000     
 (  8.5507593555153978     ,  20.498314692953464     ) (  8.5503115852155034     ,  20.513278185433332     )
 ( -1.2039473519355000     ,-0.95006125337637659     ) ( -1.2366183135206277E-007, -9.3201858183920463E-008) ( -1.2366196301098595E-007, -9.3201872348743332E-008) (  1.2385837811989153     , 0.93483201493775725     )
   5.4019599999999999        1.2500000000000000     
 (  8.5312152909793948     ,  20.884985529908899     ) (  8.5288655448410093     ,  20.903060306753698     )
 ( -1.0033761053172934     ,-0.99724756246947710     ) ( -1.0397546861739647E-007, -9.8588241978265505E-008) ( -1.0397562148107292E-007, -9.8588261771275356E-008) (  1.0413642786926063     , 0.98714249773195017     )
   5.4519549999999999        1.2500000000000000     
 (  8.5459602032396358     ,  21.277592494907143     ) (  8.5407474995635937     ,  21.298285495988260     )
 (-0.78917984820807285     , -1.0317011179377997     ) ( -8.2804125366119147E-008, -1.0273288986193190E-007) ( -8.2804302497998610E-008, -1.0273291695980246E-007) ( 0.82973636024478159     ,  1.0273145409569648     )
   5.5019499999999999        1.2500000000000000     
 (  8.5948623430146611     ,  21.686383678430534     ) (  8.5859460378362176     ,  21.708878719268188     )
 (-0.55829823392623867     , -1.0517832347673208     ) ( -5.9845655013744696E-008, -1.0544239321258692E-007) ( -5.9845859726703470E-008, -1.0544242974933110E-007) ( 0.60057341711814449     ,  1.0536066725270541     )
   5.5519449999999999        1.2500000000000000     
 (  8.6757476904452808     ,  22.122020203817979     ) (  8.6625232792059705     ,  22.145191581446106     )
 (-0.30809528414614346     , -1.0534093956262685     ) ( -3.4848247607298474E-008, -1.0628131826290096E-007) ( -3.4848482790137192E-008, -1.0628136663935131E-007) ( 0.35117654452716779     ,  1.0618511455347719     )
   5.6019399999999999        1.2500000000000000     
 (  8.7839988895554235     ,  22.595471829635361     ) (  8.7662254305664753     ,  22.617940158665675     )
 ( -3.7415501043108139E-002, -1.0300774634790859     ) ( -7.7163125405554128E-009, -1.0457740981452196E-007) ( -7.7165818267647568E-009, -1.0457747327480902E-007) (  8.0305449500562731E-002,  1.0454782213971929     )
   5.6519349999999999        1.2500000000000000     
 (  8.9119371956482958     ,  23.117654067711701     ) (  8.8898638927661846     ,  23.137898196325779     )
 ( 0.25223177464215130     ,-0.97327073936645081     ) (  2.1371652929095497E-008, -9.9465685625681143E-008) (  2.1371345770569514E-008, -9.9465767886110429E-008) (-0.21066319659595945     , 0.99589594508332280     )
   5.7019299999999999        1.2500000000000000     
 (  9.0481075063026228     ,  23.698601466115853     ) (  9.0225727128773272     ,  23.715141031002204     )
 ( 0.55547814341407764     ,-0.87341180258056128     ) (  5.1846511541830797E-008, -8.9988557514020667E-008) (  5.1846163432479917E-008, -8.9988663135247452E-008) (-0.51655453536448914     , 0.90339634646467992     )
   5.7519250000000000        1.2500000000000000     
 (  9.1767516400745173     ,  24.345993414592133     ) (  9.1492132784455542     ,  24.357643165618853     )
 ( 0.86215799252146474     ,-0.72151444268127729     ) (  8.2661250356761418E-008, -7.5265275449401441E-008) (  8.2660858266242879E-008, -7.5265409455437910E-008) (-0.82743512794860063     , 0.75874043999091767     )
   5.8019200000000000        1.2500000000000000     
 (  9.2779429854610669     ,  25.063020297330997     ) (  9.2503853401503164     ,  25.069192661427984     )
 (  1.1570932878536926     ,-0.51155211509522458     ) (  1.1228012254851889E-007, -5.4729369118357477E-008) (  1.1227968424486747E-007, -5.4729537398660923E-008) ( -1.1283203207575141     , 0.55546530490150692     )
   5.8519150000000009        1.2500000000000000     
 (  9.3289517002340947     ,  25.845924151840105     ) (  9.3036182085471637     ,  25.846910897261193     )
 (  1.4211705542503625     ,-0.24318954687694458     ) (  1.3879868400884100E-007, -2.8394987174688912E-008) (  1.3879819780649606E-007, -2.8395195505399360E-008) ( -1.4001146985039983     , 0.29260738921531104     )
   5.9019100000000000        1.2500000000000000     
 (  9.3072123491680916     ,  26.682026997885661     ) (  9.2861621741966331     ,  26.679142616235342     )
 (  1.6340834787192446     ,  7.5935695462782296E-002) (  1.6022605871546890E-007,  2.9309583991715342E-009) (  1.6022552438093297E-007,  2.9307041258158196E-009) ( -1.6222004250740867     , -2.2918156869809879E-002)
   5.9519050000000000        1.2500000000000000     
 (  9.1946334733289099     ,  27.549412197326127     ) (  9.1792109172440437     ,  27.544871433311581     )
 (  1.7784832793490868     , 0.42955599195464578     ) (  1.7489618113834460E-007,  3.7604748354565719E-008) (  1.7489559942417087E-007,  3.7604443217882447E-008) ( -1.7765061207148358     ,-0.37544021747998291     )
   6.0019000000000000        1.2500000000000000     
 (  8.9821187944309848     ,  28.419175448614876     ) (  8.9725267197279326     ,  28.415658011323522     )
 (  1.8443338426414140     , 0.79466354936720018     ) (  1.8188381347088668E-007,  7.3351467703792773E-008) (  1.8188392302482879E-007,  7.3351462118655037E-008) ( -1.8519468641222001     ,-0.74214481576092850     )
   6.0518950000000000        1.2500000000000000     
 (  8.6722138958527655     ,  29.260037224605682     ) (  8.6673880083036661     ,  29.260041364043737     )
 (  1.8318369856545482     ,  1.1458402728151553     ) (  1.8127097152434676E-007,  1.0770076710689795E-007) (  1.8127110094665805E-007,  1.0770076058732818E-007) ( -1.8476566539221089     , -1.0972414516825992     )
   6.1018900000000000        1.2500000000000000     
 (  8.2792944807030153     ,  30.044120555529268     ) (  8.2771807940985447     ,  30.049351872016949     )
 (  1.7512108183014634     ,  1.4606093253097376     ) (  1.7409854265872146E-007,  1.3850284890877057E-007) (  1.7409869522874631E-007,  1.3850284206691001E-007) ( -1.7730928609491492     , -1.4173485555722090     )
   6.1518850000000000        1.2500000000000000     
 (  7.8262633802408450     ,  30.751501542524593     ) (  7.8243707466565589     ,  30.762534843621442     )
 (  1.6197484429365756     ,  1.7237353189188029     ) (  1.6206680656219252E-007,  1.6433235663014488E-007) (  1.6206698606483870E-007,  1.6433235003901221E-007) ( -1.6453660497072566     , -1.6860866334410232     )
   6.2018800000000001        1.2500000000000000     
 (  7.3399105265512015     ,  31.372301482418958     ) (  7.3359072338203903     ,  31.388608549224948     )
 (  1.4572088592011605     ,  1.9290060357802996     ) (  1.4708415815439101E-007,  1.8464244385020187E-007) (  1.4708436876770316E-007,  1.8464243845390653E-007) ( -1.4846370015314083     , -1.8962174320666347     )
   6.2518750000000001        1.2500000000000000     
 (  6.8464656812138225     ,  31.906115122466680     ) (  6.8386061467273418     ,  31.926369369784442     )
 (  1.2814985216778187     ,  2.0783757314464499     ) (  1.3085439415630279E-007,  1.9966754525582161E-007) (  1.3085464083303084E-007,  1.9966754222004292E-007) ( -1.3096054130094059     , -2.0490502200640015     )
   6.3018700000000001        1.2500000000000000     
 (  6.3686428425419797     ,  32.359764144260055     ) (  6.3559426556749221     ,  32.382245887910614     )
 (  1.1058501766311264     ,  2.1794199107916814     ) (  1.1461285639002737E-007,  2.1016975720128383E-007) (  1.1461314437365546E-007,  2.1016975818604121E-007) ( -1.1344225076372514     , -2.1519812615953753     )
   6.3518650000000001        1.2500000000000000     
 (  5.9244255051039998     ,  32.744625962703090     ) (  5.9066252777785291     ,  32.767581329720201     )
 ( 0.93777007869005968     ,  2.2423407650016047     ) (  9.9032924343219444E-008,  2.1714726573344373E-007) (  9.9033259918832778E-008,  2.1714727280879784E-007) (-0.96742102801072793     , -2.2154361747423112     )
   6.4018600000000001        1.2500000000000000     
 (  5.5271650360878075     ,  33.074421096819293     ) (  5.5045750035621932     ,  33.096304428500616     )
 ( 0.77933813101643556     ,  2.2773730052876036     ) (  8.4260865571387835E-008,  2.2158418001701514E-007) (  8.4261255535411446E-008,  2.2158419580520612E-007) (-0.81129481598354414     , -2.2501487613132816     )
   6.4518550000000001        1.2500000000000000     
 (  5.1863503218495195     ,  33.363820689370073     ) (  5.1596580873796727     ,  33.383417750703444     )
 ( 0.62825159407536957     ,  2.2929309685962460     ) (  7.0020626460818437E-008,  2.2427243211970073E-007) (  7.0021078376540642E-008,  2.2427246020249205E-007) (-0.66410659287839491     , -2.2651851893663193     )
   6.5018500000000001        1.2500000000000000     
 (  4.9085114070949301     ,  33.627848632008288     ) (  4.8786023244968613     ,  33.644307319380360     )
 ( 0.47914068720450204     ,  2.2944469282439615     ) (  5.5743938798227603E-008,  2.2569989756320577E-007) (  5.5744460947555734E-008,  2.2569994239239743E-007) (-0.52061180579155730     , -2.2666933401162175     )
   6.5518450000000001        1.2500000000000000     
 (  4.6979150585598033     ,  33.881896919026843     ) (  4.6657263257136856     ,  33.894694253517244     )
 ( 0.32490677409853658     ,  2.2837079169891608     ) (  4.0703184384343671E-008,  2.2598588091690084E-007) (  4.0703786336688393E-008,  2.2598594830446157E-007) (-0.37361618792169698     , -2.2571850379422513     )
   6.6018400000000002        1.2500000000000000     
 (  4.5568551404230995     ,  34.142126132906057     ) (  4.5232730593784103     ,  34.150993551314166     )
 ( 0.15803162144395649     ,  2.2585057503479709     ) (  2.4142964268169819E-008,  2.2484682869206264E-007) (  2.4143656136711717E-008,  2.2484692599669601E-007) (-0.21529599896094118     , -2.2351518669640753     )
   6.6518350000000002        1.2500000000000000     
 (  4.4854135733643963     ,  34.426041364070997     ) (  4.4512206808419004     ,  34.430861089559592     )
 ( -2.8068229153514875E-002,  2.2124800443469477     ) (  5.4185619379417446E-009,  2.2158200518081122E-007) (  5.4193539703021463E-009,  2.2158214180565373E-007) ( -3.8548744127348177E-002, -2.1948766089991985     )
   6.7018300000000002        1.2500000000000000     
 (  4.4805998835265139     ,  34.752986201053474     ) (  4.4464855928875258     ,  34.753677946922636     )
 (-0.23750370844283192     ,  2.1351845701994248     ) ( -1.5845314399110994E-008,  2.1508424742437634E-007) ( -1.5844411409341991E-008,  2.1508443525406191E-007) ( 0.16148478197500954     , -2.1264531733455061     )
   6.7518250000000002        1.2500000000000000     
 (  4.5348069191761544     ,  35.144222237556349     ) (  4.5014528261306470     ,  35.140648096771862     )
 (-0.47007385094012261     ,  2.0125599150212459     ) ( -3.9565560911444791E-008,  2.0389697553962447E-007) ( -3.9564535898233916E-008,  2.0389722938910330E-007) ( 0.38559755204211232     , -2.0161857968847885     )
   6.8018200000000002        1.2500000000000000     
 (  4.6336835809611445     ,  35.622106103938250     ) (  4.6019242484865339     ,  35.614043992837139     )
 (-0.71911235844348076     ,  1.8281731427831034     ) ( -6.4984838542565741E-008,  1.8635513585873179E-007) ( -6.4983683092279855E-008,  1.8635547369612304E-007) ( 0.62835876573571825     , -1.8477143671831675     )
   6.8518150000000002        1.2500000000000000     
 (  4.7538128410574547     ,  36.207763489040680     ) (  4.7248342049414287     ,  36.195013323687540     )
 (-0.96933216779779152     ,  1.5657624738756777     ) ( -9.0467770376289119E-008,  1.6086233868474099E-007) ( -9.0466477350670681E-008,  1.6086278164006757E-007) ( 0.87589670853901447     , -1.6044016881161689     )
   6.9018100000000002        1.2500000000000000     
 (  4.8612698998157704     ,  36.916785043806627     ) (  4.8367504832719863     ,  36.899456574396162     )
 ( -1.1954869565245032     ,  1.2135423241382894     ) ( -1.1339795253694121E-007,  1.2634082564193192E-007) ( -1.1339811359587675E-007,  1.2634082670237347E-007) (  1.1043787065021866     , -1.2734729156998252     )
   6.9518050000000002        1.2500000000000000     
 (  4.9121338405537589     ,  37.752945007955525     ) (  4.8941621788454137     ,  37.731896888711198     )
 ( -1.3634999148305893     , 0.77011750059754303     ) ( -1.3034739033576315E-007,  8.2817023417583799E-008) ( -1.3034757943660078E-007,  8.2817030453875136E-008) (  1.2808609117101430     ,-0.85180900390515579     )
   7.0018000000000011        1.2500000000000000     
 (  4.8580029055642466     ,  38.701820235285851     ) (  4.8486463186650584     ,  38.679085300607710     )
 ( -1.4352963886108361     , 0.25056456671640676     ) ( -1.3760608285563706E-007,  3.1984713675016467E-008) ( -1.3760630519157928E-007,  3.1984727678172701E-008) (  1.3676063972783292     ,-0.35216149076959091     )
   7.0517949999999994        1.2500000000000000     
 (  4.6553936206614361     ,  39.727105604590385     ) (  4.6559127056726011     ,  39.705983306495369     )
 ( -1.3783639487232748     ,-0.31050260792355477     ) ( -1.3215435116337096E-007, -2.2581017260669265E-008) ( -1.3215461313210022E-007, -2.2580996388451567E-008) (  1.3312924539628415     , 0.19334774320112222     )
   7.1017899999999994        1.2500000000000000     
 (  4.2778883232032658     ,  40.773621526948006     ) (  4.2879118610398743     ,  40.758173113822465     )
 ( -1.1772401458278794     ,-0.86239676921596575     ) ( -1.1274689262351313E-007, -7.5861864261285025E-008) ( -1.1274720143445866E-007, -7.5861836377381509E-008) (  1.1544434691637695     , 0.73595552171448664     )
   7.1517849999999994        1.2500000000000000     
 (  3.7251662703626711     ,  41.778056359642740     ) (  3.7423244758484029     ,  41.772054683879439     )
 (-0.84172757700959289     , -1.3494145097714554     ) ( -8.0609264954748574E-008, -1.2252793508944390E-007) ( -8.0609629224012166E-008, -1.2252790050198286E-007) ( 0.84415255365333075     ,  1.2206443787092836     )
   7.2017799999999994        1.2500000000000000     
 (  3.0237479708837554     ,  42.683755795962256     ) (  3.0440873040459078     ,  42.689569646907024     )
 (-0.40662950399433673     , -1.7256662419629916     ) ( -3.9297411768507070E-008, -1.5834779366149861E-007) ( -3.9297840443204637E-008, -1.5834775368557702E-007) ( 0.43268841407273073     ,  1.6008076477225439     )
   7.2517749999999994        1.2500000000000000     
 (  2.2186863946376825     ,  43.452668933400268     ) (  2.2376948454279955     ,  43.470666234500506     )
 (  7.7659844136957049E-002, -1.9667004913172637     ) (  6.2740929186894589E-009, -1.8122215998210074E-007) (  6.2735891105397420E-009, -1.8122211583802364E-007) ( -3.1181801843624627E-002,  1.8503383111274307     )
   7.3017699999999994        1.2500000000000000     
 (  1.3609175119262666     ,  44.069390109957297     ) (  1.3746151522840304     ,  44.098097606769173     )
 ( 0.55886547420021815     , -2.0728493060007351     ) (  5.1144523135560519E-008, -1.9141353295463625E-007) (  5.1143932856843319E-008, -1.9141348803775725E-007) (-0.49570776904340652     ,  1.9677211024279784     )
   7.3517649999999994        1.2500000000000000     
 ( 0.49655182672683068     ,  44.537521284848751     ) ( 0.50216808929376100     ,  44.574309101244943     )
 ( 0.99443032087032224     , -2.0645046621633338     ) (  9.1371865479178482E-008, -1.9103899299852168E-007) (  9.1371175865287266E-008, -1.9103894984253358E-007) (-0.91804682717924135     ,  1.9718788988471703     )
   7.4017599999999995        1.2500000000000000     
 (-0.33844455089096553     ,  44.872369510201764     ) (-0.34233812100202071     ,  44.914240008131110     )
 (  1.3574379931838649     , -1.9734108588484280     ) (  1.2454902249431574E-007, -1.8322363282352796E-007) (  1.2454821924053177E-007, -1.8322359572539003E-007) ( -1.2706356137032231     ,  1.8936502362580430     )
   7.4517549999999995        1.2500000000000000     
 ( -1.1185489389147518     ,  45.094134654650404     ) ( -1.1322958680314394     ,  45.138309012007348     )
 (  1.6371335614665723     , -1.8342074393802683     ) (  1.4981947999696486E-007, -1.7130170000637575E-007) (  1.4981854641930931E-007, -1.7130167430185233E-007) ( -1.5420441344405085     ,  1.7672413634449595     )
   7.5017499999999995        1.2500000000000000     
 ( -1.8262336365032004     ,  45.223637119929130     ) ( -1.8495072231767846     ,  45.267843731243175     )
 (  1.8362594443681282     , -1.6783694946523757     ) (  1.6760575319800115E-007, -1.5825242794080454E-007) (  1.6760467116101950E-007, -1.5825242033780219E-007) ( -1.7344556491576668     ,  1.6239911065458741     )
   7.5517449999999995        1.2500000000000000     
 ( -2.4489400105279127     ,  45.280695307389728     ) ( -2.4811420392253654     ,  45.323198709805574     )
 (  1.9673434411037320     , -1.5307528593938651     ) (  1.7924801944731893E-007, -1.4638102683407571E-007) (  1.7924676818961560E-007, -1.4638104661371028E-007) ( -1.8599678565392144     ,  1.4887776199315292     )
   7.6017399999999995        1.2500000000000000     
 ( -2.9766976126487688     ,  45.284354456911451     ) ( -3.0172519642841689     ,  45.323808910780926     )
 (  2.0491641896709516     , -1.4080038002002409     ) (  1.8666323842595516E-007, -1.3717271671358207E-007) (  1.8666179467132549E-007, -1.3717277603004229E-007) ( -1.9370250469658896     ,  1.3783648419338412     )
   7.6517349999999995        1.2500000000000000     
 ( -3.4008269955998602     ,  45.254089451058739     ) ( -3.4493334590088165     ,  45.289295009782585     )
 (  2.1037814756207718     , -1.3179900720135787     ) (  1.9205742112706069E-007, -1.3123975109818290E-007) (  1.9205575930425445E-007, -1.3123986562984977E-007) ( -1.9874204648065870     ,  1.3008262174074348     )
   7.7017299999999995        1.2500000000000000     
 ( -3.7137346530548161     ,  45.211370523012789     ) ( -3.7699750736664517     ,  45.240991075726456     )
 (  2.1540355745999289     , -1.2596490162168501     ) (  1.9767905683445723E-007, -1.2830618836034450E-007) (  1.9767714814895311E-007, -1.2830637863593138E-007) ( -2.0338002921727711     ,  1.2554192140115785     )
   7.7517249999999995        1.2500000000000000     
 ( -3.9097291832552798     ,  45.181230870561102     ) ( -3.9735183860501890     ,  45.203521773764940     )
 (  2.2211962671463814     , -1.2229528458714034     ) (  2.0558096491034008E-007, -1.2720393398776419E-007) (  2.0557877952131885E-007, -1.2720422790957482E-007) ( -2.0973623706972901     ,  1.2325778702089962     )
   7.8017199999999995        1.2500000000000000     
 ( -3.9868841506672967     ,  45.193556150145469     ) ( -4.0577571535456531     ,  45.206154142262477     )
 (  2.3223461592212313     , -1.1889446383171132     ) (  2.1734839362599191E-007, -1.2588068392808304E-007) (  2.1734590069772267E-007, -1.2588111645641485E-007) ( -2.1953362365737310     ,  1.2139588285424452     )
   7.8517150000000004        1.2500000000000000     
 ( -3.9499321739168782     ,  45.283751823446380     ) ( -4.0266545810604182     ,  45.283606944266189     )
 (  2.4670187600833593     , -1.1301713264825166     ) (  2.3374539650062240E-007, -1.2145922165646772E-007) (  2.3374563749297766E-007, -1.2145917267370292E-007) ( -2.3377508952350090     ,  1.1728253514724578     )
   7.9017100000000005        1.2500000000000000     
 ( -3.8151486447354168     ,  45.491870031936458     ) ( -3.8950865402063686     ,  45.475437715713944     )
 (  2.6530129915786436     , -1.0122283438658461     ) (  2.5429162756472206E-007, -1.1042559442403968E-007) (  2.5429190306936115E-007, -1.1042555620416636E-007) ( -2.5234992894666051     ,  1.0754076134206225     )
   7.9517050000000005        1.2500000000000000     
 ( -3.6148673929549733     ,  45.859303304526392     ) ( -3.6932918105222967     ,  45.823186483825836     )
 (  2.8610104566318042     ,-0.79779777896359949     ) (  2.7672099243877366E-007, -8.9096884511112978E-008) (  2.7672131078830825E-007, -8.9096861340569507E-008) ( -2.7349639658405773     , 0.88459938648092518     )
   8.0016999999999996        1.2500000000000000     
 ( -3.4027782798086963     ,  46.420923355941461     ) ( -3.4724308335520409     ,  46.363119279550205     )
 (  3.0502075076676101     ,-0.45476551420497779     ) (  2.9661407440472760E-007, -5.4505724703428156E-008) (  2.9661444413298204E-007, -5.4505719991334689E-008) ( -2.9335913731065775     , 0.56749723817455000     )
   8.0516949999999987        1.2500000000000000     
 ( -3.2545076992839159     ,  47.192152361484808     ) ( -3.3059582723552809     ,  47.113877529076348     )
 (  3.1579071504266638     ,  3.0680911650376702E-002) (  3.0749576218378238E-007, -5.7487629332197699E-009) (  3.0749619453836480E-007, -5.7487810604451078E-009) ( -3.0588195194405658     , 0.10790495509109821     )
   8.1016899999999996        1.2500000000000000     
 ( -3.2590116580165298     ,  48.153274468264989     ) ( -3.2824469637960103     ,  48.060775123847705     )
 (  3.1084886858800833     , 0.63843175882602743     ) (  3.0192362377454525E-007,  5.4535111965082027E-008) (  3.0192413274629855E-007,  5.4535069130950781E-008) ( -3.0357627408318755     ,-0.47813469277714898     )
   8.1516849999999987        1.2500000000000000     
 ( -3.4973147321033404     ,  49.239051670774295     ) ( -3.4858368475476444     ,  49.144109368653496     )
 (  2.8349891660991906     ,  1.3044264557038256     ) (  2.7376059757340968E-007,  1.1942096844080194E-007) (  2.7376119936086583E-007,  1.1942089745069616E-007) ( -2.7953778930797237     , -1.1311911658025380     )
   8.2016799999999996        1.2500000000000000     
 ( -4.0136855942313483     ,  50.345015216829182     ) ( -3.9668459006348353     ,  50.262842282472114     )
 (  2.3080762843591112     ,  1.9275692694956790     ) (  2.2094055122764093E-007,  1.7872150034876419E-007) (  2.2094126467709381E-007,  1.7872140019131732E-007) ( -2.3032017306019630     , -1.7529927915170580     )
   8.2516749999999988        1.2500000000000000     
 ( -4.7951058180026065     ,  51.354842912598365     ) ( -4.7203257215221042     ,  51.299613904522708     )
 (  1.5563990013120679     ,  2.3980009508303111     ) (  1.4711581635720854E-007,  2.2195999836886101E-007) (  1.4711666176956378E-007,  2.2195987112871716E-007) ( -1.5816883229059457     , -2.2325743242477474     )
   8.3016699999999997        1.2500000000000000     
 ( -5.7748639339135952     ,  52.176747828129763     ) ( -5.6853642789870342     ,  52.157170976426691     )
 ( 0.66228953553427239     ,  2.6344858882896114     ) (  6.0843680152889238E-008,  2.4190230039920509E-007) (  6.0844681825919031E-008,  2.4190214832456230E-007) (-0.70915533603796033     , -2.4838755440941305     )
   8.3516649999999988        1.2500000000000000     
 ( -6.8594757865943423     ,  52.767018093992007     ) ( -6.7699942710957597     ,  52.784573391753945     )
 (-0.26649510392656750     ,  2.6088003552078476     ) ( -2.7331668490958547E-008,  2.3659168167226264E-007) ( -2.7330487817366555E-008,  2.3659150952581140E-007) ( 0.20658467728004878     , -2.4728397020972284     )
   8.4016599999999997        1.2500000000000000     
 ( -7.9607264493042074     ,  53.129109470620243     ) ( -7.8837372820986307     ,  53.179333472906542     )
 ( -1.1307772348220495     ,  2.3451681107485456     ) ( -1.0807733752090079E-007,  2.0899922195168878E-007) ( -1.0807594995164212E-007,  2.0899903344013565E-007) (  1.0630568557419795     , -2.2197791757117082     )
   8.4516549999999988        1.2500000000000000     
 ( -9.0150196912044720     ,  53.295509841755035     ) ( -8.9590316289633378     ,  53.370654713123741     )
 ( -1.8616624857954718     ,  1.9016125127761452     ) ( -1.7516930520651234E-007,  1.6510816916540677E-007) ( -1.7516768090906906E-007,  1.6510797384704754E-007) (  1.7871511512746130     , -1.7818330208445972     )
   8.5016499999999997        1.2500000000000000     
 ( -9.9859814347819764     ,  53.307412925697555     ) ( -9.9556289013441770     ,  53.398752858414461     )
 ( -2.4254836955877788     ,  1.3480267696131114     ) ( -2.2581610267079870E-007,  1.1182181096415241E-007) ( -2.2581420670709497E-007,  1.1182161525096617E-007) (  2.3419520644470868     , -1.2303325702249941     )
   8.5516450000000006        1.2500000000000000     
 ( -10.856932882673650     ,  53.201667466407109     ) ( -10.853831794081978     ,  53.300844725345485     )
 ( -2.8180779379483103     , 0.75045916046106875     ) ( -2.6003563033469588E-007,  5.5512142872354686E-008) ( -2.6003342389511748E-007,  5.5511957486057195E-008) (  2.7216973840573462     ,-0.63376570917502106     )
   8.6016399999999980        1.2500000000000000     
 ( -11.621138689104184     ,  53.006273855531091     ) ( -11.644775342003014     ,  53.105869998245673     )
 ( -3.0558634497646242     , 0.16312077212102208     ) ( -2.7977394238854664E-007,  1.3002923582547224E-009) ( -2.7977138089513102E-007,  1.3001334522012767E-009) (  2.9426483550705158     , -4.8745318028827506E-002)
   8.6516349999999989        1.2500000000000000     
 ( -12.274268161216215     ,  52.741521419549031     ) ( -12.322680617831949     ,  52.835233525765254     )
 ( -3.1678868899741133     ,-0.37432181052944208     ) ( -2.8813448924603253E-007, -4.7175169784543483E-008) ( -2.8813152196741320E-007, -4.7175280733946082E-008) (  3.0345993415213526     , 0.48320939374490757     )
   8.7016299999999980        1.2500000000000000     
 ( -12.810188161979005     ,  52.423613532027261     ) ( -12.880461807000113     ,  52.506268388533393     )
 ( -3.1899634949403488     ,-0.83688966414113120     ) ( -2.8881091149370673E-007, -8.7755505907440822E-008) ( -2.8880748009972116E-007, -8.7755541546356353E-008) (  3.0345059272150867     , 0.93591121375262998     )
   8.7516249999999989        1.2500000000000000     
 ( -13.219561715370011     ,  52.068767878404202     ) ( -13.308221649597577     ,  52.136248298925359     )
 ( -3.1605727933164141     , -1.2136158412773135     ) ( -2.8568754075057398E-007, -1.1968687678489237E-007) ( -2.8568358038474276E-007, -1.1968680042814886E-007) (  2.9820329638337588     ,  1.2976903108342870     )
   8.8016199999999980        1.2500000000000000     
 ( -13.490410281448568     ,  51.696914867255920     ) ( -13.593736188325609     ,  51.745994482567767     )
 ( -3.1178079107206242     , -1.5068972969482757     ) ( -2.8253849528357126E-007, -1.4355282586784962E-007) ( -2.8253393498001019E-007, -1.4355258537380410E-007) (  2.9163447227134971     ,  1.5705046946551853     )
   8.8516149999999989        1.2500000000000000     
 ( -13.609821050431609     ,  51.334888067056120     ) ( -13.724050154212440     ,  51.362948105910590     )
 ( -3.0965993957367290     , -1.7322211727441510     ) ( -2.8274183453239969E-007, -1.6124715218389957E-007) ( -2.8274220088144868E-007, -1.6124736486870792E-007) (  2.8733223369997676     ,  1.7694131450779678     )
   8.9016099999999980        1.2500000000000000     
 ( -13.568081318559326     ,  51.018996568106139     ) ( -13.689429076593974     ,  51.023622220046313     )
 ( -3.1257824951016295     , -1.9183371016086213     ) ( -2.8898095689052979E-007, -1.7599198783308603E-007) ( -2.8898136437198183E-007, -1.7599218089573173E-007) (  2.8829428952343856     ,  1.9225631775951402     )
   8.9516049999999989        1.2500000000000000     
 ( -13.362465999764547     ,  50.797234714250642     ) ( -13.486785054202572     ,  50.775789304417756     )
 ( -3.2232362226167610     , -2.1074331085027098     ) ( -3.0269774981522571E-007, -1.9233427384783688E-007) ( -3.0269820788597384E-007, -1.9233444239747635E-007) (  2.9646150381980489     ,  2.0712983372209379     )
   9.0015999999999980        1.2500000000000000     
 ( -13.005778855595009     ,  50.729595901821796     ) ( -13.127760648686898     ,  50.678982518963046     )
 ( -3.3891418651237877     , -2.3542033956583346     ) ( -3.2337716477805642E-007, -2.1599155056303485E-007) ( -3.2337768573474157E-007, -2.1599168337883515E-007) (  3.1210504314243086     ,  2.2694652795705665     )
   9.0515949999999989        1.2500000000000000     
 ( -12.537010526414029     ,  50.884320159661733     ) ( -12.648888436307853     ,  50.801395310249340     )
 ( -3.5960239411462371     , -2.7210736338731074     ) ( -3.4751747064429859E-007, -2.5322985593621668E-007) ( -3.4751806868176518E-007, -2.5322994392849026E-007) (  3.3287716326003012     ,  2.5793595606538937     )
   9.1015899999999981        1.2500000000000000     
 ( -12.033540611693709     ,  51.325542583187840     ) ( -12.123714938819681     ,  51.208848839287981     )
 ( -3.7777302925737062     , -3.2651618452492950     ) ( -3.6761788641831438E-007, -3.0932878269885052E-007) ( -3.6761858267868832E-007, -3.0932881177456966E-007) (  3.5271209335367706     ,  3.0601091840835934     )
   9.1515849999999990        1.2500000000000000     
 ( -11.617520921381141     ,  52.088038248177938     ) ( -11.670392900742877     ,  51.941313482912236     )
 ( -3.8244831300085504     , -4.0127601165549374     ) ( -3.7202620041901662E-007, -3.8582358323799786E-007) ( -3.7202701954444770E-007, -3.8582354166260553E-007) (  3.6119938051629039     ,  3.7440228683819732     )
   9.2015799999999981        1.2500000000000000     
 ( -11.442415923800564     ,  53.141646080233386     ) ( -11.441526393995270     ,  52.978154802546605     )
 ( -3.5979978734165652     , -4.9240732647035035     ) ( -3.4704968730361626E-007, -4.7709992700466356E-007) ( -3.4705066384963503E-007, -4.7709980549667480E-007) (  3.4474819612270342     ,  4.6022049111226631     )
   9.2515749999999990        1.2500000000000000     
 ( -11.647143744698052     ,  54.364819632685183     ) ( -11.582661551108401     ,  54.208940410511921     )
 ( -2.9790488119291050     , -5.8679001457556996     ) ( -2.8217012866508273E-007, -5.6860453427859494E-007) ( -2.8217130125125898E-007, -5.6860432392911844E-007) (  2.9088818406246935     ,  5.5164701260748155     )
   9.3015699999999981        1.2500000000000000     
 ( -12.289107861061272     ,  55.560477766324126     ) ( -12.166246876664305     ,  55.442153246914998     )
 ( -1.9358155901689480     , -6.6396090690056813     ) ( -1.7650409848421405E-007, -6.3972212184017259E-007) ( -1.7650551039093729E-007, -6.3972182140773461E-007) (  1.9499095291624480     ,  6.2900709572311593     )
   9.3515649999999990        1.2500000000000000     
 ( -13.303005459824432     ,  56.526869110689631     ) ( -13.143848398049158     ,  56.469759426169226     )
 (-0.56558932429322117     , -7.0351265909373204     ) ( -4.1688909335105283E-008, -6.7156991481769361E-007) ( -4.1690611074391361E-008, -6.7156953083120133E-007) ( 0.65083718760063269     ,  6.7151886505784288     )
   9.4015599999999999        1.2500000000000000     
 ( -14.528670070788866     ,  57.141275979825835     ) ( -14.363973630604896     ,  57.153062973083564     )
 ( 0.93404908468041825     , -6.9384369999133817     ) (  1.0210248669528701E-007, -6.5488210528871336E-007) (  1.0210044798648017E-007, -6.5488164537315505E-007) (-0.80038619555443646     ,  6.6623169706063292     )
   9.4515549999999990        1.2500000000000000     
 ( -15.789873573320381     ,  57.392475992503876     ) ( -15.647136506410746     ,  57.464588166785312     )
 (  2.3470379205073333     , -6.3578183650953619     ) (  2.3426963140519817E-007, -5.9234999004089972E-007) (  2.3426720532688790E-007, -5.9234946298571160E-007) ( -2.1861842781001393     ,  6.1256314662589784     )
   9.5015499999999999        1.2500000000000000     
 ( -16.961012034589068     ,  57.348235646178168     ) ( -16.857385049346316     ,  57.462925845274867     )
 (  3.5107007505125205     , -5.3960010200899715     ) (  3.4010665839740556E-007, -4.9506662524457577E-007) (  3.4010378758302295E-007, -4.9506604265377390E-007) ( -3.3359247522370401     ,  5.2002178574082185     )
   9.5515449999999991        1.2500000000000000     
 ( -17.985108850991217     ,  57.099157927303438     ) ( -17.927065653390681     ,  57.237131578458445     )
 (  4.3406531908255914     , -4.1943348587148455     ) (  4.1258528222986066E-007, -3.7715237620234077E-007) (  4.1258190463453920E-007, -3.7715174639960732E-007) ( -4.1573478690149184     ,  4.0265535987467542     )
   9.6015400000000000        1.2500000000000000     
 ( -18.855011597759336     ,  56.719140877521653     ) ( -18.841470771852276     ,  56.863973214360122     )
 (  4.8194310801495845     , -2.8902370471990468     ) (  4.5099581452484344E-007, -2.5191160177348467E-007) (  4.5099185546921226E-007, -2.5191094236830894E-007) ( -4.6282962200502107     ,  2.7445951652438025     )
   9.6515349999999991        1.2500000000000000     
 ( -19.585049675872277     ,  56.252308312626781     ) ( -19.610762532242067     ,  56.391857970512248     )
 (  4.9743473447988471     , -1.5975021282766257     ) (  4.5878299425759775E-007, -1.3012127940325318E-007) (  4.5877836830154674E-007, -1.3012060850714556E-007) ( -4.7744020264309812     ,  1.4710827913063416     )
   9.7015300000000000        1.2500000000000000     
 ( -20.189471423319425     ,  55.717511593194004     ) ( -20.247497400480690     ,  55.843778823736933     )
 (  4.8590873631156484     ,-0.40134641166650992     ) (  4.4178955678849282E-007, -1.9629575258092069E-008) (  4.4178416164859291E-007, -1.9628923336815854E-008) ( -4.6493191881928109     , 0.29323233002757998     )
   9.7515249999999991        1.2500000000000000     
 ( -20.671377834822636     ,  55.119617951985411     ) ( -20.754691943064582     ,  55.228032520706293     )
 (  4.5416048641051239     , 0.64088890404535992     ) (  4.0708382328799953E-007,  7.4542816561749262E-008) (  4.0707754802716092E-007,  7.4543405610155096E-008) ( -4.3213863446555720     ,-0.73067996339682062     )
   9.8015200000000000        1.2500000000000000     
 ( -21.019751001405094     ,  54.460980137377689     ) ( -21.122267437132439     ,  54.549507765480143     )
 (  4.0961397033941731     ,  1.4978884931042826     ) (  3.6216598162099204E-007,  1.4998651676760976E-007) (  3.6216648100774306E-007,  1.4998717518326808E-007) ( -3.8648990877224088     , -1.5690238994570096     )
   9.8515149999999991        1.2500000000000000     
 ( -21.212957883630430     ,  53.750236977252605     ) ( -21.330177204334024     ,  53.818353879354632     )
 (  3.5976346122295606     ,  2.1626194871273796     ) (  3.1444317313163890E-007,  2.0669111959610213E-007) (  3.1444369166801041E-007,  2.0669177108840258E-007) ( -3.3544474861221190     , -2.2144782408956600     )
   9.9015100000000000        1.2500000000000000     
 ( -21.221910465917546     ,  53.008271260382294     ) ( -21.351147470948739     ,  53.055840202913956     )
 (  3.1165003539605953     ,  2.6506407576733624     ) (  2.7070634022039906E-007,  2.4684556315333643E-007) (  2.7070688711203255E-007,  2.4684619374346885E-007) ( -2.8596212157372580     , -2.6818277805041366     )
   9.9515049999999992        1.2500000000000000     
 ( -21.016670692781187     ,  52.271806686688208     ) ( -21.156866035625434     ,  52.297860732106145     )
 (  2.7146011183281011     ,  2.9987714442721005     ) (  2.3677467014026955E-007,  2.7470547916472066E-007) (  2.3677525500722921E-007,  2.7470607487577638E-007) ( -2.4415112672244250     , -3.0062571569740753     )
   10.001500000000000        1.2500000000000000     
 ( -20.572321812852959     ,  51.596080979962096     ) ( -20.723290988207275     ,  51.597605697795792     )
 (  2.4407351648872941     ,  3.2644294902562367     ) (  2.1703381986790711E-007,  2.9655136757139458E-007) (  2.1703445698308255E-007,  2.9655191099785239E-007) ( -2.1487389674427466     , -3.2424962728569251     )
   10.051494999999999        1.2500000000000000     
 ( -19.876878267306626     ,  51.057253634678737     ) ( -20.037814648717752     ,  51.028127233923037     )
 (  2.3244232201098294     ,  3.5258079630763652     ) (  2.1374246012322491E-007,  3.2072234422385049E-007) (  2.1374316654965766E-007,  3.2072281640555458E-007) ( -2.0120465772541452     , -3.4650294402854751     )
   10.101490000000000        1.2500000000000000     
 ( -18.943532575929801     ,  50.753656191388195     ) ( -19.110481054060664     ,  50.684153619176300     )
 (  2.3652874582820678     ,  3.8815463285737133     ) (  2.2581783525546659E-007,  3.5751213795008790E-007) (  2.2581863288542118E-007,  3.5751251407330450E-007) ( -2.0347773175934774     , -3.7682484100101661     )
   10.151484999999999        1.2500000000000000     
 ( -17.830023296076263     ,  50.801351550328178     ) ( -17.992141448407416     ,  50.679181324066064     )
 (  2.5153199727082134     ,  4.4450828733689063     ) (  2.4689727358033766E-007,  4.1831898904039832E-007) (  2.4689819239650266E-007,  4.1831924012467997E-007) ( -2.1764489073054087     , -4.2622796565861663     )
   10.201479999999998        1.2500000000000000     
 ( -16.664104869031075     ,  51.313747734530665     ) ( -16.799410575890423     ,  51.128430349888461     )
 (  2.6551903676693405     ,  5.3233550184925456     ) (  2.6304378495713486E-007,  5.1291510928020015E-007) (  2.6304486533540585E-007,  5.1291520146090162E-007) ( -2.3296934317933000     , -5.0550012208135140     )
   10.251474999999999        1.2500000000000000     
 ( -15.661037221292535     ,  52.351732467637149     ) ( -15.734903585481671     ,  52.104171579466772     )
 (  2.5788624296550551     ,  6.5663110115713392     ) (  2.5199613923726182E-007,  6.4370349848456474E-007) (  2.5199743888467478E-007,  6.4370339660725868E-007) ( -2.3022751947547504     , -6.2067644301117006     )
   10.301469999999998        1.2500000000000000     
 ( -15.097146872169059     ,  53.845418469816423     ) ( -15.070179461038316     ,  53.560642485164344     )
 (  2.0226064029719897     ,  8.0885479879699957     ) (  1.8777693520863552E-007,  7.9804134314939487E-007) (  1.8777853085503571E-007,  7.9804101710723358E-007) ( -1.8369045466166340     , -7.6552957559996324     )
   10.351464999999999        1.2500000000000000     
 ( -15.202114918129581     ,  55.537771440445269     ) ( -15.051414258577365     ,  55.269503608924197     )
 ( 0.77580949201965466     ,  9.6137324828957311     ) (  5.3157809261975168E-008,  9.4484905170403398E-007) (  5.3159795054001208E-008,  9.4484848998762863E-007) (-0.70884581352065912     , -9.1521543966372647     )
   10.401459999999998        1.2500000000000000     
 ( -16.006011215338408     ,  57.043872568360186     ) ( -15.747468586233907     ,  56.856592643181060     )
 ( -1.1626586672629711     ,  10.736096695020143     ) ( -1.4612716664120438E-007,  1.0439068637017123E-006) ( -1.4612469016153996E-007,  1.0439060685320261E-006) (  1.1186158848122114     , -10.302082756645708     )
   10.451454999999999        1.2500000000000000     
 ( -17.284311923026745     ,  58.041119052039456     ) ( -16.970776116534545     ,  57.977022260021272     )
 ( -3.5263740110783863     ,  11.114915662636925     ) ( -3.7960867814590615E-007,  1.0656707200827495E-006) ( -3.7960561820416801E-007,  1.0656697180859830E-006) (  3.4120160460146431     , -10.742912898057705     )
   10.501449999999998        1.2500000000000000     
 ( -18.689415673241232     ,  58.433124030343770     ) ( -18.382460193882302     ,  58.495099632973719     )
 ( -5.9112969938770474     ,  10.645078421962495     ) ( -6.0729411616107913E-007,  1.0049112760491753E-006) ( -6.0729038130204267E-007,  1.0049100835038209E-006) (  5.7715987234126471     , -10.332783054050854     )
   10.551444999999999        1.2500000000000000     
 ( -19.945404831233862     ,  58.337058728507728     ) ( -19.689594187249220     ,  58.500035967623774     )
 ( -7.9721623260584682     ,  9.4531475683242032     ) ( -7.9761713910015552E-007,  8.7727202228281551E-007) ( -7.9761264013701213E-007,  8.7727066089108081E-007) (  7.8309984221578777     , -9.1750977960099362     )
   10.601439999999998        1.2500000000000000     
 ( -20.936004942849038     ,  57.949844597441171     ) ( -20.753799286371304     ,  58.180836759025460     )
 ( -9.5170720154481945     ,  7.7727192306368504     ) ( -9.3435603197816292E-007,  7.0675413443736706E-007) ( -9.3435066362688778E-007,  7.0675261317813092E-007) (  9.3737115696369440     , -7.5027083338837253     )
   10.651434999999999        1.2500000000000000     
 ( -21.672182200818405     ,  57.433717091587525     ) ( -21.571221490481175     ,  57.702912730682819     )
 ( -10.487664395353242     ,  5.8365668565781235     ) ( -1.0137442804220619E-006,  5.1624580629525151E-007) ( -1.0137379156862190E-006,  5.1624413920666349E-007) (  10.327080365927058     , -5.5604420032414383     )
   10.701429999999998        1.2500000000000000     
 ( -22.220357092006950     ,  56.874598385697254     ) ( -22.200674706262490     ,  57.157193342476184     )
 ( -10.904664021243223     ,  3.8350025166175428     ) ( -1.0393146218949694E-006,  3.2418085539764392E-007) ( -1.0393071099741883E-006,  3.2417905873914224E-007) (  10.708830078658041     , -3.5525790644779960     )
   10.751424999999999        1.2500000000000000     
 ( -22.646170760959180     ,  56.290619566969291     ) ( -22.703382416545860     ,  56.565479959577246     )
 ( -10.829651630323561     ,  1.9145748052237042     ) ( -1.0184725705381231E-006,  1.4450808349684083E-007) ( -1.0184637274421956E-006,  1.4450619042493873E-007) (  10.584799541391124     , -1.6360782525127400     )
   10.801419999999998        1.2500000000000000     
 ( -22.985127113182937     ,  55.659251796134143     ) ( -23.111075209044056     ,  55.908199897247471     )
 ( -10.348167801601912     , 0.18543585350386291     ) ( -9.6088703603576636E-007, -1.2735546075177289E-008) ( -9.6087665150407258E-007, -1.2737481142028724E-008) (  10.047968038479146     ,  7.3561052138752123E-002)
   10.851414999999999        1.2500000000000000     
 ( -23.233919325225273     ,  54.945726633006352     ) ( -23.416991077386459     ,  55.154094801348180     )
 ( -9.5626655241394030     , -1.2756705257101519     ) ( -8.7761919904848655E-007, -1.4119790443650910E-007) ( -8.7761996071374920E-007, -1.4119954000895321E-007) (  9.2083084856670734     ,  1.4989447471072053     )
   10.901409999999998        1.2500000000000000     
 ( -23.357450830308021     ,  54.125374454337766     ) ( -23.583736595115440     ,  54.282921144958337     )
 ( -8.5866365208401909     , -2.4267072791297255     ) ( -7.8038329248048318E-007, -2.3822486310603972E-007) ( -7.8038401864798721E-007, -2.3822649920825233E-007) (  8.1850744748670721     ,  2.6007182859275422     )
   10.951404999999999        1.2500000000000000     
 ( -23.298589854424844     ,  53.197566120319323     ) ( -23.553745944255869     ,  53.298776585778079     )
 ( -7.5356663881632890     , -3.2617023381420669     ) ( -6.8055203663049550E-007, -3.0476782699960036E-007) ( -6.8055273620349423E-007, -3.0476943201087140E-007) (  7.0965837536230989     ,  3.3770872782215062     )
   11.001399999999999        1.2500000000000000     
 ( -22.993424273271778     ,  52.191391431939323     ) ( -23.264634898341647     ,  52.234623462853996     )
 ( -6.5186498208148658     , -3.8098210038241183     ) ( -5.8840452215181239E-007, -3.4510148021536766E-007) ( -5.8840520887715132E-007, -3.4510302519130086E-007) (  6.0516999040217616     ,  3.8609947827364537     )
   11.051394999999999        1.2500000000000000     
 ( -22.382355343600466     ,  51.166297333801666     ) ( -22.659613665498686     ,  51.151873606350641     )
 ( -5.6299452680883908     , -4.1325558838053924     ) ( -5.1249469757505437E-007, -3.6648696730711229E-007) ( -5.1249539409604304E-007, -3.6648841301016700E-007) (  5.1428631443126962     ,  4.1158443796171822     )
   11.101389999999999        1.2500000000000000     
 ( -21.418989244975467     ,  50.211714361599988     ) ( -21.695166554654694     ,  50.139320342907105     )
 ( -4.9431373213471472     , -4.3216105157975839     ) ( -4.5911698964958500E-007, -3.7904458077449217E-007) ( -4.5911771929049623E-007, -3.7904589125767443E-007) (  4.4413166865474674     ,  4.2324695027227808     )
   11.151384999999999        1.2500000000000000     
 ( -20.079718255069832     ,  49.448951843350173     ) ( -20.348932297029055     ,  49.314787159503865     )
 ( -4.5031941924509828     , -4.4997373328199197     ) ( -4.3141691363864030E-007, -3.9596920976262178E-007) ( -4.3141770623769759E-007, -3.9597033594659036E-007) (  3.9911995358038932     ,  4.3296330233845870     )
   11.201379999999999        1.2500000000000000     
 ( -18.380840332485928     ,  49.034967977859054     ) ( -18.634338238353877     ,  48.829433362320870     )
 ( -4.3105032509569687     , -4.8235401187018176     ) ( -4.2742266191976493E-007, -4.3377984498007602E-007) ( -4.2742356135060795E-007, -4.3378073080435520E-007) (  3.7962706837575646     ,  4.5573422142026212     )
   11.251374999999999        1.2500000000000000     
 ( -16.411973661919806     ,  49.159407470432811     ) ( -16.630590138683150     ,  48.867454970121180     )
 ( -4.2884180685425113     , -5.4793069235067753     ) ( -4.3626783446310526E-007, -5.1133651329216938E-007) ( -4.3626889120552934E-007, -5.1133708406964562E-007) (  3.7910708568337914     ,  5.0953815481534814     )
   11.301369999999999        1.2500000000000000     
 ( -14.387907922363560     ,  50.010991544811908     ) ( -14.531914341055101     ,  49.620039514429600     )
 ( -4.2326316678611864     , -6.6478509639712122     ) ( -4.3309009155706555E-007, -6.4480431195327737E-007) ( -4.3309139305236145E-007, -6.4480448451906784E-007) (  3.7930802912334167     ,  6.1257989881725576     )
   11.351364999999999        1.2500000000000000     
 ( -12.688622428784525     ,  51.675853667108406     ) ( -12.693238210033666     ,  51.197571092230660     )
 ( -3.7731324898105920     , -8.4010308116384689     ) ( -3.7720490984020489E-007, -8.3530086040767105E-007) ( -3.7720658456516968E-007, -8.3530054305252920E-007) (  3.4591870529149173     ,  7.7434386197910987     )
   11.401359999999999        1.2500000000000000     
 ( -11.792668061543399     ,  53.966982216417598     ) ( -11.589382936035848     ,  53.467685159349323     )
 ( -2.4440340337820459     , -10.529501916123134     ) ( -2.2390748014442186E-007, -1.0522528783097947E-006) ( -2.2390971129191909E-007, -1.0522520144628699E-006) (  2.3298708437635001     ,  9.7925057409949474     )
   11.451355000000000        1.2500000000000000     
 ( -12.009403349509864     ,  56.332559838799511     ) ( -11.582858174630005     ,  55.934970969258316     )
 (  4.3778173096276976E-002, -12.450196175582512     ) (  4.5162958696255675E-008, -1.2310156405850034E-006) (  4.5159955948790209E-008, -1.2310142190201862E-006) (  6.6437571830450362E-002,  11.745734948677750     )
   11.501349999999999        1.2500000000000000     
 ( -13.166962246681479     ,  58.090089887495246     ) ( -12.596611016127676     ,  57.909328661142126     )
 (  3.4839604471907344     , -13.441634275138670     ) (  3.9673803978267694E-007, -1.3041623621848236E-006) (  3.9673407034435100E-007, -1.3041604391706326E-006) ( -3.2149914724206563     ,  12.874397831577721     )
   11.551345000000000        1.2500000000000000     
 ( -14.667883830555336     ,  58.888240277135857     ) ( -14.085946667742158     ,  58.956310247761877     )
 (  7.2224753385727185     , -13.110641689942254     ) (  7.6165192172331206E-007, -1.2444054434475324E-006) (  7.6164682878566877E-007, -1.2444031021062788E-006) ( -6.9076265518000950     ,  12.704192568082499     )
   11.601339999999999        1.2500000000000000     
 ( -15.927694071384941     ,  58.879345268470644     ) ( -15.438311291545361     ,  59.147823301120312     )
 (  10.588944143337017     , -11.575227861013905     ) (  1.0781511586743381E-006, -1.0719767290799508E-006) (  1.0781448162763979E-006, -1.0719740179779071E-006) ( -10.307022273298795     ,  11.277195119405445     )
   11.651335000000000        1.2500000000000000     
 ( -16.690197955908694     ,  58.464620647524967     ) ( -16.340350124440391     ,  58.860225656238008     )
 (  13.209005356846518     , -9.2267231706619075     ) (  1.3152337148332075E-006, -8.2770177713012990E-007) (  1.3152259896630585E-006, -8.2769870533881847E-007) ( -12.976343516648312     ,  8.9677634401918578     )
   11.701330000000000        1.2500000000000000     
 ( -17.000273716701301     ,  57.993635163784980     ) ( -16.799203311051617     ,  58.454434128201477     )
 (  14.983831819422059     , -6.4513054975910871     ) (  1.4666188337651862E-006, -5.4906980754608894E-007) (  1.4666095427742956E-006, -5.4906636048450857E-007) ( -14.776423471902580     ,  6.1850743627415783     )
   11.751324999999998        1.2500000000000000     
 ( -17.038881576626245     ,  57.647388099028170     ) ( -16.980929425733120     ,  58.127427863758506     )
 (  15.946773122820092     , -3.5343361932553119     ) (  1.5373685603526192E-006, -2.6376943875097545E-007) (  1.5373574570947756E-006, -2.6376559190260994E-007) ( -15.728573221387581     ,  3.2448461122333301     )
   11.801319999999999        1.2500000000000000     
 ( -16.994243046197660     ,  57.451242818626589     ) ( -17.068166669999595     ,  57.913990734271451     )
 (  16.172226268254420     ,-0.68278290294380661     ) (  1.5365525067041437E-006,  7.7031729448250465E-009) (  1.5365392769236998E-006,  7.7074085134425058E-009) ( -15.912212850596084     , 0.37730157784253016     )
   11.851314999999998        1.2500000000000000     
 ( -16.994042268786426     ,  57.327907661400104     ) ( -17.183230728308995     ,  57.742038299095107     )
 (  15.753939569023544     ,  1.9365232747235048     ) (  1.4757643725127487E-006,  2.4911200374592278E-007) (  1.4757657141767919E-006,  2.4911548888925102E-007) ( -15.433805544724686     , -2.2374500868628733     )
   11.901309999999999        1.2500000000000000     
 ( -17.081172641449189     ,  57.154446942224155     ) ( -17.362253763418980     ,  57.494650186313635     )
 (  14.814419215598193     ,  4.1839710459606501     ) (  1.3697041060031313E-006,  4.4801853858917643E-007) (  1.3697052724325061E-006,  4.4802214356497696E-007) ( -14.430543496189086     , -4.4561657521181894     )
   11.951304999999998        1.2500000000000000     
 ( -17.211930919185022     ,  56.814081856939836     ) ( -17.556057929527952     ,  57.064462361784081     )
 (  13.510590896686560     ,  5.9581444009945805     ) (  1.2357865627839536E-006,  5.9699701872745037E-007) (  1.2357875309781295E-006,  5.9700068316758738E-007) ( -13.071021785976335     , -6.1817734980564154     )
   12.001299999999999        1.2500000000000000     
 ( -17.280738127093866     ,  56.235087573190633     ) ( -17.658241921146132     ,  56.391362039688225     )
 (  12.024085028399135     ,  7.2138870042855698     ) (  1.0925300973195963E-006,  6.9482533976929260E-007) (  1.0925308705374740E-006,  6.9482898484923449E-007) ( -11.542455136387666     , -7.3778590039391130     )
   12.051294999999998        1.2500000000000000     
 ( -17.153587902736277     ,  55.409775407818223     ) ( -17.539760289060315     ,  55.477979826288852     )
 (  10.538052097370626     ,  7.9712601956376323     ) (  9.5720797154148755E-007,  7.4649810516660109E-007) (  9.5720856422047131E-007,  7.4650165567243642E-007) ( -10.026749370904605     , -8.0730069616033937     )
   12.101289999999999        1.2500000000000000     
 ( -16.699786314880644     ,  54.393738684287513     ) ( -17.079049828058945     ,  54.385589919785573     )
 (  9.2134541217798951     ,  8.3102436623471032     ) (  8.4402662533592290E-007,  7.6212909426334271E-007) (  8.4402707138257676E-007,  7.6213246728271822E-007) ( -8.6787897672361325     , -8.3516734845529896     )
   12.151284999999998        1.2500000000000000     
 ( -15.812155881302536     ,  53.294536008471560     ) ( -16.179102083226763     ,  53.221139594491653     )
 (  8.1744555050665859     ,  8.3574136110235315     ) (  7.6332934366940875E-007,  7.5563503734256379E-007) (  7.6332968564954104E-007,  7.5563815506993447E-007) ( -7.6151920323174718     , -8.3390110410009726     )
   12.201279999999999        1.2500000000000000     
 ( -14.415982468289428     ,  52.262222358785600     ) ( -14.773150548684534     ,  52.127720449183904     )
 (  7.5033068378350753     ,  8.2755353650983867     ) (  7.2140907227021862E-007,  7.4416650461909092E-007) (  7.2140936116426114E-007,  7.4416928366823262E-007) ( -6.9125501955526234     , -8.1902873888728234     )
   12.251274999999998        1.2500000000000000     
 ( -12.476499126041054     ,  51.490422591218852     ) ( -12.828889501397231     ,  51.286296082742744     )
 (  7.2355372304443337     ,  8.2639847715112218     ) (  7.1973480503332631E-007,  7.4872349918732106E-007) (  7.1973509166284584E-007,  7.4872584011360454E-007) ( -6.6059324721473418     , -8.0918555456060837     )
   12.301269999999999        1.2500000000000000     
 ( -10.022191502145990     ,  51.227523946265947     ) ( -10.367146742018335     ,  50.928387190831799     )
 (  7.3386625290332113     ,  8.5691847336917508     ) (  7.5177860775375858E-007,  7.9533473107366892E-007) (  7.5177896031721189E-007,  7.9533650546533608E-007) ( -6.6722626030750787     , -8.2729411616234820     )
   12.351264999999998        1.2500000000000000     
 ( -7.2061853954831854     ,  51.778938893437669     ) ( -7.5156723452238232     ,  51.343996858338706     )
 (  7.6525985747548795     ,  9.4857707632570740     ) (  7.9549654091376114E-007,  9.1387783519146810E-007) (  7.9549706121021545E-007,  9.1387887767195153E-007) ( -6.9784090787105377     , -9.0123045677190987     )
   12.401259999999999        1.2500000000000000     
 ( -4.4141934272795265     ,  53.442196091924536     ) ( -4.6102965883778717     ,  52.835292219437477     )
 (  7.7837510516144555     ,  11.290118248699839     ) (  8.0249977888415690E-007,  1.1273953895794911E-006) (  8.0250064987625089E-007,  1.1273954884096541E-006) ( -7.1822486368851948     , -10.590164448881108     )
   12.451254999999998        1.2500000000000000     
 ( -2.3386422438278900     ,  56.277685403309917     ) ( -2.2862901831191729     ,  55.524391602335818     )
 (  7.0337362650541957     ,  14.009049829165086     ) (  6.9682236377167895E-007,  1.4237994323926570E-006) (  6.9682390372636721E-007,  1.4237983926172038E-006) ( -6.6444567550048745     , -13.093802074403948     )
   12.501249999999999        1.2500000000000000     
 ( -1.7551361960654575     ,  59.743998432031411     ) ( -1.3331629551480317     ,  59.001340262479928     )
 (  4.6272990983638955     ,  17.052924981312813     ) (  4.1103557229527636E-007,  1.7236291177072761E-006) (  4.1103822018874309E-007,  1.7236268512019644E-006) ( -4.5785737231829904     , -16.063233120989970     )
   12.551245000000000        1.2500000000000000     
 ( -2.8431389612214009     ,  62.686696965687183     ) ( -2.0905745582156152     ,  62.198310802486340     )
 ( 0.39844152871655969     ,  19.202621084498094     ) ( -4.3571029248512372E-008,  1.9007544254761111E-006) ( -4.3566811969756062E-008,  1.9007510530111790E-006) (-0.66257472438662557     , -18.363796285198323     )
   12.601239999999999        1.2500000000000000     
 ( -4.7690361393344203     ,  64.163189821907324     ) ( -3.9018456457681867     ,  64.063429492487813     )
 ( -4.7824909104348663     ,  19.434624230650407     ) ( -5.6143155325428208E-007,  1.8749373785637272E-006) ( -5.6142546981520684E-007,  1.8749331544393768E-006) (  4.4036593506628900     , -18.860791530546056     )
   12.651235000000000        1.2500000000000000     
 ( -6.3705101043343859     ,  64.226153959963924     ) ( -5.5955376535560726     ,  64.458773637636497     )
 ( -9.6794151157257122     ,  17.709464811716266     ) ( -1.0264435387692353E-006,  1.6648863471981514E-006) ( -1.0264354537997876E-006,  1.6648814640687751E-006) (  9.3653382072627327     , -17.323814885527476     )
   12.701229999999999        1.2500000000000000     
 ( -7.0565209426846991     ,  63.607482655161270     ) ( -6.4575296130043327     ,  64.047724790926395     )
 ( -13.574578504882780     ,  14.669692022811923     ) ( -1.3819883482209796E-006,  1.3396289016849146E-006) ( -1.3819781769806783E-006,  1.3396233952439740E-006) (  13.368650826568095     , -14.330497048235328     )
   12.751225000000000        1.2500000000000000     
 ( -6.8831185709574498     ,  63.004338202510830     ) ( -6.4652495137142862     ,  63.561878361274587     )
 ( -16.331736982652913     ,  10.953713829381785     ) ( -1.6217075707049430E-006,  9.5878694708525536E-007) ( -1.6216951207442205E-006,  9.5878071516564244E-007) (  16.183654993580110     , -10.564595151584125     )
   12.801219999999999        1.2500000000000000     
 ( -6.1972234168268860     ,  62.792016776847539     ) ( -5.9517921028196019     ,  63.418148762460326     )
 ( -18.041785695516641     ,  6.9521041292927608     ) ( -1.7556505123075308E-006,  5.5864597664209232E-007) ( -1.7556354521221858E-006,  5.5863888805890539E-007) (  17.874606424830390     , -6.4799614368545884     )
   12.851215000000000        1.2500000000000000     
 ( -5.3786192805053412     ,  63.057564472048114     ) ( -5.3065724870637574     ,  63.718028007726801     )
 ( -18.797090114564618     ,  2.8925532044401074     ) ( -1.7932870763946894E-006,  1.6269915510778971E-007) ( -1.7932688952890834E-006,  1.6269109244647355E-007) (  18.541146827437601     , -2.3516321530866282     )
   12.901209999999999        1.2500000000000000     
 ( -4.7272840897864272     ,  63.690816153087006     ) ( -4.8337242708608299     ,  64.345425394907011     )
 ( -18.653747094531127     , -1.0341191486829713     ) ( -1.7428166341804111E-006, -2.0784509852166039E-007) ( -1.7428189974088491E-006, -2.0785187550674648E-007) (  18.261224608022321     ,  1.5980759053773810     )
   12.951205000000000        1.2500000000000000     
 ( -4.4129608592468896     ,  64.462507930497608     ) ( -4.6923167701494979     ,  65.061159960411544     )
 ( -17.683358263775375     , -4.6145391880094344     ) ( -1.6166841803025442E-006, -5.3107420269235848E-007) ( -1.6166861177339399E-006, -5.3108137569366077E-007) (  17.137473959883156     ,  5.1391953052595021     )
   13.001199999999999        1.2500000000000000     
 ( -4.4429955154511447     ,  65.105154492574528     ) ( -4.8685476617408199     ,  65.598019033329678     )
 ( -16.032021823953684     , -7.6279405706145686     ) ( -1.4353931457851200E-006, -7.8791753800055406E-007) ( -1.4353945348333878E-006, -7.8792498524685093E-007) (  15.349711515010954     ,  8.0525334341577040     )
   13.051195000000000        1.2500000000000000     
 ( -4.6760478575752940     ,  65.400416396261008     ) ( -5.2019696807153402     ,  65.753200734935731     )
 ( -13.939585555686133     , -9.9068696025769825     ) ( -1.2265567547488295E-006, -9.6798317741441759E-007) ( -1.2265575351834439E-006, -9.6799071555372426E-007) (  13.163598025418931     ,  10.190077916295129     )
   13.101189999999999        1.2500000000000000     
 ( -4.8785859326575807     ,  65.245598573532959     ) ( -5.4532096900074603     ,  65.448434476552137     )
 ( -11.702796134620716     , -11.394458834792307     ) ( -1.0194897119438594E-006, -1.0728785914326692E-006) ( -1.0194898816677921E-006, -1.0728860132928399E-006) (  10.884325303547071     ,  11.523471619900125     )
   13.151185000000000        1.2500000000000000     
 ( -4.8034958319401992     ,  64.670857691163178     ) ( -5.3845899984619834     ,  64.735209321208686     )
 ( -9.6094358008607283     , -12.159528364241414     ) ( -8.3930283012236201E-007, -1.1150354402284919E-006) ( -8.3930244584608907E-007, -1.1150425621503381E-006) (  8.7901673262076514     ,  12.146047009500210     )
   13.201179999999999        1.2500000000000000     
 ( -4.2500141254775254     ,  63.810532481245076     ) ( -4.8134168575962786     ,  63.757645466231843     )
 ( -7.8858377927773322     , -12.368264357064159     ) ( -7.0381305413193212E-007, -1.1138033743509442E-006) ( -7.0381221283740565E-007, -1.1138100209736851E-006) (  7.0877321055282039     ,  12.235588899052663     )
   13.251175000000000        1.2500000000000000     
 ( -3.0847070985912728     ,  62.860807468372677     ) ( -3.6243227047158726     ,  62.708665408236776     )
 ( -6.6800077882651916     , -12.242687638526855     ) ( -6.2369294840139917E-007, -1.0920856453228761E-006) ( -6.2369174895087568E-007, -1.0920916601532765E-006) (  5.9045371115483229     ,  12.011160262685303     )
   13.301169999999999        1.2500000000000000     
 ( -1.2345442919190632     ,  62.056306290814717     ) ( -1.7563253678667503     ,  61.808855292098983     )
 ( -6.0706178493872569     , -12.037667760843004     ) ( -6.0382436234809519E-007, -1.0757161173659755E-006) ( -6.0382289592548840E-007, -1.0757213451454859E-006) (  5.3046634802386370     ,  11.712421996416866     )
   13.351165000000000        1.2500000000000000     
 (  1.3179612343631089     ,  61.680191640086811     ) ( 0.80661121698411409     ,  61.318409976598240     )
 ( -6.0728116232867020     , -12.050676263870676     ) ( -6.4272741297736222E-007, -1.0959305569009217E-006) ( -6.4272577140631048E-007, -1.0959348110849336E-006) (  5.2996516892612382     ,  11.611370739641323     )
   13.401159999999999        1.2500000000000000     
 (  4.4975913356224932     ,  62.100240871241745     ) (  4.0071259584445436     ,  61.574832585905789     )
 ( -6.6015384409511082     , -12.656586050335971     ) ( -7.2603445822436513E-007, -1.1930050467447888E-006) ( -7.2603274412493090E-007, -1.1930080515008067E-006) (  5.8209178628768710     ,  12.048966821994473     )
   13.451155000000000        1.2500000000000000     
 (  8.0071234113732555     ,  63.781652175524940     ) (  7.6037377573777425     ,  63.017659685807118     )
 ( -7.3428509881053392     , -14.318182091437118     ) ( -8.0967925465893390E-007, -1.4135190053345934E-006) ( -8.0967768093474044E-007, -1.4135203623589068E-006) (  6.6099323340653831     ,  13.457773173248247     )
   13.501149999999999        1.2500000000000000     
 (  11.096392984929695     ,  67.123067360066074     ) (  10.955272904773755     ,  66.075085870788214     )
 ( -7.5242178785907488     , -17.418779876622597     ) ( -7.9790549051686991E-007, -1.7823228264266557E-006) ( -7.9790449618151474E-007, -1.7823220613178410E-006) (  7.0041445577408341     ,  16.245354520804842     )
   13.551145000000000        1.2500000000000000     
 (  12.504369143704469     ,  71.885105442513762     ) (  12.891269180148905     ,  70.688475197472044     )
 ( -5.8592227875651259     , -21.686218465285322     ) ( -5.5840538508118893E-007, -2.2349977177287620E-006) ( -5.5840580402142677E-007, -2.2349944666670467E-006) (  5.8103220505448325     ,  20.314376179310550     )
   13.601139999999999        1.2500000000000000     
 (  11.296201480308998     ,  76.551147947711328     ) (  12.310747062559852     ,  75.618238493094040     )
 ( -1.3897042344089781     , -25.548062342189805     ) ( -3.6822994207027018E-008, -2.5819863976817570E-006) ( -3.6825865970273351E-008, -2.5819807901865759E-006) (  1.9088751551098060     ,  24.363012624647329     )
   13.651135000000000        1.2500000000000000     
 (  8.2918084571123227     ,  79.152531249906829     ) (  9.6126166487492082     ,  78.850084695181110     )
 (  5.0765089025722014     , -26.950797142605886     ) (  6.3226729706578399E-007, -2.6446520435641172E-006) (  6.3226124112730998E-007, -2.6446447685807675E-006) ( -4.3057760953660260     ,  26.285440858690833     )
   13.701129999999999        1.2500000000000000     
 (  5.5713061987884700     ,  79.302752498163784     ) (  6.7654168765258129     ,  79.582313419194278     )
 (  11.444733810143159     , -25.389499216146010     ) (  1.2423374613751670E-006, -2.4259393248182621E-006) (  1.2423281308660555E-006, -2.4259310584309883E-006) ( -10.838751519350859     ,  25.155286902487980     )
   13.751125000000000        1.2500000000000000     
 (  4.3913323596029930     ,  78.213244416482212     ) (  5.2891057640297996     ,  78.821131855453856     )
 (  16.393202498205870     , -21.924807177443526     ) (  1.6953830015016124E-006, -2.0459355422945207E-006) (  1.6953705695968846E-006, -2.0459264665765934E-006) ( -16.087264833067746     ,  21.823986006282354     )
   13.801119999999999        1.2500000000000000     
 (  4.7146147870206860     ,  77.145597890467343     ) (  5.3354787362944984     ,  77.909332498144749     )
 (  19.810851007412914     , -17.650365736118399     ) (  1.9964147139351417E-006, -1.6016250092277155E-006) (  1.9963991921645218E-006, -1.6016149038381285E-006) ( -19.726047631709726     ,  17.468741437684599     )
   13.851115000000000        1.2500000000000000     
 (  5.9719673332568908     ,  76.763676835040286     ) (  6.3581831547150012     ,  77.616593858919856     )
 (  22.000541284712252     , -13.086658624053896     ) (  2.1744350259365696E-006, -1.1357676577898348E-006) (  2.1744160825997535E-006, -1.1357560692742123E-006) ( -22.003450409228790     ,  12.731849654858740     )
   13.901109999999999        1.2500000000000000     
 (  7.5564553247802344     ,  77.266962704561479     ) (  7.7144294794845614     ,  78.181543454106162     )
 (  23.169037041094523     , -8.3943159121845969     ) (  2.2451592549048645E-006, -6.6453172150235960E-007) (  2.2451361808570884E-006, -6.6451818442663837E-007) ( -23.131624541762001     ,  7.8521950713047666     )
   13.951105000000000        1.2500000000000000     
 (  8.9520848157514905     ,  78.571117191657791     ) (  8.8595898932641290     ,  79.507844894423911     )
 (  23.342413152705117     , -3.6668965628584780     ) (  2.2101333453933655E-006, -2.0360171728487743E-007) (  2.2101376229274296E-006, -2.0358983599325529E-007) ( -23.155140935058235     ,  2.9781401326789214     )
   14.001100000000001        1.2500000000000000     
 (  9.7748201182371588     ,  80.382940535345270     ) (  9.4127278380861252     ,  81.268533659272492     )
 (  22.465606428162989     , 0.90115612830841008     ) (  2.0700444273681849E-006,  2.2032099415642505E-007) (  2.0700479741858041E-006,  2.2033396018665772E-007) ( -22.052984381123832     , -1.6495523673109649     )
   14.051095000000000        1.2500000000000000     
 (  9.8539742767716252     ,  82.260453254913386     ) (  9.2418870438687382     ,  82.997836373016710     )
 (  20.556867563610705     ,  4.9819141348941498     ) (  1.8391276153591257E-006,  5.7269149687293162E-007) (  1.8391300182236020E-006,  5.7270536722586740E-007) ( -19.899769372507436     , -5.6759110316168604     )
   14.101089999999997        1.2500000000000000     
 (  9.2953451169315944     ,  83.739372231331544     ) (  8.5071534556386688     ,  84.244573363059985     )
 (  17.831188561343321     ,  8.2118350437582137     ) (  1.5513734419903477E-006,  8.2504628707700082E-007) (  1.5513743915810689E-006,  8.2506066146932165E-007) ( -16.975331990156846     , -8.7492041856151950     )
   14.151084999999997        1.2500000000000000     
 (  8.4503801159457019     ,  84.505048508044666     ) (  7.5935365537776720     ,  84.745116257084959     )
 (  14.701660174176356     ,  10.357855504075793     ) (  1.2528816828294919E-006,  9.6889051546619757E-007) (  1.2528810654872679E-006,  9.6890490084466818E-007) ( -13.733625155658864     , -10.686177752648375     )
   14.201079999999997        1.2500000000000000     
 (  7.7679561031258979     ,  84.501009424506321     ) (  6.9408109755297795     ,  84.502241983218084     )
 (  11.650251845420984     ,  11.427184987053455     ) (  9.8668129993571967E-007,  1.0186842589369037E-006) (  9.8667920619852311E-007,  1.0186981567128352E-006) ( -10.653576173580769     , -11.552134651600847     )
   14.251074999999998        1.2500000000000000     
 (  7.6275298567081986     ,  83.902848070516256     ) (  6.8874105022153991     ,  83.726707758363773     )
 (  9.0717425717472189     ,  11.644024827314341     ) (  7.8191497275908676E-007,  1.0036610822007425E-006) (  7.8191161390577031E-007,  1.0036740993104223E-006) ( -8.0945576732595725     , -11.605774649949154     )
   14.301069999999998        1.2500000000000000     
 (  8.2599797225763645     ,  83.007690606411742     ) (  7.6176164623773222     ,  82.717282051719849     )
 (  7.2006591889289853     ,  11.341713096906430     ) (  6.5280761532812565E-007,  9.5740643967255845E-007) (  6.5280324214567233E-007,  9.5741827816693935E-007) ( -6.2497879031752177     , -11.182268105609419     )
   14.351064999999998        1.2500000000000000     
 (  9.7663702889950557     ,  82.141312218392670     ) (  9.1982129284730370     ,  81.776785336506435     )
 (  6.1334445443570962     ,  10.871837493171153     ) (  6.0372149538261302E-007,  9.1288341500389980E-007) (  6.0371632916807239E-007,  9.1289384704003226E-007) ( -5.1861448774193315     , -10.611457278715751     )
   14.401059999999998        1.2500000000000000     
 (  12.172103615891590     ,  81.639196549845011     ) (  11.638029061284373     ,  81.202948807698505     )
 (  5.8843934484456728     ,  10.586476654791984     ) (  6.3369277638120592E-007,  9.0478702293455966E-007) (  6.3368696334656660E-007,  9.0479578853385561E-007) ( -4.9051205188010876     , -10.209770633788120     )
   14.451054999999998        1.2500000000000000     
 (  15.444677370390409     ,  81.901685288014534     ) (  14.910125120439890     ,  81.345399638330647     )
 (  6.4042129835970760     ,  10.893653776312753     ) (  7.3428110347149534E-007,  9.7754739738626041E-007) (  7.3427475628653644E-007,  9.7755412263295806E-007) ( -5.3654799766449948     , -10.337139100138248     )
   14.501049999999998        1.2500000000000000     
 (  19.397405988249499     ,  83.487571921164985     ) (  18.876064270553634     ,  82.699661324569504     )
 (  7.4840277365399048     ,  12.350228826504743     ) (  8.7259607880068000E-007,  1.1932709661419835E-006) (  8.7258935747034136E-007,  1.1932750262452790E-006) ( -6.4076302096959141     , -11.489709594493116     )
   14.551044999999998        1.2500000000000000     
 (  23.374163180332413     ,  87.106027408459170     ) (  23.020086302976171     ,  85.935744660886641     )
 (  8.4402320067163767     ,  15.651893006849264     ) (  9.5150805898144662E-007,  1.6177058117496474E-006) (  9.5150146545849569E-007,  1.6177062497391884E-006) ( -7.4879668800470700     , -14.325769111600954     )
   14.601039999999998        1.2500000000000000     
 (  25.794891774476614     ,  93.068547457631027     ) (  26.002341744412469     ,  91.511899260153697     )
 (  7.6604779667434908     ,  21.081603358034041     ) (  7.7875437897650644E-007,  2.2341789779478256E-006) (  7.7874922817566131E-007,  2.2341747715452527E-006) ( -7.2329585902677813     , -19.275179865942999     )
   14.651034999999998        1.2500000000000000     
 (  24.642787565645694     ,  99.881088866519264     ) (  25.801876499050213     ,  98.443780431984337     )
 (  3.0925612171057000     ,  27.096163913101737     ) (  1.8632940749197436E-007,  2.8080550253142137E-006) (  1.8632791959153197E-007,  2.8080460231217375E-006) ( -3.5846010588530564     , -25.302156049728403     )
   14.701029999999998        1.2500000000000000     
 (  20.146080811546334     ,  104.19564065681490     ) (  21.924384706347166     ,  103.63725825135896     )
 ( -5.0693015335164606     ,  30.269756595256581     ) ( -6.9151697468065029E-007,  3.0046609745076394E-006) ( -6.9151292253508780E-007,  3.0046486970571666E-006) (  3.9860233291448046     , -29.229278775457011     )
   14.751024999999998        1.2500000000000000     
 (  15.599901298794034     ,  104.57430484428360     ) (  17.197812322493700     ,  104.92232915547012     )
 ( -13.552609628402406     ,  29.047579091872997     ) ( -1.5042132697922501E-006,  2.7789631142325993E-006) ( -1.5042035918082883E-006,  2.7789495317316518E-006) (  12.671013916385032     , -28.760469123759300     )
   14.801019999999998        1.2500000000000000     
 (  13.399600036407110     ,  102.86712383215244     ) (  14.518614608448326     ,  103.63549678294933     )
 ( -19.953300263718393     ,  25.112562477811597     ) ( -2.0832935127454400E-006,  2.3385886928763831E-006) ( -2.0832791685882642E-006,  2.3385745419162832E-006) (  19.556076689767458     , -25.052584010623832     )
   14.851014999999999        1.2500000000000000     
 (  13.502051972686958     ,  101.16866006717933     ) (  14.251385162124683     ,  102.05798190451034     )
 ( -24.238592135748593     ,  20.336082501003759     ) ( -2.4615942019301323E-006,  1.8417849507499745E-006) ( -2.4615758624200070E-006,  1.8417697571286141E-006) (  24.180098388745876     , -20.150260876736578     )
   14.901009999999998        1.2500000000000000     
 (  15.011961563709567     ,  100.45329437739748     ) (  15.523171043302565     ,  101.40079599855751     )
 ( -27.103939396576777     ,  15.427029683993405     ) ( -2.7047122878904907E-006,  1.3366045032903715E-006) ( -2.7046898955188589E-006,  1.3365872511739203E-006) (  27.178292364303530     , -14.992252119416710     )
   14.951004999999999        1.2500000000000000     
 (  17.101876097764201     ,  101.00077908409170     ) (  17.414701876927314     ,  102.03157281171494     )
 ( -28.981099467255994     ,  10.418176520546160     ) ( -2.8430339679113208E-006,  8.2205993715289302E-007) ( -2.8430067093391607E-006,  8.2203946339654274E-007) (  29.016876726156958     , -9.7154530976306184     )
   15.000999999999998        1.2500000000000000     
 (  19.089837976734675     ,  102.78795270037840     ) (  19.160777136271378     ,  103.91807151106765     )
 ( -29.912345951006678     ,  5.2008572884566089     ) ( -2.8715176199516517E-006,  2.9577993478673510E-007) ( -2.8715251575378329E-006,  2.9576098551140633E-007) (  29.758070824150938     , -4.2668052490433261     )
   15.050994999999999        1.2500000000000000     
 (  20.371982477326277     ,  105.55908479677494     ) (  20.116373447015743     ,  106.73908021043960     )
 ( -29.679933131233586     ,-0.17667593111760524     ) ( -2.7693758629949626E-006, -2.2117582438816899E-007) ( -2.7693825755987330E-006, -2.2119721433779986E-007) (  29.202597626545430     ,  1.2404770180782971     )
   15.100989999999998        1.2500000000000000     
 (  20.500835300361651     ,  108.77775329199410     ) (  19.862639617175503     ,  109.87261709108515     )
 ( -28.033818624833771     , -5.3587683036364888     ) ( -2.5281131041884404E-006, -6.7863784857113623E-007) ( -2.5281179168186491E-006, -6.7866162093143646E-007) (  27.160521240127174     ,  6.3771933740070015     )
   15.150984999999999        1.2500000000000000     
 (  19.384841294238711     ,  111.68505991167640     ) (  18.409669599653736     ,  112.51848510191658     )
 ( -24.985998630628568     , -9.7245779544060742     ) ( -2.1768283104070722E-006, -1.0161862281849557E-006) ( -2.1768302195726261E-006, -1.0162117111078018E-006) (  23.761584726807516     ,  10.494509896780148     )
   15.200979999999998        1.2500000000000000     
 (  17.428728735907324     ,  113.58178751697064     ) (  16.272713993369198     ,  114.03435897708935     )
 ( -20.995415769519653     , -12.676242398657973     ) ( -1.7822445924456787E-006, -1.1979765906057823E-006) ( -1.7822430527444415E-006, -1.1980026552641737E-006) (  19.582347415801237     ,  13.063442110773275     )
   15.250974999999999        1.2500000000000000     
 (  15.378448785593294     ,  114.17274805880029     ) (  14.227314508147103     ,  114.24734666697847     )
 ( -16.836146735387590     , -13.992554720393711     ) ( -1.4193668640111474E-006, -1.2335005642352311E-006) ( -1.4193619090608071E-006, -1.2335259783687737E-006) (  15.427867489875284     ,  13.994930258329228     )
   15.300969999999998        1.2500000000000000     
 (  13.947336076595104     ,  113.65635139000838     ) (  12.923017302685365     ,  113.44974174456956     )
 ( -13.235255501979319     , -13.926544311288421     ) ( -1.1403271040027628E-006, -1.1666413430594121E-006) ( -1.1403192199693721E-006, -1.1666651617292150E-006) (  11.959011861704711     ,  13.643171226899039     )
   15.350964999999999        1.2500000000000000     
 (  13.555697280894618     ,  112.51299081627612     ) (  12.688099260306586     ,  112.13969525353956     )
 ( -10.618031799603104     , -12.999808608256565     ) ( -9.6645521536685044E-007, -1.0502446737544661E-006) ( -9.6644502930251289E-007, -1.0502662822761793E-006) (  9.5042295726807318     ,  12.551903439611404     )
   15.400959999999998        1.2500000000000000     
 (  14.336101494877287     ,  111.25096213303642     ) (  13.589796107418090     ,  110.78875375418654     )
 ( -9.1156425164100501     , -11.752471284826887     ) ( -8.9937232469305570E-007, -9.3050666333708518E-007) ( -8.9936038636833143E-007, -9.3052571168345046E-007) (  8.1233614253086195     ,  11.225825745536783     )
   15.450954999999999        1.2500000000000000     
 (  16.275245480888596     ,  110.30737372140477     ) (  15.585877099025415     ,  109.77719572743257     )
 ( -8.7074499617141523     , -10.646481709546098     ) ( -9.3442325538673267E-007, -8.4756258190913988E-007) ( -9.3440989450649584E-007, -8.4757879667449191E-007) (  7.7607600081140404     ,  10.068399321278207     )
   15.500949999999998        1.2500000000000000     
 (  19.325272012981337     ,  110.11073730685062     ) (  18.627465648036090     ,  109.46732469356780     )
 ( -9.3317322058637888     , -10.129058480556004     ) ( -1.0655194732407558E-006, -8.4764155896672000E-007) ( -1.0655048242751423E-006, -8.4765450909847689E-007) (  8.3484586833786754     ,  9.4563201869673623     )
   15.550944999999999        1.2500000000000000     
 (  23.378952277533269     ,  111.24800918382836     ) (  22.643611041360465     ,  110.35921273251130     )
 ( -10.859699415537705     , -10.799140342012780     ) ( -1.2722879406079754E-006, -1.0014913767819377E-006) ( -1.2722720558233470E-006, -1.0015002110167389E-006) (  9.7902922351389687     ,  9.8951797254899514     )
   15.600939999999998        1.2500000000000000     
 (  27.956840170223693     ,  114.63672189905705     ) (  27.294912114564642     ,  113.26499305893822     )
 ( -12.781355301327075     , -13.577351191799885     ) ( -1.4710040095619795E-006, -1.4116539239482826E-006) ( -1.4709872506415276E-006, -1.4116570400946148E-006) (  11.714661239955239     ,  12.192174073825338     )
   15.650934999999999        1.2500000000000000     
 (  31.413526432958545     ,  121.22224396198266     ) (  31.303176578350300     ,  119.16869200854828     )
 ( -13.410671251464228     , -19.399365892326081     ) ( -1.4288421384155768E-006, -2.1346203837175477E-006) ( -1.4288262421776267E-006, -2.1346155033272316E-006) (  12.803294620857846     ,  17.312556177790213     )
   15.700930000000000        1.2500000000000000     
 (  30.586700327980299     ,  130.02468704682431     ) (  31.836287600206962     ,  127.77533946967361     )
 ( -9.5343228852181010     , -27.256662046757398     ) ( -8.2623914730761245E-007, -2.9320858291840285E-006) ( -8.2622831157390084E-007, -2.9320717240487431E-006) (  10.175814307646824     ,  24.922833761349388     )
   15.750924999999999        1.2500000000000000     
 (  24.380132059971604     ,  136.21648100089419     ) (  26.829679118863289     ,  135.14231134659912     )
 (  3.9126109109694418E-003, -32.264934750411747     ) (  2.5764397763206122E-007, -3.2592889601029997E-006) (  2.5764512274738314E-007, -3.2592684325833983E-006) (  1.7127271389113572     ,  31.012784579541922     )
   15.800920000000000        1.2500000000000000     
 (  17.522694712372665     ,  136.51986854154518     ) (  19.762149154016512     ,  136.90110406919899     )
 (  10.538912822438784     , -31.048304156520338     ) (  1.2634726012225463E-006, -2.9763596559921787E-006) (  1.2634637407225168E-006, -2.9763377080216457E-006) ( -9.1629138610219591     ,  31.103243946095297     )
   15.850914999999999        1.2500000000000000     
 (  14.146305648525265     ,  133.68861961566409     ) (  15.630447548395036     ,  134.64808142538769     )
 (  17.993099477696703     , -26.202912614425614     ) (  1.9215915954546577E-006, -2.4343786101311013E-006) (  1.9215755927119099E-006, -2.4343573054411580E-006) ( -17.495806652960098     ,  26.617618465383394     )
   15.900910000000000        1.2500000000000000     
 (  14.028898292944900     ,  131.00200366136463     ) (  15.012792171272656     ,  132.04847626136143     )
 (  22.604551874761309     , -20.769070862483954     ) (  2.3254700556293916E-006, -1.8765793092353290E-006) (  2.3254491040763842E-006, -1.8765577477126106E-006) ( -22.701402950867198     ,  20.963363055402347     )
   15.950904999999999        1.2500000000000000     
 (  15.758999481515243     ,  129.67902777399794     ) (  16.489440696767360     ,  130.75962592496785     )
 (  25.705063158872868     , -15.628040428989012     ) (  2.5977226257811765E-006, -1.3477088348385725E-006) (  2.5976973527037267E-006, -1.3476850063753257E-006) ( -26.079099891978728     ,  15.440159943776090     )
   16.000900000000001        1.2500000000000000     
 (  18.301067362248194     ,  129.96411535761351     ) (  18.856258537447818     ,  131.16093620223239     )
 (  28.054244520748966     , -10.599890617994429     ) (  2.7918315735464487E-006, -8.1932577787131140E-007) (  2.7918013131469353E-006, -8.1929735337013981E-007) ( -28.484955962562687     ,  9.9944606348112046     )
   16.050895000000001        1.2500000000000000     
 (  20.906520510059991     ,  131.87243729812985     ) (  21.228575558615884     ,  133.26445532108028     )
 (  29.787010979091441     , -5.2887943305669785     ) (  2.9017971119034340E-006, -2.5890270268282198E-007) (  2.9017599439447432E-006, -2.5886721320967241E-007) ( -30.078201849789288     ,  4.2644348782489523     )
   16.100890000000000        1.2500000000000000     
 (  22.845467450152530     ,  135.28252509644096     ) (  22.779429428384528     ,  136.86792954811895     )
 (  30.577087158389364     , 0.54872854986919306     ) (  2.8833297491963577E-006,  3.3552497276276626E-007) (  2.8833419722907002E-006,  3.3555741657441774E-007) ( -30.508439889348793     , -1.9304114320735577     )
   16.150885000000002        1.2500000000000000     
 (  23.348958550922564     ,  139.74050245518285     ) (  22.719828167858712     ,  141.36450349314592     )
 (  29.841780780524573     ,  6.7330066872810699     ) (  2.6882775195532222E-006,  9.1222786500651717E-007) (  2.6882873285135772E-006,  9.1226557213468775E-007) ( -29.203728380673656     , -8.2766153540850098     )
   16.200880000000002        1.2500000000000000     
 (  21.909776359839572     ,  144.28284849627917     ) (  20.673150277228711     ,  145.63645029488927     )
 (  27.149166672902968     ,  12.495607933468662     ) (  2.3165404639106689E-006,  1.3730497043710363E-006) (  2.3165453060595583E-006,  1.3730919238296883E-006) ( -25.874717453257876     , -13.863943867124046     )
   16.250875000000001        1.2500000000000000     
 (  18.757024659593093     ,  147.66653336826283     ) (  17.116991409354139     ,  148.44895193260672     )
 (  22.754436480867913     ,  16.731239116677731     ) (  1.8478073025596710E-006,  1.6315017213448127E-006) (  1.8478053296151940E-006,  1.6315462204085453E-006) ( -21.029878405995220     , -17.601425532797805     )
   16.300870000000000        1.2500000000000000     
 (  14.950186541426822     ,  149.07538344644601     ) (  13.262194753454777     ,  149.20786928782550     )
 (  17.717038161801291     ,  18.720987691612709     ) (  1.4036077083110466E-006,  1.6769993371984512E-006) (  1.4035985703625961E-006,  1.6770433185236423E-006) ( -15.882616163692354     , -18.993957062315392     )
   16.350865000000002        1.2500000000000000     
 (  11.752098000862990     ,  148.61508829961744     ) (  10.289383821446881     ,  148.25455278678683     )
 (  13.285971988121409     ,  18.638836942466792     ) (  1.0743612230181740E-006,  1.5729877554485876E-006) (  1.0743459350537564E-006,  1.5730288870386110E-006) ( -11.602447208432835     , -18.450520786314350     )
   16.400860000000002        1.2500000000000000     
 (  9.9324441479847145     ,  147.03679093769588     ) (  8.7788951701023858     ,  146.41046086944880     )
 (  10.209757401979948     ,  17.282918087235519     ) (  8.9043008702368533E-007,  1.4032259975495918E-006) (  8.9041014941988858E-007,  1.4032630029005076E-006) ( -8.7522854977166684     , -16.838113480154071     )
   16.450855000000001        1.2500000000000000     
 (  9.6700843941945998     ,  145.15214900217222     ) (  8.7734352541568619     ,  144.42617920820129     )
 (  8.6422527874678376     ,  15.495928559241252     ) (  8.4402106281042318E-007,  1.2332192910656219E-006) (  8.4399776864666703E-007,  1.2332516652788168E-006) ( -7.3546006528968340     , -14.937358973035753     )
   16.500850000000000        1.2500000000000000     
 (  10.856648406158143     ,  143.55620092879403     ) (  10.109834207193012     ,  142.80205136385297     )
 (  8.4479126002915326     ,  13.891816989808969     ) (  9.1925934656387931E-007,  1.1079416669289279E-006) (  9.1923349098336424E-007,  1.1079692403346289E-006) ( -7.2243088981513788     , -13.267797988595476     )
   16.550845000000002        1.2500000000000000     
 (  13.367992101253760     ,  142.70082637643870     ) (  12.654439699497306     ,  141.89782589795101     )
 (  9.4735803839736867     ,  12.931919059305590     ) (  1.1068697939040558E-006,  1.0705485800332941E-006) (  1.1068416046486579E-006,  1.0705710091496383E-006) ( -8.2036715752008593     , -12.200548436153971     )
   16.600840000000002        1.2500000000000000     
 (  17.133258089274705     ,  143.14810877074336     ) (  16.357374570253810     ,  142.16427648655215     )
 (  11.616833577898634     ,  13.179839419726887     ) (  1.3969404993777034E-006,  1.1914973790977756E-006) (  1.3969097875181840E-006,  1.1915136376546309E-006) ( -10.214913909209072     , -12.191292544583924     )
   16.650835000000001        1.2500000000000000     
 (  21.871003346698490     ,  145.91448670753081     ) (  21.054345890374151     ,  144.44748897822839     )
 (  14.560500026419817     ,  15.645804690610086     ) (  1.7274676205680280E-006,  1.5987508014765583E-006) (  1.7274343420665036E-006,  1.5987585066721978E-006) ( -13.059599733195157     , -14.084092747085379     )
   16.700830000000000        1.2500000000000000     
 (  26.077285520349953     ,  152.52556434836791     ) (  25.687642168521982     ,  150.14611133743628     )
 (  16.758496287698655     ,  21.839924961811839     ) (  1.8479558826084479E-006,  2.4296860299348447E-006) (  1.8479219211645973E-006,  2.4296808449908991E-006) ( -15.636820078681071     , -19.265991515986798     )
   16.750825000000003        1.2500000000000000     
 (  25.580616859856754     ,  162.88971366208639     ) (  26.879726023078884     ,  159.88504698551796     )
 (  13.988192073407530     ,  31.641910272816592     ) (  1.2692185681171932E-006,  3.4818866784724456E-006) (  1.2691910665165474E-006,  3.4818647951692808E-006) ( -14.514086904340527     , -28.335301947365870     )
   16.800820000000002        1.2500000000000000     
 (  17.320877888581727     ,  170.76645933031179     ) (  20.556811340478205     ,  169.26532759099919     )
 (  3.1270104955561511     ,  38.762145766496104     ) ( -3.8184780691028097E-008,  3.9487570455729908E-006) ( -3.8195502174380030E-008,  3.9487229780100959E-006) ( -5.5490645888694425     , -36.842306935349946     )
   16.850815000000001        1.2500000000000000     
 (  7.7278962086617700     ,  170.25336964286430     ) (  10.574068553771660     ,  170.94575366852825     )
 ( -9.4696723324800196     ,  37.216203096151077     ) ( -1.2166700842078325E-006,  3.5544917070078114E-006) ( -1.2166629639734727E-006,  3.5544568288055755E-006) (  7.4845826883639299     , -37.356267062102738     )
   16.900810000000000        1.2500000000000000     
 (  3.2554495188620276     ,  165.53826125402298     ) (  4.8744941674064357     ,  166.86373031023595     )
 ( -17.430491969986171     ,  31.057249725084898     ) ( -1.8806975801183034E-006,  2.8802469120079040E-006) ( -1.8806796569648609E-006,  2.8802158817573286E-006) (  16.731567048756418     , -31.663751607350250     )
   16.950805000000003        1.2500000000000000     
 (  3.0620541013945286     ,  161.39989069515389     ) (  4.0126306239977207     ,  162.63025572481288     )
 ( -21.671649455791172     ,  24.846917183413016     ) ( -2.2356067240530917E-006,  2.2615594137413733E-006) ( -2.2355830542643352E-006,  2.2615302501028104E-006) (  21.710190305358793     , -25.130712919569376     )
   17.000800000000002        1.2500000000000000     
 (  5.0205310113377823     ,  159.07934298726065     ) (  5.7228484652201734     ,  160.20608110093630     )
 ( -24.345735627243720     ,  19.486795299946522     ) ( -2.4702762222326323E-006,  1.7208622603881567E-006) ( -2.4702486031101777E-006,  1.7208312887138202E-006) (  24.691563436699461     , -19.336557162088926     )
   17.050795000000001        1.2500000000000000     
 (  7.9450393999342452     ,  158.62376266854849     ) (  8.5478138418333263     ,  159.80186353510084     )
 ( -26.520489537109231     ,  14.524206633491948     ) ( -2.6593714713272078E-006,  1.1981378016208445E-006) ( -2.6593396443557851E-006,  1.1981009791989239E-006) (  26.956084023991295     , -13.940631611533910     )
   17.100790000000003        1.2500000000000000     
 (  11.143900001431646     ,  160.02624527615092     ) (  11.618400519582766     ,  161.41842321594160     )
 ( -28.442998714449239     ,  9.3056637703450544     ) ( -2.8007333722792397E-006,  6.3062630643553595E-007) ( -2.8006953307568633E-006,  6.3057917788686764E-007) (  28.798296374213599     , -8.2641422232004285     )
   17.150785000000003        1.2500000000000000     
 (  13.908249406654392     ,  163.33935958128711     ) (  14.072288857594206     ,  165.04927498108913     )
 ( -29.781309553111495     ,  3.2875382293426942     ) ( -2.8347872521010623E-006, -1.5636736517150720E-008) ( -2.8348079470319307E-006, -1.5682462076525744E-008) (  29.819850237659761     , -1.7758227591027151     )
   17.200779999999998        1.2500000000000000     
 (  15.250164339212782     ,  168.37880361505447     ) (  14.799297017830671     ,  170.33010577012260     )
 ( -29.708840786100485     , -3.6731783017110158     ) ( -2.6688938845935497E-006, -7.0597156261919915E-007) ( -2.6689126150696728E-006, -7.0602733610305305E-007) (  29.105545894393067     ,  5.5204832043582197     )
   17.250774999999997        1.2500000000000000     
 (  14.114576351580569     ,  174.22860571588873     ) (  12.810993234395381     ,  176.03753297995141     )
 ( -27.233138895733216     , -10.879246496650786     ) ( -2.2483116621486817E-006, -1.3100829783231660E-006) ( -2.2483230529766170E-006, -1.3101487390608636E-006) (  25.742938380028729     ,  12.640160748121049     )
   17.300770000000000        1.2500000000000000     
 (  10.208426871461544     ,  179.10477821928848     ) (  8.2078233501861604     ,  180.21893267936949     )
 ( -22.085985626024726     , -16.698558579059963     ) ( -1.6484913475260386E-006, -1.6650542509820149E-006) ( -1.6484904942790396E-006, -1.6651263292196889E-006) (  19.863587466262377     ,  17.794574688083532     )
   17.350764999999999        1.2500000000000000     
 (  4.7630480956267292     ,  181.33362110315150     ) (  2.6269886162342915     ,  181.49962974457310     )
 ( -15.503558771628263     , -19.567953019196615     ) ( -1.0563828259418587E-006, -1.7148754113087202E-006) ( -1.0563680270924197E-006, -1.7149477765595059E-006) (  13.113012565930001     ,  19.727671546783078     )
   17.400759999999998        1.2500000000000000     
 (-0.16654795854854432     ,  180.70973276018253     ) ( -1.9392198010689072     ,  180.16356280567931     )
 ( -9.5337372249046464     , -19.365864444817277     ) ( -6.2699248859751256E-007, -1.5496061323741719E-006) ( -6.2696567050233403E-007, -1.5496735656330965E-006) (  7.4782237732459595     ,  18.813543008853770     )
   17.450755000000001        1.2500000000000000     
 ( -3.2393395246076859     ,  178.37646654350419     ) ( -4.5155172453295958     ,  177.52081491901416     )
 ( -5.5017870824009787     , -17.300971626739656     ) ( -4.0395387504918724E-007, -1.3033766020670051E-006) ( -4.0391845891128918E-007, -1.3034364374333313E-006) (  3.9190033595381886     ,  16.433079051844210     )
   17.500750000000000        1.2500000000000000     
 ( -4.2452750301492870     ,  175.62802399284473     ) ( -5.1451677499674577     ,  174.73642584049131     )
 ( -3.5949460323681666     , -14.718876518273555     ) ( -3.6147984139799684E-007, -1.0705180386946798E-006) ( -3.6143872208513180E-007, -1.0705696541548671E-006) (  2.3676907931995954     ,  13.807381412531536     )
   17.550744999999999        1.2500000000000000     
 ( -3.4977811066960482     ,  173.27686487830789     ) ( -4.2117248206207121     ,  172.44810449271776     )
 ( -3.4706676882792005     , -12.472166448854789     ) ( -4.6476715394917204E-007, -9.0143830853058610E-007) ( -4.6472198856189297E-007, -9.0148192971261015E-007) (  2.4081756921388742     ,  11.617634784277667     )
   17.600739999999998        1.2500000000000000     
 ( -1.2848990094464636     ,  171.77463557015255     ) ( -1.9942578128666846     ,  170.97549498124283     )
 ( -4.8056635426019225     , -11.042882107978885     ) ( -6.9683456354981158E-007, -8.3403703261956453E-007) ( -6.9678574178427680E-007, -8.3407270447946307E-007) (  3.7211968013214443     ,  10.215232438275983     )
   17.650735000000001        1.2500000000000000     
 (  2.3036872520958518     ,  171.60357577506952     ) (  1.4455208470439198     ,  170.67127276415471     )
 ( -7.4683932830898740     , -10.934627632202703     ) ( -1.0552348649121155E-006, -9.3486407039843005E-007) ( -1.0551818006181972E-006, -9.3489076340128704E-007) (  6.1974117501062516     ,  9.9730321788216632     )
   17.700730000000000        1.2500000000000000     
 (  7.1605986446279593     ,  173.78918217742094     ) (  6.0996637714050355     ,  172.34425512819490     )
 ( -11.301838015090766     , -13.184963510433832     ) ( -1.5006511096168190E-006, -1.3510606354525571E-006) ( -1.5005928929038413E-006, -1.3510749729110844E-006) (  9.7734979489459253     ,  11.707926633599536     )
   17.750724999999999        1.2500000000000000     
 (  12.010361751822733     ,  180.33777056029840     ) (  11.187649448608520     ,  177.69957948809554     )
 ( -14.971217166896848     , -19.801416334949678     ) ( -1.7752636005017307E-006, -2.3026766459974006E-006) ( -1.7752017852769734E-006, -2.3026711722148491E-006) (  13.604759201808172     ,  17.119471651002641     )
   17.800719999999998        1.2500000000000000     
 (  11.776305456041857     ,  192.19997462824833     ) (  12.977274306147848     ,  188.33079657181861     )
 ( -13.328369051564257     , -31.721465919103931     ) ( -1.2018484569205271E-006, -3.6438588442480919E-006) ( -1.2017944841609076E-006, -3.6438246518872961E-006) (  13.884147236378240     ,  27.778657004899465     )
   17.850715000000001        1.2500000000000000     
 (  1.0258835291362611     ,  201.59451660017453     ) (  5.1510542551708740     ,  199.61734387942514     )
 (-0.85416055108249112     , -41.129914292963683     ) (  3.8307488370504580E-007, -4.2363446443747013E-006) (  3.8309991582127906E-007, -4.2362886998983227E-006) (  4.2061229379043095     ,  39.019038593010990     )
   17.900710000000000        1.2500000000000000     
 ( -11.392660893630154     ,  199.45161924152816     ) ( -8.0272168362860796     ,  200.56195925237481     )
 (  13.707514054492371     , -38.891206246933990     ) (  1.6964532353183618E-006, -3.6817128646186999E-006) (  1.6964473938728251E-006, -3.6816590721892052E-006) ( -11.269289569485787     ,  39.762603295982615     )
   17.950704999999999        1.2500000000000000     
 ( -16.493585860961684     ,  192.46929208574679     ) ( -14.877729846604579     ,  194.07957363395704     )
 (  21.493728178981698     , -31.587118301530769     ) (  2.2958998179620655E-006, -2.9074288415651605E-006) (  2.2958786829763227E-006, -2.9073854965826145E-006) ( -20.982004643013443     ,  32.788392828408952     )
   18.000699999999998        1.2500000000000000     
 ( -16.550410715716431     ,  186.88271657785049     ) ( -15.652746203340246     ,  188.15306882294385     )
 (  24.913362825796913     , -25.255326571799337     ) (  2.5655333122031443E-006, -2.2952023038611585E-006) (  2.5655064289239612E-006, -2.2951647022691423E-006) ( -25.311984936564560     ,  25.853777070077538     )
   18.050695000000001        1.2500000000000000     
 ( -14.440703788517517     ,  183.52985698303445     ) ( -13.700974025547342     ,  184.59189673154717     )
 (  26.967485055585911     , -20.405879329600594     ) (  2.7477120294259334E-006, -1.8118445853167588E-006) (  2.7476825244554828E-006, -1.8118063663022518E-006) ( -27.712180635808380     ,  20.397731872272892     )
   18.100690000000000        1.2500000000000000     
 ( -11.350659106725999     ,  182.12559830357588     ) ( -10.596875900759132     ,  183.22696880743038     )
 (  28.882923173338952     , -16.225333174924362     ) (  2.9250675677124203E-006, -1.3638684557328934E-006) (  2.9250357510875003E-006, -1.3638234020450335E-006) ( -29.747439436227406     ,  15.659290084537036     )
   18.150684999999999        1.2500000000000000     
 ( -7.8006705153409106     ,  182.59760370178304     ) ( -7.0559975039561253     ,  183.97683550447724     )
 (  30.962280083218012     , -11.844897397051234     ) (  3.0987043924115093E-006, -8.6316892189093252E-007) (  3.0986685883724735E-006, -8.6310997700781200E-007) ( -31.789493172262770     ,  10.683759550508057     )
   18.200679999999998        1.2500000000000000     
 ( -4.3449197092917533     ,  185.15907046378291     ) ( -3.8143950089583036     ,  187.02429059358431     )
 (  32.921644802337731     , -6.4651983962745811     ) (  3.2028632784330518E-006, -2.4176044410514875E-007) (  3.2028185441934009E-006, -2.4167915077939008E-007) ( -33.461417909212699     ,  4.6240385137054307     )
   18.250675000000001        1.2500000000000000     
 ( -2.0064798880415364     ,  189.99640059730137     ) ( -2.1253988160366184     ,  192.39435643777040     )
 (  33.817857235853658     , 0.45192545439527848     ) (  3.1046111545406149E-006,  5.0081808268280574E-007) (  3.1046440125503019E-006,  5.0089587819545743E-007) ( -33.620847562214905     , -2.9425629772110962     )
   18.300670000000000        1.2500000000000000     
 ( -2.3631347237863061     ,  196.52874679582399     ) ( -3.6583440919703185     ,  199.05154897356525     )
 (  32.100818024153391     ,  8.5419727424127050     ) (  2.6718652048531292E-006,  1.2204959469520311E-006) (  2.6718887071468399E-006,  1.2205931018356694E-006) ( -30.638419409661360     , -11.223033135018877     )
   18.350664999999999        1.2500000000000000     
 ( -6.5494991881944626     ,  202.62154888123047     ) ( -9.0528777781580878     ,  204.35582146443974     )
 (  26.633317992734927     ,  15.810161566760444     ) (  1.9452616773619194E-006,  1.6569841825765956E-006) (  1.9452648416417182E-006,  1.6570956768544038E-006) ( -23.876748799999657     , -17.732576709010669     )
   18.400659999999998        1.2500000000000000     
 ( -13.453092304968640     ,  205.43662637918803     ) ( -16.331086062842477     ,  205.75624102138295     )
 (  18.522262424079106     ,  19.514674216408896     ) (  1.1931002266859220E-006,  1.6745079058071028E-006) (  1.1930778274561067E-006,  1.6746218939083326E-006) ( -15.310390351123926     , -20.026350304649991     )
   18.450655000000001        1.2500000000000000     
 ( -19.962796667826201     ,  204.14223057713579     ) ( -22.314456853594134     ,  203.35596710231164     )
 (  10.870555815069917     ,  18.895175113867587     ) (  6.6556006670919582E-007,  1.4001626557017836E-006) (  6.6551566926849823E-007,  1.4002680148729987E-006) ( -8.1105355638120304     , -18.285383425765811     )
   18.500650000000000        1.2500000000000000     
 ( -23.873814112412813     ,  200.45874510756255     ) ( -25.465998794408300     ,  199.23779050751946     )
 (  5.8719151585770337     ,  15.728499419111047     ) (  4.1561737928722790E-007,  1.0423225246415607E-006) (  4.1555832731654570E-007,  1.0424141201232633E-006) ( -3.8032521225047606     , -14.653335980351779     )
   18.550644999999999        1.2500000000000000     
 ( -25.015390057831151     ,  196.40587843056542     ) ( -26.052165514613939     ,  195.16958744945259     )
 (  3.6818915707148756     ,  12.080792561800559     ) (  3.8319902064007006E-007,  7.2723831021104170E-007) (  3.8313123629218783E-007,  7.2731575846993673E-007) ( -2.1066331050334473     , -10.947542909952874     )
   18.600639999999999        1.2500000000000000     
 ( -24.065293537537531     ,  193.05047505636836     ) ( -24.819970435961313     ,  191.93034297194200     )
 (  3.6022425712514159     ,  9.0574026091859405     ) (  5.0694687556325750E-007,  5.0320813797722528E-007) (  5.0687344476066712E-007,  5.0327276020751078E-007) ( -2.2527387407677741     , -7.9875439876780803     )
   18.650635000000001        1.2500000000000000     
 ( -21.556744921426940     ,  190.79243702024013     ) ( -22.259639622978373     ,  189.75507144428408     )
 (  5.0733033475063483     ,  7.0894451643448848     ) (  7.6159753482124216E-007,  3.9622983571522957E-007) (  7.6151901583671395E-007,  3.9628257434406094E-007) ( -3.7243415114701381     , -6.0409489908692651     )
   18.700630000000000        1.2500000000000000     
 ( -17.626786022999809     ,  189.98829922550735     ) ( -18.476237989689846     ,  188.86683283688774     )
 (  7.9251489716896240     ,  6.5574364347084888     ) (  1.1534814708093982E-006,  4.6516795632664626E-007) (  1.1533965121893331E-006,  4.6520799123728054E-007) ( -6.3827882090708465     , -5.3557525450095209     )
   18.750624999999999        1.2500000000000000     
 ( -12.228084667098846     ,  191.63910888459546     ) ( -13.356200874666406     ,  190.01149282222073     )
 (  12.165079860846857     ,  8.4789749218971480     ) (  1.6673554278251531E-006,  8.7439694572613146E-007) (  1.6672615378141124E-006,  8.7441957513017966E-007) ( -10.300540486064060     , -6.6950306445698011     )
   18.800620000000002        1.2500000000000000     
 ( -6.4214545013331401     ,  198.20716659632635     ) ( -7.4394599395111554     ,  195.15455856521137     )
 (  16.683551877412743     ,  15.324844836857469     ) (  2.0356566770477533E-006,  1.9301814050818424E-006) (  2.0355543876985619E-006,  1.9301742400677210E-006) ( -14.887146839045718     , -12.033048171812764     )
   18.850615000000001        1.2500000000000000     
 ( -6.3348733265940371     ,  211.69285467751314     ) ( -4.8455483623509341     ,  206.81709059408743     )
 (  15.291360578274844     ,  29.093854916372564     ) (  1.3562080742701293E-006,  3.5292597411038719E-006) (  1.3561148322519434E-006,  3.5291735142502680E-006) ( -15.958838767816584     , -23.888825579593064     )
   18.900610000000000        1.2500000000000000     
 ( -19.908166542569134     ,  222.02508009642537     ) ( -14.354239883494683     ,  219.91286261801193     )
 ( -2.4423033814963347E-002,  39.699931083168607     ) ( -6.1125776485032491E-007,  4.0777524648923311E-006) ( -6.1129980119399510E-007,  4.0776621742922138E-006) ( -4.6578794391816336     , -37.158799419233070     )
   18.950604999999999        1.2500000000000000     
 ( -34.173040891459081     ,  217.17268903851863     ) ( -30.332306407948931     ,  219.13145561727865     )
 ( -16.396202673306849     ,  35.073217246109891     ) ( -1.9810872154455100E-006,  3.2191445205904933E-006) ( -1.9810790879752742E-006,  3.2190655465507260E-006) (  13.490244935940634     , -36.488216170744174     )
   19.000600000000002        1.2500000000000000     
 ( -38.578772253119020     ,  208.12856823611855     ) ( -37.036830318652896     ,  210.18470092257706     )
 ( -23.397932792236098     ,  26.129527397105825     ) ( -2.4596396206386085E-006,  2.3295639834282251E-006) ( -2.4596127071161496E-006,  2.3295067887530089E-006) (  22.876709449371887     , -27.499343869998789     )
   19.050595000000001        1.2500000000000000     
 ( -37.858584345791797     ,  201.68784380630433     ) ( -37.036748016505058     ,  203.15621292547638     )
 ( -25.920526496956146     ,  19.517962302389126     ) ( -2.6432218046029941E-006,  1.7162893311611670E-006) ( -2.6431908547117330E-006,  1.7162433455387737E-006) (  26.238387288151891     , -20.104955366783855     )
   19.100590000000000        1.2500000000000000     
 ( -35.332660866838168     ,  197.78429915807465     ) ( -34.625420681171676     ,  198.96177671203682     )
 ( -27.467069341155948     ,  14.904775081415941     ) ( -2.7842496234047014E-006,  1.2689875016627003E-006) ( -2.7842187247810975E-006,  1.2689426334715930E-006) (  28.056875663147547     , -14.906468887940196     )
   19.150585000000000        1.2500000000000000     
 ( -31.988380767495318     ,  195.77249439173113     ) ( -31.229464745960410     ,  196.95030482934854     )
 ( -29.191179150052307     ,  11.166331079865005     ) ( -2.9563066449788973E-006,  8.7125935511415407E-007) ( -2.9562766273199658E-006,  8.7120676361845379E-007) (  29.907410638106445     , -10.690919551592478     )
   19.200580000000002        1.2500000000000000     
 ( -28.112573718302240     ,  195.51034374682257     ) ( -27.300851957865714     ,  196.95168517111730     )
 ( -31.388980678086241     ,  7.3409595124859548     ) ( -3.1625734663700116E-006,  4.2176852667450366E-007) ( -3.1625433995065026E-006,  4.2169817309970347E-007) (  32.160415661151958     , -6.3350135547993656     )
   19.250575000000001        1.2500000000000000     
 ( -24.037641859762665     ,  197.32640730652884     ) ( -23.342595882842353     ,  199.31401991025814     )
 ( -33.868707789988491     ,  2.4922110912379023     ) ( -3.3406816097392160E-006, -1.7452456541504047E-007) ( -3.3406469029031958E-006, -1.7462606570854570E-007) (  34.513472177683063     ,-0.77531881101176858     )
   19.300570000000000        1.2500000000000000     
 ( -20.683226725058010     ,  201.76927683142389     ) ( -20.592539954329133     ,  204.50898766922646     )
 ( -35.724932051083094     , -4.2681344530415837     ) ( -3.3304474218595829E-006, -9.6225684991491750E-007) ( -3.3305008876307326E-006, -9.6236048703284012E-007) (  35.753037337891094     ,  6.8532404944607164     )
   19.350565000000000        1.2500000000000000     
 ( -20.003955069886267     ,  208.77734611072768     ) ( -21.345222841980569     ,  211.94877890270132     )
 ( -35.000625016408748     , -13.077280886931575     ) ( -2.9116489314077895E-006, -1.8038684390199658E-006) ( -2.9116921409021797E-006, -1.8040060835148029E-006) (  33.579298869105024     ,  16.187042047900565     )
   19.400560000000002        1.2500000000000000     
 ( -24.181346689012400     ,  216.12384037355889     ) ( -27.316794733712658     ,  218.42733228565652     )
 ( -29.497990114383882     , -21.832779490211323     ) ( -2.0612360268674120E-006, -2.3249417991817276E-006) ( -2.0612471738622547E-006, -2.3251079739685170E-006) (  26.253890870158539     ,  24.154513701215365     )
   19.450555000000001        1.2500000000000000     
 ( -32.561948077300016     ,  219.54282072592818     ) ( -36.310513431969412     ,  219.80034241155130     )
 ( -19.862153434909093     , -26.353839634632024     ) ( -1.1548300919526852E-006, -2.2742320742237610E-006) ( -1.1547965828084362E-006, -2.2744047900727254E-006) (  15.960645932585697     ,  26.698311546521143     )
   19.500550000000000        1.2500000000000000     
 ( -40.639326992767444     ,  217.21295248262118     ) ( -43.500306558712317     ,  215.90622103229160     )
 ( -10.594534277871880     , -24.884374459939082     ) ( -5.7476957037305177E-007, -1.8451321405641369E-006) ( -5.7469824109064465E-007, -1.8452892499286600E-006) (  7.5186368009766378     ,  23.719526127782810     )
   19.550545000000000        1.2500000000000000     
 ( -45.013419382464278     ,  211.75874105360552     ) ( -46.706831253762729     ,  210.00665687679279     )
 ( -5.0901307327679293     , -20.104586873473643     ) ( -3.6317061853425963E-007, -1.3528229140078123E-006) ( -3.6307647940316649E-007, -1.3529556881937772E-006) (  3.1031038101142863     ,  18.531231532960035     )
   19.600540000000002        1.2500000000000000     
 ( -45.753921444151743     ,  206.20056904985287     ) ( -46.687424534164983     ,  204.59208849675798     )
 ( -3.2701227111024993     , -15.085763355377217     ) ( -4.0222125783526042E-007, -9.5025284843995747E-007) ( -4.0211535498804073E-007, -9.5036236394247905E-007) (  1.9511852704308998     ,  13.670664698737749     )
   19.650535000000001        1.2500000000000000     
 ( -44.099102100231526     ,  201.80985245664843     ) ( -44.689284275515526     ,  200.47291932142124     )
 ( -3.8795654108977558     , -11.146495339947766     ) ( -5.9971776254806262E-007, -6.7208126015010598E-007) ( -5.9960503187477781E-007, -6.7217119077216327E-007) (  2.8043571153283651     ,  9.9928348960957614     )
   19.700530000000001        1.2500000000000000     
 ( -40.864436021945195     ,  198.83840060383338     ) ( -41.416877934899262     ,  197.70443509044884     )
 ( -6.0764526453333509     , -8.5808165343582505     ) ( -9.2466868391719027E-007, -5.2790173432439435E-007) ( -9.2454953158547415E-007, -5.2797469524749378E-007) (  4.9374967595242580     ,  7.5949056778641868     )
   19.750525000000000        1.2500000000000000     
 ( -36.214125266218225     ,  197.47941793803253     ) ( -36.988208848989039     ,  196.34396350709358     )
 ( -9.6592899317355840     , -7.6169435139918988     ) ( -1.3941770360385356E-006, -5.7012891624594959E-007) ( -1.3940485824959892E-006, -5.7018446692362658E-007) (  8.2003556902130885     ,  6.5710653243680452     )
   19.800520000000002        1.2500000000000000     
 ( -29.935913006849127     ,  198.72999634927615     ) ( -31.150540330660327     ,  197.08288925980384     )
 ( -14.792407391807663     , -9.2775002082254296     ) ( -2.0147250890858025E-006, -9.8761554780492063E-007) ( -2.0145821399758386E-006, -9.8764692270107396E-007) (  12.800825219707519     ,  7.6415968152239531     )
   19.850515000000001        1.2500000000000000     
 ( -22.965359521611838     ,  205.60324090836866     ) ( -24.248918875327075     ,  202.19604126498143     )
 ( -20.481055977910074     , -16.589613186386007     ) ( -2.4820021168071730E-006, -2.1867220476878998E-006) ( -2.4818611938750054E-006, -2.1866620822993063E-006) (  18.334986852378233     ,  13.099159051610703     )
   19.900510000000001        1.2500000000000000     
 ( -23.053944666725005     ,  221.00365381507413     ) ( -21.066316009586711     ,  215.09529568106646     )
 ( -18.906359941993184     , -32.459704111025303     ) ( -1.5849363812638438E-006, -4.0312543491545100E-006) ( -1.5848016630037048E-006, -4.0311181979986765E-006) (  19.949695413753265     ,  26.360167196727772     )
   19.950505000000000        1.2500000000000000     
 ( -40.143772422332312     ,  230.71603368566821     ) ( -33.115123450810721     ,  229.25117975056293     )
 ( -4.2785133933065100E-002, -42.658637214161722     ) (  7.6216380648460299E-007, -4.2781877664086738E-006) (  7.6221543338268489E-007, -4.2780045621844488E-006) (  6.0432041134598862     ,  40.881373996752920     )
   20.000500000000002        1.2500000000000000     
 ( -54.250304893811958     ,  221.88055810143968     ) ( -50.700555113560654     ,  224.80800281876165     )
 (  16.226757845607203     , -34.292394115835123     ) (  1.9505542760326999E-006, -3.0636159510382462E-006) (  1.9505407060613970E-006, -3.0634731709509417E-006) ( -13.800241795097444     ,  36.768437347063497     )
   20.050495000000002        1.2500000000000000     
 ( -56.490748657735203     ,  211.46447295721512     ) ( -55.399737009071778     ,  213.66058613799177     )
 (  21.148582304997330     , -24.261541242863899     ) (  2.2206116376428816E-006, -2.1290312993644783E-006) (  2.2205909609651854E-006, -2.1289329356656775E-006) ( -21.298550320106070     ,  25.837594867849745     )
   20.100490000000001        1.2500000000000000     
 ( -54.418187529372091     ,  204.82003493848819     ) ( -53.825568455722419     ,  206.18033341356309     )
 (  22.440223365236619     , -17.794346155964586     ) (  2.2988581900184720E-006, -1.5419381821438173E-006) (  2.2988224096264751E-006, -1.5418851369004711E-006) ( -23.242827175086237     ,  18.311684982056796     )
   20.150485000000000        1.2500000000000000     
 ( -51.100603858913260     ,  200.77330347009988     ) ( -50.466748174619852     ,  201.77917943918615     )
 (  23.386176098579796     , -13.485244317989356     ) (  2.3895544926676018E-006, -1.1248333145248347E-006) (  2.3895229098938859E-006, -1.1247830988545285E-006) ( -24.350699032821005     ,  13.323746363741744     )
   20.200480000000002        1.2500000000000000     
 ( -47.161441271443692     ,  198.46017429811988     ) ( -46.348046436791996     ,  199.44944969121542     )
 (  24.850233211398034     , -10.036701376814092     ) (  2.5443094764137955E-006, -7.5405128746357204E-007) (  2.5442833579775688E-006, -7.5399233978013805E-007) ( -25.885723705539316     ,  9.3427049960250343     )
   20.250475000000002        1.2500000000000000     
 ( -42.651434565791327     ,  197.72758277545640     ) ( -41.642703897364989     ,  199.00220880590589     )
 (  27.061307804624676     , -6.4895639975737778     ) (  2.7659513426130568E-006, -3.2502998329016859E-007) (  2.7659310136381938E-006, -3.2494890895183942E-007) ( -28.137581469215448     ,  5.2090297538761714     )
   20.300470000000001        1.2500000000000000     
 ( -37.682407582330086     ,  199.00167172125120     ) ( -36.616431106775515     ,  200.93441860061830     )
 (  29.908279917577065     , -1.8539948738421921     ) (  2.9991481112108065E-006,  2.7716885360922136E-007) (  2.9992167765029905E-006,  2.7726367420095494E-007) ( -30.885213264620127     ,-0.24786278802588377     )
   20.350465000000000        1.2500000000000000     
 ( -33.020513846747114     ,  203.15569685069070     ) ( -32.430801133633125     ,  206.15220205556105     )
 (  32.585366579082439     ,  5.0406929187087730     ) (  3.0648051656045844E-006,  1.1444080921395312E-006) (  3.0648871087913972E-006,  1.1445418707152775E-006) ( -32.940142403545423     , -8.2841120744491921     )
   20.400459999999999        1.2500000000000000     
 ( -30.864324794257136     ,  210.73577414947641     ) ( -31.946452175771764     ,  214.66158346883074     )
 (  32.844337308762661     ,  14.903742987800737     ) (  2.6446274088935401E-006,  2.1588616290573185E-006) (  2.6446998339528358E-006,  2.1590511566756774E-006) ( -31.397017656580701     , -19.096777835336677     )
   20.450454999999998        1.2500000000000000     
 ( -34.580262804732868     ,  219.64183834692886     ) ( -38.243958736555101     ,  222.74013773324558     )
 (  27.286895463913623     ,  25.728224507805653     ) (  1.6275059517600024E-006,  2.8062451478601026E-006) (  1.6275290588092636E-006,  2.8064860908676479E-006) ( -23.146311106171904     , -29.073871451489673     )
   20.500450000000001        1.2500000000000000     
 ( -44.276622688594550     ,  223.89839537904805     ) ( -48.884424415264817     ,  224.16484420602907     )
 (  15.787819398936076     ,  31.595227337988806     ) (  5.4547078610405728E-007,  2.6873171888231337E-006) (  5.4541857014949244E-007,  2.6875699290072239E-006) ( -10.611580272977035     , -32.061324222263003     )
   20.550445000000000        1.2500000000000000     
 ( -53.541668953308331     ,  220.40460265405358     ) ( -56.778715235308255     ,  218.66187974642708     )
 (  4.7542042783508407     ,  29.442984380751405     ) ( -5.7638357919049946E-008,  2.1254888261939182E-006) ( -5.7751309139578848E-008,  2.1257121488989093E-006) (-0.87750624298058721     , -27.834090569707705     )
   20.600439999999999        1.2500000000000000     
 ( -57.584709392290485     ,  213.29671383289218     ) ( -59.295310185715692     ,  211.23895645323080     )
 ( -1.0198169640799315     ,  23.440812883759897     ) ( -2.0545885078942610E-007,  1.5663171865415061E-006) ( -2.0560344588528042E-007,  1.5664989818667434E-006) (  3.4221711106435744     , -21.440690160467280     )
   20.650434999999998        1.2500000000000000     
 ( -57.192478884735110     ,  206.75801608209272     ) ( -58.091238173608602     ,  205.02682086641244     )
 ( -2.3146118256960722     ,  17.805750776297106     ) ( -9.6003065799975013E-008,  1.1586025770008125E-006) ( -9.6161037730274364E-008,  1.1587483543922462E-006) (  3.9405352263304967     , -16.051648996927856     )
   20.700430000000001        1.2500000000000000     
 ( -54.346932303360290     ,  202.02138877197439     ) ( -54.958771294740373     ,  200.63769980110806     )
 ( -1.1084586023570551     ,  13.808227249149315     ) (  1.5571754588540373E-007,  9.0445920862338208E-007) (  1.5555271782352566E-007,  9.0457695742743415E-007) (  2.4694671009081621     , -12.321150720083512     )
   20.750425000000000        1.2500000000000000     
 ( -50.097945481063576     ,  199.04024360314747     ) ( -50.737078644382684     ,  197.86054290465151     )
 (  1.5443836956427757     ,  11.443019487262537     ) (  5.2320729015872212E-007,  7.9296131155237381E-007) (  5.2303493987614983E-007,  7.9305609722944191E-007) (-0.14361007730437636     , -10.082481270026028     )
   20.800419999999999        1.2500000000000000     
 ( -44.564389457276924     ,  197.81259427317951     ) ( -45.495404385594107     ,  196.58958958382519     )
 (  5.5082266796401473     ,  10.750958553134430     ) (  1.0416533631062993E-006,  8.7386005172746773E-007) (  1.0414677815608006E-006,  8.7393173776328970E-007) ( -3.8083060465450909     , -9.2743838619078058     )
   20.850414999999998        1.2500000000000000     
 ( -37.329023218968366     ,  199.39682315248720     ) ( -38.817978690612122     ,  197.52125404098055     )
 (  11.168207740112027     ,  12.830754070068924     ) (  1.7385545417978906E-006,  1.3772183140054999E-006) (  1.7383460067377172E-006,  1.3772563753112958E-006) ( -8.9034482295023487     , -10.634099899563228     )
   20.900410000000001        1.2500000000000000     
 ( -29.404696596755326     ,  207.58874433105873     ) ( -30.972128494803655     ,  203.38773943848625     )
 (  17.461548944491291     ,  21.511416636494619     ) (  2.2139505939334487E-006,  2.8351616610564430E-006) (  2.2137471659387708E-006,  2.8350690451345444E-006) ( -15.106242079220182     , -16.926250820744169     )
   20.950405000000000        1.2500000000000000     
 ( -31.365818666965076     ,  225.63113339190997     ) ( -28.043926359359940     ,  218.39685476737012     )
 (  13.749643958032804     ,  40.058804249774177     ) (  8.2314633941835843E-007,  4.8737150590250189E-006) (  8.2296546881981988E-007,  4.8734964370995574E-006) ( -16.259948624220993     , -32.379005250038837     )
   21.000399999999999        1.2500000000000000     
 ( -52.737919713470909     ,  231.97723359839466     ) ( -44.406795694890015     ,  232.29873249766430     )
 ( -9.5774699308346030     ,  46.933675121636121     ) ( -1.7725777464255129E-006,  4.4660808254976341E-006) ( -1.7726258368179252E-006,  4.4658734058242231E-006) (  2.1010282444213968     , -46.744974195744888     )
   21.050394999999998        1.2500000000000000     
 ( -64.004471875488363     ,  219.04394121962341     ) ( -61.255717558399397     ,  222.58796921962249     )
 ( -23.117192670843650     ,  34.539309294317398     ) ( -2.5383884708729839E-006,  3.0260792354973031E-006) ( -2.5383417084526409E-006,  3.0258990762277677E-006) (  21.294886715540315     , -37.496634667719604     )
   21.100390000000001        1.2500000000000000     
 ( -63.558249262106465     ,  208.62654120689209     ) ( -62.778293257952981     ,  210.69112526908205     )
 ( -25.397201596494202     ,  24.628552860807453     ) ( -2.5921912967573166E-006,  2.1651299048201920E-006) ( -2.5921493890426066E-006,  2.1650121968901827E-006) (  25.656015590572743     , -26.003234932612983     )
   21.150385000000000        1.2500000000000000     
 ( -60.273080452545599     ,  202.43839553911309     ) ( -59.689518407890226     ,  203.67408556496375     )
 ( -25.475006436618873     ,  18.819421956287474     ) ( -2.5730466222000782E-006,  1.6502352353885002E-006) ( -2.5730057628839493E-006,  1.6501776067012454E-006) (  26.098408296543568     , -19.209690152940563     )
   21.200379999999999        1.2500000000000000     
 ( -56.262061492182745     ,  198.56352216310495     ) ( -55.538124583846937     ,  199.52690842974667     )
 ( -25.715269158034758     ,  15.002348806754279     ) ( -2.6044667259243562E-006,  1.2848619985972704E-006) ( -2.6044355452484226E-006,  1.2848082125503204E-006) (  26.441021007830219     , -14.864914744516387     )
   21.250374999999998        1.2500000000000000     
 ( -51.735263989051823     ,  196.15275952845786     ) ( -50.799993034923524     ,  197.16038308465133     )
 ( -26.639465151946219     ,  11.941551657804261     ) ( -2.7169071430699941E-006,  9.5602856188334926E-007) ( -2.7168873519091820E-006,  9.5596454916077604E-007) (  27.486390639107498     , -11.398685951198463     )
   21.300370000000001        1.2500000000000000     
 ( -46.546068230834322     ,  195.12101189575426     ) ( -45.384568375440281     ,  196.45742654256622     )
 ( -28.431779354385885     ,  8.7761939083293594     ) ( -2.9158416970779292E-006,  5.6364621744545011E-007) ( -2.9158357221041904E-006,  5.6355482688481911E-007) (  29.447925960528593     , -7.7268036076502264     )
   21.350365000000000        1.2500000000000000     
 ( -40.624836760375381     ,  195.99924275576038     ) ( -39.334472184217780     ,  198.07297412080482     )
 ( -31.089249894900238     ,  4.5245392926168106     ) ( -3.1574837878454105E-006, -2.2647600288500451E-008) ( -3.1575786449581392E-006, -2.2761737160899739E-008) (  32.210247441903739     , -2.6338310881676370     )
   21.400359999999999        1.2500000000000000     
 ( -34.564933506710943     ,  199.95949202876389     ) ( -33.684839186801057     ,  203.35101144740875     )
 ( -33.965716066145170     , -2.2142354478427833     ) ( -3.2486961988265478E-006, -9.4415611982228673E-007) ( -3.2488165269947442E-006, -9.4432579971677643E-007) (  34.670393812550969     ,  5.5020535675125837     )
   21.450354999999998        1.2500000000000000     
 ( -30.768154244509475     ,  208.19349919551919     ) ( -31.879291063692406     ,  212.99424427609452     )
 ( -34.615709241740660     , -12.754256706804862     ) ( -2.7601571624935124E-006, -2.1071982303937772E-006) ( -2.7602701870399207E-006, -2.1074553210771738E-006) (  33.324681155293334     ,  17.526792383078554     )
   21.500350000000001        1.2500000000000000     
 ( -33.922495282778414     ,  218.82575777515245     ) ( -38.618419069605864     ,  222.64842213433559     )
 ( -28.332603950131549     , -25.289581391344914     ) ( -1.4853229048616026E-006, -2.8087938511285435E-006) ( -1.4853591941119481E-006, -2.8091369190143184E-006) (  23.440019922048833     ,  29.161935432675261     )
   21.550345000000000        1.2500000000000000     
 ( -45.030222964754493     ,  223.70700897368803     ) ( -50.794557870669692     ,  223.47000747468766     )
 ( -14.120875130983322     , -31.713966722052472     ) ( -2.1480939374858707E-007, -2.4979404607726627E-006) ( -2.1430156132290363E-007, -2.4984983283083295E-006) (  8.1209186162345404     ,  31.604692253541238     )
   21.600339999999999        1.2500000000000000     
 ( -54.804131334613075     ,  218.49070599055565     ) ( -58.301880871000506     ,  215.89417186606184     )
 ( -1.2496972129886621     , -27.712494337070407     ) (  3.5746101677413349E-007, -1.7554576486216170E-006) (  3.5763769590206142E-007, -1.7557585713001550E-006) ( -2.5521772091147490     ,  25.314568829321562     )
   21.650334999999998        1.2500000000000000     
 ( -57.362890031755541     ,  209.89122679207026     ) ( -58.933610661763282     ,  207.31488028371848     )
 (  4.3548904025702013     , -20.027426925076838     ) (  4.2187642634774945E-007, -1.1431362682779684E-006) (  4.2209054153992442E-007, -1.1433703223929001E-006) ( -6.3281703279519617     ,  17.703507315470670     )
   21.700330000000001        1.2500000000000000     
 ( -54.975031386894756     ,  203.05152112511590     ) ( -55.708238269818857     ,  201.02930391797983     )
 (  4.9498146564052830     , -13.832768555140465     ) (  2.5718152075838538E-007, -7.5160500861520955E-007) (  2.5740712809992706E-007, -7.5178738232778356E-007) ( -6.2113998490662539     ,  12.089237062579478     )
   21.750325000000000        1.2500000000000000     
 ( -50.373034316723590     ,  198.75208979853105     ) ( -50.847238005134066     ,  197.16046013966181     )
 (  3.2480629113631507     , -9.9460917363645205     ) ( -1.9116960050393503E-008, -5.4008871849610664E-007) ( -1.8886255449620484E-008, -5.4023381951070274E-007) ( -4.3967035967297665     ,  8.6225536280990767     )
   21.800319999999999        1.2500000000000000     
 ( -44.689348008970150     ,  196.55545800234063     ) ( -45.206248825074283     ,  195.20280888188634     )
 ( 0.36925130814939711     , -7.9743666583707880     ) ( -3.9444429211373798E-007, -4.8150695173525496E-007) ( -3.9420498942952063E-007, -4.8162273326642146E-007) ( -1.7163930886282808     ,  6.8358542970970468     )
   21.850314999999998        1.2500000000000000     
 ( -37.915294150319120     ,  196.30750637369181     ) ( -38.767881841475067     ,  194.92564046855597     )
 ( -3.6959460817876990     , -7.8141926352555062     ) ( -9.2614414997822424E-007, -6.3286331508959229E-007) ( -9.2588562226103749E-007, -6.3294920909434031E-007) (  1.8600432653122754     ,  6.5466918227462081     )
   21.900310000000001        1.2500000000000000     
 ( -29.417352184515142     ,  199.29329323920908     ) ( -30.962122654537950     ,  197.12259433221067     )
 ( -9.5645722038333645     , -10.804220924318356     ) ( -1.6517809690979413E-006, -1.2962728849792623E-006) ( -1.6514861543765501E-006, -1.2963109143294333E-006) (  6.8986743167979032     ,  8.6045925911725742     )
   21.950305000000000        1.2500000000000000     
 ( -20.809585966552024     ,  210.50898165109092     ) ( -22.244454095662920     ,  205.20784782099113     )
 ( -15.583927862029450     , -21.991553512450640     ) ( -1.9428272704626700E-006, -3.1513384990351974E-006) ( -1.9425394240493773E-006, -3.1511854650176506E-006) (  12.915702996527722     ,  16.481684746891098     )
   22.000299999999999        1.2500000000000000     
 ( -27.497433865769189     ,  231.61927442382338     ) ( -21.153074753921089     ,  223.77581222919903     )
 ( -6.2906150782141941     , -43.084506374862173     ) (  3.4754774881975425E-007, -5.0941325116451375E-006) (  3.4775899050236267E-007, -5.0937800340356411E-006) (  11.320719913081112     ,  34.826290301964278     )
   22.050295000000002        1.2500000000000000     
 ( -51.538439601787736     ,  230.91599954589273     ) ( -43.488228843159646     ,  234.48332581299468     )
 (  20.459033393043885     , -42.402896861693527     ) (  2.7520370717154235E-006, -3.7484341713732802E-006) (  2.7520055546520842E-006, -3.7480873671285167E-006) ( -13.773601669411450     ,  45.334994050350844     )
   22.100290000000001        1.2500000000000000     
 ( -57.355789108319328     ,  216.46688302592767     ) ( -55.796992105476612     ,  220.20633501655988     )
 (  29.201054006668070     , -28.021674208711865     ) (  3.0603315705325056E-006, -2.3783897336952183E-006) (  3.0602409805026738E-006, -2.3781836033227889E-006) ( -29.036413956295380     ,  30.900536768387067     )
   22.150285000000000        1.2500000000000000     
 ( -54.728616921067619     ,  207.96578395930200     ) ( -54.298450845511852     ,  209.91069519196878     )
 (  29.862305247921924     , -19.611420794009945     ) (  3.0258444980462147E-006, -1.6748067972909133E-006) (  3.0257787215127778E-006, -1.6746748518164252E-006) ( -30.853206546881289     ,  20.468287130889333     )
   22.200279999999999        1.2500000000000000     
 ( -50.847950038474991     ,  203.19810391712238     ) ( -50.412045402347921     ,  204.41303127102174     )
 (  29.826549718910840     , -14.885662486454139     ) (  3.0110190614716767E-006, -1.2517021068457838E-006) (  3.0109739120228274E-006, -1.2516427612949845E-006) ( -30.865398229055867     ,  14.771821048885064     )
   22.250275000000002        1.2500000000000000     
 ( -46.651147341391209     ,  200.18927990182823     ) ( -46.044927361969201     ,  201.16508964449380     )
 (  30.305851418036426     , -11.706939341640398     ) (  3.0667958918824004E-006, -9.4082018559685596E-007) (  3.0667666590667008E-006, -9.4076450335916255E-007) ( -31.295102489686609     ,  11.061871323474657     )
   22.300270000000001        1.2500000000000000     
 ( -42.008817796577638     ,  198.26883016020955     ) ( -41.174138214873558     ,  199.26742439970522     )
 (  31.531912596061140     , -9.0589157326486731     ) (  3.2090587702405011E-006, -6.4941574558362870E-007) (  3.2090481795946252E-006, -6.4934744201250921E-007) ( -32.528509780555112     ,  7.9983875589399460     )
   22.350265000000000        1.2500000000000000     
 ( -36.620789931705481     ,  197.45342631246655     ) ( -35.498418913678890     ,  198.74607414865983     )
 (  33.654669091425312     , -6.2153318138955820     ) (  3.4474357096741629E-006, -2.8449196929485849E-007) (  3.4474494444676300E-006, -2.8438964017324776E-007) ( -34.738767183599492     ,  4.6456832141875495     )
   22.400259999999999        1.2500000000000000     
 ( -30.257135208944199     ,  198.37786470277771     ) ( -28.867514282720741     ,  200.43509671197310     )
 (  36.761035036750265     , -2.2244521250897247     ) (  3.7491375599722348E-006,  2.9915695554375275E-007) (  3.7492663825197225E-006,  2.9929319730328028E-007) ( -37.927696164961752     ,-0.22348795127915422     )
   22.450255000000002        1.2500000000000000     
 ( -23.341816193079744     ,  202.50322051160884     ) ( -22.212065982559267     ,  206.14453471787411     )
 (  40.342544245541738     ,  4.5188041431391808     ) (  3.9003778045141976E-006,  1.2958117675574806E-006) (  3.9005490271319671E-006,  1.2960263809065804E-006) ( -41.077653374433758     , -8.5953601385992808     )
   22.500250000000001        1.2500000000000000     
 ( -18.500533107005381     ,  211.68938404448224     ) ( -19.720685721204099     ,  217.31945601031114     )
 (  41.710949268721691     ,  15.934134992395650     ) (  3.3283207842220755E-006,  2.6213128651069093E-006) (  3.3284867638658391E-006,  2.6216615284844135E-006) ( -39.939143108093404     , -21.990861434357495     )
   22.550245000000000        1.2500000000000000     
 ( -21.975873143930819     ,  224.19405113939419     ) ( -28.000290147850045     ,  228.43023346605787     )
 (  34.595265260558207     ,  30.296308294785451     ) (  1.7579005779665057E-006,  3.2831516658328871E-006) (  1.7579423056520411E-006,  3.2836346185991367E-006) ( -27.881100164739749     , -34.908470340163895     )
   22.600239999999999        1.2500000000000000     
 ( -35.334916188216120     ,  228.81860897031979     ) ( -41.937850808698009     ,  227.44255346650004     )
 (  17.423833525710464     ,  36.401770711503460     ) (  4.1985177340787613E-007,  2.6547209205451244E-006) (  4.1969800603472761E-007,  2.6552055661500515E-006) ( -10.016392022969697     , -35.318910671731686     )
   22.650235000000002        1.2500000000000000     
 ( -44.946761893784455     ,  220.91769946352301     ) ( -48.070541563696032     ,  217.47164385749255     )
 (  3.8430553361722439     ,  29.590736712791909     ) (  1.6573057018217452E-008,  1.7569824622480966E-006) (  1.6302920189560760E-008,  1.7573631816349408E-006) ( 0.17376691427266286     , -26.332980570666578     )
   22.700230000000001        1.2500000000000000     
 ( -45.154369206886649     ,  211.12633559355515     ) ( -46.266159904529999     ,  208.36406270732888     )
 (-0.45746780759763028     ,  20.483220041676038     ) (  8.3546309310835424E-008,  1.1442939328606338E-006) (  8.3242019687407168E-008,  1.1445757660768604E-006) (  2.5242563720116045     , -17.791970838304479     )
   22.750225000000000        1.2500000000000000     
 ( -40.493072393821784     ,  204.57675301856739     ) ( -40.997097534670488     ,  202.60844441088091     )
 (  3.3097295838630338E-002,  14.203076485106834     ) (  3.1375769062015878E-007,  7.9284577506898404E-007) (  3.1344889449614585E-007,  7.9305987399201820E-007) (  1.4637037124829428     , -12.184725845913979     )
   22.800219999999999        1.2500000000000000     
 ( -34.077269206232728     ,  201.18185611725798     ) ( -34.507071941979383     ,  199.66476900668275     )
 (  2.2554740459279841     ,  10.667416799908803     ) (  6.1723266691048663E-007,  6.2721705125910486E-007) (  6.1692223895133962E-007,  6.2738528497523149E-007) (-0.81453853379524699     , -8.9819332146202342     )
   22.850215000000002        1.2500000000000000     
 ( -26.893893087466925     ,  200.17663988587381     ) ( -27.492316197828817     ,  198.84143236301142     )
 (  5.2804784291489426     ,  9.1324451065334529     ) (  1.0037508748043301E-006,  6.1693042948699633E-007) (  1.0034297498649598E-006,  6.1706311861629750E-007) ( -3.6657920914937039     , -7.5170206367159134     )
   22.900210000000001        1.2500000000000000     
 ( -18.739697610480178     ,  201.39807462925592     ) ( -19.805297037788829     ,  199.91248549189714     )
 (  9.3637770947678813     ,  9.4755699929395103     ) (  1.5560869843214234E-006,  8.4484101595044441E-007) (  1.5557366257887983E-006,  8.4493510763784189E-007) ( -7.2834703165985575     , -7.6054699109682105     )
   22.950205000000000        1.2500000000000000     
 ( -8.8208905241230902     ,  206.68270014415518     ) ( -10.759426665885496     ,  203.98301129826322     )
 (  15.336008349195179     ,  13.591739170936934     ) (  2.2889930640138582E-006,  1.7407597671620567E-006) (  2.2886721357023403E-006,  1.7406827764203552E-006) ( -12.385005872812998     , -10.409504830365751     )
   23.000200000000000        1.2500000000000000     
 (-0.63595084413176795     ,  222.75206529434629     ) ( -1.5767008571088950     ,  215.47595891621842     )
 (  19.715367161555317     ,  28.276316371080775     ) (  2.0702256260878628E-006,  4.0769367782025240E-006) (  2.0698325764810441E-006,  4.0766659500014118E-006) ( -17.760064837685903     , -20.422831828709935     )
   23.050195000000002        1.2500000000000000     
 ( -16.062092597673740     ,  244.22929826179643     ) ( -5.1278797135326180     ,  238.13359474380110     )
 ( 0.60692611935752716     ,  48.231562068824090     ) ( -1.2960596546252784E-006,  5.1040313579080582E-006) ( -1.2962312404963577E-006,  5.1034879685361887E-006) ( -10.515565356753234     , -41.463317200549859     )
   23.100190000000001        1.2500000000000000     
 ( -36.683712837964421     ,  234.07071177715122     ) ( -31.523502197680077     ,  239.78666666151227     )
 ( -23.628340425178777     ,  36.489867945475744     ) ( -2.7683077119980436E-006,  3.0210992670009264E-006) ( -2.7681771626104088E-006,  3.0207070370697940E-006) (  19.519011545805895     , -41.433650864078650     )
   23.150185000000000        1.2500000000000000     
 ( -36.656262720951545     ,  222.06769452661263     ) ( -36.032469237458074     ,  225.03925585491683     )
 ( -27.243760441790496     ,  22.903477072316313     ) ( -2.7775050301224093E-006,  1.9139868926181241E-006) ( -2.7773696453381684E-006,  1.9137711374301301E-006) (  27.718552660087632     , -24.993205509777020     )
   23.200180000000000        1.2500000000000000     
 ( -32.829790540459939     ,  216.60520954711478     ) ( -32.454493759192893     ,  218.06395811927544     )
 ( -27.237609453717095     ,  15.888924035585932     ) ( -2.7376187515364825E-006,  1.3266170852056788E-006) ( -2.7375304685321688E-006,  1.3264767457196811E-006) (  28.044464253537235     , -16.336424841241623     )
   23.250175000000002        1.2500000000000000     
 ( -28.849610316934129     ,  213.83750208245721     ) ( -28.273294662228011     ,  214.81240894686519     )
 ( -27.462204394266490     ,  11.582367633308200     ) ( -2.7601656226537111E-006,  9.3351275181475837E-007) ( -2.7601180005095468E-006,  9.3345388159481230E-007) (  28.209842591685984     , -11.376883146831654     )
   23.300170000000001        1.2500000000000000     
 ( -24.789921889900675     ,  212.24591802112681     ) ( -23.984918468775611     ,  213.12460427937353     )
 ( -28.299987608527772     ,  8.3550326111620326     ) ( -2.8564064753725994E-006,  6.1595937807066641E-007) ( -2.8563813528743921E-006,  6.1590235250601945E-007) (  29.054460621578464     , -7.8011209806212474     )
   23.350165000000001        1.2500000000000000     
 ( -20.325755652218056     ,  211.39950267328743     ) ( -19.263800134112739     ,  212.40046899694590     )
 ( -29.847432729838175     ,  5.4823461674168756     ) ( -3.0387681203352285E-006,  3.0324093380414100E-007) ( -3.0387702074720430E-006,  3.0316758331011756E-007) (  30.726815630083138     , -4.6148516326773539     )
   23.400160000000003        1.2500000000000000     
 ( -15.063466994809518     ,  211.42101895943077     ) ( -13.677758209799203     ,  212.80758943034610     )
 ( -32.285354228082696     ,  2.3773759331137994     ) ( -3.3253743935075859E-006, -9.2119291537773478E-008) ( -3.3254144542178578E-006, -9.2235814866692827E-008) (  33.419101101586030     , -1.0310589145047730     )
   23.450154999999999        1.2500000000000000     
 ( -8.6493064458843545     ,  213.04927872137119     ) ( -6.9222969779307677     ,  215.35337721848452     )
 ( -35.819656000527750     , -1.8958262275236473     ) ( -3.6944794034466590E-006, -7.3543235296718258E-007) ( -3.6946527615340628E-006, -7.3559602969498332E-007) (  37.261416491001661     ,  4.2173012337067579     )
   23.500149999999998        1.2500000000000000     
 ( -1.3860540226902265     ,  218.04960102747893     ) ( 0.10411322516145981     ,  222.35752643525268     )
 ( -40.071654393735422     , -9.1848743354566924     ) ( -3.8941689728051518E-006, -1.8836815907428422E-006) ( -3.8944072512187146E-006, -1.8839566871434336E-006) (  41.259556026441878     ,  13.559945829146885     )
   23.550145000000001        1.2500000000000000     
 (  3.7112205624041255     ,  228.96754042997230     ) (  2.0686921420022406     ,  235.95845401727277     )
 ( -41.969500262560885     , -22.061625080456320     ) ( -3.1496603613029648E-006, -3.4159352153005122E-006) ( -3.1498897610503571E-006, -3.4164146269258683E-006) (  40.007939570510757     ,  29.173064453416671     )
   23.600140000000000        1.2500000000000000     
 ( -1.6193817849145600     ,  243.76462964061295     ) ( -9.6941350724391491     ,  248.11661732454300     )
 ( -33.224982318666427     , -38.485462257436545     ) ( -1.2433893085880467E-006, -3.8823518333543049E-006) ( -1.2434065610507019E-006, -3.8830240647481647E-006) (  24.801724545429479     ,  43.017613245427100     )
   23.650134999999999        1.2500000000000000     
 ( -18.256835354456840     ,  246.69058022051058     ) ( -25.237136462613972     ,  243.71465385091568     )
 ( -12.951781663082023     , -42.688231748353552     ) ( -7.6175480200131492E-008, -2.8813048973058930E-006) ( -7.5902630724681072E-008, -2.8819260501625856E-006) (  5.5705715135707434     ,  39.954974948392056     )
   23.700129999999998        1.2500000000000000     
 ( -26.473577524788521     ,  235.76431790205362     ) ( -28.957508808391143     ,  231.88601914636692     )
 (-0.88606304807433123     , -32.662800394890553     ) (  2.6203337690649848E-008, -1.9790698304290297E-006) (  2.6599499768797747E-008, -1.9795163755562699E-006) ( -2.0811932701727187     ,  29.084790361851454     )
   23.750125000000001        1.2500000000000000     
 ( -24.097450118593425     ,  225.93982424938463     ) ( -24.977682398960408     ,  223.33307682775518     )
 ( 0.77693613712794218     , -23.334466847681000     ) ( -2.0368250452048244E-007, -1.4784566494605419E-006) ( -2.0326964112597012E-007, -1.4787726898280533E-006) ( -2.2561441800648074     ,  21.069968728350783     )
   23.800120000000000        1.2500000000000000     
 ( -17.773180438223992     ,  220.53786304306303     ) ( -18.400757484440888     ,  218.70832043510146     )
 ( -1.3544873654383371     , -17.997735132022566     ) ( -5.2652104728469557E-007, -1.2410148070968272E-006) ( -5.2611528156235924E-007, -1.2412504722818047E-006) ( -1.9735836251116107E-002,  16.524468647590343     )
   23.850114999999999        1.2500000000000000     
 ( -10.270056730572959     ,  218.51275752505319     ) ( -10.980739308709550     ,  216.95943227762564     )
 ( -4.5590764097094203     , -15.588215573470210     ) ( -8.9659276381849675E-007, -1.1864759574724488E-006) ( -8.9618881421052969E-007, -1.1866591380629297E-006) (  2.9279525481375801     ,  14.365122606826995     )
   23.900109999999998        1.2500000000000000     
 ( -2.2163292623764344     ,  219.00146478558187     ) ( -3.1402319161943275     ,  217.43228931469389     )
 ( -8.2650163315875176     , -15.236732776208497     ) ( -1.3449703330812930E-006, -1.2996728910226427E-006) ( -1.3445506852927009E-006, -1.2998142368300142E-006) (  6.2310952663299011     ,  13.921403394699873     )
   23.950105000000001        1.2500000000000000     
 (  6.8292634062842499     ,  222.06889214430961     ) (  5.3940523103138167     ,  220.09717913084378     )
 ( -12.973205591592322     , -17.019091286643608     ) ( -1.9733490010904419E-006, -1.7209155297809229E-006) ( -1.9728826088703524E-006, -1.7210048017289147E-006) (  10.236569868234575     ,  15.167698142360573     )
   24.000100000000000        1.2500000000000000     
 (  17.570654056660402     ,  230.68684732165468     ) (  15.249804252577499     ,  226.70562279682244     )
 ( -19.441559092786715     , -23.937373424624262     ) ( -2.6667067583911246E-006, -3.0916473295267501E-006) ( -2.6662549980443407E-006, -3.0914977870347987E-006) (  15.642188829710650     ,  19.883990831988669     )
   24.050094999999999        1.2500000000000000     
 (  21.646175237904426     ,  253.14393474333573     ) (  23.281601799571831     ,  242.81936355251904     )
 ( -19.352490540561398     , -44.331972642973668     ) ( -1.3251741471077190E-006, -5.8584409155885803E-006) ( -1.3246867248822544E-006, -5.8579395352103007E-006) (  19.362959058108522     ,  33.687571314018385     )
   24.100089999999998        1.2500000000000000     
 ( -4.3224135144188800     ,  266.27626991116273     ) (  9.4589778602012302     ,  267.21013458573708     )
 (  10.655854451959524     , -55.105980885020259     ) (  2.3195662273935105E-006, -4.9894541710096572E-006) (  2.3195537190707333E-006, -4.9887331706879458E-006) (  1.3984514360126539     ,  55.427308261016449     )
   24.150085000000001        1.2500000000000000     
 ( -14.358600070212203     ,  250.77972754337139     ) ( -12.344557261091740     ,  255.94493060298410     )
 (  24.624817257096819     , -37.031817181012542     ) (  2.6415586168532430E-006, -3.1319944021163608E-006) (  2.6413293786950232E-006, -3.1316128027987303E-006) ( -24.387996363412238     ,  41.262039100341262     )
   24.200080000000000        1.2500000000000000     
 ( -11.137934379206321     ,  243.43460056825521     ) ( -10.703925255254990     ,  245.52412936015142     )
 (  25.293713045288243     , -26.963693622418425     ) (  2.5760285432490229E-006, -2.3507820151704566E-006) (  2.5758571269391299E-006, -2.3505705396069029E-006) ( -26.637387681729319     ,  27.784028301264897     )
   24.250074999999999        1.2500000000000000     
 ( -7.3431636033621572     ,  240.81400552209797     ) ( -6.7380720742359239     ,  242.00772063646679     )
 (  25.466583720482205     , -21.529999749674428     ) (  2.5768723126777786E-006, -1.8718248454523353E-006) (  2.5767667422847334E-006, -1.8716807590836076E-006) ( -26.606661552117256     ,  21.124024670762807     )
   24.300069999999998        1.2500000000000000     
 ( -3.8263594935881318     ,  239.81892721634330     ) ( -3.0315671087626193     ,  240.81053847168931     )
 (  26.185175171835187     , -17.645501141781551     ) (  2.6417177011062270E-006, -1.5011042950024203E-006) (  2.6416705481170286E-006, -1.5010463017156450E-006) ( -27.106280210841096     ,  16.714285334227164     )
   24.350065000000001        1.2500000000000000     
 (-0.25255136238437076     ,  239.52288877272900     ) ( 0.69350191431448971     ,  240.54252788099691     )
 (  27.423980362460856     , -14.311299791581268     ) (  2.7681805723566075E-006, -1.1666499585173291E-006) (  2.7681625368516405E-006, -1.1665900812561537E-006) ( -28.229317691779144     ,  13.066670220007818     )
   24.400060000000000        1.2500000000000000     
 (  3.7706453875237624     ,  239.72463492442620     ) (  4.9030372977445440     ,  240.91157356831152     )
 (  29.239294031896907     , -11.072800123651199     ) (  2.9718591046720509E-006, -8.1676788898645377E-007) (  2.9718784928683212E-006, -8.1668578079643854E-007) ( -30.053733478470484     ,  9.5384733933559023     )
   24.450054999999999        1.2500000000000000     
 (  8.6866258352217578     ,  240.65187262920131     ) (  10.120452633881509     ,  242.24040576805041     )
 (  31.862833972412712     , -7.4641904065277842     ) (  3.2812979415772685E-006, -3.6599675938162949E-007) (  3.2814385169185928E-006, -3.6586340605715401E-007) ( -32.848611082639621     ,  5.4758436575149805     )
   24.500049999999998        1.2500000000000000     
 (  14.910928688531939     ,  243.16809203425260     ) (  16.746989054999862     ,  245.76903157206343     )
 (  35.604490204040303     , -2.5389626171684303     ) (  3.6817144422216765E-006,  3.8125359820974042E-007) (  3.6819470609479915E-006,  3.8145506133166603E-007) ( -36.885427010422760     ,-0.47867090756474145     )
   24.550045000000001        1.2500000000000000     
 (  22.194505900985316     ,  249.41328571385205     ) (  23.765097457855148     ,  254.49362155019563     )
 (  40.146639825128332     ,  5.8593500453687195     ) (  3.8418259154679174E-006,  1.7564268547080325E-006) (  3.8421516582485152E-006,  1.7567910916138302E-006) ( -41.065114417584795     , -11.350206341806194     )
   24.600040000000000        1.2500000000000000     
 (  26.762110052114512     ,  262.64181873188767     ) (  23.836152017266304     ,  271.01909883436463     )
 (  41.682455631151022     ,  20.971714629527256     ) (  2.6958888117020379E-006,  3.4737073739951517E-006) (  2.6961805020054620E-006,  3.4743833248978725E-006) ( -38.011414211440787     , -29.734498756135437     )
   24.650034999999999        1.2500000000000000     
 (  17.561440609705507     ,  279.44317178510084     ) (  6.8809981658728612     ,  282.18847685332315     )
 (  29.149023974138245     ,  39.358634839089746     ) (  4.5940966731071314E-007,  3.4304822986340067E-006) (  4.5932717484095563E-007,  3.4313947036291141E-006) ( -17.632673099618138     , -42.446565318527227     )
   24.700029999999998        1.2500000000000000     
 ( -1.9939946915728073     ,  277.80875644372162     ) ( -7.9321144682014104     ,  272.73032826708209     )
 (  5.9648178566236352     ,  38.973950602471319     ) ( -2.7418588376542523E-007,  2.1514951469525957E-006) ( -2.7464495839636262E-007,  2.1522271336493913E-006) ( 0.89721686576093806     , -34.177538780271782     )
   24.750025000000001        1.2500000000000000     
 ( -6.6777734145564382     ,  264.65683475562520     ) ( -8.0493572228312473     ,  260.72571177437658     )
 ( -2.6254018637863066     ,  26.693727163005146     ) ( -1.2531493300778521E-007,  1.4261557611307124E-006) ( -1.2586217818663598E-007,  1.4266359846910043E-006) (  5.0040845210936284     , -22.966814336799008     )
   24.800020000000000        1.2500000000000000     
 ( -1.9083981207976659     ,  256.25484114327668     ) ( -2.4065415043664520     ,  253.95576020808664     )
 ( -2.0090032551041896     ,  18.741848197050629     ) (  1.7513042283779915E-007,  1.1029962077696588E-006) (  1.7459648020383531E-007,  1.1033257861408233E-006) (  3.5903157417309721     , -16.553353535316141     )
   24.850014999999999        1.2500000000000000     
 (  5.3519784208100667     ,  252.65674021133515     ) (  4.7590022352440089     ,  251.04579675166727     )
 ( 0.89583334436811357     ,  15.130821996861716     ) (  5.2424948320156359E-007,  1.0102411983901703E-006) (  5.2373518663017622E-007,  1.0104842382775224E-006) ( 0.84756004769319304     , -13.523170465592791     )
   24.900009999999998        1.2500000000000000     
 (  13.319131719225874     ,  252.30826052256643     ) (  12.477767536476483     ,  250.82905633844220     )
 (  4.3615416187602438     ,  14.271154330878742     ) (  9.1936943479029817E-007,  1.0965823084119746E-006) (  9.1885754118081404E-007,  1.0967683642198085E-006) ( -2.3118876979628906     , -12.676680348864178     )
   24.950005000000001        1.2500000000000000     
 (  21.655932789174262     ,  254.53709503640815     ) (  20.504216252340623     ,  252.87278076283982     )
 (  8.1507226335283853     ,  15.466730679274265     ) (  1.3954171082425621E-006,  1.3803256478321966E-006) (  1.3920656147774504E-006,  1.3802496203924339E-006) ( -5.7431618054873965     , -13.559425170750057     )
   25.000000000000000        1.2500000000000000     
 (  31.418854702158388     ,  260.11411834106616     ) (  29.564096595998713     ,  257.65709880624041     )
 (  13.300386822969621     ,  19.479575287540449     ) (  2.0947383954694414E-006,  2.1420301144360608E-006) (  2.0942844822666979E-006,  2.1419509723284646E-006) ( -10.145827823825734     , -16.643072840658558     )
