   99.930833333333339     
   243.16000000000000     
   1.7645502664406869        1.9259504124427822E-004
         501           1
 
   62.000000000000000        62.000000000000000     
   2.5000000000000001E-003   1.2500000000000000     
 (  2.4351401398947975E-011,  4.3916187057751722E-015) (  2.6537190904359668E-011,  5.2035353258694953E-015)
 (  2.4351401062453118E-011,  4.3916186187347543E-015) (  1.2458453971569869E-018,  2.4429113566463372E-022) (  1.2458453971569868E-018,  2.4429113566463339E-022) ( -2.6537190543457458E-011, -5.2035352274337394E-015)
   5.2495000000000000E-002   1.2500000000000000     
 (  2.2545482286796114E-007,  4.0661653333663795E-011) (  2.4569182371131007E-007,  4.8179152845608539E-011)
 (  2.2545344924337087E-007,  4.0661298020398272E-011) (  1.1534462497934427E-014,  2.2618556872925795E-018) (  1.1534462497934420E-014,  2.2618556872925787E-018) ( -2.4569035045230895E-007, -4.8178751014687353E-011)
  0.10249000000000000        1.2500000000000000     
 (  1.6778578677513788E-006,  3.0271457433600893E-010) (  1.8284655696333351E-006,  3.5868086982836141E-010)
 (  1.6778189017610476E-006,  3.0270449500982397E-010) (  8.5839320156549989E-014,  1.6838530100678332E-017) (  8.5839320156549938E-014,  1.6838530100678326E-017) ( -1.8284237772684064E-006, -3.5866947090655870E-010)
  0.15248500000000001        1.2500000000000000     
 (  5.5258652320811983E-006,  9.9787658836125820E-010) (  6.0218872357769667E-006,  1.1823687840065197E-009)
 (  5.5255811697001505E-006,  9.9780310932225970E-010) (  2.8269641273421464E-013,  5.5505097613614764E-017) (  2.8269641273421449E-013,  5.5505097613614739E-017) ( -6.0215825688718810E-006, -1.1822856849075629E-009)
  0.20247999999999999        1.2500000000000000     
 (  1.2938285289371346E-005,  2.3405322663890538E-009) (  1.4099707322461085E-005,  2.7732719021857516E-009)
 (  1.2937112585018006E-005,  2.3402289165357540E-009) (  6.6188317921619726E-013,  1.3018174813835118E-016) (  6.6188317921619705E-013,  1.3018174813835111E-016) ( -1.4098449554476662E-005, -2.7729288363666518E-009)
  0.25247500000000000        1.2500000000000000     
 (  2.5084192640485058E-005,  4.5506970251084379E-009) (  2.7335990713319015E-005,  5.3920998299420042E-009)
 (  2.5080657802606172E-005,  4.5497826343155277E-009) (  1.2831723833416108E-012,  2.5309711426245715E-016) (  1.2831723833416100E-012,  2.5309711426245695E-016) ( -2.7332199466515921E-005, -5.3910657204246398E-009)
  0.30247000000000002        1.2500000000000000     
 (  4.3133009012306711E-005,  7.8581241302089385E-009) (  4.7005213802583603E-005,  9.3111127726374619E-009)
 (  4.3124285551775350E-005,  7.8558675030187891E-009) (  2.2063303014282082E-012,  4.3701520084031591E-016) (  2.2063303014282058E-012,  4.3701520084031537E-016) ( -4.6995857548061763E-005, -9.3085606838391471E-009)
  0.35246499999999997        1.2500000000000000     
 (  6.8254599009780960E-005,  1.2507561677722001E-008) (  7.4382385084560099E-005,  1.4820353242428947E-008)
 (  6.8235855243599166E-005,  1.2502712833882890E-008) (  3.4911160116864205E-012,  6.9552624223547381E-016) (  3.4911160116864157E-012,  6.9552624223547203E-016) ( -7.4362281620734359E-005, -1.4814869517812928E-008)
  0.40245999999999998        1.2500000000000000     
 (  1.0161933944719007E-004,  1.8765156923295919E-008) (  1.1074311540619998E-004,  2.2235240059317877E-008)
 (  1.0158295715877279E-004,  1.8755744891494859E-008) (  5.1972783202142162E-012,  1.0434015145977855E-015) (  5.1972783202142041E-012,  1.0434015145977804E-015) ( -1.1070409381223717E-004, -2.2224595626081920E-008)
  0.45245499999999994        1.2500000000000000     
 (  1.4439823774928289E-004,  2.6926011532995729E-008) (  1.5736376213427124E-004,  3.1905524294360587E-008)
 (  1.4433290170557110E-004,  2.6909108682331415E-008) (  7.3845561572751532E-012,  1.4970120866374895E-015) (  7.3845561572751242E-012,  1.4970120866374739E-015) ( -1.5729368619901823E-004, -3.1886408116389781E-008)
  0.50244999999999995        1.2500000000000000     
 (  1.9776298209492736E-004,  3.7322880423799936E-008) (  2.1552150823853154E-004,  4.4225610150893827E-008)
 (  1.9765264042307862E-004,  3.7294333306973045E-008) (  1.0112675917857965E-011,  2.0748116489009231E-015) (  1.0112675917857892E-011,  2.0748116489008848E-015) ( -2.1540316136532781E-004, -4.4193324796551684E-008)
  0.55244499999999985        1.2500000000000000     
 (  2.6288604565989556E-004,  5.0336040930068594E-008) (  2.8649442783931902E-004,  5.9646248477244690E-008)
 (  2.6270874110236693E-004,  5.0290167617294860E-008) (  1.3441348166592691E-011,  2.7978837829806361E-015) (  1.3441348166592512E-011,  2.7978837829805486E-015) ( -2.8630425939744116E-004, -5.9594367773032541E-008)
  0.60243999999999998        1.2500000000000000     
 (  3.4094076313487980E-004,  6.6404293174543481E-008) (  3.7156166565699634E-004,  7.8687584613065423E-008)
 (  3.4066733515055023E-004,  6.6333547038759938E-008) (  1.7430269690686553E-011,  3.6905528107867833E-015) (  1.7430269690686162E-011,  3.6905528107865940E-015) ( -3.7126839882138240E-004, -7.8607573338291073E-008)
  0.65243499999999988        1.2500000000000000     
 (  4.3310145034484684E-004,  8.6037111387273215E-008) (  4.7200352428583965E-004,  1.0195359622635312E-007)
 (  4.3269410808533996E-004,  8.5931711290285155E-008) (  2.2139121223408902E-011,  4.7810598973835571E-015) (  2.2139121223408123E-011,  4.7810598973831729E-015) ( -4.7156662531417536E-004, -1.0183439178842263E-007)
  0.70242999999999989        1.2500000000000000     
 (  5.4054343818709912E-004,  1.0982798680421101E-007) (  5.8910150806611215E-004,  1.3014787598897540E-007)
 (  5.3995420437554474E-004,  1.0967551366645885E-007) (  2.7627563133946405E-011,  6.1023022883760282E-015) (  2.7627563133944912E-011,  6.1023022883752772E-015) ( -5.8846951705296099E-004, -1.2997543202867503E-007)
  0.75242499999999990        1.2500000000000000     
 (  6.6444321878876382E-004,  1.3846888134398978E-007) (  7.2413845378755456E-004,  1.6409082786224322E-007)
 (  6.6361224441471866E-004,  1.3825384096186199E-007) (  3.3955235188162277E-011,  7.6926389059872820E-015) (  3.3955235188159492E-011,  7.6926389059858905E-015) ( -7.2324717684526271E-004, -1.6384761967227541E-007)
  0.80241999999999991        1.2500000000000000     
 (  8.0597840809276677E-004,  1.7276585208213482E-007) (  8.7839859631809100E-004,  2.0473818410326792E-007)
 (  8.0483215809309049E-004,  1.7246920418302797E-007) (  4.1181753261501161E-011,  9.5967579485236939E-015) (  4.1181753261496262E-011,  9.5967579485212027E-015) ( -8.7716915918869078E-004, -2.0440267581848118E-007)
  0.85241499999999992        1.2500000000000000     
 (  9.6632809692433696E-004,  2.1365588514354347E-007) (  1.0531679380191377E-003,  2.5320099922585370E-007)
 (  9.6477740661518596E-004,  2.1325453850878334E-007) (  4.9366720299653001E-011,  1.1866613818197508E-014) (  4.9366720299644581E-011,  1.1866613818193221E-014) ( -1.0515047010827001E-003, -2.5274707253355034E-007)
  0.90240999999999982        1.2500000000000000     
 (  1.1466726068705723E-003,  2.6222477201614088E-007) (  1.2497338369506887E-003,  3.1076685042053082E-007)
 (  1.1446106094249583E-003,  2.6169104562655158E-007) (  5.8569700630867252E-011,  1.4562420688758646E-014) (  5.8569700630852932E-011,  1.4562420688751499E-014) ( -1.2475221719201190E-003, -3.1016319484970360E-007)
  0.95240499999999984        1.2500000000000000     
 (  1.3481937517629951E-003,  3.1972631410345998E-007) (  1.4693855067601320E-003,  3.7892267892368729E-007)
 (  1.3454936762704009E-003,  3.1902736397715106E-007) (  6.8850237036792387E-011,  1.7753723091406404E-014) (  6.8850237036769084E-011,  1.7753723091394785E-014) ( -1.4664894342593048E-003, -3.7813214321645149E-007)
   1.0024000000000000        1.2500000000000000     
 (  1.5720748963287026E-003,  3.8760252124366421E-007) (  1.7134142123272737E-003,  4.5937880572539534E-007)
 (  1.5685877375546963E-003,  3.8669973310931106E-007) (  8.0267853589253734E-011,  2.1520521637421804E-014) (  8.0267853589217351E-011,  2.1520521637403465E-014) ( -1.7096739014061770E-003, -4.5835771031737534E-007)
   1.0523950000000000        1.2500000000000000     
 (  1.8195012740336071E-003,  4.6750514847860422E-007) (  1.9831126413392478E-003,  5.5409440763401661E-007)
 (  1.8150533316622132E-003,  4.6635349552577528E-007) (  9.2882019750429486E-011,  2.5954467271657370E-014) (  9.2882019750372888E-011,  2.5954467271628895E-014) ( -1.9783417701163099E-003, -5.5279181793623196E-007)
   1.1023899999999998        1.2500000000000000     
 (  2.0916594770725356E-003,  5.6131820610071275E-007) (  2.2797763584945989E-003,  6.6530441130201110E-007)
 (  2.0860497673232986E-003,  5.5986557196400520E-007) (  1.0675221229864865E-010,  3.1160122089378300E-014) (  1.0675221229856268E-010,  3.1160122089334900E-014) ( -2.2737593365278947E-003, -6.6366137107296421E-007)
   1.1523849999999998        1.2500000000000000     
 (  2.3897379885283077E-003,  6.7118179933650191E-007) (  2.6047023097852213E-003,  7.9554784689795241E-007)
 (  2.3827355260994903E-003,  6.6936826612197261E-007) (  1.2193783869704034E-010,  3.7256288668041219E-014) (  1.2193783869691228E-010,  3.7256288667976664E-014) ( -2.5971913604926834E-003, -7.9349657200425767E-007)
   1.2023800000000000        1.2500000000000000     
 (  2.7149276497819468E-003,  7.9951712894612110E-007) (  2.9591901019646876E-003,  9.4769734407774137E-007)
 (  2.7062686006191525E-003,  7.9727422913803215E-007) (  1.3849829084161039E-010,  4.4377392986836498E-014) (  1.3849829084142187E-010,  4.4377392986742124E-014) ( -2.9499022092005439E-003, -9.4516037544245349E-007)
   1.2523750000000000        1.2500000000000000     
 (  3.0684205278616880E-003,  9.4905268814852432E-007) (  3.3445415496611750E-003,  1.1249905323424372E-006)
 (  3.0578052321270873E-003,  9.4630262041395350E-007) (  1.5649291734207299E-010,  5.2674956731116863E-014) (  1.5649291734180123E-010,  5.2674956730980131E-014) ( -3.3331552618450513E-003, -1.1218798477606808E-006)
   1.3023699999999998        1.2500000000000000     
 (  3.4514113702196975E-003,  1.1228512405406167E-006) (  3.7620609126476773E-003,  1.3310622861608766E-006)
 (  3.4385012381016647E-003,  1.1195060493453286E-006) (  1.7598102837974119E-010,  6.2319109255928713E-014) (  1.7598102837935381E-010,  6.2319109255734086E-014) ( -3.7482130124678564E-003, -1.3272783707088881E-006)
   1.3523649999999998        1.2500000000000000     
 (  3.8650971080211390E-003,  1.3243388282256705E-006) (  4.2130554847979000E-003,  1.5699788323462276E-006)
 (  3.8495113852367491E-003,  1.3202995456160846E-006) (  1.9702191693144751E-010,  7.3500186881467755E-014) (  1.9702191693090720E-010,  7.3500186881194367E-014) ( -4.1963375156777311E-003, -1.5654097054968429E-006)
   1.4023599999999998        1.2500000000000000     
 (  4.3106763442507350E-003,  1.5573341164610396E-006) (  4.6988342694579436E-003,  1.8462730826081125E-006)
 (  4.2919887471336727E-003,  1.5524898657170733E-006) (  2.1967479017785455E-010,  8.6430389730035046E-014) (  2.1967479017710414E-010,  8.6430389729656393E-014) ( -4.6787889275558383E-003, -1.8407932825918539E-006)
   1.4523549999999998        1.2500000000000000     
 (  4.7893500698634860E-003,  1.8260794906317798E-006) (  5.2207097832782561E-003,  2.1649813193068780E-006)
 (  4.7670852946503769E-003,  1.8203065510906587E-006) (  2.4399884782689348E-010,  1.0134550200622003E-013) (  2.4399884782586565E-010,  1.0134550200569963E-013) ( -5.1968271665037320E-003, -2.1584508428414907E-006)
   1.5023499999999999        1.2500000000000000     
 (  5.3023227357901249E-003,  2.1352725080781315E-006) (  5.7799977720162394E-003,  2.5316814883510291E-006)
 (  5.2759528358604663E-003,  2.1284333398954169E-006) (  2.7005326254655395E-010,  1.1850668767782876E-013) (  2.7005326254516237E-010,  1.1850668767712356E-013) ( -5.7517114965104496E-003, -2.5239446838196099E-006)
   1.5523449999999999        1.2500000000000000     
 (  5.8507997682357184E-003,  2.4901003580167716E-006) (  6.3780155454747816E-003,  2.9525328436313910E-006)
 (  5.8197404047879084E-003,  2.4820425854703522E-006) (  2.9789709513021452E-010,  1.3820234955898599E-013) (  2.9789709512834256E-010,  1.3820234955803829E-013) ( -6.3446987145546318E-003, -2.9434172580215013E-006)
   1.6023399999999999        1.2500000000000000     
 (  6.4359901412042982E-003,  2.8962732407180578E-006) (  7.0160848147108852E-003,  3.4343172832721805E-006)
 (  6.3995967025594078E-003,  2.8868285939072230E-006) (  3.2758942164666659E-010,  1.6075006777058666E-013) (  3.2758942164418045E-010,  1.6075006776932507E-013) ( -6.9770458608127018E-003, -3.4236324599229816E-006)
   1.6523349999999999        1.2500000000000000     
 (  7.0591054405972527E-003,  3.3600603594490720E-006) (  7.6955296843894093E-003,  3.9844820382901003E-006)
 (  7.0166690321267784E-003,  3.3490435698830153E-006) (  3.5918923230588963E-010,  1.8649860146346513E-013) (  3.5918923230259900E-010,  1.8649860146180075E-013) ( -7.6500080547673693E-003, -3.9720182626621458E-006)
   1.7023299999999999        1.2500000000000000     
 (  7.7213594980639734E-003,  3.8883267037308875E-006) (  8.4176784446066671E-003,  4.6111823546559662E-006)
 (  7.6721028063341766E-003,  3.8755343562048508E-006) (  3.9275550989928047E-010,  2.1582989041171694E-013) (  3.9275550989499604E-010,  2.1582989040953741E-013) ( -8.3648401677230422E-003, -4.5967093500265289E-006)
   1.7523250000000001        1.2500000000000000     
 (  8.4239693506946729E-003,  4.4885716732588361E-006) (  9.1838615594787704E-003,  5.3233289199998257E-006)
 (  8.3670423755642879E-003,  4.4737810078567659E-006) (  4.2834712852684180E-010,  2.4916127897372305E-013) (  4.2834712852129131E-010,  2.4916127897088836E-013) ( -9.1227946634618359E-003, -5.3065944857014563E-006)
   1.8023199999999997        1.2500000000000000     
 (  9.1681545302710991E-003,  5.1689676656676643E-006) (  9.9954131269383278E-003,  6.1306339277081502E-006)
 (  9.1026301871995896E-003,  5.1519353321079124E-006) (  4.6602291547843100E-010,  2.8694767610516018E-013) (  4.6602291547126461E-010,  2.8694767610150910E-013) ( -9.9251229080888938E-003, -6.1113625192342856E-006)
   1.8523149999999997        1.2500000000000000     
 (  9.9551385120145840E-003,  5.9384011719426010E-006) (  1.0853672319359181E-002,  7.0436595077629029E-006)
 (  9.8800081127970105E-003,  5.9188619282167127E-006) (  5.0584171347835894E-010,  3.2968382639793872E-013) (  5.0584171346918210E-010,  3.2968382639325796E-013) ( -1.0773076502288139E-002, -7.0215507599809874E-006)
   1.9023099999999997        1.2500000000000000     
 (  1.0786147088890268E-002,  6.8065136399249439E-006) (  1.1759980692167661E-002,  8.0738675126127104E-006)
 (  1.0700315686012943E-002,  6.7841789991214526E-006) (  5.4786224694610708E-010,  3.7790664441847592E-013) (  5.4786224693444280E-010,  3.7790664441251829E-013) ( -1.1667904410551540E-002, -8.0485946930481373E-006)
   1.9523049999999997        1.2500000000000000     
 (  1.1662409372147660E-002,  7.7837449031179481E-006) (  1.2715681539322453E-002,  9.2336713267417194E-006)
 (  1.1564690961426004E-002,  7.7583017191434517E-006) (  5.9214308551300478E-010,  4.3219764406978368E-013) (  5.9214308549827403E-010,  4.3219764406224439E-013) ( -1.2610852212242766E-002, -9.2048797259293974E-006)
   2.0023000000000000        1.2500000000000000     
 (  1.2585157353718200E-002,  8.8813786088204070E-006) (  1.3722127608581831E-002,  1.0536488352379355E-005)
 (  1.2474269988115474E-002,  8.8524876005216565E-006) (  6.3874300039223109E-010,  4.9318539932886613E-013) (  6.3874300037376397E-010,  4.9318539931938506E-013) ( -1.3603169655801011E-002, -1.0503793598335465E-005)
   2.0522950000000000        1.2500000000000000     
 (  1.3555626253470213E-002,  1.0111585261451960E-005) (  1.4780670051970672E-002,  1.1996794860459653E-005)
 (  1.3430186979451671E-002,  1.0078879472505244E-005) (  6.8772043880904115E-010,  5.6154811599722349E-013) (  6.8772043878599993E-010,  5.6154811598536831E-013) ( -1.4646099484105130E-002, -1.1959781159081359E-005)
   2.1022900000000000        1.2500000000000000     
 (  1.4575056946941991E-002,  1.1487470589381236E-005) (  1.5892666826197888E-002,  1.3630182190453980E-005)
 (  1.4433576643026764E-002,  1.1450553775919444E-005) (  7.3913391229702685E-010,  6.3801626649326763E-013) (  7.3913391226837373E-010,  6.3801626647851297E-013) ( -1.5740885690972664E-002, -1.3588400485536145E-005)
   2.1522849999999996        1.2500000000000000     
 (  1.5644690010939582E-002,  1.3023122772946148E-005) (  1.7059479984253605E-002,  1.5453414984231758E-005)
 (  1.5485568082354356E-002,  1.2981567718825160E-005) (  7.9304186269591882E-010,  7.2337531977333270E-013) (  7.9304186266056543E-010,  7.2337531975507485E-013) ( -1.6888770671963819E-002, -1.5406381023360813E-005)
   2.2022799999999996        1.2500000000000000     
 (  1.6765771969156691E-002,  1.4733661422447737E-005) (  1.8282474360785450E-002,  1.7484485334942652E-005)
 (  1.6587290934494594E-002,  1.4687008170938537E-005) (  8.4950259388255229E-010,  8.1846827932034259E-013) (  8.4950259383908323E-010,  8.1846827929785119E-013) ( -1.8090993754015940E-002, -1.7431677649340101E-005)
   2.2522749999999996        1.2500000000000000     
 (  1.7939553823410899E-002,  1.6635287578646622E-005) (  1.9563020390665001E-002,  1.9742681178877009E-005)
 (  1.7739873731665710E-002,  1.6583041580224300E-005) (  9.0857439929582254E-010,  9.2419888944635881E-013) (  9.0857439924264352E-010,  9.2419888941878236E-013) ( -1.9348793928023540E-002, -1.9683538958833754E-005)
   2.3022699999999996        1.2500000000000000     
 (  1.9167287845674154E-002,  1.8745339332434562E-005) (  2.0902494217551849E-002,  2.2248641788895545E-005)
 (  1.8944440614816527E-002,  1.8686969505446668E-005) (  9.7031555790404270E-010,  1.0415342359720869E-012) (  9.7031555783916941E-010,  1.0415342359383995E-012) ( -2.0663409734473837E-002, -2.2182562652880415E-005)
   2.3522650000000001        1.2500000000000000     
 (  2.0450230769682446E-002,  2.1082336397257055E-005) (  2.2302272162806214E-002,  2.5024425475400856E-005)
 (  2.0202114356701804E-002,  2.1017273079907898E-005) (  1.0347840707753128E-009,  1.1715079187730477E-012) (  1.0347840706965931E-009,  1.1715079187320901E-012) ( -2.2036073679980679E-002, -2.4950763116480007E-005)
   2.4022600000000001        1.2500000000000000     
 (  2.1789644610818559E-002,  2.3666043571976742E-005) (  2.3763739149075307E-002,  2.8093571837845674E-005)
 (  2.1514017049818392E-002,  2.3593676372783193E-005) (  1.1020380492632855E-009,  1.3152229698006046E-012) (  1.1020380491681800E-009,  1.3152229697509374E-012) ( -2.3468020473368482E-002, -2.8011633562857779E-005)
   2.4522550000000001        1.2500000000000000     
 (  2.3186795004956812E-002,  2.6517518477702792E-005) (  2.5288285997344909E-002,  3.1481169466788793E-005)
 (  2.2881268378977970E-002,  2.6437194018190610E-005) (  1.1721355803555599E-009,  1.4738550241329848E-012) (  1.1721355802410919E-009,  1.4738550240887163E-012) ( -2.4960484167974608E-002, -3.1390213570646576E-005)
   2.5022500000000001        1.2500000000000000     
 (  2.4642950865763028E-002,  2.9659174550836067E-005) (  2.6877302521090281E-002,  3.5213930374216981E-005)
 (  2.4304985073081702E-002,  2.9570194077089282E-005) (  1.2451343986542888E-009,  1.6486558092953314E-012) (  1.2451343985172312E-009,  1.6486558092233485E-012) ( -2.6514691177946217E-002, -3.5113163400950743E-005)
   2.5522449999999997        1.2500000000000000     
 (  2.6159383654553801E-002,  3.3114835923706938E-005) (  2.8532188740328448E-002,  3.9320246831832937E-005)
 (  2.5786280033173122E-002,  3.3016452768521287E-005) (  1.3210924031307067E-009,  1.8409558048036303E-012) (  1.3210924029668191E-009,  1.8409558047173443E-012) ( -2.8131871278840596E-002, -3.9208820647887300E-005)
   2.6022399999999997        1.2500000000000000     
 (  2.7737372348144034E-002,  3.6909791908538800E-005) (  3.0254347983095412E-002,  4.3830275282419444E-005)
 (  2.7326267301372956E-002,  3.6801208856656317E-005) (  1.4000673300964714E-009,  2.0521681764992571E-012) (  1.4000673299013252E-009,  2.0521681763962404E-012) ( -2.9813250610949783E-002, -4.3707284022480678E-005)
   2.6522349999999997        1.2500000000000000     
 (  2.9378200323946679E-002,  4.1070870156541004E-005) (  3.2045186948223801E-002,  4.8776004023039296E-005)
 (  2.8926058681089776E-002,  4.0951236602120669E-005) (  1.4821167483322470E-009,  2.2837919426722233E-012) (  1.4821167481008097E-009,  2.2837919425494907E-012) ( -3.1560051615735954E-002, -4.8640480780645949E-005)
   2.7022299999999997        1.2500000000000000     
 (  3.1083151837759754E-002,  4.5626485139341629E-005) (  3.3906124135590056E-002,  5.4191328945328872E-005)
 (  3.0586760106629311E-002,  4.5494894105482267E-005) (  1.5672984467646543E-009,  2.5374155243887609E-012) (  1.5672984464903706E-009,  2.5374155242431246E-012) ( -3.3373501266868028E-002, -5.4042242356767347E-005)
   2.7522249999999997        1.2500000000000000     
 (  3.2853514871647234E-002,  5.0606709906533260E-005) (  3.5838573188333028E-002,  6.0112129343991562E-005)
 (  3.2309474440892057E-002,  5.0462194875937773E-005) (  1.6556696515735118E-009,  2.8147202923042449E-012) (  1.6556696512504667E-009,  2.8147202921476218E-012) ( -3.5254814392457229E-002, -5.9948379872498511E-005)
   2.8022199999999997        1.2500000000000000     
 (  3.4690589252909104E-002,  5.6043334236818302E-005) (  3.7843959715923157E-002,  6.6576349084915360E-005)
 (  3.4095309373349578E-002,  5.5884865805689711E-005) (  1.7472878006262667E-009,  3.1174843690028778E-012) (  1.7472878002465563E-009,  3.1174843687996151E-012) ( -3.7205210174711650E-002, -6.6396765143511815E-005)
   2.8522149999999997        1.2500000000000000     
 (  3.6595674632963648E-002,  6.1969935231752667E-005) (  3.9923715726674205E-002,  7.3624066954223441E-005)
 (  3.5945365329244097E-002,  6.1796417510861552E-005) (  1.8422102845650518E-009,  3.4475859185922061E-012) (  1.8422102841193487E-009,  3.4475859185380832E-012) ( -3.9225906620200708E-002, -7.3427400713311965E-005)
   2.9022099999999997        1.2500000000000000     
 (  3.8570069963507904E-002,  6.8421946315360140E-005) (  4.2079276963152994E-002,  8.1297588679238227E-005)
 (  3.7860734791364113E-002,  6.8232213131334243E-005) (  1.9404943099217075E-009,  3.8070074560448870E-012) (  1.9404943094015615E-009,  3.8070074557955914E-012) ( -4.1318117630333759E-002, -8.1082511648724454E-005)
   2.9522049999999997        1.2500000000000000     
 (  4.0615090265343601E-002,  7.5436720820880240E-005) (  4.4312080184033549E-002,  8.9641533502810713E-005)
 (  3.9842518927840714E-002,  7.5229531696775198E-005) (  2.0421967653700730E-009,  4.1978398993753996E-012) (  2.0421967648909493E-009,  4.1978398990467165E-012) ( -4.3483050208391084E-002, -8.9406631832401507E-005)
   3.0021999999999998        1.2500000000000000     
 (  4.2732045959447761E-002,  8.3053601413420359E-005) (  4.6623577091442187E-002,  9.8702899109914753E-005)
 (  4.1891806774595440E-002,  8.2827637229074058E-005) (  2.1473748733464752E-009,  4.6222856016485124E-012) (  2.1473748726405406E-009,  4.6222856012962724E-012) ( -4.5721918265532326E-002, -9.8446668515965444E-005)
   3.0521949999999998        1.2500000000000000     
 (  4.4922257105420145E-002,  9.1313987534580448E-005) (  4.9015220590307024E-002,  1.0853117528346882E-004)
 (  4.4009689501377521E-002,  9.1067845949517089E-005) (  2.2560855316899750E-009,  5.0826636733820151E-012) (  2.2560855308710650E-009,  5.0826636729661921E-012) ( -4.8035928601353466E-002, -1.0825201570236679E-004)
   3.1021899999999998        1.2500000000000000     
 (  4.7187044951136237E-002,  1.0026141816732592E-004) (  5.1488464742546043E-002,  1.1917839254205342E-004)
 (  4.6197251562300382E-002,  9.9993608693939534E-005) (  2.3683853127169218E-009,  5.5814122490930855E-012) (  2.3683853117689418E-009,  5.5814122485732235E-012) ( -5.0426280941394931E-002, -1.1887460238235607E-004)
   3.1521849999999998        1.2500000000000000     
 (  4.9527742969663877E-002,  1.0994165190327531E-004) (  5.4044776017209563E-002,  1.3069927380022467E-004)
 (  4.8455581862797387E-002,  1.0965059068857919E-004) (  2.4843309809445828E-009,  6.1210955892330647E-012) (  2.4843309798517962E-009,  6.1210955886927913E-012) ( -5.2894178906675249E-002, -1.3036904378002219E-004)
   3.2021799999999998        1.2500000000000000     
 (  5.1945678470925627E-002,  1.2040270868036271E-004) (  5.6685627829867656E-002,  1.4315125035520282E-004)
 (  5.0785755076405086E-002,  1.2008671294689346E-004) (  2.6039792289503715E-009,  6.7044048155254070E-012) (  2.6039792276894538E-009,  6.7044048148903471E-012) ( -5.5440824357328014E-002, -1.4279265698566052E-004)
   3.2521749999999998        1.2500000000000000     
 (  5.4442196805038187E-002,  1.3169497530038263E-004) (  5.9412492267685101E-002,  1.5659461364089355E-004)
 (  5.3188855719449160E-002,  1.3135225730111832E-004) (  2.7273862786099561E-009,  7.3341650057617015E-012) (  2.7273862771611170E-009,  7.3341650049561245E-012) ( -5.8067409009320718E-002, -1.5620561215537178E-004)
   3.3021699999999998        1.2500000000000000     
 (  5.7018640319477717E-002,  1.4387128386087825E-004) (  6.2226862261147195E-002,  1.7109260163379958E-004)
 (  5.5665957041837424E-002,  1.4349994456204352E-004) (  2.8546089297253975E-009,  8.0133392432709732E-012) (  2.8546089280645805E-009,  8.0133392423426084E-012) ( -6.0775136695452169E-002, -1.7067101855293906E-004)
   3.3521649999999998        1.2500000000000000     
 (  5.9676356166266091E-002,  1.5698697455720758E-004) (  6.5130218485829033E-002,  1.8671145299824807E-004)
 (  5.8218128830311335E-002,  1.5658499679931047E-004) (  2.9857029896045626E-009,  8.7450311192379493E-012) (  2.9857029877036312E-009,  8.7450311181697877E-012) ( -6.3565189795400198E-002, -1.8625497800628922E-004)
   3.4021599999999999        1.2500000000000000     
 (  6.2416703869415051E-002,  1.7109999338450562E-004) (  6.8124062757019627E-002,  2.0352058027583406E-004)
 (  6.0846444559274085E-002,  1.7066523454505378E-004) (  3.1207248257370769E-009,  9.5324928528504510E-012) (  3.1207248238203919E-009,  9.5324928516857662E-012) ( -6.6438762503417986E-002, -2.0302675772148707E-004)
   3.4521549999999999        1.2500000000000000     
 (  6.5241041696960753E-002,  1.8627095376698975E-004) (  7.1209895623588829E-002,  2.2159258065569646E-004)
 (  6.3551967874666132E-002,  1.8580113797490879E-004) (  3.2597303345029180E-009,  1.0379125754373482E-011) (  3.2597303320264675E-009,  1.0379125752966512E-011) ( -6.9397038797315388E-002, -2.2105880020801294E-004)
   3.5021500000000003        1.2500000000000000     
 (  6.8150728159332624E-002,  2.0256322342860589E-004) (  7.4389222422590343E-002,  2.4100339820518952E-004)
 (  6.6335753585621979E-002,  2.0205593325632923E-004) (  3.4027751816714034E-009,  1.1288487831551525E-011) (  3.4027751788542185E-009,  1.1288487830744806E-011) ( -7.2441197488509815E-002, -2.4042688514503804E-004)
   3.5521449999999994        1.2500000000000000     
 (  7.1147151311186152E-002,  2.2004305237035342E-004) (  7.7663569640372868E-002,  2.6183244320650463E-004)
 (  6.9198877627002914E-002,  2.1949571977567138E-004) (  3.5499155993835990E-009,  1.2264299341380828E-011) (  3.5499155961827326E-009,  1.2264299339541817E-011) ( -7.5572429196857929E-002, -2.6121024771680887E-004)
   3.6021399999999995        1.2500000000000000     
 (  7.4231674381629684E-002,  2.3877958258758925E-004) (  8.1034451815540545E-002,  2.8416263506128722E-004)
 (  7.2142381542908016E-002,  2.3818947947867121E-004) (  3.7012068020761345E-009,  1.3310444788602603E-011) (  3.7012067984444179E-009,  1.3310444786630553E-011) ( -7.8791902763614585E-002, -2.8349162103156274E-004)
   3.6521349999999995        1.2500000000000000     
 (  7.7405681717438668E-002,  2.5884498805998419E-004) (  8.4503404920981157E-002,  3.0808057578824924E-004)
 (  7.5167319111762804E-002,  2.5820921598533456E-004) (  3.8567045595257875E-009,  1.4430981019846192E-011) (  3.8567045554162698E-009,  1.4430981017582153E-011) ( -8.2100798557318472E-002, -3.0735740862044338E-004)
   3.7021299999999995        1.2500000000000000     
 (  8.0670568654939531E-002,  2.8031456436073012E-004) (  8.8071958677553186E-002,  3.3367657130855145E-004)
 (  7.8274745632449863E-002,  2.7963004359816561E-004) (  4.0164638824365766E-009,  1.5630138198403836E-011) (  4.0164638777926887E-009,  1.5630138195812544E-011) ( -8.5500280586651142E-002, -3.3289770500827319E-004)
   3.7521249999999995        1.2500000000000000     
 (  8.4027725925625713E-002,  3.0326679366715978E-004) (  9.1741664354651614E-002,  3.6104484825897205E-004)
 (  8.1465702437065177E-002,  3.0253025140983188E-004) (  4.1805403300652800E-009,  1.6912329930088272E-011) (  4.1805403253360932E-009,  1.6912329927004216E-011) ( -8.8991524276084602E-002, -3.6020651147698740E-004)
   3.8021199999999995        1.2500000000000000     
 (  8.7478556512614658E-002,  3.2778344382625673E-004) (  9.5514072647172710E-002,  3.9028361875907035E-004)
 (  8.4741233540133770E-002,  3.2699140184706837E-004) (  4.3489889585735239E-009,  1.8282156272691309E-011) (  4.3489889530540910E-009,  1.8282156269319759E-011) ( -9.2575694121139501E-002, -3.8938180004210240E-004)
   3.8521149999999995        1.2500000000000000     
 (  9.1024462935655220E-002,  3.5394967992018411E-004) (  9.9390733858611330E-002,  4.2149512360903368E-004)
 (  8.8102372409731997E-002,  3.5309844093220491E-004) (  4.5218643131286745E-009,  1.9744405701325665E-011) (  4.5218643068669528E-009,  1.9744405697364882E-011) ( -9.6253943501243028E-002, -4.2052555530956259E-004)
   3.9021099999999995        1.2500000000000000     
 (  9.4666862743581701E-002,  3.8185411922482331E-004) ( 0.10337323097286240     ,  4.5478595736164545E-004)
 (  9.1550158462149006E-002,  3.8093975273621798E-004) (  4.6992220106916081E-009,  2.1304070344530823E-011) (  4.6992220032357635E-009,  2.1304070340177746E-011) (-0.10002744830305743     , -4.5374409885804107E-004)
   3.9521050000000000        1.2500000000000000     
 (  9.8407167283470778E-002,  4.1158899158375250E-004) ( 0.10746311904077856     ,  4.9026687295918980E-004)
 (  9.5085614038655508E-002,  4.1060731848493808E-004) (  4.8811158298648561E-009,  2.2966336734636628E-011) (  4.8811158215088446E-009,  2.2966336729705343E-011) (-0.10389734530878114     , -4.8914789216944108E-004)
   4.0021000000000004        1.2500000000000000     
 ( 0.10224681051148024     ,  4.4325012655192515E-004) ( 0.11166198040791628     ,  5.2805325863426245E-004)
 (  9.8709774781574028E-002,  4.4219670268315039E-004) (  5.0676003695277286E-009,  2.4736608153299790E-011) (  5.0676003604223461E-009,  2.4736608150558362E-011) (-0.10786478804107570     , -5.2685201283579294E-004)
   4.0520950000000004        1.2500000000000000     
 ( 0.10618722125536742     ,  4.7693724418034508E-004) ( 0.11597141403860513     ,  5.6826492095266403E-004)
 ( 0.10242366044519634     ,  4.7580734301993886E-004) (  5.2587304670944627E-009,  2.6620494387477305E-011) (  5.2587304566375059E-009,  2.6620494381052199E-011) (-0.11193093525569048     , -5.6697593568149252E-004)
   4.1020900000000005        1.2500000000000000     
 ( 0.11022983117826303     ,  5.1275377845213697E-004) ( 0.12039301334214705     ,  6.1102643135852038E-004)
 ( 0.10622828316631794     ,  5.1154237228237336E-004) (  5.4545601798678569E-009,  2.8623827935831590E-011) (  5.4545601681948545E-009,  2.8623827928852826E-011) (-0.11609692865126217     , -6.0964387841195775E-004)
   4.1520850000000005        1.2500000000000000     
 ( 0.11437608567576624     ,  5.5080726145096510E-004) ( 0.12492837663191514     ,  6.5646725659405209E-004)
 ( 0.11012465878336804     ,  5.4950900133734061E-004) (  5.6551433252358919E-009,  3.0752670044927611E-011) (  5.6551433129808504E-009,  3.0752670040017454E-011) (-0.12036390466939595     , -6.5498492994344089E-004)
   4.2020800000000005        1.2500000000000000     
 ( 0.11862744060757849     ,  5.9120921274544494E-004) ( 0.12957913071043214     ,  7.0472171464478796E-004)
 ( 0.11411380259452943     ,  5.8981840745036911E-004) (  5.8605344694806808E-009,  3.3013308603576187E-011) (  5.8605344549871869E-009,  3.3013308594705612E-011) (-0.12473301529728807     , -7.0313300542002618E-004)
   4.2520750000000005        1.2500000000000000     
 ( 0.12298534746127814     ,  6.3407541017032880E-004) ( 0.13434686328294526     ,  7.5592927867002262E-004)
 ( 0.11819671479632245     ,  6.3258600308475953E-004) (  6.0707858404340754E-009,  3.5412272301210566E-011) (  6.0707858243252946E-009,  3.5412272291237611E-011) (-0.12920536239437733     , -7.5422714769187024E-004)
   4.3020699999999996        1.2500000000000000     
 ( 0.12745127786559451     ,  6.7952586555486850E-004) ( 0.13923323411074931     ,  8.1023461973163402E-004)
 ( 0.12237440498548259     ,  6.7793141089252844E-004) (  6.2859525163767730E-009,  3.7956332585332201E-011) (  6.2859524992271376E-009,  3.7956332570126527E-011) (-0.13378210863336487     , -8.0841156898490963E-004)
   4.3520649999999996        1.2500000000000000     
 ( 0.13202669062079589     ,  7.2768491276095583E-004) ( 0.14423986477512826     ,  8.6778769406856864E-004)
 ( 0.12664785876978080     ,  7.2597854929517213E-004) (  6.5060872147677739E-009,  4.0652507636405424E-011) (  6.5060871956632907E-009,  4.0652507624094585E-011) (-0.13846436575085988     , -8.6583573536276669E-004)
   4.4020599999999996        1.2500000000000000     
 ( 0.13671307000586350     ,  7.7868153567676665E-004) ( 0.14936839370003158     ,  9.2874400272004198E-004)
 ( 0.13101807601478133     ,  7.7685595943002307E-004) (  6.7312429022265697E-009,  4.3508074491108103E-011) (  6.7312428812334471E-009,  4.3508074483206880E-011) (-0.14325325034454792     , -9.2665462517934033E-004)
   4.4520549999999997        1.2500000000000000     
 ( 0.14151189096607175     ,  8.3264913714263013E-004) ( 0.15462047616410182     ,  9.9326476523506802E-004)
 ( 0.13548603629429282     ,  8.3069657183445567E-004) (  6.9614727778815019E-009,  4.6530577113947803E-011) (  6.9614727553125853E-009,  4.6530577098453961E-011) (-0.14814988411675012     , -9.9102889988922035E-004)
   4.5020499999999997        1.2500000000000000     
 ( 0.14642465204306315     ,  8.8972609510318235E-004) ( 0.15999777364387643     ,  1.0615168327855545E-003)
 ( 0.14005273042354374     ,  8.8763826097363534E-004) (  7.1968297338823247E-009,  4.9727822163755565E-011) (  7.1968297069597787E-009,  4.9727822146410285E-011) (-0.15315538213571295     , -1.0591248154759151E-003)
   4.5520449999999997        1.2500000000000000     
 ( 0.15145285073675918     ,  9.5005540030669545E-004) ( 0.16550196465544786     ,  1.1336730349966124E-003)
 ( 0.14471913796359051     ,  9.4782348103859414E-004) (  7.4373669473302963E-009,  5.3107895233543762E-011) (  7.4373669196472495E-009,  5.3107895214151339E-011) (-0.15827086435033205     , -1.1311145664264775E-003)
   4.6020399999999997        1.2500000000000000     
 ( 0.15659798401440439     ,  1.0137850294622513E-003) ( 0.17113470097974143     ,  1.2099121801671610E-003)
 ( 0.14948622449458290     ,  1.0113996361799504E-003) (  7.6831356746769379E-009,  5.6679160689624637E-011) (  7.6831356439438098E-009,  5.6679160667970463E-011) (-0.16349741040083107     , -1.2071762835486896E-003)
   4.6520349999999997        1.2500000000000000     
 ( 0.16186157239693511     ,  1.0810680707413782E-003) ( 0.17689768431294142     ,  1.2904193154244694E-003)
 ( 0.15435496922231545     ,  1.0785192048320307E-003) (  7.9341890265946549E-009,  6.0450273809083314E-011) (  7.9341889929849682E-009,  6.0450273785436482E-011) (-0.16883613852329168     , -1.2874942912425476E-003)
   4.7020300000000006        1.2500000000000000     
 ( 0.16724512328934812     ,  1.1520628499743569E-003) ( 0.18279261217683138     ,  1.3753859870366425E-003)
 ( 0.15932632500551877     ,  1.1493398629273419E-003) (  8.1905792602311466E-009,  6.4430192857179621E-011) (  8.1905792225039534E-009,  6.4430192830266486E-011) (-0.17428814857826147     , -1.3722593653572083E-003)
   4.7520250000000006        1.2500000000000000     
 ( 0.17275016258487477     ,  1.2269327872422720E-003) ( 0.18882116625980758     ,  1.4650098935262354E-003)
 ( 0.16440125135403919     ,  1.2240243380860288E-003) (  8.4523572820160098E-009,  6.8628162648990217E-011) (  8.4523572372428508E-009,  6.8628162619051384E-011) (-0.17985451144825271     , -1.4616683829522094E-003)
   4.8020200000000006        1.2500000000000000     
 ( 0.17837822335606360     ,  1.3058469956349027E-003) ( 0.19498507834406151     ,  1.5594957534520407E-003)
 ( 0.16958070305678918     ,  1.3027410052424600E-003) (  8.7195757997319324E-009,  7.3053755151663848E-011) (  8.7195757516914595E-009,  7.3053755130722828E-011) (-0.18553633647803083     , -1.5559251865257578E-003)
   4.8520150000000006        1.2500000000000000     
 ( 0.18413084685090317     ,  1.3889798284652739E-003) ( 0.20128605477926056     ,  1.6590547842223753E-003)
 ( 0.17486562948936168     ,  1.3856634324835172E-003) (  8.9922856267556652E-009,  7.7716844954006624E-011) (  8.9922855755248875E-009,  7.7716844929388889E-011) (-0.19133469153692542     , -1.6552400606700067E-003)
   4.9020100000000006        1.2500000000000000     
 ( 0.19000957592202347     ,  1.4765115372703532E-003) ( 0.20772582963121822     ,  1.7639052244156890E-003)
 ( 0.18025697125458495     ,  1.4729710340701070E-003) (  9.2705383346969254E-009,  8.2627633457657695E-011) (  9.2705382768740145E-009,  8.2627633417137852E-011) (-0.19725066069685890     , -1.7598302491722854E-003)
   4.9520050000000007        1.2500000000000000     
 ( 0.19601596468878285     ,  1.5686280974254040E-003) ( 0.21430612220043638     ,  1.8742727662648651E-003)
 ( 0.18575566539470800     ,  1.5648488948751085E-003) (  9.5543841257572254E-009,  8.7796669164337361E-011) (  9.5543840639332237E-009,  8.7796669131213935E-011) (-0.20328529818524305     , -1.8699203849439517E-003)
   5.0020000000000007        1.2500000000000000     
 ( 0.20215157457380162     ,  1.6655213949793896E-003) ( 0.22102870229013810     ,  1.9903898628892999E-003)
 ( 0.19136264416027460     ,  1.6614879526288301E-003) (  9.8438749493965479E-009,  9.3234814922931716E-011) (  9.8438748821196376E-009,  9.3234814873067253E-011) (-0.20943969623391567     , -1.9857417932983368E-003)
   5.0519950000000007        1.2500000000000000     
 ( 0.20841798536137709     ,  1.7673893221465307E-003) ( 0.22789532454501846     ,  2.1124967687078423E-003)
 ( 0.19707884655984911     ,  1.7630850907121771E-003) (  1.0139061444905335E-008,  9.8953296578052832E-011) (  1.0139061372680959E-008,  9.8953296522801716E-011) (-0.21571491744257218     , -2.1075335273629458E-003)
   5.1019899999999998        1.2500000000000000     
 ( 0.21481674001949791     ,  1.8744359055598116E-003) ( 0.23490770658921761     ,  2.2408411943180230E-003)
 ( 0.20290515979344609     ,  1.8698432619573943E-003) (  1.0439991794994575E-008,  1.0496368658880743E-010) (  1.0439991712203899E-008,  1.0496368652866978E-010) (-0.22211197236838393     , -2.2355420194280829E-003)
   5.1519849999999998        1.2500000000000000     
 ( 0.22134943846198474     ,  1.9868716919985252E-003) ( 0.24206768425986139     ,  2.3756788256467302E-003)
 ( 0.20884251534109399     ,  1.9819718725402995E-003) (  1.0746719059193190E-008,  1.1127792822446162E-010) (  1.0746718972426958E-008,  1.1127792818155584E-010) (-0.22863197507955063     , -2.3700215952438810E-003)
   5.2019799999999998        1.2500000000000000     
 ( 0.22801767987036756     ,  2.1049133667692425E-003) ( 0.24937698843827763     ,  2.5172728055092648E-003)
 ( 0.21489183134774267     ,  2.0996863927431894E-003) (  1.1059290813137608E-008,  1.1790831095786913E-010) (  1.1059290719685511E-008,  1.1790831090785836E-010) (-0.23527592229164598     , -2.5112339505217931E-003)
   5.2519749999999998        1.2500000000000000     
 ( 0.23482305541409254     ,  2.2287842528381143E-003) ( 0.25683744666187225     ,  2.6658947744319524E-003)
 ( 0.22105400422964500     ,  2.2232088564025942E-003) (  1.1377758424397381E-008,  1.2486751917123621E-010) (  1.1377758317048641E-008,  1.2486751905775936E-010) (-0.24204489136846441     , -2.6594491869971976E-003)
   5.3019699999999998        1.2500000000000000     
 ( 0.24176716616211860     ,  2.3587144117572390E-003) ( 0.26445082702320799     ,  2.8218246977654376E-003)
 ( 0.22732992597434026     ,  2.3527679539787809E-003) (  1.1702169809417348E-008,  1.3216862365871694E-010) (  1.1702169696585404E-008,  1.3216862359344926E-010) (-0.24893988567340627     , -2.8149456343575341E-003)
   5.3519649999999999        1.2500000000000000     
 ( 0.24885161280420351     ,  2.4949408771761787E-003) ( 0.27221894983348099     ,  2.9853506938730891E-003)
 ( 0.23372047436311799     ,  2.4885992623312936E-003) (  1.2032574604095592E-008,  1.3982507352302182E-010) (  1.2032574477899068E-008,  1.3982507344744964E-010) (-0.25596194478696804     , -2.9780096711754678E-003)
   5.4019599999999999        1.2500000000000000     
 ( 0.25607803715690142     ,  2.6377076156087675E-003) ( 0.28014364228146171     ,  3.1567700741146334E-003)
 ( 0.24022655546031493     ,  2.6309452017198656E-003) (  1.2369022142467504E-008,  1.4785074462998052E-010) (  1.2369022008343055E-008,  1.4785074454421976E-010) (-0.26311210132012319     , -3.1489367626722593E-003)
   5.4519549999999999        1.2500000000000000     
 ( 0.26344806632839290     ,  2.7872653576941583E-003) ( 0.28822671688779283     ,  3.3363879582339012E-003)
 ( 0.24684904610836050     ,  2.7800548604005573E-003) (  1.2711560348634404E-008,  1.5625987423345594E-010) (  1.2711560201521779E-008,  1.5625987411288092E-010) (-0.27039135780574902     , -3.3280300653363393E-003)
   5.5019499999999999        1.2500000000000000     
 ( 0.27096330509437966     ,  2.9438725043184110E-003) ( 0.29647001590975486     ,  3.5245195279368403E-003)
 ( 0.25358878630311671     ,  2.9361848969789387E-003) (  1.3060237857397213E-008,  1.6506716673767355E-010) (  1.3060237696457560E-008,  1.6506716660691928E-010) (-0.27780073113095738     , -3.5156026782466737E-003)
   5.5519449999999999        1.2500000000000000     
 ( 0.27862541759200948     ,  3.1077948214419233E-003) ( 0.30487538955875815     ,  3.7214886432834046E-003)
 ( 0.26044666094925012     ,  3.0995992279507596E-003) (  1.3415102913108612E-008,  1.7428772807186905E-010) (  1.3415102739407861E-008,  1.7428772797524670E-010) (-0.28534123016099899     , -3.7119762497309396E-003)
   5.6019399999999999        1.2500000000000000     
 ( 0.28643605298979841     ,  3.2793051916318742E-003) ( 0.31344467391907771     ,  3.9276285341979635E-003)
 ( 0.26742352585155799     ,  3.2705687751471953E-003) (  1.3776202409286415E-008,  1.8393709839765804E-010) (  1.3776202224884462E-008,  1.8393709825452030E-010) (-0.29301383316063512     , -3.9174816632461121E-003)
   5.6519349999999999        1.2500000000000000     
 ( 0.29439687676870574     ,  3.4586846963500220E-003) ( 0.32217975645509483     ,  4.1432818052942223E-003)
 ( 0.27452024053640628     ,  3.4493725408458521E-003) (  1.4143584933447496E-008,  1.9403125129909148E-010) (  1.4143584729023969E-008,  1.9403125117216909E-010) (-0.30081955550882555     , -4.1324590344841003E-003)
   5.7019299999999999        1.2500000000000000     
 ( 0.30250953747747633     ,  3.6462217689413024E-003) ( 0.33108248901719084     ,  4.3688014758480331E-003)
 ( 0.28173762760895810     ,  3.6362967539688112E-003) (  1.4517296622967959E-008,  2.0458664293725586E-010) (  1.4517296401498089E-008,  2.0458664274566807E-010) (-0.30875935947291666     , -4.3572587425962650E-003)
   5.7519250000000000        1.2500000000000000     
 ( 0.31077571198542930     ,  3.8422133763249666E-003) ( 0.34015475335941109     ,  4.6045495952348357E-003)
 ( 0.28907652620651669     ,  3.8316360459714339E-003) (  1.4897384265692520E-008,  2.1562014606743905E-010) (  1.4897384025940631E-008,  2.1562014590646236E-010) (-0.31683422130084304     , -4.5922400398416222E-003)
   5.8019200000000000        1.2500000000000000     
 ( 0.31919707582826962     ,  4.0469637847371344E-003) ( 0.34939848362457510     ,  4.8508989759860552E-003)
 ( 0.29653776216553424     ,  4.0356922087589888E-003) (  1.5283896478050440E-008,  2.2714913175472317E-010) (  1.5283896222832590E-008,  2.2714913157327580E-010) (-0.32504515382181570     , -4.8377727740521190E-003)
   5.8519150000000009        1.2500000000000000     
 ( 0.32777532478121751     ,  4.2607864932778898E-003) ( 0.35881551064150385     ,  5.1082321598116829E-003)
 ( 0.30412216182251217     ,  4.2487761224880667E-003) (  1.5676876190572251E-008,  2.3919141963801790E-010) (  1.5676875914305199E-008,  2.3919141943619679E-010) (-0.33339305060264623     , -5.0942363445199363E-003)
   5.9019100000000000        1.2500000000000000     
 ( 0.33651215663167949     ,  4.4840029999019893E-003) ( 0.36840780809508955     ,  5.3769431510780133E-003)
 ( 0.31183053948691636     ,  4.4712065120004994E-003) (  1.6076372222312764E-008,  2.5176535946592314E-010) (  1.6076371923580394E-008,  2.5176535923994174E-010) (-0.34187892901507483     , -5.3620214312964480E-003)
   5.9519050000000000        1.2500000000000000     
 ( 0.34540927441603353     ,  4.7169429623751397E-003) ( 0.37817726857758477     ,  5.6574356828926796E-003)
 ( 0.31966370017985751     ,  4.7033101000450248E-003) (  1.6482428908500658E-008,  2.6488974910537969E-010) (  1.6482428578546395E-008,  2.6488974880547047E-010) (-0.35050370942858955     , -5.6415282462266274E-003)
   6.0019000000000000        1.2500000000000000     
 ( 0.35446837824914246     ,  4.9599454720147965E-003) ( 0.38812581481556213     ,  5.9501253049248325E-003)
 ( 0.32762242737919339     ,  4.9454228738780330E-003) (  1.6895091091784625E-008,  2.7858393199069676E-010) (  1.6895090744443016E-008,  2.7858393169288382E-010) (-0.35926832653522894     , -5.9331686121422145E-003)
   6.0518950000000000        1.2500000000000000     
 ( 0.36369120577751024     ,  5.2133577096326383E-003) ( 0.39825544519356038     ,  6.2554369538771670E-003)
 ( 0.33570753154449706     ,  5.1978887316280458E-003) (  1.7314406538760248E-008,  2.9286768266341791E-010) (  1.7314406169984090E-008,  2.9286768240246471E-010) (-0.36817377259909351     , -6.2373635237594899E-003)
   6.1018900000000000        1.2500000000000000     
 ( 0.37307947081159615     ,  5.4775369111936907E-003) ( 0.40856801137718302     ,  6.5738101628010810E-003)
 ( 0.34391977911644134     ,  5.4610614370720761E-003) (  1.7740415325455074E-008,  3.0776145096966534E-010) (  1.7740414927370950E-008,  3.0776145067480720E-010) (-0.37722087522407832     , -6.5545483454565361E-003)
   6.1518850000000000        1.2500000000000000     
 ( 0.38263489451773708     ,  5.7528484902222791E-003) ( 0.41906552923055301     ,  6.9056917744806249E-003)
 ( 0.35225992884654345     ,  5.7353027386705131E-003) (  1.8173164236258098E-008,  3.2328601933363155E-010) (  1.8173163794751552E-008,  3.2328601893783307E-010) (-0.38641060894834228     , -6.8851655126435088E-003)
   6.2018800000000001        1.2500000000000000     
 ( 0.39235926633173873     ,  6.0396678080796504E-003) ( 0.42974997854273944     ,  7.2515439268370334E-003)
 ( 0.36072879063367569     ,  6.0209841221238640E-003) (  1.8612697714627750E-008,  3.3946287724572849E-010) (  1.8612697251940122E-008,  3.3946287687388635E-010) (-0.39574389547727817     , -7.2296725060109306E-003)
   6.2518750000000001        1.2500000000000000     
 ( 0.40225426912338574     ,  6.3383799117736955E-003) ( 0.44062330467514099     ,  7.6118391997264008E-003)
 ( 0.36932705441325775     ,  6.3184865410533210E-003) (  1.9059057749152547E-008,  3.5631399245873339E-010) (  1.9059057250755393E-008,  3.5631399204346313E-010) (-0.40522160179984945     , -7.5885369841160264E-003)
   6.3018700000000001        1.2500000000000000     
 ( 0.41232170861066680     ,  6.6493784971071645E-003) ( 0.45168750526521240     ,  7.9870620023491153E-003)
 ( 0.37805551471529297     ,  6.6281993712607630E-003) (  1.9512287956472292E-008,  3.7386187607456083E-010) (  1.9512287416176184E-008,  3.7386187561241425E-010) (-0.41484463171460945     , -7.9622381572553996E-003)
   6.3518650000000001        1.2500000000000000     
 ( 0.42256333823255882     ,  6.9730683817687197E-003) ( 0.46294454321999795     ,  8.3777099681914997E-003)
 ( 0.38691489605965373     ,  6.9505228693321434E-003) (  1.9972429531316987E-008,  3.9212964710134165E-010) (  1.9972428946465426E-008,  3.9212964658402129E-010) (-0.42461383467342600     , -8.3512681734117123E-003)
   6.4018600000000001        1.2500000000000000     
 ( 0.43298093192619297     ,  7.3098635802470498E-003) ( 0.47439652360252049     ,  8.7842925672280744E-003)
 ( 0.39590592682360576     ,  7.2858662409653052E-003) (  2.0439529379563602E-008,  4.1114096682481244E-010) (  2.0439528765923853E-008,  4.1114096635485582E-010) (-0.43453018464075044     , -8.7561307103946936E-003)
   6.4518550000000001        1.2500000000000000     
 ( 0.44357629168844132     ,  7.6601888544598744E-003) ( 0.48604533925010318     ,  9.2073331968484263E-003)
 ( 0.40502934857818740     ,  7.6346491699340706E-003) (  2.0913623658395911E-008,  4.3092013628478849E-010) (  2.0913622992949377E-008,  4.3092013566020726E-010) (-0.44459442336688942     , -9.1773430511462931E-003)
   6.5018500000000001        1.2500000000000000     
 ( 0.45435113928659443     ,  8.0244780175722473E-003) ( 0.49789311402553649     ,  9.6473664035407469E-003)
 ( 0.41428580478759691     ,  7.9973001216442578E-003) (  2.1394758613428847E-008,  4.5149196501976127E-010) (  2.1394757905422584E-008,  4.5149196430475581E-010) (-0.45480750597217601     , -9.6154333019500878E-003)
   6.5518450000000001        1.2500000000000000     
 ( 0.46530735059659312     ,  8.4031777227862089E-003) ( 0.50994184811776122     ,  1.0104942751558649E-002)
 ( 0.42367607287091613     ,  8.3742601071481564E-003) (  2.1882973597394381E-008,  4.7288199885745020E-010) (  2.1882972837494975E-008,  4.7288199807221551E-010) (-0.46517024493521236     , -1.0070945225355206E-002)
   6.6018400000000002        1.2500000000000000     
 ( 0.47644667200200269     ,  8.7967424561594121E-003) ( 0.52219355238976040     ,  1.0580623270445230E-002)
 ( 0.43320078340541940     ,  8.7659776693368198E-003) (  2.2378307723578447E-008,  4.9511625898295655E-010) (  2.2378306910774038E-008,  4.9511625824957336E-010) (-0.47568344170964744     , -1.0544432688979677E-002)
   6.6518350000000002        1.2500000000000000     
 ( 0.48777094404282434     ,  9.2056393964156883E-003) ( 0.53465033356280645     ,  1.1074984323472462E-002)
 ( 0.44286065125246898     ,  9.1729137278745345E-003) (  2.2880803898345447E-008,  5.1822146913339020E-010) (  2.2880803019099274E-008,  5.1822146831785794E-010) (-0.48634798010489222     , -1.1036464503144824E-002)
   6.7018300000000002        1.2500000000000000     
 ( 0.49928200036890347     ,  9.6303465035771068E-003) ( 0.54731422144217889     ,  1.1588616215807477E-002)
 ( 0.45265635966648010     ,  9.5955396469955354E-003) (  2.3390500236398578E-008,  5.4222499009770866E-010) (  2.3390499309334560E-008,  5.4222498925481564E-010) (-0.49716464276296701     , -1.1547623023196786E-002)
   6.7518250000000002        1.2500000000000000     
 ( 0.51098162550713822     ,  1.0071352276578533E-002) ( 0.56018730088638868     ,  1.2122124602529333E-002)
 ( 0.46258852281709795     ,  1.0034336984359009E-002) (  2.3907436616468081E-008,  5.6715488409854580E-010) (  2.3907435615307216E-008,  5.6715488297772900E-010) (-0.50813424656487438     , -1.2078505523865957E-002)
   6.8018200000000002        1.2500000000000000     
 ( 0.52287167108043220     ,  1.0529157251339828E-002) ( 0.57327161989244402     ,  1.2676124921494981E-002)
 ( 0.47265780746576525     ,  1.0489798973697846E-002) (  2.4431650330503131E-008,  5.9303965361729922E-010) (  2.4431649259612403E-008,  5.9303965226436210E-010) (-0.51925755669120088     , -1.2629718629612253E-002)
   6.8518150000000002        1.2500000000000000     
 ( 0.53495398112094950     ,  1.1004273053857717E-002) ( 0.58656932639048864     ,  1.3251252831485382E-002)
 ( 0.48286485868718443     ,  1.0962429552434436E-002) (  2.4963182652839135E-008,  6.1990872936463927E-010) (  2.4963181508175079E-008,  6.1990872808895916E-010) (-0.53053541559172446     , -1.3201888714720318E-002)
   6.9018100000000002        1.2500000000000000     
 ( 0.54723039504361382     ,  1.1497223579512300E-002) ( 0.60008249233053712     ,  1.3848157269376523E-002)
 ( 0.49321028745119228     ,  1.1452744534255660E-002) (  2.5502069719064710E-008,  6.4779214416072480E-010) (  2.5502068504084491E-008,  6.4779214302005421E-010) (-0.54196856506535507     , -1.3795654950212630E-002)
   6.9518050000000002        1.2500000000000000     
 ( 0.55970282389249715     ,  1.2008543469304248E-002) ( 0.61381319440446935     ,  1.4467498360967980E-002)
 ( 0.50369477323687306     ,  1.1961270059308925E-002) (  2.6048347882926763E-008,  6.7672043484616445E-010) (  2.6048346576688450E-008,  6.7672043333431228E-010) (-0.55355774163413640     , -1.4411667195873328E-002)
   7.0018000000000011        1.2500000000000000     
 ( 0.57237304303551184     ,  1.2538780244103003E-002) ( 0.62776361350680843     ,  1.5109957175988450E-002)
 ( 0.51431882390497674     ,  1.2488544715971252E-002) (  2.6602056696056299E-008,  7.0672509600422049E-010) (  2.6602055313773452E-008,  7.0672509435107192E-010) (-0.56530375568252966     , -1.5050595713004201E-002)
   7.0517949999999994        1.2500000000000000     
 ( 0.58524298680547171     ,  1.3088493345640547E-002) ( 0.64193585063536573     ,  1.5776228762416706E-002)
 ( 0.52508309695376532     ,  1.3035118551666029E-002) (  2.7163231248803491E-008,  7.3783825565572612E-010) (  2.7163229777785499E-008,  7.3783825403996848E-010) (-0.57720732046581591     , -1.5713124203583603E-002)
   7.1017899999999994        1.2500000000000000     
 ( 0.59831452833638110     ,  1.3658254596573709E-002) ( 0.65633201857565060     ,  1.6467019401753120E-002)
 ( 0.53598817310182534     ,  1.3601553526118465E-002) (  2.7731906269163026E-008,  7.7009254281153739E-010) (  2.7731904699874594E-008,  7.7009254122053913E-010) (-0.58926913736365771     , -1.6399947006027364E-002)
   7.1517849999999994        1.2500000000000000     
 ( 0.61158953062343657     ,  1.4248649583933451E-002) ( 0.67095428096197118     ,  1.7183057699820505E-002)
 ( 0.54703459476766692     ,  1.4188424871467790E-002) (  2.8308117980930253E-008,  8.0352160893900797E-010) (  2.8308116319463613E-008,  8.0352160718706838E-010) (-0.60148994600713190     , -1.7111780202817575E-002)
   7.2017799999999994        1.2500000000000000     
 ( 0.62506993161356550     ,  1.4860273667261533E-002) ( 0.68580481736725230     ,  1.7925086299263940E-002)
 ( 0.55822296863779985     ,  1.4796317063196078E-002) (  2.8891902358540209E-008,  8.3815973496842030E-010) (  2.8891900586964798E-008,  8.3815973302551904E-010) (-0.61387047055412669     , -1.7849353260839397E-002)
   7.2517749999999994        1.2500000000000000     
 ( 0.63875756083506985     ,  1.5493738786235060E-002) ( 0.70088572544552163     ,  1.8693863236453410E-002)
 ( 0.56955376362208920     ,  1.5425830633970480E-002) (  2.9483290444431120E-008,  8.7404189712338988E-010) (  2.9483288540365965E-008,  8.7404189497514640E-010) (-0.62641133960696183     , -1.8613410397003507E-002)
   7.3017699999999994        1.2500000000000000     
 ( 0.65265438800520925     ,  1.6149667292952564E-002) ( 0.71619925266302487     ,  1.9490163373200475E-002)
 ( 0.58102757640808300     ,  1.6077575944618418E-002) (  3.0082319279085561E-008,  9.1120383002606179E-010) (  3.0082317260168681E-008,  9.1120382767266874E-010) (-0.63911329891213786     , -1.9404711955726527E-002)
   7.3517649999999994        1.2500000000000000     
 ( 0.66676230615766829     ,  1.6828695798417510E-002) ( 0.73174756210365111     ,  2.0314781171017881E-002)
 ( 0.59264490292652106     ,  1.6752177043404957E-002) (  3.0689021000650430E-008,  9.4968215656620813E-010) (  3.0689018884205984E-008,  9.4968215397448707E-010) (-0.65197700143944382     , -2.0224037166985221E-002)
   7.4017599999999995        1.2500000000000000     
 ( 0.68108324011145671     ,  1.7531473990831461E-002) ( 0.74753278868998552     ,  2.1168525134868076E-002)
 ( 0.60440625860824093     ,  1.7450270435156436E-002) (  3.1303425666255595E-008,  9.8951412743534887E-010) (  3.1303423397358824E-008,  9.8951412434679977E-010) (-0.66500303993913168     , -2.1072178564743752E-002)
   7.4517549999999995        1.2500000000000000     
 ( 0.69561912649479862     ,  1.8258665840143178E-002) ( 0.76355721124412912     ,  2.2052223404995373E-002)
 ( 0.61631213750230573     ,  1.8172506275216341E-002) (  3.1925568503434130E-008,  1.0307378785867896E-009) (  3.1925566085782241E-008,  1.0307378757027014E-009) (-0.67819212976794629     , -2.1949947522493161E-002)
   7.5017499999999995        1.2500000000000000     
 ( 0.71037186674359354     ,  1.9010950107210184E-002) ( 0.77982293940520619     ,  2.2966720958927829E-002)
 ( 0.62836299117427108     ,  1.8919548832457906E-002) (  3.2555476510243121E-008,  1.0733923025875556E-009) (  3.2555473960678449E-008,  1.0733922993055530E-009) (-0.69154480095192106     , -2.2858171449005905E-002)
   7.5517449999999995        1.2500000000000000     
 ( 0.72534342445187805     ,  1.9789015539294828E-002) ( 0.79633232046566171     ,  2.3912882433647555E-002)
 ( 0.64055930832120522     ,  1.9692071670796896E-002) (  3.3193186295303463E-008,  1.1175171759066022E-009) (  3.3193183568570251E-008,  1.1175171723058916E-009) (-0.70506179083099740     , -2.3797696560416994E-002)
   7.6017399999999995        1.2500000000000000     
 ( 0.74053578118145180     ,  2.0593571096937005E-002) ( 0.81308740187257844     ,  2.4891589346821390E-002)
 ( 0.65290156231947671     ,  2.0490767848396780E-002) (  3.3838719124544213E-008,  1.1631530285249566E-009) (  3.3838716240805596E-008,  1.1631530246137015E-009) (-0.71874351439651185     , -2.4769385054680522E-002)
   7.6517349999999995        1.2500000000000000     
 ( 0.75595084804194257     ,  2.1425333449657757E-002) ( 0.83009054794985748     ,  2.5903737312478102E-002)
 ( 0.66539015780528532     ,  2.1316337384908169E-002) (  3.4492111081413360E-008,  1.2103410127217885E-009) (  3.4492108019233011E-008,  1.2103410084424850E-009) (-0.73259069332944204     , -2.5774112333549985E-002)
   7.7017299999999995        1.2500000000000000     
 ( 0.77159063061179212     ,  2.2285039642679305E-002) ( 0.84734401174260410     ,  2.6950254136278842E-002)
 ( 0.67802555529197217     ,  2.2169499872434717E-002) (  3.5153390778809733E-008,  1.2591237492624048E-009) (  3.5153387529083922E-008,  1.2591237442398460E-009) (-0.74660389389694592     , -2.6812785004582219E-002)
   7.7517249999999995        1.2500000000000000     
 ( 0.78745705427257373     ,  2.3173436796103994E-002) ( 0.86484996484732546     ,  2.8032067878260587E-002)
 ( 0.69080811876241077     ,  2.3050984181040346E-002) (  3.5822582406118068E-008,  1.3095438258622847E-009) (  3.5822578974545559E-008,  1.3095438211739362E-009) (-0.76078358668381396     , -2.7886308942151918E-002)
   7.8017199999999995        1.2500000000000000     
 ( 0.80355210841542701     ,  2.4091292266750351E-002) ( 0.88261067587262887     ,  2.9150142987466793E-002)
 ( 0.70373825811913737     ,  2.3961538548217847E-002) (  3.6499714221403048E-008,  1.3616454934288807E-009) (  3.6499710581573479E-008,  1.3616454882850647E-009) (-0.77513032462640041     , -2.8995625361783125E-002)
   7.8517150000000004        1.2500000000000000     
 ( 0.81987779695451890     ,  2.5039381645700593E-002) ( 0.90062843302442486     ,  3.0305455288301576E-002)
 ( 0.71681637000518050     ,  2.4901918579986203E-002) (  3.7184813275884502E-008,  1.4154734893735955E-009) (  3.7184809429277469E-008,  1.4154734837420556E-009) (-0.78964464021372960     , -3.0141685766011429E-002)
   7.9017100000000005        1.2500000000000000     
 ( 0.83643607961401512     ,  2.6018501915175733E-002) ( 0.91890544678374442     ,  3.1498997581369530E-002)
 ( 0.73004278714995341     ,  2.5872900343203276E-002) (  3.7877902106063909E-008,  1.4710732976274564E-009) (  3.7877898028156643E-008,  1.4710732922625761E-009) (-0.80432696773603818     , -3.1325457514803735E-002)
   7.9517050000000005        1.2500000000000000     
 ( 0.85322896277739613     ,  2.7029463073430224E-002) ( 0.93744410854523641     ,  3.2731790760352264E-002)
 ( 0.74341787681344751     ,  2.6875271962401609E-002) (  3.8579011788891174E-008,  1.5284916701212841E-009) (  3.8579007493137589E-008,  1.5284916634352185E-009) (-0.81917791657535532     , -3.2547934882389155E-002)
   8.0016999999999996        1.2500000000000000     
 ( 0.87025848365175895     ,  2.8073090529526518E-002) ( 0.95624656978398415     ,  3.4004869938227947E-002)
 ( 0.75694199639920368     ,  2.7909835977188938E-002) (  3.9288159525241182E-008,  1.5877759710481709E-009) (  3.9288154984027924E-008,  1.5877759645821625E-009) (-0.83419780385264408     , -3.3810125140520494E-002)
   8.0516949999999987        1.2500000000000000     
 ( 0.88752660552793472     ,  2.9150225850197199E-002) ( 0.97531525290274201     ,  3.5319292825792617E-002)
 ( 0.77061541916979126     ,  2.8977410037126932E-002) (  4.0005374721082920E-008,  1.6489745694423755E-009) (  4.0005369912452334E-008,  1.6489745627793872E-009) (-0.84938720945093216     , -3.5113056854851291E-002)
   8.1016899999999996        1.2500000000000000     
 ( 0.90503531399095949     ,  3.0261724609353158E-002) ( 0.99465233132131403     ,  3.6676139682294190E-002)
 ( 0.78443841896962141     ,  3.0078824762878462E-002) (  4.0730673875481509E-008,  1.7121368373262946E-009) (  4.0730668809762898E-008,  1.7121368297689755E-009) (-0.86474643011147823     , -3.6457779886412578E-002)
   8.1516849999999987        1.2500000000000000     
 ( 0.92278664952887135     ,  3.1408461722036492E-002) (  1.0142601648764935     ,  3.8076507856062029E-002)
 ( 0.79841129402361544     ,  3.1214928952041275E-002) (  4.1464081285072792E-008,  1.7773128865730312E-009) (  4.1464075891097296E-008,  1.7773128782727209E-009) (-0.88027593222868750     , -3.7845359757154536E-002)
   8.2016799999999996        1.2500000000000000     
 ( 0.94078273102974208     ,  3.2591328305738645E-002) (  1.0341411304070227     ,  3.9521517335655718E-002)
 ( 0.81253440483803918     ,  3.2386586450691313E-002) (  4.2205620664070117E-008,  1.8445538275493138E-009) (  4.2205614976241845E-008,  1.8445538185209436E-009) (-0.89597616648846556     , -3.9276883196156596E-002)
   8.2516749999999988        1.2500000000000000     
 ( 0.95902544754809815     ,  3.3811230159782983E-002) (  1.0542974378736918     ,  4.1012313543652867E-002)
 ( 0.82680784796325202     ,  3.3594674609081852E-002) (  4.2955306774107746E-008,  1.9139119009628273E-009) (  4.2955300761915698E-008,  1.9139118910880238E-009) (-0.91184739599548870     , -4.0753460905558259E-002)
   8.3016699999999997        1.2500000000000000     
 ( 0.97751689041849543     ,  3.5069090930490140E-002) (  1.0747315838830556     ,  4.2550061753873741E-002)
 ( 0.84123191453029089     ,  3.4840087348434634E-002) (  4.3713166300392654E-008,  1.9854402143582703E-009) (  4.3713159946378699E-008,  1.9854402035743473E-009) (-0.92789013130544939     , -4.2276221895343170E-002)
   8.3516649999999988        1.2500000000000000     
 ( 0.99625913698225343     ,  3.6365851470066518E-002) (  1.0954456210165688     ,  4.4135944474337871E-002)
 ( 0.85580685359505115     ,  3.6123734465802623E-002) (  4.4479205026717259E-008,  2.0591926066464593E-009) (  4.4479198315609566E-008,  2.0591925946241422E-009) (-0.94410443917318165     , -4.3846310751827523E-002)
   8.4016599999999997        1.2500000000000000     
 (  1.0152541941156641     ,  3.7702465842672901E-002) (  1.1164421604715711     ,  4.5771172414371106E-002)
 ( 0.87053280562657531     ,  3.7446537663295865E-002) (  4.5253452317202616E-008,  2.1352241734640531E-009) (  4.5253445229132207E-008,  2.1352241622512514E-009) (-0.96049089652469533     , -4.5464898681879334E-002)
   8.4516549999999988        1.2500000000000000     
 (  1.0345040478040708     ,  3.9079909695928561E-002) (  1.1377233843268646     ,  4.7456973544027337E-002)
 ( 0.88540987687911532     ,  3.8809438811516529E-002) (  4.6035916834321976E-008,  2.2135907426285074E-009) (  4.6035909384525923E-008,  2.2135907303052261E-009) (-0.97704961944509894     , -4.7133172334528288E-002)
   8.5016499999999997        1.2500000000000000     
 (  1.0540108685135072     ,  4.0499178116790331E-002) (  1.1592916538586850     ,  4.9194612445781868E-002)
 ( 0.90043834489908714     ,  4.0213397750436301E-002) (  4.6826614937516490E-008,  2.2943497820034367E-009) (  4.6826607068496712E-008,  2.2943497685603910E-009) (-0.99378090356400173     , -4.8852353234771349E-002)
   8.5516450000000006        1.2500000000000000     
 (  1.0737767095055664     ,  4.1961276137565263E-002) (  1.1811493603801704     ,  5.0985357125310785E-002)
 ( 0.91561833000810511     ,  4.1659382725837420E-002) (  4.7625562211692246E-008,  2.3775588376084368E-009) (  4.7625553941425226E-008,  2.3775588219342882E-009) ( -1.0106850151819045     , -5.0623664412233711E-002)
   8.6016399999999980        1.2500000000000000     
 (  1.0938034987946947     ,  4.3467233491666507E-002) (  1.2032988994154752     ,  5.2830506695832641E-002)
 ( 0.93094980121608595     ,  4.3148385166804921E-002) (  4.8432773608585064E-008,  2.4632768310483463E-009) (  4.8432764886674194E-008,  2.4632768140229543E-009) ( -1.0277622180516646     , -5.2448358126246923E-002)
   8.6516349999999989        1.2500000000000000     
 (  1.1140935007973642     ,  4.5018094489753809E-002) (  1.2257425982969163     ,  5.4731394281455036E-002)
 ( 0.94643304756454871     ,  4.4681409424354036E-002) (  4.9248259683160678E-008,  2.5515641926624955E-009) (  4.9248250512219788E-008,  2.5515641743156755E-009) ( -1.0450126669810071     , -5.4327718576480596E-002)
   8.7016299999999980        1.2500000000000000     
 (  1.1346485806316671     ,  4.6614923924513919E-002) (  1.2484827933077078     ,  5.6689364820931260E-002)
 ( 0.96206792701271659     ,  4.6259478652254771E-002) (  5.0072029952763166E-008,  2.6424818134115308E-009) (  5.0072020286242668E-008,  2.6424817935214970E-009) ( -1.0624365089013981     , -5.6263039697171377E-002)
   8.7516249999999989        1.2500000000000000     
 (  1.1554710439559976     ,  4.8258803110621987E-002) (  1.2715219236823965     ,  5.8705786097823509E-002)
 ( 0.97785472935256723     ,  4.7883630765177557E-002) (  5.0904098111441328E-008,  2.7360915660488961E-009) (  5.0904087957403155E-008,  2.7360915460271399E-009) ( -1.0800339684745053     , -5.8255636140921753E-002)
   8.8016199999999980        1.2500000000000000     
 (  1.1765627710706479     ,  4.9950830135260964E-002) (  1.2948622761196453     ,  6.0782060056335789E-002)
 ( 0.99379326239069254     ,  4.9554918642963207E-002) (  5.1744468408578856E-008,  2.8324568250878902E-009) (  5.1744457711767285E-008,  2.8324568034398117E-009) ( -1.0978050672737423     , -6.0306854433425199E-002)
   8.8516149999999989        1.2500000000000000     
 (  1.1979258846784517     ,  5.1692122767043908E-002) (  1.3185063178423320     ,  6.2919606025218594E-002)
 (  1.0098835858583968     ,  5.1274412938230936E-002) (  5.2593153149310090E-008,  2.9316416806671597E-009) (  5.2593141885174988E-008,  2.9316416571439186E-009) ( -1.1157500049909581     , -6.2418056202923289E-002)
   8.9016099999999980        1.2500000000000000     
 (  1.2195625819881748     ,  5.3483820883858529E-002) (  1.3424564549427809     ,  6.5119871968307486E-002)
 (  1.0261257881939765     ,  5.3043204500965349E-002) (  5.3450159783040786E-008,  3.0337114589992762E-009) (  5.3450147948707953E-008,  3.0337114330689751E-009) ( -1.1338688646917703     , -6.4590629181623532E-002)
   8.9516049999999989        1.2500000000000000     
 (  1.2414748988569393     ,  5.5327085323904762E-002) (  1.3667149214310659     ,  6.7384328894577225E-002)
 (  1.0425197640416426     ,  5.4862403084909250E-002) (  5.4315486597659879E-008,  3.1387324578730372E-009) (  5.4315474141023388E-008,  3.1387324333796936E-009) ( -1.1521615487463928     , -6.6825981747849733E-002)
   9.0015999999999980        1.2500000000000000     
 (  1.2636648896181935     ,  5.7223077199065511E-002) (  1.3912843346941108     ,  6.9714465369679207E-002)
 (  1.0590654098977155     ,  5.6733116616437027E-002) (  5.5189148022241682E-008,  3.2467716931260618E-009) (  5.5189134967382653E-008,  3.2467716629304924E-009) ( -1.1706282890910893     , -6.9125537182241528E-002)
   9.0515949999999989        1.2500000000000000     
 (  1.2861346649403973     ,  5.9173007294762818E-002) (  1.4161668610586826     ,  7.2111815317289940E-002)
 (  1.0757626502010256     ,  5.8656500610362941E-002) (  5.6071137544856286E-008,  3.3578981818195516E-009) (  5.6071123841781650E-008,  3.3578981507176127E-009) ( -1.1892688795870530     , -7.1490761475946504E-002)
   9.1015899999999981        1.2500000000000000     
 (  1.3088863574096588     ,  6.1178080012616237E-002) (  1.4413650638449040     ,  7.4577919235945936E-002)
 (  1.0926114054781768     ,  6.0633701805490228E-002) (  5.6961463934551212E-008,  3.4721811302025064E-009) (  5.6961449522065889E-008,  3.4721810987004768E-009) ( -1.2080834335095008     , -7.3923124350578490E-002)
   9.1515849999999990        1.2500000000000000     
 (  1.3319220678924237     ,  6.3239530951285816E-002) (  1.4668813262994036     ,  7.7114357478500234E-002)
 (  1.1096115541066025     ,  6.2665895966299165E-002) (  5.7860128204252252E-008,  3.5896914963436730E-009) (  5.7860113038968898E-008,  3.5896914601819199E-009) ( -1.2270718869788269     , -7.6424132507224921E-002)
   9.2015799999999981        1.2500000000000000     
 (  1.3552438456968716     ,  6.5358616623092683E-002) (  1.4927179704795053     ,  7.9722722581430455E-002)
 (  1.1267628481577117     ,  6.4754277184274872E-002) (  5.8767124885472837E-008,  3.7105006669505704E-009) (  5.8767108994996309E-008,  3.7105006309013842E-009) ( -1.2462340631978059     , -7.8995301848241231E-002)
   9.2515749999999990        1.2500000000000000     
 (  1.3788538904878793     ,  6.7536601909634605E-002) (  1.5188774221011447     ,  8.2404641522541178E-002)
 (  1.1440652094150912     ,  6.6900045581694920E-002) (  5.9682453161556930E-008,  3.8346815206229092E-009) (  5.9682436464529661E-008,  3.8346814817210707E-009) ( -1.2655698617408286     , -8.1638179533580948E-002)
   9.3015699999999981        1.2500000000000000     
 (  1.4027542160374746     ,  6.9774790543704848E-002) (  1.5453621219703944     ,  8.5161775817848367E-002)
 (  1.1615183309760739     ,  6.9104437456371764E-002) (  6.0606111870915477E-008,  3.9623084101898304E-009) (  6.0606094362820743E-008,  3.9623083679842954E-009) ( -1.2850791680228904     , -8.4354344158623987E-002)
   9.3515649999999990        1.2500000000000000     
 (  1.4269469955921286     ,  7.2074488632509273E-002) (  1.5721745182575599     ,  8.7995793622132695E-002)
 (  1.1791220259167274     ,  7.1368688827575591E-002) (  6.1538098450966035E-008,  4.0934558558058711E-009) (  6.1538080045735177E-008,  4.0934558100843941E-009) ( -1.3047618637355527     , -8.7145377592635312E-002)
   9.4015599999999999        1.2500000000000000     
 (  1.4514343691067035     ,  7.4437031884607402E-002) (  1.5993169243310663     ,  9.0908414512000213E-002)
 (  1.1968760638010654     ,  7.3694062585209927E-002) (  6.2478401114276349E-008,  4.2282006408070424E-009) (  6.2478381860137292E-008,  4.2282005923138329E-009) ( -1.3246176109904884     , -9.0012909518522741E-002)
   9.4515549999999990        1.2500000000000000     
 (  1.4762183858899705     ,  7.6863775862970662E-002) (  1.6267917400622187     ,  9.3901364769942361E-002)
 (  1.2147800720645414     ,  7.6081838497665810E-002) (  6.3427012683881967E-008,  4.3666197105583855E-009) (  6.3426992471251691E-008,  4.3666196583543007E-009) ( -1.3446461646075192     , -9.2958572979062987E-002)
   9.5015499999999999        1.2500000000000000     
 (  1.5013012031952062     ,  7.9356087811748272E-002) (  1.6546015456480681     ,  9.6976400000219010E-002)
 (  1.2328337839366299     ,  7.8533305210491164E-002) (  6.4383933305657726E-008,  4.5087912203874458E-009) (  6.4383912099162810E-008,  4.5087911642142374E-009) ( -1.3648474591576154     , -9.5984026441546577E-002)
   9.5515449999999991        1.2500000000000000     
 (  1.5266849107313505     ,  8.1915372205688480E-002) (  1.6827485374718043     , 0.10013532144348253     )
 (  1.2510368126969755     ,  8.1049785365344074E-002) (  6.5349140591916209E-008,  4.6547953062093159E-009) (  6.5349118409476045E-008,  4.6547952467845896E-009) ( -1.3852209233049633     , -9.9090970412095192E-002)
   9.6015400000000000        1.2500000000000000     
 (  1.5523716826035201     ,  8.4543038544145035E-002) (  1.7112352486732798     , 0.10337994874411881     )
 (  1.2693888423184994     ,  8.3632603590307678E-002) (  6.6322629830170118E-008,  4.8047127868207680E-009) (  6.6322606614732062E-008,  4.8047127267170198E-009) ( -1.4057663660491888     ,-0.10228111952144557     )
   9.6515349999999991        1.2500000000000000     
 (  1.5783635539905632     ,  8.7240530595008345E-002) (  1.7400641563922572     , 0.10671211403420618     )
 (  1.2878893824882622     ,  8.6283115433507029E-002) (  6.7304390408096534E-008,  4.9586248996824250E-009) (  6.7304366065155186E-008,  4.9586248378038401E-009) ( -1.4264834749387993     ,-0.10555619708607676     )
   9.7015300000000000        1.2500000000000000     
 (  1.6046627442530905     ,  9.0009297248163922E-002) (  1.7692375762625832     , 0.11013370669260972     )
 (  1.3065380998841316     ,  8.9002678129510890E-002) (  6.8294402715383690E-008,  5.1166153795338777E-009) (  6.8294377161181470E-008,  5.1166153081805501E-009) ( -1.4473717466882146     ,-0.10891797916285585     )
   9.7515249999999991        1.2500000000000000     
 (  1.6312712900672797     ,  9.2850821056713509E-002) (  1.7987578450287127     , 0.11364660667096498     )
 (  1.3253344296330454     ,  9.1792679188407125E-002) (  6.9292647037648855E-008,  5.2787673171897163E-009) (  6.9292620373977204E-008,  5.2787672431586331E-009) ( -1.4684306581060211     ,-0.11236822819615835     )
   9.8015200000000000        1.2500000000000000     
 (  1.6581913340930625     ,  9.5766607783824231E-002) (  1.8286274912067035     , 0.11725277339756421     )
 (  1.3442779189105942     ,  9.4654525650363336E-002) (  7.0299110690315667E-008,  5.4451673570357523E-009) (  7.0299082749610665E-008,  5.4451672774520339E-009) ( -1.4896598556730756     ,-0.11590878141432798     )
   9.8515149999999991        1.2500000000000000     
 (  1.6854249817826119     ,  9.8758170480060067E-002) (  1.8588487039694079     , 0.12095413477869926     )
 (  1.3633680012679517     ,  9.7589628025241459E-002) (  7.1313763958600633E-008,  5.6159004478362628E-009) (  7.1313734692310349E-008,  5.6159003577270259E-009) ( -1.5110586132075798     ,-0.11954143997373799     )
   9.9015100000000000        1.2500000000000000     
 (  1.7129744467812169     , 0.10182706076166910     ) (  1.8894242444316494     , 0.12475270961947789     )
 (  1.3826042373841327     , 0.10059943167818261     ) (  7.2336601921482726E-008,  5.7910555849778077E-009) (  7.2336571320416192E-008,  5.7910554910856696E-009) ( -1.5326267032230614     ,-0.12326809086952441     )
   9.9515049999999992        1.2500000000000000     
 (  1.7408417896027826     , 0.10497484036285841     ) (  1.9203563256766925     , 0.12865049639492446     )
 (  1.4019859697486001     , 0.10368538779729174     ) (  7.3367593368397848E-008,  5.9707206062321711E-009) (  7.3367561392035086E-008,  5.9707205056280446E-009) ( -1.5543633868843032     ,-0.12709059584966659     )
   10.001500000000000        1.2500000000000000     
 (  1.7690290214956315     , 0.10820308243567081     ) (  1.9516472140310277     , 0.13264953996811793     )
 (  1.4215124566873898     , 0.10684895515262212     ) (  7.4406705692568999E-008,  6.1549852942554207E-009) (  7.4406672225871487E-008,  6.1549851936047687E-009) ( -1.5762678668287229     ,-0.13101085796647069     )
   10.051494999999999        1.2500000000000000     
 (  1.7975383727168446     , 0.11151341530346982     ) (  1.9832995382230181     , 0.13675193201386660     )
 (  1.4411831707875535     , 0.11009164333616539     ) (  7.5453923907443238E-008,  6.3439414086538518E-009) (  7.5453888928474370E-008,  6.3439412998804913E-009) ( -1.5983397053835355     ,-0.13503082143671072     )
   10.101490000000000        1.2500000000000000     
 (  1.8263719957767643     , 0.11490746051630474     ) (  2.0153154031177958     , 0.14095976623988846     )
 (  1.4609974324247907     , 0.11341495064969145     ) (  7.6509205550807476E-008,  6.5376805410455766E-009) (  7.6509169003328262E-008,  6.5376804195656962E-009) ( -1.6205779201358554     ,-0.13915242714990500     )
   10.151484999999999        1.2500000000000000     
 (  1.8555318757134647     , 0.11838686646715993     ) (  2.0476974823009102     , 0.14527517213193653     )
 (  1.4809544130315768     , 0.11682039770505734     ) (  7.7572534606175217E-008,  6.7362957181039014E-009) (  7.7572496502795370E-008,  6.7362955940647424E-009) ( -1.6429820312549306     ,-0.14337764591448135     )
   10.201479999999998        1.2500000000000000     
 (  1.8850203717382177     , 0.12195332182954843     ) (  2.0804481142252649     , 0.14970033701687310     )
 (  1.5010535876812368     , 0.12030954076158488     ) (  7.8643875548199124E-008,  6.9398824405421502E-009) (  7.8643835625461446E-008,  6.9398823093251472E-009) ( -1.6655511876988307     ,-0.14770850047962378     )
   10.251474999999999        1.2500000000000000     
 (  1.9148392500763813     , 0.12560849529401141     ) (  2.1135694652558428     , 0.15423742850257519     )
 (  1.5212938378326244     , 0.12388391109391809     ) (  7.9723185090284449E-008,  7.1485350040284795E-009) (  7.9723143484991803E-008,  7.1485348625830490E-009) ( -1.6882843554458085     ,-0.15214698781916641     )
   10.301469999999998        1.2500000000000000     
 (  1.9449908489294170     , 0.12935412687169492     ) (  2.1470642700527884     , 0.15888869459264912     )
 (  1.5416745452530911     , 0.12754510651655304     ) (  8.0810443641684724E-008,  7.3623512115934387E-009) (  8.0810400079184692E-008,  7.3623510598063066E-009) ( -1.7111810061987156     ,-0.15669517890531814     )
   10.351464999999999        1.2500000000000000     
 (  1.9754771848370860     , 0.13319195659762603     ) (  2.1809344024438504     , 0.16365637484164097     )
 (  1.5621947465073234     , 0.13129471944292292     ) (  8.1905588399102476E-008,  7.5814281823194290E-009) (  8.1905543028476747E-008,  7.5814280256459351E-009) ( -1.7342396950660299     ,-0.16135512969445245     )
   10.401459999999998        1.2500000000000000     
 (  2.0063003451990924     , 0.13712373656365220     ) (  2.2151826120311364     , 0.16854275619111836     )
 (  1.5828535249918394     , 0.13513434907090793     ) (  8.3008599940704032E-008,  7.8058649548009560E-009) (  8.3008552532000525E-008,  7.8058647865091942E-009) ( -1.7574598842555680     ,-0.16612893658225020     )
   10.451454999999999        1.2500000000000000     
 (  2.0374625525935124     , 0.14115125250735988     ) (  2.2498110019779696     , 0.17355015044000302     )
 (  1.6036500733512487     , 0.13906562263686609     ) (  8.4119422304266592E-008,  8.0357614582900513E-009) (  8.4119372844706015E-008,  8.0357612776647900E-009) ( -1.7808402620419197     ,-0.17101871421196058     )
   10.501449999999998        1.2500000000000000     
 (  2.0689657517367999     , 0.14527631082822465     ) (  2.2848222125290287     , 0.17868091696286217     )
 (  1.6245832677667187     , 0.14309018267345600     ) (  8.5238025620155328E-008,  8.2712195210911143E-009) (  8.5237973955045828E-008,  8.2712193329320327E-009) ( -1.8043800535848624     ,-0.17602661736684105     )
   10.551444999999999        1.2500000000000000     
 (  2.1008120316575898     , 0.14950075578234637     ) (  2.3202181708333680     , 0.18393741840669048     )
 (  1.6456520871713460     , 0.14720970304962808     ) (  8.6364344813365752E-008,  8.5123408149487632E-009) (  8.6364291028049617E-008,  8.5123406103123695E-009) ( -1.8280777753388417     ,-0.18115479635013843     )
   10.601439999999998        1.2500000000000000     
 (  2.1330035258692548     , 0.15382641771835137     ) (  2.3560015862884196     , 0.18932206479664782     )
 (  1.6668555006175578     , 0.15142583828423753     ) (  8.7498347085806471E-008,  8.7592288980429959E-009) (  8.7498290864257521E-008,  8.7592286853140627E-009) ( -1.8519325911743849     ,-0.18640544180041446     )
   10.651434999999999        1.2500000000000000     
 (  2.1655424020114018     , 0.15825518688075926     ) (  2.3921746198686105     , 0.19483729204520622     )
 (  1.6881924919428311     , 0.15574029627608385     ) (  8.8639974463941839E-008,  9.0119881977027220E-009) (  8.8639915840458226E-008,  9.0119879781548460E-009) ( -1.8759431468925984     ,-0.19178076171957711     )
   10.701429999999998        1.2500000000000000     
 (  2.1984306949096157     , 0.16278894902482277     ) (  2.4287394667952009     , 0.20048558398741345     )
 (  1.7096619058768747     , 0.16015477393307376     ) (  8.9789168830278541E-008,  9.2707250486102753E-009) (  8.9789107809863145E-008,  9.2707248099488345E-009) ( -1.9001080608080323     ,-0.19728300374930482     )
   10.751424999999999        1.2500000000000000     
 (  2.2316704202244995     , 0.16742963136738173     ) (  2.4656987159734487     , 0.20626940537497787     )
 (  1.7312624816304938     , 0.16467100278449054     ) (  9.0945886473195323E-008,  9.5355445134774908E-009) (  9.0945822803405048E-008,  9.5355442579359804E-009) ( -1.9244262745475564     ,-0.20291438876716028     )
   10.801419999999998        1.2500000000000000     
 (  2.2652635946865249     , 0.17217917019814058     ) (  2.5030542510916085     , 0.21219129208326948     )
 (  1.7529929358073957     , 0.16929071697278067     ) (  9.2110050231304864E-008,  9.8065546182247626E-009) (  9.2109983877332335E-008,  9.8065543508403749E-009) ( -1.9488960113693763     ,-0.20867719888999781     )
   10.851414999999999        1.2500000000000000     
 (  2.2992124304153174     , 0.17703953220319790     ) (  2.5408088565354046     , 0.21825382784247291     )
 (  1.7748521758076425     , 0.17401567354889549     ) (  9.3281624704041809E-008,  1.0083865247269990E-008) (  9.3281555655743965E-008,  1.0083864957768821E-008) ( -1.9735163825720148     ,-0.21457375585341784     )
   10.901409999999998        1.2500000000000000     
 (  2.3335188050617601     , 0.18201269997968827     ) (  2.5789643102693312     , 0.22445957839429515     )
 (  1.7968387041834466     , 0.17884763820193281     ) (  9.4460522577666929E-008,  1.0367585036997629E-008) (  9.4460450569851399E-008,  1.0367584726362154E-008) ( -1.9982853719880562     ,-0.22060635387396765     )
   10.951404999999999        1.2500000000000000     
 (  2.3681849407439768     , 0.18710067775124450     ) (  2.6175232683417811     , 0.23081115806312499     )
 (  1.8189513474871477     , 0.18378839119476981     ) (  9.5646698005648915E-008,  1.0657824494995950E-008) (  9.5646623004994455E-008,  1.0657824176284779E-008) ( -2.0232018723276228     ,-0.22677732592296268     )
   11.001399999999999        1.2500000000000000     
 (  2.4032126692020284     , 0.19230551443173557     ) (  2.6564877179147439     , 0.23731125197830169     )
 (  1.8411884664033549     , 0.18883974883709553     ) (  9.6840070272098377E-008,  1.0954697034241268E-008) (  9.6839992180962736E-008,  1.0954696693032273E-008) ( -2.0482640237650211     ,-0.23308906617932007     )
   11.051394999999999        1.2500000000000000     
 (  2.4386042995166677     , 0.19762924374439261     ) (  2.6958600187592690     , 0.24396250585726220     )
 (  1.8635489272658088     , 0.19400350510643785     ) (  9.8040575706371894E-008,  1.1258313764966346E-008) (  9.8040494392153929E-008,  1.1258313391782202E-008) ( -2.0734703128066245     ,-0.23954391855828339     )
   11.101389999999999        1.2500000000000000     
 (  2.4743616068762111     , 0.20307395291372962     ) (  2.7356423978540496     , 0.25076763613782549     )
 (  1.8860309539503262     , 0.19928149834513995     ) (  9.9248140203343780E-008,  1.1568788643777721E-008) (  9.9248055566581084E-008,  1.1568788264741168E-008) ( -2.0988190070640362     ,-0.24614428790727977     )
   11.151384999999999        1.2500000000000000     
 (  2.5104867400451143     , 0.20864172895018146     ) (  2.7758369118460648     , 0.25772938656468791     )
 (  1.9086331495029323     , 0.20467555897015041     ) (  1.0046268078047919E-007,  1.1886236490244765E-008) (  1.0046259260024506E-007,  1.1886236088563626E-008) ( -2.1243081919956985     ,-0.25289259491383076     )
   11.201379999999999        1.2500000000000000     
 (  2.5469818056652693     , 0.21433470291617479     ) (  2.8164460103519731     , 0.26485052826363775     )
 (  1.9313540444491726     , 0.21018755196347660     ) (  1.0168413143118645E-007,  1.2210772893444932E-008) (  1.0168403981064225E-007,  1.2210772451511651E-008) ( -2.1499362826498851     ,-0.25979127626050780     )
   11.251374999999999        1.2500000000000000     
 (  2.5838486147314184     , 0.22015502825804345     ) (  2.8574717829693168     , 0.27213388181669285     )
 (  1.9541917612408901     , 0.21581935592225621     ) (  1.0291240637360501E-007,  1.2542515238980378E-008) (  1.0291231096425369E-007,  1.2542514791601128E-008) ( -2.1757013380439294     ,-0.26684280664696075     )
   11.301369999999999        1.2500000000000000     
 (  2.6210891940340408     , 0.22610484049180565     ) (  2.8989162052481174     , 0.27958225072607101     )
 (  1.9771446788328098     , 0.22157282246253715     ) (  1.0414741327391027E-007,  1.2881579690748166E-008) (  1.0414731415864549E-007,  1.2881579211106737E-008) ( -2.2016011916127844     ,-0.27404963211539340     )
   11.351364999999999        1.2500000000000000     
 (  2.6587056890496492     , 0.23218632398607328     ) (  2.9407816231584394     , 0.28719848870112041     )
 (  2.0002112240037251     , 0.22744984203301827     ) (  1.0538907430805479E-007,  1.3228084152119934E-008) (  1.0538897111652700E-007,  1.3228083632214052E-008) ( -2.2276340167217930     ,-0.28141423611617772     )
   11.401359999999999        1.2500000000000000     
 (  2.6966998138419926     , 0.23840171729906787     ) (  2.9830702200011086     , 0.29498552219491692     )
 (  2.0233893507788685     , 0.23345234929509259     ) (  1.0663730223688130E-007,  1.3582149407755859E-008) (  1.0663719483126718E-007,  1.3582148857902517E-008) ( -2.2537978034266102     ,-0.28893916171779904     )
   11.451355000000000        1.2500000000000000     
 (  2.7350737936414435     , 0.24475321928355848     ) (  3.0257838743157475     , 0.30294623860652642     )
 (  2.0466774534075292     , 0.23958222908850799     ) (  1.0789199183802149E-007,  1.3943893889911912E-008) (  1.0789188029191539E-007,  1.3943893308204642E-008) ( -2.2800901363031789     ,-0.29662690039135758     )
   11.501349999999999        1.2500000000000000     
 (  2.7738295611482768     , 0.25124310492719332     ) (  3.0689250025456083     , 0.31108362047910681     )
 (  2.0700736293228554     , 0.24584143199398684     ) (  1.0915306364499252E-007,  1.4313439881175446E-008) (  1.0915294758065770E-007,  1.4313439275994922E-008) ( -2.3065091398633459     ,-0.30448002520100048     )
   11.551345000000000        1.2500000000000000     
 (  2.8129689637431525     , 0.25787364467542795     ) (  3.1124955159943233     , 0.31940061227117994     )
 (  2.0935758294131190     , 0.25223189331048984     ) (  1.1042041099058907E-007,  1.4690907329095862E-008) (  1.1042029049060431E-007,  1.4690906696185636E-008) ( -2.3330523763366791     ,-0.31250105698508046     )
   11.601339999999999        1.2500000000000000     
 (  2.8524938284631620     , 0.26464711143382458     ) (  3.1564973645164431     , 0.32790023270768087     )
 (  2.1171820317273893     , 0.25875553909416410     ) (  1.1169392778938957E-007,  1.5076418950787085E-008) (  1.1169380255054963E-007,  1.5076418271526155E-008) ( -2.3597173866979420     ,-0.32069257512349247     )
   11.651335000000000        1.2500000000000000     
 (  2.8924064666702769     , 0.27156584559628061     ) (  3.2009329115633491     , 0.33658555002507656     )
 (  2.1408904437911813     , 0.26541435157547377     ) (  1.1297352098740229E-007,  1.5470099264486995E-008) (  1.1297339086920024E-007,  1.5470098552822042E-008) ( -2.3865020034841193     ,-0.32905719592408617     )
   11.701330000000000        1.2500000000000000     
 (  2.9327084319626229     , 0.27863216053101197     ) (  3.2458039378955719     , 0.34545957374983294     )
 (  2.1646986925252025     , 0.27221027475112358     ) (  1.1425907532690898E-007,  1.5872069365290311E-008) (  1.1425894026216765E-007,  1.5872068604720525E-008) ( -2.4134035883274096     ,-0.33759746045008165     )
   11.751324999999998        1.2500000000000000     
 (  2.9734017214224782     , 0.28584843967119578     ) (  3.2911127086904335     , 0.35452545440517724     )
 (  2.1886046745615437     , 0.27914530937831278     ) (  1.1555048768060588E-007,  1.6282456207024924E-008) (  1.1555034723571011E-007,  1.6282455411232778E-008) ( -2.4404197337668343     ,-0.34631603474992401     )
   11.801319999999999        1.2500000000000000     
 (  3.0144883697240394     , 0.29321705284706961     ) (  3.3368608971114964     , 0.36378626078692938     )
 (  2.2126062991186073     , 0.28622143038223435     ) (  1.1684763017345806E-007,  1.6701382284847973E-008) (  1.1684748433431817E-007,  1.6701381447049670E-008) ( -2.4675475683947643     ,-0.35521548693440180     )
   11.851314999999998        1.2500000000000000     
 (  3.0559702500354025     , 0.30074038744598719     ) (  3.3830507720269010     , 0.37324520242512216     )
 (  2.2367013248494620     , 0.29344061816910255     ) (  1.1815040170948837E-007,  1.7128975998312426E-008) (  1.1815025047652908E-007,  1.7128975131762152E-008) ( -2.4947846913174523     ,-0.36429850961304372     )
   11.901309999999999        1.2500000000000000     
 (  3.0978491603079124     , 0.30842087021808601     ) (  3.4296841531600357     , 0.38290540871623824     )
 (  2.2608873451684666     , 0.30080487796544325     ) (  1.1945866979117226E-007,  1.7565361239111791E-008) (  1.1945851264020313E-007,  1.7565360320623707E-008) ( -2.5221280980956373     ,-0.37356769711062127     )
   11.951304999999998        1.2500000000000000     
 (  3.1401270165906436     , 0.31626093116629095     ) (  3.4767631344820149     , 0.39277008354835063     )
 (  2.2851620126527048     , 0.30831620511051261     ) (  1.2077232459852193E-007,  1.8010664638226945E-008) (  1.2077216159767819E-007,  1.8010663636645580E-008) ( -2.5495752233412974     ,-0.38302570144829995     )
   12.001299999999999        1.2500000000000000     
 (  3.1828054200190619     , 0.32426306145442674     ) (  3.5242890715827988     , 0.40284252889961331     )
 (  2.3095226149678618     , 0.31597664177721357     ) (  1.2209120629731736E-007,  1.8465016581891870E-008) (  1.2209103717352516E-007,  1.8465015548240863E-008) ( -2.5771224742352370     ,-0.39267525239997303     )
   12.051294999999998        1.2500000000000000     
 (  3.2258867152939148     , 0.33242969466751382     ) (  3.5722648553091432     , 0.41312592188634983     )
 (  2.3339672488116983     , 0.32378815839190889     ) (  1.2341523605690609E-007,  1.8928540913689519E-008) (  1.2341506040152440E-007,  1.8928539812445329E-008) ( -2.6047679214959469     ,-0.40251893808241673     )
   12.101289999999999        1.2500000000000000     
 (  3.2693722067157869     , 0.34076338806320855     ) (  3.6206913346004024     , 0.42362358166316399     )
 (  2.3584927274354657     , 0.33175283366111119     ) (  1.2474422823526962E-007,  1.9401367284556984E-008) (  1.2474404596902740E-007,  1.9401366140711241E-008) ( -2.6325074267543926     ,-0.41255946852960307     )
   12.151284999999998        1.2500000000000000     
 (  3.3132640972617722     , 0.34926659208965194     ) (  3.6695711545260288     , 0.43433879400323516     )
 (  2.3830968600608533     , 0.33987262326857237     ) (  1.2607808278056276E-007,  1.9883622833049561E-008) (  1.2607789400605071E-007,  1.9883621612492326E-008) ( -2.6603386169322816     ,-0.42279949870061473     )
   12.201279999999999        1.2500000000000000     
 (  3.3575640530631348     , 0.35794190549572547     ) (  3.7189055575453875     , 0.44527494159360920     )
 (  2.4077768227711047     , 0.34814961681753337     ) (  1.2741663179849909E-007,  2.0375438513705226E-008) (  1.2741643584041185E-007,  2.0375437224292613E-008) ( -2.6882576824277011     ,-0.43324176217230059     )
   12.251274999999998        1.2500000000000000     
 (  3.4022738480509838     , 0.36679187258004375     ) (  3.7686968940507817     , 0.45643537431295517     )
 (  2.4325298779906750     , 0.35658583274809424     ) (  1.2875975590313298E-007,  2.0876942738134120E-008) (  1.2875955269630120E-007,  2.0876941364073372E-008) ( -2.7162618470105122     ,-0.44388893588390527     )
   12.301269999999999        1.2500000000000000     
 (  3.4473951987435210     , 0.37581904639595176     ) (  3.8189464410607545     , 0.46782345214736459     )
 (  2.4573531609568957     , 0.36518328070813222     ) (  1.3010728503736804E-007,  2.1388263480792677E-008) (  1.3010707443224935E-007,  2.1388262050304192E-008) ( -2.7443472827929551     ,-0.45474368596353143     )
   12.351264999999998        1.2500000000000000     
 (  3.4929300107523749     , 0.38502604191754880     ) (  3.8696563206045274     , 0.47944263374994056     )
 (  2.4822439317354825     , 0.37394401517825449     ) (  1.3145908061489657E-007,  2.1909532475203452E-008) (  1.3145886240159485E-007,  2.1909530939088357E-008) ( -2.7725107490384486     ,-0.46580875579148862     )
   12.401259999999999        1.2500000000000000     
 (  3.5388799956951891     , 0.39441544561797809     ) (  3.9208282661993787     , 0.49129630137189489     )
 (  2.5071992211729692     , 0.38287004481491560     ) (  1.3281498794361294E-007,  2.2440876785845569E-008) (  1.3281476157879542E-007,  2.2440875163607010E-008) ( -2.8007486924154712     ,-0.47708678697446366     )
   12.451254999999998        1.2500000000000000     
 (  3.5852468232993022     , 0.40398993373984038     ) (  3.9724636989126854     , 0.50338798223619485     )
 (  2.5322159509916538     , 0.39196344979611719     ) (  1.3417483088240101E-007,  2.2982429287558651E-008) (  1.3417459620880523E-007,  2.2982427590871805E-008) ( -2.8290571616574831     ,-0.48858054191185163     )
   12.501249999999999        1.2500000000000000     
 (  3.6320321198781365     , 0.41375213828199953     ) (  4.0245643887566382     , 0.51572112521957203     )
 (  2.5572909701782169     , 0.40122624528092421     ) (  1.3553845432170127E-007,  2.3534318170796474E-008) (  1.3553821111266476E-007,  2.3534316394693295E-008) ( -2.8574325823887539     ,-0.50029268221043610     )
   12.551245000000000        1.2500000000000000     
 (  3.6792380381506340     , 0.42370468227778019     ) (  4.0771325634669804     , 0.52829919296943462     )
 (  2.5824215927760341     , 0.41066042039861095     ) (  1.3690571361583630E-007,  2.4096671225645797E-008) (  1.3690546175854720E-007,  2.4096669348282969E-008) ( -2.8858716412057523     ,-0.51222585478113647     )
   12.601239999999999        1.2500000000000000     
 (  3.7268658788968150     , 0.43385031374806421     ) (  4.1301690335616170     , 0.54112579394127569     )
 (  2.6076042660007932     , 0.42026806872961048     ) (  1.3827640319994289E-007,  2.4669621886870363E-008) (  1.3827614219115980E-007,  2.4669619947795801E-008) ( -2.9143696059571234     ,-0.52438282778529299     )
   12.651235000000000        1.2500000000000000     
 (  3.7749173880128106     , 0.44419172788273215     ) (  4.1836757301450387     , 0.55420441582065771     )
 (  2.6328357289622448     , 0.43005120925224205     ) (  1.3965035702510699E-007,  2.5253296921826171E-008) (  1.3965008677209505E-007,  2.5253294857818965E-008) ( -2.9429227639978985     ,-0.53676622035134325     )
   12.701229999999999        1.2500000000000000     
 (  3.8233940827199895     , 0.45473158822121307     ) (  4.2376542722344643     , 0.56753869366671328     )
 (  2.6581125346778665     , 0.44001180977197119     ) (  1.4102739998731987E-007,  2.5847828698968308E-008) (  1.4102712020611421E-007,  2.5847826508582035E-008) ( -2.9715270147007526     ,-0.54937877278700586     )
   12.751225000000000        1.2500000000000000     
 (  3.8722980725223177     , 0.46547267954703891     ) (  4.2921062634901386     , 0.58113214294522608     )
 (  2.6834317578484543     , 0.45015193598314218     ) (  1.4240735127892931E-007,  2.6453342878749760E-008) (  1.4240706145277571E-007,  2.6453340575511078E-008) ( -3.0001782849519385     ,-0.56222307591362364     )
   12.801219999999999        1.2500000000000000     
 (  3.9216303988811068     , 0.47641769692680541     ) (  4.3470333609808343     , 0.59498847185339532     )
 (  2.7087893247367969     , 0.46047354288737347     ) (  1.4379003116870159E-007,  2.7069972910518796E-008) (  1.4378973098360382E-007,  2.7069970496283248E-008) ( -3.0288724515744545     ,-0.57530188248637926     )
   12.851215000000000        1.2500000000000000     
 (  3.9713934438644549     , 0.48756948071118383     ) (  4.4024369773323091     , 0.60911122515925020     )
 (  2.7341824464654900     , 0.47097870691355725     ) (  1.4517524054394942E-007,  2.7697843283036027E-008) (  1.4517492991850308E-007,  2.7697840747002978E-008) ( -3.0576049396396860     ,-0.58861775282205075     )
   12.901209999999999        1.2500000000000000     
 (  4.0215879845215552     , 0.49893073831688894     ) (  4.4583184602557422     , 0.62350409679216245     )
 (  2.7596066159983632     , 0.48166934855239207     ) (  1.4656277667955825E-007,  2.8337084192144750E-008) (  1.4656245532991980E-007,  2.8337081518462723E-008) ( -3.0863712450057559     ,-0.60217336481607220     )
   12.951205000000000        1.2500000000000000     
 (  4.0722164320839553     , 0.51050431820634212     ) (  4.5146792738332495     , 0.63817075213772001     )
 (  2.7850590306402654     , 0.49254750368105898     ) (  1.4795244227771652E-007,  2.8987823113684594E-008) (  1.4795210970744419E-007,  2.8987820307483836E-008) ( -3.1151667595340853     ,-0.61597133467524945     )
   13.001199999999999        1.2500000000000000     
 (  4.1232796308079918     , 0.52229298649019873     ) (  4.5715212546783537     , 0.65311491660413790     )
 (  2.8105352865826432     , 0.50361510212675265     ) (  1.4934405296858341E-007,  2.9650189059250079E-008) (  1.4934370866651304E-007,  2.9650186137056155E-008) ( -3.1439872235512683     ,-0.63001430702946148     )
   13.051195000000000        1.2500000000000000     
 (  4.1747794516038201     , 0.53429960591116032     ) (  4.6288451852466395     , 0.66834024560128147     )
 (  2.8360317106738284     , 0.51487414300194057     ) (  1.5073736927707043E-007,  3.0324306167849418E-008) (  1.5073701336005592E-007,  3.0324303073221586E-008) ( -3.1728273053276008     ,-0.64430481946242613     )
   13.101189999999999        1.2500000000000000     
 (  4.2267175913072839     , 0.54652700161297219     ) (  4.6866529777584480     , 0.68385049760454553     )
 (  2.8615447280512716     , 0.52632656361128316     ) (  1.5213220772425421E-007,  3.1010302156649249E-008) (  1.5213183913023216E-007,  3.1010298896322456E-008) ( -3.2016826902733935     ,-0.65884548183562663     )
   13.151185000000000        1.2500000000000000     
 (  4.2790954747546746     , 0.55897802746451664     ) (  4.7449455521995967     , 0.69964936408839895     )
 (  2.8870700159924358     , 0.53797430136279767     ) (  1.5352832357015649E-007,  3.1708299888907379E-008) (  1.5352794247494940E-007,  3.1708296486692019E-008) ( -3.2305479310624610     ,-0.67363879389508230     )
   13.201179999999999        1.2500000000000000     
 (  4.3319144997454302     , 0.57165554548731801     ) (  4.8037245048226884     , 0.71574068565235505     )
 (  2.9126035978922129     , 0.54981927307499701     ) (  1.5492551591939315E-007,  3.2418427785516134E-008) (  1.5492512190348519E-007,  3.2418424232335972E-008) ( -3.2594183381112680     ,-0.68868737254649692     )
   13.251175000000000        1.2500000000000000     
 (  4.3851761054055238     , 0.58456239238213026     ) (  4.8629911829395578     , 0.73212814568273654     )
 (  2.9381413095786870     , 0.56186334277746464     ) (  1.5632356050831052E-007,  3.3140805341176308E-008) (  1.5632315275658723E-007,  3.3140801571089510E-008) ( -3.2882887722087690     ,-0.70399363599153530     )
   13.301169999999999        1.2500000000000000     
 (  4.4388823236767037     , 0.59770151710780739     ) (  4.9227466004117737     , 0.74881557942404064     )
 (  2.9636793536648072     , 0.57410845617667128     ) (  1.5772221082358865E-007,  3.3875557400312601E-008) (  1.5772178976204692E-007,  3.3875553434555826E-008) ( -3.3171537251382825     ,-0.71956011792017294     )
   13.351165000000000        1.2500000000000000     
 (  4.4930338381394765     , 0.61107579487955810     ) (  4.9829921366790151     , 0.76580675546207666     )
 (  2.9892126727370707     , 0.58655645640330867     ) (  1.5912124309509861E-007,  3.4622804104357446E-008) (  1.5912080745898172E-007,  3.4622799958104878E-008) ( -3.3460080382715858     ,-0.73538923945442503     )
   13.401159999999999        1.2500000000000000     
 (  4.5476329377425895     , 0.62468817064868998     ) (  5.0437289366675415     , 0.78310555003243576     )
 (  3.0147377778034281     , 0.59920922103486141     ) (  1.6052041254560793E-007,  3.5382668840192547E-008) (  1.6051996231214176E-007,  3.5382664477020870E-008) ( -3.3748461094615969     ,-0.75148349310332274     )
   13.451155000000000        1.2500000000000000     
 (  4.6026803588605150     , 0.63854151564662620     ) (  5.1049584573744733     , 0.80071577386866566     )
 (  3.0402495810766950     , 0.61206852666511924     ) (  1.6191949016829146E-007,  3.6155270273694433E-008) (  1.6191902489169010E-007,  3.6155265715171057E-008) ( -3.4036627161282080     ,-0.76784525707121143     )
   13.501149999999999        1.2500000000000000     
 (  4.6581778171569814     , 0.65263881029509085     ) (  5.1666815410867857     , 0.81864121385001398     )
 (  3.0657439101676678     , 0.62513622318980944     ) (  1.6331821412536518E-007,  3.6940724049512501E-008) (  1.6331773314255471E-007,  3.6940719194439999E-008) ( -3.4324518695785251     ,-0.78447684689736896     )
   13.551145000000000        1.2500000000000000     
 (  4.7141270064504575     , 0.66698296802932955     ) (  5.2288994070252555     , 0.83688577234809203     )
 (  3.0912162466193993     , 0.63841405998916623     ) (  1.6471633312856909E-007,  3.7739149134309927E-008) (  1.6471583618506263E-007,  3.7739144051246629E-008) ( -3.4612079041913728     ,-0.80138063939503945     )
   13.601139999999999        1.2500000000000000     
 (  4.7705288845632348     , 0.68157694950958969     ) (  5.2916133938899463     , 0.85545319245326346     )
 (  3.1166616829814102     , 0.65190379825081646     ) (  1.6611359990192068E-007,  3.8550655484053189E-008) (  1.6611308673042499E-007,  3.8550650168388932E-008) ( -3.4899250617009927     ,-0.81855881580939138     )
   13.651135000000000        1.2500000000000000     
 (  4.8273851169360977     , 0.69642375649400379     ) (  5.3548243706929473     , 0.87434751310942771     )
 (  3.1420755873164312     , 0.66560720474124002     ) (  1.6750974467283278E-007,  3.9375364640137749E-008) (  1.6750921434942936E-007,  3.9375359037815752E-008) ( -3.5185973459250555     ,-0.83601379396112452     )
   13.701129999999999        1.2500000000000000     
 (  4.8846969656294430     , 0.71152631491176155     ) (  5.4185334595741868     , 0.89357252953417432     )
 (  3.1674531621135160     , 0.67952593314960152     ) (  1.6890450017569123E-007,  4.0213384698978928E-008) (  1.6890395238902738E-007,  4.0213378860994127E-008) ( -3.5472185299182062     ,-0.85374770430632696     )
   13.751125000000000        1.2500000000000000     
 (  4.9424655527674020     , 0.72688765627940866     ) (  5.4827416068402757     , 0.91313215108880574     )
 (  3.1927892361657468     , 0.69366170853845144     ) (  1.7029759977780847E-007,  4.1064827289432659E-008) (  1.7029703411778488E-007,  4.1064821135154063E-008) ( -3.5757825538197041     ,-0.87176274054655689     )
   13.801119999999999        1.2500000000000000     
 (  5.0006928098453631     , 0.74251071401487456     ) (  5.5474496851187745     , 0.93303022731250929     )
 (  3.2180793113728905     , 0.70801610752141486     ) (  1.7168874960507104E-007,  4.1929798572257750E-008) (  1.7168816562958777E-007,  4.1929792128645695E-008) ( -3.6042827576206928     ,-0.89006097705275400     )
   13.851115000000000        1.2500000000000000     
 (  5.0593795952241631     , 0.75839855565827596     ) (  5.6126587530470298     , 0.95327072309320249     )
 (  3.2433179266083680     , 0.72259081517640344     ) (  1.7307768062710242E-007,  4.2808408315682270E-008) (  1.7307707785237796E-007,  4.2808401616011018E-008) ( -3.6327130032944872     ,-0.90864455582417591     )
   13.901109999999999        1.2500000000000000     
 (  5.1185274730043382     , 0.77455413144067531     ) (  5.6783704032135329     , 0.97385745204332130     )
 (  3.2685001885365308     , 0.73738734916319515     ) (  1.7446414022716423E-007,  4.3700756873076911E-008) (  1.7446351765708363E-007,  4.3700749793277760E-008) ( -3.6610673518900674     ,-0.92751541025801132     )
   13.951105000000000        1.2500000000000000     
 (  5.1781376842032696     , 0.79098048458179848     ) (  5.7445845160323081     , 0.99479443843646709     )
 (  3.2936207458273898     , 0.75240727802152696     ) (  1.7584777733294217E-007,  4.4606951806432591E-008) (  1.7584713510936009E-007,  4.4606944387706732E-008) ( -3.6893380209887741     ,-0.94667562377698022     )
   14.001100000000001        1.2500000000000000     
 (  5.2382113010216926     , 0.80768063933133549     ) (  5.8113026405486563     ,  1.0160855568553233     )
 (  3.3186740974507343     , 0.76765211218303175     ) (  1.7722834060772517E-007,  4.5527091539073897E-008) (  1.7722767714829448E-007,  4.5527083811685367E-008) ( -3.7175191483069967     ,-0.96612707108552820     )
   14.051095000000000        1.2500000000000000     
 (  5.2987500973917543     , 0.82465766385519923     ) (  5.8785255212058072     ,  1.0377348012194925     )
 (  3.3436552658161580     , 0.78312335474977446     ) (  1.7860551074074387E-007,  4.6461277567028730E-008) (  1.7860482642710359E-007,  4.6461269398788999E-008) ( -3.7456035390303191     ,-0.98587168751932774     )
   14.101089999999997        1.2500000000000000     
 (  5.3597550323461771     , 0.84191448308521877     ) (  5.9462541319745519     ,  1.0597459345878126     )
 (  3.3685585646029583     , 0.79882232574232026     ) (  1.7997900099792115E-007,  4.7409597814917812E-008) (  1.7997829490936550E-007,  4.7409589300955118E-008) ( -3.7735844991124678     , -1.0059111091298265     )
   14.151084999999997        1.2500000000000000     
 (  5.4212273017424364     , 0.85945424221338684     ) (  6.0144889276432343     ,  1.0821230118383156     )
 (  3.3933783337401442     , 0.81475051696183787     ) (  1.8134847703260349E-007,  4.8372151659896989E-008) (  1.8134774784988295E-007,  4.8372142795618957E-008) ( -3.8014544474762468     , -1.0262472126555306     )
   14.201079999999997        1.2500000000000000     
 (  5.4831684282466044     , 0.87727998882394587     ) (  6.0832313743772959     ,  1.1048700437106174     )
 (  3.4181090670923844     , 0.83090926967187950     ) (  1.8271365246614125E-007,  4.9349033120167454E-008) (  1.8271290050930554E-007,  4.9349023868722005E-008) ( -3.8292069359861016     , -1.0468817443679468     )
   14.251074999999998        1.2500000000000000     
 (  5.5455795029936281     , 0.89539466730708628     ) (  6.1524815891615283     ,  1.1279907979085642     )
 (  3.4427450635411936     , 0.84729977445244642     ) (  1.8407418490217706E-007,  5.0340322807472051E-008) (  1.8407340927539292E-007,  5.0340312984326499E-008) ( -3.8568340341225071     , -1.0678161573482747     )
   14.301069999999998        1.2500000000000000     
 (  5.6084616859346115     , 0.91380142068472814     ) (  6.2222405906744349     ,  1.1514892651828033     )
 (  3.4672803305136806     , 0.86392337260275542     ) (  1.8542975233276202E-007,  5.1346108194132292E-008) (  1.8542895220021119E-007,  5.1346097956618771E-008) ( -3.8843283444774666     , -1.0890520425367689     )
   14.351064999999998        1.2500000000000000     
 (  5.6718164439701724     , 0.93250335299720477     ) (  6.2925095618844029     ,  1.1753694711055760     )
 (  3.4917092864834403     , 0.88078130769255092     ) (  1.8678005253006868E-007,  5.2366475784683219E-008) (  1.8677922730619429E-007,  5.2366465107969993E-008) ( -3.9116830476403921     , -1.1105909589571665     )
   14.401059999999998        1.2500000000000000     
 (  5.7356444703700378     , 0.95150348450440880     ) (  6.3632884472554965     ,  1.1996352959071765     )
 (  3.5160254025952384     , 0.89787468922798641     ) (  1.8812471884139547E-007,  5.3401502575937145E-008) (  1.8812386809555076E-007,  5.3401491355283547E-008) ( -3.9388897039803248     , -1.1324342517862263     )
   14.451054999999998        1.2500000000000000     
 (  5.7999475942125347     , 0.97080479043185042     ) (  6.4345783806454229     ,  1.2242906656238159     )
 (  3.5402231460913338     , 0.91520452767068772     ) (  1.8946342206283865E-007,  5.4451264096534446E-008) (  1.8946254457631332E-007,  5.4451252321263751E-008) ( -3.9659408510748762     , -1.1545832267145388     )
   14.501049999999998        1.2500000000000000     
 (  5.8647270598579357     , 0.99041055635434239     ) (  6.5063804655182693     ,  1.2493395475268319     )
 (  3.5642964842466829     , 0.93277207903712844     ) (  1.9079584269794823E-007,  5.5515834529878188E-008) (  1.9079493796221780E-007,  5.5515822322813059E-008) ( -3.9928290762128951     , -1.1770391492135288     )
   14.551044999999998        1.2500000000000000     
 (  5.9299833492837850     ,  1.0103236598582939     ) (  6.5786944941188397     ,  1.2747858544510151     )
 (  3.5882384120777906     , 0.95057813878159969     ) (  1.9212158636686282E-007,  5.6595283141891974E-008) (  1.9212065439178346E-007,  5.6595270310724810E-008) ( -4.0195454307008758     , -1.1998031614478140     )
   14.601039999999998        1.2500000000000000     
 (  5.9957181392874652     ,  1.0305473002358903     ) (  6.6515218768201345     ,  1.3006336368970746     )
 (  3.6120431858672397     , 0.96862376557984553     ) (  1.9344034804839201E-007,  5.7689681382876882E-008) (  1.9343938756477326E-007,  5.7689667981103816E-008) ( -4.0460829408864365     , -1.2228764512488084     )
   14.651034999999998        1.2500000000000000     
 (  6.0619328599215301     ,  1.0510844954125786     ) (  6.7248630592960668     ,  1.3268866335542941     )
 (  3.6357047097274515     , 0.98690977037298933     ) (  1.9475174653882977E-007,  5.8799083047064445E-008) (  1.9475075669298064E-007,  5.8799069076963691E-008) ( -4.0724327313081039     , -1.2462598061202106     )
   14.701029999999998        1.2500000000000000     
 (  6.1286280919349441     ,  1.0719383742821684     ) (  6.7987181510853301     ,  1.3535489850209017     )
 (  3.6592155091955623     ,  1.0054370059458881     ) (  1.9605540149815272E-007,  5.9923556909888687E-008) (  1.9605438112237413E-007,  5.9923542244878146E-008) ( -4.0985863251725041     , -1.2699543279608485     )
   14.751024999999998        1.2500000000000000     
 (  6.1958053449452759     ,  1.0931119930233086     ) (  6.8730886621142506     ,  1.3806244298965817     )
 (  3.6825698907423239     ,  1.0242062009687232     ) (  1.9735098549733606E-007,  6.1063149682748386E-008) (  1.9734993426794853E-007,  6.1063134387310506E-008) ( -4.1245359649710691     , -1.2939606321326920     )
   14.801019999999998        1.2500000000000000     
 (  6.2634657626947297     ,  1.1146084550356277     ) (  6.9479745351294184     ,  1.4081171151383547     )
 (  3.7057608023151576     ,  1.0432180527009054     ) (  1.9863809652217880E-007,  6.2217923216021122E-008) (  1.9863701282889408E-007,  6.2217907142584750E-008) ( -4.1502726268139156     , -1.3182796418171474     )
   14.851014999999999        1.2500000000000000     
 (  6.3316106160435828     ,  1.1364309381434097     ) (  7.0233770166398131     ,  1.4360307879344283     )
 (  3.7287815401890376     ,  1.0624732673141442     ) (  1.9991637946108659E-007,  6.3387916979673487E-008) (  1.9991526381909989E-007,  6.3387900192137029E-008) ( -4.1757881582383876     , -1.3429117913030657     )
   14.901009999999998        1.2500000000000000     
 (  6.4002410304452759     ,  1.1585824141267391     ) (  7.0992958716982892     ,  1.4643694278461654     )
 (  3.7516254883184597     ,  1.0819722765180519     ) (  2.0118542456391307E-007,  6.4573177237351482E-008) (  2.0118427519305239E-007,  6.4573159636212680E-008) ( -4.2010730375374905     , -1.3678576423753921     )
   14.951004999999999        1.2500000000000000     
 (  6.4693581510846876     ,  1.1810660123516858     ) (  7.1757323982371091     ,  1.4931369846927565     )
 (  3.7742855419773962     ,  1.1017155924614821     ) (  2.0244487108121155E-007,  6.5773744334792818E-008) (  2.0244368666317252E-007,  6.5773726060271400E-008) ( -4.2261190811699052     , -1.3931176109011252     )
   15.000999999999998        1.2500000000000000     
 (  6.5389627067626792     ,  1.2038848806447808     ) (  7.2526865423761349     ,  1.5223373580077193     )
 (  3.7967543980223644     ,  1.1217036664331492     ) (  2.0369430186299373E-007,  6.6989652922413362E-008) (  2.0369308158519090E-007,  6.6989633809303041E-008) ( -4.2509166147402135     , -1.4186919925882575     )
   15.050994999999999        1.2500000000000000     
 (  6.6090568090211130     ,  1.2270421105664440     ) (  7.3301595964232504     ,  1.5519744229625023     )
 (  3.8190256703319396     ,  1.1419368322633932     ) (  2.0493335258356404E-007,  6.8220932055534978E-008) (  2.0493209686109277E-007,  6.8220912124329347E-008) ( -4.2754575089145961     , -1.4445809257507412     )
   15.100989999999998        1.2500000000000000     
 (  6.6796408807132641     ,  1.2505408161085696     ) (  7.4081513650680524     ,  1.5820520280073544     )
 (  3.8410916724714976     ,  1.1624153542671207     ) (  2.0616159145304464E-007,  6.9467604548534702E-008) (  2.0616029769317125E-007,  6.9467583791615254E-008) ( -4.2997315449694833     , -1.4707844071979266     )
   15.150984999999999        1.2500000000000000     
 (  6.7507161567524525     ,  1.2743840718915562     ) (  7.4866633006341905     ,  1.6125743385074036     )
 (  3.8629452565991778     ,  1.1831393798987440     ) (  2.0737865213127235E-007,  7.0729704235343257E-008) (  2.0737732046815565E-007,  7.0729682317910136E-008) ( -4.3237304538860517     , -1.4973026520338106     )
   15.200979999999998        1.2500000000000000     
 (  6.8222842748796424     ,  1.2985749277157410     ) (  7.5656953129614068     ,  1.6435449602591570     )
 (  3.8845792224075950     ,  1.2041089442402353     ) (  2.0858408733316210E-007,  7.2007233431409261E-008) (  2.0858271629716225E-007,  7.2007210797455088E-008) ( -4.3474439734417007     , -1.5241351929508387     )
   15.250974999999999        1.2500000000000000     
 (  6.8943459702440784     ,  1.3231166906749299     ) (  7.6452478710473990     ,  1.6749679186181106     )
 (  3.9059859067664018     ,  1.2253242563419404     ) (  2.0977748725510931E-007,  7.3300210026852250E-008) (  2.0977607635635629E-007,  7.3300186337071468E-008) ( -4.3708626932890278     , -1.5512818593329534     )
   15.300969999999998        1.2500000000000000     
 (  6.9669027729337563     ,  1.3480122527894505     ) (  7.7253219796056589     ,  1.7068471256808926     )
 (  3.9271581507572009     ,  1.2467850284885693     ) (  2.1095845623834233E-007,  7.4608641161543859E-008) (  2.1095700387723895E-007,  7.4608616464117714E-008) ( -4.3939774323608400     , -1.5787422436408389     )
   15.350964999999999        1.2500000000000000     
 (  7.0399554777363793     ,  1.3732648989562153     ) (  7.8059177537981439     ,  1.7391865610042725     )
 (  3.9480879713062409     ,  1.2684912748456696     ) (  2.1212653753382305E-007,  7.5932532331199152E-008) (  2.1212504275815753E-007,  7.5932506610461718E-008) ( -4.4167777554797780     , -1.6065158709499254     )
   15.400959999999998        1.2500000000000000     
 (  7.1135055824602711     ,  1.3988776411961610     ) (  7.8870366183501162     ,  1.7719897352160006     )
 (  3.9687678436654807     ,  1.2904426273250726     ) (  2.1328134925675444E-007,  7.7271861626905897E-008) (  2.1327981093870882E-007,  7.7271834765807542E-008) ( -4.4392547913069427     , -1.6346016790898628     )
   15.450954999999999        1.2500000000000000     
 (  7.1875542770486449     ,  1.4248536871927031     ) (  7.9686780025288080     ,  1.8052609396504198     )
 (  3.9891902130650929     ,  1.3126388377666844     ) (  2.1442240418974170E-007,  7.8626638888881183E-008) (  2.1442082141167437E-007,  7.8626610769488571E-008) ( -4.4613974076969960     , -1.6629992454008606     )
   15.500949999999998        1.2500000000000000     
 (  7.2621028860195072     ,  1.4511961091755050     ) (  8.0508435415175370     ,  1.8390040049298566     )
 (  4.0093472284629286     ,  1.3350794135707955     ) (  2.1554931654138222E-007,  7.9996846391308266E-008) (  2.1554768723403335E-007,  7.9996817088498846E-008) ( -4.4831965711920798     , -1.6917075517713003     )
   15.550944999999999        1.2500000000000000     
 (  7.3371524643966461     ,  1.4779080197226784     ) (  8.1335334299469846     ,  1.8732224839380955     )
 (  4.0292306689942334     ,  1.3577638102633529     ) (  2.1666162289031132E-007,  8.1382448132551065E-008) (  2.1665994774571420E-007,  8.1382417490840728E-008) ( -4.5046418241266570     , -1.7207251468354856     )
   15.600939999999998        1.2500000000000000     
 (  7.4126919558578122     ,  1.5049924074598298     ) (  8.2167462435655452     ,  1.9079206509961937     )
 (  4.0488447860029586     ,  1.3806916807987843     ) (  2.1775842200476202E-007,  8.2783425359227785E-008) (  2.1775846416352948E-007,  8.2783421943258457E-008) ( -4.5257237030406792     , -1.7500512052066695     )
   15.650934999999999        1.2500000000000000     
 (  7.4887467349079522     ,  1.5324527508123189     ) (  8.3004859178062187     ,  1.9431021554407053     )
 (  4.0681575581740423     ,  1.4038618019563882     ) (  2.1884013856657141E-007,  8.4199755927254681E-008) (  2.1884018169595153E-007,  8.4199752364568791E-008) ( -4.5464293870575823     , -1.7796840099553033     )
   15.700930000000000        1.2500000000000000     
 (  7.5653065438041409     ,  1.5602920476589237     ) (  8.3847525077806875     ,  1.9787708914579800     )
 (  4.0871730852342933     ,  1.4272735847369431     ) (  2.1990594528471159E-007,  8.5631391440098490E-008) (  2.1990599076205461E-007,  8.5631387917926609E-008) ( -4.5667508417443345     , -1.8096220483817278     )
   15.750924999999999        1.2500000000000000     
 (  7.6423724966950219     ,  1.5885134080709591     ) (  8.4695453150493627     ,  2.0149307306087922     )
 (  4.1058825245695445     ,  1.4509260608243255     ) (  2.2095529684792244E-007,  8.7078286940364688E-008) (  2.2095534374576689E-007,  8.7078282927860071E-008) ( -4.5866757471168116     , -1.8398635737434510     )
   15.800920000000000        1.2500000000000000     
 (  7.7199456630106029     ,  1.6171200067122196     ) (  8.5548661557785195     ,  2.0515856192592348     )
 (  4.1242778259442874     ,  1.4748182005487882     ) (  2.2198780728640175E-007,  8.8540394103393392E-008) (  2.2198785585741764E-007,  8.8540390236909659E-008) ( -4.6061949729331193     , -1.8704067725472675     )
   15.850914999999999        1.2500000000000000     
 (  7.7980279022062522     ,  1.6461149729604050     ) (  8.6407150411553992     ,  2.0887394272189104     )
 (  4.1423508400970039     ,  1.4989487979682792     ) (  2.2300296985589180E-007,  9.0017654352447320E-008) (  2.2300301982010317E-007,  9.0017650160133200E-008) ( -4.6252969739442467     , -1.9012495509325813     )
   15.900910000000000        1.2500000000000000     
 (  7.8766200952963610     ,  1.6755016232349658     ) (  8.7270927422943512     ,  2.1263960968288487     )
 (  4.1600925392691623     ,  1.5233167383282820     ) (  2.2400031641860707E-007,  9.1510006438273652E-008) (  2.2400036941098521E-007,  9.1510002240725702E-008) ( -4.6439708545983054     , -1.9323897565919670     )
   15.950904999999999        1.2500000000000000     
 (  7.9557234910453518     ,  1.7052829234639642     ) (  8.8140001165791766     ,  2.1645593153462461     )
 (  4.1774946370890582     ,  1.5479204082311158     ) (  2.2497938300316627E-007,  9.3017369702126091E-008) (  2.2497943727239888E-007,  9.3017365421475858E-008) ( -4.6622056659507916     , -1.9638247796031350     )
   16.000900000000001        1.2500000000000000     
 (  8.0353400939972790     ,  1.7354620665484775     ) (  8.9014378085151442     ,  2.2032330399680635     )
 (  4.1945486770534357     ,  1.5727583196692865     ) (  2.2593968534689013E-007,  9.4539669653479184E-008) (  2.2593974130061706E-007,  9.4539665146990419E-008) ( -4.6799906811490164     , -1.9955521118980812     )
   16.050895000000001        1.2500000000000000     
 (  8.1154710326594639     ,  1.7660425342541617     ) (  8.9894068963347760     ,  2.2424213380705109     )
 (  4.2112459599407233     ,  1.5978291129521323     ) (  2.2688075684726270E-007,  9.6076828216371144E-008) (  2.2688081553040830E-007,  9.6076823336284257E-008) ( -4.6973147813682941     , -2.0275691276958177     )
   16.100890000000000        1.2500000000000000     
 (  8.1961174478108862     ,  1.7970270472379370     ) (  9.0779077301806002     ,  2.2821278248231920     )
 (  4.2275775083297500     ,  1.6231305637926940     ) (  2.2780209084326111E-007,  9.7628739816304498E-008) (  2.2780215102728381E-007,  9.7628735006996385E-008) ( -4.7141661374978625     , -2.0598726052309511     )
   16.150885000000002        1.2500000000000000     
 (  8.2772813580158715     ,  1.8284193578280250     ) (  9.1669420011147480     ,  2.3223567731185408     )
 (  4.2435346268443306     ,  1.6486613169851312     ) (  2.2870322719340715E-007,  9.9195321258140592E-008) (  2.2870328982922018E-007,  9.9195316376272024E-008) ( -4.7305344780909406     , -2.0924597356370658     )
   16.200880000000002        1.2500000000000000     
 (  8.3589638409370011     ,  1.8602223036176284     ) (  9.2565100507777895     ,  2.3631118232204660     )
 (  4.2591084268165016     ,  1.6744189564156895     ) (  2.2958367648900495E-007,  1.0077645241371141E-007) (  2.2958374141148017E-007,  1.0077644731354740E-007) ( -4.7464080337864711     , -2.1253269211662866     )
   16.250875000000001        1.2500000000000000     
 (  8.4411664397846824     ,  1.8924393027167494     ) (  9.3466124753572792     ,  2.4043972707708177     )
 (  4.2742895458355559     ,  1.7004015452384507     ) (  2.3044289772111162E-007,  1.0237203623155216E-007) (  2.3044296549226847E-007,  1.0237203077020809E-007) ( -4.7617748165442837     , -2.1584709935480855     )
   16.300870000000000        1.2500000000000000     
 (  8.5238909419521853     ,  1.9250735476564202     ) (  9.4372513459923724     ,  2.4462166507229588     )
 (  4.2890696063303695     ,  1.7266067093413151     ) (  2.3128046676934302E-007,  1.0398192917831974E-007) (  2.3128053638935233E-007,  1.0398192360129090E-007) ( -4.7766241911767038     , -2.1918877640265242     )
   16.350865000000002        1.2500000000000000     
 (  8.6071391237301462     ,  1.9581283952991206     ) (  9.5284264078375571     ,  2.4885741170044580     )
 (  4.3034392702799718     ,  1.7530321426846396     ) (  2.3209581218475699E-007,  1.0560601134077606E-007) (  2.3209588428825462E-007,  1.0560600543035828E-007) ( -4.7909436706385957     , -2.2255735036432052     )
   16.400860000000002        1.2500000000000000     
 (  8.6909117927723596     ,  1.9916070181318519     ) (  9.6201392199370090     ,  2.5314739587779438     )
 (  4.3173886364292029     ,  1.7796751667097765     ) (  2.3288845217241889E-007,  1.0724415808798697E-007) (  2.3288852643690551E-007,  1.0724415222372951E-007) ( -4.8047217388570900     , -2.2595243527940219     )
   16.450855000000001        1.2500000000000000     
 (  8.7752115364651875     ,  2.0255128884117268     ) (  9.7123911439617370     ,  2.5749197066388554     )
 (  4.3309093685936046     ,  1.8065332424743030     ) (  2.3365789599046276E-007,  1.0889620062700471E-007) (  2.3365797335805519E-007,  1.0889619440544131E-007) ( -4.8179471346507077     , -2.2937354491493021     )
   16.500850000000000        1.2500000000000000     
 (  8.8600396152365981     ,  2.0598491612021843     ) (  9.8051830803420792     ,  2.6189156998987921     )
 (  4.3439918907878425     ,  1.8336033505462854     ) (  2.3440362959448721E-007,  1.1056199912632439E-007) (  2.3440370895448949E-007,  1.1056199252943801E-007) ( -4.8306076944477150     , -2.3282025443694043     )
   16.550845000000002        1.2500000000000000     
 (  8.9453981116994310     ,  2.0946192682733078     ) (  9.8985158677492180     ,  2.6634660693039685     )
 (  4.3566269853214834     ,  1.8608826006903127     ) (  2.3512511322151687E-007,  1.1224139474987673E-007) (  2.3512519604862438E-007,  1.1224138827792562E-007) ( -4.8426912412944123     , -2.3629208935284978     )
   16.600840000000002        1.2500000000000000     
 (  9.0312881063234052     ,  2.1298266642454822     ) (  9.9923914159361384     ,  2.7085747185943827     )
 (  4.3688045382910730     ,  1.8883679126416251     ) (  2.3582185850602012E-007,  1.1393420744915043E-007) (  2.3582194337800522E-007,  1.1393420044204692E-007) ( -4.8541860641245709     , -2.3978852807203550     )
   16.650835000000001        1.2500000000000000     
 (  9.1177118302864155     ,  2.1654746467593351     ) (  10.086811217503763     ,  2.7542458522606488     )
 (  4.3805155004352558     ,  1.9160558920313824     ) (  2.3649337038662699E-007,  1.1564026148374887E-007) (  2.3649345910199671E-007,  1.1564025457040823E-007) ( -4.8650808406953585     , -2.4330905508895118     )
   16.700830000000000        1.2500000000000000     
 (  9.2046718326788159     ,  2.2015665543881453     ) (  10.181775674881992     ,  2.8004836651482292     )
 (  4.3917510288572217     ,  1.9439430263509649     ) (  2.3713908293765070E-007,  1.1735937096932965E-007) (  2.3713917534595604E-007,  1.1735936367572804E-007) ( -4.8753625115462498     , -2.4685312134797281     )
   16.750825000000003        1.2500000000000000     
 (  9.2921686480233969     ,  2.2381061333847270     ) (  10.277286130205194     ,  2.8472924670161195     )
 (  4.4025001745300107     ,  1.9720259439615584     ) (  2.3775846326589128E-007,  1.1909134274945123E-007) (  2.3775855816769708E-007,  1.1909133518760286E-007) ( -4.8850185366618950     , -2.5042016698591394     )
   16.800820000000002        1.2500000000000000     
 (  9.3802049242413741     ,  2.2750967147559540     ) (  10.373344937614906     ,  2.8946765281883406     )
 (  4.4127538389158545     ,  2.0003007810194502     ) (  2.3835104279328996E-007,  1.2083597506517770E-007) (  2.3835114081451781E-007,  1.2083596733980987E-007) ( -4.8940382234626325     , -2.5400960155912071     )
   16.850815000000001        1.2500000000000000     
 (  9.4687828990891703     ,  2.3125417073354524     ) (  10.469953811370681     ,  2.9426399551317544     )
 (  4.4225027451896386     ,  2.0287634392967417     ) (  2.3891628919283759E-007,  1.2259304198008905E-007) (  2.3891639134002450E-007,  1.2259303401507796E-007) ( -4.9024087056116716     , -2.5762078056608018     )
   16.900810000000000        1.2500000000000000     
 (  9.5579045330980303     ,  2.3504449023505813     ) (  10.567113147492199     ,  2.9911871418759590     )
 (  4.4317364790026970     ,  2.0574100709113665     ) (  2.3945360729978566E-007,  1.2436232394526134E-007) (  2.3945371200159571E-007,  1.2436231552456694E-007) ( -4.9101170241607610     , -2.6125306753849626     )
   16.950805000000003        1.2500000000000000     
 (  9.6475714216281947     ,  2.3888096665935197     ) (  10.664825186520769     ,  3.0403226752335293     )
 (  4.4404456469637292     ,  2.0862361443039834     ) (  2.3996252160314228E-007,  1.2614359521553720E-007) (  2.3996263065516632E-007,  1.2614358670566331E-007) ( -4.9171512291527968     , -2.6490580738799170     )
   17.000800000000002        1.2500000000000000     
 (  9.7377867665386670     ,  2.4276399114852856     ) (  10.763091978729378     ,  3.0900509243372469     )
 (  4.4486203631204759     ,  2.1152375352913837     ) (  2.4044250277138388E-007,  1.2793661179395626E-007) (  2.4044261540140172E-007,  1.2793660291399988E-007) ( -4.9234995875768126     , -2.6857829693768314     )
   17.050795000000001        1.2500000000000000     
 (  9.8285515240256611     ,  2.4669390978511112     ) (  10.861915158372298     ,  3.1403762404166096     )
 (  4.4562504655537838     ,  2.1444093779742195     ) (  2.4089301706598833E-007,  1.2974111360365990E-007) (  2.4089313329505532E-007,  1.2974110433556703E-007) ( -4.9291494176602697     , -2.7226979955320210     )
   17.100790000000003        1.2500000000000000     
 (  9.9198686685042716     ,  2.5067109715116858     ) (  10.961295613362774     ,  3.1913033699033448     )
 (  4.4633257351712547     ,  2.1737468830773023     ) (  2.4131346713178023E-007,  1.3155684578978444E-007) (  2.4131358715771110E-007,  1.3155683650342599E-007) ( -4.9340873055265053     , -2.7597957662741623     )
   17.150785000000003        1.2500000000000000     
 (  10.011740271262800     ,  2.5469593862486444     ) (  11.061236685232377     ,  3.2428371929517210     )
 (  4.4698366801086973     ,  2.2032451554134953     ) (  2.4170338787232864E-007,  1.3338354908612703E-007) (  2.4170351298420351E-007,  1.3338353936118315E-007) ( -4.9383017506261773     , -2.7970687625552308     )
   17.200779999999998        1.2500000000000000     
 (  10.104168328896289     ,  2.5876881584306504     ) (  11.161738918214544     ,  3.2949820427446834     )
 (  4.4757729657372041     ,  2.2328990136457616     ) (  2.4206220371263262E-007,  1.3522092493909159E-007) (  2.4206233272317076E-007,  1.3522091488892627E-007) ( -4.9417797756454149     , -2.8345085995250878     )
   17.250774999999997        1.2500000000000000     
 (  10.197156285047397     ,  2.6289011144741554     ) (  11.262805834436918     ,  3.3477432217061551     )
 (  4.4811248520444620     ,  2.2627030360662821     ) (  2.4238941325345172E-007,  1.3706870343686873E-007) (  2.4238954628021696E-007,  1.3706869317828751E-007) ( -4.9445096704094427     , -2.8721073765333043     )
   17.300770000000000        1.2500000000000000     
 (  10.290705617214986     ,  2.6706023748076979     ) (  11.364438481330343     ,  3.4011250746958526     )
 (  4.4858815084716506     ,  2.2926518632117339     ) (  2.4268442813390810E-007,  1.3892655973114264E-007) (  2.4268456607958297E-007,  1.3892654896939105E-007) ( -4.9464780294144770     , -2.9098559875435202     )
   17.350764999999999        1.2500000000000000     
 (  10.384819261024154     ,  2.7127955895747755     ) (  11.466638778087894     ,  3.4551325535050390     )
 (  4.4900331087962480     ,  2.3227393780197589     ) (  2.4294670322478390E-007,  1.4079417949036185E-007) (  2.4294684552296124E-007,  1.4079416858938364E-007) ( -4.9476719610903244     , -2.9477454861032757     )
   17.400759999999998        1.2500000000000000     
 (  10.479499812629873     ,  2.7554850836997180     ) (  11.569410224095593     ,  3.5097714830925240     )
 (  4.4935697419561613     ,  2.3529599403162633     ) (  2.4317574738896294E-007,  1.4267127851577146E-007) (  2.4317589343703513E-007,  1.4267126706276610E-007) ( -4.9480798793139993     , -2.9857674438388271     )
   17.450755000000001        1.2500000000000000     
 (  10.574750337432006     ,  2.7986750234606519     ) (  11.672754470016661     ,  3.5650464799666777     )
 (  4.4964815395937503     ,  2.3833074223767654     ) (  2.4337100338427225E-007,  1.4455749755155836E-007) (  2.4337115490914925E-007,  1.4455748591348117E-007) ( -4.9476892217130546     , -3.0239118458393421     )
   17.500750000000000        1.2500000000000000     
 (  10.670572397666174     ,  2.8423694679851530     ) (  11.776673742389280     ,  3.6209631240616509     )
 (  4.4987568066869992     ,  2.4137753094640462     ) (  2.4353190905732274E-007,  1.4645250628807734E-007) (  2.4353206565331517E-007,  1.4645249403939123E-007) ( -4.9464869023054749     , -3.0621691198392416     )
   17.550744999999999        1.2500000000000000     
 (  10.766970280961138     ,  2.8865727010801057     ) (  11.881170869548544     ,  3.6775264143121356     )
 (  4.5003870389594196     ,  2.4443570990559169     ) (  2.4365793202658589E-007,  1.4835593607808573E-007) (  2.4365809282914204E-007,  1.4835592386737160E-007) ( -4.9444606093393038     , -3.1005288655276617     )
   17.600739999999998        1.2500000000000000     
 (  10.863945523052699     ,  2.9312891319692915     ) (  11.986247957064887     ,  3.7347420189552119     )
 (  4.5013605908860024     ,  2.4750460266944452     ) (  2.4374851722367357E-007,  1.5026742698041889E-007) (  2.4374868528178562E-007,  1.5026741384572954E-007) ( -4.9415973908044659     , -3.1389807497713020     )
   17.650735000000001        1.2500000000000000     
 (  10.961501036505647     ,  2.9765231378593722     ) (  12.091907793148399     ,  3.7926157737551884     )
 (  4.5016670517351898     ,  2.5058351020767402     ) (  2.4380312523354790E-007,  1.5218661476669713E-007) (  2.4380329826920787E-007,  1.5218660134213441E-007) ( -4.9378851003643387     , -3.1775142795504050     )
   17.700730000000000        1.2500000000000000     
 (  11.059641269317567     ,  3.0222792236119909     ) (  12.198153436278290     ,  3.8511533916527387     )
 (  4.5012977913545908     ,  2.5367170369227718     ) (  2.4382123806714611E-007,  1.5411310952981124E-007) (  2.4382141622167331E-007,  1.5411309604515978E-007) ( -4.9333112775807120     , -3.2161183719296296     )
   17.750724999999999        1.2500000000000000     
 (  11.158367528736202     ,  3.0685620717686559     ) (  12.304986926042899     ,  3.9103605057756829     )
 (  4.5002403531672579     ,  2.5676845016870762     ) (  2.4380227438921835E-007,  1.5604650152002461E-007) (  2.4380245854800763E-007,  1.5604648769021722E-007) ( -4.9278630785416375     , -3.2547813362938771     )
   17.800719999999998        1.2500000000000000     
 (  11.257683977532128     ,  3.1153763788448856     ) (  12.412412090938068     ,  3.9702436550164792     )
 (  4.4984856902645545     ,  2.5987299034422335     ) (  2.4374573458168212E-007,  1.5798640769483888E-007) (  2.4374592431823153E-007,  1.5798639321329334E-007) ( -4.9215287820096139     , -3.2934920078880574     )
   17.850715000000001        1.2500000000000000     
 (  11.357593299523327     ,  3.1627268434380493     ) (  12.520430663493034     ,  4.0308086246189898     )
 (  4.4960230269483494     ,  2.6298451788278663     ) (  2.4365101408607974E-007,  1.5993238463408264E-007) (  2.4365121016923283E-007,  1.5993236937350902E-007) ( -4.9142945064607950     , -3.3322378515555262     )
   17.900710000000000        1.2500000000000000     
 (  11.458098424684472     ,  3.2106184548357630     ) (  12.629046737072843     ,  4.0920620900167508     )
 (  4.4928415625601099     ,  2.6610222829818366     ) (  2.4351765216097163E-007,  1.6188401617873613E-007) (  2.4351785480445530E-007,  1.6188400126571828E-007) ( -4.9061497036830275     , -3.3710068811267826     )
   17.950704999999999        1.2500000000000000     
 (  11.559204035617592     ,  3.2590561791940860     ) (  12.738262931571212     ,  4.1540103554289534     )
 (  4.4889322201522148     ,  2.6922528959033403     ) (  2.4334506221586359E-007,  1.6384085053599578E-007) (  2.4334527082361996E-007,  1.6384083464077232E-007) ( -4.8970810601698949     , -3.4097860677619383     )
   18.000699999999998        1.2500000000000000     
 (  11.660911564345033     ,  3.3080450642861674     ) (  12.848082297661678     ,  4.2166599005181933     )
 (  4.4842828810182107     ,  2.7235283227805311     ) (  2.4313271009127274E-007,  1.6580242305619885E-007) (  2.4313292563897699E-007,  1.6580240704924622E-007) ( -4.8870762650295125     , -3.4485622214768026     )
   18.050695000000001        1.2500000000000000     
 (  11.763225866180347     ,  3.3575905742198260     ) (  12.958507682280267     ,  4.2800179214440837     )
 (  4.4788846429628073     ,  2.7548399028726163     ) (  2.4288005949531683E-007,  1.6776827968340085E-007) (  2.4288028191790750E-007,  1.6776826314547701E-007) ( -4.8761232581935605     , -3.4873221509305621     )
   18.100690000000000        1.2500000000000000     
 (  11.866149909148977     ,  3.4076978126568411     ) (  13.069543098261315     ,  4.3440915446624944     )
 (  4.4727264581257025     ,  2.7861783395474355     ) (  2.4258660469522703E-007,  1.6973794343556937E-007) (  2.4258683451103664E-007,  1.6973792608085703E-007) ( -4.8642102525658668     , -3.5260520527489150     )
   18.150684999999999        1.2500000000000000     
 (  11.969687327283779     ,  3.4583725216680175     ) (  13.181190739748477     ,  4.4088880735780931     )
 (  4.4657981791253496     ,  2.8175345295449383     ) (  2.4225175061711325E-007,  1.7171092787399281E-007) (  2.4225198813914808E-007,  1.7171091018252293E-007) ( -4.8513244422377806     , -3.5647379403331563     )
   18.200679999999998        1.2500000000000000     
 (  12.073841380957743     ,  3.5096199055825847     ) (  13.293455549407586     ,  4.4744145431804494     )
 (  4.4580887792727877     ,  2.8488984900721559     ) (  2.4187502418466652E-007,  1.7368670630962075E-007) (  2.4187526812691077E-007,  1.7368668798348748E-007) ( -4.8374545688910233     , -3.6033647061197311     )
   18.250675000000001        1.2500000000000000     
 (  12.178616115056863     ,  3.5614461183670647     ) (  13.406339381420471     ,  4.5406788756428638     )
 (  4.4495888725766637     ,  2.8802607184686742     ) (  2.4145585986417436E-007,  1.7566477606438595E-007) (  2.4145611185667887E-007,  1.7566475745295102E-007) ( -4.8225882369769097     , -3.6419177704750232     )
   18.300670000000000        1.2500000000000000     
 (  12.284015399692722     ,  3.6138569626237449     ) (  13.519846620449758     ,  4.6076889945689112     )
 (  4.4402880124225383     ,  2.9116110656956740     ) (  2.4099378283140826E-007,  1.7764461183904380E-007) (  2.4099404266614619E-007,  1.7764459254916677E-007) ( -4.8067147870429547     , -3.6803818632628071     )
   18.350664999999999        1.2500000000000000     
 (  12.390042486337970     ,  3.6668580193913090     ) (  13.633980407766096     ,  4.6754527808105308     )
 (  4.4301754116924830     ,  2.9429386265705162     ) (  2.4048819569669351E-007,  1.7962565906828386E-007) (  2.4048846358864283E-007,  1.7962563903318801E-007) ( -4.7898205438573438     , -3.7187410547888531     )
   18.400659999999998        1.2500000000000000     
 (  12.496701816218460     ,  3.7204562390423233     ) (  13.748744295420654     ,  4.7439788576309967     )
 (  4.4192412384422841     ,  2.9742334902118861     ) (  2.3993862321499639E-007,  1.8160737346444383E-007) (  2.3993890000311512E-007,  1.8160735330312715E-007) ( -4.7718957686445513     , -3.7569794138786685     )
   18.450655000000001        1.2500000000000000     
 (  12.603996760791933     ,  3.7746575904507904     ) (  13.864141956473611     ,  4.8132756835600921     )
 (  4.4074749018416481     ,  3.0054843743241038     ) (  2.3934452004689535E-007,  1.8358918581639547E-007) (  2.3934480490877406E-007,  1.8358916498223376E-007) ( -4.7529277210707184     , -3.7950804554638697     )
   18.500650000000000        1.2500000000000000     
 (  12.711932089110508     ,  3.8294685813445795     ) (  13.980177204375853     ,  4.8833521924493359     )
 (  4.3948673850231863     ,  3.0366799884357416     ) (  2.3870542112675913E-007,  1.8557051422266193E-007) (  2.3870571532281894E-007,  1.8557049291542773E-007) ( -4.7329064093008117     , -3.8330272383562174     )
   18.550644999999999        1.2500000000000000     
 (  12.820510536976679     ,  3.8848956332021087     ) (  14.096853475919286     ,  4.9542175698250546     )
 (  4.3814066285934503     ,  3.0678086003980298     ) (  2.3802074869596226E-007,  1.8755077150384222E-007) (  2.3802105053124801E-007,  1.8755074973622129E-007) ( -4.7118194098701158     , -3.8708025855613442     )
   18.600639999999999        1.2500000000000000     
 (  12.929737452633155     ,  3.9409461889195461     ) (  14.214174837912097     ,  5.0258810290719751     )
 (  4.3670842028372041     ,  3.0988589471463048     ) (  2.3729005261145676E-007,  1.8952934087394551E-007) (  2.3729036360069488E-007,  1.8952931843556929E-007) ( -4.6896565374887418     , -3.9083885996027870     )
   18.650635000000001        1.2500000000000000     
 (  13.039616485942361     ,  3.9976270380631300     ) (  14.332144368225674     ,  5.0983521367519824     )
 (  4.3518896706320378     ,  3.1298187702917852     ) (  2.3651280847630437E-007,  1.9150559893916617E-007) (  2.3651313038324944E-007,  1.9150557553933533E-007) ( -4.6664071559409592     , -3.9457670349571106     )
   18.700630000000000        1.2500000000000000     
 (  13.150152085089443     ,  4.0549453133364164     ) (  14.450766187063529     ,  5.1716408479088507     )
 (  4.3358130441404255     ,  3.1606754647203998     ) (  2.3568848745810155E-007,  1.9347890709348521E-007) (  2.3568881874783723E-007,  1.9347888347417795E-007) ( -4.6420596814219062     , -3.9829192717193465     )
   18.750624999999999        1.2500000000000000     
 (  13.261347881766646     ,  4.1129084088914372     ) (  14.570044159320949     ,  5.2457578396440256     )
 (  4.3188442916655854     ,  3.1914163171797192     ) (  2.3481663566682166E-007,  1.9544863646811612E-007) (  2.3481697750767891E-007,  1.9544861219899807E-007) ( -4.6166041579584256     , -4.0198267005722785     )
   18.800620000000002        1.2500000000000000     
 (  13.373208475879178     ,  4.1715239881299295     ) (  14.689982056655039     ,  5.3207130392519781     )
 (  4.3009735915616423     ,  3.2220284409872058     ) (  2.3389675321082496E-007,  1.9741409966419065E-007) (  2.3389710577358151E-007,  1.9741407404862239E-007) ( -4.5900307687550175     , -4.0564693346854908     )
   18.850615000000001        1.2500000000000000     
 (  13.485737916543199     ,  4.2308003177758220     ) (  14.810582356239488     ,  5.3965179204716547     )
 (  4.2821910791792668     ,  3.2524988177889012     ) (  2.3292831520104077E-007,  1.9937464187399508E-007) (  2.3292867836057139E-007,  1.9937461617301845E-007) ( -4.5623282316490696     , -4.0928277913837592     )
   18.900610000000000        1.2500000000000000     
 (  13.598940960954737     ,  4.2907448326260624     ) (  14.931850236525122     ,  5.4731835558050852     )
 (  4.2624874133448936     ,  3.2828132833684540     ) (  2.3191089647908534E-007,  2.0132957080033900E-007) (  2.3191127055807281E-007,  2.0132954430080237E-007) ( -4.5334881621333674     , -4.1288816773206056     )
   18.950604999999999        1.2500000000000000     
 (  13.712822166596164     ,  4.3513663327504775     ) (  15.053788824265631     ,  5.5507211661247053     )
 (  4.2418537482972738     ,  3.3129583650017493     ) (  2.3084400587053688E-007,  2.0327816089633132E-007) (  2.3084439072742685E-007,  2.0327813398490369E-007) ( -4.5035001084922994     , -4.1646097663161159     )
   19.000600000000002        1.2500000000000000     
 (  13.827385204449781     ,  4.4126732124070731     ) (  15.176400865399071     ,  5.6291430047744289     )
 (  4.2202787060225724     ,  3.3429196633080700     ) (  2.2972709977577132E-007,  2.0521971193004037E-007) (  2.2972749724984743E-007,  2.0521968375074555E-007) ( -4.4723539084607138     , -4.1999912186502533     )
   19.050595000000001        1.2500000000000000     
 (  13.942634917668460     ,  4.4746737180071783     ) (  15.299692053428263     ,  5.7084610821967692     )
 (  4.1977544329380452     ,  3.3726820549293999     ) (  2.2855984337457702E-007,  2.0715347573911775E-007) (  2.2856025247794495E-007,  2.0715344706510691E-007) ( -4.4400422616602961     , -4.2350040420586437     )
   19.100590000000000        1.2500000000000000     
 (  14.058575724625827     ,  4.5373775831969576     ) (  15.423663743955252     ,  5.7886881018083933     )
 (  4.1742719512421251     ,  3.4022313040414276     ) (  2.2734169312695692E-007,  2.0907870974117894E-007) (  2.2734211388286269E-007,  2.0907867970840610E-007) ( -4.4065550749855351     , -4.2696262725915952     )
   19.150585000000000        1.2500000000000000     
 (  14.175212154465919     ,  4.6007935608332069     ) (  15.548320172364619     ,  5.8698369898140355     )
 (  4.1498208627210298     ,  3.4315517801315871     ) (  2.2607219439774333E-007,  2.1099464465752587E-007) (  2.2607262756859176E-007,  2.1099461424603307E-007) ( -4.3718836565466006     , -4.3038350270661230     )
   19.200580000000002        1.2500000000000000     
 (  14.292549048609242     ,  4.6649314448698709     ) (  15.673665158712996     ,  5.9519210804282796     )
 (  4.1243931162022562     ,  3.4606279395572956     ) (  2.2475097542911853E-007,  2.1290049316338476E-007) (  2.2475142110843122E-007,  2.1290046211750921E-007) ( -4.3360211830252382     , -4.3376070275011465     )
   19.250575000000001        1.2500000000000000     
 (  14.410589786787348     ,  4.7298009928983582     ) (  15.799701173277773     ,  6.0349543313687439     )
 (  4.0979788843645766     ,  3.4894438690967626     ) (  2.2337750876799150E-007,  2.1479547621379786E-007) (  2.2337796708670395E-007,  2.1479544443692882E-007) ( -4.2989579810182077     , -4.3709190982805106     )
   19.300570000000000        1.2500000000000000     
 (  14.529339979825318     ,  4.7954122541101034     ) (  15.926432014924547     ,  6.1189509707871350     )
 (  4.0705705223185111     ,  3.5179831935125887     ) (  2.2195141751539814E-007,  2.1667878153145884E-007) (  2.2195189105149693E-007,  2.1667874901175633E-007) ( -4.2606872830158515     , -4.4037470983564777     )
   19.350565000000000        1.2500000000000000     
 (  14.648803959521898     ,  4.8617751642613403     ) (  16.053860611539655     ,  6.2039253591469317     )
 (  4.0421590560986216     ,  3.5462289780791179     ) (  2.2047227921116176E-007,  2.1854957401761137E-007) (  2.2047276603609196E-007,  2.1854953992758533E-007) ( -4.2212018168214742     , -4.4360660745957148     )
   19.400560000000002        1.2500000000000000     
 (  14.768985563701936     ,  4.9289008317409362     ) (  16.181988647608492     ,  6.2898929258642315     )
 (  4.0127357621614692     ,  3.5741645288539572     ) (  2.1893962883204430E-007,  2.2040702820048049E-007) (  2.1894012934354705E-007,  2.2040699456255887E-007) ( -4.1804941559376365     , -4.4678514000564498     )
   19.450555000000001        1.2500000000000000     
 (  14.889889367615513     ,  4.9968001058708564     ) (  16.310820687641570     ,  6.3768684680472951     )
 (  3.9822921717272801     ,  3.6017723658701128     ) (  2.1735312385684188E-007,  2.2225026120796865E-007) (  2.1735363842116203E-007,  2.2225022609646913E-007) ( -4.1385583173771376     , -4.4990770055721017     )
   19.500550000000000        1.2500000000000000     
 (  15.011520682714181     ,  5.0654841022218040     ) (  16.440358375106058     ,  6.4648681962271883     )
 (  3.9508218195119156     ,  3.6290345277482041     ) (  2.1571236778434740E-007,  2.2407840399139757E-007) (  2.1571289846711701E-007,  2.2407836792045817E-007) ( -4.0953883897111458     , -4.5297168170754398     )
   19.550545000000000        1.2500000000000000     
 (  15.133882766794692     ,  5.1349644536531258     ) (  16.570603683731150     ,  6.5539085155488639     )
 (  3.9183147302076433     ,  3.6559331021041208     ) (  2.1401692294037289E-007,  2.2589058134393681E-007) (  2.1401746806725469E-007,  2.2589054424427827E-007) ( -4.0509781165814713     , -4.5597445992959935     )
   19.600540000000002        1.2500000000000000     
 (  15.256980553547114     ,  5.2052525855111815     ) (  16.701559413184356     ,  6.6440057893511337     )
 (  3.8847640656707947     ,  3.6824489523212196     ) (  2.1226643010906439E-007,  2.2768586191065925E-007) (  2.1226699305066925E-007,  2.2768582379266779E-007) ( -4.0053219690709954     , -4.5891327412173863     )
   19.650535000000001        1.2500000000000000     
 (  15.380818189406051     ,  5.2763615140903717     ) (  16.833226747309553     ,  6.7351779303622097     )
 (  3.8501627222713970     ,  3.7085640376642242     ) (  2.1046054620039107E-007,  2.2946335220536941E-007) (  2.1046112403563377E-007,  2.2946331297367998E-007) ( -3.9584159429448498     , -4.6178542344577043     )
   19.700530000000001        1.2500000000000000     
 (  15.505399944676807     ,  5.3483030460976515     ) (  16.965608983721033     ,  6.8274422912892998     )
 (  3.8145026719222006     ,  3.7342582828831508     ) (  2.0859890470468382E-007,  2.3122209316202972E-007) (  2.0859950075350978E-007,  2.3122205274337910E-007) ( -3.9102554909557918     , -4.6458805173396591     )
   19.750525000000000        1.2500000000000000     
 (  15.630729649397910     ,  5.4210902879310217     ) (  17.098705778187639     ,  6.9208170133155136     )
 (  3.7777768556809219     ,  3.7595121721457216     ) (  2.0668114358285979E-007,  2.3296112593460458E-007) (  2.0668175533717103E-007,  2.3296108508314945E-007) ( -3.8608367575868812     , -4.6731829513942778     )
   19.800520000000002        1.2500000000000000     
 (  15.756812295185126     ,  5.4947364776100480     ) (  17.232519470919687     ,  7.0153210994947184     )
 (  3.7399798958760329     ,  3.7843056181790193     ) (  2.0470695265373171E-007,  2.3467949413562646E-007) (  2.0470758298787026E-007,  2.3467945196479226E-007) ( -3.8101562244601377     , -4.6997327858393128     )
   19.850515000000001        1.2500000000000000     
 (  15.883650641379134     ,  5.5692551970620494     ) (  17.367049943234928     ,  7.1109726821407060     )
 (  3.7011028880006025     ,  3.8086181670362760     ) (  2.0267598307317684E-007,  2.3637615973301982E-007) (  2.0267663114337432E-007,  2.3637611748041641E-007) ( -3.7582112785110504     , -4.7254992892043663     )
   19.900510000000001        1.2500000000000000     
 (  16.011249938636176     ,  5.6446605533106906     ) (  17.502298922401607     ,  7.2077932906614945     )
 (  3.6611417390288641     ,  3.8324289504757538     ) (  2.0058796812066150E-007,  2.3805019751986109E-007) (  2.0058863405323458E-007,  2.3805015336049308E-007) ( -3.7050004584450686     , -4.7504540586646877     )
   19.950505000000000        1.2500000000000000     
 (  16.139613090975182     ,  5.7209665512382601     ) (  17.638265513000640     ,  7.3058013743122041     )
 (  3.6200893007153025     ,  3.8557162183148503     ) (  1.9844255572786171E-007,  2.3970049850153505E-007) (  1.9844324006514493E-007,  2.3970045345902194E-007) ( -3.6505206066724107     , -4.7745646556903720     )
   20.000500000000002        1.2500000000000000     
 (  16.268743310153809     ,  5.7981879555715441     ) (  17.774949746592700     ,  7.4050183634014033     )
 (  3.5779392143521642     ,  3.8784585460161800     ) (  1.9623949464584185E-007,  2.4132606248513480E-007) (  1.9624019971543677E-007,  2.4132601640575753E-007) ( -3.5947720095621238     , -4.7978006665238668     )
   20.050495000000002        1.2500000000000000     
 (  16.398645032302380     ,  5.8763397091039469     ) (  17.912350179022507     ,  7.5054647835003490     )
 (  3.5346875319236402     ,  3.9006331705772319     ) (  1.9397849807013819E-007,  2.4292578940867481E-007) (  1.9397922092801035E-007,  2.4292574200353682E-007) ( -3.5377535458250531     , -4.8201297570323574     )
   20.100490000000001        1.2500000000000000     
 (  16.529321472814427     ,  5.9554378600518687     ) (  18.050467573558937     ,  7.6071631304776481     )
 (  3.4903282693618007     ,  3.9222185039120387     ) (  1.9165932049604465E-007,  2.4449864768359949E-007) (  1.9166006550761449E-007,  2.4449859944523980E-007) ( -3.4794661942630061     , -4.8415204797169080     )
   20.150485000000000        1.2500000000000000     
 (  16.660775298931561     ,  6.0354976320407472     ) (  18.189299399921538     ,  7.7101350213355397     )
 (  3.4448564700491553     ,  3.9431904015020800     ) (  1.8928174318069352E-007,  2.4604350150853719E-007) (  1.8928250863790155E-007,  2.4604345150323341E-007) ( -3.4199114614304400     , -4.8619394251594183     )
   20.200480000000002        1.2500000000000000     
 (  16.793010546850514     ,  6.1165357632109414     ) (  18.328843984697226     ,  7.8144038636702318     )
 (  3.3982680144711717     ,  3.9635260357633251     ) (  1.8684550323835436E-007,  2.4755927871853615E-007) (  1.8684629023525713E-007,  2.4755922775767762E-007) ( -3.3590899703065138     , -4.8813542745869372     )
   20.250475000000002        1.2500000000000000     
 (  16.926029067506519     ,  6.1985686375762636     ) (  18.469098477918799     ,  7.9199924791124241     )
 (  3.3505590393408595     ,  3.9832012266656274     ) (  1.8435041534655612E-007,  2.4904481776259214E-007) (  1.8435122331952457E-007,  2.4904476576631853E-007) ( -3.2970049618726485     , -4.8997304545377549     )
   20.300470000000001        1.2500000000000000     
 (  17.059834316133223     ,  6.2816137403430963     ) (  18.610059407315912     ,  8.0269237957828050     )
 (  3.3017250694875182     ,  4.0021917882765035     ) (  1.8179624226614389E-007,  2.5049893404327684E-007) (  1.8179707185398700E-007,  2.5049888092402770E-007) ( -3.2336589869576109     , -4.9170333218004103     )
   20.350465000000000        1.2500000000000000     
 (  17.194427759024752     ,  6.3656880909081268     ) (  18.751724294317270     ,  8.1352229349937062     )
 (  3.2517633292622219     ,  4.0204724273856867     ) (  1.7918288935776522E-007,  2.5192049605187526E-007) (  1.7918374268834261E-007,  2.5192044228081144E-007) ( -3.1690578172753741     , -4.9332288571964353     )
   20.400459999999999        1.2500000000000000     
 (  17.329812114107551     ,  6.4508103975465962     ) (  18.894087888410681     ,  8.2449145675108184     )
 (  3.2006709596802425     ,  4.0380186145961607     ) (  1.7651013670519310E-007,  2.5330831898028380E-007) (  1.7651101449566627E-007,  2.5330826447607110E-007) ( -3.1032043595033016     , -4.9482821460761679     )
   20.450454999999998        1.2500000000000000     
 (  17.465989547713459     ,  6.5369985139187516     ) (  19.037146022721824     ,  8.3560235791705075     )
 (  3.1484457072536935     ,  4.0548041527635208     ) (  1.7377788516011095E-007,  2.5466116645277656E-007) (  1.7377878689613510E-007,  2.5466111008551950E-007) ( -3.0361062260052485     , -4.9621566023341845     )
   20.500450000000001        1.2500000000000000     
 (  17.602960987722511     ,  6.6242713622810410     ) (  19.180892101840630     ,  8.4685763762687145     )
 (  3.0950846270407459     ,  4.0708029775169461     ) (  1.7098597570186856E-007,  2.5597785032861266E-007) (  1.7098690139597076E-007,  2.5597779254715727E-007) ( -2.9677691194346041     , -4.9748170076702589     )
   20.550445000000000        1.2500000000000000     
 (  17.740728229368170     ,  6.7126483957097109     ) (  19.325321578369785     ,  8.5825985237427265     )
 (  3.0405869736367062     ,  4.0859884066854084     ) (  1.6813435217311741E-007,  2.5725708787493626E-007) (  1.6813530520262006E-007,  2.5725702791993483E-007) ( -2.8982010262555664     , -4.9862261471778320     )
   20.600439999999999        1.2500000000000000     
 (  17.879292182345733     ,  6.8021492599057440     ) (  19.470425900528511     ,  8.6981167620560065     )
 (  2.9849513695484373     ,  4.1003333481734927     ) (  1.6522291874824989E-007,  2.5849761936796565E-007) (  1.6522389906060328E-007,  2.5849755864522505E-007) ( -2.8274111877002768     , -4.9963470886964307     )
   20.650434999999998        1.2500000000000000     
 (  18.018653446018657     ,  6.8927946949175043     ) (  19.616197769694626     ,  8.8151589375655028     )
 (  2.9281769506173578     ,  4.1138110263926002     ) (  1.6225160805400602E-007,  2.5969819965253545E-007) (  1.6225261279391436E-007,  2.5969813728230533E-007) ( -2.7554089496033844     , -5.0051432074301330     )
   20.700430000000001        1.2500000000000000     
 (  18.158812875553799     ,  6.9846045430829768     ) (  19.762628923773363     ,  8.9337514436293102     )
 (  2.8702641952064494     ,  4.1263924321544900     ) (  1.5922045951039960E-007,  2.6085745772484983E-007) (  1.5922149298491885E-007,  2.6085739450419556E-007) ( -2.6822061592492834     , -5.0125751010798361     )
   20.750425000000000        1.2500000000000000     
 (  18.299769544259256     ,  7.0776004702789752     ) (  19.909709235436459     ,  9.0539235247165166     )
 (  2.8112132352680463     ,  4.1380496379616583     ) (  1.5612933925665759E-007,  2.6197413493273058E-007) (  1.5613039884391803E-007,  2.6197406920415903E-007) ( -2.6078122339521572     , -5.0186062198387447     )
   20.800419999999999        1.2500000000000000     
 (  18.441523699503602     ,  7.1718037896809488     ) (  20.057429363189996     ,  9.1757030249923162     )
 (  2.7510254786432551     ,  4.1487535958043145     ) (  1.5297836690726447E-007,  2.6304685994884652E-007) (  1.5297945787431988E-007,  2.6304679423118169E-007) ( -2.5322415604978752     , -5.0231971690140087     )
   20.850414999999998        1.2500000000000000     
 (  18.584074843559758     ,  7.2672371262023336     ) (  20.205777658411332     ,  9.2991188251603134     )
 (  2.6897029370920342     ,  4.1584753758457698     ) (  1.4976756790199492E-007,  2.6407426667452725E-007) (  1.4976868593099407E-007,  2.6407419803474443E-007) ( -2.4555094585948436     , -5.0263089302272661     )
   20.900410000000001        1.2500000000000000     
 (  18.727420990061656     ,  7.3639223333587820     ) (  20.354741055803697     ,  9.4242008345120425     )
 (  2.6272471249153888     ,  4.1671849057858186     ) (  1.4649698550586583E-007,  2.6505501397484697E-007) (  1.4649813403474940E-007,  2.6505494475710981E-007) ( -2.3776297558406934     , -5.0279029563186475     )
   20.950405000000000        1.2500000000000000     
 (  18.871560009283272     ,  7.4618826121126034     ) (  20.504307419341373     ,  9.5509777270501495     )
 (  2.5636609507775154     ,  4.1748518211999075     ) (  1.4316671971967073E-007,  2.6598765874100755E-007) (  1.4316790021757832E-007,  2.6598758760072873E-007) ( -2.2986198501656609     , -5.0279390508169461     )
   21.000399999999999        1.2500000000000000     
 (  19.016491046494455     ,  7.5611421626340389     ) (  20.654461999641171     ,  9.6794809445239949     )
 (  2.4989486913828092     ,  4.1814462608164131     ) (  1.3977688795788781E-007,  2.6687084740794087E-007) (  1.3977809946149318E-007,  2.6687077423419504E-007) ( -2.2184966881079466     , -5.0263785698330841     )
   21.050394999999998        1.2500000000000000     
 (  19.162209801034418     ,  7.6617239032028630     ) (  20.805188798106236     ,  9.8097392078596997     )
 (  2.4331139750344888     ,  4.1869361817900286     ) (  1.3632764667270990E-007,  2.6770307021704310E-007) (  1.3632888847520411E-007,  2.6770299584026198E-007) ( -2.1372801645353694     , -5.0231799092950586     )
   21.100390000000001        1.2500000000000000     
 (  19.308713992475617     ,  7.7636525841200950     ) (  20.956472629998657     ,  9.9417841596260583     )
 (  2.3661621520023415     ,  4.1912906385925917     ) (  1.3281917274559126E-007,  2.6848293748230511E-007) (  1.3282044967388539E-007,  2.6848286104805380E-007) ( -2.0549906960071591     , -5.0183042379533145     )
   21.150385000000000        1.2500000000000000     
 (  19.455999580000661     ,  7.8669532284379775     ) (  21.108294730781054     ,  10.075646517041555     )
 (  2.2980988926032553     ,  4.1944772196751368     ) (  1.2925171223839815E-007,  2.6920895380568231E-007) (  1.2925302154442950E-007,  2.6920887525495232E-007) ( -1.9716508680757689     , -5.0117108622939286     )
   21.200379999999999        1.2500000000000000     
 (  19.604061717760572     ,  7.9716511348046923     ) (  21.260636641916687     ,  10.211356960230809     )
 (  2.2289307507625664     ,  4.1964643936579247     ) (  1.2562548081937177E-007,  2.6987963484235132E-007) (  1.2562682603433162E-007,  2.6987955516036473E-007) ( -1.8872830697505236     , -5.0033591081093434     )
   21.250374999999998        1.2500000000000000     
 (  19.752895635279337     ,  8.0777716918474312     ) (  21.413478923150663     ,  10.348947245106995     )
 (  2.1586657105588856     ,  4.1972186052592990     ) (  1.2194077544147479E-007,  2.7049348458772543E-007) (  1.2194215644012775E-007,  2.7049340337290704E-007) ( -1.8019121009195098     , -4.9932086805234439     )
   21.300370000000001        1.2500000000000000     
 (  19.902495344382800     ,  8.1853417739228220     ) (  21.566799675853382     ,  10.488449149098615     )
 (  2.0873108017760433     ,  4.1967070584384896     ) (  1.1819791408380473E-007,  2.7104898763418337E-007) (  1.1819932943110917E-007,  2.7104890456128689E-007) ( -1.7155652471829319     , -4.9812193028103824     )
   21.350365000000000        1.2500000000000000     
 (  20.052854553417141     ,  8.2943878482075384     ) (  21.720575126159275     ,  10.629893706523832     )
 (  2.0148748721145311     ,  4.1948965139107370     ) (  1.1439716328045959E-007,  2.7154459750661581E-007) (  1.1439861789578141E-007,  2.7154451226342398E-007) ( -1.6282688770577698     , -4.9673500180455612     )
   21.400359999999999        1.2500000000000000     
 (  20.203965480322914     ,  8.4049364324076361     ) (  21.874781855350914     ,  10.773311901562868     )
 (  1.9413696280914037     ,  4.1917519934042859     ) (  1.1053904857836271E-007,  2.7197872471091825E-007) (  1.1054054114779309E-007,  2.7197863763441853E-007) ( -1.5400547328799905     , -4.9515599473208791     )
   21.450354999999998        1.2500000000000000     
 (  20.355821245354633     ,  8.5170157841901943     ) (  22.029395162301562     ,  10.918737326854322     )
 (  1.8668040884377712     ,  4.1872405288682666     ) (  1.0662390562565799E-007,  2.7234988369910412E-007) (  1.0662544121551711E-007,  2.7234979447001130E-007) ( -1.4509516095948887     , -4.9338098910087975     )
   21.500350000000001        1.2500000000000000     
 (  20.508412709689200     ,  8.6306531769424346     ) (  22.184387445968014     ,  11.066199167969827     )
 (  1.7911898499797911     ,  4.1813263911704510     ) (  1.0265221419672636E-007,  2.7265638818312178E-007) (  1.0265378466814391E-007,  2.7265629795591005E-007) ( -1.3609940841471924     , -4.9140579544321819     )
   21.550345000000000        1.2500000000000000     
 (  20.661729877848028     ,  8.7458773883605527     ) (  22.339729945239387     ,  11.215730621586635     )
 (  1.7145423663641877     ,  4.1739749626957581     ) (  9.8624533352025806E-008,  2.7289670095990904E-007) (  9.8626145103661675E-008,  2.7289660799095177E-007) ( -1.2702150775603869     , -4.8922653950960235     )
   21.600339999999999        1.2500000000000000     
 (  20.815762594277533     ,  8.8627169280522970     ) (  22.495393180705971     ,  11.367363152024538     )
 (  1.6368722486780420     ,  4.1651513303779719     ) (  9.4541316563735295E-008,  2.7306922163579196E-007) (  9.4542975413786345E-008,  2.7306912778330463E-007) ( -1.1786511232010470     , -4.8683923573196095     )
   21.650334999999998        1.2500000000000000     
 (  20.970500893305029     ,  8.9812004982008613     ) (  22.651345048563130     ,  11.521126952500042     )
 (  1.5581952731286899     ,  4.1548189752168945     ) (  9.0403146073214278E-008,  2.7317227366087061E-007) (  9.0404841999381895E-008,  2.7317217584728452E-007) ( -1.0863400470887712     , -4.8423988526103230     )
   21.700330000000001        1.2500000000000000     
 (  21.125930922504551     ,  9.1013582170298033     ) (  22.807553722241945     ,  11.677053636799261     )
 (  1.4785285707245270     ,  4.1429427894941409     ) (  8.6210787953333939E-008,  2.7320424524787766E-007) (  8.6212528235429963E-008,  2.7320414648151149E-007) (-0.99332225362483961     , -4.8142463654483034     )
   21.750325000000000        1.2500000000000000     
 (  21.282041162494718     ,  9.2232196726027897     ) (  22.963983687722962     ,  11.835173365319859     )
 (  1.3978882802860795     ,  4.1294867805180679     ) (  8.1964835926600738E-008,  2.7316348221128202E-007) (  8.1966621245661972E-008,  2.7316338137905489E-007) (-0.89963897285612793     , -4.7838964176287249     )
   21.800319999999999        1.2500000000000000     
 (  21.438815090846600     ,  9.3468139240325652     ) (  23.120597594589743     ,  11.995516224879271     )
 (  1.3162925512271340     ,  4.1144133325882839     ) (  7.7666050209675209E-008,  2.7304830228787596E-007) (  7.7667883623714355E-008,  2.7304819924786678E-007) (-0.80533333634088045     , -4.7513106252335664     )
   21.850314999999998        1.2500000000000000     
 (  21.596240096591099     ,  9.4721732541784274     ) (  23.277358663250173     ,  12.158113173964434     )
 (  1.2337603265889991     ,  4.0976877245389725     ) (  7.3315135171785089E-008,  2.7285708415321199E-007) (  7.3317011749213897E-008,  2.7285697894771538E-007) (-0.71044947265782632     , -4.7164526082340554     )
   21.900310000000001        1.2500000000000000     
 (  21.754298952202824     ,  9.5993260332917600     ) (  23.434227923737073     ,  12.322991323376675     )
 (  1.1503124824236219     ,  4.0792713194893651     ) (  6.8913020573243162E-008,  2.7258806891866940E-007) (  6.8914946638670222E-008,  2.7258796227131662E-007) (-0.61503651175875229     , -4.6792841708058592     )
   21.950305000000000        1.2500000000000000     
 (  21.912974999030197     ,  9.7283046852758517     ) (  23.591161709800705     ,  12.490180924746825     )
 (  1.0659700729269568     ,  4.0591284798792957     ) (  6.4460443474243545E-008,  2.7223963877695576E-007) (  6.4462422000852493E-008,  2.7223952957931309E-007) (-0.51914116417255063     , -4.6397711153758019     )
   22.000299999999999        1.2500000000000000     
 (  22.072249293845051     ,  9.8591395600688223     ) (  23.748119179039612     ,  12.659708635492539     )
 ( 0.98075840891765043     ,  4.0372211619884535     ) (  5.9958528217991363E-008,  2.7181003211270420E-007) (  5.9960551918363977E-008,  2.7180992252079035E-007) (-0.42281591083954412     , -4.5978771513579133     )
   22.050295000000002        1.2500000000000000     
 (  22.232102836306268     ,  9.9918624997679135     ) (  23.905054355261449     ,  12.831602865189796     )
 ( 0.89469934112668126     ,  4.0135132048441102     ) (  5.5408108343758889E-008,  2.7129763006329161E-007) (  5.5410185022947215E-008,  2.7129751628305278E-007) (-0.32611287892198937     , -4.5535699973904213     )
   22.100290000000001        1.2500000000000000     
 (  22.392514655161975     ,  10.126503836911287     ) (  24.061920635735270     ,  13.005887762780691     )
 ( 0.80781943899774222     ,  3.9879662767810187     ) (  5.0810251419836215E-008,  2.7070062375030437E-007) (  5.0812380485763417E-008,  2.7070050666586445E-007) (-0.22908614065045363     , -4.5068145063919927     )
   22.150285000000000        1.2500000000000000     
 (  22.553463355490717     ,  10.263095758586823     ) (  24.218669736485467     ,  13.182589726075586     )
 ( 0.72014702931365882     ,  3.9605439537418627     ) (  4.6166100743125182E-008,  2.7001737047548255E-007) (  4.6168284002082654E-008,  2.7001725151806357E-007) (-0.13179290598690793     , -4.4575804402443797     )
   22.200279999999999        1.2500000000000000     
 (  22.714924922762599     ,  10.401669962928889     ) (  24.375251726817051     ,  13.361732727080449     )
 ( 0.63170883774386066     ,  3.9312085775391847     ) (  4.1476820104830528E-008,  2.6924614160943161E-007) (  4.1479055202236393E-008,  2.6924602140104980E-007) ( -3.4292158513714352E-002, -4.4058371629683304     )
   22.250275000000002        1.2500000000000000     
 (  22.876874390904636     ,  10.542257564856904     ) (  24.531614335677869     ,  13.543339260587620     )
 ( 0.54253654293596021     ,  3.8999231192463513     ) (  3.6743616780001286E-008,  2.6838523937109490E-007) (  3.6745913727092777E-008,  2.6838511551588414E-007) (  6.3356147904174334E-002, -4.3515555347906734     )
   22.300270000000001        1.2500000000000000     
 (  23.039288735893511     ,  10.684890500833577     ) (  24.687704350111055     ,  13.727430905178998     )
 ( 0.45266028232181205     ,  3.8666508027218036     ) (  3.1967705640063438E-008,  2.6743293635345236E-007) (  3.1970056262875688E-008,  2.6743281070739351E-007) ( 0.16108979700907555     , -4.2947073897661747     )
   22.350265000000000        1.2500000000000000     
 (  23.202137196552457     ,  10.829599841973016     ) (  24.843465591800832     ,  13.914028103542558     )
 ( 0.36211343792358897     ,  3.8313538748238476     ) (  2.7150472244459912E-008,  2.6638753876033230E-007) (  2.7152881448314525E-008,  2.6638741022951853E-007) ( 0.25884475250722944     , -4.2352671235770938     )
   22.400259999999999        1.2500000000000000     
 (  23.365394714410208     ,  10.976417522673849     ) (  24.998841456342397     ,  14.103149353744151     )
 ( 0.27093088491858880     ,  3.7939967359046851     ) (  2.2293327637976211E-008,  2.6524734082832930E-007) (  2.2295801334199317E-008,  2.6524721281974829E-007) ( 0.35655373749039621     , -4.1732096939886727     )
   22.450255000000002        1.2500000000000000     
 (  23.529028589763914     ,  11.125375000163835     ) (  25.153773364097322     ,  14.294811844676065     )
 ( 0.17914800895383579     ,  3.7545423453585620     ) (  1.7397747115588611E-008,  2.6401065057468572E-007) (  1.7400276337833885E-008,  2.6401051821569061E-007) ( 0.45415038951951903     , -4.1085128158226061     )
   22.500250000000001        1.2500000000000000     
 (  23.693009289254945     ,  11.276502856034389     ) (  25.308201424468596     ,  14.489031031352093     )
 (  8.6803049459387355E-002,  3.7129546116548875     ) (  1.2465250461773954E-008,  2.6267580322721007E-007) (  1.2467843079756297E-008,  2.6267566810588698E-007) ( 0.55156408717843397     , -4.0411559715244740     )
   22.550245000000000        1.2500000000000000     
 (  23.857303207304138     ,  11.429831435462763     ) (  25.462061921263803     ,  14.685819697439994     )
 ( -6.0642808577125746E-003,  3.6691973420948778     ) (  7.4974419128295890E-009,  2.6124110746481629E-007) (  7.5001036238770209E-009,  2.6124096821233575E-007) ( 0.64872312272588861     , -3.9711199217127868     )
   22.600239999999999        1.2500000000000000     
 (  24.021875249042452     ,  11.585392065041654     ) (  25.615292191059098     ,  14.885190782559635     )
 ( -9.9414258793411980E-002,  3.6232362181821189     ) (  2.4960023741307821E-009,  2.5970493996892840E-007) (  2.4987230161781034E-009,  2.5970479908020599E-007) ( 0.74555397398446932     , -3.8983881613737665     )
   22.650235000000002        1.2500000000000000     
 (  24.186691178141423     ,  11.743214612080855     ) (  25.767827258165692     ,  15.087152774018167     )
 (-0.19320281886263690     ,  3.5750356025149674     ) ( -2.5373219576117903E-009,  2.5806561659518804E-007) ( -2.5345318318719474E-009,  2.5806547181101988E-007) ( 0.84198220675046553     , -3.8229458092487367     )
   22.700230000000001        1.2500000000000000     
 (  24.351712136137472     ,  11.903329067679273     ) (  25.919600385064559     ,  15.291713547565022     )
 (-0.28738666665652984     ,  3.5245614515269619     ) ( -7.6007151603019976E-009,  2.5632154789107099E-007) ( -7.5978583283903779E-009,  2.5632140054538096E-007) ( 0.93793153906216598     , -3.7447814853834696     )
   22.750225000000000        1.2500000000000000     
 (  24.516899698419166     ,  12.065764196704480     ) (  26.070541993201662     ,  15.498878103382731     )
 (-0.38191850525467885     ,  3.4717795388523531     ) ( -1.2692315206579082E-008,  2.5447111879303953E-007) ( -1.2689387952584565E-008,  2.5447096828132330E-007) (  1.0333227134286287     , -3.6638852853467125     )
   22.800219999999999        1.2500000000000000     
 (  24.682201963271531     ,  12.230551281581885     ) (  26.220584640583915     ,  15.708650975288901     )
 (-0.47676098520227772     ,  3.4166602981255672     ) ( -1.7809011931194231E-008,  2.5251291914149662E-007) ( -1.7809127225286218E-008,  2.5251291117296762E-007) (  1.1280789193036223     , -3.5802494174337509     )
   22.850215000000002        1.2500000000000000     
 (  24.847598485475714     ,  12.397712794446479     ) (  26.369656338551117     ,  15.921029962485424     )
 (-0.57184538633467574     ,  3.3591656767194631     ) ( -2.2950997825456676E-008,  2.5044514298674921E-007) ( -2.2951115859822521E-008,  2.5044513483763972E-007) (  1.2221151727466446     , -3.4938709032297215     )
   22.900210000000001        1.2500000000000000     
 (  25.013033950173401     ,  12.567278647158195     ) (  26.517685026761921     ,  16.136014027136735     )
 (-0.66713024700828694     ,  3.2992673757280269     ) ( -2.8115099479576915E-008,  2.4826641282171470E-007) ( -2.8115221367677999E-008,  2.4826640435257213E-007) (  1.3153512212254792     , -3.4047475686977369     )
   22.950205000000000        1.2500000000000000     
 (  25.178464071996057     ,  12.739276324637201     ) (  26.664599517019322     ,  16.353597246662162     )
 (-0.76256190080988140     ,  3.2369348086370104     ) ( -3.3299127477672362E-008,  2.4597520188149627E-007) ( -3.3299253604330582E-008,  2.4597519307917552E-007) (  1.4077032977835251     , -3.3128806178179837     )
   23.000200000000000        1.2500000000000000     
 (  25.343841052472420     ,  12.913729678767950     ) (  26.810323979332601     ,  16.573773672675216     )
 (-0.85808442762043313     ,  3.1721382915003575     ) ( -3.8500779866871115E-008,  2.4357013858284255E-007) ( -3.8500908183752461E-008,  2.4357012944542889E-007) (  1.4990870987816631     , -3.2182741026580035     )
   23.050195000000002        1.2500000000000000     
 (  25.509114895076539     ,  13.090664088907765     ) (  26.954784349814471     ,  16.796530534404145     )
 (-0.95364243902955437     ,  3.1048493233333940     ) ( -4.3717710715409217E-008,  2.4104976714951794E-007) ( -4.3717843382895997E-008,  2.4104975923736428E-007) (  1.5894156771602790     , -3.1209361535209812     )
   23.100190000000001        1.2500000000000000     
 (  25.674237433956609     ,  13.270103112252588     ) (  27.097904711300743     ,  17.021855667748994     )
 ( -1.0491774329307728     ,  3.0350419586908788     ) ( -4.8947642301394017E-008,  2.3841278910017791E-007) ( -4.8947777972832912E-008,  2.3841277985688942E-007) (  1.6786045875811371     , -3.0208770983931483     )
   23.150185000000000        1.2500000000000000     
 (  25.839154451907937     ,  13.452069055832377     ) (  27.239609540002348     ,  17.249731668570405     )
 ( -1.1446273626250074     ,  2.9626885723385739     ) ( -5.4187923218519440E-008,  2.3565782106307671E-007) ( -5.4188062927619392E-008,  2.3565781097986421E-007) (  1.7665652474195312     , -2.9181097870079729     )
   23.200180000000000        1.2500000000000000     
 (  26.003813354293097     ,  13.636583062598151     ) (  27.379821624909230     ,  17.480138361133882     )
 ( -1.2399322366938856     ,  2.8877656818016604     ) ( -5.9436135310492259E-008,  2.3278365308048686E-007) ( -5.9436277634596498E-008,  2.3278364269638096E-007) (  1.8532105124901899     , -2.8126526702981920     )
   23.250175000000002        1.2500000000000000     
 (  26.168158255046411     ,  13.823664830397348     ) (  27.518463648949322     ,  17.713052761958124     )
 ( -1.3350274055420170     ,  2.8102501186590678     ) ( -6.4689547345954160E-008,  2.2978909981637928E-007) ( -6.4689693953418185E-008,  2.2978908900778820E-007) (  1.9384514058120459     , -2.7045270621656345     )
   23.300170000000001        1.2500000000000000     
 (  26.332133164664292     ,  14.013332937118298     ) (  27.655458884887981     ,  17.948448675779456     )
 ( -1.4298468734181904     ,  2.7301206391836930     ) ( -6.9945543591735357E-008,  2.2667301196445463E-007) ( -6.9945695124285239E-008,  2.2667300079105943E-007) (  2.0222007808746110     , -2.5937561313022215     )
   23.350165000000001        1.2500000000000000     
 (  26.495676369992918     ,  14.205604081854945     ) (  27.790730350858077     ,  18.186296303704708     )
 ( -1.5243231445054946     ,  2.6473560288414721     ) ( -7.5201216636054195E-008,  2.2343428787833801E-007) ( -7.5201368182537596E-008,  2.2343427639556715E-007) (  2.1043685753442554     , -2.4803680974872493     )
   23.400160000000003        1.2500000000000000     
 (  26.658730935324080     ,  14.400493554949437     ) (  27.924200221206039     ,  18.426561191272260     )
 ( -1.6183882129741014     ,  2.5619395128029092     ) ( -8.0453798766273950E-008,  2.2007192632794660E-007) ( -8.0453959634781536E-008,  2.2007191518348499E-007) (  2.1848666118019757     , -2.3643944564349568     )
   23.450154999999999        1.2500000000000000     
 (  26.821233745951446     ,  14.598014887658959     ) (  28.055792274879785     ,  18.669207661906437     )
 ( -1.7119697259329598     ,  2.4738545110714059     ) ( -8.5700343309069015E-008,  2.1658501340797326E-007) ( -8.5700507305599064E-008,  2.1658500309697968E-007) (  2.2636066770412806     , -2.2458708412146282     )
   23.500149999999998        1.2500000000000000     
 (  26.983121542967186     ,  14.798179824559485     ) (  28.185430009164346     ,  18.914194465938035     )
 ( -1.8049972410630273     ,  2.3830856490365053     ) ( -9.0937838280008947E-008,  2.1297263355556484E-007) ( -9.0938007174979208E-008,  2.1297262089498548E-007) (  2.3405003136147924     , -2.1248356270166426     )
   23.550145000000001        1.2500000000000000     
 (  27.144329351221582     ,  15.000998366455351     ) (  28.313037446049677     ,  19.161477449132768     )
 ( -1.8973943905573762     ,  2.2896221901138225     ) ( -9.6163196149248061E-008,  2.0923405559051645E-007) ( -9.6163371145029492E-008,  2.0923404457402907E-007) (  2.4154596266985813     , -2.0013330193163146     )
   23.600140000000000        1.2500000000000000     
 (  27.304790208510418     ,  15.206479032445799     ) (  28.438539465187208     ,  19.411009565042551     )
 ( -1.9890871668164358     ,  2.1934534596442039     ) ( -1.0137328931689537E-007,  2.0536854693144440E-007) ( -1.0137346683677439E-007,  2.0536853347569076E-007) (  2.4883987156621390     , -1.8754087183026344     )
   23.650134999999999        1.2500000000000000     
 (  27.464438806863456     ,  15.414625830308692     ) (  28.561862549201173     ,  19.662738750161761     )
 ( -2.0799984462838625     ,  2.0945710873521639     ) ( -1.0656496664134402E-007,  2.0137550812979089E-007) ( -1.0656514724086938E-007,  2.0137549402771400E-007) (  2.5592320247174443     , -1.7471135184181594     )
   23.700129999999998        1.2500000000000000     
 (  27.623203487394143     ,  15.625444159193462     ) (  28.682934317782912     ,  19.916610887788675     )
 ( -2.1700489414702457     ,  1.9929701621825653     ) ( -1.1173485830636228E-007,  1.9725440857772533E-007) ( -1.1173504671622325E-007,  1.9725439394356336E-007) (  2.6278733152045275     , -1.6165017164506765     )
   23.750125000000001        1.2500000000000000     
 (  27.781015890764280     ,  15.838933771160564     ) (  28.801683189212856     ,  20.172567395571715     )
 ( -2.2591597978118321     ,  1.8886466606356678     ) ( -1.1687975189208504E-007,  1.9300480962797191E-007) ( -1.1687994450769798E-007,  1.9300479471835522E-007) (  2.6942416561152625     , -1.4836307337821597     )
   23.800120000000000        1.2500000000000000     
 (  27.937803568736250     ,  16.055094087424703     ) (  28.918040322495408     ,  20.430545635788306     )
 ( -2.3472484176561199     ,  1.7816020087650990     ) ( -1.2199610895842818E-007,  1.8862646019700722E-007) ( -1.2199630692662533E-007,  1.8862644492340835E-007) (  2.7582530644863512     , -1.3485649177654062     )
   23.850114999999999        1.2500000000000000     
 (  28.093495228894160     ,  16.273921332202779     ) (  29.031937736060296     ,  20.690480240360742     )
 ( -2.4342335345514359     ,  1.6718365857490687     ) ( -1.2708057400357992E-007,  1.8411904104309494E-007) ( -1.2708077698411798E-007,  1.8411902922286801E-007) (  2.8198281880750575     , -1.2113671649808488     )
   23.900109999999998        1.2500000000000000     
 (  28.248017054121146     ,  16.495408286583576     ) (  29.143309164556339     ,  20.952301081776110     )
 ( -2.5200318131194552     ,  1.5593560062353400     ) ( -1.3212967046566171E-007,  1.7948248497092560E-007) ( -1.3212987592873052E-007,  1.7948246833944972E-007) (  2.8788900530724875     , -1.0721080089910968     )
   23.950105000000001        1.2500000000000000     
 (  28.401293823340239     ,  16.719547875722235     ) (  29.252092475400364     ,  21.215937281368607     )
 ( -2.6045571832397640     ,  1.4441674970986720     ) ( -1.3713977534515428E-007,  1.7471679578532192E-007) ( -1.3713998343438344E-007,  1.7471677946632007E-007) (  2.9353608522050485     ,-0.93086166115313906     )
   24.000100000000000        1.2500000000000000     
 (  28.553251051230323     ,  16.946326417653072     ) (  29.358224690238259     ,  21.481311491600302     )
 ( -2.6877259460845346     ,  1.3262826159925116     ) ( -1.4210738888595379E-007,  1.6982207496304737E-007) ( -1.4210760865474638E-007,  1.6982205760111762E-007) (  2.9891692693527010     ,-0.78770315346120756     )
   24.050094999999999        1.2500000000000000     
 (  28.703812867082494     ,  17.175729958788335     ) (  29.461649808779860     ,  21.748345621831895     )
 ( -2.7694511025098336     ,  1.2057155162906681     ) ( -1.4702881992960078E-007,  1.6479861676974450E-007) ( -1.4702904144217780E-007,  1.6479859971570607E-007) (  3.0402435496377995     ,-0.64271402836361480     )
   24.100089999999998        1.2500000000000000     
 (  28.852902925687857     ,  17.407739776338396     ) (  29.562310732026020     ,  22.016955875608495     )
 ( -2.8496448023487551     ,  1.0824821076962083     ) ( -1.5190034736804528E-007,  1.5964673263963744E-007) ( -1.5190057422377054E-007,  1.5964671384968974E-007) (  3.0885139105222867     ,-0.49597732078738843     )
   24.150085000000001        1.2500000000000000     
 (  29.000442721640717     ,  17.642336914507506     ) (  29.660155811508407     ,  22.287057723795844     )
 ( -2.9282196204612503     , 0.95660245702822089     ) ( -1.5671837353373771E-007,  1.5436690042713908E-007) ( -1.5671861102342478E-007,  1.5436688553739566E-007) (  3.1339184933296904     ,-0.34757971548284156     )
   24.200080000000000        1.2500000000000000     
 (  29.146357103084334     ,  17.879495248274548     ) (  29.755135568494101     ,  22.558563102253942     )
 ( -3.0050881676124388     , 0.82810166188040812     ) ( -1.6147905734378882E-007,  1.4895983736589179E-007) ( -1.6147929587558709E-007,  1.4895981742067256E-007) (  3.1763919928226914     ,-0.19761149195027733     )
   24.250074999999999        1.2500000000000000     
 (  29.290567267620681     ,  18.119189576947157     ) (  29.847203627782992     ,  22.831379543287486     )
 ( -3.0801612763354420     , 0.69700472767486854     ) ( -1.6617876988230039E-007,  1.4342618818819465E-007) ( -1.6617901999032780E-007,  1.4342617187700956E-007) (  3.2158778493569233     , -4.6165997382877265E-002)
   24.300069999999998        1.2500000000000000     
 (  29.432996634005708     ,  18.361387768097728     ) (  29.936318820145974     ,  23.105413554594673     )
 ( -3.1533513535913840     , 0.56334285635585535     ) ( -1.7081367594279200E-007,  1.3776692949992189E-007) ( -1.7081393185919655E-007,  1.3776690828360169E-007) (  3.2523203400112566     , 0.10666094064149712     )
   24.350065000000001        1.2500000000000000     
 (  29.573565526471761     ,  18.606057022383915     ) (  30.022442483095880     ,  23.380569950741187     )
 ( -3.2245676912357331     , 0.42715017447986015     ) ( -1.7537991675593938E-007,  1.3198307524132681E-007) ( -1.7538017954820588E-007,  1.3198305494898301E-007) (  3.2856673814848749     , 0.26077167739993012     )
   24.400060000000000        1.2500000000000000     
 (  29.712198483579691     ,  18.853160497185112     ) (  30.105539508289926     ,  23.656748144120300     )
 ( -3.2937242667786299     , 0.28846271166635518     ) ( -1.7987390720998296E-007,  1.2607577365952163E-007) ( -1.7987417740251421E-007,  1.2607575145132088E-007) (  3.3158735705996794     , 0.41606313437894921     )
   24.450054999999999        1.2500000000000000     
 (  29.848818796763929     ,  19.102656618760079     ) (  30.185579783829755     ,  23.933848900229396     )
 ( -3.3607301056199725     , 0.14732239067878897     ) ( -1.8429164526471233E-007,  1.2004638674844071E-007) ( -1.8429192201285428E-007,  1.2004636368153566E-007) (  3.3428923420319396     , 0.57243349303740154     )
   24.500049999999998        1.2500000000000000     
 (  29.983348183763951     ,  19.354501374559351     ) (  30.262536300420887     ,  24.211769133544308     )
 ( -3.4254997741405915     ,  3.7746793232050994E-003) ( -1.8862952680587217E-007,  1.1389640682775972E-007) ( -1.8862980951805187E-007,  1.1389638532323182E-007) (  3.3666860658066273     , 0.72977700623994801     )
   24.550045000000001        1.2500000000000000     
 (  30.115712697363765     ,  19.608647983046314     ) (  30.336388404646783     ,  24.490403616986157     )
 ( -3.4879439066627791     ,-0.14213424649114442     ) ( -1.9288367150969942E-007,  1.0762737720494835E-007) ( -1.9288396235887562E-007,  1.0762735282538568E-007) (  3.3872190524231800     , 0.88798570815598332     )
   24.600040000000000        1.2500000000000000     
 (  30.245837316563218     ,  19.865044937925031     ) (  30.407118066025788     ,  24.769647901550943     )
 ( -3.5479777437602524     ,-0.29035098555658589     ) ( -1.9705044855149724E-007,  1.0124111671779810E-007) ( -1.9705074844623498E-007,  1.0124109322055326E-007) (  3.4044610567499034     ,  1.0469509058353950     )
   24.650034999999999        1.2500000000000000     
 (  30.373647736431682     ,  20.123636853803994     ) (  30.474710530193494     ,  25.049393692911099     )
 ( -3.6055141812736529     ,-0.44082035816955617     ) ( -2.0112608221776961E-007,  9.4739589264140334E-008) ( -2.0112638813712074E-007,  9.4739563466148637E-008) (  3.4183849203962913     ,  1.2065599766638133     )
   24.700029999999998        1.2500000000000000     
 (  30.499072155472767     ,  20.384366574167878     ) (  30.539159745328423     ,  25.329533956592172     )
 ( -3.6604703434497661     ,-0.59348233885756563     ) ( -2.0510689761390323E-007,  8.8124824250463805E-008) ( -2.0510720619059731E-007,  8.8124797606803850E-008) (  3.4289693725290737     ,  1.3667028981689708     )
   24.750025000000001        1.2500000000000000     
 (  30.622038572930691     ,  20.647170748967042     ) (  30.600460541803560     ,  25.609957907262121     )
 ( -3.7127628478060841     ,-0.74827432978829700     ) ( -2.0898931333237455E-007,  8.1399022428540597E-008) ( -2.0898962713583284E-007,  8.1398994911780958E-008) (  3.4361979507214793     ,  1.5272672248639143     )
   24.800020000000000        1.2500000000000000     
 (  30.742479415600489     ,  20.911986518808831     ) (  30.658615069852289     ,  25.890559000139724     )
 ( -3.7623092805651228     ,-0.90513000572534907     ) ( -2.1276968093003971E-007,  7.4564629445176930E-008) ( -2.1277000877789777E-007,  7.4564602829727222E-008) (  3.4400560959957511     ,  1.6881361272851865     )
   24.850014999999999        1.2500000000000000     
 (  30.860325376681587     ,  21.178742904036724     ) (  30.713628175295884     ,  26.171224620232632     )
 ( -3.8090311796332190     , -1.0639779883222642     ) ( -2.1644458033068417E-007,  6.7624051441010533E-008) ( -2.1644491447063751E-007,  6.7624022577342869E-008) (  3.4405387200649695     ,  1.8492008476142385     )
   24.900009999999998        1.2500000000000000     
 (  30.975512541431659     ,  21.447368622839541     ) (  30.765510717770709     ,  26.451846184941608     )
 ( -3.8528501878675536     , -1.2247438912913398     ) ( -2.2001054976819943E-007,  6.0580147043809703E-008) ( -2.2001089467749068E-007,  6.0580117296284136E-008) (  3.4376423605207775     ,  2.0103394873076619     )
   24.950005000000001        1.2500000000000000     
 (  31.087976955573328     ,  21.717788427715899     ) (  30.814278849275773     ,  26.732314140399460     )
 ( -3.8936902870461032     , -1.3873513345604471     ) ( -2.2346413397040568E-007,  5.3435568428018775E-008) ( -2.2346449064589523E-007,  5.3435537863282564E-008) (  3.4313674589449716     ,  2.1714433049016582     )
   25.000000000000000        1.2500000000000000     
 (  31.197657528284761     ,  21.989922415013709     ) (  30.859952012449320     ,  27.012519101807740     )
 ( -3.9314776880958306     , -1.5517183876444900     ) ( -2.2680208199345045E-007,  4.6193386721153832E-008) ( -2.2680244698201201E-007,  4.6193356862357960E-008) (  3.4217218732432961     ,  2.3323950944038669     )
