   8.5655000000000001     
   243.16000000000000     
   1.0705306863839772        8.9858157540805006E-005
         501           1
 
   71.000000000000000        71.000000000000000     
   2.5000000000000001E-003   1.2500000000000000     
 (  3.8750753148958958E-010,  4.8337156600509382E-013) (  3.9194240914980497E-010,  4.9449119313385417E-013)
 (  3.8750693782436414E-010,  4.8337080976749372E-013) (  1.2760373505926342E-017,  1.6099028870973585E-020) (  1.2760373505926466E-017,  1.6099028870973579E-020) ( -3.9194181036903969E-010, -4.9449042390784118E-013)
   5.2495000000000000E-002   1.2500000000000000     
 (  3.5878961832743991E-006,  4.4820514692311021E-009) (  3.6289648698308138E-006,  4.5851748740095373E-009)
 (  3.5854732812705633E-006,  4.4789650154885090E-009) (  1.1806807167234958E-013,  1.4917677342341058E-016) (  1.1806807167234935E-013,  1.4917677342340996E-016) ( -3.6265210876856946E-006, -4.5820354046781719E-009)
  0.10249000000000000        1.2500000000000000     
 (  2.6705659233976333E-005,  3.3667792943653043E-008) (  2.7011482965643020E-005,  3.4442800961055138E-008)
 (  2.6636970612155475E-005,  3.3580288282023848E-008) (  8.7715568700651720E-013,  1.1184592886594687E-015) (  8.7715568700641532E-013,  1.1184592886592088E-015) ( -2.6942202222190105E-005, -3.4353792789800841E-008)
  0.15248500000000001        1.2500000000000000     
 (  8.7974998416405671E-005,  1.1355815401760799E-007) (  8.8983205603152557E-005,  1.1617476600055853E-007)
 (  8.7474767073326376E-005,  1.1292082264823384E-007) (  2.8806090609760842E-012,  3.7612425348233684E-015) (  2.8806090609724830E-012,  3.7612425348138918E-015) ( -8.8478659967028715E-005, -1.1552647837479393E-007)
  0.20247999999999999        1.2500000000000000     
 (  2.0605758669967384E-004,  2.7782281633429281E-007) (  2.0842151300681051E-004,  2.8423665161315221E-007)
 (  2.0399538659503553E-004,  2.7519481842503920E-007) (  6.7179299607755706E-012,  9.1670928080349805E-015) (  6.7179299607291208E-012,  9.1670928079143811E-015) ( -2.0634151515648095E-004, -2.8156344227228248E-007)
  0.25247500000000000        1.2500000000000000     
 (  3.9967368721387101E-004,  5.7616664597217085E-007) (  4.0426496704989257E-004,  5.8951389615239842E-007)
 (  3.9346893893019771E-004,  5.6825586327256028E-007) (  1.2958153423939339E-011,  1.8931568255106664E-014) (  1.2958153423603198E-011,  1.8931568254232735E-014) ( -3.9800662150583157E-004, -5.8146687493463327E-007)
  0.30247000000000002        1.2500000000000000     
 (  6.8761872080337649E-004,  1.0856262662409108E-006) (  6.9553077112918208E-004,  1.1109190237111573E-006)
 (  6.7234012054519915E-004,  1.0661295631639532E-006) (  2.2143347571037745E-011,  3.5524414576641396E-014) (  2.2143347569337805E-011,  3.5524414572217332E-014) ( -6.8012005106108601E-004, -1.0910860622865238E-006)
  0.35246499999999997        1.2500000000000000     
 (  1.0887775997999566E-003,  1.9244815507598035E-006) (  1.1013300473914486E-003,  1.9697026569385475E-006)
 (  1.0560344924461036E-003,  1.8826332072447941E-006) (  3.4782287672712993E-011,  6.2745850748551451E-014) (  3.4782287665942900E-011,  6.2745850731011438E-014) ( -1.0683034343823390E-003, -1.9271311118310414E-006)
  0.40245999999999998        1.2500000000000000     
 (  1.6221368535739487E-003,  3.2683879053249718E-006) (  1.6408804652265599E-003,  3.3460954698567679E-006)
 (  1.5587717686921065E-003,  3.1871894220047884E-006) (  5.1344345271906547E-011,  1.0625785922701668E-013) (  5.1344345249658756E-011,  1.0625785916926941E-013) ( -1.5769659221751056E-003, -3.2634898913731989E-006)
  0.45245499999999994        1.2500000000000000     
 (  2.3067930206389638E-003,  5.3682683149742420E-006) (  2.3335162381789842E-003,  5.4978324161645116E-006)
 (  2.1933862196190286E-003,  5.2223387775006349E-006) (  7.2253645815919078E-011,  1.7417475427647714E-013) (  7.2253645752580295E-011,  1.7417475411073779E-013) ( -2.2191243880856672E-003, -5.3493645331352915E-006)
  0.50244999999999995        1.2500000000000000     
 (  3.1619589654706109E-003,  8.5694427074877958E-006) (  3.1986945305946105E-003,  8.7800459402554931E-006)
 (  2.9711573596272241E-003,  8.3223744016456838E-006) (  9.7883513212761550E-011,  2.7769451995413797E-013) (  9.7883513050759687E-011,  2.7769451952853890E-013) ( -3.0062324669218226E-003, -8.5286581029862776E-006)
  0.55244499999999985        1.2500000000000000     
 (  4.2069659678857681E-003,  1.3331421431301443E-005) (  4.2559985490148462E-003,  1.3665975131382150E-005)
 (  3.9016501745223961E-003,  1.2932444785293401E-005) (  1.2855125655468536E-010,  4.3175025948284049E-013) (  1.2855125617548798E-010,  4.3175025848159203E-013) ( -3.9480201087280700E-003, -1.3259975512188551E-005)
  0.60243999999999998        1.2500000000000000     
 (  5.4612618859170925E-003,  2.0247772970033755E-005) (  5.5251374808755385E-003,  2.0767898936997000E-005)
 (  4.9925665313267789E-003,  1.9627422981542516E-005) (  1.6451334649736831E-010,  6.5565878834250230E-013) (  1.6451334567682029E-010,  6.5565878614800233E-013) ( -5.0523450707226254E-003, -2.0136531334021796E-005)
  0.65243499999999988        1.2500000000000000     
 (  6.9444084343465527E-003,  3.0065421097995104E-005) (  7.0259419436206052E-003,  3.0857680747107528E-005)
 (  6.2496118263326850E-003,  2.9129748815905867E-005) (  2.0596097245868636E-010,  9.7374152591570138E-013) (  2.0596097078538050E-010,  9.7374152139477159E-013) ( -6.3250562164099636E-003, -2.9905198756901348E-005)
  0.70242999999999989        1.2500000000000000     
 (  8.6760704454193396E-003,  4.3702771368997366E-005) (  8.7783573208932153E-003,  4.4886293729849990E-005)
 (  7.6763708645515138E-003,  4.2325454945228448E-005) (  2.5301609840440594E-010,  1.4158909101092811E-012) (  2.5301609517782465E-010,  1.4158909012541159E-012) ( -7.7698719665394867E-003, -4.3483874035725554E-005)
  0.75242499999999990        1.2500000000000000     
 (  1.0676007006685421E-002,  6.2266031363698669E-005) (  1.0802431531100531E-002,  6.4001751672676481E-005)
 (  9.2742039282214146E-003,  6.0277508311645216E-005) (  3.0572792588713296E-010,  2.0180559002175930E-012) (  3.0572791993500653E-010,  2.0180558835911144E-012) ( -9.3882714138951422E-003, -6.1976340071249390E-005)
  0.80241999999999991        1.2500000000000000     
 (  1.2964056538879118E-002,  8.7063185271795562E-005) (  1.3118305130499519E-002,  8.9564809024513369E-005)
 (  1.1042155467068798E-002,  8.4235649009597213E-005) (  3.6407005175983144E-010,  2.8226166411049424E-012) (  3.6407004123173773E-010,  2.8226166110445616E-012) ( -1.1179406656585790E-002, -8.6683704840853675E-005)
  0.85241499999999992        1.2500000000000000     
 (  1.5560120751248801E-002,  1.1961503882711256E-004) (  1.5746188476307706E-002,  1.2316198883830634E-004)
 (  1.2976881033404618E-002,  1.1564181864111680E-004) (  4.2793783917879061E-010,  3.8786232083792068E-012) (  4.2793782063528896E-010,  3.8786231556525634E-012) ( -1.3140021902921054E-002, -1.1911163754130556E-004)
  0.90240999999999982        1.2500000000000000     
 (  1.8484145711689399E-002,  1.6166294122784116E-004) (  1.8706351442376788E-002,  1.6661531340913773E-004)
 (  1.5072591948053386E-002,  1.5613041733229346E-004) (  4.9714684614334692E-010,  5.2418658265227149E-012) (  4.9714681582685115E-010,  5.2418657365277244E-012) ( -1.5264404576151872E-002, -1.6097239400392809E-004)
  0.95240499999999984        1.2500000000000000     
 (  2.1756105316113279E-002,  2.1517281730792673E-004) (  2.2019097787605080E-002,  2.2198857375833878E-004)
 (  1.7321022086839451E-002,  2.0752261494242353E-004) (  5.7143144561859315E-010,  6.9747578495449057E-012) (  5.7143139762323681E-010,  6.9747576993898109E-012) ( -1.7544342874699331E-002, -2.1418104511701055E-004)
   1.0024000000000000        1.2500000000000000     
 (  2.5395975372902842E-002,  2.8233521148681150E-004) (  2.5704744224302790E-002,  2.9158958858647028E-004)
 (  1.9711405954626733E-002,  2.7181397533481132E-004) (  6.5044422580409067E-010,  9.1459986534539581E-012) (  6.5044414974445088E-010,  9.1459984060487654E-012) ( -1.9969107048902434E-002, -2.8084489267847154E-004)
   1.0523950000000000        1.2500000000000000     
 (  2.9423723006767627E-002,  3.6556123554154333E-004) (  2.9783608220222860E-002,  3.7796860547676189E-004)
 (  2.2230493888902598E-002,  3.5115482228218522E-004) (  7.3375639910790861E-010,  1.1830006229491882E-011) (  7.3375628371794745E-010,  1.1830005818227878E-011) ( -2.2525461446869996E-002, -3.6324574098303990E-004)
   1.1023899999999998        1.2500000000000000     
 (  3.3859280006709847E-002,  4.6747457975280355E-004) (  3.4275976456824654E-002,  4.8391238723897041E-004)
 (  2.4862571242084200E-002,  4.4782302072964421E-004) (  8.2085825189154509E-010,  1.5106088273439347E-011) (  8.2085807971477254E-010,  1.5106087650814342E-011) ( -2.5197677931952277E-002, -4.6381405742172986E-004)
   1.1523849999999998        1.2500000000000000     
 (  3.8722533629162968E-002,  5.9089946062733270E-004) (  3.9202094245904436E-002,  6.1243457175880287E-004)
 (  2.7589514398095882E-002,  5.6418856672630204E-004) (  9.1116092764423179E-010,  1.9057354858693548E-011) (  9.1116067235957020E-010,  1.9057353852573526E-011) ( -2.7967590505448968E-002, -5.8509509216631667E-004)
   1.2023800000000000        1.2500000000000000     
 (  4.4033307225110958E-002,  7.3884516967054716E-004) (  4.4582147034907878E-002,  7.6676225289683644E-004)
 (  3.0390862389854556E-002,  7.0267018254116130E-004) (  1.0039987034734584E-009,  2.3769355291887670E-011) (  1.0039983357197739E-009,  2.3769353778078726E-011) ( -3.0814665113858677E-002, -7.2970641483675392E-004)
   1.2523750000000000        1.2500000000000000     
 (  4.9811349031801573E-002,  9.1448759325025704E-004) (  5.0436244965885786E-002,  9.5031913124263170E-004)
 (  3.3243910479675967E-002,  8.6568383713323102E-004) (  1.0986319467322418E-009,  2.9328435688167242E-011) (  1.0986314156236029E-009,  2.9328433409480412E-011) ( -3.3716089404310826E-002, -9.0028672929116222E-004)
   1.3023699999999998        1.2500000000000000     
 (  5.6076337011219154E-002,  1.1211481829863327E-003) (  5.6784427821551145E-002,  1.1667062509805707E-003)
 (  3.6123846159873518E-002,  1.0555833131889228E-003) (  1.1942513907232885E-009,  3.5819837128408373E-011) (  1.1942506481679743E-009,  3.5819833620459046E-011) ( -3.6646905289029585E-002, -1.0994365714713423E-003)
   1.3523649999999998        1.2500000000000000     
 (  6.2847841784826927E-002,  1.3622713747476515E-003) (  6.3646621906175108E-002,  1.4196810072871241E-003)
 (  3.9003903966424246E-002,  1.2745936177177566E-003) (  1.2899738199294981E-009,  4.3325518924293469E-011) (  1.2899738238171764E-009,  4.3325518077317442E-011) ( -3.9580155047028345E-002, -1.3296513118755062E-003)
   1.4023599999999998        1.2500000000000000     
 (  7.0145421330883001E-002,  1.6414020315816953E-003) (  7.1042715493691247E-002,  1.7131338737341312E-003)
 (  4.1855474936454619E-002,  1.5247377356275207E-003) (  1.3848788816507783E-009,  5.1921828983748560E-011) (  1.3848788932422315E-009,  5.1921827775872307E-011) ( -4.2486988257467620E-002, -1.5932450686411493E-003)
   1.4523549999999998        1.2500000000000000     
 (  7.7988511907982311E-002,  1.9621622818186586E-003) (  7.8992473119761222E-002,  2.0510670702903158E-003)
 (  4.4648395999788974E-002,  1.8077580600355976E-003) (  1.4779721938240418E-009,  6.1676813410640273E-011) (  1.4779722193492779E-009,  6.1676811594513474E-011) ( -4.5336945382038078E-002, -1.8922709639714172E-003)
   1.5023499999999999        1.2500000000000000     
 (  8.6396522137836856E-002,  2.3282303285049872E-003) (  8.7515607115815477E-002,  2.4375719775316385E-003)
 (  4.7351122582813723E-002,  2.1250325097740535E-003) (  1.5682195285884835E-009,  7.2647486628275844E-011) (  1.5682195632441160E-009,  7.2647484306517835E-011) ( -4.8098132285963512E-002, -2.2284328751529924E-003)
   1.5523449999999999        1.2500000000000000     
 (  9.5388834506818843E-002,  2.7433232947996393E-003) (  9.6631787556941157E-002,  2.8768111024167868E-003)
 (  4.9930983745348781E-002,  2.4774894407998934E-003) (  1.6545482935612467E-009,  8.4876954612111257E-011) (  1.6545483565240077E-009,  8.4876951122670380E-011) ( -5.0737469693813618E-002, -2.6029957327147668E-003)
   1.6023399999999999        1.2500000000000000     
 ( 0.10498480773524332     ,  3.2111819088859184E-003) ( 0.10636063113055125     ,  3.3730016026840347E-003)
 (  5.2354439119018159E-002,  2.8655188411167093E-003) (  1.7358557144130536E-009,  9.8391425165138426E-011) (  1.7358558129635592E-009,  9.8391420558121766E-011) ( -5.3220942091963749E-002, -3.0166914369570380E-003)
   1.6523349999999999        1.2500000000000000     
 ( 0.11520385396532427     ,  3.7355620012395423E-003) ( 0.11672176993027909     ,  3.9304041327137447E-003)
 (  5.4587406795764772E-002,  3.2888855954532085E-003) (  1.8110188628041651E-009,  1.1319722568522151E-010) (  1.8110190137090046E-009,  1.1319721892009502E-010) ( -5.5513916085648346E-002, -3.4696246993674443E-003)
   1.7023299999999999        1.2500000000000000     
 ( 0.12606542465479478     ,  4.3202315187280673E-003) ( 0.12773483765323770     ,  4.5533165126315526E-003)
 (  5.6595536787804608E-002,  3.7466441065205423E-003) (  1.8789041118323694E-009,  1.2927783260518336E-010) (  1.8789043280594999E-009,  1.2927782353557761E-010) ( -5.7581421467106611E-002, -3.9611792212176913E-003)
   1.7523250000000001        1.2500000000000000     
 ( 0.13758907561348599     ,  4.9689747312484777E-003) ( 0.13941955744584447     ,  5.2460759332523125E-003)
 (  5.8344572641715178E-002,  4.2370574576419727E-003) (  1.9383790125394743E-009,  1.4659107819457441E-010) (  1.9383793311513545E-009,  1.4659106572395408E-010) ( -5.9388522582581635E-002, -4.4899288714598121E-003)
   1.8023199999999997        1.2500000000000000     
 ( 0.14979449044377377     ,  5.6856040361116349E-003) ( 0.15179570833380590     ,  6.0130660310467338E-003)
 (  5.9800672962020830E-002,  4.7575224462088365E-003) (  1.9883215625052905E-009,  1.6506645646802706E-010) (  1.9883220190052784E-009,  1.6506644013715160E-010) ( -6.0900611923182427E-002, -5.0535518351826521E-003)
   1.8523149999999997        1.2500000000000000     
 ( 0.16270151393774854     ,  6.4739813913152816E-003) ( 0.16488321109278686     ,  6.8587328208139049E-003)
 (  6.0930799795877261E-002,  5.3045045760575010E-003) (  2.0276338082440773E-009,  1.8460270338546020E-010) (  2.0276344318990922E-009,  1.8460268134064857E-010) ( -6.2083814275075866E-002, -5.6487531725729874E-003)
   1.9023099999999997        1.2500000000000000     
 ( 0.17633020581968928     ,  7.3380444104976274E-003) ( 0.17870213187809597     ,  7.7876088262702255E-003)
 (  6.1703077092237393E-002,  5.8734793768316605E-003) (  2.0552526564699184E-009,  2.0506569246586049E-010) (  2.0552535385662751E-009,  2.0506566427843758E-010) ( -6.2905349610729189E-002, -6.2711971720677351E-003)
   1.9523049999999997        1.2500000000000000     
 ( 0.19070083222165626     ,  8.2818445225805847E-003) ( 0.19327273559829433     ,  8.8043453982803305E-003)
 (  6.2087160451702372E-002,  6.4588906522437617E-003) (  2.0701630467827153E-009,  2.2628673113832322E-010) (  2.0701642382731286E-009,  2.2628669451008327E-010) ( -6.3333915583728598E-002, -6.9154519929592309E-003)
   2.0023000000000000        1.2500000000000000     
 ( 0.20583396538075954     ,  9.3095946097441363E-003) ( 0.20861546888412499     ,  9.9137544231876259E-003)
 (  6.2054687307498677E-002,  7.0541241084951410E-003) (  2.0714189309221615E-009,  2.4806102836771148E-010) (  2.0714189863938810E-009,  2.4806103020320892E-010) ( -6.3340049317450769E-002, -7.5749490475419418E-003)
   2.0522950000000000        1.2500000000000000     
 ( 0.22175032278339829     ,  1.0425705480441382E-002) ( 0.22475099975700671     ,  1.1120845566443252E-002)
 (  6.1579490809114269E-002,  7.6514803804283915E-003) (  2.0581234361074729E-009,  2.7014783209073632E-010) (  2.0581234972239341E-009,  2.7014783471876781E-010) ( -6.2896637451955409E-002, -8.2419510827277404E-003)
   2.1022900000000000        1.2500000000000000     
 ( 0.23847100586500916     ,  1.1634860750442868E-002) ( 0.24170023483301689     ,  1.2430889754286058E-002)
 (  6.0638211149672022E-002,  8.2421972627777871E-003) (  2.0294864747262966E-009,  2.9226892886122227E-010) (  2.0294865397372561E-009,  2.9226893247499192E-010) ( -6.1979143822830866E-002, -8.9075530906979582E-003)
   2.1522849999999996        1.2500000000000000     
 ( 0.25601735129430575     ,  1.2942063665644019E-002) ( 0.25948429726577243     ,  1.3849466245342171E-002)
 (  5.9210529689180717E-002,  8.8164609127554007E-003) (  1.9848099572629492E-009,  3.1410981558966120E-010) (  1.9848100238859406E-009,  3.1410982065720874E-010) ( -6.0566113493659736E-002, -9.5616874068740268E-003)
   2.2022799999999996        1.2500000000000000     
 ( 0.27441092520857197     ,  1.4352702240552836E-002) ( 0.27812452072061189     ,  1.5382524264044265E-002)
 (  5.7279544892133813E-002,  9.3634530068732198E-003) (  1.9235043497166406E-009,  3.3532064385817799E-010) (  1.9235044165641983E-009,  3.3532065088272598E-010) ( -5.8639511559497128E-002, -1.0193160550472362E-002)
   2.2522749999999996        1.2500000000000000     
 ( 0.29367356232160402     ,  1.5872606255002631E-002) ( 0.29764242341248248     ,  1.7036435751847753E-002)
 (  5.4832189674153063E-002,  9.8714118343354688E-003) (  1.8451025442931564E-009,  3.5551780966564144E-010) (  1.8451026222574163E-009,  3.5551781895768846E-010) ( -5.6185085357595824E-002, -1.0789705343048199E-002)
   2.3022699999999996        1.2500000000000000     
 ( 0.31382721808147862     ,  1.7508109637399741E-002) ( 0.31805965779422790     ,  1.8818055000258502E-002)
 (  5.1859454026067772E-002,  1.0327724811447871E-002) (  1.7492699697995249E-009,  3.7428658412547306E-010) (  1.7492700404859726E-009,  3.7428659687686995E-010) ( -5.3192747393101862E-002, -1.1338065445100244E-002)
   2.3522650000000001        1.2500000000000000     
 ( 0.33489403317210520     ,  1.9266093649562843E-002) ( 0.33939796049831650     ,  2.0734760486344865E-002)
 (  4.8356794493522301E-002,  1.0719027922249996E-002) (  1.6358123474740217E-009,  3.9118403429524690E-010) (  1.6358123886849467E-009,  3.9118405124508160E-010) ( -4.9656812938109390E-002, -1.1824091700894801E-002)
   2.4022600000000001        1.2500000000000000     
 ( 0.35689616840284161     ,  2.1154039755765779E-002) ( 0.36167910621014177     ,  2.2794502512929485E-002)
 (  4.4324326986217140E-002,  1.1031346818591730E-002) (  1.5046893669187199E-009,  4.0574311433536426E-010) (  1.5046893730629369E-009,  4.0574313730345016E-010) ( -4.5576417588409607E-002, -1.2232876155375222E-002)
   2.4522550000000001        1.2500000000000000     
 ( 0.37985580601838820     ,  2.3180051318077759E-002) ( 0.38492485237817592     ,  2.5005826590162303E-002)
 (  3.9767123147742174E-002,  1.1250241701125048E-002) (  1.3560210759383508E-009,  4.1747715684976908E-010) (  1.3560209932396753E-009,  4.1747718745898758E-010) ( -4.0955710957450583E-002, -1.2548902550986644E-002)
   2.5022500000000001        1.2500000000000000     
 ( 0.40379503183628718     ,  2.5352883487724957E-002) ( 0.40915675947229729     ,  2.7377900601010845E-002)
 (  3.4695425296959154E-002,  1.1360992786787670E-002) (  1.1900922485192394E-009,  4.2588553539984280E-010) (  1.1900921112774281E-009,  4.2588557515405133E-010) ( -3.5804050210047594E-002, -1.2756232623902266E-002)
   2.5522449999999997        1.2500000000000000     
 ( 0.42873574502107098     ,  2.7681940604419787E-002) ( 0.43439626316082947     ,  2.9920502735691124E-002)
 (  2.9124762060764087E-002,  1.1348790599767166E-002) (  1.0073640609125401E-009,  4.3045915761945589E-010) (  1.0073637856285710E-009,  4.3045921015462118E-010) ( -3.0136299788343417E-002, -1.2838692600089107E-002)
   2.6022399999999997        1.2500000000000000     
 ( 0.45469957234037461     ,  3.0177265219978402E-002) ( 0.46066439605130188     ,  3.2644017618561866E-002)
 (  2.3076111093704943E-002,  1.1198952305874289E-002) (  8.0847214613621244E-010,  4.3068768199934268E-010) (  8.0847171672518297E-010,  4.3068775086611445E-010) ( -2.3972852236420709E-002, -1.2780113590345171E-002)
   2.6522349999999997        1.2500000000000000     
 ( 0.48170791231118160     ,  3.2849522270254311E-002) ( 0.48798191444150063     ,  3.5559406248126257E-002)
 (  1.6575761548140687E-002,  1.0897162190495075E-002) (  5.9422972431960645E-010,  4.2606706255861604E-010) (  5.9422958881702508E-010,  4.2606706350005350E-010) ( -1.7339792519455919E-002, -1.2564576757083955E-002)
   2.7022299999999997        1.2500000000000000     
 ( 0.50978133819495930     ,  3.5709916855821255E-002) ( 0.51636896781157615     ,  3.8678137257440570E-002)
 (  9.6560240752688632E-003,  1.0429740910981550E-002) (  3.6564297711701607E-010,  4.1610623291461936E-010) (  3.6564281592180844E-010,  4.1610623386390688E-010) ( -1.0268935371533269E-002, -1.2176675273962078E-002)
   2.7522249999999997        1.2500000000000000     
 ( 0.53894022705732425     ,  3.8770175423287180E-002) ( 0.54584520783333967     ,  4.2012140410988053E-002)
 (  2.3542087386399842E-003,  9.7838814812860019E-003) (  1.2388892934037595E-010,  4.0033724610504135E-010) (  1.2388873603934127E-010,  4.0033724686958681E-010) ( -2.7977637381655569E-003, -1.1601805355175389E-002)
   2.8022199999999997        1.2500000000000000     
 ( 0.56920429424424890     ,  4.2042438594273625E-002) ( 0.57642966473129842     ,  4.5573708008818305E-002)
 ( -5.2867892614232269E-003,  8.9479468951238379E-003) ( -1.2967346108237680E-010,  3.7832305086575497E-010) ( -1.2967369510331959E-010,  3.7832305121758265E-010) (  5.0306158603472583E-003, -1.0826456810001628E-002)
   2.8522149999999997        1.2500000000000000     
 ( 0.60059254074902746     ,  4.5539172874575630E-002) ( 0.60814067256703941     ,  4.9375394328048695E-002)
 ( -1.3218884287615676E-002,  7.9117612859495225E-003) ( -3.9351089171126557E-010,  3.4966694551857336E-010) ( -3.9351116568765462E-010,  3.4966694546324620E-010) (  1.3167616859943526E-002, -9.8385281269972660E-003)
   2.9022099999999997        1.2500000000000000     
 ( 0.63312328521046501     ,  4.9273060881603548E-002) ( 0.64099584721107872     ,  5.3429899070167722E-002)
 ( -2.1388991988235077E-002,  6.6668876941556772E-003) ( -6.6592310163262878E-010,  3.1402199792093073E-010) ( -6.6592337456396058E-010,  3.1402199680998343E-010) (  2.1559446162766623E-002, -8.6276366985901382E-003)
   2.9522049999999997        1.2500000000000000     
 ( 0.66681416731474163     ,  5.3256887834064473E-002) ( 0.67501205322865621     ,  5.7749961001258843E-002)
 ( -2.9739281704979300E-002,  5.2069252493030906E-003) ( -9.4504534790380762E-010,  2.7110056431540517E-010) ( -9.4504570856500384E-010,  2.7110056180601072E-010) (  3.0147240965543158E-002, -7.1854389466178663E-003)
   3.0021999999999998        1.2500000000000000     
 ( 0.70168205900495251     ,  5.7503423765361092E-002) ( 0.71020549605454375     ,  6.2348209078337942E-002)
 ( -3.8207607680455301E-002,  3.5277961712206871E-003) ( -1.2288684640139842E-009,  2.2068381618189230E-010) ( -1.2288688758322934E-009,  2.2068381205874263E-010) (  3.8867598327367969E-002, -5.5059386267898806E-003)
   3.0521949999999998        1.2500000000000000     
 ( 0.73774318277935191     ,  6.2025289296274273E-002) ( 0.74659162056080020     ,  6.7237043640853117E-002)
 ( -4.6727846458475872E-002,  1.6280113763284235E-003) ( -1.5152426047932445E-009,  1.6263058578656504E-010) ( -1.5152430534790393E-009,  1.6263057844539294E-010) (  4.7652846942007804E-002, -3.5857746541869098E-003)
   3.1021899999999998        1.2500000000000000     
 ( 0.77501306538879300     ,  6.6834857766088732E-002) ( 0.78418528953270461     ,  7.2428516618842392E-002)
 ( -5.5230416472320791E-002, -4.9107470766986149E-004) ( -1.8018954646308507E-009,  9.6886962283668555E-011) ( -1.8018959692209572E-009,  9.6886954585494258E-011) (  5.6431619809103842E-002, -1.4245352306042844E-003)
   3.1521849999999998        1.2500000000000000     
 ( 0.81350669613872773     ,  7.1944117904861493E-002) ( 0.82300083005944213     ,  7.7934213450893533E-002)
 ( -6.3642839505194962E-002, -2.8250183501953045E-003) ( -2.0864504447660169E-009,  2.3494250914147004E-011) ( -2.0864509903622199E-009,  2.3494233941783865E-011) (  6.5129353045491556E-002,  9.7501299530099519E-004)
   3.2021799999999998        1.2500000000000000     
 ( 0.85323863196147653     ,  7.7364598993959185E-002) ( 0.86305211404295223     ,  8.3765156236141516E-002)
 ( -7.1890378153986481E-002, -5.3661022916571032E-003) ( -2.3664430762358592E-009, -5.7403726196216536E-011) ( -2.3664436724643075E-009, -5.7403750206202145E-011) (  7.3668959037308773E-002,  3.6066772527812269E-003)
   3.2521749999999998        1.2500000000000000     
 ( 0.89422297116783511     ,  8.3107287528363355E-002) ( 0.90435272022002600     ,  8.9931720656610259E-002)
 ( -7.9896601324593919E-002, -8.1031507708697499E-003) ( -2.6393395691557241E-009, -1.4555338109299538E-010) ( -2.6393402014690858E-009, -1.4555341412655028E-010) (  8.1971439964441853E-002,  6.4606501141862100E-003)
   3.3021699999999998        1.2500000000000000     
 ( 0.93647368502008788     ,  8.9182549687807908E-002) ( 0.94691611824989064     ,  9.6443596535919288E-002)
 ( -8.7584140982046574E-002, -1.1021419696761472E-002) ( -2.9025612736995430E-009, -2.4058556461399326E-010) ( -2.9025618788775826E-009, -2.4058561063077395E-010) (  8.9956584663923644E-002,  9.5233415620302152E-003)
   3.3521649999999998        1.2500000000000000     
 ( 0.98000456820692894     ,  9.5600132119140313E-002) ( 0.99075570259182510     , 0.10330974731029408     )
 ( -9.4875442672829199E-002, -1.4102494946900874E-002) ( -3.1535086218852259E-009, -3.4201183610695057E-010) ( -3.1535092072441326E-009, -3.4201189886101461E-010) (  9.7543854153091109E-002,  1.2777287289376346E-002)
   3.4021599999999999        1.2500000000000000     
 (  1.0248295316223774     , 0.10236911912438651     ) (  1.0358851780692337     , 0.11053843698739577     )
 (-0.10169370208852690     , -1.7324269451702727E-002) ( -3.3895849694829883E-009, -4.4922077042188749E-010) ( -3.3895854505026759E-009, -4.4922085348526729E-010) ( 0.10465306029312951     ,  1.6201084375385106E-002)
   3.4521549999999999        1.2500000000000000     
 (  1.0709629386800192     , 0.10949799313417288     ) (  1.0823184820463390     , 0.11813723375147116     )
 (-0.10796305811083633     , -2.0660983396038491E-002) ( -3.6082232288118707E-009, -5.6147790143079980E-010) ( -3.6082229453524873E-009, -5.6147791033986019E-010) ( 0.11120530719397463     ,  1.9769396616964151E-002)
   3.5021500000000003        1.2500000000000000     
 (  1.1184187392047968     , 0.11699465074725673     ) (  1.1300699830223639     , 0.12611313977718530     )
 (-0.11361083555887747     , -2.4083293162534835E-002) ( -3.8069124271464125E-009, -6.7792366688362835E-010) ( -3.8069120927109108E-009, -6.7792367750332720E-010) ( 0.11712370772874481     ,  2.3453015949542508E-002)
   3.5521449999999994        1.2500000000000000     
 (  1.1672120631154455     , 0.12486651360039676     ) (  1.1791548505379030     , 0.13447263181057231     )
 (-0.11856663250223941     , -2.7558403428986449E-002) ( -3.9832247759378757E-009, -7.9757806050856614E-010) ( -3.9832243743633033E-009, -7.9757807283725766E-010) ( 0.12233443104633171     ,  2.7218971378436960E-002)
   3.6021399999999995        1.2500000000000000     
 (  1.2173585309453767     , 0.13312063031394766     ) (  1.2295889479667454     , 0.14322184520187084     )
 (-0.12276434977998803     , -3.1050300003312763E-002) ( -4.1348472889287471E-009, -9.1934384296087035E-010) ( -4.1348468147912858E-009, -9.1934385775683660E-010) ( 0.12676744531790934     ,  3.1030719930333021E-002)
   3.6521349999999995        1.2500000000000000     
 (  1.2688743742006936     , 0.14176379007952955     ) (  1.2813890205369283     , 0.15236670303966401     )
 (-0.12614243337298350     , -3.4519988358900792E-002) ( -4.2595992647999430E-009, -1.0420118331571442E-009) ( -4.2595986994751093E-009, -1.0420118505272112E-009) ( 0.13035726827716920     ,  3.4848399439875707E-002)
   3.7021299999999995        1.2500000000000000     
 (  1.3217765757273601     , 0.15080271177281052     ) (  1.3345727979967199     , 0.16191311454052509     )
 (-0.12864501079924348     , -3.7925832704045405E-002) ( -4.3554671990803290E-009, -1.1642702183697568E-009) ( -4.3554665518659935E-009, -1.1642702378834985E-009) ( 0.13304397489654615     ,  3.8629102000203204E-002)
   3.7521249999999995        1.2500000000000000     
 (  1.3760831053199549     , 0.16024416885681003     ) (  1.3891589247394258     , 0.17186718069859530     )
 (-0.13022250873425939     , -4.1223940228218237E-002) ( -4.4206408992523537E-009, -1.2847137348850951E-009) ( -4.4206401604606664E-009, -1.2847137571371054E-009) ( 0.13477396561757768     ,  4.2327285688272480E-002)
   3.8021199999999995        1.2500000000000000     
 (  1.4318125669365462     , 0.17009518676503946     ) (  1.4451670296557564     , 0.18223536766764098     )
 (-0.13083232996006083     , -4.4368611972724695E-002) ( -4.4535103463206022E-009, -1.4018562032532006E-009) ( -4.4535094702559026E-009, -1.4018562282908702E-009) ( 0.13550065990983251     ,  4.5895158073700953E-002)
   3.8521149999999995        1.2500000000000000     
 (  1.4889845187999495     , 0.18036321102741362     ) (  1.5026177166758792     , 0.19302471485260761     )
 (-0.13043965594049936     , -4.7312799971151676E-002) ( -4.4527253293582864E-009, -1.5141441093508905E-009) ( -4.4527243134193528E-009, -1.5141441372272324E-009) ( 0.13518521637671219     ,  4.9283142713651876E-002)
   3.9021099999999995        1.2500000000000000     
 (  1.5476190918241615     , 0.19105626913224008     ) (  1.5615323764968980     , 0.20424305228661327     )
 (-0.12901784089843110     , -5.0008669018131689E-002) ( -4.4171874265318456E-009, -1.6199719652472843E-009) ( -4.4171862848001251E-009, -1.6199719958191845E-009) ( 0.13379704245830482     ,  5.2440420114431466E-002)
   3.9521050000000000        1.2500000000000000     
 (  1.6077373574588079     , 0.20218314910868038     ) (  1.6219332591389677     , 0.21589918138755793     )
 (-0.12654902108259813     , -5.2408174574751214E-002) ( -4.3460865099433958E-009, -1.7177004240613309E-009) ( -4.3460852684916147E-009, -1.7177004563388109E-009) ( 0.13131467952163381     ,  5.5315485459329891E-002)
   4.0021000000000004        1.2500000000000000     
 (  1.6693605944526761     , 0.21375349080897918     ) (  1.6838428919236632     , 0.22800298248557888     )
 (-0.12302468900924704     , -5.4463639299958407E-002) ( -4.2389134109339368E-009, -1.8056733188714762E-009) ( -4.2389119503655170E-009, -1.8056733530473632E-009) ( 0.12772598826364417     ,  5.7856721730876741E-002)
   4.0520950000000004        1.2500000000000000     
 (  1.7325107441265604     , 0.22577795465118564     ) (  1.7472845696455446     , 0.24056559598890864     )
 (-0.11844586353379215     , -5.6128436858002770E-002) ( -4.0954783415223722E-009, -1.8822401710280412E-009) ( -4.0954766990287603E-009, -1.8822402058127483E-009) ( 0.12302873342664246     ,  6.0013047824303764E-002)
   4.1020900000000005        1.2500000000000000     
 (  1.7972097876388529     , 0.23826826746977167     ) (  1.8122813795870674     , 0.25359946747453860     )
 (-0.11282339966042176     , -5.7357605980374468E-002) ( -3.9159181829683740E-009, -1.9457741270960199E-009) ( -3.9159164035245644E-009, -1.9457741607884441E-009) ( 0.11723088937784054     ,  6.1734562658526712E-002)
   4.1520850000000005        1.2500000000000000     
 (  1.8634798817014659     , 0.25123726181133399     ) (  1.8788566091367205     , 0.26711842858513962     )
 (-0.10617820575901991     , -5.8108495285362709E-002) ( -3.7007063038879170E-009, -1.9946960659757264E-009) ( -3.7007043346926803E-009, -1.9946960971511930E-009) ( 0.11035074494054438     ,  6.2973225923080606E-002)
   4.2020800000000005        1.2500000000000000     
 (  1.9313428969023927     , 0.26469893813087247     ) (  1.9470332356056348     , 0.28113766961665732     )
 ( -9.8541163649034660E-002, -5.8341488481950365E-002) ( -3.4506704173384283E-009, -2.0274957253157180E-009) ( -3.4506683325350168E-009, -2.0274957506146537E-009) ( 0.10241729241020789     ,  6.3683511242997246E-002)
   4.2520750000000005        1.2500000000000000     
 (  2.0008207766572159     , 0.27866836886009150     ) (  2.0168335828567328     , 0.29567372149368643     )
 ( -8.9953633340850048E-002, -5.8020611229606063E-002) ( -3.1669651533906683E-009, -2.0427547751421974E-009) ( -3.1669655636332820E-009, -2.0427547589591118E-009) (  9.3469965464042820E-002,  6.3823138593631742E-002)
   4.3020699999999996        1.2500000000000000     
 (  2.0719340171749843     , 0.29316173998795586     ) (  2.0882792484132948     , 0.31074434891710101     )
 ( -8.0465766550333606E-002, -5.7114213683711536E-002) ( -2.8511138108023130E-009, -2.0391705037922871E-009) ( -2.8511142907061074E-009, -2.0391704840740760E-009) (  8.3558753010538056E-002,  6.3353685387784409E-002)
   4.3520649999999996        1.2500000000000000     
 (  2.1447033533477633     , 0.30819615619015972     ) (  2.1613909644282678     , 0.32636843488070538     )
 ( -7.0138338418207796E-002, -5.5595562415621670E-002) ( -2.5049593766103029E-009, -2.0155752692110335E-009) ( -2.5049599528150817E-009, -2.0155752452911854E-009) (  7.2743933590997914E-002,  6.2241350703548269E-002)
   4.4020599999999996        1.2500000000000000     
 (  2.2191482663562896     , 0.32378957056715135     ) (  2.2361882600857936     , 0.34256578790760500     )
 ( -5.9040948545402913E-002, -5.3443412584489786E-002) ( -2.1306871354161930E-009, -1.9709614472948882E-009) ( -2.1306878162621032E-009, -1.9709614185484768E-009) (  6.1095877959755143E-002,  6.0457517317089406E-002)
   4.4520549999999997        1.2500000000000000     
 (  2.2952874020233618     , 0.33996060489469754     ) (  2.3126892883280501     , 0.35935695771195664     )
 ( -4.7251930674868409E-002, -5.0642620119365267E-002) ( -1.7308006071752379E-009, -1.9045005436045323E-009) ( -1.7308013991429035E-009, -1.9045005089916009E-009) (  4.8694481210845728E-002,  5.7979451864793086E-002)
   4.5020499999999997        1.2500000000000000     
 (  2.3731383600773004     , 0.35672842919922154     ) (  2.3909109047921224     , 0.37676296569237394     )
 ( -3.4857873930261754E-002, -4.7184558022459695E-002) ( -1.3081026798787819E-009, -1.8155642818485466E-009) ( -1.3081036147902087E-009, -1.8155642409078600E-009) (  3.5628900740622228E-002,  5.4790823606344401E-002)
   4.5520449999999997        1.2500000000000000     
 (  2.4527176474892025     , 0.37411252489785757     ) (  2.4708685583443035     , 0.39480513977870207     )
 ( -2.1952788239298200E-002, -4.3067579213767457E-002) ( -8.6568133950385782E-010, -1.7037406675683409E-009) ( -8.6568242326249865E-010, -1.7037406035755220E-009) (  2.1996529501486894E-002,  5.0882347965728936E-002)
   4.6020399999999997        1.2500000000000000     
 (  2.5340404847725551     , 0.39213252594625930     ) (  2.5525761472896180     , 0.41350475290789906     )
 ( -8.6373302675452745E-003, -3.8297464894394825E-002) ( -4.0689247072175357E-010, -1.5688539670582843E-009) ( -4.0689373377558262E-010, -1.5688539087877890E-009) (  7.9026755372790507E-003,  4.6252181672990916E-002)
   4.6520349999999997        1.2500000000000000     
 (  2.6171213519727785     , 0.41080802309645825     ) (  2.6360460395916565     , 0.43288279352848108     )
 (  4.9820731084536532E-003, -3.2887579021781903E-002) (  6.4700476274392634E-011, -1.4109751264088022E-009) (  6.4699007076550417E-011, -1.4109750581875358E-009) ( -6.5405680774318874E-003,  4.0906356777921808E-002)
   4.7020300000000006        1.2500000000000000     
 (  2.7019733376479995     , 0.43015836249054173     ) (  2.7212895112504945     , 0.45295975042546111     )
 (  1.8793899209031753E-002, -2.6859202369733302E-002) (  5.4529356598480789E-010, -1.2304368955881315E-009) (  5.4529187753529138E-010, -1.2304368155330911E-009) ( -2.1215132722694308E-002,  3.4859214213596078E-002)
   4.7520250000000006        1.2500000000000000     
 (  2.7886087466918719     , 0.45020255622122496     ) (  2.8083163619045752     , 0.47375534806575159     )
 (  3.2683110228175674E-002, -2.0241586409768402E-002) (  1.0309407813123104E-009, -1.0278421071997599E-009) (  1.0309388524466177E-009, -1.0278420146211751E-009) ( -3.5998052662550427E-002,  2.8133593322958443E-002)
   4.8020200000000006        1.2500000000000000     
 (  2.8770390839141635     , 0.47095900031109866     ) (  2.8971356530725036     , 0.49528837718940399     )
 (  4.6531732856569752E-002, -1.3071996037822593E-002) (  1.5175518936826705E-009, -8.0406877406882936E-010) (  1.5175497072048719E-009, -8.0406866662877182E-010) ( -5.0762562376699003E-002,  2.0761025687824352E-002)
   4.8520150000000006        1.2500000000000000     
 (  2.9672750701705417     , 0.49244552791639701     ) (  2.9877553996390436     , 0.51757645571784094     )
 (  6.0220148004160950E-002, -5.3956911037309563E-003) (  2.0009444941781210E-009, -5.6027676461121562E-010) (  2.0009420290326996E-009, -5.6027664123303748E-010) ( -6.5379379764732987E-002,  1.2781841748558460E-002)
   4.9020100000000006        1.2500000000000000     
 (  3.0593268768646031     , 0.51467915161512912     ) (  3.0801831593500406     , 0.54063603282892714     )
 (  7.3628531219523799E-002,  2.7343210515737540E-003) (  2.4768684137893840E-009, -2.9790506209389127E-010) (  2.4768656002434200E-009, -2.9790492150133361E-010) ( -7.9717844053787443E-002,  4.2451043286219643E-003)
   4.9520050000000007        1.2500000000000000     
 (  3.1532042839557572     , 0.53767615419951020     ) (  3.1744262434267205     , 0.56448216813133645     )
 (  8.6637575231564554E-002,  1.1257516960576150E-002) (  2.9410700557102599E-009, -1.8667912330608822E-011) (  2.9410669272943272E-009, -1.8667753521408860E-011) ( -9.3647201077599496E-002, -4.7914884775357826E-003)
   5.0020000000000007        1.2500000000000000     
 (  3.2489170589545995     , 0.56145197457936546     ) (  3.2704918284605400     , 0.58912870737124923     )
 (  9.9130110870024102E-002,  2.0106227664610198E-002) (  3.3893071953820861E-009,  2.7544792661925948E-010) (  3.3893037742168372E-009,  2.7544810750340789E-010) (-0.10703799368256457     , -1.4261904607672090E-002)
   5.0519950000000007        1.2500000000000000     
 (  3.3464746738364326     , 0.58602123997189304     ) (  3.3683875969716270     , 0.61458813770000276     )
 ( 0.11099213233159348     ,  2.9206172614266734E-002) (  3.8174291169661277E-009,  5.8219964590346454E-010) (  3.8174252409069146E-009,  5.8219984942112822E-010) (-0.11976346343730362     , -2.4092087178802592E-002)
   5.1019899999999998        1.2500000000000000     
 (  3.4458872199462469     , 0.61139782000932363     ) (  3.4681214809332954     , 0.64087173606827519     )
 ( 0.12211444897919815     ,  3.8476916720849429E-002) (  4.2213784667134681E-009,  8.9909892687115502E-010) (  4.2213790019678828E-009,  8.9909890528654334E-010) (-0.13170090869998125     , -3.4200541283545854E-002)
   5.1519849999999998        1.2500000000000000     
 (  3.5471641324841250     , 0.63759493140306367     ) (  3.5697022487800787     , 0.66798985008033573     )
 ( 0.13239245688765788     ,  4.7832861082022213E-002) (  4.5972720587897333E-009,  1.2234311739611734E-009) (  4.5972726942166557E-009,  1.2234311476124471E-009) (-0.14273263882199130     , -4.4498810649971701E-002)
   5.2019799999999998        1.2500000000000000     
 (  3.6503161983758967     , 0.66462518570223261     ) (  3.6731398919824634     , 0.69595188857872403     )
 ( 0.14172903346118884     ,  5.7183565773920232E-002) (  4.9414158679905617E-009,  1.5522751340646429E-009) (  4.9414166167787969E-009,  1.5522751021250582E-009) (-0.15274790109343545     , -5.4892276967034560E-002)
   5.2519749999999998        1.2500000000000000     
 (  3.7553542711375174     , 0.69250067074967603     ) (  3.7784451896599336     , 0.72476664772587041     )
 ( 0.15003467110259744     ,  6.6435043493153115E-002) (  5.2503463161306235E-009,  1.8825329852257873E-009) (  5.2503471969970272E-009,  1.8825329466390992E-009) (-0.16164353631219250     , -6.5281001740018885E-002)
   5.3019699999999998        1.2500000000000000     
 (  3.8622898937112917     , 0.72123318379287815     ) (  3.8856303516075017     , 0.75444258558551980     )
 ( 0.15722848128752256     ,  7.5490359159718953E-002) (  5.5208936279861740E-009,  2.2109488450824122E-009) (  5.5208946738597243E-009,  2.2109487987277947E-009) (-0.16932569724118904     , -7.5560516658276539E-002)
   5.3519649999999999        1.2500000000000000     
 (  3.9711352177196240     , 0.75083422127201893     ) (  3.9947090664794751     , 0.78498799727381141     )
 ( 0.16323947294135888     ,  8.4250923658938728E-002) (  5.7502018506149749E-009,  2.5341532744288924E-009) (  5.7502030676178233E-009,  2.5341532185779060E-009) (-0.17571047976496518     , -8.5623050930570099E-002)
   5.4019599999999999        1.2500000000000000     
 (  4.0819032745792443     , 0.78131536428371706     ) (  4.1056960515140775     , 0.81641144165331214     )
 ( 0.16800669430812851     ,  9.2617330520066959E-002) (  5.9357499534367095E-009,  2.8486820524909853E-009) (  5.9357513664722153E-009,  2.8486819856981398E-009) (-0.18072518445036384     , -9.5358340439065312E-002)
   5.4519549999999999        1.2500000000000000     
 (  4.1946074429785769     , 0.81268805115072495     ) (  4.2186075663453444     , 0.84872186847157127     )
 ( 0.17148064153415490     , 0.10049059990942547     ) (  6.0753944613452799E-009,  3.1510260419476151E-009) (  6.0753960955075361E-009,  3.1510259624019847E-009) (-0.18430899377167881     ,-0.10465504082291746     )
   5.5019499999999999        1.2500000000000000     
 (  4.3092619655363791     , 0.84496413818927607     ) (  4.3334608925593106     , 0.88192899127418167     )
 ( 0.17362361095861889     , 0.10777329624043071     ) (  6.1674208256209856E-009,  3.4376606549735369E-009) (  6.1674227154081388E-009,  3.4376605602464819E-009) (-0.18641420203590522     ,-0.11340178042335160     )
   5.5519449999999999        1.2500000000000000     
 (  4.4258817090540123     , 0.87815564086767806     ) (  4.4502745244698652     , 0.91604350022069125     )
 ( 0.17440967242358657     , 0.11437064983676541     ) (  6.2105039160414491E-009,  3.7050863937982619E-009) (  6.2105061057291901E-009,  3.7050862815208680E-009) (-0.18700625497628789     ,-0.12148844400038600     )
   5.6019399999999999        1.2500000000000000     
 (  4.5444819071248475     , 0.91227507210742098     ) (  4.5690677091837086     , 0.95107719342099317     )
 ( 0.17382592837578673     , 0.12019175846923386     ) (  6.2038122079004378E-009,  3.9498698584020636E-009) (  6.2038147225995779E-009,  3.9498697254663380E-009) (-0.18606484192376355     ,-0.12880741699308038     )
   5.6519349999999999        1.2500000000000000     
 (  4.6650786296039097     , 0.94733546005906744     ) (  4.6898604366765655     , 0.98704325138192872     )
 ( 0.17187163267658900     , 0.12515079951652047     ) (  6.1469127185030624E-009,  4.1686927190145600E-009) (  6.1469155805501052E-009,  4.1686925632605221E-009) (-0.18358376383091171     ,-0.13525503978293196     )
   5.7019299999999999        1.2500000000000000     
 (  4.7876877755955141     , 0.98335039483244302     ) (  4.8126730044139849     ,  1.0239562335508587     )
 ( 0.16855917833328543     , 0.12916801517608739     ) (  6.0398940904012439E-009,  4.3583794074722635E-009) (  6.0398973500996837E-009,  4.3583792228372434E-009) (-0.17957157909593130     ,-0.14073260772947457     )
   5.7519250000000000        1.2500000000000000     
 (  4.9123260658676937     ,  1.0203341012662603     ) (  4.9375256544356967     ,  1.0618322472588166     )
 ( 0.16391348231781197     , 0.13217092135760056     ) (  5.8832714183806060E-009,  4.5159433186868288E-009) (  5.8832751047692038E-009,  4.5159431041559644E-009) (-0.17405131283072223     ,-0.14514783352836602     )
   5.8019200000000000        1.2500000000000000     
 (  5.0390102789912010     ,  1.0583015022344242     ) (  5.0644388379363612     ,  1.1006888773810064     )
 ( 0.15797189450921734     , 0.13409530516581344     ) (  5.6780751311095246E-009,  4.6386299575344537E-009) (  5.6780793060218882E-009,  4.6386297072888439E-009) (-0.16706074818340028     ,-0.14841609949694193     )
   5.8519150000000009        1.2500000000000000     
 (  5.1677569086349626     ,  1.0972682654101507     ) (  5.1934322790145018     ,  1.1405451711462991     )
 ( 0.15078328029019181     , 0.13488621993259672     ) (  5.4257365569852281E-009,  4.7239535897954731E-009) (  5.4257412744577508E-009,  4.7239532996500189E-009) (-0.15865161038066319     ,-0.15046144742619369     )
   5.9019100000000000        1.2500000000000000     
 (  5.2985832771039352     ,  1.1372506711072585     ) (  5.3245252985139873     ,  1.1814215327598463     )
 ( 0.14240874435888351     , 0.13449878965234743     ) (  5.1281964414449104E-009,  4.7697298076882308E-009) (  5.1282017110401607E-009,  4.7697294719278149E-009) (-0.14889008909568810     ,-0.15121794036051692     )
   5.9519050000000000        1.2500000000000000     
 (  5.4315058407038812     ,  1.1782657398659027     ) (  5.4577360492304337     ,  1.2233395580659596     )
 ( 0.13291962844910765     , 0.13289904084862705     ) (  4.7877918550630644E-009,  4.7741118674420763E-009) (  4.7877977653446153E-009,  4.7741114799950722E-009) (-0.13785511975716119     ,-0.15063053171467516     )
   6.0019000000000000        1.2500000000000000     
 (  5.5665414584084481     ,  1.2203311881752199     ) (  5.5930817251640201     ,  1.2663219023789649     )
 ( 0.12239739102463851     , 0.13006461420217430     ) (  4.4072834670234196E-009,  4.7356172298540499E-009) (  4.4072828215071593E-009,  4.7356172640011144E-009) (-0.12563874549394136     ,-0.14865613290615753     )
   6.0518950000000000        1.2500000000000000     
 (  5.7037063515318627     ,  1.2634655192352895     ) (  5.7305784832937130     ,  1.3103920365669355     )
 ( 0.11093314993332848     , 0.12598505335248375     ) (  3.9897939632695017E-009,  4.6531630187502557E-009) (  3.9897931778840251E-009,  4.6531630591660176E-009) (-0.11234456852455525     ,-0.14526435604166665     )
   6.1018900000000000        1.2500000000000000     
 (  5.8430168516617957     ,  1.3076877514817373     ) (  5.8702410573810484     ,  1.3555740573975876     )
 (  9.8625808639863824E-002, 0.12066255242825057     ) (  3.5388310526382067E-009,  4.5260761142964377E-009) (  3.5388301255159675E-009,  4.5260761616697712E-009) ( -9.8087395872723776E-002,-0.14043835278428357     )
   6.1518850000000000        1.2500000000000000     
 (  5.9844888726486936     ,  1.3530175642694389     ) (  6.0120824965260260     ,  1.4018923147984375     )
 (  8.5581619343204324E-002, 0.11411203087749838     ) (  3.0582157799935662E-009,  4.3541301442061141E-009) (  3.0582146899020539E-009,  4.3541302004811823E-009) ( -8.2991403764341373E-002,-0.13417536513906803     )
   6.2018800000000001        1.2500000000000000     
 (  6.1281378781450586     ,  1.3994753418959713     ) (  6.1561149362091854     ,  1.4493713490743483     )
 (  7.1912381461625458E-002, 0.10636124637252574     ) (  2.5520268437067534E-009,  4.1375357202434692E-009) (  2.5520255678941804E-009,  4.1375357863844174E-009) ( -6.7189289276577052E-002,-0.12648726210447964     )
   6.2518750000000001        1.2500000000000000     
 (  6.2739789836426390     ,  1.4470818687917351     ) (  6.3023492161733303     ,  1.4980355475815781     )
 (  5.7735519964632581E-002,  9.7450808156887392E-002) (  2.0246362555246258E-009,  3.8769739892212391E-009) (  2.0246347776964799E-009,  3.8769740677020007E-009) ( -5.0821536832783350E-002,-0.11740067222057647     )
   6.3018700000000001        1.2500000000000000     
 (  6.4220266196428746     ,  1.4958585983512298     ) (  6.4507945259873063     ,  1.5479088529980456     )
 (  4.3171170133688812E-002,  8.7433955708765915E-002) (  1.4805317839085528E-009,  3.5735824231721806E-009) (  1.4805300224769092E-009,  3.5735825146359224E-009) ( -3.4033445067289746E-002,-0.10695739035890887     )
   6.3518650000000001        1.2500000000000000     
 (  6.5722948085141999     ,  1.5458276067818393     ) (  6.6014591162465726     ,  1.5990148600717302     )
 (  2.8342570061686622E-002,  7.6376367151005140E-002) (  9.2445405803667083E-010,  3.2289669188483716E-009) (  9.2445203560547565E-010,  3.2289670269299172E-009) ( -1.6975736587466358E-002, -9.5214217158546097E-002)
   6.4018600000000001        1.2500000000000000     
 (  6.7247970450751744     ,  1.5970112672917980     ) (  6.7543508560230094     ,  1.6513762341635203     )
 (  1.3373639097397716E-002,  6.4355347930521084E-002) (  3.6115988290956319E-010,  2.8451844763805620E-009) (  3.6115753821591708E-010,  2.8451846033402137E-009) (  1.9903599596531621E-004, -8.2242791858946299E-002)
   6.4518550000000001        1.2500000000000000     
 (  6.8795461021810960     ,  1.6494324647316967     ) (  6.9094759549927831     ,  1.7050151415287769     )
 ( -1.6117083174736287E-003,  5.1459679014554997E-002) ( -2.0448703696483441E-010,  2.4247475542853799E-009) ( -2.0448974335985758E-010,  2.4247477033832887E-009) (  1.7336651897491548E-002, -6.8129287949824882E-002)
   6.5018500000000001        1.2500000000000000     
 (  7.0365539863521596     ,  1.7031145263234346     ) (  7.0668409477660070     ,  1.7599525971554693     )
 ( -1.6491189718289907E-002,  3.7788427557909433E-002) ( -7.6762829323648890E-010,  1.9705843966102087E-009) ( -7.6763139276789745E-010,  1.9705845701022337E-009) (  3.4283277270677939E-002, -5.2973909853793709E-002)
   6.5518450000000001        1.2500000000000000     
 (  7.1958318271940787     ,  1.7580809888474782     ) (  7.2264516070439981     ,  1.8162088588753416     )
 ( -3.1144620464815746E-002,  2.3450357303818066E-002) ( -1.3234453289954972E-009,  1.4860529721247241E-009) ( -1.3234488904872226E-009,  1.4860531765724059E-009) (  5.0887339542140315E-002, -3.6890154110162207E-002)
   6.6018400000000002        1.2500000000000000     
 (  7.3573901026659110     ,  1.8143557340032779     ) (  7.3883135339918935     ,  1.8738032988523623     )
 ( -4.5456255444777223E-002,  8.5626993086151300E-003) ( -1.8672279391014559E-009,  9.7486190257989017E-010) ( -1.8672320202479328E-009,  9.7486214224375026E-010) (  6.7000734766958919E-002, -2.0003848546399985E-002)
   6.6518350000000002        1.2500000000000000     
 (  7.5212381233472891     ,  1.8719625700822042     ) (  7.5524324473787168     ,  1.9327544459804027     )
 ( -5.9314384354885202E-002, -6.7496209058954017E-003) ( -2.3943438271791591E-009,  4.4110309436178047E-010) ( -2.3943484427932580E-009,  4.4110337385202990E-010) (  8.2480530732806548E-002, -2.4524592804651920E-003)
   6.7018300000000002        1.2500000000000000     
 (  7.6873844271584399     ,  1.9309256186117243     ) (  7.7188143902650026     ,  1.9930801249978245     )
 ( -7.2613775341642428E-002, -2.2355519996584514E-002) ( -2.9004028017005585E-009, -1.1083039974518576E-010) ( -2.9004080232947114E-009, -1.1083007372234054E-010) (  9.7190378826278206E-002,  1.5616418445312422E-002)
   6.7518250000000002        1.2500000000000000     
 (  7.8558367344381921     ,  1.9912686587063511     ) (  7.8874659540578653     ,  2.0547974946126679     )
 ( -8.5255709228462734E-002, -3.8118928627761617E-002) ( -3.3812219088208686E-009, -6.7626928348236046E-010) ( -3.3812278278859468E-009, -6.7626890528299613E-010) ( 0.11100234023290756     ,  3.4046313960653489E-002)
   6.8018200000000002        1.2500000000000000     
 (  8.0266014764392661     ,  2.0530152060498930     ) (  8.0583934833254478     ,  2.1179232592065738     )
 ( -9.7148742003359892E-002, -5.3899928071973226E-002) ( -3.8328505071371648E-009, -1.2503154690217727E-009) ( -3.8328571246634796E-009, -1.2503150288901768E-009) ( 0.12379744997776997     ,  5.2673139396179673E-002)
   6.8518150000000002        1.2500000000000000     
 (  8.1996843623241045     ,  2.1161885084098584     ) (  8.2316045483708642     ,  2.1824738398036225     )
 (-0.10821041854890805     , -6.9556480747649488E-002) ( -4.2517095691073856E-009, -1.8278798097997401E-009) ( -4.2517170045827350E-009, -1.8278793019759313E-009) ( 0.13546780011390322     ,  7.1326945280152848E-002)
   6.9018100000000002        1.2500000000000000     
 (  8.3750903147570863     ,  2.1808110738358208     ) (  8.4071068566658855     ,  2.2484654850538832     )
 (-0.11836695760786445     , -8.4945621080853059E-002) ( -4.6344931667170219E-009, -2.4037312600909263E-009) ( -4.6344925408363039E-009, -2.4037313262507429E-009) ( 0.14591649802558920     ,  8.9833446630654554E-002)
   6.9518050000000002        1.2500000000000000     
 (  8.5528229892338299     ,  2.2469047828181288     ) (  8.5849089147666309     ,  2.3159143307591163     )
 (-0.12755372047232311     , -9.9924910218023008E-002) ( -4.9782439338295190E-009, -2.9725678275505477E-009) ( -4.9782431118696726E-009, -2.9725679034239069E-009) ( 0.15506054893040194     , 0.10801584874843824     )
   7.0018000000000011        1.2500000000000000     
 (  8.7328858822303221     ,  2.3144906930219569     ) (  8.7650196940225236     ,  2.3848368135556717     )
 (-0.13571676130229757     ,-0.11435404448861654     ) ( -5.2804722479827290E-009, -3.5290344871376620E-009) ( -5.2804714271858638E-009, -3.5290345743529049E-009) ( 0.16282953854081453     , 0.12569653395071922     )
   7.0517949999999994        1.2500000000000000     
 (  8.9152819223914577     ,  2.3835886815820064     ) (  8.9474483675281409     ,  2.4552494283140907     )
 (-0.14281181044541358     ,-0.12809622527304787     ) ( -5.5390598455130018E-009, -4.0678298213856769E-009) ( -5.5390587928671353E-009, -4.0678299267449718E-009) ( 0.16916767179492664     , 0.14269913012310639     )
   7.1017899999999994        1.2500000000000000     
 (  9.1000133455116412     ,  2.4542177053136141     ) (  9.1322046864094801     ,  2.5271691867774315     )
 (-0.14880502511585633     ,-0.14101967525215928     ) ( -5.7522710193053362E-009, -4.5837008337849948E-009) ( -5.7522697708797112E-009, -4.5837009481215478E-009) ( 0.17403346468305345     , 0.15885005562913432     )
   7.1517849999999994        1.2500000000000000     
 (  9.2870825583399075     ,  2.5263953931739365     ) (  9.3192982949445184     ,  2.6006133195623073     )
 (-0.15367311424819716     ,-0.15299880348450765     ) ( -5.9189010733092067E-009, -5.0715462225410960E-009) ( -5.9188995846511825E-009, -5.0715463534515079E-009) ( 0.17740093781149904     , 0.17398063069305769     )
   7.2017799999999994        1.2500000000000000     
 (  9.4764921458304627     ,  2.6001382684948413     ) (  9.5087398893171891     ,  2.6755995751507737     )
 (-0.15740310140290401     ,-0.16391583697706907     ) ( -6.0381260648788092E-009, -5.5264474618999407E-009) ( -6.0381243148167461E-009, -5.5264476119476468E-009) ( 0.17925936300749679     , 0.18792875987284899     )
   7.2517749999999994        1.2500000000000000     
 (  9.6682448584346776     ,  2.6754617270825634     ) (  9.7005388020435532     ,  2.7521463254235372     )
 (-0.15999240468617559     ,-0.17366175673587625     ) ( -6.1096017237846812E-009, -5.9437192566935960E-009) ( -6.1095997051004788E-009, -5.9437194280725000E-009) ( 0.17961281164310017     , 0.20054079535458630     )
   7.3017699999999994        1.2500000000000000     
 (  9.8623440173093684     ,  2.7523798428507655     ) (  9.8947053600082331     ,  2.8302720038333722     )
 (-0.16144741698252360     ,-0.18213788352424254     ) ( -6.1333990685830923E-009, -6.3189823320969730E-009) ( -6.1333966822578569E-009, -6.3189825279267635E-009) ( 0.17848069889011001     , 0.21167350152454290     )
   7.3517649999999994        1.2500000000000000     
 (  10.058794179760062     ,  2.8309059086555703     ) (  10.091249428059289     ,  2.9099958010398406     )
 (-0.16178515061295790     ,-0.18925653565829906     ) ( -6.1100347494365859E-009, -6.6481796129163239E-009) ( -6.1100332792087298E-009, -6.6481798363568706E-009) ( 0.17589672992249158     , 0.22119517593347215     )
   7.4017599999999995        1.2500000000000000     
 (  10.257600843771582     ,  2.9110522836268165     ) (  10.290180675937590     ,  2.9913370286127052     )
 (-0.16103041572879850     ,-0.19494214521820838     ) ( -6.0404375877554525E-009, -6.9276468904380734E-009) ( -6.0404344220304759E-009, -6.9276471458320818E-009) ( 0.17190939510078429     , 0.22898777446497590     )
   7.4517549999999995        1.2500000000000000     
 (  10.458770666695452     ,  2.9928307774194889     ) (  10.491508472964242     ,  3.0743151368503927     )
 (-0.15921676687663036     ,-0.19913214045109659     ) ( -5.9259627118246677E-009, -7.1541431222419967E-009) ( -5.9259590773185428E-009, -7.1541434199550822E-009) ( 0.16658040044923164     , 0.23494810742713607     )
   7.5017499999999995        1.2500000000000000     
 (  10.662311504755564     ,  3.0762527915914104     ) (  10.695241867182867     ,  3.1589500859875526     )
 (-0.15638537496545277     ,-0.20177744712742693     ) ( -5.7683071534848683E-009, -7.3248789346211049E-009) ( -5.7683029601219053E-009, -7.3248792637822309E-009) ( 0.15998368289330026     , 0.23898904562642473     )
   7.5517449999999995        1.2500000000000000     
 (  10.868233544276283     ,  3.1613297516516856     ) (  10.901389417980139     ,  3.2452616138298964     )
 (-0.15258362226861821     ,-0.20284314282226346     ) ( -5.5695670471026863E-009, -7.4375751593051205E-009) ( -5.5695621705251301E-009, -7.4375755404690609E-009) ( 0.15220549366840697     , 0.24104096765738883     )
   7.6017399999999995        1.2500000000000000     
 (  11.076547704777614     ,  3.2480732400448322     ) (  11.109960195917385     ,  3.3332694638748674     )
 (-0.14786549683057215     ,-0.20230872690461799     ) ( -5.3321046072458197E-009, -7.4904415081299245E-009) ( -5.3320990977797401E-009, -7.4904419403582478E-009) ( 0.14334194914839299     , 0.24105236220042361     )
   7.6517349999999995        1.2500000000000000     
 (  11.287267037177045     ,  3.3364956207851981     ) (  11.320962264491882     ,  3.4229936574481687     )
 (-0.14228916882439924     ,-0.20016830714346848     ) ( -5.0586373097402347E-009, -7.4822606099162635E-009) ( -5.0586310547914047E-009, -7.4822611023210118E-009) ( 0.13349915794745310     , 0.23899095288797020     )
   7.7017299999999995        1.2500000000000000     
 (  11.500405895577378     ,  3.4266101649464034     ) (  11.534403896659036     ,  3.5144537119388977     )
 (-0.13591801445519411     ,-0.19643062637325945     ) ( -4.7520768869993626E-009, -7.4123352116599443E-009) ( -4.7520698288994746E-009, -7.4123357835131745E-009) ( 0.12279061038642906     , 0.23484420395596242     )
   7.7517249999999995        1.2500000000000000     
 (  11.715979722010825     ,  3.5184314578211735     ) (  11.750293746683601     ,  3.6076693879936954     )
 (-0.12881755988198562     ,-0.19111896513125698     ) ( -4.4156146510366774E-009, -7.2805682503196760E-009) ( -4.4156066582736797E-009, -7.2805688940221385E-009) ( 0.11133654442229085     , 0.22861949155563277     )
   7.8017199999999995        1.2500000000000000     
 (  11.934005736720971     ,  3.6119755903187016     ) (  11.968639921100383     ,  3.7026602204108738     )
 (-0.12105635335022528     ,-0.18427059536615309     ) ( -4.0525613011766412E-009, -7.0873893216481894E-009) ( -4.0525523156078149E-009, -7.0873900301835735E-009) (  9.9262237657678942E-002, 0.22034461109408077     )
   7.8517150000000004        1.2500000000000000     
 (  12.154500952208618     ,  3.7072605800786014     ) (  12.189451066129406     ,  3.7994458028654954     )
 (-0.11270378436110544     ,-0.17593670388018767     ) ( -3.6664051678325467E-009, -6.8338467097166327E-009) ( -3.6664055776179656E-009, -6.8338465738225817E-009) (  8.6696671325308797E-002, 0.21006757121029748     )
   7.9017100000000005        1.2500000000000000     
 (  12.377483916880394     ,  3.8043063461779947     ) (  12.412736066394991     ,  3.8980457195832248     )
 (-0.10383085539560602     ,-0.16618115248160450     ) ( -3.2608043309871100E-009, -6.5214846416180282E-009) ( -3.2608048669604729E-009, -6.5214844851928887E-009) (  7.3770121591115137E-002, 0.19785615082207703     )
   7.9517050000000005        1.2500000000000000     
 (  12.602972889827251     ,  3.9031351901047886     ) (  12.638504064192102     ,  3.9984799040778967     )
 ( -9.4507597865880533E-002,-0.15508063004401387     ) ( -2.8393403616255081E-009, -6.1524417630314336E-009) ( -2.8393410339865247E-009, -6.1524415850953175E-009) (  6.0613648007671675E-002, 0.18379777237152373     )
   8.0016999999999996        1.2500000000000000     
 (  12.830985541859985     ,  4.0037714111470724     ) (  12.866764246755418     ,  4.1007681875009112     )
 ( -8.4803360388235660E-002,-0.14272259975633264     ) ( -2.4057283852973469E-009, -5.7293528997946205E-009) ( -2.4057292362834395E-009, -5.7293526999755671E-009) (  4.7357221366411732E-002, 0.16799833897418187     )
   8.0516949999999987        1.2500000000000000     
 (  13.061538725118174     ,  4.1062417367369175     ) (  13.097526374138434     ,  4.2049313600417646     )
 ( -7.4786115687900653E-002,-0.12920541668164220     ) ( -1.9636176961280684E-009, -5.2553689768180986E-009) ( -1.9636187365222639E-009, -5.2553687473944090E-009) (  3.4127405592695725E-002, 0.15058187873454162     )
   8.1016899999999996        1.2500000000000000     
 (  13.294648746800165     ,  4.2105746994130664     ) (  13.330800614710981     ,  4.3109903686369231     )
 ( -6.4521549266675832E-002,-0.11463621976447042     ) ( -1.5166247411239566E-009, -4.7340801294525899E-009) ( -1.5166260092348238E-009, -4.7340798709429378E-009) (  2.1047467439709859E-002, 0.13168848948282344     )
   8.1516849999999987        1.2500000000000000     
 (  13.530329996598347     ,  4.3168009588262732     ) (  13.566597192205151     ,  4.4189669678273233     )
 ( -5.4073063846408809E-002, -9.9130797358793654E-002) ( -1.0682890913162815E-009, -4.1695499504532080E-009) ( -1.0682906214095601E-009, -4.1695496563055000E-009) (  8.2340749513556567E-003, 0.11147402126024843     )
   8.2016799999999996        1.2500000000000000     
 (  13.768594729931403     ,  4.4249525863568770     ) (  13.804926004926472     ,  4.5288837846747674     )
 ( -4.3500903796153845E-002, -8.2811195221020650E-002) ( -6.2193337237276982E-010, -3.5661913768277926E-009) ( -6.2193533282294596E-010, -3.5661910443661378E-009) ( -4.2022229447630476E-003,  9.0107781648064142E-002)
   8.2516749999999988        1.2500000000000000     
 (  14.009453712022404     ,  4.5350630398972784     ) (  14.045797770766766     ,  4.6407643458261232     )
 ( -3.2862403682820354E-002, -6.5805565596721349E-002) ( -1.8095693215334117E-010, -2.9288230476646809E-009) ( -1.8095911938542644E-010, -2.9288226704856335E-009) ( -1.6159292526631105E-002,  6.7771559312233914E-002)
   8.3016699999999997        1.2500000000000000     
 (  14.252914578765735     ,  4.6471665557775710     ) (  14.289222245003574     ,  4.7546331462587395     )
 ( -2.2210937363507245E-002, -4.8245964892623297E-002) (  2.5162448537742605E-010, -2.2624996679916116E-009) (  2.5162183303306460E-010, -2.2624992440284539E-009) ( -2.7544100735805054E-002,  4.4656895176301718E-002)
   8.3516649999999988        1.2500000000000000     
 (  14.498982889215331     ,  4.7612979963113755     ) (  14.535208853141535     ,  4.8705157136836803     )
 ( -1.1596996426093843E-002, -3.0267470340973678E-002) (  6.7297246122133859E-010, -1.5725908933186530E-009) (  6.7296941711629660E-010, -1.5725904160543736E-009) ( -3.8273463305856945E-002,  2.0964201222608711E-002)
   8.4016599999999997        1.2500000000000000     
 (  14.747661180603975     ,  4.8774918040861106     ) (  14.783766484777608     ,  4.9884386201263924     )
 ( -1.0673223850921252E-003, -1.2006873614013557E-002) (  1.0803261704571828E-009, -8.6461288313806225E-010) (  1.0803225459536916E-009, -8.6461235064664296E-010) ( -4.8275039149323559E-002, -3.1001650546971802E-003)
   8.4516549999999988        1.2500000000000000     
 (  14.998949340973528     ,  4.9957821640257629     ) (  15.034902831447958     ,  5.1084292160236497     )
 (  9.3352849234731045E-003,  6.3988858401839597E-003) (  1.4713038010232884E-009, -1.4427823224167062E-010) (  1.4712996880075092E-009, -1.4427763348158751E-010) ( -5.7487577746182447E-002, -2.7325358826918306E-002)
   8.5016499999999997        1.2500000000000000     
 (  15.252845578289771     ,  5.1162020923831797     ) (  15.288624674384797     ,  5.2305158315365823     )
 (  1.9570412601445618E-002,  2.4813518565107787E-002) (  1.8437002370235262E-009,  5.8263222664576968E-010) (  1.8436953024749065E-009,  5.8263290352715343E-010) ( -6.5861763960756090E-002, -5.1498543733680076E-002)
   8.5516450000000006        1.2500000000000000     
 (  15.509345281331656     ,  5.2387833352346656     ) (  15.544937971215461     ,  5.3547273452353465     )
 (  2.9601958462324451E-002,  4.3102998747079825E-002) (  2.1955869086132879E-009,  1.3102872919496690E-009) (  2.1955812468987559E-009,  1.3102880497976774E-009) ( -7.3360306173257991E-002, -7.5406963181195746E-002)
   8.6016399999999980        1.2500000000000000     
 (  15.768441759474223     ,  5.3635554912085643     ) (  15.803846551658534     ,  5.4810931026663239     )
 (  3.9396019847427528E-002,  6.1136670278848393E-002) (  2.5252237313641110E-009,  2.0328861882738575E-009) (  2.5252174667014409E-009,  2.0328870375591799E-009) ( -7.9957610505593246E-002, -9.8839958568833569E-002)
   8.6516349999999989        1.2500000000000000     
 (  16.030127526679095     ,  5.4905463151631997     ) (  16.065352480306753     ,  5.6096425186456331     )
 (  4.8920943018299155E-002,  7.8787877354223046E-002) (  2.8312625272521754E-009,  2.7446813858772196E-009) (  2.8312552129365755E-009,  2.7446823430120411E-009) ( -8.5640350486277161E-002,-0.12159136483156144     )
   8.7016299999999980        1.2500000000000000     
 (  16.294393184478125     ,  5.6197808639253752     ) (  16.329456988617256     ,  5.7404049821651428     )
 (  5.8148070569314765E-002,  9.5935226155762221E-002) (  3.1125284333159740E-009,  3.4400374477052526E-009) (  3.1125202690325602E-009,  3.4400385217361963E-009) ( -9.0406725818168096E-002,-0.14346095453455751     )
   8.7516249999999989        1.2500000000000000     
 (  16.561229442350360     ,  5.7512821462268340     ) (  16.596159319120460     ,  5.8734094138873871     )
 (  6.7050503349120383E-002, 0.11246381912176937     ) (  3.3680590282955824E-009,  4.1135245172879750E-009) (  3.3680497918990647E-009,  4.1135257106627351E-009) ( -9.4266440755992706E-002,-0.16425742946062308     )
   8.8016199999999980        1.2500000000000000     
 (  16.830626419215303     ,  5.8850699838808760     ) (  16.865456635022483     ,  6.0086838613700904     )
 (  7.5601900992330717E-002, 0.12826520172456501     ) (  3.5971462429203644E-009,  4.7598712077694068E-009) (  3.5971358405755605E-009,  4.7598725239322666E-009) ( -9.7239771390814689E-002,-0.18379948286848705     )
   8.8516149999999989        1.2500000000000000     
 (  17.102574881713799     ,  6.0211618653009076     ) (  17.137345517985825     ,  6.1462556674269315     )
 (  8.3778079785604337E-002, 0.14323852636779941     ) (  3.7994249572794884E-009,  5.3740989863161926E-009) (  3.7994249390032794E-009,  5.3740987387069612E-009) ( -9.9356815007034305E-002,-0.20191779826482611     )
   8.9016099999999980        1.2500000000000000     
 (  17.377067161597381     ,  6.1595732241860475     ) (  17.411820479709881     ,  6.2861504133191204     )
 (  9.1555308356368645E-002, 0.15729124571797154     ) (  3.9746201091404307E-009,  5.9515225335499701E-009) (  3.9746202185728010E-009,  5.9515222472188707E-009) (-0.10065716408373952     ,-0.21845679821452491     )
   8.9516049999999989        1.2500000000000000     
 (  17.654096449952362     ,  6.3003169029020087     ) (  17.688875791423559     ,  6.4283921354066162     )
 (  9.8909774041737161E-002, 0.17033913504289036     ) (  4.1226923111883212E-009,  6.4877672813449399E-009) (  4.1226925517240052E-009,  6.4877669521420422E-009) (-0.10118845888434520     ,-0.23327614446942960     )
   9.0015999999999980        1.2500000000000000     
 (  17.933657124269782     ,  6.4434041383823484     ) (  17.968504371294870     ,  6.5730033987736860     )
 ( 0.10581773400618021     , 0.18230669983521638     ) (  4.2438094372934117E-009,  6.9788503472757876E-009) (  4.2438097615497479E-009,  6.9788499717675086E-009) (-0.10100638253092216     ,-0.24625194157222283     )
   9.0515949999999989        1.2500000000000000     
 (  18.215746830084488     ,  6.5888449627591958     ) (  18.250699028287880     ,  6.7200043838755317     )
 ( 0.11225546782016264     , 0.19312748950400679     ) (  4.3382669298934690E-009,  7.4211534295178401E-009) (  4.3382674619655793E-009,  7.4211530033318768E-009) (-0.10017183284051252     ,-0.25727780164244074     )
   9.1015899999999981        1.2500000000000000     
 (  18.500364885879613     ,  6.7366485682070554     ) (  18.535453137640488     ,  6.8694137747832364     )
 ( 0.11819868106461358     , 0.20274437035034426     ) (  4.4065699755992345E-009,  7.8115044927903235E-009) (  4.4065706894772210E-009,  7.8115040032102613E-009) ( -9.8751164804042210E-002,-0.26626630491668335     )
   9.1515849999999990        1.2500000000000000     
 (  18.787513409771620     ,  6.8868231574312704     ) (  18.822760321470977     ,  7.0212478694690947     )
 ( 0.12362178599545637     , 0.21110884166412711     ) (  4.4492804957747374E-009,  8.1471495151322103E-009) (  4.4492813155602188E-009,  8.1471489564927297E-009) ( -9.6814139661883306E-002,-0.27314879506451456     )
   9.2015799999999981        1.2500000000000000     
 (  19.077196455577791     ,  7.0393778483321148     ) (  19.112614188004571     ,  7.1755213701902560     )
 ( 0.12849878158224881     , 0.21818195983738145     ) (  4.4671356231794559E-009,  8.4257726638374611E-009) (  4.4671369104410337E-009,  8.4257720373255596E-009) ( -9.4433644284623142E-002,-0.27787695392850609     )
   9.2515749999999990        1.2500000000000000     
 (  19.369421347755303     ,  7.1943218768220394     ) (  19.405011450687855     ,  7.3322470846143784     )
 ( 0.13280227859026211     , 0.22393290514871847     ) (  4.4608959329158675E-009,  8.6455223929760902E-009) (  4.4608975599050459E-009,  8.6455216812860841E-009) ( -9.1682612423317378E-002,-0.28042254485950630     )
   9.3015699999999981        1.2500000000000000     
 (  19.664196938744499     ,  7.3516658060268361     ) (  19.699948895840699     ,  7.4914367237982553     )
 ( 0.13650504608737180     , 0.22834005587679326     ) (  4.4314685996263921E-009,  8.8050526087179447E-009) (  4.4314705021146223E-009,  8.8050517987167021E-009) ( -8.8635401237794634E-002,-0.28077742725616212     )
   9.3515649999999990        1.2500000000000000     
 (  19.961534707910790     ,  7.5114215841027079     ) (  19.997426082277730     ,  7.6531006608169108     )
 ( 0.13957787929650461     , 0.23138916197592793     ) (  4.3797901897280433E-009,  8.9034109337136457E-009) (  4.3797925923814129E-009,  8.9034100246684155E-009) ( -8.5363426932600031E-002,-0.27895385143144064     )
   9.4015599999999999        1.2500000000000000     
 (  20.261447299172019     ,  7.6736037034673403     ) (  20.297444730532714     ,  7.8172490549406506     )
 ( 0.14199118918407122     , 0.23307442981357049     ) (  4.3067946581501163E-009,  8.9401823877377815E-009) (  4.3067975103904532E-009,  8.9401813565110116E-009) ( -8.1936658428429204E-002,-0.27498373346829308     )
   9.4515549999999990        1.2500000000000000     
 (  20.563948607303224     ,  7.8382280588955959     ) (  20.600008425819095     ,  7.9838914922483424     )
 ( 0.14371594924096859     , 0.23339663602975372     ) (  4.2134833442713479E-009,  8.9153685357643688E-009) (  4.2134867520668116E-009,  8.9153673551445452E-009) ( -7.8420794161263921E-002,-0.26891836757905002     )
   9.5015499999999999        1.2500000000000000     
 (  20.869053803397325     ,  8.0053135646274605     ) (  20.905123764921683     ,  8.1530381840742443     )
 ( 0.14472192341658272     , 0.23236388883509676     ) (  4.1008946417817473E-009,  8.8294315837029664E-009) (  4.1008988839912558E-009,  8.8294303001465556E-009) ( -7.4876355379595375E-002,-0.26082752641727297     )
   9.5515449999999991        1.2500000000000000     
 (  21.176777693976078     ,  8.1748815696345893     ) (  21.212799141843956     ,  8.3246999148637837     )
 ( 0.14497988085593533     , 0.22999008270705723     ) (  3.9700129862929391E-009,  8.6832449744624871E-009) (  3.9700178692767899E-009,  8.6832435346543072E-009) ( -7.1358645461352260E-002,-0.25079835371956688     )
   9.6015400000000000        1.2500000000000000     
 (  21.487135470061720     ,  8.3469559655791716     ) (  21.523045788563483     ,  8.4988894332673137     )
 ( 0.14446179813643420     , 0.22629515393464514     ) (  3.8217276399104093E-009,  8.4781286513703375E-009) (  3.8217331721549495E-009,  8.4781270443599085E-009) ( -6.7915339306600583E-002,-0.23893457254603798     )
   9.6515349999999991        1.2500000000000000     
 (  21.800141038437879     ,  8.5215631787937554     ) (  21.835875943714953     ,  8.6756205023689681     )
 ( 0.14314045347021334     , 0.22130377885563282     ) (  3.6571607609441037E-009,  8.2157506719977183E-009) (  3.6571675549807445E-009,  8.2157488833504143E-009) ( -6.4587493964148146E-002,-0.22535453754655618     )
   9.7015300000000000        1.2500000000000000     
 (  22.115807571488162     ,  8.6987319971364592     ) (  22.151304202946182     ,  8.8549097661458536     )
 ( 0.14099141166038648     , 0.21504582024517715     ) (  3.4771148288425448E-009,  7.8982044696197568E-009) (  3.4771224215716172E-009,  7.8982024710650988E-009) ( -6.1406903920000769E-002,-0.21019068439842228     )
   9.7515249999999991        1.2500000000000000     
 (  22.434147150424533     ,  8.8784931675468890     ) (  22.469346285217298     ,  9.0367760363829568     )
 ( 0.13799315445326021     , 0.20755469104915572     ) (  3.2825249541202018E-009,  7.5278583870348563E-009) (  3.2825336952443891E-009,  7.5278561921016396E-009) ( -5.8397543654450802E-002,-0.19358674449311977     )
   9.8015200000000000        1.2500000000000000     
 (  22.755168107833427     ,  9.0608794719630428     ) (  22.790017509295097     ,  9.2212413917467320     )
 ( 0.13412798974172724     , 0.19886783070238140     ) (  3.0742820369051896E-009,  7.1074309815032841E-009) (  3.0742829847529214E-009,  7.1074312535977151E-009) ( -5.5574435323049995E-002,-0.17569692420661601     )
   9.8515149999999991        1.2500000000000000     
 (  23.078879391572336     ,  9.2459245753957955     ) (  23.113335104667403     ,  9.4083306988511630     )
 ( 0.12938075704999139     , 0.18902567511663351     ) (  2.8532523869355373E-009,  6.6399079696693746E-009) (  2.8532531639506951E-009,  6.6399082951404619E-009) ( -5.2942713051277838E-002,-0.15668365217686012     )
   9.9015100000000000        1.2500000000000000     
 (  23.405286146884510     ,  9.4336636200572510     ) (  23.439314409575772     ,  9.5980715643346546     )
 ( 0.12374381052192696     , 0.17807187141494218     ) (  2.6201924472357322E-009,  6.1285330542710221E-009) (  2.6201932387290355E-009,  6.1285334382941163E-009) ( -5.0499315091077426E-002,-0.13671548598672412     )
   9.9515049999999992        1.2500000000000000     
 (  23.734390562138213     ,  9.6241318201396897     ) (  23.767970157240143     ,  9.7904950393772801     )
 ( 0.11721415572052984     , 0.16605265169257005     ) (  2.3759148097499218E-009,  5.5767553380692008E-009) (  2.3759158203897230E-009,  5.5767557902560680E-009) ( -4.8231963413028114E-002,-0.11596595598660188     )
   10.001500000000000        1.2500000000000000     
 (  24.066193431366759     ,  9.8173649618596617     ) (  24.099315214129287     ,  9.9856351331675430     )
 ( 0.10979585790359708     , 0.15301646715017003     ) (  2.1212541738135728E-009,  4.9882139336307178E-009) (  2.1212549071754665E-009,  4.9882144631349989E-009) ( -4.6120350857760554E-002, -9.4610560547691583E-002)
   10.051494999999999        1.2500000000000000     
 (  24.400692303066027     ,  10.013398425030463     ) (  24.433360042431868     ,  10.183527657489238     )
 ( 0.10149989932479621     , 0.13901428096869986     ) (  1.8569565437286575E-009,  4.3667454291700969E-009) (  1.8569571483317042E-009,  4.3667460626419854E-009) ( -4.4136048281389825E-002, -7.2825712407756565E-002)
   10.101490000000000        1.2500000000000000     
 (  24.737883712277977     ,  10.212266459033620     ) (  24.770113364530197     ,  10.384211068480402     )
 (  9.2346017843433950E-002, 0.12409926383425109     ) (  1.5838264127592012E-009,  3.7162453968680316E-009) (  1.5838271378753194E-009,  3.7162461178815565E-009) ( -4.2243166728666313E-002, -5.0786408761846633E-002)
   10.151484999999999        1.2500000000000000     
 (  25.077760775691051     ,  10.414002792017877     ) (  25.109580183437068     ,  10.587725438883895     )
 (  8.2362060311977917E-002, 0.10832685295073821     ) (  1.3027508773343570E-009,  3.0407404464807011E-009) (  1.3027513405260588E-009,  3.0407412746062194E-009) ( -4.0400544461917723E-002, -2.8664546910092403E-002)
   10.201479999999998        1.2500000000000000     
 (  25.420316257916635     ,  10.618639703375006     ) (  25.451761728915592     ,  10.794111560479010     )
 (  7.1584700969849022E-002,  9.1754782680954869E-002) (  1.0145758183951908E-009,  2.3443779586854985E-009) (  1.0145759537476631E-009,  2.3443789147367282E-009) ( -3.8561119533769568E-002, -6.6275769831870201E-003)
   10.251474999999999        1.2500000000000000     
 (  25.765540452844153     ,  10.826207632355020     ) (  25.796656629492485     ,  11.003410965130604     )
 (  6.0061669019480741E-002,  7.4443561005785738E-002) (  7.2017614564682761E-010,  1.6312750932303184E-009) (  7.2017621996563768E-010,  1.6312761974353937E-009) ( -3.6674387408340815E-002,  1.5164160371909747E-002)
   10.301469999999998        1.2500000000000000     
 (  26.113423174975622     ,  11.036735921067134     ) (  26.144259443682291     ,  11.215664589222211     )
 (  4.7848092730044978E-002,  5.6456610333633361E-002) (  4.2050080545992567E-010,  9.0557039462148826E-010) (  4.2050059225182239E-010,  9.0557165522190096E-010) ( -3.4686261764561278E-002,  3.6557351750898436E-002)
   10.351464999999999        1.2500000000000000     
 (  26.463952801691256     ,  11.250251698495598     ) (  26.494560959780099     ,  11.430912855210064     )
 (  3.5010767707760786E-002,  3.7860244338028190E-002) (  1.1668623440136886E-010,  1.7156056919397973E-010) (  1.1668584944270579E-010,  1.7156199350694930E-010) ( -3.2541364005180783E-002,  5.7408173488290741E-002)
   10.401459999999998        1.2500000000000000     
 (  26.817117787644278     ,  11.466780292187380     ) (  26.847548711887033     ,  11.649194404210906     )
 (  2.1625739005499352E-002,  1.8724128257721746E-002) ( -1.9027050615586489E-010, -5.6667361047936204E-010) ( -1.9027133574987048E-010, -5.6667195720625105E-010) ( -3.0185409229486829E-002,  7.7583136116237336E-002)
   10.451454999999999        1.2500000000000000     
 (  27.172906636803525     ,  11.686345591602207     ) (  27.203207509608305     ,  11.870545757293970     )
 (  7.7781525811954520E-003, -8.7776032159522788E-004) ( -4.9898586656203209E-010, -1.3049487229944490E-009) ( -4.9898679026751861E-010, -1.3049468576198846E-009) ( -2.7563222867461563E-002,  9.6959493089155357E-002)
   10.501449999999998        1.2500000000000000     
 (  27.531307552988842     ,  11.908969584068311     ) (  27.561519715771016     ,  12.095000718525897     )
 ( -6.4358385438926091E-003, -2.0867896335991218E-002) ( -8.0825630271655917E-010, -2.0391807311924459E-009) ( -8.0825817978837341E-010, -2.0391786258869469E-009) ( -2.4623507005868159E-002, 0.11542658374737939     )
   10.551444999999999        1.2500000000000000     
 (  27.892309249622187     ,  12.134672595325780     ) (  27.922464935894368     ,  12.322590130636742     )
 ( -2.0913701226874377E-002, -4.1163883920798693E-002) ( -1.1167353369855213E-009, -2.7653454391125048E-009) ( -1.1167380109584687E-009, -2.7653431088326743E-009) ( -2.1318570542745597E-002, 0.13288618073607031     )
   10.601439999999998        1.2500000000000000     
 (  28.255901591216233     ,  12.363474141106590     ) (  28.286022190889419     ,  12.553340855378696     )
 ( -3.5542471351329062E-002, -6.1678155452185454E-002) ( -1.4227531838494874E-009, -3.4794712314492544E-009) ( -1.4227559174648808E-009, -3.4794685896450716E-009) ( -1.7605529802996164E-002, 0.14925273904487393     )
   10.651434999999999        1.2500000000000000     
 (  28.622074333561955     ,  12.595391857683810     ) (  28.652169075655969     ,  12.787277064843732     )
 ( -5.0203861821293640E-002, -8.2318885185009391E-002) ( -1.7248613210104856E-009, -4.1776773294041970E-009) ( -1.7248654565372961E-009, -4.1776743484161789E-009) ( -1.3448518650843020E-002, 0.16445414402775396     )
   10.701429999999998        1.2500000000000000     
 (  28.990819208703776     ,  12.830442994531023     ) (  29.020884068495473     ,  13.024418064643385     )
 ( -6.4771762100071517E-002,-0.10298777322531230     ) ( -2.0212511955504513E-009, -4.8561701528893918E-009) ( -2.0212562001304027E-009, -4.8561668380408899E-009) ( -8.8185463230479721E-003, 0.17843037867072442     )
   10.751424999999999        1.2500000000000000     
 (  29.362127912739801     ,  13.068643944085084     ) (  29.392145462405455     ,  13.264780447463679     )
 ( -7.9116217287411417E-002,-0.12358191348217820     ) ( -2.3101925028650201E-009, -5.5112762417280359E-009) ( -2.3101983866633521E-009, -5.5112725542723264E-009) ( -3.6956036721591925E-003, 0.19113514783916949     )
   10.801419999999998        1.2500000000000000     
 (  29.735994459960114     ,  13.310010472689239     ) (  29.765933236390339     ,  13.508376728523213     )
 ( -9.3103232118439183E-002,-0.14399212332686548     ) ( -2.5897934655206048E-009, -6.1394224793900500E-009) ( -2.5898002670635378E-009, -6.1394183870844340E-009) (  1.9315490952148677E-003, 0.20253357641021658     )
   10.851414999999999        1.2500000000000000     
 (  30.112412336404621     ,  13.554557884745718     ) (  30.142229242577947     ,  13.755216542594962     )
 (-0.10659668803423095     ,-0.16410398342633295     ) ( -2.8581800773922987E-009, -6.7371168078060714E-009) ( -2.8581823280590211E-009, -6.7371170382071907E-009) (  8.0635472173495558E-003, 0.21260381261581143     )
   10.901409999999998        1.2500000000000000     
 (  30.491378518673017     ,  13.802301784515960     ) (  30.521018637421204     ,  14.005306530559526     )
 (-0.11945821215136644     ,-0.18379729912630405     ) ( -3.1132236431584591E-009, -7.3010387025108623E-009) ( -3.1132260272545990E-009, -7.3010390038904682E-009) (  1.4690685071654219E-002, 0.22133467642166799     )
   10.951404999999999        1.2500000000000000     
 (  30.872888989887219     ,  14.053257626382353     ) (  30.902289234712555     ,  14.258651925721825     )
 (-0.13155214224650810     ,-0.20294732126725087     ) ( -3.3529382852810519E-009, -7.8279909725921739E-009) ( -3.3529407422123646E-009, -7.8279913625428544E-009) (  2.1791804739830875E-002, 0.22872543021816810     )
   11.001399999999999        1.2500000000000000     
 (  31.256941276118823     ,  14.307440954073291     ) (  31.286032554245867     ,  14.515255967640314     )
 (-0.14274484002399956     ,-0.22142364318123742     ) ( -3.5752910406403139E-009, -8.3148616643416708E-009) ( -3.5752936195097933E-009, -8.3148621552187009E-009) (  2.9334706461195608E-002, 0.23478517883503933     )
   11.051394999999999        1.2500000000000000     
 (  31.643534137382563     ,  14.564867986480971     ) (  31.672242897535302     ,  14.775121474971117     )
 (-0.15290655072526249     ,-0.23909256340843188     ) ( -3.7783014678885890E-009, -8.7586913949542348E-009) ( -3.7783039828770769E-009, -8.7586920015953141E-009) (  3.7276501879774840E-002, 0.23953197141190197     )
   11.101389999999999        1.2500000000000000     
 (  32.032666903184570     ,  14.825555050035714     ) (  32.060919602685544     ,  15.038250844285907     )
 (-0.16191420246592861     ,-0.25581620655126752     ) ( -3.9598142509465220E-009, -9.1567136950082415E-009) ( -3.9598170570038706E-009, -9.1567144288464784E-009) (  4.5561979457607975E-002, 0.24299123427500213     )
   11.151384999999999        1.2500000000000000     
 (  32.424339428644998     ,  15.089519655461366     ) (  32.452065374680394     ,  15.304647900505023     )
 (-0.16965216898227625     ,-0.27145455546193215     ) ( -4.1179637430756381E-009, -9.5062810992724296E-009) ( -4.1179664706533203E-009, -9.5062819840491435E-009) (  5.4125543750099710E-002, 0.24519495132328076     )
   11.201379999999999        1.2500000000000000     
 (  32.818552390464454     ,  15.356779010696821     ) (  32.845685673638336     ,  15.574317464829690     )
 (-0.17601472191275139     ,-0.28586553583843294     ) ( -4.2508716694490576E-009, -9.8049440908161076E-009) ( -4.2508744955794302E-009, -9.8049451623074225E-009) (  6.2891347809897663E-002, 0.24618069149932503     )
   11.251374999999999        1.2500000000000000     
 (  33.215307608947029     ,  15.627352027652339     ) (  33.241790081584831     ,  15.847267119961717     )
 (-0.18090678513211034     ,-0.29890649636741917     ) ( -4.3567221780606974E-009, -1.0050282597042816E-008) ( -4.3567250987804270E-009, -1.0050283858278946E-008) (  7.1773557812992009E-002, 0.24599033902042003     )
   11.301369999999999        1.2500000000000000     
 (  33.614606476932224     ,  15.901258006487861     ) (  33.640390286668151     ,  16.123507027474979     )
 (-0.18424670147050173     ,-0.31043595024626047     ) ( -4.4339019784368163E-009, -1.0240288454895306E-008) ( -4.4339049154343073E-009, -1.0240289936298455E-008) (  8.0677866804402962E-002, 0.24466841358490696     )
   11.351364999999999        1.2500000000000000     
 (  34.016451686652246     ,  16.178517102201628     ) (  34.041500607353633     ,  16.403049723447619     )
 (-0.18596695886010750     ,-0.32031454415776656     ) ( -4.4810160735669620E-009, -1.0373008329607743E-008) ( -4.4810189141398320E-009, -1.0373010055235587E-008) (  8.9501961444093475E-002, 0.24226223459207527     )
   11.401359999999999        1.2500000000000000     
 (  34.420845071338732     ,  16.459150870307617     ) (  34.445135846920195     ,  16.685913335687268     )
 (-0.18601568805814900     ,-0.32840622145095222     ) ( -4.4967229850379603E-009, -1.0446730722321956E-008) ( -4.4967260922795834E-009, -1.0446732761786765E-008) (  9.8136738031407933E-002, 0.23881930367446874     )
   11.451355000000000        1.2500000000000000     
 (  34.827789452444669     ,  16.743181103091974     ) (  34.851312493686137     ,  16.972118089369523     )
 (-0.18435810418288745     ,-0.33458027090810988     ) ( -4.4800428798839385E-009, -1.0459926373988763E-008) ( -4.4800474145291111E-009, -1.0459928730619392E-008) ( 0.10646801788587840     , 0.23438696092773212     )
   11.501349999999999        1.2500000000000000     
 (  35.237287406849127     ,  17.030631747413494     ) (  35.260047092963035     ,  17.261689445829742     )
 (-0.18097677031246889     ,-0.33871301075647581     ) ( -4.4301797200109449E-009, -1.0411425752178688E-008) ( -4.4301819176761076E-009, -1.0411428436403520E-008) ( 0.11437832113683036     , 0.22901174952631284     )
   11.551345000000000        1.2500000000000000     
 (  35.649341624075909     ,  17.321526887255672     ) (  35.671354187248141     ,  17.554655806618761     )
 (-0.17587319945604157     ,-0.34068984958177539     ) ( -4.3465868463352175E-009, -1.0300219125429742E-008) ( -4.3465889700645616E-009, -1.0300222214000433E-008) ( 0.12174715498157920     , 0.22273818981142496     )
   11.601339999999999        1.2500000000000000     
 (  36.063954233709453     ,  17.615892294521377     ) (  36.085247791203685     ,  17.851050518849910     )
 (-0.16906903776232704     ,-0.34040616865127549     ) ( -4.2290124042723556E-009, -1.0125602144647288E-008) ( -4.2290143745356161E-009, -1.0125605683427879E-008) ( 0.12845439081385737     , 0.21560712628730255     )
   11.651335000000000        1.2500000000000000     
 (  36.481126613812137     ,  17.913755128329058     ) (  36.501739596375039     ,  18.150909828302797     )
 (-0.16060379662740062     ,-0.33776973885101214     ) ( -4.0776198484900130E-009, -9.8871496018792791E-009) ( -4.0776211354064282E-009, -9.8871536063855833E-009) ( 0.13438072182350766     , 0.20765679214869229     )
   11.701330000000000        1.2500000000000000     
 (  36.900860917449542     ,  18.215143197346016     ) (  36.920837699649283     ,  18.454272593738107     )
 (-0.15053803338777919     ,-0.33270256273352145     ) ( -3.8927288197249515E-009, -9.5848356100801172E-009) ( -3.8927296997619304E-009, -9.5848402143731166E-009) ( 0.13941088920553696     , 0.19892118600199157     )
   11.751324999999998        1.2500000000000000     
 (  37.323156504138737     ,  18.520085566959530     ) (  37.342547689317605     ,  18.761180235139186     )
 (-0.13895142726060480     ,-0.32514234796760910     ) ( -3.6751447876300314E-009, -9.2188515093145024E-009) ( -3.6751456753236298E-009, -9.2188566619914234E-009) ( 0.14343413575547687     , 0.18942959892600669     )
   11.801319999999999        1.2500000000000000     
 (  37.748013883689318     ,  18.828612761832414     ) (  37.766871443148638     ,  19.071676426701892     )
 (-0.12594207719018713     ,-0.31504423630485501     ) ( -3.4259683944446238E-009, -8.7898375874857756E-009) ( -3.4259687998915483E-009, -8.7898433827387053E-009) ( 0.14634684991713520     , 0.17920747644381152     )
   11.851314999999998        1.2500000000000000     
 (  38.175429960677889     ,  19.140756340153672     ) (  38.193805492305096     ,  19.385806203513035     )
 (-0.11162742588223278     ,-0.30238251633743018     ) ( -3.1465677400426144E-009, -8.2987026815858213E-009) ( -3.1465638867387905E-009, -8.2987028817148996E-009) ( 0.14805453282359216     , 0.16827496005415185     )
   11.901309999999999        1.2500000000000000     
 (  38.605403037024850     ,  19.456547737940255     ) (  38.623343482132135     ,  19.703613481444275     )
 ( -9.6142568924488359E-002,-0.28715179175514355     ) ( -2.8387926206924159E-009, -7.7468486865916583E-009) ( -2.8387886081594062E-009, -7.7468488180510906E-009) ( 0.14847365559286754     , 0.15664895464404843     )
   11.951304999999998        1.2500000000000000     
 (  39.037927884916364     ,  19.776020400881809     ) (  39.055475047007953     ,  20.025143358912374     )
 ( -7.9637974401417649E-002,-0.26936848852524858     ) ( -2.5046765950444485E-009, -7.1358974008261124E-009) ( -2.5046723529597620E-009, -7.1358974714827662E-009) ( 0.14753295897356725     , 0.14434111002372371     )
   12.001299999999999        1.2500000000000000     
 (  39.472997722414135     ,  20.099207043911697     ) (  39.490185220374137     ,  20.350438619655836     )
 ( -6.2279924874578368E-002,-0.24907163174638411     ) ( -2.1467966311825702E-009, -6.4681054773427067E-009) ( -2.1467919953197244E-009, -6.4681054655465429E-009) ( 0.14517613647315028     , 0.13136077211832728     )
   12.051294999999998        1.2500000000000000     
 (  39.910604799583489     ,  20.426141930041535     ) (  39.927455570347803     ,  20.679541207244608     )
 ( -4.4247225839339439E-002,-0.22632485781289799     ) ( -1.7677032575561717E-009, -5.7459996618762478E-009) ( -1.7676981539176815E-009, -5.7459995285859405E-009) ( 0.14136102710247439     , 0.11771380979241187     )
   12.101289999999999        1.2500000000000000     
 (  40.350739173572997     ,  20.756857478455430     ) (  40.367264362673268     ,  21.012489468567065     )
 ( -2.5729558871956736E-002,-0.20121567245137817     ) ( -1.3706118039946269E-009, -4.9726107839275574E-009) ( -1.3706064279956280E-009, -4.9726105326104401E-009) ( 0.13606333314725888     , 0.10340504416244996     )
   12.151284999999998        1.2500000000000000     
 (  40.793388340650139     ,  21.091387768245756     ) (  40.809586838757220     ,  21.349320084073550     )
 ( -6.9264094911456109E-003,-0.17385656123726773     ) ( -9.5880749624894825E-010, -4.1512877384731316E-009) ( -9.5880165240763237E-010, -4.1512873222665904E-009) ( 0.12927727744213960     ,  8.8437683374939111E-002)
   12.201279999999999        1.2500000000000000     
 (  41.238538851525824     ,  21.429764790667285     ) (  41.254396109632388     ,  21.690065701951323     )
 (  1.1954958837629787E-002,-0.14438508033754335     ) ( -5.3596990717049468E-010, -3.2859086269600300E-009) ( -5.3596363470434222E-010, -3.2859080211074626E-009) ( 0.12101526767625305     ,  7.2815830770753279E-002)
   12.251274999999998        1.2500000000000000     
 (  41.686174315610366     ,  21.772020064459760     ) (  41.701664571145209     ,  22.034754767201076     )
 (  3.0704496223687656E-002,-0.11296413399004458     ) ( -1.0584705676271121E-010, -2.3807780229397035E-009) ( -1.0584043065023599E-010, -2.3807772186265648E-009) ( 0.11130867696910476     ,  5.6544659923590444E-002)
   12.301269999999999        1.2500000000000000     
 (  42.136278481535619     ,  22.118183425200847     ) (  42.151363238451744     ,  22.383413291902322     )
 (  4.9109364711252712E-002, -7.9781178590914548E-002) (  3.2760295931997212E-010, -1.4406237540872631E-009) (  3.2760994794662655E-010, -1.4406226675762767E-009) ( 0.10020987759317315     ,  3.9632639835930718E-002)
   12.351264999999998        1.2500000000000000     
 (  42.588831942427134     ,  22.468283772993548     ) (  42.603462471636973     ,  22.736062332709118     )
 (  6.6957277318923120E-002, -4.5047353385556148E-002) (  7.6023139771746955E-010, -4.7053266710412953E-010) (  7.6023848144312680E-010, -4.7053132595422318E-010) (  8.7789927176379304E-002,  2.2091641056917129E-002)
   12.401259999999999        1.2500000000000000     
 (  43.043814058507941     ,  22.822347700806123     ) (  43.057934288573442     ,  23.092719605474784     )
 (  8.4039706018634697E-002, -8.9966825765108293E-003) (  1.1877776963543691E-009,  5.2390020321070990E-010) (  1.1877855195198109E-009,  5.2390190001717548E-010) (  7.4139197306839849E-002,  3.9397740577833025E-003)
   12.451254999999998        1.2500000000000000     
 (  43.501204718558526     ,  23.180399781581023     ) (  43.514750990633317     ,  23.453399075308969     )
 ( 0.10015455409341964     ,  2.8115003053737590E-002) (  1.6060918857282755E-009,  1.5368287115271853E-009) (  1.6060998498581470E-009,  1.5368307414992884E-009) (  5.9368759654795149E-002, -1.4798788692625360E-002)
   12.501249999999999        1.2500000000000000     
 (  43.960982837423593     ,  23.542462406108339     ) (  43.973887505094268     ,  23.818111998313210     )
 ( 0.11510756579063187     ,  6.6011617595985242E-002) (  2.0107460137118445E-009,  2.5618491355662264E-009) (  2.0107539233974855E-009,  2.5618516580742501E-009) (  4.3605155145130060E-002, -3.4091261119909497E-002)
   12.551245000000000        1.2500000000000000     
 (  44.423126271788327     ,  23.908556154890000     ) (  44.435321136384140     ,  24.186866373095938     )
 ( 0.12871722499303589     , 0.10439993729049708     ) (  2.3975491422040601E-009,  3.5924157322753233E-009) (  2.3975578491945634E-009,  3.5924187405915620E-009) (  2.6994037813052874E-002, -5.3896472805048154E-002)
   12.601239999999999        1.2500000000000000     
 (  44.887614204585681     ,  24.278698646660757     ) (  44.899030964233653     ,  24.559668314205403     )
 ( 0.14081473692261251     , 0.14297092106951614     ) (  2.7626340034381274E-009,  4.6216137975134108E-009) (  2.7626432829609220E-009,  4.6216173803258330E-009) (  9.6949516843574893E-003, -7.4162032458791910E-002)
   12.651235000000000        1.2500000000000000     
 (  45.354426070853151     ,  24.652905406621077     ) (  45.365000529896513     ,  24.936522483457956     )
 ( 0.15124995181496953     , 0.18140166429179685     ) (  3.1017745074131607E-009,  5.6422543148432078E-009) (  3.1017841557283623E-009,  5.6422584964804894E-009) ( -8.1175681335429462E-003, -9.4825693938254463E-002)
   12.701229999999999        1.2500000000000000     
 (  45.823542628929950     ,  25.031190742197058     ) (  45.833216060136976     ,  25.317432173267168     )
 ( 0.15988955419451537     , 0.21935948584310686     ) (  3.4113480397155220E-009,  6.6469479489303527E-009) (  3.4113578672191457E-009,  6.6469528645020591E-009) ( -2.6257281206885367E-002,-0.11581235391576468     )
   12.751225000000000        1.2500000000000000     
 (  46.294945979504369     ,  25.413566360841440     ) (  46.303666421465373     ,  25.702400635370790     )
 ( 0.16662165059011103     , 0.25650464565154463     ) (  3.6878555669760701E-009,  7.6282621618733031E-009) (  3.6878655012040108E-009,  7.6282678934977697E-009) ( -4.4528825054602691E-002,-0.13703472835325578     )
   12.801219999999999        1.2500000000000000     
 (  46.768620998080586     ,  25.800042778802624     ) (  46.776345742984894     ,  26.091431541080887     )
 ( 0.17135847264562784     , 0.29249319215186170     ) (  3.9281824692490693E-009,  8.5785059478249029E-009) (  3.9281922513555271E-009,  8.5785125589076743E-009) ( -6.2729102994028452E-002,-0.15839345477826616     )
   12.851215000000000        1.2500000000000000     
 (  47.244552512021208     ,  26.190629644244257     ) (  47.251249327124967     ,  26.484529406235051     )
 ( 0.17403430661709288     , 0.32698066674966131     ) (  4.1295060298906877E-009,  9.4900553872549951E-009) (  4.1295162507644572E-009,  9.4900629538809680E-009) ( -8.0649525220361742E-002,-0.17977563585827722     )
   12.901209999999999        1.2500000000000000     
 (  47.722728717478219     ,  26.585335439483195     ) (  47.728376477789119     ,  26.881700266222467     )
 ( 0.17461044429687156     , 0.35962647932896091     ) (  4.2893433721963725E-009,  1.0355219365873970E-008) (  4.2893378140005072E-009,  1.0355220400013390E-008) ( -9.8078789301253716E-002,-0.20105549261358749     )
   12.951205000000000        1.2500000000000000     
 (  48.203142525753606     ,  26.984168798720034     ) (  48.207729162372523     ,  27.282952452882437     )
 ( 0.17307487990394585     , 0.39009570145085865     ) (  4.4057384421212420E-009,  1.1166505734353378E-008) (  4.4057323096796367E-009,  1.1166506786664275E-008) (-0.11480710227325806     ,-0.22209529781887649     )
   13.001199999999999        1.2500000000000000     
 (  48.685784954174899     ,  27.387138645172733     ) (  48.689310689363474     ,  27.688296114116167     )
 ( 0.16944247353499842     , 0.41806555398313378     ) (  4.4772515431318359E-009,  1.1916691213379431E-008) (  4.4772447639530435E-009,  1.1916692246399384E-008) (-0.13062592738616427     ,-0.24274532033516727     )
   13.051195000000000        1.2500000000000000     
 (  49.170652928655379     ,  27.794254528552841     ) (  49.173126405193798     ,  28.097744933332287     )
 ( 0.16375429947255715     , 0.44322631982655364     ) (  4.5026707452371411E-009,  1.2598505404872370E-008) (  4.5026631929049270E-009,  1.2598506382996602E-008) (-0.14533341899673607     ,-0.26284421621219900     )
   13.101189999999999        1.2500000000000000     
 (  49.657742625665186     ,  28.205527383277413     ) (  49.659182403258335     ,  28.511315342233317     )
 ( 0.15607999870441902     , 0.46528747313799268     ) (  4.4816109801816460E-009,  1.3205186115186425E-008) (  4.4816029707331679E-009,  1.3205187059588753E-008) (-0.15873640821305901     ,-0.28222147202893438     )
   13.151185000000000        1.2500000000000000     
 (  50.147054410785920     ,  28.620969520875605     ) (  50.147485507337144     ,  28.929027297150554     )
 ( 0.14651406278719437     , 0.48398008964778128     ) (  4.4139645145440951E-009,  1.3730308581713838E-008) (  4.4139558722824522E-009,  1.3730309430998151E-008) (-0.17065171400068449     ,-0.30069651331949071     )
   13.201179999999999        1.2500000000000000     
 (  50.638589439647795     ,  29.040595464881552     ) (  50.638042434802308     ,  29.350902796340261     )
 ( 0.13517866766211065     , 0.49905969539269496     ) (  4.3003419205112364E-009,  1.4167858931371810E-008) (  4.3003323364127905E-009,  1.4167859672483034E-008) (-0.18091057551874751     ,-0.31808346468752197     )
   13.251175000000000        1.2500000000000000     
 (  51.132349215992782     ,  29.464421622463064     ) (  51.130859152402721     ,  29.776968327884450     )
 ( 0.12221751828271056     , 0.51031228201620471     ) (  4.1417766944165242E-009,  1.4512448042606894E-008) (  4.1417663496835951E-009,  1.4512448608263933E-008) (-0.18935996702392560     ,-0.33418896010852661     )
   13.301169999999999        1.2500000000000000     
 (  51.628337106378879     ,  29.892467444570975     ) (  51.625940189941787     ,  30.207252474444228     )
 ( 0.10779919153362318     , 0.51755353118976977     ) (  3.9398917706927819E-009,  1.4759130930913998E-008) (  3.9398805188170148E-009,  1.4759131338976938E-008) (-0.19586659591530300     ,-0.34881679115630054     )
   13.351165000000000        1.2500000000000000     
 (  52.126556457532253     ,  30.324754802513681     ) (  52.123288679414578     ,  30.641786580543588     )
 (  9.2111274823047845E-002, 0.52063447258149309     ) (  3.6966405848257761E-009,  1.4903707545658563E-008) (  3.6966286568029437E-009,  1.4903707708577251E-008) (-0.20031599033656655     ,-0.36176964615231322     )
   13.401159999999999        1.2500000000000000     
 (  52.627009377617114     ,  30.761308029141532     ) (  52.622904470568386     ,  31.080604546111385     )
 (  7.5360148290181603E-002, 0.51944269205168225     ) (  3.4147554653265286E-009,  1.4942613502542079E-008) (  3.4147422782715076E-009,  1.4942613388706522E-008) (-0.20261781741021462     ,-0.37285065048199173     )
   13.451155000000000        1.2500000000000000     
 (  53.129698972934484     ,  31.202153763673699     ) (  53.124786989972336     ,  31.523741738562510     )
 (  5.7767715391043216E-002, 0.51390495328667718     ) (  3.0971975245654941E-009,  1.4873219035313049E-008) (  3.0971833886671803E-009,  1.4873218540295788E-008) (-0.20270625707461046     ,-0.38186647014494141     )
   13.501149999999999        1.2500000000000000     
 (  53.634624965734730     ,  31.647322226953488     ) (  53.628931377048133     ,  31.971234535661608     )
 (  3.9569466316200771E-002, 0.50398842314963477     ) (  2.7476203638463299E-009,  1.4693373301121709E-008) (  2.7476052805099720E-009,  1.4693372420449623E-008) (-0.20054011594326568     ,-0.38862838528736321     )
   13.551145000000000        1.2500000000000000     
 (  54.141787238099958     ,  32.096844786957810     ) (  54.135329322490485     ,  32.423122027404041     )
 (  2.1008327464287331E-002, 0.48970187345373373     ) (  2.3699057075591106E-009,  1.4402163296163673E-008) (  2.3698898092343854E-009,  1.4402161962590440E-008) (-0.19610710566194264     ,-0.39295821745721249     )
   13.601139999999999        1.2500000000000000     
 (  54.651182833627303     ,  32.550755275343562     ) (  54.643971941211376     ,  32.879440989094874     )
 (  2.3362743785666218E-003, 0.47109580734239104     ) (  1.9682939027669626E-009,  1.3999168844630996E-008) (  1.9682764540133234E-009,  1.3999166928355502E-008) (-0.18942086699583063     ,-0.39468766827174762     )
   13.651135000000000        1.2500000000000000     
 (  55.162806621071219     ,  33.009088345709188     ) (  55.154844879855233     ,  33.340230615698339     )
 ( -1.6193453865710510E-002, 0.44826509710019541     ) (  1.5474950760155962E-009,  1.3485212738906488E-008) (  1.5474763136788804E-009,  1.3485210131033645E-008) (-0.18052512323552716     ,-0.39366218915485496     )
   13.701129999999999        1.2500000000000000     
 (  55.676650155258713     ,  33.471880598458952     ) (  55.667932197654864     ,  33.805528074633919     )
 ( -3.4326495157086231E-002, 0.42134636951256382     ) (  1.1123376575543855E-009,  1.2861924298692630E-008) (  1.1123179026066700E-009,  1.2861920996292313E-008) (-0.16949165374029426     ,-0.38974527407823822     )
   13.751125000000000        1.2500000000000000     
 (  56.192704128042635     ,  33.939168808920279     ) (  56.183215408348943     ,  34.275370343730700     )
 ( -5.1812444163825778E-002, 0.39051837191710043     ) (  6.6789793460988223E-010,  1.2131799170119493E-008) (  6.6787680899016491E-010,  1.2131794936083957E-008) (-0.15641943594486676     ,-0.38281841201472844     )
   13.801119999999999        1.2500000000000000     
 (  56.710953686447610     ,  34.410990153538933     ) (  56.700671632375510     ,  34.749792310211959     )
 ( -6.8408670220736115E-002, 0.35600001828320138     ) (  2.1945621459236891E-010,  1.1298491133690506E-008) (  2.1943405310562798E-010,  1.1298485909397299E-008) (-0.14143618096541513     ,-0.37278629677318370     )
   13.851115000000000        1.2500000000000000     
 (  57.231382999038551     ,  34.887381561378341     ) (  57.220277691583270     ,  35.228827665013227     )
 ( -8.3882925532537109E-002, 0.31805070366453553     ) ( -2.2771062524975855E-010,  1.0366358714494799E-008) ( -2.2773441220522313E-010,  1.0366352331634088E-008) (-0.12469666642690938     ,-0.35957795456325625     )
   13.901109999999999        1.2500000000000000     
 (  57.753973130840464     ,  35.368378239213357     ) (  57.742007887496790     ,  35.712508071528333     )
 ( -9.8016144190801791E-002, 0.27696614279977061     ) ( -6.6809691938622974E-010,  9.3407970808798134E-009) ( -6.6812139526740306E-010,  9.3407895470907948E-009) (-0.10637979815325826     ,-0.34314815322773556     )
   13.951105000000000        1.2500000000000000     
 (  58.278702296048188     ,  35.854016205249380     ) (  58.265835718666871     ,  36.200862997471425     )
 (-0.11060607866700184     , 0.23307683135806212     ) ( -1.0964972725120108E-009,  8.2280641352803664E-009) ( -1.0964899343596146E-009,  8.2280616530725557E-009) ( -8.6689165479467936E-002,-0.32348313044280375     )
   14.001100000000001        1.2500000000000000     
 (  58.805547309303833     ,  36.344327424765218     ) (  58.791731865053592     ,  36.693918294442611     )
 (-0.12147079837183490     , 0.18674521711946843     ) ( -1.5077272328573393E-009,  7.0353918532697596E-009) ( -1.5077191965936314E-009,  7.0353892469120014E-009) ( -6.5847327524175714E-002,-0.30059757572786289     )
   14.051095000000000        1.2500000000000000     
 (  59.334481051709588     ,  36.839344241133752     ) (  59.319667442443624     ,  37.191698633293292     )
 (-0.13045081055614641     , 0.13836187779885387     ) ( -1.8966317465388489E-009,  5.7706186575771300E-009) ( -1.8966228479556617E-009,  5.7706159342890038E-009) ( -4.4098956139633043E-002,-0.27453988151489112     )
   14.101089999999997        1.2500000000000000     
 (  59.865476949833436     ,  37.339095275250514     ) (  59.849613217526887     ,  37.694226259033485     )
 (-0.13741039574215358     ,  8.8342205189180553E-002) ( -2.2583399036205987E-009,  4.4425554708949671E-009) ( -2.2583296460410291E-009,  4.4425526620142576E-009) ( -2.1702476294312122E-002,-0.24539189550889862     )
   14.151084999999997        1.2500000000000000     
 (  60.398505305189474     ,  37.843607229481393     ) (  60.381540087468288     ,  38.201519689896742     )
 (-0.14224217254873756     ,  3.7122771008682436E-002) ( -2.5884583879603728E-009,  3.0606213415672334E-009) ( -2.5884475264941088E-009,  3.0606184356060747E-009) (  1.0702756875308999E-003,-0.21327015574320646     )
   14.201079999999997        1.2500000000000000     
 (  60.933536956510032     ,  38.352904061795812     ) (  60.915419037335553     ,  38.713595895369416     )
 (-0.14486664942331492     , -1.4845238093905878E-002) ( -2.8829037505842935E-009,  1.6348016925685201E-009) ( -2.8828914991017607E-009,  1.6347986941849494E-009) (  2.3937735481990095E-002,-0.17832609274811784     )
   14.251074999999998        1.2500000000000000     
 (  61.470540933886589     ,  38.867008128165672     ) (  61.451222006238027     ,  39.230469469720504     )
 (-0.14523513005293251     , -6.7097214464090560E-002) ( -3.1377157182907807E-009,  1.7583105537833364E-010) ( -3.1377021613663396E-009,  1.7582805684481317E-010) (  4.6611725870972405E-002,-0.14074546168708021     )
   14.301069999999998        1.2500000000000000     
 (  62.009487798496373     ,  39.385937407251753     ) (  61.988921959805090     ,  39.752152977526606     )
 (-0.14332898644653944     ,-0.11916147707388405     ) ( -3.3496465011150225E-009, -1.3053540157588593E-009) ( -3.3496321102716526E-009, -1.3053570194146488E-009) (  6.8801848788998574E-002,-0.10074985888577394     )
   14.351064999999998        1.2500000000000000     
 (  62.550347065940350     ,  39.909708733813126     ) (  62.528494461965202     ,  40.278657447393485     )
 (-0.13916167822274272     ,-0.17056576084685579     ) ( -3.5158897519562828E-009, -2.7971333595063555E-009) ( -3.5158736878504093E-009, -2.7971363285850113E-009) (  9.0219784902979078E-002, -5.8594104292070993E-002)
   14.401059999999998        1.2500000000000000     
 (  63.093089823673409     ,  40.438335502182511     ) (  63.069914556144212     ,  40.809991276255658     )
 (-0.13277902105861525     ,-0.22083883323111131     ) ( -3.6342128617783481E-009, -4.2879156589797855E-009) ( -3.6341954827737432E-009, -4.2879185557447989E-009) ( 0.11058174576690447     , -1.4565979937595990E-002)
   14.451054999999998        1.2500000000000000     
 (  63.637687984464755     ,  40.971829953866319     ) (  63.613161222490774     ,  41.346162985766284     )
 (-0.12425798745396391     ,-0.26951854090500377     ) ( -3.7029136039132933E-009, -5.7656556772292360E-009) ( -3.7028942620911210E-009, -5.7656584525777657E-009) ( 0.12961197377596242     ,  3.1016913297624484E-002)
   14.501049999999998        1.2500000000000000     
 (  64.184115275303441     ,  41.510201162626331     ) (  64.158214609343602     ,  41.887180049479703     )
 (-0.11370678068327356     ,-0.31615471702237075     ) ( -3.7208279694429068E-009, -7.2183321616083687E-009) ( -3.7208068899632584E-009, -7.2183347263934512E-009) ( 0.14704914221916782     ,  7.7807301231905393E-002)
   14.551044999999998        1.2500000000000000     
 (  64.732347634151012     ,  42.053457619212345     ) (  64.705056975889349     ,  42.433049224829979     )
 (-0.10126211639546776     ,-0.36031544532253795     ) ( -3.6875609909771386E-009, -8.6340534982213370E-009) ( -3.6875381502039572E-009, -8.6340557902925766E-009) ( 0.16264798973956335     , 0.12543301792941092     )
   14.601039999999998        1.2500000000000000     
 (  65.282361261620892     ,  42.601605958324001     ) (  65.253672594923145     ,  42.983776499255463     )
 ( -8.7089633541467246E-002,-0.40159084136923989     ) ( -3.6032822396744644E-009, -1.0000938607199419E-008) ( -3.6032568796337666E-009, -1.0000940542948017E-008) ( 0.17618149398869234     , 0.17349695644684465     )
   14.651034999999998        1.2500000000000000     
 (  65.834136406687449     ,  43.154650612600690     ) (  65.804047388876398     ,  43.539369491980892     )
 ( -7.1380693810007168E-002,-0.43959730106107570     ) ( -3.4687763772450610E-009, -1.1307398511290988E-008) ( -3.4687494514840458E-009, -1.1307399963301012E-008) ( 0.18744896119607946     , 0.22158504690220571     )
   14.701029999999998        1.2500000000000000     
 (  66.387654783744807     ,  43.712598275782383     ) (  66.356170259209279     ,  44.099835727071493     )
 ( -5.4350513335937427E-002,-0.47398364684784250     ) ( -3.2855277393860622E-009, -1.2542109351554617E-008) ( -3.2854983163488052E-009, -1.2542110257688614E-008) ( 0.19627293633765380     , 0.26926568732910777     )
   14.751024999999998        1.2500000000000000     
 (  66.942900990504782     ,  44.275452107505792     ) (  66.910030798613661     ,  44.665183585233819     )
 ( -3.6234986282410703E-002,-0.50443248509183081     ) ( -3.0556063309709541E-009, -1.3694462938782795E-008) ( -3.0555743268220934E-009, -1.3694463131176560E-008) ( 0.20250714627671207     , 0.31609537839005603     )
   14.801019999999998        1.2500000000000000     
 (  67.499861034991653     ,  44.843218384300592     ) (  67.465621083165686     ,  45.235422429806754     )
 ( -1.7287041401149877E-002,-0.53066447851595488     ) ( -2.7815553999969984E-009, -1.4754102378908313E-008) ( -2.7815208303432149E-009, -1.4754101764933533E-008) ( 0.20603588631668349     , 0.36162450493522680     )
   14.851014999999999        1.2500000000000000     
 (  68.058523871534376     ,  45.415901424635848     ) (  68.022934205402805     ,  45.810563569644025     )
 (  2.2259549517369475E-003,-0.55244256312408857     ) ( -2.4667339005465954E-009, -1.5711495676748249E-008) ( -2.4666970316405469E-009, -1.5711494072950593E-008) ( 0.20677777293775892     , 0.40539950781377510     )
   14.901009999999998        1.2500000000000000     
 (  68.618881191132161     ,  45.993508287345399     ) (  68.581964091967876     ,  46.390620067719126     )
 (  2.2025917032948362E-002,-0.56957356642754497     ) ( -2.1148309130128875E-009, -1.6557998749140252E-008) ( -2.1147905867489554E-009, -1.6557995914637512E-008) ( 0.20468537365836306     , 0.44696872535322707     )
   14.951004999999999        1.2500000000000000     
 (  69.180926476229118     ,  46.576047177919015     ) (  69.142706661826765     ,  46.975605836447905     )
 (  4.1828015661419748E-002,-0.58191022531604686     ) ( -1.7302291236885594E-009, -1.7285512394225287E-008) ( -1.7301862943700614E-009, -1.7285508241962345E-008) ( 0.19974961549652193     , 0.48588941836598609     )
   15.000999999999998        1.2500000000000000     
 (  69.744653675872812     ,  47.163527578926875     ) (  69.705157405471567     ,  47.565538653933125     )
 (  6.1343893743943216E-002,-0.58935259535325746     ) ( -1.3175016498495943E-009, -1.7887189778456042E-008) ( -1.3175101559989336E-009, -1.7887185381518336E-008) ( 0.19199791521589893     , 0.52172708106434385     )
   15.050994999999999        1.2500000000000000     
 (  70.310059652808221     ,  47.755960231974008     ) (  70.269310403033202     ,  48.160436516967295     )
 (  8.0289128933636045E-002,-0.59184934699133773     ) ( -8.8166426699885704E-010, -1.8356944806232484E-008) ( -8.8167363662220559E-010, -1.8356940042047312E-008) ( 0.18149381088303876     , 0.55406691595777990     )
   15.100989999999998        1.2500000000000000     
 (  70.877142732992141     ,  48.353360127094781     ) (  70.835162998574901     ,  48.760319994664229     )
 (  9.8382147741278486E-002,-0.58939830147092698     ) ( -4.2841516216412296E-010, -1.8689852319625133E-008) ( -4.2842559707519951E-010, -1.8689847248501730E-008) ( 0.16834127927102335     , 0.58251465444563688     )
   15.150984999999999        1.2500000000000000     
 (  71.445901025896873     ,  48.955742900008381     ) (  71.402709435194936     ,  49.365212822883549     )
 ( 0.11535176448059462     ,-0.58204565768575911     ) (  3.6779525475114603E-011, -1.8882148265457708E-008) (  3.6767758141186455E-011, -1.8882142858168657E-008) ( 0.15267795507281820     , 0.60670324761126648     )
   15.200979999999998        1.2500000000000000     
 (  72.016332336569164     ,  49.563127627567624     ) (  71.971943737660126     ,  49.975139698105863     )
 ( 0.13093964273618491     ,-0.56988561578092722     ) (  5.0809687476406552E-010, -1.8931040195747953E-008) (  5.0808376318266898E-010, -1.8931034460032551E-008) ( 0.13467908033209947     , 0.62629625271644296     )
   15.250974999999999        1.2500000000000000     
 (  72.588436476237689     ,  50.175536916557014     ) (  72.542858529341771     ,  50.590126837289048     )
 ( 0.14490594841571194     ,-0.55305951581884738     ) (  9.7946203052057370E-010, -1.8835148822667496E-008) (  9.7944709182817713E-010, -1.8835142755574398E-008) ( 0.11455259267913584     , 0.64099322810587678     )
   15.300969999999998        1.2500000000000000     
 (  73.162211039892554     ,  50.792995096614732     ) (  73.115446074785865     ,  51.210203261530189     )
 ( 0.15702992958843720     ,-0.53175161957361750     ) (  1.4448953146350987E-009, -1.8594095414842457E-008) (  1.4448788058294482E-009, -1.8594089002796082E-008) (  9.2540266820763675E-002, 0.65053384940267955     )
   15.350964999999999        1.2500000000000000     
 (  73.737652081752557     ,  51.415529607202174     ) (  73.689694563926238     ,  51.835398636188636     )
 ( 0.16711488718573253     ,-0.50619101507325737     ) (  1.8982043579737416E-009, -1.8208882246708884E-008) (  1.8981860620115505E-009, -1.8208875518274474E-008) (  6.8909838834292081E-002, 0.65470190813012596     )
   15.400959999999998        1.2500000000000000     
 (  74.314756579556089     ,  52.043170205205719     ) (  74.265592792994781     ,  52.465743690554838     )
 ( 0.17499238856544891     ,-0.47664394568627916     ) (  2.3337935154066996E-009, -1.7681540752010847E-008) (  2.3337732253646842E-009, -1.7681533762171068E-008) (  4.3957420388845453E-002, 0.65332792278267648     )
   15.450954999999999        1.2500000000000000     
 (  74.893516273072734     ,  52.675949639601662     ) (  74.843124860347515     ,  53.101270189962960     )
 ( 0.18052105901435475     ,-0.44341422310901202     ) (  2.7455575928703531E-009, -1.7015503704206250E-008) (  2.7455352513584433E-009, -1.7015496481656742E-008) (  1.8001611594346489E-002, 0.64629290873397338     )
   15.500949999999998        1.2500000000000000     
 (  75.473922571132164     ,  53.313901880411500     ) (  75.422274956620711     ,  53.742010698466594     )
 ( 0.18359301953389343     ,-0.40683690000668932     ) (  3.1281811437288756E-009, -1.6215117752682613E-008) (  3.1281562535049191E-009, -1.6215110327957405E-008) ( -8.6195740064947297E-003, 0.63353193078722081     )
   15.550944999999999        1.2500000000000000     
 (  76.055963036341623     ,  53.957063078277727     ) (  76.003022518934912     ,  54.387997451493447     )
 ( 0.18413256071376569     ,-0.36727623231999201     ) (  3.4764807192727923E-009, -1.5286023541625477E-008) (  3.4764533063660351E-009, -1.5286015930528310E-008) ( -3.5554693949389038E-002, 0.61503336848976464     )
   15.600939999999998        1.2500000000000000     
 (  76.639622036174373     ,  54.605470788507454     ) (  76.585345678864769     ,  55.039262590821565     )
 ( 0.18209898097073146     ,-0.32511996531286674     ) (  3.7853601697499970E-009, -1.4235157002516426E-008) (  3.7853301369147644E-009, -1.4235149261452362E-008) ( -6.2440298139582504E-002, 0.59084309614759201     )
   15.650934999999999        1.2500000000000000     
 (  77.224881382818666     ,  55.259161607910251     ) (  77.169220127405637     ,  55.695836423821788     )
 ( 0.17748593859932343     ,-0.28077650090715633     ) (  4.0504475951536822E-009, -1.3070064529994965E-008) (  4.0504148328009470E-009, -1.3070056758449084E-008) ( -8.8907054130085428E-002, 0.56106367092483345     )
   15.700930000000000        1.2500000000000000     
 (  77.811718306076784     ,  55.918174095560744     ) (  77.754619266577564     ,  56.357750598084849     )
 ( 0.17032328723739118     ,-0.23466669456143377     ) (  4.2676871026555708E-009, -1.1799459939977576E-008) (  4.2676512435818959E-009, -1.1799452298506222E-008) (-0.11458555472175098     , 0.52585545629919717     )
   15.750924999999999        1.2500000000000000     
 (  78.400106476786533     ,  56.582545527705037     ) (  78.341515136108157     ,  57.025033620267791     )
 ( 0.16067581492518546     ,-0.18722240994020681     ) (  4.4338461826219668E-009, -1.0433132903208792E-008) (  4.4338061664515392E-009, -1.0433125402506700E-008) (-0.13910884669475601     , 0.48543678271026242     )
   15.800920000000000        1.2500000000000000     
 (  78.990017035193176     ,  57.252310857949780     ) (  78.929875888271440     ,  57.697712420699133     )
 ( 0.14864326743108053     ,-0.13888155194141191     ) (  4.5458376132113798E-009, -8.9813293860435707E-009) (  4.5457940871009120E-009, -8.9813221861699451E-009) (-0.16211890230417636     , 0.44007996244676134     )
   15.850914999999999        1.2500000000000000     
 (  79.581416272250252     ,  57.927505850468769     ) (  79.519669028018185     ,  58.375812554207535     )
 ( 0.13435847325252098     , -9.0080590829528767E-002) (  4.6015501231267252E-009, -7.4554335198831543E-009) (  4.6015020908047829E-009, -7.4554268049752052E-009) (-0.18327085639809571     , 0.39011449448158908     )
   15.900910000000000        1.2500000000000000     
 (  80.174268919361879     ,  58.608160754324018     ) (  80.110862470246786     ,  59.059356104270947     )
 ( 0.11798528939306938     , -4.1252805217403432E-002) (  4.5991972556874825E-009, -5.8671261514386269E-009) (  4.5991450002080172E-009, -5.8671199507403331E-009) (-0.20223828126600615     , 0.33592006235164212     )
   15.950904999999999        1.2500000000000000     
 (  80.768535447332880     ,  59.294304824556185     ) (  80.703421426410301     ,  59.748364871408484     )
 (  9.9717940105876202E-002,  7.1795874077047956E-003) (  4.5379477931087357E-009, -4.2287424722242701E-009) (  4.5378907948734478E-009, -4.2287371885702176E-009) (-0.21871649217777583     , 0.27792512245275630     )
   16.000900000000001        1.2500000000000000     
 (  81.364175244976678     ,  59.985962961880126     ) (  81.297310394871985     ,  60.442855594542891     )
 (  7.9776286727393203E-002,  5.4806711330721146E-002) (  4.4173807673550580E-009, -2.5531881975488986E-009) (  4.4173193264148912E-009, -2.5531840377090644E-009) (-0.23242888902293199     , 0.21660639489724773     )
   16.050895000000001        1.2500000000000000     
 (  81.961146708040047     ,  60.683156873204240     ) (  81.892495038865562     ,  61.142845492727830     )
 (  5.8406270662944335E-002, 0.10123678762815799     ) (  4.2380315189351624E-009, -8.5324500590250699E-010) (  4.2379638286267454E-009, -8.5324197543124446E-010) (-0.24313031325722090     , 0.15247888850586702     )
   16.100890000000000        1.2500000000000000     
 (  82.559405989360783     ,  61.385903945584559     ) (  82.488940564093113     ,  61.848346098403240     )
 (  3.5872375239155450E-002, 0.14609922795430758     ) (  4.0008921652855054E-009,  8.5761241885528825E-010) (  4.0009013708231310E-009,  8.5760536485905797E-010) (-0.25060854503253238     ,  8.6095775191612725E-002)
   16.150885000000002        1.2500000000000000     
 (  83.158910160339886     ,  62.094216566931500     ) (  83.086613114583415     ,  62.559369133554988     )
 (  1.2456424282794051E-002, 0.18904942611145734     ) (  3.7078899185048836E-009,  2.5659961650939344E-009) (  3.7079003601836514E-009,  2.5659884730335796E-009) (-0.25469233363126687     ,  1.8042606302238862E-002)
   16.200880000000002        1.2500000000000000     
 (  83.759617753513666     ,  62.808104578073142     ) (  83.685480552321962     ,  63.275922224084475     )
 ( -1.1545654330459287E-002, 0.22977152277139298     ) (  3.3612784982699283E-009,  4.2586812873894368E-009) (  3.3612903836781418E-009,  4.2586728984956168E-009) (-0.25524897172609007     , -5.1069522555740744E-002)
   16.250875000000001        1.2500000000000000     
 (  84.361486994887088     ,  63.527571945451967     ) (  84.285510558953447     ,  63.998012264942503     )
 ( -3.5828531365270394E-002, 0.26797952236217382     ) (  2.9642505928278314E-009,  5.9226142370037632E-009) (  2.9642642676618458E-009,  5.9226051457360363E-009) (-0.25219189666920000     ,-0.12061111351446856     )
   16.300870000000000        1.2500000000000000     
 (  84.964479062480692     ,  64.252621443438215     ) (  84.886674952850115     ,  64.725644833392039     )
 ( -6.0083119382384149E-002, 0.30342153542001676     ) (  2.5206215707303311E-009,  7.5449565229070648E-009) (  2.5206372611479185E-009,  7.5449467291630750E-009) (-0.24547918918615619     ,-0.18993553144678493     )
   16.350865000000002        1.2500000000000000     
 (  85.568558902679158     ,  64.983250135693154     ) (  85.488945611063485     ,  65.458823182787967     )
 ( -8.3998717652109076E-002, 0.33587995882326377     ) (  2.0341186452834852E-009,  9.1128754057183561E-009) (  2.0341360851963925E-009,  9.1128648505305232E-009) (-0.23511541839460065     ,-0.25839258872462645     )
   16.400860000000002        1.2500000000000000     
 (  86.173693196726006     ,  65.719452850220605     ) (  86.092297126315515     ,  66.197549696414427     )
 (-0.10726867265001898     , 0.36517403136665649     ) (  1.5100022841511184E-009,  1.0614539004315158E-008) (  1.5100218159041267E-009,  1.0614527656812082E-008) (-0.22115514175452095     ,-0.32532819669398982     )
   16.450855000000001        1.2500000000000000     
 (  86.779854446843274     ,  66.461224104897482     ) (  86.696706373740398     ,  66.941826606516585     )
 (-0.12959350413869758     , 0.39115978915300309     ) (  9.5319747299841089E-010,  1.2038232516141084E-008) (  9.5321949063286135E-010,  1.2038220412588128E-008) (-0.20369759110427671     ,-0.39009714013577185     )
   16.500850000000000        1.2500000000000000     
 (  87.387018566410816     ,  67.208556868285712     ) (  87.302152269592710     ,  67.691656515993955     )
 (-0.15068579377454983     , 0.41373022104848534     ) (  3.6924839868203488E-010,  1.3373212311507555E-008) (  3.6927315210461520E-010,  1.3373199406661589E-008) (-0.18289232378740189     ,-0.45206582080315105     )
   16.550845000000002        1.2500000000000000     
 (  87.995164819967727     ,  67.961442001497232     ) (  87.908617244798592     ,  68.447041210296319     )
 (-0.17027395525001635     , 0.43281640716632175     ) ( -2.3585553681310888E-010,  1.4609362212454643E-008) ( -2.3582738089931315E-010,  1.4609348528923340E-008) (-0.15893545704177653     ,-0.51062260299668882     )
   16.600840000000002        1.2500000000000000     
 (  88.604277950584162     ,  68.719873468649098     ) (  88.516083658048274     ,  69.207984507314748     )
 (-0.18810649390875384     , 0.44838420721150679     ) ( -8.5564059558748892E-010,  1.5737395219683038E-008) ( -8.5560911484967987E-010,  1.5737380751457329E-008) (-0.13206588397147084     ,-0.56517945959251858     )
   16.650835000000001        1.2500000000000000     
 (  89.214346767399107     ,  69.483844058654697     ) (  89.124537459694579     ,  69.974489710695337     )
 (-0.20395462190750990     , 0.46043555319968898     ) ( -1.4838931071670056E-009,  1.6748707510676381E-008) ( -1.4838585522648557E-009,  1.6748692317604087E-008) (-0.10256729112704592     ,-0.61518446231689128     )
   16.700830000000000        1.2500000000000000     
 (  89.825363916550927     ,  70.253352875949929     ) (  89.733965876004532     ,  70.746563595034445     )
 (-0.21761432212697485     , 0.46900571107716360     ) ( -2.1138831836804961E-009,  1.7635874077972446E-008) ( -2.1138443844083183E-009,  1.7635858162410287E-008) ( -7.0763474405613730E-002,-0.66012411488085931     )
   16.750825000000003        1.2500000000000000     
 (  90.437325028738002     ,  71.028395844020778     ) (  90.344358248175965     ,  71.524213051617110     )
 (-0.22891250372445002     , 0.47416091791688492     ) ( -2.7390529579405340E-009,  1.8392307517586198E-008) ( -2.7390094518036395E-009,  1.8392290959754034E-008) ( -3.7012815107051254E-002,-0.69952877246845169     )
   16.800820000000002        1.2500000000000000     
 (  91.050228598482676     ,  71.808979223835379     ) (  90.955702506090248     ,  72.307447803626218     )
 (-0.23770710521216526     , 0.47599803133390528     ) ( -3.3524187931049135E-009,  1.9012544359023646E-008) ( -3.3523710803354059E-009,  1.9012527219255548E-008) ( -1.7065458881286041E-003,-0.73298340912198223     )
   16.850815000000001        1.2500000000000000     
 (  91.664074172810146     ,  72.595109122154241     ) (  91.567990186183607     ,  73.096278428601792     )
 (-0.24388776084962716     , 0.47463841914060706     ) ( -3.9476179816843698E-009,  1.9492325560894297E-008) ( -3.9475646975148262E-009,  1.9492307938545360E-008) (  3.4733501648807036E-002,-0.76012440135266712     )
   16.900810000000000        1.2500000000000000     
 (  92.278864781496765     ,  73.386796126164285     ) (  92.181211652664786     ,  73.890719167182667     )
 (-0.24737971936739664     , 0.47022677473354674     ) ( -4.5178452885718776E-009,  1.9828214356219841E-008) ( -4.5177864569820033E-009,  1.9828196242355856E-008) (  7.1866228849400499E-002,-0.78065057151854922     )
   16.950805000000003        1.2500000000000000     
 (  92.894599965017079     ,  74.184057826763180     ) (  92.795356900319319     ,  74.690785697466168     )
 (-0.24814386810600167     , 0.46293050755572046     ) ( -5.0566585168503529E-009,  2.0018209116483069E-008) ( -5.0565934446623016E-009,  2.0018190881992451E-008) ( 0.10922898687324351     ,-0.79432413855570827     )
   17.000800000000002        1.2500000000000000     
 (  93.511280827026596     ,  74.986915993962256     ) (  93.410416146845890     ,  75.496496983117595     )
 (-0.24617635054219042     , 0.45293186042332717     ) ( -5.5580327041285012E-009,  2.0060913845401174E-008) ( -5.5579619875572361E-009,  2.0060895519269276E-008) ( 0.14634993819904016     ,-0.80097361898960839     )
   17.050795000000001        1.2500000000000000     
 (  94.128906323284596     ,  75.795393012056138     ) (  94.026377894082501     ,  76.307871468242922     )
 (-0.24150910089666630     , 0.44042611166865153     ) ( -6.0161527900404334E-009,  1.9957099532307208E-008) ( -6.0160747889599535E-009,  1.9957081331423849E-008) ( 0.18274788764833980     ,-0.80049721425977471     )
   17.100790000000003        1.2500000000000000     
 (  94.747472555628889     ,  76.609520640755250     ) (  94.643230113634175     ,  77.124932446373322     )
 (-0.23420998397858964     , 0.42562049972203114     ) ( -6.4254801934876075E-009,  1.9707410971813878E-008) ( -6.4253942438460968E-009,  1.9707393074535460E-008) ( 0.21794261720066788     ,-0.79286371259819266     )
   17.150785000000003        1.2500000000000000     
 (  95.366972954587865     ,  77.429329194428007     ) (  95.260959111821663     ,  77.947702754772962     )
 (-0.22438008465877712     , 0.40872741587652939     ) ( -6.7810579586360244E-009,  1.9314611906738585E-008) ( -6.7810663319547143E-009,  1.9314620969281863E-008) ( 0.25146039127034059     ,-0.77811486599037616     )
   17.200779999999998        1.2500000000000000     
 (  95.987396114512990     ,  78.254854646606816     ) (  95.879548223575100     ,  78.776207994478398     )
 (-0.21215343989791688     , 0.38996199676908971     ) ( -7.0786491701303847E-009,  1.8782061418184648E-008) ( -7.0786580854236568E-009,  1.8782071566912605E-008) ( 0.28283595760068947     ,-0.75636228756558310     )
   17.250774999999997        1.2500000000000000     
 (  96.608727363783530     ,  79.086133369449541     ) (  96.498979071988060     ,  79.610472338498226     )
 (-0.19769256325531362     , 0.36954073258732306     ) ( -7.3140191134867585E-009,  1.8114407734874254E-008) ( -7.3140295815782573E-009,  1.8114418790525967E-008) ( 0.31162593654390386     ,-0.72778792749528665     )
   17.300770000000000        1.2500000000000000     
 (  97.230946554108812     ,  79.923203064875892     ) (  97.119233546076970     ,  80.450523173863289     )
 (-0.18119124683980550     , 0.34767435799287688     ) ( -7.4838275741651980E-009,  1.7316957130815231E-008) ( -7.4838397792301446E-009,  1.7316969319633467E-008) ( 0.33740760374120010     ,-0.69264535572680153     )
   17.350764999999999        1.2500000000000000     
 (  97.854028507954609     ,  80.766102159986090     ) (  97.740287327688662     ,  81.296387008579018     )
 (-0.16286328428311800     , 0.32457032261345919     ) ( -7.5855443401559522E-009,  1.6396161745381418E-008) ( -7.5855584677771767E-009,  1.6396175156054021E-008) ( 0.35978894294296593     ,-0.65125360010640621     )
   17.400759999999998        1.2500000000000000     
 (  98.477945543598338     ,  81.614867838729694     ) (  98.362118303715235     ,  82.148090869030725     )
 (-0.14294785054695511     , 0.30042524030449674     ) ( -7.6169378445809385E-009,  1.5359468365893781E-008) ( -7.6169540559589735E-009,  1.5359483028700345E-008) ( 0.37841189986114560     ,-0.60399624207598812     )
   17.450755000000001        1.2500000000000000     
 (  99.102663117297084     ,  82.469534469716862     ) (  98.984697657302647     ,  83.005660934866540     )
 (-0.12169963967242504     , 0.27542457170871959     ) ( -7.5768447923142935E-009,  1.4214852455070194E-008) ( -7.5768630754398512E-009,  1.4214868432490471E-008) ( 0.39295974274566697     ,-0.55131470375271063     )
   17.500750000000000        1.2500000000000000     
 (  99.728144192210507     ,  83.330135703668475     ) (  99.607997366465227     ,  83.869121460426229     )
 ( -9.9388204651180714E-002, 0.24974178170837466     ) ( -7.4642714552792068E-009,  1.2971048275908877E-008) ( -7.4642925641406456E-009,  1.2971065657026816E-008) ( 0.40315912317774233     ,-0.49370758956353300     )
   17.550744999999999        1.2500000000000000     
 (  100.35434831553241     ,  84.196701210787680     ) (  100.23198632525038     ,  84.738498024044617     )
 ( -7.6291410749027899E-002, 0.22353592020755061     ) ( -7.2793526205210028E-009,  1.1637829624674186E-008) ( -7.2793765225719195E-009,  1.1637848501562550E-008) ( 0.40878481130822070     ,-0.43172412807898153     )
   17.600739999999998        1.2500000000000000     
 (  100.98123030394348     ,  85.069257957689786     ) (  100.85663235444918     ,  85.613812663754800     )
 ( -5.2694635936298077E-002, 0.19694899992257014     ) ( -7.0226605207314420E-009,  1.0225129792470147E-008) ( -7.0226885642239226E-009,  1.0225150176762168E-008) ( 0.40966495391004093     ,-0.36595535774837717     )
   17.650735000000001        1.2500000000000000     
 (  101.60874720537285     ,  85.947826986857891     ) (  101.48190179350280     ,  86.495088240309244     )
 ( -2.8883044469731119E-002, 0.17010923428045913     ) ( -6.6956630816528563E-009,  8.7434288927884015E-009) ( -6.6956946268555860E-009,  8.7434508399457387E-009) ( 0.40568167675957606     ,-0.29703301243288638     )
   17.700730000000000        1.2500000000000000     
 (  102.23685044758109     ,  86.832426658257887     ) (  102.10775998877467     ,  87.382343367122061     )
 ( -5.1400337730917898E-003, 0.14312445820789371     ) ( -6.3000860364350646E-009,  7.2035875006130033E-009) ( -6.3001211455851616E-009,  7.2036110585925723E-009) ( 0.39677479073636146     ,-0.22561844022330507     )
   17.750724999999999        1.2500000000000000     
 (  102.86549426759790     ,  87.723072032453231     ) (  102.73416868682700     ,  88.275596229169807     )
 (  1.8259310616451047E-002, 0.11608836102862319     ) ( -5.8388242015404523E-009,  5.6170143319625347E-009) ( -5.8388640514851282E-009,  5.6170396199646155E-009) ( 0.38294300015763238     ,-0.15239828546663201     )
   17.800719999999998        1.2500000000000000     
 (  103.49463184214810     ,  88.619771294910592     ) (  103.36109171614032     ,  89.174863613009833     )
 (  4.1050422703843438E-002,  8.9080783726407056E-002) ( -5.3149806437156065E-009,  3.9954726139690511E-009) ( -5.3150255842512147E-009,  3.9954995546668380E-009) ( 0.36424323136414816     , -7.8076912855661332E-002)
   17.850715000000001        1.2500000000000000     
 (  104.12421789117316     ,  89.522531324382243     ) (  103.98849337109729     ,  90.080159861935698     )
 (  6.2983589825852532E-002,  6.2163324811749882E-002) ( -4.7323368712842146E-009,  2.3504853376909180E-009) ( -4.7323885431818881E-009,  2.3505139509183326E-009) ( 0.34079514257922300     , -3.3649709038451178E-003)
   17.900710000000000        1.2500000000000000     
 (  104.75421024448895     ,  90.431353293937065     ) (  104.61633498965506     ,  90.991494818454157     )
 (  8.3827308232048967E-002,  3.5385700334244166E-002) ( -4.0948928646174223E-009,  6.9367185384797236E-010) ( -4.0949497867750713E-009,  6.9370231764895561E-010) ( 0.31277404773296386     ,  7.1020758075147558E-002)
   17.950704999999999        1.2500000000000000     
 (  105.38456592678754     ,  91.346238536095967     ) (  105.24457851260311     ,  91.908882360595669     )
 ( 0.10337088276128181     ,  8.7840795608648339E-003) ( -3.4079707426663395E-009, -9.6300443700710918E-010) ( -3.4080340623646213E-009, -9.6297248519013226E-010) ( 0.28041570259643422     , 0.14437263869491451     )
   18.000699999999998        1.2500000000000000     
 (  106.01524812499343     ,  92.267182429547717     ) (  105.87318653132671     ,  92.832327753821033     )
 ( 0.12142965604536506     , -1.7612301281167895E-002) ( -2.6768963173515727E-009, -2.6075485566685590E-009) ( -2.6769676347258629E-009, -2.6075150173836098E-009) ( 0.24401032266850706     , 0.21599318340295423     )
   18.050695000000001        1.2500000000000000     
 (  106.64622105289794     ,  93.194181648395812     ) (  106.50212432583915     ,  93.761840996439815     )
 ( 0.13784288329320621     , -4.3785026383799455E-002) ( -1.9072586041124602E-009, -4.2287296181406366E-009) ( -1.9073372520939334E-009, -4.2286943031888486E-009) ( 0.20390286572222882     , 0.28520709756490931     )
   18.100690000000000        1.2500000000000000     
 (  107.27745319938636     ,  94.127231395532817     ) (  107.13135442517986     ,  94.697425204818956     )
 ( 0.15248120460822584     , -6.9719834338528006E-002) ( -1.1050627924541553E-009, -5.8149926519894674E-009) ( -1.1051523178446126E-009, -5.8149563052584165E-009) ( 0.16048410931508786     , 0.35136795683443328     )
   18.150684999999999        1.2500000000000000     
 (  107.90891575139914     ,  95.066323944428518     ) (  107.76084289740945     ,  95.639084451525264     )
 ( 0.16524255865987827     , -9.5405852423084747E-002) ( -2.7693105215740234E-010, -7.3554542121649014E-009) ( -2.7702844105684312E-010, -7.3554165499036210E-009) ( 0.11419440397145453     , 0.41386241422874420     )
   18.200679999999998        1.2500000000000000     
 (  108.54058233918735     ,  96.011454786157358     ) (  108.39055425809850     ,  96.586821313566148     )
 ( 0.17605642576728253     ,-0.12083188341986387     ) (  5.7048146863197066E-010, -8.8392211529610526E-009) (  5.7037156495491381E-010, -8.8391825339027361E-009) (  6.5512792596219158E-002, 0.47211690729780498     )
   18.250675000000001        1.2500000000000000     
 (  109.17242909160194     ,  96.962619150797252     ) (  109.02045670937919     ,  97.540636029822821     )
 ( 0.18488238365377099     ,-0.14598739927793561     ) (  1.4298620172193554E-009, -1.0256447631147461E-008) (  1.4298675391045054E-009, -1.0256458846022182E-008) (  1.4954797891438366E-002, 0.52560840495482453     )
   18.300670000000000        1.2500000000000000     
 (  109.80443665142668     ,  97.919813699909469     ) (  109.65051899038845     ,  98.500530182469234     )
 ( 0.19171224393124503     ,-0.17085472412671612     ) (  2.2945729051724480E-009, -1.1597172184332398E-008) (  2.2945794501222627E-009, -1.1597184788033334E-008) ( -3.6934918002337447E-002, 0.57386282636952357     )
   18.350664999999999        1.2500000000000000     
 (  110.43658558110955     ,  98.883036386977125     ) (  110.28071029894508     ,  99.466502294520438     )
 ( 0.19656595519214234     ,-0.19540974900430264     ) (  3.1570294009456226E-009, -1.2852470109939011E-008) (  3.1570377765372223E-009, -1.2852484233750629E-008) ( -8.9585486681605236E-002, 0.61646499006360356     )
   18.400659999999998        1.2500000000000000     
 (  111.06885767307388     ,  99.852287400710821     ) (  110.91100352240829     ,  100.43855065446877     )
 ( 0.19949462047812175     ,-0.21962006492097769     ) (  4.0099005555706989E-009, -1.4014002079900368E-008) (  4.0099107611265103E-009, -1.4014017820409854E-008) (-0.14241277027265431     , 0.65306103355552092     )
   18.450655000000001        1.2500000000000000     
 (  111.70123739286224     ,  100.82756717751714     ) (  111.54137102996496     ,  101.41667493668361     )
 ( 0.20057458537417477     ,-0.24344307280988550     ) (  4.8459721589004901E-009, -1.5073871134507550E-008) (  4.8459840635404279E-009, -1.5073888708255884E-008) (-0.19481866283043406     , 0.68336119625666703     )
   18.500650000000000        1.2500000000000000     
 (  112.33370877331882     ,  101.80888102276063     ) (  112.17178789556642     ,  102.40087259278152     )
 ( 0.19990735042338395     ,-0.26682335304980109     ) (  5.6580074671184523E-009, -1.6025647071687082E-008) (  5.6580219986783851E-009, -1.6025666513366188E-008) (-0.24620207060523097     , 0.70714502342423169     )
   18.550644999999999        1.2500000000000000     
 (  112.96625659591385     ,  102.79623505219109     ) (  112.80223024282223     ,  103.39114099613707     )
 ( 0.19761889445512343     ,-0.28968900465858088     ) (  6.4388927440147291E-009, -1.6862863838617860E-008) (  6.4389101418836659E-009, -1.6862885346098767E-008) (-0.29596668710025059     , 0.72425926152793529     )
   18.600639999999999        1.2500000000000000     
 (  113.59886492926636     ,  103.78963506328833     ) (  113.43267667502091     ,  104.38747969358592     )
 ( 0.19385402640302735     ,-0.31195670402761083     ) (  7.1819671936223346E-009, -1.7580197087002912E-008) (  7.1819869283768645E-009, -1.7580220797686115E-008) (-0.34352612479186539     , 0.73462206204991498     )
   18.650635000000001        1.2500000000000000     
 (  114.23151679159439     ,  104.78909089282145     ) (  114.06310704161271     ,  105.38988861722036     )
 ( 0.18877409271088061     ,-0.33352366697098362     ) (  7.8802112294086791E-009, -1.8173375028047776E-008) (  7.8802343941643139E-009, -1.8173401267986718E-008) (-0.38831016263584528     , 0.73822627125209606     )
   18.700630000000000        1.2500000000000000     
 (  114.86419585346391     ,  105.79461321627888     ) (  114.69350231772182     ,  106.39836513333097     )
 ( 0.18255445416314228     ,-0.35427363915349536     ) (  8.5278982634431922E-009, -1.8639024543597423E-008) (  8.5279250005426863E-009, -1.8639053087417241E-008) (-0.42977594637974736     , 0.73513058214240723     )
   18.750624999999999        1.2500000000000000     
 (  115.49688448980844     ,  106.80621334016395     ) (  115.32384555821966     ,  107.41291133838921     )
 ( 0.17537907437035230     ,-0.37407333275353205     ) (  9.1188050480247725E-009, -1.8974286907432845E-008) (  9.1188359118546937E-009, -1.8974318192250529E-008) (-0.46741105362279439     , 0.72546412941790406     )
   18.800620000000002        1.2500000000000000     
 (  116.12956367073517     ,  107.82390403329030     ) (  115.95412078682429     ,  108.43353137231466     )
 ( 0.16743982807642219     ,-0.39277263298926607     ) (  9.6473531696492432E-009, -1.9177371698959332E-008) (  9.6473890548534502E-009, -1.9177405565361094E-008) (-0.50074101468438981     , 0.70942417733735408     )
   18.850615000000001        1.2500000000000000     
 (  116.76221423137812     ,  108.84769714458730     ) (  116.58431385877942     ,  109.46022692715562     )
 ( 0.15892925766599542     ,-0.41020721088377621     ) (  1.0108715597951891E-008, -1.9247470674017390E-008) (  1.0108757031282143E-008, -1.9247507495116622E-008) (-0.52933466078161429     , 0.68727251673091783     )
   18.900610000000000        1.2500000000000000     
 (  117.39481542559756     ,  109.87760739502876     ) (  117.21441027356980     ,  110.49300383280689     )
 ( 0.15003847048816552     ,-0.42619971237430615     ) (  1.0498197442588908E-008, -1.9184713902307393E-008) (  1.0498244554829024E-008, -1.9184754028356811E-008) (-0.55281293989381486     , 0.65932929431076581     )
   18.950604999999999        1.2500000000000000     
 (  118.02734611455645     ,  110.91364829375405     ) (  117.84439740533927     ,  111.53187018282530     )
 ( 0.14095383082018523     ,-0.44056225251672704     ) (  1.0811572786280490E-008, -1.8990107932501689E-008) (  1.0811626718001033E-008, -1.8990150900311867E-008) (-0.57084769842208360     , 0.62597402941479341     )
   19.000600000000002        1.2500000000000000     
 (  118.65978374404024     ,  111.95583287484246     ) (  118.47426098664835     ,  112.57683679199467     )
 ( 0.13185221482562184     ,-0.45309442237832376     ) (  1.1045756589025295E-008, -1.8665266950020385E-008) (  1.1045817894657857E-008, -1.8665313129774943E-008) (-0.58317386754637568     , 0.58763421259380300     )
   19.050595000000001        1.2500000000000000     
 (  119.29210728876484     ,  113.00417718779212     ) (  119.10398953805793     ,  113.62791379438407     )
 ( 0.12289817305121731     ,-0.46359327960552088     ) (  1.1197392567866472E-008, -1.8212893794063783E-008) (  1.1197461985886751E-008, -1.8212943301143669E-008) (-0.58958616923016871     , 0.54478479044603723     )
   19.100590000000000        1.2500000000000000     
 (  119.92429167866931     ,  114.05869405289863     ) (  119.73356933219524     ,  114.68511838018313     )
 ( 0.11423938460069318     ,-0.47184903717824134     ) (  1.1264738145268961E-008, -1.7636912057218137E-008) (  1.1264816562244659E-008, -1.7636964956248779E-008) (-0.58994625378088905     , 0.49793902804086959     )
   19.150585000000000        1.2500000000000000     
 (  120.55631578650309     ,  115.11939924449497     ) (  120.36298522631805     ,  115.74846602609001     )
 ( 0.10600570480697787     ,-0.47765100243671893     ) (  1.1245621755053961E-008, -1.6941225805621247E-008) (  1.1245709834497273E-008, -1.6941282238713230E-008) (-0.58418349490871602     , 0.44764331673667945     )
   19.200580000000002        1.2500000000000000     
 (  121.18815303591404     ,  116.18630948126408     ) (  120.99222169752744     ,  116.81797557451372     )
 (  9.8304285089625076E-002,-0.48079432928164373     ) (  1.1138846447498728E-008, -1.6131452354484141E-008) (  1.1138945140109272E-008, -1.6131512071111144E-008) (-0.57229416423257018     , 0.39447117309261659     )
   19.250575000000001        1.2500000000000000     
 (  121.81977969014135     ,  117.25943956091947     ) (  121.62126186242777     ,  117.89366797925965     )
 (  9.1220305883584624E-002,-0.48107940490540074     ) (  1.0944290225106257E-008, -1.5213220156099582E-008) (  1.0944401615343338E-008, -1.5213283249538262E-008) (-0.55434839922433654     , 0.33901272240663072     )
   19.300570000000000        1.2500000000000000     
 (  122.45116987513497     ,  118.33880589076527     ) (  122.25008422784448     ,  118.97556856080685     )
 (  8.4813390353386378E-002,-0.47831802333838075     ) (  1.0662097805210336E-008, -1.4193254159707733E-008) (  1.0662222297328598E-008, -1.4193320556663306E-008) (-0.53048140232439966     , 0.28187203849795556     )
   19.350565000000000        1.2500000000000000     
 (  123.08229643175659     ,  119.42442582470582     ) (  122.87866830852978     ,  120.06370027369452     )
 (  7.9113678664874343E-002,-0.47233660502149555     ) (  1.0293409662138310E-008, -1.3079265783890359E-008) (  1.0293407877695911E-008, -1.3079253683766675E-008) (-0.50089658937151194     , 0.22365749157721404     )
   19.400560000000002        1.2500000000000000     
 (  123.71313128690855     ,  120.51631748385005     ) (  123.50698668466283     ,  121.15808826189146     )
 (  7.4127636129435154E-002,-0.46298010614333363     ) (  9.8396321547043533E-009, -1.1878930683166057E-008) (  9.8396293796755769E-009, -1.1878916798527259E-008) (-0.46586588795221207     , 0.16497231583907931     )
   19.450555000000001        1.2500000000000000     
 (  124.34364555691165     ,  121.61450057724963     ) (  124.13501203191014     ,  122.25876122149984     )
 (  6.9832980875913234E-002,-0.45011851178759460     ) (  9.3027711440217602E-009, -1.0601149008100217E-008) (  9.3027672315125382E-009, -1.0601133171774896E-008) (-0.42572076239630402     , 0.10641410904578592     )
   19.500550000000000        1.2500000000000000     
 (  124.97380770097061     ,  122.71899149713505     ) (  124.76271121194364     ,  123.36574670776461     )
 (  6.6178555414437082E-002,-0.43364651851383174     ) (  8.6861335595559539E-009, -9.2544434436532214E-009) (  8.6861280260393796E-009, -9.2544254414253519E-009) (-0.38085205607955419     ,  4.8560109582309899E-002)
   19.550545000000000        1.2500000000000000     
 (  125.60358253812474     ,  123.82981075600192     ) (  125.39004883755557     ,  124.47906819893687     )
 (  6.3089996352308650E-002,-0.41349163998751504     ) (  7.9931313725051862E-009, -7.8490572142255773E-009) (  7.9931240715570926E-009, -7.8490368128419259E-009) (-0.33170674476300760     , -8.0320552372294528E-003)
   19.600540000000002        1.2500000000000000     
 (  126.23293536068553     ,  124.94697663203732     ) (  126.01698510926867     ,  125.59875354934798     )
 (  6.0466126099983850E-002,-0.38961560382571608     ) (  7.2276869593739024E-009, -6.3941498164664270E-009) (  7.2276770855593099E-009, -6.3941268691285830E-009) (-0.27877999290397837     , -6.2836355027242830E-002)
   19.650535000000001        1.2500000000000000     
 (  126.86182891879406     ,  126.07050617162167     ) (  126.64347629753030     ,  126.72482441427579     )
 (  5.8184092487515597E-002,-0.36201666793311454     ) (  6.3952710405382035E-009, -4.9006808255797493E-009) (  6.3952590062773837E-009, -4.9006550531802890E-009) (-0.22261009184620228     ,-0.11535912854504127     )
   19.700530000000001        1.2500000000000000     
 (  127.49022068680641     ,  127.20041654965210     ) (  127.26947528205382     ,  127.85730190051113     )
 (  5.6101911610753397E-002,-0.33073305307556611     ) (  5.5005710438828956E-009, -3.3786269886453333E-009) (  5.5005562428951223E-009, -3.3785981553207654E-009) (-0.16377445172669530     ,-0.16514666908771319     )
   19.750525000000000        1.2500000000000000     
 (  128.11806805224970     ,  128.33672170084532     ) (  127.89493435605654     ,  128.99620438209311     )
 (  5.4058334108094651E-002,-0.29584657746833992     ) (  4.5501890775744546E-009, -1.8385190936705791E-009) (  4.5501710611467908E-009, -1.8384869602273353E-009) (-0.10288245329607845     ,-0.21179046905576399     )
   19.800520000000002        1.2500000000000000     
 (  128.74532548800752     ,  129.47943585602044     ) (  128.51979988723622     ,  130.14154677962557     )
 (  5.1880275070603436E-002,-0.25748296940293208     ) (  3.5495616441858331E-009, -2.9106666720283464E-010) (  3.5495406479218344E-009, -2.9103100176965499E-010) ( -4.0563385632816043E-002,-0.25492786953738827     )
   19.850515000000001        1.2500000000000000     
 (  129.37194646242892     ,  130.62856644011256     ) (  129.14401781816747     ,  131.29333823318902     )
 (  4.9385313329476092E-002,-0.21581266429210144     ) (  2.5060659721535364E-009,  1.2527863348061910E-009) (  2.5060398288241570E-009,  1.2528258550645136E-009) (  2.2533086105947956E-002,-0.29424841652150474     )
   19.900510000000001        1.2500000000000000     
 (  129.99788179855673     ,  131.78412154882560     ) (  129.76753388153816     ,  132.45158342861876     )
 (  4.6382883144867978E-002,-0.17105316707052248     ) (  1.4269191802899050E-009,  2.7824233555736218E-009) (  1.4268887123213859E-009,  2.7824669936756588E-009) (  8.5747657187630305E-002,-0.32949455877179284     )
   19.950505000000000        1.2500000000000000     
 (  130.62308175697163     ,  132.94610327228037     ) (  130.39029169423804     ,  133.61628431455364     )
 (  4.2683595445641008E-002,-0.12346855914094293     ) (  3.1974415108791575E-010,  4.2876634907384346E-009) (  3.1970828901956594E-010,  4.2877114623650638E-009) ( 0.14842276311958608     ,-0.36046199224746917     )
   20.000500000000002        1.2500000000000000     
 (  131.24749691628003     ,  134.11450893675052     ) (  131.01223637548736     ,  134.78743525810896     )
 (  3.8100325200228213E-002, -7.3363941953008660E-002) ( -8.0795548437800890E-010,  5.7580982503691484E-009) ( -8.0799864790042255E-010,  5.7581508269835525E-009) ( 0.20990147442851564     ,-0.38700531903791657     )
   20.050495000000002        1.2500000000000000     
 (  131.87107820609796     ,  135.28933440948333     ) (  131.63331567477283     ,  135.96502791741045     )
 (  3.2452199996477388E-002, -2.1092388222419114E-002) ( -1.9478595936039622E-009,  7.1831477466436366E-009) ( -1.9479097351015570E-009,  7.1832052609937769E-009) ( 0.26954458824649219     ,-0.40903331228479239     )
   20.100490000000001        1.2500000000000000     
 (  132.49377870251993     ,  136.47056878611411     ) (  132.25347590641940     ,  137.14904777663577     )
 (  2.5572855740198824E-002,  3.2956114995651910E-002) ( -3.0917264194444972E-009,  8.5537796785248603E-009) ( -3.0917839956689260E-009,  8.5538423553543089E-009) ( 0.32673030010493437     ,-0.42651403170651980     )
   20.150485000000000        1.2500000000000000     
 (  133.11555307401596     ,  137.65820098648098     ) (  132.87267097067479     ,  138.33947574338222     )
 (  1.7311683172269006E-002,  8.8349801190871810E-002) ( -4.2312851565006237E-009,  9.8600166543910566E-009) ( -4.2313517025590358E-009,  9.8600847637893043E-009) ( 0.38086570236697026     ,-0.43946406128688326     )
   20.200480000000002        1.2500000000000000     
 (  133.73635812086661     ,  138.85221298753856     ) (  133.49085642050693     ,  139.53629127543405     )
 (  7.5364576955889249E-003, 0.14462497781267808     ) ( -5.3575701967181504E-009,  1.1093594847106276E-008) ( -5.3576473031313236E-009,  1.1093668584770253E-008) ( 0.43139098687427757     ,-0.44795868104625691     )
   20.250475000000002        1.2500000000000000     
 (  134.35615686529607     ,  140.05258357973088     ) (  134.10799334718214     ,  140.73946893134979     )
 ( -3.8556234574101864E-003, 0.20128491850908084     ) ( -6.4627159739712782E-009,  1.2245613431705838E-008) ( -6.4628049989939519E-009,  1.2245693091305143E-008) ( 0.47778771575105206     ,-0.45212344696427659     )
   20.300470000000001        1.2500000000000000     
 (  134.97491478984648     ,  141.25929272453106     ) (  134.72404599889205     ,  141.94898208365075     )
 ( -1.6942659391132250E-002, 0.25780888426018161     ) ( -7.5374680163453886E-009,  1.3308409158057425E-008) ( -7.5375691897640810E-009,  1.3308494953669059E-008) ( 0.51958391944408289     ,-0.45212837790983113     )
   20.350465000000000        1.2500000000000000     
 (  135.59260353662620     ,  142.47231825441534     ) (  135.33898770890116     ,  143.16480350769055     )
 ( -3.1768100679283533E-002, 0.31365628811417046     ) ( -8.5737831616555066E-009,  1.4274682476819592E-008) ( -8.5738984754122733E-009,  1.4274774553708910E-008) ( 0.55635924351101984     ,-0.44818795880852325     )
   20.400459999999999        1.2500000000000000     
 (  136.20919742455490     ,  143.69163578980016     ) (  135.95279407472685     ,  144.38690305776066     )
 ( -4.8343225034607917E-002, 0.36827444342419424     ) ( -9.5634110034674912E-009,  1.5138326976117385E-008) ( -9.5635420713575711E-009,  1.5138425469463997E-008) ( 0.58774825609872450     ,-0.44055836107218493     )
   20.450454999999998        1.2500000000000000     
 (  136.82467939271123     ,  144.91722305342000     ) (  136.56544977658825     ,  145.61525710291551     )
 ( -6.6641381969736402E-002, 0.42109768315616453     ) ( -1.0498109247661056E-008,  1.5893298947504347E-008) ( -1.0498256835327893E-008,  1.5893403976702926E-008) ( 0.61344739036961482     ,-0.42952954813482852     )
   20.500450000000001        1.2500000000000000     
 (  137.43903496001045     ,  146.14906063309749     ) (  137.17694346138450     ,  146.84983945728192     )
 ( -8.6595383575630694E-002, 0.47156215150938041     ) ( -1.1370294199065714E-008,  1.6534754379131653E-008) ( -1.1370297235190937E-008,  1.6534741527356799E-008) ( 0.63321628897228133     ,-0.41542204776045361     )
   20.550445000000000        1.2500000000000000     
 (  138.05225471229221     ,  147.38712969868351     ) (  137.78726724944201     ,  148.09062817106641     )
 (-0.10810219862750789     , 0.51911126493702675     ) ( -1.2171872544053330E-008,  1.7058862640588922E-008) ( -1.2171874649406909E-008,  1.7058847523943904E-008) ( 0.64688271883009141     ,-0.39857963151094089     )
   20.600439999999999        1.2500000000000000     
 (  138.66433341650290     ,  148.63141910770096     ) (  138.39642001243720     ,  149.33760923401016     )
 (-0.13101626496610969     , 0.56319808262535564     ) ( -1.2896674198333545E-008,  1.7462119075074611E-008) ( -1.2896675385175873E-008,  1.7462101381811559E-008) ( 0.65433934386051229     ,-0.37936630386424286     )
   20.650434999999998        1.2500000000000000     
 (  139.27526870518912     ,  149.88191901276144     ) (  139.00440399868154     ,  150.59076846940147     )
 (-0.15515354427648018     , 0.60329642418009555     ) ( -1.3537431056186729E-008,  1.7742605768207008E-008) ( -1.3537431369616304E-008,  1.7742585206167808E-008) ( 0.65554831113171785     ,-0.35815879838496217     )
   20.700430000000001        1.2500000000000000     
 (  139.88506011276107     ,  151.13862453074677     ) (  139.61122259002414     ,  151.85010277587156     )
 (-0.18029038581849077     , 0.63890798234587842     ) ( -1.4088091066714604E-008,  1.7898296234427801E-008) ( -1.4088089657525975E-008,  1.7898272524843773E-008) ( 0.65054246335344945     ,-0.33533940241183635     )
   20.750425000000000        1.2500000000000000     
 (  140.49370985055313     ,  152.40154091507554     ) (  140.21688160757074     ,  153.11561204632216     )
 (-0.20616745083233734     , 0.66956656353445287     ) ( -1.4543643925534238E-008,  1.7929417222320382E-008) ( -1.4543639878534217E-008,  1.7929390063613428E-008) ( 0.63942127894654033     ,-0.31129566479903387     )
   20.800419999999999        1.2500000000000000     
 (  141.10121762607582     ,  153.67067409786159     ) (  140.82138685641993     ,  154.38730301252627     )
 (-0.23249028075154399     , 0.69484811192515428     ) ( -1.4898705009065913E-008,  1.7835642045486169E-008) ( -1.4898698908062013E-008,  1.7835611035873807E-008) ( 0.62234949076456936     ,-0.28640578424584484     )
   20.850414999999998        1.2500000000000000     
 (  141.70758177780627     ,  154.94604215129002     ) (  141.42474143620205     ,  155.66519094617328     )
 (-0.25893439172157712     , 0.71437484519758920     ) ( -1.5149644686015626E-008,  1.7619043169564794E-008) ( -1.5149635749929447E-008,  1.7619008485634485E-008) ( 0.59955699605967039     ,-0.26103996590347817     )
   20.900410000000001        1.2500000000000000     
 (  142.31280009739427     ,  156.22766121099895     ) (  142.02694847772148     ,  156.94929586122046     )
 (-0.28514563000299364     , 0.72781976440703045     ) ( -1.5292946811750851E-008,  1.7281407481907300E-008) ( -1.5292935359572950E-008,  1.7281367722027691E-008) ( 0.57133490672402709     ,-0.23555395240027863     )
   20.950405000000000        1.2500000000000000     
 (  142.91686401185129     ,  157.51555996239964     ) (  142.62800590446531     ,  158.23964486413630     )
 (-0.31074900960297552     , 0.73491643150250763     ) ( -1.5326068188835536E-008,  1.6826223824398853E-008) ( -1.5326052437634410E-008,  1.6826179044466902E-008) ( 0.53802856899226315     ,-0.21027906892150350     )
   21.000399999999999        1.2500000000000000     
 (  143.51976042413614     ,  158.80976692893393     ) (  143.22790439222408     ,  159.53626954332319     )
 (-0.33534993249566208     , 0.73545950311679165     ) ( -1.5247027636754652E-008,  1.6257025636214347E-008) ( -1.5247007213116957E-008,  1.6256975496488792E-008) ( 0.50003488545579422     ,-0.18552652231706887     )
   21.050394999999998        1.2500000000000000     
 (  144.12147201219460     ,  160.11031311499508     ) (  143.82663261749065     ,  160.83920452265298     )
 (-0.35854238163013019     , 0.72931167249919016     ) ( -1.5055209347025536E-008,  1.5578781812664105E-008) ( -1.5055183053870746E-008,  1.5578725762364230E-008) ( 0.45779948587218872     ,-0.16157412325493400     )
   21.100390000000001        1.2500000000000000     
 (  144.72197276976689     ,  161.41723400073246     ) (  144.42416995723141     ,  162.14849077380867     )
 (-0.37991093664721859     , 0.71640262907224450     ) ( -1.4750335828368775E-008,  1.4796743896110568E-008) ( -1.4750304743473504E-008,  1.4796681572073777E-008) ( 0.41180670071669412     ,-0.13866967988418413     )
   21.150385000000000        1.2500000000000000     
 (  145.32123193763684     ,  162.73056508157140     ) (  145.02048947374652     ,  163.46416502913593     )
 (-0.39904160248463344     , 0.69673894828378047     ) ( -1.4333311053313713E-008,  1.3916953046882112E-008) ( -1.4333272357542387E-008,  1.3916883868093065E-008) ( 0.36257501970769279     ,-0.11702501421259150     )
   21.200379999999999        1.2500000000000000     
 (  145.91920991632040     ,  164.05034143147796     ) (  145.61555547337244     ,  164.78627250323430     )
 (-0.41552546248473110     , 0.67039698310157647     ) ( -1.3805690647565374E-008,  1.2947164742600539E-008) ( -1.3805644273846513E-008,  1.2947087939914335E-008) ( 0.31064995062214995     , -9.6812802049826299E-002)
   21.250374999999998        1.2500000000000000     
 (  146.51586334561247     ,  165.37659372176927     ) (  146.20932568011619     ,  166.11485135165222     )
 (-0.42896235990857601     , 0.63753082620700463     ) ( -1.3169832964457665E-008,  1.1893536664050024E-008) ( -1.3169777136554021E-008,  1.1893452420418142E-008) ( 0.25659893668749795     , -7.8165040043911047E-002)
   21.300370000000001        1.2500000000000000     
 (  147.11113810952020     ,  166.70935349252849     ) (  146.80174848179513     ,  167.44993705219636     )
 (-0.43897612816033960     , 0.59836859084573069     ) ( -1.2429308322424953E-008,  1.0764676855992814E-008) ( -1.2429242121219030E-008,  1.0764584308840786E-008) ( 0.20100059348071997     , -6.1176683896127279E-002)
   21.350365000000000        1.2500000000000000     
 (  147.70497885901563     ,  168.04864227625299     ) (  147.39276728155733     ,  168.79156348098701     )
 (-0.44521201690814838     , 0.55321032536747072     ) ( -1.1587935064813755E-008,  9.5692307865609259E-009) ( -1.1587858165267901E-008,  9.5691295079193174E-009) ( 0.14444199229790430     , -4.5901361559194484E-002)
   21.400359999999999        1.2500000000000000     
 (  148.29732401571758     ,  169.39447997873603     ) (  147.98231906380528     ,  170.13975685236338     )
 (-0.44734579183248890     , 0.50242951291730831     ) ( -1.0650860425851158E-008,  8.3158585884794778E-009) ( -1.0650769521743981E-008,  8.3157480126338510E-009) (  8.7506714620462972E-002, -3.2351836631890889E-002)
   21.450354999999998        1.2500000000000000     
 (  148.88810923850721     ,  170.74687969592335     ) (  148.57033409156105     ,  171.49453828473364     )
 (-0.44509539714057172     , 0.44646438760721302     ) ( -9.6242001790903117E-009,  7.0136902740149239E-009) ( -9.6240942449983980E-009,  7.0135699302256405E-009) (  3.0774393644491350E-002, -2.0502605155187426E-002)
   21.500350000000001        1.2500000000000000     
 (  149.47726682081620     ,  172.10584577672526     ) (  149.15674056479440     ,  172.85592106149520     )
 (-0.43821750441637186     , 0.38582206145457643     ) ( -8.5138236114584708E-009,  5.6725486007754593E-009) ( -8.5137020860049613E-009,  5.6724180915867414E-009) ( -2.5194718947780026E-002, -1.0289782510759835E-002)
   21.550345000000000        1.2500000000000000     
 (  150.06473010280817     ,  173.47137733007392     ) (  149.74146372523600     ,  174.22391083816967     )
 (-0.42652050879754771     , 0.32106429131087838     ) ( -7.3272201452142853E-009,  4.3018798886232970E-009) ( -7.3270795611487376E-009,  4.3017387837926843E-009) ( -7.9858537871620699E-002, -1.6158382024388913E-003)
   21.600339999999999        1.2500000000000000     
 (  150.65043187907639     ,  174.84346594148749     ) (  150.32442710752176     ,  175.59850329536394     )
 (-0.40986564548357363     , 0.25280748443473650     ) ( -6.0721433791220043E-009,  2.9117392650765556E-009) ( -6.0721339104257929E-009,  2.9117478868566263E-009) (-0.13270214916381115     ,  5.6482093829544940E-003)
   21.650334999999998        1.2500000000000000     
 (  151.23430821431870     ,  176.22209389820128     ) (  150.90555607807002     ,  176.97968619512136     )
 (-0.38817319855728794     , 0.18171853800400878     ) ( -4.7573049267467929E-009,  1.5121122737708731E-009) ( -4.7572955033576079E-009,  1.5121232392160796E-009) (-0.18324623659726616     ,  1.1658616900997858E-002)
   21.700330000000001        1.2500000000000000     
 (  151.81629735504868     ,  177.60724085154098     ) (  151.48477898888717     ,  178.36743751207129     )
 (-0.36142371276074986     , 0.10849920198760514     ) ( -3.3915455487527681E-009,  1.1290545253757341E-010) ( -3.3915362404075257E-009,  1.1291909482693144E-010) (-0.23104635776276550     ,  1.6600051376437844E-002)
   21.750325000000000        1.2500000000000000     
 (  152.39634320269718     ,  178.99887997539659     ) (  152.06202610391159     ,  179.76173123550026     )
 (-0.32966253645531818     ,  3.3884217990356298E-002) ( -1.9845545427577967E-009, -1.2759241720657014E-009) ( -1.9845456569689524E-009, -1.2759074341884711E-009) (-0.27570214099616963     ,  2.0672293318384171E-002)
   21.800319999999999        1.2500000000000000     
 (  152.97439411442141     ,  180.39697758948753     ) (  152.63723604650767     ,  181.16252968810562     )
 (-0.29300171730065999     , -4.1365555429095965E-002) ( -5.4627833112678089E-010, -2.6446085077456613E-009) ( -5.4627078072015572E-010, -2.6445883023477964E-009) (-0.31685905181620772     ,  2.4096014617331050E-002)
   21.850314999999998        1.2500000000000000     
 (  153.55040472183620     ,  181.80149743806371     ) (  153.21035034300115     ,  182.56979542697806     )
 (-0.25162119758071178     ,-0.11647881646520036     ) (  9.1302851486038122E-010, -3.9840372658093958E-009) (  9.1303544255682638E-010, -3.9840131957547556E-009) (-0.35421164057833487     ,  2.7097802149274468E-002)
   21.900310000000001        1.2500000000000000     
 (  154.12433710995754     ,  183.21240648254934     ) (  153.78132240845693     ,  183.98347890438541     )
 (-0.20576840464461896     ,-0.19067302645176135     ) (  2.3827994093343237E-009, -5.2851398907625471E-009) (  2.3828045500453517E-009, -5.2851114930371872E-009) (-0.38750850789374280     ,  2.9913431615111553E-002)
   21.950305000000000        1.2500000000000000     
 (  154.69615987601443     ,  184.62966420498807     ) (  154.35011135156549     ,  185.40353360240908     )
 (-0.15575769770851849     ,-0.26317556419461091     ) (  3.8523106537691470E-009, -6.5386966552742433E-009) (  3.8523142324381479E-009, -6.5386634521259221E-009) (-0.41654932175291454     ,  3.2780054923248141E-002)
   22.000299999999999        1.2500000000000000     
 (  155.26584602133519     ,  186.05323421822143     ) (  154.91668490470582     ,  186.82990840455156     )
 (-0.10196718864504586     ,-0.33322224393392097     ) (  5.3105977118206181E-009, -7.7367857544979158E-009) (  5.3105992193683902E-009, -7.7367472008635589E-009) (-0.44119164052154025     ,  3.5927891199484092E-002)
   22.050295000000002        1.2500000000000000     
 (  155.83337812095544     ,  187.48308296188245     ) (  155.48102087556688     ,  188.26255574691569     )
 ( -4.4839276114405531E-002,-0.40007400899663642     ) (  6.7461671583565921E-009, -8.8715286345708873E-009) (  6.7461667535798035E-009, -8.8714841852234401E-009) (-0.46134576103511488     ,  3.9579793555902021E-002)
   22.100290000000001        1.2500000000000000     
 (  156.39874084863672     ,  188.91917614910025     ) (  156.04310568158368     ,  189.70142761375507     )
 (  1.5125730849027503E-002,-0.46302308140884291     ) (  8.1491517066689099E-009, -9.9356024030833995E-009) (  8.1491477370368728E-009, -9.9355514327814006E-009) (-0.47697809123223006     ,  4.3945346004507189E-002)
   22.150285000000000        1.2500000000000000     
 (  156.96192759908050     ,  190.36148835251581     ) (  156.60293193677398     ,  191.14648272818161     )
 (  7.7374911000581970E-002,-0.52140034117263678     ) (  9.5083301893296803E-009, -1.0922530543265954E-008) (  9.5083216383198034E-009, -1.0922472460510571E-008) (-0.48810893114957660     ,  4.9216373108663829E-002)
   22.200279999999999        1.2500000000000000     
 (  157.52293105652933     ,  191.80999487149245     ) (  157.16050174271328     ,  192.59768119336206     )
 ( 0.14130370579503243     ,-0.57458531138055058     ) (  1.0812993326528660E-008, -1.1826333493283854E-008) (  1.0812979617237187E-008, -1.1826267560734226E-008) (-0.49480926312225110     ,  5.5558965091066573E-002)
   22.250275000000002        1.2500000000000000     
 (  158.08174976958495     ,  193.26467869651597     ) (  157.71582194323673     ,  194.05499144815113     )
 ( 0.20626880961719518     ,-0.62201877698173369     ) (  1.2053719739717664E-008, -1.2641535863812932E-008) (  1.2053699982379597E-008, -1.2641461446709459E-008) (-0.49720070161139496     ,  6.3114094304279986E-002)
   22.300270000000001        1.2500000000000000     
 (  158.63838249310331     ,  194.72552829241246     ) (  158.26890264573629     ,  195.51839156443486     )
 ( 0.27158953319899765     ,-0.66319939904352776     ) (  1.3220360959786265E-008, -1.3363535771638037E-008) (  1.3220334891604402E-008, -1.3363452188276032E-008) (-0.49544973645130036     ,  7.1993852309191086E-002)
   22.350265000000000        1.2500000000000000     
 (  159.19282851811681     ,  196.19253924191943     ) (  158.81975855810103     ,  196.98786626920281     )
 ( 0.33655895940524266     ,-0.69769788216495610     ) (  1.4303919198305917E-008, -1.3988702612541410E-008) (  1.4303885229077642E-008, -1.3988608943418523E-008) (-0.48976692171389297     ,  8.2277361922422937E-002)
   22.400259999999999        1.2500000000000000     
 (  159.74508543656191     ,  197.66570628839352     ) (  159.36840329727616     ,  198.46340993352234     )
 ( 0.40045137779360146     ,-0.72516252298524286     ) (  1.5295338210673195E-008, -1.4513372555083496E-008) (  1.5295294882739227E-008, -1.4513268142247720E-008) (-0.48039972297713868     ,  9.4005733103896441E-002)
   22.450255000000002        1.2500000000000000     
 (  160.29515150554565     ,  199.14503717765774     ) (  159.91485482896553     ,  199.94502093795910     )
 ( 0.46252924839260418     ,-0.74532094043438823     ) (  1.6187395322164989E-008, -1.4935785058428776E-008) (  1.6187341420920371E-008, -1.4935668938510781E-008) (-0.46762992156792799     , 0.10718576320798436     )
   22.500250000000001        1.2500000000000000     
 (  160.84301819872854     ,  200.63054071309821     ) (  160.45912244979709     ,  201.43271398523359     )
 ( 0.52205675048424471     ,-0.75798156008835316     ) (  1.6972214636249831E-008, -1.5253767902326422E-008) (  1.6972147505736931E-008, -1.5253639355176978E-008) (-0.45176632120366689     , 0.12178116519705100     )
   22.550245000000000        1.2500000000000000     
 (  161.38867658483213     ,  202.12223085222516     ) (  161.00121503930177     ,  202.92650707926626     )
 ( 0.57830367916650416     ,-0.76304397833664872     ) (  1.7643454852188407E-008, -1.5466334103051502E-008) (  1.7643373873415950E-008, -1.5466192206442625E-008) (-0.43314137021903015     , 0.13772321858364783     )
   22.600239999999999        1.2500000000000000     
 (  161.93211250779896     ,  203.62012027322714     ) (  161.54113625708391     ,  204.42642514198857     )
 ( 0.63055971058716809     ,-0.76049265658107357     ) (  1.8195433491401381E-008, -1.5573747804934116E-008) (  1.8195335418796951E-008, -1.5573591555729241E-008) (-0.41210600642376088     , 0.15489646591076903     )
   22.650235000000002        1.2500000000000000     
 (  162.47330671172438     ,  205.12422915624092     ) (  162.07887992276622     ,  205.93249930478709     )
 ( 0.67814071976642687     ,-0.75040070383068069     ) (  1.8623032902853710E-008, -1.5575765511680945E-008) (  1.8622917685834081E-008, -1.5575594378647275E-008) (-0.38902263441932422     , 0.17315119798463491     )
   22.700230000000001        1.2500000000000000     
 (  163.01223638109516     ,  206.63457724636669     ) (  162.61443618939538     ,  207.44476469840308     )
 ( 0.72039897606836645     ,-0.73292826348394224     ) (  1.8922825125083248E-008, -1.5474800460714948E-008) (  1.8922688741844286E-008, -1.5474613226974919E-008) (-0.36425705279182047     , 0.19230314540927604     )
   22.750225000000000        1.2500000000000000     
 (  163.54887325083590     ,  208.15118310935739     ) (  163.14778561177374     ,  208.96325968464018     )
 ( 0.75673268348783440     ,-0.70831788802543882     ) (  1.9091191835881404E-008, -1.5271590435336151E-008) (  1.9091175745216253E-008, -1.5271593268779858E-008) (-0.33817896981325224     , 0.21212825899961421     )
   22.800219999999999        1.2500000000000000     
 (  164.08318279378162     ,  209.67406284671426     ) (  163.67889707743385     ,  210.48802545998191     )
 ( 0.78659490650347830     ,-0.67689996885966452     ) (  1.9126551781681578E-008, -1.4969243815337277E-008) (  1.9126534929915671E-008, -1.4969249116457240E-008) (-0.31114842079427429     , 0.23237084032034208     )
   22.850215000000002        1.2500000000000000     
 (  164.61513042458398     ,  211.20323607225973     ) (  164.20773405600295     ,  212.01909728986016     )
 ( 0.80949974165582061     ,-0.63907579248058766     ) (  1.9027400855817374E-008, -1.4571075848884665E-008) (  1.9027383698895929E-008, -1.4571083999660560E-008) (-0.28351784092704596     , 0.25274928099925226     )
   22.900210000000001        1.2500000000000000     
 (  165.14467320249236     ,  212.73871655158186     ) (  164.73424942865952     ,  213.55651344572152     )
 ( 0.82503117385438363     ,-0.59532319766057717     ) (  1.8793979967857094E-008, -1.4080205520852368E-008) (  1.8793961967870291E-008, -1.4080216975725309E-008) (-0.25562284851354600     , 0.27295675942923814     )
   22.950205000000000        1.2500000000000000     
 (  165.67176895282233     ,  214.28051789746397     ) (  165.25838980702216     ,  215.10030466075162     )
 ( 0.83284864130807790     ,-0.54618531593412301     ) (  1.8427263103753815E-008, -1.3501468778074683E-008) (  1.8427244807545980E-008, -1.3501484046525857E-008) (-0.22777659346190693     , 0.29266639306614967     )
   23.000200000000000        1.2500000000000000     
 (  166.19636885393132     ,  215.82864667789519     ) (  165.78009502150286     ,  216.65050055235304     )
 ( 0.83269319274810838     ,-0.49226339948271042     ) (  1.7928838187915241E-008, -1.2839835510389044E-008) (  1.7928820213808053E-008, -1.2839855135256332E-008) (-0.20026841256642042     , 0.31153342443083532     )
   23.050195000000002        1.2500000000000000     
 (  166.71842518423261     ,  217.38311070709099     ) (  166.29929662525268     ,  218.20711818393730     )
 ( 0.82439168603074542     ,-0.43421173352347409     ) (  1.7301543129155847E-008, -1.2100751524847232E-008) (  1.7301525670158567E-008, -1.2100776097187525E-008) (-0.17335955967247846     , 0.32920359708318631     )
   23.100190000000001        1.2500000000000000     
 (  167.23788926280412     ,  218.94391299328220     ) (  166.81592557295392     ,  219.77016874111831     )
 ( 0.80786219364473455     ,-0.37272380322782056     ) (  1.6548897671100123E-008, -1.1289035604837560E-008) (  1.6548880458717783E-008, -1.1289065728534155E-008) (-0.14727606797092005     , 0.34532096814600477     )
   23.150185000000000        1.2500000000000000     
 (  167.75470789862229     ,  220.51104926171715     ) (  167.32990500894553     ,  221.33966061372340     )
 ( 0.78311368470112419     ,-0.30853069170454339     ) (  1.5676173129073636E-008, -1.0411515777780420E-008) (  1.5676157486877894E-008, -1.0411552297553228E-008) (-0.12221409159742216     , 0.35952782311715320     )
   23.200180000000000        1.2500000000000000     
 (  168.26883081578148     ,  222.08451644172581     ) (  167.84116308169087     ,  222.91558610593216     )
 ( 0.75024931880959256     ,-0.24238682303952325     ) (  1.4688571055237324E-008, -9.4744315066516567E-009) (  1.4688556497614526E-008, -9.4744749525801428E-009) ( -9.8326638578324049E-002, 0.37147522285352258     )
   23.250175000000002        1.2500000000000000     
 (  168.78020873279578     ,  223.66430722503330     ) (  168.34962204332257     ,  224.49793478375653     )
 ( 0.70946573775178134     ,-0.17505897712322580     ) (  1.3592200588309906E-008, -8.4839809036077588E-009) (  1.3592188254861294E-008, -8.4840322001955889E-009) ( -7.5736461298676686E-002, 0.38082834399298410     )
   23.300170000000001        1.2500000000000000     
 (  169.28878931920036     ,  225.25041003515861     ) (  168.85521125830229     ,  226.08668283807768     )
 ( 0.66105156652673658     ,-0.10732282197049149     ) (  1.2394612096884469E-008, -7.4479956762923405E-009) (  1.2394603331862786E-008, -7.4480557133776251E-009) ( -5.4521287674186694E-002, 0.38727034322303361     )
   23.350165000000001        1.2500000000000000     
 (  169.79452406250851     ,  226.84281073262565     ) (  169.35786133046406     ,  227.68180389811502     )
 ( 0.60538792256408080     , -3.9945575470257115E-002) (  1.1103652837302085E-008, -6.3727437759245820E-009) (  1.1103647355275689E-008, -6.3728134591638512E-009) ( -3.4723092868639199E-002, 0.39050770832940135     )
   23.400160000000003        1.2500000000000000     
 (  170.29736714928165     ,  228.44149397292028     ) (  169.85750750520026     ,  229.28326099855545     )
 ( 0.54294256754698722     ,  2.6318060010894789E-002) (  9.7274704937410927E-009, -5.2661207828616270E-009) (  9.7274700496463937E-009, -5.2662011513264489E-009) ( -1.6346972377105987E-002, 0.39028067906844693     )
   23.450154999999999        1.2500000000000000     
 (  170.79727017092142     ,  230.04644094179548     ) (  170.35409150870186     ,  230.89101565083300     )
 ( 0.47426300703834884     ,  9.0739521523881900E-002) (  8.2754668479841563E-009, -4.1349095958244274E-009) (  8.2754730052945183E-009, -4.1350016109235189E-009) (  6.4079307196680476E-004, 0.38636237538367485     )
   23.500149999999998        1.2500000000000000     
 (  171.29419013486512     ,  231.65763250410876     ) (  170.84756107139293     ,  232.50502057652949     )
 ( 0.39997684550906487     , 0.15262033244842457     ) (  6.7570359832858434E-009, -2.9866748809133991E-009) (  6.7570474374157125E-009, -2.9867797456307379E-009) (  1.6306030243872636E-002, 0.37857095282606168     )
   23.550145000000001        1.2500000000000000     
 (  171.78808269769513     ,  233.27504508439236     ) (  171.33787314778928     ,  234.12522794855630     )
 ( 0.32078288678013306     , 0.21130652622823989     ) (  5.1824420905641696E-009, -1.8284727030922417E-009) (  5.1824638059480807E-009, -1.8285914671438673E-009) (  3.0744960297098754E-002, 0.36676200702588130     )
   23.600140000000000        1.2500000000000000     
 (  172.27890797937187     ,  234.89865809700555     ) (  171.82498983801651     ,  235.75158880469979     )
 ( 0.23743824503240468     , 0.26619313146820700     ) (  3.5622549040362118E-009, -6.6799087154551215E-010) (  3.5622866683121892E-009, -6.6812496020149741E-010) (  4.4085412680096851E-002, 0.35084843117909170     )
   23.650134999999999        1.2500000000000000     
 (  172.76662572490162     ,  236.52844495504411     ) (  172.30888324744473     ,  237.38405328146018     )
 ( 0.15076043683024301     , 0.31673289596650439     ) (  1.9069020707268726E-009,  4.8756073553142362E-010) (  1.9069456350759803E-009,  4.8741024491973518E-010) (  5.6474897011226155E-002, 0.33078947401411812     )
   23.700129999999998        1.2500000000000000     
 (  173.25119972469986     ,  238.16438134123598     ) (  172.78953076951547     ,  239.02257323501033     )
 (  6.1607255443983933E-002, 0.36244092933394839     ) (  2.2763287537430052E-010,  1.6314334334064756E-009) (  2.2769040584422582E-010,  1.6312650156855124E-009) (  6.8085162123409343E-002, 0.30659765018710716     )
   23.750125000000001        1.2500000000000000     
 (  173.73259415213025     ,  239.80644094241501     ) (  173.26691729135263     ,  240.66710570228469     )
 ( -2.9125752383207224E-002, 0.40290224743373837     ) ( -1.4644360999001553E-009,  2.7556590981582709E-009) ( -1.4643624495854227E-009,  2.7554714949765477E-009) (  7.9101818183390807E-002, 0.27834399035899726     )
   23.800120000000000        1.2500000000000000     
 (  174.21077636297522     ,  241.45459526720987     ) (  173.74103264135661     ,  242.31760953057557     )
 (-0.12051638883167801     , 0.43777502344821406     ) ( -3.1582514590165172E-009,  3.8539100416372268E-009) ( -3.1581589144502090E-009,  3.8537018464526999E-009) (  8.9719758773087036E-002, 0.24615602540690587     )
   23.850114999999999        1.2500000000000000     
 (  174.68571643959842     ,  243.10881995041959     ) (  174.21187486770435     ,  243.97404796641527     )
 (-0.21163070579240900     , 0.46679473705091373     ) ( -4.8423964256321222E-009,  4.9199681875934887E-009) ( -4.8423757551791295E-009,  4.9199590269163981E-009) ( 0.10014254160819465     , 0.21021865737467368     )
   23.900109999999998        1.2500000000000000     
 (  175.15738210731098     ,  244.76908522823771     ) (  174.67943859305720     ,  245.63639064486517     )
 (-0.30152989920778650     , 0.48977750168017770     ) ( -6.5056284389284335E-009,  5.9472825481199865E-009) ( -6.5056060883552862E-009,  5.9472751096613598E-009) ( 0.11057114731831089     , 0.17077095202903872     )
   23.950105000000001        1.2500000000000000     
 (  175.62575026729093     ,  246.43536498828792     ) (  175.14372912647997     ,  247.30461627360131     )
 (-0.38928222214636310     , 0.50662002106887549     ) ( -8.1371781533555806E-009,  6.9293973478386454E-009) ( -8.1371541064914453E-009,  6.9293920422298686E-009) ( 0.12120248872792425     , 0.12810698849144411     )
   24.000100000000000        1.2500000000000000     
 (  176.09079463857526     ,  248.10763149590579     ) (  175.60474478814589     ,  248.97870308537301     )
 (-0.47397672854219108     , 0.51730039631030822     ) ( -9.7263791972184735E-009,  7.8602827853478352E-009) ( -9.7263533305843685E-009,  7.8602802275358919E-009) ( 0.13222703294118354     ,  8.2575934409189991E-002)
   24.050094999999999        1.2500000000000000     
 (  176.55249456189506     ,  249.78585904018811     ) (  176.06249061510317     ,  250.65864345250202     )
 (-0.55472850639642157     , 0.52187727557746455     ) ( -1.1262196110839057E-008,  8.7354645646539729E-009) ( -1.1262168654682392E-008,  8.7354650364118548E-009) ( 0.14381618555913747     ,  3.4572093490070462E-002)
   24.100089999999998        1.2500000000000000     
 (  177.01082978621838     ,  251.47001942172824     ) (  176.51696687795862     ,  252.34443207652203     )
 (-0.63069387805575583     , 0.52048955023676569     ) ( -1.2734670463077262E-008,  9.5482510162464967E-009) ( -1.2734641851831312E-008,  9.5482552022613124E-009) ( 0.15612297671237615     , -1.5462911564578930E-002)
   24.150085000000001        1.2500000000000000     
 (  177.46578362079299     ,  253.16009208380774     ) (  176.96817046377024     ,  254.03606581634213     )
 (-0.70108000092026057     , 0.51334676348549479     ) ( -1.4133905087562513E-008,  1.0294749835786153E-008) ( -1.4133874768730117E-008,  1.0294758247837229E-008) ( 0.16927972135561781     , -6.7046367087486028E-002)
   24.200080000000000        1.2500000000000000     
 (  177.91734066747634     ,  254.85605173014835     ) (  177.41609469662220     ,  255.73355188692346     )
 (-0.76515268973254491     , 0.50073396365634659     ) ( -1.5450541917718694E-008,  1.0970220865341704E-008) ( -1.5450510825130399E-008,  1.0970234444992023E-008) ( 0.18338616547548259     ,-0.11965956058767303     )
   24.250074999999999        1.2500000000000000     
 (  178.36548666429229     ,  256.55788254274381     ) (  177.86073179979434     ,  257.43689734314574     )
 (-0.82224810570252471     , 0.48300282778538950     ) ( -1.6676046737644444E-008,  1.1570743488002836E-008) ( -1.6676014788861316E-008,  1.1570762999600722E-008) ( 0.19851293695158717     ,-0.17275617782395411     )
   24.300069999999998        1.2500000000000000     
 (  178.81021043923820     ,  258.26556154021034     ) (  178.30206566719338     ,  259.14611558935297     )
 (-0.87177605353166621     , 0.46056247605346989     ) ( -1.7801508187131377E-008,  1.2092739968358326E-008) ( -1.7801476424726766E-008,  1.2092766292537690E-008) ( 0.21469646552709656     ,-0.22576604109004914     )
   24.350065000000001        1.2500000000000000     
 (  179.25150133721246     ,  259.97907661107320     ) (  178.74007617467697     ,  260.86121554969162     )
 (-0.91323132658378514     , 0.43387739222748112     ) ( -1.8819270733189600E-008,  1.2533444306487508E-008) ( -1.8819238202590744E-008,  1.2533478331207877E-008) ( 0.23193524092086540     ,-0.27810198284990945     )
   24.400060000000000        1.2500000000000000     
 (  179.68934837582725     ,  261.69841738819099     ) (  179.17473803244300     ,  262.58221260430275     )
 (-0.94619812344078480     , 0.40345388889015299     ) ( -1.9722457571205697E-008,  1.2889475426573645E-008) ( -1.9722425771537052E-008,  1.2889518083674668E-008) ( 0.25018950461951911     ,-0.32916611641968191     )
   24.450054999999999        1.2500000000000000     
 (  180.12374077326226     ,  263.42357463081720     ) (  179.60602181020360     ,  264.30911964790772     )
 (-0.97035313591528849     , 0.36984079981248535     ) ( -2.0504378201491785E-008,  1.3158619042312161E-008) ( -2.0504346571760352E-008,  1.3158671585382213E-008) ( 0.26938001447279381     ,-0.37836452823333672     )
   24.500049999999998        1.2500000000000000     
 (  180.55466874796005     ,  265.15454280414428     ) (  180.03389166618220     ,  266.04194635921760     )
 (-0.98547232440279153     , 0.33361264226879894     ) ( -2.1159452055048942E-008,  1.3340123609529475E-008) ( -2.1159423080278233E-008,  1.3340187145224810E-008) ( 0.28938674101904022     ,-0.42510232695216682     )
   24.550045000000001        1.2500000000000000     
 (  180.98211924472065     ,  266.89132141708626     ) (  180.45830822498417     ,  267.78070286991425     )
 (-0.99143039068477612     , 0.29536594804408939     ) ( -2.1682288351820062E-008,  1.3432208213423200E-008) ( -2.1682262254651204E-008,  1.3432284294009812E-008) ( 0.31004944181977284     ,-0.46880028781924965     )
   24.600040000000000        1.2500000000000000     
 (  181.40607778619989     ,  268.63391255560600     ) (  180.87922827951974     ,  269.52539381581391     )
 (-0.98820428271437166     , 0.25570482964408414     ) ( -2.2069234073153960E-008,  1.3434656389909012E-008) ( -2.2069211669137107E-008,  1.3434746196647297E-008) ( 0.33116844168232323     ,-0.50890226978104658     )
   24.650034999999999        1.2500000000000000     
 (  181.82652639195879     ,  270.38231908462706     ) (  181.29660691544481     ,  271.27602390687071     )
 (-0.97586862073147851     , 0.21523804929938270     ) ( -2.2317367515599412E-008,  1.3347059710529676E-008) ( -2.2317350855518291E-008,  1.3347164642361980E-008) ( 0.35250663376667041     ,-0.54488099640357557     )
   24.700029999999998        1.2500000000000000     
 (  182.24344630158589     ,  272.13654972554031     ) (  181.71039540953041     ,  273.03258718767796     )
 (-0.95460107053506904     , 0.17456444009835573     ) ( -2.2422857255227682E-008,  1.3169960977985563E-008) ( -2.2422846533716739E-008,  1.3170082875385209E-008) ( 0.37379474029766080     ,-0.57624407529763277     )
   24.750025000000001        1.2500000000000000     
 (  182.65681214304846     ,  273.89661304688951     ) (  182.12054462615183     ,  274.79508305396422     )
 (-0.92467280220244774     , 0.13426893337033266     ) ( -2.2384734711171089E-008,  1.2904731865344603E-008) ( -2.2384732950929134E-008,  1.2904872255705588E-008) ( 0.39472829320795000     ,-0.60253944277630922     )
   24.800020000000000        1.2500000000000000     
 (  183.06659695604085     ,  275.66251633856524     ) (  182.52700526357188     ,  276.56349759840788     )
 (-0.88644686299952025     ,  9.4909846922203292E-002) ( -2.2202032488553890E-008,  1.2553241787093591E-008) ( -2.2202039994308983E-008,  1.2553403058271773E-008) ( 0.41497562868775573     ,-0.62337207246781212     )
   24.850014999999999        1.2500000000000000     
 (  183.47276496968206     ,  277.43427124593717     ) (  182.92972834356326     ,  278.33782042476736     )
 (-0.84037481574193518     ,  5.7014816502196669E-002) ( -2.1874715687461579E-008,  1.2116345012294792E-008) ( -2.1874735818678606E-008,  1.2116528167949069E-008) ( 0.43418422385614897     ,-0.63839452059864010     )
   24.900009999999998        1.2500000000000000     
 (  183.87528180909334     ,  279.21189052119854     ) (  183.32866340202298     ,  280.11803066504655     )
 (-0.78698885716921030     ,  2.1066682189753157E-002) ( -2.1403551102264485E-008,  1.1598114920317817E-008) ( -2.1403586104731254E-008,  1.1598322262975579E-008) ( 0.45197829443811244     ,-0.64732328863471877     )
   24.950005000000001        1.2500000000000000     
 (  184.27410433914045     ,  280.99537634606151     ) (  183.72376631969462     ,  281.90411301404174     )
 (-0.72689262991551251     , -1.2491653461371238E-002) ( -2.0789799438065921E-008,  1.1001276354331128E-008) ( -2.0789850789497680E-008,  1.1001510195547973E-008) ( 0.46797306634363528     ,-0.64994352174023817     )
   25.000000000000000        1.2500000000000000     
 (  184.66918794480742     ,  282.78473747030000     ) (  184.11499346443989     ,  283.69604046580014     )
 (-0.66075739541158951     , -4.3277036758630427E-002) ( -2.0036718053820754E-008,  1.0329390172700690E-008) ( -2.0036741759246340E-008,  1.0329413852369447E-008) ( 0.48177518573124456     ,-0.64610530394804400     )
