   31.557105263157897     
   243.16000000000000     
   1.1441521580944181        7.5230123986481709E-005
         501           1
 
   36.000000000000000        36.000000000000000     
   2.5000000000000001E-003   1.2500000000000000     
 (  5.7847293874478484E-011,  2.9209066996605285E-014) (  5.8356420176741104E-011,  2.9721118056737419E-014)
 (  5.7847288570125304E-011,  2.9209064193490933E-014) (  4.7211327889872362E-018,  2.4044885551389213E-021) (  4.7211327889872324E-018,  2.4044885551389201E-021) ( -5.8356414834870565E-011, -2.9721115214553852E-014)
   5.2495000000000000E-002   1.2500000000000000     
 (  5.3557552340152649E-007,  2.7047081065581519E-010) (  5.4028932843789716E-007,  2.7521239326626065E-010)
 (  5.3555387044985100E-007,  2.7045936800743197E-010) (  4.3708560461336855E-014,  2.2264213290254486E-017) (  4.3708560461336843E-014,  2.2264213290254480E-017) ( -5.4026752233468153E-007, -2.7520079113061186E-010)
  0.10249000000000000        1.2500000000000000     
 (  3.9858625149958435E-006,  2.0147758721023701E-009) (  4.0209453440700556E-006,  2.0500983934714709E-009)
 (  3.9852482993338186E-006,  2.0144512834392537E-009) (  3.2525132895348582E-013,  1.6582989770586062E-016) (  3.2525132895348572E-013,  1.6582989770586057E-016) ( -4.0203267839372993E-006, -2.0497692805558845E-009)
  0.15248500000000001        1.2500000000000000     
 (  1.3127354409281822E-005,  6.6518239795410068E-009) (  1.3242908452264723E-005,  6.7684515055175360E-009)
 (  1.3122877007809894E-005,  6.6494578225603197E-009) (  1.0710095388457130E-012,  5.4738576247599110E-016) (  1.0710095388457126E-012,  5.4738576247599060E-016) ( -1.3238399379454386E-005, -6.7660523662027189E-009)
  0.20247999999999999        1.2500000000000000     
 (  3.0737409562548732E-005,  1.5647802423503922E-008) (  3.1008008409196555E-005,  1.5922189587123891E-008)
 (  3.0718926708380240E-005,  1.5638034690037791E-008) (  2.5070970371941447E-012,  1.2873336161167623E-015) (  2.5070970371941415E-012,  1.2873336161167579E-015) ( -3.0989394805263166E-005, -1.5912285689182291E-008)
  0.25247500000000000        1.2500000000000000     
 (  5.9594759718168555E-005,  3.0568746777817411E-008) (  6.0119482733138820E-005,  3.1104858369573803E-008)
 (  5.9539052784806156E-005,  3.0539306375817214E-008) (  4.8592368814708381E-012,  2.5140290423620473E-015) (  4.8592368814708074E-012,  2.5140290423620181E-015) ( -6.0063381686376845E-005, -3.1075007521521327E-008)
  0.30247000000000002        1.2500000000000000     
 (  1.0247995167897356E-004,  5.3153398286304297E-008) (  1.0338243538347620E-004,  5.4085778522050513E-008)
 (  1.0234249089616302E-004,  5.3080749893840120E-008) (  8.3526333239746301E-012,  4.3696922526889150E-015) (  8.3526333239744911E-012,  4.3696922526887651E-015) ( -1.0324400199072611E-004, -5.4012117169425888E-008)
  0.35246499999999997        1.2500000000000000     
 (  1.6217580452101521E-004,  8.5406314088689728E-008) (  1.6360429918756538E-004,  8.6904821998240341E-008)
 (  1.6188048769372033E-004,  8.5250232449869436E-008) (  1.3211844387649244E-011,  7.0179879693970064E-015) (  1.3211844387648679E-011,  7.0179879693964234E-015) ( -1.6330689255629732E-004, -8.6746563725196276E-008)
  0.40245999999999998        1.2500000000000000     
 (  2.4146780993081576E-004,  1.2971106357416264E-007) (  2.4359524727797760E-004,  1.3198761813952824E-007)
 (  2.4089467911830867E-004,  1.2940813620652633E-007) (  1.9660650677553039E-011,  1.0653258187610406E-014) (  1.9660650677551182E-011,  1.0653258187608443E-014) ( -2.4301806009216297E-004, -1.3168046551132601E-007)
  0.45245499999999994        1.2500000000000000     
 (  3.4314462894843530E-004,  1.8896338695316424E-007) (  3.4616873600333873E-004,  1.9228112034473170E-007)
 (  3.4211557056005790E-004,  1.8841944569799672E-007) (  2.7921935271617948E-011,  1.5511402169321627E-014) (  2.7921935271612614E-011,  1.5511402169316092E-014) ( -3.4513239308370025E-004, -1.9172959041312243E-007)
  0.50244999999999995        1.2500000000000000     
 (  4.6999847250520186E-004,  2.6672419986101548E-007) (  4.7414182283644587E-004,  2.7140937361272793E-007)
 (  4.6826090666782330E-004,  2.6580568056941485E-007) (  3.8217545881926718E-011,  2.1882390661847805E-014) (  3.8217545881912959E-011,  2.1882390661833568E-014) ( -4.7239195470850194E-004, -2.7047803631136989E-007)
  0.55244499999999985        1.2500000000000000     
 (  6.2482548731594516E-004,  3.6739205548772607E-007) (  6.3033563207415364E-004,  3.7384909217050066E-007)
 (  6.2203405433618707E-004,  3.6591628381034864E-007) (  5.0768169599054002E-011,  3.0124382593552465E-014) (  5.0768169599022162E-011,  3.0124382593518752E-014) ( -6.2752443093721719E-004, -3.7235271907335770E-007)
  0.60243999999999998        1.2500000000000000     
 (  8.1042627541732062E-004,  4.9639516886709362E-007) (  8.1757583808109234E-004,  5.0512525648004954E-007)
 (  8.0612252647842210E-004,  4.9411956621923478E-007) (  6.5793209642076369E-011,  4.0679460896391942E-014) (  6.5793209642006717E-011,  4.0679460896318060E-014) ( -8.1324160390832670E-004, -5.0281787411027280E-007)
  0.65243499999999988        1.2500000000000000     
 (  1.0296062855325670E-003,  6.6040227632703779E-007) (  1.0386931864561045E-003,  6.7202583391821483E-007)
 (  1.0231963862238863E-003,  6.5701247795069333E-007) (  8.3510665881902766E-011,  5.4090914761396030E-014) (  8.3510665881761214E-011,  5.4090914761246223E-014) ( -1.0322378716065286E-003, -6.6858867259042350E-007)
  0.70242999999999989        1.2500000000000000     
 (  1.2851759480217045E-003,  8.6755260601915691E-007) (  1.2965233805449269E-003,  8.8283612659139990E-007)
 (  1.2759064056839218E-003,  8.6264947525385452E-007) (  1.0413696486982090E-010,  7.1022108411331825E-014) (  1.0413696486954833E-010,  7.1022108411040060E-014) ( -1.2871881433838251E-003, -8.7786444788115534E-007)
  0.75242499999999990        1.2500000000000000     
 (  1.5799516710366095E-003,  1.1277041200817941E-006) (  1.5939084161121502E-003,  1.1475916372478218E-006)
 (  1.5668830964532608E-003,  1.1207896395480859E-006) (  1.2788690793092265E-010,  9.2276846444382159E-014) (  1.2788690793041334E-010,  9.2276846443838590E-014) ( -1.5807471948665009E-003, -1.1405804203796711E-006)
  0.80241999999999991        1.2500000000000000     
 (  1.9167553192533922E-003,  1.4527000080791640E-006) (  1.9336958314222366E-003,  1.4783497041465113E-006)
 (  1.8987342292406269E-003,  1.4431620133782633E-006) (  1.5497345101333484E-010,  1.1882125473052421E-013) (  1.5497345101242675E-010,  1.1882125472955518E-013) ( -1.9155469436496896E-003, -1.4686781549426528E-006)
  0.85241499999999992        1.2500000000000000     
 (  2.2984156990003648E-003,  1.8566530726963542E-006) (  2.3187403032130178E-003,  1.8894794559472653E-006)
 (  2.2740443822668317E-003,  1.8437487904094898E-006) (  1.8560767645249411E-010,  1.5180714016429473E-013) (  1.8560767645091791E-010,  1.5180714016263113E-013) ( -2.2941960963801218E-003, -1.8763942980957198E-006)
  0.90240999999999982        1.2500000000000000     
 (  2.7277676009193818E-003,  2.3562476773010614E-006) (  2.7519026699853785E-003,  2.3979696755243062E-006)
 (  2.6953720448257387E-003,  2.3390860064054133E-006) (  2.1999855599105454E-010,  1.9259679431684801E-013) (  2.1999855598843582E-010,  1.9259679431405698E-013) ( -2.7192772175173427E-003, -2.3805671609968032E-006)
  0.95240499999999984        1.2500000000000000     
 (  3.2076535645096400E-003,  2.9710577103133771E-006) (  3.2360517925326959E-003,  3.0237531678778135E-006)
 (  3.1652494772756883E-003,  2.9485801757398805E-006) (  2.5835294627653710E-010,  2.4278912615622873E-013) (  2.5835294627228286E-010,  2.4278912615170705E-013) ( -3.1933466661113316E-003, -3.0009597299560220E-006)
   1.0024000000000000        1.2500000000000000     
 (  3.7409227702642892E-003,  3.7238830022675337E-006) (  3.7740632336788664E-003,  3.7900498210576613E-006)
 (  3.6861796890017406E-003,  3.6948432820454165E-006) (  3.0087532651481995E-010,  3.0424729903250741E-013) (  3.0087532650809073E-010,  3.0424729902532466E-013) ( -3.7189313563111563E-003, -3.7606012711448686E-006)
   1.0523950000000000        1.2500000000000000     
 (  4.3304330803581696E-003,  4.6410995745959892E-006) (  4.3688216590371098E-003,  4.7237243407118973E-006)
 (  4.2606365947757234E-003,  4.6040414876214339E-006) (  3.4776783942670394E-010,  3.7912754521995646E-013) (  3.4776783941632531E-010,  3.7912754520886460E-013) ( -4.2985292548454977E-003, -4.6861434851223497E-006)
   1.1023899999999998        1.2500000000000000     
 (  4.9790487787984413E-003,  5.7530272635340730E-006) (  5.0232181852377629E-003,  5.8556618245665728E-006)
 (  4.8910608952813239E-003,  5.7062610486085119E-006) (  3.9922992500986832E-010,  4.6990940976973441E-013) (  3.9922992499408954E-010,  4.6990940975285385E-013) ( -4.9346048509011902E-003, -5.8082343324810446E-006)
   1.1523849999999998        1.2500000000000000     
 (  5.6896440628362369E-003,  7.0943115108179192E-006) (  5.7401543032036019E-003,  7.2211571515565105E-006)
 (  5.5798617049404482E-003,  7.0358882430637507E-006) (  4.5545848634590896E-010,  5.7942709861549133E-013) (  4.5545848632239438E-010,  5.7942709859041015E-013) ( -5.6295912051271902E-003, -7.1619055000883922E-006)
   1.2023800000000000        1.2500000000000000     
 (  6.4651004837983084E-003,  8.7043196830233444E-006) (  6.5225390012955296E-003,  8.8603201898749257E-006)
 (  6.3294121501036660E-003,  8.6320035680376887E-006) (  5.1664750688164018E-010,  7.1090208618081749E-013) (  5.1664750684716960E-010,  7.1090208614396807E-013) ( -6.3858852142435994E-003, -8.7869754395708776E-006)
   1.2523750000000000        1.2500000000000000     
 (  7.3083088887366844E-003,  1.0627550778652462E-005) (  7.3732906866584014E-003,  1.0818494742378383E-005)
 (  7.1420495081803851E-003,  1.0538789090768431E-005) (  5.8298806001601857E-010,  8.6797681229291897E-013) (  5.8298805996624877E-010,  8.6797681223973677E-013) ( -7.2058477228582407E-003, -1.0728465859452168E-005)
   1.3023699999999998        1.2500000000000000     
 (  8.2221694531987265E-003,  1.2914061101658970E-005) (  8.2953378100246739E-003,  1.3146694503895351E-005)
 (  8.0200734250257515E-003,  1.2805951416491714E-005) (  6.5466821055585820E-010,  1.0547497290123629E-012) (  6.5466821048539875E-010,  1.0547497289368338E-012) ( -8.0918023074076761E-003, -1.3037034905049792E-005)
   1.3523649999999998        1.2500000000000000     
 (  9.2095901390329051E-003,  1.5619895793151408E-005) (  9.2916159456001360E-003,  1.5902043275298253E-005)
 (  8.9657426157757954E-003,  1.5489150134993369E-005) (  7.3187263620751684E-010,  1.2758106592959583E-012) (  7.3187263610844759E-010,  1.2758106591899521E-012) ( -9.0460305930827045E-003, -1.5769414188571181E-005)
   1.4023599999999998        1.2500000000000000     
 (  1.0273490434241694E-002,  1.8807544804701750E-005) (  1.0365074550273745E-002,  1.9148243050367935E-005)
 (  9.9812768123092172E-003,  1.8650450288036658E-005) (  8.1478302779971964E-010,  1.5362783735712891E-012) (  8.1478302766258881E-010,  1.5362783734241495E-012) ( -1.0070777188236953E-002, -1.8988873221138147E-005)
   1.4523549999999998        1.2500000000000000     
 (  1.1416797861110278E-002,  2.2546391919503531E-005) (  1.1518668743654908E-002,  2.2956033658436588E-005)
 (  1.1068851564136487E-002,  2.2358767324204933E-005) (  9.0357728730855945E-010,  1.8418374394555667E-012) (  9.0357728712135224E-010,  1.8418374392536103E-012) ( -1.1168239784631643E-002, -2.2765674868580432E-005)
   1.5023499999999999        1.2500000000000000     
 (  1.2642450170510218E-002,  2.6913194074495438E-005) (  1.2755366060007326E-002,  2.7403683469075621E-005)
 (  1.2230598696992273E-002,  2.6690341799642301E-005) (  9.9842992938823535E-010,  2.1987775358691095E-012) (  9.9842992913426257E-010,  2.1987775355953393E-012) ( -1.2340574105259189E-002, -2.7177561234534843E-005)
   1.5523449999999999        1.2500000000000000     
 (  1.3953394702817208E-002,  3.1992553627903248E-005) (  1.4078143052517960E-002,  3.2577475226101164E-005)
 (  1.3468603995239980E-002,  3.1729206287939524E-005) (  1.0995116721520862E-009,  2.6140323139583679E-012) (  1.0995116718105518E-009,  2.6140323135910072E-012) ( -1.3589888837771380E-002, -3.2310233972056696E-005)
   1.6023399999999999        1.2500000000000000     
 (  1.5352590494561794E-002,  3.7877412142804880E-005) (  1.5489989806963938E-002,  3.8572210349623403E-005)
 (  1.4784907588645599E-002,  3.7567673014157413E-005) (  1.2069896635946725E-009,  3.0952196810384379E-012) (  1.2069896631427014E-009,  3.0952196805491157E-012) ( -1.4918248446728885E-002, -3.8257852138493838E-005)
   1.6523349999999999        1.2500000000000000     
 (  1.6843002965307018E-002,  4.4669543731487822E-005) (  1.6993900389147738E-002,  4.5491719643344321E-005)
 (  1.6181497074193446E-002,  4.4306820155876921E-005) (  1.3210265781174409E-009,  3.6506825372982037E-012) (  1.3210265775212385E-009,  3.6506825366521272E-012) ( -1.6327661989551909E-002, -4.5123535662154838E-005)
   1.7023299999999999        1.2500000000000000     
 (  1.8427612319658501E-002,  5.2480058304783093E-005) (  1.8592887003891775E-002,  5.3449375523370994E-005)
 (  1.7660314231025001E-002,  5.2056987045141494E-005) (  1.4417816254639456E-009,  4.2895295411508924E-012) (  1.4417816246855933E-009,  4.2895295403048385E-012) ( -1.7820095578243624E-002, -5.3019869121899417E-005)
   1.7523250000000001        1.2500000000000000     
 (  2.0109404784478403E-002,  6.1429918675034575E-005) (  2.0289966019611461E-002,  6.2568631582620270E-005)
 (  1.9223244672486255E-002,  6.0938281968244284E-005) (  1.5694092948291011E-009,  5.0216779877850361E-012) (  1.5694092938200795E-009,  5.0216779866862640E-012) ( -1.9397456884233312E-002, -6.2069431662703755E-005)
   1.8023199999999997        1.2500000000000000     
 (  2.1891380443006595E-002,  7.1650439116242493E-005) (  2.2088169519960184E-002,  7.2983520829797505E-005)
 (  2.0872124088354874E-002,  7.1081070311173231E-005) (  1.7040601501968403E-009,  5.8578932522570900E-012) (  1.7040601488979773E-009,  5.8578932508395027E-012) ( -2.1061604920168491E-002, -7.2405284428179043E-005)
   1.8523149999999997        1.2500000000000000     
 (  2.3776547221358961E-002,  8.3283830323471731E-005) (  2.3990537368120478E-002,  8.4839241683095607E-005)
 (  2.2608730770085694E-002,  8.2626507264803152E-005) (  1.8458800822296908E-009,  6.8098351757947425E-012) (  1.8458800805732876E-009,  6.8098351739802119E-012) ( -2.2814340814644583E-002, -8.4171543784360590E-005)
   1.9023099999999997        1.2500000000000000     
 (  2.5767924252822687E-002,  9.6483694362123074E-005) (  2.6000120029622726E-002,  9.8292642914607836E-005)
 (  2.4434787268209319E-002,  9.5727019473747986E-005) (  1.9950103865586731E-009,  7.8900961889003965E-012) (  1.9950103844568071E-009,  7.8900961865901440E-012) ( -2.4657408784006490E-002, -9.7523852329217588E-005)
   1.9523049999999997        1.2500000000000000     
 (  2.7868540874035213E-002,  1.1141557985122520E-004) (  2.8119981142785404E-002,  1.1351281350890516E-004)
 (  2.6351958062688991E-002,  1.1054684447644685E-004) (  2.1515878714458057E-009,  9.1122477202410821E-012) (  2.1515878687907379E-009,  9.1122477173190811E-012) ( -2.6592497442800143E-002, -1.1262995244343759E-004)
   2.0023000000000000        1.2500000000000000     
 (  3.0081434782433938E-002,  1.2825749579227863E-004) (  3.0353189703607130E-002,  1.3068160981212769E-004)
 (  2.8361846304227639E-002,  1.2726252705993820E-004) (  2.3157440982173982E-009,  1.0490881391416808E-011) (  2.3157440948906834E-009,  1.0490881387736625E-011) ( -2.8621230419327626E-002, -1.2967019529438949E-004)
   2.0522950000000000        1.2500000000000000     
 (  3.2409657071801171E-002,  1.4720041849962989E-004) (  3.2702829800064503E-002,  1.4999417096546577E-004)
 (  3.0465997026091353E-002,  1.4606340689364639E-004) (  2.4876060391548224E-009,  1.2041649099547521E-011) (  2.4876060350068380E-009,  1.2041649094945699E-011) ( -3.0745174479737868E-002, -1.4883803588046428E-004)
   2.1022900000000000        1.2500000000000000     
 (  3.4856266285449890E-002,  1.6844886280601991E-004) (  3.5171997855888967E-002,  1.7165952646901466E-004)
 (  3.2665890331804004E-002,  1.6715216690826556E-004) (  2.6672957655739278E-009,  1.3781310283151835E-011) (  2.6672957599364802E-009,  1.3781310277420655E-011) ( -3.2965835654306094E-002, -1.7034061723386184E-004)
   2.1522849999999996        1.2500000000000000     
 (  3.7424333491380773E-002,  1.9222138028969060E-004) (  3.7763794856828604E-002,  1.9590110986779963E-004)
 (  3.4962944638672819E-002,  1.9074530742567346E-004) (  2.8549296806790884E-009,  1.5727771458008412E-011) (  2.8549296743338802E-009,  1.5727771450903609E-011) ( -3.5284649810102139E-002, -1.9439925859504207E-004)
   2.2022799999999996        1.2500000000000000     
 (  4.0116930831189793E-002,  2.1875107780078396E-004) (  4.0481328897176323E-002,  2.2295728288266467E-004)
 (  3.7358504209323330E-002,  2.1707363619181676E-004) (  3.0506186367813316E-009,  1.7900126228077327E-011) (  3.0506186289883236E-009,  1.7900126219322305E-011) ( -3.7702983990083365E-002, -2.2124994991264157E-004)
   2.2522749999999996        1.2500000000000000     
 (  4.2937152511846328E-002,  2.4828614886237719E-004) (  4.3327731908942214E-002,  2.5308190968413276E-004)
 (  3.9853858429740284E-002,  2.4638276924929346E-004) (  3.2544691499852207E-009,  2.0318699256556832E-011) (  3.2544691404611893E-009,  2.0318699245803885E-011) ( -4.0222151576280327E-002, -2.5114389456237682E-004)
   2.3022699999999996        1.2500000000000000     
 (  4.5888094803692298E-002,  2.8109039590677845E-004) (  4.6306132468284585E-002,  2.8654486628484612E-004)
 (  4.2450220774535440E-002,  2.7893361870920863E-004) (  3.4665811134567878E-009,  2.3005084533680109E-011) (  3.4665811018724716E-009,  2.3005084520517865E-011) ( -4.2843383788003418E-002, -2.8434798241848847E-004)
   2.3522650000000001        1.2500000000000000     
 (  4.8972862123145444E-002,  3.1744373574964891E-004) (  4.9419673827454505E-002,  3.2363263560150228E-004)
 (  4.5148733778227666E-002,  3.1500285923419263E-004) (  3.6870491726462432E-009,  2.5982190308553046E-011) (  3.6870491586283703E-009,  2.5982190292511635E-011) ( -4.5567847013430224E-002, -3.2114534446096025E-004)
   2.4022600000000001        1.2500000000000000     
 (  5.2194569673422238E-002,  3.5764264383265681E-004) (  5.2671508140309665E-002,  3.6464868674240521E-004)
 (  4.7950469858607132E-002,  3.5488333063967526E-004) (  3.9159621277295356E-009,  2.9274266271026186E-011) (  3.9159621100964586E-009,  2.9274266251564908E-011) ( -4.8396635050447341E-002, -3.6183568832461158E-004)
   2.4522550000000001        1.2500000000000000     
 (  5.5556341516457469E-002,  4.0200073043712931E-004) (  5.6064793602565326E-002,  4.0991414507163997E-004)
 (  5.0856428948926273E-002,  3.9888456633807161E-004) (  4.1534025957457714E-009,  3.2906953843617355E-011) (  4.1534025744324637E-009,  3.2906953820059762E-011) ( -5.1330765193032299E-002, -4.0673591917651526E-004)
   2.5022500000000001        1.2500000000000000     
 (  5.9061309063223537E-002,  4.5084916813830224E-004) (  5.9602702255296361E-002,  4.5976820676642277E-004)
 (  5.3867534993220903E-002,  4.4733316963652223E-004) (  4.3994475646436675E-009,  3.6907315366070589E-011) (  4.3994475403151566E-009,  3.6907315336738474E-011) ( -5.4371184946848422E-002, -4.5618050031241448E-004)
   2.5522449999999997        1.2500000000000000     
 (  6.2712607076463950E-002,  5.0453721358355915E-004) (  6.3288406446489393E-002,  5.1456872228644666E-004)
 (  5.6984631877663457E-002,  5.0057327762964511E-004) (  4.6541672441160255E-009,  4.1303876501051981E-011) (  4.6541672151112020E-009,  4.1303876466965399E-011) ( -5.7518757827244402E-002, -5.1052197611458098E-004)
   2.6022399999999997        1.2500000000000000     
 (  6.6513390170346895E-002,  5.6343256080418108E-004) (  6.7125097745847101E-002,  5.7469253529000711E-004)
 (  6.0208497130114773E-002,  5.5896685340060934E-004) (  4.9176263803521408E-009,  4.6126648569574375E-011) (  4.9176263458587622E-009,  4.6126648528712719E-011) ( -6.0774279899807625E-002, -5.7013124756968403E-004)
   2.6522349999999997        1.2500000000000000     
 (  7.0466799569437841E-002,  6.2792193883250743E-004) (  7.1115958838606386E-002,  6.4053607562327309E-004)
 (  6.3539810213307082E-002,  6.2289421232080485E-004) (  5.1898821026468342E-009,  5.1407170581327433E-011) (  5.1898820617826685E-009,  5.1407170532545109E-011) ( -6.4138452326762990E-002, -6.3539809059338134E-004)
   2.7022299999999997        1.2500000000000000     
 (  7.4576011394292527E-002,  6.9841135744561154E-004) (  7.5264204164708776E-002,  7.1251579017602654E-004)
 (  6.6979195846177911E-002,  6.9275419542137024E-004) (  5.4709867901154561E-009,  5.7178538046048349E-011) (  5.4709867428789673E-009,  5.7178537987941160E-011) ( -6.7611917987531606E-002, -7.0673151181961343E-004)
   2.7522249999999997        1.2500000000000000     
 (  7.8844175240556896E-002,  7.7532673762157071E-004) (  7.9573022210627120E-002,  7.9106858053245481E-004)
 (  7.0527166703096833E-002,  7.6896471569333892E-004) (  5.7609838000607143E-009,  6.3475431318353968E-011) (  5.7609837433533739E-009,  6.3475431249315574E-011) ( -7.1195207499277907E-002, -7.8456009733111919E-004)
   2.8022199999999997        1.2500000000000000     
 (  8.3274469934589423E-002,  8.5911406842618975E-004) (  8.4045635205542757E-002,  8.7665216251515954E-004)
 (  7.4184172839377185E-002,  8.5196282597793562E-004) (  6.0599116731354312E-009,  7.0334137286580518E-011) (  6.0599116065322934E-009,  7.0334137204764239E-011) ( -7.4888792384401173E-002, -8.6933228000741732E-004)
   2.8522149999999997        1.2500000000000000     
 (  8.7870074200980877E-002,  9.5023990591391265E-004) (  8.8685262039987806E-002,  9.6974548633532796E-004)
 (  7.7950575790315349E-002,  9.4220512043783808E-004) (  6.3678015576512965E-009,  7.7792575270796589E-011) (  6.3678014797362239E-009,  7.7792575174082568E-011) ( -7.8693051965870633E-002, -9.6151665824474228E-004)
   2.9022099999999997        1.2500000000000000     
 (  9.2634163836428474E-002,  1.0491919084854215E-003) (  9.3495121139126655E-002,  1.0708493803578466E-003)
 (  8.1826641850865175E-002,  1.0401681649483256E-003) (  6.6846769642491741E-009,  8.5890340306145493E-011) (  6.6846768713345559E-009,  8.5890340192142078E-011) ( -8.2608271132225977E-002, -1.0616025285404129E-003)
   2.9522049999999997        1.2500000000000000     
 (  9.7569925869255725E-002,  1.1564787580847491E-003) (  9.8478436283674378E-002,  1.1804865455643005E-003)
 (  8.5812557433909933E-002,  1.1463483018868432E-003) (  7.0105544633991986E-009,  9.4668692982767459E-011) (  7.0105543575702156E-009,  9.4668692848522715E-011) ( -8.6634649043548381E-002, -1.1700997606115054E-003)
   3.0021999999999998        1.2500000000000000     
 ( 0.10268055729413507     ,  1.2726307404445272E-003) ( 0.10363845333953139     ,  1.2992018296812348E-003)
 (  8.9908424302104800E-002,  1.2612621052233560E-003) (  7.3454446601309194E-009,  1.0417057113865496E-010) (  7.3454445373385863E-009,  1.0417057098093117E-010) ( -9.0772310708433945E-002, -1.2875389388337657E-003)
   3.0521949999999998        1.2500000000000000     
 ( 0.10796923617221768     ,  1.3982000606007061E-003) ( 0.10897838903814365     ,  1.4275631060473670E-003)
 (  9.4114234468295380E-002,  1.3854465653804421E-003) (  7.6893484344899363E-009,  1.1444065015256012E-010) (  7.6893482884575668E-009,  1.1444064996775388E-010) ( -9.5021260539116165E-002, -1.4144721055253647E-003)
   3.1021899999999998        1.2500000000000000     
 ( 0.11343916939072694     ,  1.5337611119741348E-003) ( 0.11450149751338483     ,  1.5661611799280921E-003)
 (  9.8429910417304436E-002,  1.5194592084291098E-003) (  8.0422617398990924E-009,  1.2552532287264009E-010) (  8.0422615718758832E-009,  1.2552532265638615E-010) ( -9.9381442178852877E-002, -1.5514725100587590E-003)
   3.1521849999999998        1.2500000000000000     
 ( 0.11909354304924971     ,  1.6799104502265524E-003) ( 0.12021100619025994     ,  1.7156099152549947E-003)
 ( 0.10285526252896045     ,  1.6638779178061299E-003) (  8.4041707153201345E-009,  1.3747269689019182E-010) (  8.4041705261565661E-009,  1.3747269663759376E-010) (-0.10385267731447796     , -1.6991345769270980E-003)
   3.2021799999999998        1.2500000000000000     
 ( 0.12493555653375904     ,  1.8372671561980884E-003) ( 0.12611015840646728     ,  1.8765465901813669E-003)
 ( 0.10739001542280648     ,  1.8193011239708270E-003) (  8.7750549872398359E-009,  1.5033260934380960E-010) (  8.7750547699817265E-009,  1.5033260900367515E-010) (-0.10843470709295590     , -1.8580740805004142E-003)
   3.2521749999999998        1.2500000000000000     
 ( 0.13096841360862527     ,  2.0064734041121825E-003) ( 0.13220220770410140     ,  2.0496326966601358E-003)
 ( 0.11203380321172708     ,  1.9863481969411702E-003) (  9.1548870483773524E-009,  1.6415667632225188E-010) (  9.1548867991572719E-009,  1.6415667593399135E-010) (-0.11312718440859036     , -2.0289287596864029E-003)
   3.3021699999999998        1.2500000000000000     
 ( 0.13719529947236705     ,  2.1881938622042335E-003) ( 0.13849036848101431     ,  2.2355531070797057E-003)
 ( 0.11678614305116101     ,  2.1656586488567717E-003) (  9.5436283801998835E-009,  1.7899820953303753E-010) (  9.5436280949421560E-009,  1.7899820913512057E-010) (-0.11792962572602046     , -2.2123572786756198E-003)
   3.3521649999999998        1.2500000000000000     
 ( 0.14361942270338574     ,  2.3831162450574715E-003) ( 0.14497791614823333     ,  2.4350166692931308E-003)
 ( 0.12164647842647228     ,  2.3578924771122593E-003) (  9.9412372632514266E-009,  1.9491224655805370E-010) (  9.9412369376348109E-009,  1.9491224608870863E-010) (-0.12284150746077586     , -2.4090396027749692E-003)
   3.4021599999999999        1.2500000000000000     
 ( 0.15024397834172959     ,  2.5919516191108987E-003) ( 0.15166808632999296     ,  2.6487568126718009E-003)
 ( 0.12661414125409140     ,  2.5637302495702227E-003) (  1.0347661027583319E-008,  2.1195558171749022E-010) (  1.0347660652547789E-008,  2.1195558124430931E-010) (-0.12786217052841281     , -2.6196773753176740E-003)
   3.4521549999999999        1.2500000000000000     
 ( 0.15707215115058398     ,  2.8154340011742524E-003) ( 0.15856409346842687     ,  2.8775308449898282E-003)
 ( 0.13168835295962172     ,  2.7838724678475482E-003) (  1.0762836918174529E-008,  2.3018668946470666E-010) (  1.0762836496353182E-008,  2.3018668884572255E-010) (-0.13299083103012022     , -2.8449929626866554E-003)
   3.5021500000000003        1.2500000000000000     
 ( 0.16410713529294668     ,  3.0543205249059643E-003) ( 0.16566919947782308     ,  3.1221205799585173E-003)
 ( 0.13686824326470703     ,  3.0190394685393322E-003) (  1.1186697890913589E-008,  2.4966575286872049E-010) (  1.1186697411848867E-008,  2.4966575215283103E-010) (-0.13822665145696392     , -3.0857298142366496E-003)
   3.5521449999999994        1.2500000000000000     
 ( 0.17135211991986371     ,  3.3093914338883498E-003) ( 0.17298662767991865     ,  3.3833316450967718E-003)
 ( 0.14215284229225811     ,  3.2699711557034839E-003) (  1.1619165969062118E-008,  2.7045458611607420E-010) (  1.1619165426377934E-008,  2.7045458529098496E-010) (-0.14356865910550640     , -3.3426514880891358E-003)
   3.6021399999999995        1.2500000000000000     
 ( 0.17881028470271793     ,  3.5814502452229187E-003) ( 0.18051961140436829     ,  3.6619947865423053E-003)
 ( 0.14754106293907512     ,  3.5374268721712811E-003) (  1.2060155174973546E-008,  2.9261671562441628E-010) (  1.2060154555238813E-008,  2.9261671467369655E-010) (-0.14901578254643461     , -3.6165426538312252E-003)
   3.6521349999999995        1.2500000000000000     
 ( 0.18648479418120359     ,  3.8713232724545887E-003) ( 0.18827135766211578     ,  3.9589641070220949E-003)
 ( 0.15303170881329128     ,  3.8221846037464376E-003) (  1.2509569995349080E-008,  3.1621721124625285E-010) (  1.2509569292427475E-008,  3.1621721009220665E-010) (-0.15456683139778740     , -3.9082070028970319E-003)
   3.7021299999999995        1.2500000000000000     
 ( 0.19437884370365768     ,  4.1798598568028459E-003) ( 0.19624511234112252     ,  4.2751183804661365E-003)
 ( 0.15862351159525101     ,  4.1250409056693381E-003) (  1.2967309233000091E-008,  3.4132276570073337E-010) (  1.2967308452306594E-008,  3.4132276456544767E-010) (-0.16022054452794102     , -4.2184682251798396E-003)
   3.7521249999999995        1.2500000000000000     
 ( 0.20249558309421400     ,  4.5079320496729091E-003) ( 0.20444407166656986     ,  4.6113604107347579E-003)
 ( 0.16431504959898849     ,  4.4468102141299350E-003) (  1.3433259365646923E-008,  3.6800161409752267E-010) (  1.3433258478968360E-008,  3.6800161265128928E-010) (-0.16597550993631033     , -4.5481690066436669E-003)
   3.8021199999999995        1.2500000000000000     
 ( 0.21083817751542536     ,  4.8564340964244003E-003) ( 0.21287145270479513     ,  4.9686163916949182E-003)
 ( 0.17010482649046674     ,  4.7883239777713272E-003) (  1.3907300658598442E-008,  3.9632345063963410E-010) (  1.3907299671566563E-008,  3.9632344898137484E-010) (-0.17183023582948720     , -4.8981699950026991E-003)
   3.8521149999999995        1.2500000000000000     
 ( 0.21940976413064989     ,  5.2262828323431125E-003) ( 0.22153043935474370     ,  5.3478363842856900E-003)
 ( 0.17599120417275332     ,  5.1504306619661062E-003) (  1.4389301997138153E-008,  4.2635943578391538E-010) (  1.4389300889976800E-008,  4.2635943385235910E-010) (-0.17778309197516029     , -5.2693498782409960E-003)
   3.9021099999999995        1.2500000000000000     
 ( 0.22821350331611293     ,  5.6184167538565364E-003) ( 0.23042423804777132     ,  5.7499937025544019E-003)
 ( 0.18197247305063241     ,  5.5339943897280098E-003) (  1.4879125872132311E-008,  4.5818210996110747E-010) (  1.4879124632372324E-008,  4.5818210778552764E-010) (-0.18383236723521537     , -5.6626043253916710E-003)
   3.9521050000000000        1.2500000000000000     
 ( 0.23725250980660970     ,  6.0337963033130848E-003) ( 0.23955600860812834     ,  6.1760847498472278E-003)
 ( 0.18804677033073211     ,  5.9398948121591683E-003) (  1.5376622468928796E-008,  4.9186534675143855E-010) (  1.5376621067425921E-008,  4.9186534404965067E-010) (-0.18997619856262715     , -6.0788453780474929E-003)
   4.0021000000000004        1.2500000000000000     
 ( 0.24652990855066215     ,  6.4734035266484670E-003) ( 0.24892893173637629     ,  6.6271293026063495E-003)
 ( 0.19421214665346978     ,  6.3690262927907854E-003) (  1.5881635706049633E-008,  5.2748433481342197E-010) (  1.5881634142399012E-008,  5.2748433196899258E-010) (-0.19621264424154397     , -6.5190012369660431E-003)
   4.0520950000000004        1.2500000000000000     
 ( 0.25604881188531103     ,  6.9382398876128831E-003) ( 0.25854616926840579     ,  7.1041677415981984E-003)
 ( 0.20046653416507659     ,  6.8222952336617097E-003) (  1.6393999386976310E-008,  5.6511531437897505E-010) (  1.6393997669985188E-008,  5.6511531132021500E-010) (-0.20253963928887267     , -6.9840129966826196E-003)
   4.1020900000000005        1.2500000000000000     
 ( 0.26581232670423699     ,  7.4293290476481894E-003) ( 0.26841086710367662     ,  7.6082644381539732E-003)
 ( 0.20680775809612470     ,  7.3006223582255834E-003) (  1.6913537494304760E-008,  6.0483580959123288E-010) (  1.6913535547247995E-008,  6.0483580577244088E-010) (-0.20895499464857492     , -7.4748374878179100E-003)
   4.1520850000000005        1.2500000000000000     
 ( 0.27582353715894425     ,  7.9477143829028811E-003) ( 0.27852616463331270     ,  8.1405049918109700E-003)
 ( 0.21323351538235624     ,  7.8049396692495849E-003) (  1.7440065377623455E-008,  6.4672435766261393E-010) (  1.7440063242783121E-008,  6.4672435308149703E-010) (-0.21545641420582756     , -7.9924439398284947E-003)
   4.2020800000000005        1.2500000000000000     
 ( 0.28608550285400725     ,  8.4944568449168284E-003) ( 0.28889517182500135     ,  8.7019935131075945E-003)
 ( 0.21974137789107825     ,  8.3361877290742924E-003) (  1.7973387008397960E-008,  6.9086024157039698E-010) (  1.7973384631154628E-008,  6.9086023726048427E-010) (-0.22204146301932456     , -8.5378106825210621E-003)
   4.2520750000000005        1.2500000000000000     
 ( 0.29660132651378573     ,  9.0706381507487960E-003) ( 0.29952103241967343     ,  9.2938573621553170E-003)
 ( 0.22632885677313774     ,  8.8953182860785178E-003) (  1.8513301440087490E-008,  7.3732382591925333E-010) (  1.8513298801067845E-008,  7.3732382052275566E-010) (-0.22870764490479725     , -9.1119292257174390E-003)
   4.3020699999999996        1.2500000000000000     
 ( 0.30737400747803473     ,  9.6773583841399079E-003) ( 0.31040680394634440     ,  9.9172435267435698E-003)
 ( 0.23299326734553097     ,  9.4832912408937420E-003) (  1.9059592433375115E-008,  7.8619621141842864E-010) (  1.9059589507990237E-008,  7.8619620484596396E-010) (-0.23545226980192363     , -9.7158000451632552E-003)
   4.3520649999999996        1.2500000000000000     
 ( 0.31840661344373911     ,  1.0315733876521025E-002) ( 0.32155558592007960     ,  1.0573316422216509E-002)
 ( 0.23973186718990042     ,  1.0101071841632071E-002) (  1.9612037703835307E-008,  8.3755899691475801E-010) (  1.9612034485895680E-008,  8.3755898950305698E-010) (-0.24227257890615081     , -1.0350429599535950E-002)
   4.4020599999999996        1.2500000000000000     
 ( 0.32970213189961955     ,  1.0986898821311217E-002) ( 0.33297042587929987     ,  1.1263260868145776E-002)
 ( 0.24654176044117609     ,  1.0749631627824229E-002) (  2.0170403890979026E-008,  8.9149446918880346E-010) (  2.0170400325617917E-008,  8.9149446168648665E-010) (-0.24916567038860404     , -1.1016832650260931E-002)
   4.4520549999999997        1.2500000000000000     
 ( 0.34126360900848551     ,  1.1692003699135846E-002) ( 0.34465441563658583     ,  1.1988279006139187E-002)
 ( 0.25341998520561532     ,  1.1429946102680170E-002) (  2.0734451623386474E-008,  9.4808529031104378E-010) (  2.0734447675983302E-008,  9.4808528111864188E-010) (-0.25612857204928863     , -1.1716028391668331E-002)
   4.5020499999999997        1.2500000000000000     
 ( 0.35309400936381025     ,  1.2432213785586984E-002) ( 0.35661056851766665     ,  1.2749588953748552E-002)
 ( 0.26036341023846737     ,  1.2142992570579592E-002) (  2.1303927732247512E-008,  1.0074143242427630E-009) (  2.1303923399648553E-008,  1.0074143139705010E-009) (-0.26315813993650344     , -1.2449038329737145E-002)
   4.5520449999999997        1.2500000000000000     
 ( 0.36519629234624745     ,  1.3208709370981323E-002) ( 0.36884188596441070     ,  1.3548427022211080E-002)
 ( 0.26736879057864160     ,  1.2889749419070751E-002) (  2.1878569315361777E-008,  1.0695647510320851E-009) (  2.1878564564316779E-008,  1.0695647390461946E-009) (-0.27025110487238657     , -1.3216887603377206E-002)
   4.6020399999999997        1.2500000000000000     
 ( 0.37757343269973798     ,  1.4022686068513920E-002) ( 0.38135137493945293     ,  1.4386045454918594E-002)
 ( 0.27443280312768692     ,  1.3671195748958908E-002) (  2.2458105962103527E-008,  1.1346198174944347E-009) (  2.2458100704106931E-008,  1.1346198034925020E-009) (-0.27740411014359578     , -1.4020601957292662E-002)
   4.6520349999999997        1.2500000000000000     
 ( 0.39022836930953081     ,  1.4875350697939745E-002) ( 0.39414205455090101     ,  1.5263709503268507E-002)
 ( 0.28155198127811137     ,  1.4488306269879285E-002) (  2.3042260130405036E-008,  1.2026625231074943E-009) (  2.3042254350522589E-008,  1.2026625074002485E-009) (-0.28461370712710943     , -1.4861203788451332E-002)
   4.7020300000000006        1.2500000000000000     
 ( 0.40316400066612912     ,  1.5767921553213715E-002) ( 0.40721681855463737     ,  1.6182697801809382E-002)
 ( 0.28872271287320306     ,  1.5342050741851975E-002) (  2.3630734971391684E-008,  1.2737755787883108E-009) (  2.3630728658486018E-008,  1.2737755622784291E-009) (-0.29187621111845136     , -1.5739711682809330E-002)
   4.7520250000000006        1.2500000000000000     
 ( 0.41638325040659846     ,  1.6701631890081420E-002) ( 0.42057867880095373     ,  1.7144306399390474E-002)
 ( 0.29594132780486643     ,  1.6233396510744135E-002) (  2.4223236074346282E-008,  1.3480416590153391E-009) (  2.4223229165759538E-008,  1.3480416391169025E-009) (-0.29918796445229834     , -1.6657143388079956E-002)
   4.8020200000000006        1.2500000000000000     
 ( 0.42988900122497936     ,  1.7677721075425906E-002) ( 0.43423054083549778     ,  1.8149837057973482E-002)
 ( 0.30320400793807956     ,  1.7163298620530433E-002) (  2.4819453043223057E-008,  1.4255423574034147E-009) (  2.4819445450134069E-008,  1.4255423360672849E-009) (-0.30654511077579039     , -1.7614503073062074E-002)
   4.8520150000000006        1.2500000000000000     
 ( 0.44368412535196772     ,  1.8697439847147300E-002) ( 0.44817533392416892     ,  1.9200607299335724E-002)
 ( 0.31050682705170612     ,  1.8132704135560125E-002) (  2.5419067365146241E-008,  1.5063589370121707E-009) (  2.5419059065787560E-008,  1.5063589137116151E-009) (-0.31394369277824963     , -1.8612790366664383E-002)
   4.9020100000000006        1.2500000000000000     
 ( 0.45777145382028067     ,  1.9762048967970944E-002) ( 0.46241590299444718     ,  2.0297945829984603E-002)
 ( 0.31784570879297797     ,  1.9142549662535664E-002) (  2.6021746672155099E-008,  1.5905718539027115E-009) (  2.6021737609012952E-008,  1.5905718251509516E-009) (-0.32137958898663271     , -1.9652994585052909E-002)
   4.9520050000000007        1.2500000000000000     
 ( 0.47215336880227426     ,  2.0872813133040354E-002) ( 0.47695555758561409     ,  2.1443183134365079E-002)
 ( 0.32521702167661787     ,  2.0193755281088955E-002) (  2.6627201251755426E-008,  1.6782600647049225E-009) (  2.6627202227790339E-008,  1.6782600984685146E-009) (-0.32884800140906401     , -2.0736081047691746E-002)
   5.0020000000000007        1.2500000000000000     
 ( 0.48683355708912418     ,  2.2031007036369073E-002) ( 0.49179635611473077     ,  2.2637668514064770E-002)
 ( 0.33261550267863232     ,  2.1287225220922738E-002) (  2.7234995263722110E-008,  1.7695017089649883E-009) (  2.7234996361273287E-008,  1.7695017452721395E-009) (-0.33634579443299228     , -2.1863019139231589E-002)
   5.0519950000000007        1.2500000000000000     
 ( 0.50181441342637645     ,  2.3237907281995256E-002) ( 0.50694153706079048     ,  2.3882750793600502E-002)
 ( 0.34003725141993679     ,  2.2423844759629254E-002) (  2.7844816159399679E-008,  1.8643733237326440E-009) (  2.7844817342308116E-008,  1.8643733659446513E-009) (-0.34386799637833138     , -2.3034743971666046E-002)
   5.1019899999999998        1.2500000000000000     
 ( 0.51709869748525139     ,  2.4494799260128743E-002) ( 0.52239390186021717     ,  2.5179787933733849E-002)
 ( 0.34747775441599194     ,  2.3604481891323914E-002) (  2.8456296989806298E-008,  1.9629499613732476E-009) (  2.8456298314438644E-008,  1.9629500084739481E-009) (-0.35141004987644864     , -2.4252176227132917E-002)
   5.1519849999999998        1.2500000000000000     
 ( 0.53268916559176893     ,  2.5802967912648075E-002) ( 0.53815623760455289     ,  2.6530143120685391E-002)
 ( 0.35493239034919760     ,  2.4829977648580980E-002) (  2.9069061500235007E-008,  2.0653048852209888E-009) (  2.9069062925856345E-008,  2.0653049377428441E-009) (-0.35896728014046880     , -2.5516214092011807E-002)
   5.2019799999999998        1.2500000000000000     
 ( 0.54858858387626031     ,  2.7163701622077617E-002) ( 0.55423133571233996     ,  2.7935180379422161E-002)
 ( 0.36239646252459273     ,  2.6101148807741448E-002) (  2.9682726892539952E-008,  2.1715091116566356E-009) (  2.9682728452568014E-008,  2.1715091686452228E-009) (-0.36653492994348974     , -2.6827727347905651E-002)
   5.2519749999999998        1.2500000000000000     
 ( 0.56479965563187995     ,  2.8578291996485733E-002) ( 0.57062194179548476     ,  2.9396272124663534E-002)
 ( 0.36986511357233370     ,  2.7418786373313783E-002) (  3.0296898235541483E-008,  2.2816319203531399E-009) (  3.0296899949293601E-008,  2.2816319838907960E-009) (-0.37410810148210588     , -2.8187563727886260E-002)
   5.3019699999999998        1.2500000000000000     
 ( 0.58132507373262865     ,  3.0048026434416827E-002) ( 0.58733078302240538     ,  3.0914785847490193E-002)
 ( 0.37733339775782443     ,  2.8783646453656348E-002) (  3.0911172747147368E-008,  2.3957396401939423E-009) (  3.0911174648721114E-008,  2.3957397124243183E-009) (-0.38168178359738542     , -2.9596533853183088E-002)
   5.3519649999999999        1.2500000000000000     
 ( 0.59816757154141342     ,  3.1574197881107331E-002) ( 0.60436061989352019     ,  3.2492098751964772E-002)
 ( 0.38479630566954043     ,  3.0196458852070257E-002) (  3.1525142173532651E-008,  2.5138967310549261E-009) (  3.1525144244969451E-008,  2.5138968082743191E-009) (-0.38925091287844182     , -3.1055424645324268E-002)
   5.4019599999999999        1.2500000000000000     
 ( 0.61532978913712300     ,  3.3158094672822408E-002) ( 0.62171411827346668     ,  3.4129582963308938E-002)
 ( 0.39224864237072921     ,  3.1657915255720148E-002) (  3.2138382659615482E-008,  2.6361644381449975E-009) (  3.2138384891227119E-008,  2.6361645240026749E-009) (-0.39681021996305793     , -3.2564982536642216E-002)
   5.4519549999999999        1.2500000000000000     
 ( 0.63281444471166004     ,  3.4800997614277747E-002) ( 0.63939403845650122     ,  3.5828606091366740E-002)
 ( 0.39968524083247881     ,  3.3168664536122772E-002) (  3.2750474792355995E-008,  2.7626007176195519E-009) (  3.2750477220686462E-008,  2.7626008129581720E-009) (-0.40435449362087805     , -3.4125912627843355E-002)
   5.5019499999999999        1.2500000000000000     
 ( 0.65062411202967463     ,  3.6504192795166118E-002) ( 0.65740297872929587     ,  3.7590538868926104E-002)
 ( 0.40710066595400601     ,  3.4729324446490607E-002) (  3.3360974040034604E-008,  2.8932607368032604E-009) (  3.3360976729209707E-008,  2.8932608425065500E-009) (-0.41187821679861775     , -3.5738884713700451E-002)
   5.5519449999999999        1.2500000000000000     
 ( 0.66876144635894408     ,  3.8268955525843931E-002) ( 0.67574358653285849     ,  3.9416749363298857E-002)
 ( 0.41448949747561481     ,  3.6340463490349452E-002) (  3.3969435960001911E-008,  3.0281962392232850E-009) (  3.3969438892204902E-008,  3.0281963592194015E-009) (-0.41937586288212098     , -3.7404525395192970E-002)
   5.6019399999999999        1.2500000000000000     
 ( 0.68722907754809648     ,  4.0096558309947579E-002) ( 0.69441857084350078     ,  4.1308599765124243E-002)
 ( 0.42184620147011398     ,  3.8002607517533128E-002) (  3.4575413182072776E-008,  3.1674551832719772E-009) (  3.4575416322860449E-008,  3.1674553126814839E-009) (-0.42684188257183586     , -3.9123413630428969E-002)
   5.6519349999999999        1.2500000000000000     
 ( 0.70602964219830000     ,  4.1988264079876492E-002) ( 0.71343053983585758     ,  4.3267444192134345E-002)
 ( 0.42916516841520691     ,  3.9716230633716230E-002) (  3.5178444008374590E-008,  3.3110813494312787E-009) (  3.5178447475532932E-008,  3.3110814923338669E-009) (-0.43427053144075806     , -4.0896075948938862E-002)
   5.7019299999999999        1.2500000000000000     
 ( 0.72516569901390138     ,  4.3945331995738565E-002) ( 0.73278209867459010     ,  4.5294636047107276E-002)
 ( 0.43644063302746527     ,  4.1481760117223362E-002) (  3.5778059377733178E-008,  3.4591148850990555E-009) (  3.5778063098526748E-008,  3.4591150427136361E-009) (-0.44165599477680645     , -4.2722992788969121E-002)
   5.7519250000000000        1.2500000000000000     
 ( 0.74463980856839973     ,  4.5969010703857636E-002) ( 0.75247579758799554     ,  4.7391518842125557E-002)
 ( 0.44366676903517083     ,  4.3299566755395244E-002) (  3.6373782242701742E-008,  3.6115913079927633E-009) (  3.6373786282579154E-008,  3.6115914816011374E-009) (-0.44899233129479865     , -4.4604586405853693E-002)
   5.8019200000000000        1.2500000000000000     
 ( 0.76445458382049025     ,  4.8060543262501060E-002) ( 0.77251431620174282     ,  4.9559433929161623E-002)
 ( 0.45083771466219474     ,  4.5169968866988007E-002) (  3.6965135213375097E-008,  3.7685420421591898E-009) (  3.6965139552844384E-008,  3.7685422332470409E-009) (-0.45627362222844409     , -4.6541227357831665E-002)
   5.8519150000000009        1.2500000000000000     
 ( 0.78461260577848757     ,  5.0221159028802954E-002) ( 0.79290021224317297     ,  5.1799707163364829E-002)
 ( 0.45794750723333139     ,  4.7093221345089843E-002) (  3.7551628496571376E-008,  3.9299931319377526E-009) (  3.7551633258729241E-008,  3.9299933449051678E-009) (-0.46349377628015503     , -4.8533218769890474E-002)
   5.9019100000000000        1.2500000000000000     
 ( 0.80511642876188838     ,  5.2452081205748680E-002) ( 0.81363605227625191     ,  5.4113660652832116E-002)
 ( 0.46499006004243060     ,  4.9069521975782321E-002) (  3.8132765332281260E-008,  4.0959660768595817E-009) (  3.8132770495597747E-008,  4.0959663104145513E-009) (-0.47064662503437121     , -5.0580806048384101E-002)
   5.9519050000000000        1.2500000000000000     
 ( 0.82596856312889066     ,  5.4754516421219118E-002) ( 0.83472433923483802     ,  5.6502599593695566E-002)
 ( 0.47195921550802378     ,  5.1098998660568579E-002) (  3.8708038880368793E-008,  4.2664765648238803E-009) (  3.8708044477080275E-008,  4.2664768205423453E-009) (-0.47772587903701219     , -5.2684161574737466E-002)
   6.0019000000000000        1.2500000000000000     
 ( 0.84717162079063757     ,  5.7129666813261426E-002) ( 0.85616775595512373     ,  5.8967830703951507E-002)
 ( 0.47884882692315184     ,  5.3181718884506728E-002) (  3.9276951804701704E-008,  4.4415357689975100E-009) (  3.9276957854671951E-008,  4.4415360390230985E-009) (-0.48472534108834980     , -5.4843400739118850E-002)
   6.0518950000000000        1.2500000000000000     
 ( 0.86872810402294698     ,  5.9578715832683871E-002) ( 0.87796874664849955     ,  6.1510638954157357E-002)
 ( 0.48565257203790402     ,  5.5317674262925061E-002) (  3.9838980867320085E-008,  4.6211483002687119E-009) (  3.9838987427732067E-008,  4.6211486003594826E-009) (-0.49163852997926294     , -5.7058556523474600E-002)
   6.1018900000000000        1.2500000000000000     
 ( 0.89064056253497337     ,  6.2102839767170320E-002) ( 0.90012988168129227     ,  6.4132305522779445E-002)
 ( 0.49236411062675700     ,  5.7506789879179364E-002) (  4.0393608853453952E-008,  4.8053135705345905E-009) (  4.0393615878956968E-008,  4.8053138891961715E-009) (-0.49845900401780974     , -5.9329595720760159E-002)
   6.1518850000000000        1.2500000000000000     
 ( 0.91291153389234381     ,  6.4703198431159847E-002) ( 0.92265371581033806     ,  6.6834091895914077E-002)
 ( 0.49897704796954240     ,  5.9748911611674109E-002) (  4.0940311628685897E-008,  4.9940241428149133E-009) (  4.0940319236122624E-008,  4.9940245017291941E-009) (-0.50518026132118821     , -6.1656399512101945E-002)
   6.2018800000000001        1.2500000000000000     
 ( 0.93554357878194572     ,  6.7380943562014198E-002) ( 0.94554279799566243     ,  6.9617258136266499E-002)
 ( 0.50548493457340526     ,  6.2043813493168502E-002) (  4.1478560662285806E-008,  5.1872671942062454E-009) (  4.1478568881019428E-008,  5.1872675860466257E-009) (-0.51179574486782653     , -6.4038780505590961E-002)
   6.2518750000000001        1.2500000000000000     
 ( 0.95853925921475458     ,  7.0137212293660572E-002) ( 0.96879969283870904     ,  7.2483050209096539E-002)
 ( 0.51188128398666666     ,  6.4391188099122532E-002) (  4.2007823273528308E-008,  5.3850231591349408E-009) (  4.2007832130391902E-008,  5.3850235866067241E-009) (-0.51829881296442015     , -6.6476466342004395E-002)
   6.3018700000000001        1.2500000000000000     
 ( 0.98190109138313109     ,  7.2973120123657947E-002) ( 0.99242688139774760     ,  7.5432686684501635E-002)
 ( 0.51815947368357340     ,  6.6790637455577506E-002) (  4.2527556045227350E-008,  5.5872645899653485E-009) (  4.2527565608025421E-008,  5.5872650497584583E-009) (-0.52468272921093750     , -6.8969085639387362E-002)
   6.3518650000000001        1.2500000000000000     
 (  1.0056316219866579     ,  7.5889788360575500E-002) (  1.0164269177103122     ,  7.8467402064110250E-002)
 ( 0.52431290559705879     ,  6.9241698909479524E-002) (  4.3037215182832971E-008,  5.7939593617555508E-009) (  4.3037225496231644E-008,  5.7939598626757423E-009) (-0.53094074036367744     , -7.1516207164780576E-002)
   6.4018600000000001        1.2500000000000000     
 (  1.0297334611779907     ,  7.8888298515863042E-002) (  1.0408024217131959     ,  8.1588385167486496E-002)
 ( 0.53033501865958543     ,  7.1743794921510784E-002) (  4.3536265078405627E-008,  6.0050654829305085E-009) (  4.3536276106073071E-008,  6.0050660281853582E-009) (-0.53706617742692953     , -7.4117276236070243E-002)
   6.4518550000000001        1.2500000000000000     
 (  1.0542091683875585     ,  8.1969741854475336E-002) (  1.0655559341813381     ,  8.4796835370949883E-002)
 ( 0.53621906375861139     ,  7.4296282663039837E-002) (  4.4024151794673847E-008,  6.2205355897382363E-009) (  4.4024163754157578E-008,  6.2205361825238410E-009) (-0.54305217415103546     , -7.6771669209465432E-002)
   6.5018500000000001        1.2500000000000000     
 (  1.0790612715711243     ,  8.5135185230705165E-002) (  1.0906899509722898     ,  8.8093937110888504E-002)
 ( 0.54195832098014751     ,  7.6898415716117149E-002) (  4.4500320287122713E-008,  6.4403144598774036E-009) (  4.4500333153475069E-008,  6.4403151038745641E-009) (-0.54889183506638373     , -7.9478663811035494E-002)
   6.5518450000000001        1.2500000000000000     
 (  1.1042924211674872     ,  8.8385693031524534E-002) (  1.1162071062228081     ,  9.1480860471308198E-002)
 ( 0.54754608177286745     ,  7.9549363485011085E-002) (  4.4964219553210491E-008,  6.6643389728296686E-009) (  4.4964233386149353E-008,  6.6643396719015515E-009) (-0.55457829733154396     , -8.2237437510700284E-002)
   6.6018400000000002        1.2500000000000000     
 (  1.1299051678533207     ,  9.1722299283985745E-002) (  1.1421099254253793     ,  9.4958754165408679E-002)
 ( 0.55297554476433064     ,  8.2248182712771664E-002) (  4.5415290684429759E-008,  6.8925374266809487E-009) (  4.5415305553178326E-008,  6.8925381846339456E-009) (-0.56010463252020182     , -8.5047059948225451E-002)
   6.6518350000000002        1.2500000000000000     
 (  1.1559022078724022     ,  9.5146051620000519E-002) (  1.1684011140916326     ,  9.8528777211800797E-002)
 ( 0.55824000985871913     ,  8.4993855558512049E-002) (  4.5852983676106256E-008,  7.1248315851385085E-009) (  4.5852999659624780E-008,  7.1248324057516859E-009) (-0.56546400821250131     , -8.7906517467673598E-002)
   6.7018300000000002        1.2500000000000000     
 (  1.1822860518780431     ,  9.8657965846597778E-002) (  1.1950831223073535     , 0.10219206305950541     )
 ( 0.56333259101836297     ,  8.7785244174656621E-002) (  4.6276728270109566E-008,  7.3611338672498295E-009) (  4.6276745329975184E-008,  7.3611347560458561E-009) (-0.57064933545787211     , -9.0814678482696545E-002)
   6.7518250000000002        1.2500000000000000     
 (  1.2090594971890838     , 0.10225906078364988     ) (  1.2221587487445220     , 0.10594974247856476     )
 ( 0.56824658642611336     ,  9.0621122899583600E-002) (  4.6685976235757947E-008,  7.6013489184464156E-009) (  4.6685994538240234E-008,  7.6013498677068610E-009) (-0.57565380316194370     , -9.3770312956947294E-002)
   6.8018200000000002        1.2500000000000000     
 (  1.2362251711928769     , 0.10595033354208359     ) (  1.2496305483143619     , 0.10980292451070366     )
 ( 0.57297520775723243     ,  9.3500149319856021E-002) (  4.7080165166334413E-008,  7.8453716505420981E-009) (  4.7080184793919589E-008,  7.8453726802587157E-009) (-0.58047043364642181     , -9.6772068150902155E-002)
   6.8518150000000002        1.2500000000000000     
 (  1.2637857234196059     , 0.10973278452235408     ) (  1.2775011722571499     , 0.11375272470184276     )
 ( 0.57751159160311605     ,  9.6420886343797085E-002) (  4.7458731378723683E-008,  8.0930895265936686E-009) (  4.7458752425669164E-008,  8.0930906351327735E-009) (-0.58509222298314711     , -9.9818496437701063E-002)
   6.9018100000000002        1.2500000000000000     
 (  1.2917438701904407     , 0.11360740253944134     ) (  1.3057732588408462     , 0.11780025269521373     )
 ( 0.58184900031911779     ,  9.9381788607146776E-002) (  4.7821116145973627E-008,  8.3443813351593459E-009) (  4.7821138625334778E-008,  8.3443825313442471E-009) (-0.58951223152341037     ,-0.10290804033013036     )
   6.9518050000000002        1.2500000000000000     
 (  1.3201024111734376     , 0.11757517323805045     ) (  1.3344496269457973     , 0.12194660659438156     )
 ( 0.58598070514509271     , 0.10238120354270942     ) (  4.8166767030431563E-008,  8.5991163543892913E-009) (  4.8166791063904811E-008,  8.5991176446698103E-009) (-0.59372361692243603     ,-0.10603902190169205     )
   7.0018000000000011        1.2500000000000000     
 (  1.3488641097374585     , 0.12163707715761801     ) (  1.3635329870631292     , 0.12619288158342579     )
 ( 0.58989999656936420     , 0.10541736816355768     ) (  4.8495131768429306E-008,  8.8571549074259454E-009) (  4.8495157609621218E-008,  8.8571562978548954E-009) (-0.59771948647215689     ,-0.10920964994216154     )
   7.0517949999999994        1.2500000000000000     
 (  1.3780317080420055     , 0.12579408151763577     ) (  1.3930259889036083     , 0.13054016429223683     )
 ( 0.59360005467633326     , 0.10848839872374254     ) (  4.8805642351528850E-008,  9.1183476680818705E-009) (  4.8805669978891292E-008,  9.1183491534497094E-009) (-0.60149283317365210     ,-0.11241801134298271     )
   7.1017899999999994        1.2500000000000000     
 (  1.4076080395140074     , 0.13004716601431510     ) (  1.4229314333443086     , 0.13498954622466716     )
 ( 0.59707429125023426     , 0.11159231510941144     ) (  4.9097758304305324E-008,  9.3825367160165807E-009) (  4.9097787740345841E-008,  9.3825383141620985E-009) (-0.60503690804902710     ,-0.11566208312474671     )
   7.1517849999999994        1.2500000000000000     
 (  1.4375960345025078     , 0.13439730687352675     ) (  1.4532522636290650     , 0.13954212828117524     )
 ( 0.60031613655429572     , 0.11472701920315462     ) (  4.9370935479544297E-008,  9.6495552997555211E-009) (  4.9370966955867736E-008,  9.6495570186170941E-009) (-0.60834498294898354     ,-0.11893973043109304     )
   7.2017799999999994        1.2500000000000000     
 (  1.4679967794864432     , 0.13884533838693291     ) (  1.4839913180484323     , 0.14419896662407813     )
 ( 0.60331710660418214     , 0.11789015757244685     ) (  4.9624528945098681E-008,  9.9192207838094982E-009) (  4.9624525924642010E-008,  9.9192207448861819E-009) (-0.61141089808468718     ,-0.12224866687717134     )
   7.2517749999999994        1.2500000000000000     
 (  1.4988165592887626     , 0.14339249866425385     ) (  1.5151512425490414     , 0.14896120462974807     )
 ( 0.60607421986621224     , 0.12107966232396374     ) (  4.9858179644345563E-008,  1.0191356261279495E-008) (  4.9858176396359650E-008,  1.0191356218276625E-008) (-0.61422663595641969     ,-0.12558653372141351     )
   7.3017699999999994        1.2500000000000000     
 (  1.5300566719299782     , 0.14803965701666291     ) (  1.5467350043065968     , 0.15382993122834715     )
 ( 0.60857924414400300     , 0.12429297106917571     ) (  5.0071262265715377E-008,  1.0465761745767967E-008) (  5.0071258767377997E-008,  1.0465761697862988E-008) (-0.61678618411565156     ,-0.12895082093957411     )
   7.3517649999999994        1.2500000000000000     
 (  1.5617201247087242     , 0.15278779500605055     ) (  1.5787455475819565     , 0.15880625267616569     )
 ( 0.61082583212210217     , 0.12752751903585549     ) (  5.0263246765888406E-008,  1.0742231779433640E-008) (  5.0263242995334496E-008,  1.0742231727002049E-008) (-0.61908295699796767     ,-0.13233890188983591     )
   7.4017599999999995        1.2500000000000000     
 (  1.5938099101114818     , 0.15763792094188617     ) (  1.6111858240737329     , 0.16389128624552893     )
 ( 0.61280760681930269     , 0.13078063546542762     ) (  5.0433606562898564E-008,  1.1020550691320212E-008) (  5.0433602463968278E-008,  1.1020550633268042E-008) (-0.62111041869630024     ,-0.13574802177160314     )
   7.4517549999999995        1.2500000000000000     
 (  1.6263291373944919     , 0.16259103361291963     ) (  1.6440588564816898     , 0.16908615306373981     )
 ( 0.61451843389357452     , 0.13404951732956394     ) (  5.0581833850403886E-008,  1.1300493134398065E-008) (  5.0581829469277215E-008,  1.1300493070961332E-008) (-0.62286229268166016     ,-0.13917530161599892     )
   7.5017499999999995        1.2500000000000000     
 (  1.6592808460968089     , 0.16764816237236907     ) (  1.6773676464530693     , 0.17439200076681272     )
 ( 0.61595202457849041     , 0.13733125751168382     ) (  5.0707407359066279E-008,  1.1581824632374911E-008) (  5.0707402635707036E-008,  1.1581824562371042E-008) (-0.62433212581979569     ,-0.14261774740244923     )
   7.5517449999999995        1.2500000000000000     
 (  1.6926681431449662     , 0.17281036359577534     ) (  1.7111151537094480     , 0.17981000047969450     )
 ( 0.61710234772455952     , 0.14062284445301682     ) (  5.0809818127134680E-008,  1.1864301722491805E-008) (  5.0809813027754669E-008,  1.1864301644887394E-008) (-0.62551359244027505     ,-0.14607225058840340     )
   7.6017399999999995        1.2500000000000000     
 (  1.7264942916809427     , 0.17807867289037121     ) (  1.7453046944367210     , 0.18534130707118607     )
 ( 0.61796346500102250     , 0.14392111247246619     ) (  5.0888584041406471E-008,  1.2147668567468144E-008) (  5.0888578553119573E-008,  1.2147668482525375E-008) (-0.62640076201733608     ,-0.14953554488135712     )
   7.6517349999999995        1.2500000000000000     
 (  1.7607623336791616     , 0.18345418865537316     ) (  1.7799391013455363     , 0.19098714239681458     )
 ( 0.61852938725158013     , 0.14722282134430503     ) (  5.0943197024089956E-008,  1.2431663366408045E-008) (  5.0943191186575305E-008,  1.2431663273018510E-008) (-0.62698735611776868     ,-0.15300428941467570     )
   7.7017299999999995        1.2500000000000000     
 (  1.7954757390924199     , 0.18893801058266749     ) (  1.8150218181240934     , 0.19674871759305010     )
 ( 0.61879450361771249     , 0.15052459206393601     ) (  5.0973197644265491E-008,  1.2716011764467646E-008) (  5.0973191324948322E-008,  1.2716011661715512E-008) (-0.62726767261560767     ,-0.15647498236669094     )
   7.7517249999999995        1.2500000000000000     
 (  1.8306375524561216     , 0.19453126550416108     ) (  1.8505558014733510     , 0.20262728437172331     )
 ( 0.61875308933949058     , 0.15382293057355109     ) (  5.0978097793680151E-008,  1.3000431021083857E-008) (  5.0978091014778198E-008,  1.3000430908230969E-008) (-0.62723568151932763     ,-0.15994401654768362     )
   7.8017199999999995        1.2500000000000000     
 (  1.8662512265535007     , 0.20023511030118094     ) (  1.8865444406395684     , 0.20862411053216762     )
 ( 0.61839963509100571     , 0.15711423478702391     ) (  5.0957450722708617E-008,  1.3284628112965633E-008) (  5.0957443460872430E-008,  1.3284627989952687E-008) (-0.62688589255786276     ,-0.16340765363312795     )
   7.8517150000000004        1.2500000000000000     
 (  1.9023201735255830     , 0.20605072373312738     ) (  1.9229910306801437     , 0.21474049588157756     )
 ( 0.61772887396022824     , 0.16039477341445274     ) (  5.0910807724976121E-008,  1.3568300289554227E-008) (  5.0910799939706832E-008,  1.3568300154043070E-008) (-0.62621276819122218     ,-0.16686203204372635     )
   7.9017100000000005        1.2500000000000000     
 (  1.9388475393883200     , 0.21197933493724030     ) (  1.9598985638734745     , 0.22097778440425100     )
 ( 0.61673536014792374     , 0.16366072098054862     ) (  5.0837712921115590E-008,  1.3851136336672220E-008) (  5.0837704558282466E-008,  1.3851136188793618E-008) (-0.62521068070525354     ,-0.17030318401530897     )
   7.9517050000000005        1.2500000000000000     
 (  1.9758369998519516     , 0.21802221489655826     ) (  1.9972707054515695     , 0.22733736938394777     )
 ( 0.61541409591624607     , 0.16690814760834061     ) (  5.0737752986767927E-008,  1.4132816712596461E-008) (  5.0737744021016805E-008,  1.4132816549439655E-008) (-0.62387456381010953     ,-0.17372703395818795     )
   8.0016999999999996        1.2500000000000000     
 (  2.0132919219695604     , 0.22418064551395434     ) (  2.0351107169638665     , 0.23382064445629064     )
 ( 0.61376023510278221     , 0.17013299040877400     ) (  5.0610517497827188E-008,  1.4413010129255593E-008) (  5.0610507879867274E-008,  1.4413009951245825E-008) (-0.62219935323996112     ,-0.17712935739694069     )
   8.0516949999999987        1.2500000000000000     
 (  2.0512156930177730     , 0.23045595400203572     ) (  2.0734218158985027     , 0.24042905617064966     )
 ( 0.61176877654117301     , 0.17333107079224433     ) (  5.0455587318274088E-008,  1.4691376444819377E-008) (  5.0455577017634160E-008,  1.4691376252152935E-008) (-0.62017990268919132     ,-0.18050581948025060     )
   8.1016899999999996        1.2500000000000000     
 (  2.0896121566046664     , 0.23684954379115530     ) (  2.1122077660999170     , 0.24716412707492277     )
 ( 0.60943533561628427     , 0.17649814201588435     ) (  5.0272594031019914E-008,  1.4967569149005864E-008) (  5.0272582992089234E-008,  1.4967568937475982E-008) (-0.61781173332376249     ,-0.18385200392904300     )
   8.1516849999999987        1.2500000000000000     
 (  2.1284845189546111     , 0.24336282896016020     ) (  2.1514716428934464     , 0.25402738420670712     )
 ( 0.60675529095332237     , 0.17962981708101511     ) (  5.0061145654017257E-008,  1.5241230215206205E-008) (  5.0061133882811957E-008,  1.5241229982620798E-008) (-0.61508999620723126     ,-0.18716334809536403     )
   8.2016799999999996        1.2500000000000000     
 (  2.1678365575190917     , 0.24999729090919645     ) (  2.1912171512035576     , 0.26102042199406356     )
 ( 0.60372440214448098     , 0.18272161865565079     ) (  4.9820887797418926E-008,  1.5511993642442910E-008) (  4.9820875189337139E-008,  1.5511993390008897E-008) (-0.61201042526133986     ,-0.19043518904142387     )
   8.2516749999999988        1.2500000000000000     
 (  2.2076719465269803     , 0.25675445334044550     ) (  2.2314477744486019     , 0.26814487968607581     )
 ( 0.60033869299085252     , 0.18576896224330211     ) (  4.9551480514312224E-008,  1.5779484930258432E-008) (  4.9551467029016455E-008,  1.5779484654444135E-008) (-0.60856884947764422     ,-0.19366275830809157     )
   8.3016699999999997        1.2500000000000000     
 (  2.2479942425586139     , 0.26363590587687957     ) (  2.2721670109106835     , 0.27540246865072321     )
 ( 0.59659420652968920     , 0.18876717398133966     ) (  4.9252589759234504E-008,  1.6043322274661259E-008) (  4.9252575374450004E-008,  1.6043321973251749E-008) (-0.60476115336168645     ,-0.19684119094122846     )
   8.3516649999999988        1.2500000000000000     
 (  2.2888071775481071     , 0.27064328286617184     ) (  2.3133783510837604     , 0.28279492962319669     )
 ( 0.59248721996416243     , 0.19171147072482839     ) (  4.8923896667695666E-008,  1.6303113886852737E-008) (  4.8923881246747653E-008,  1.6303113562064303E-008) (-0.60058356170747895     ,-0.19996550395874710     )
   8.4016599999999997        1.2500000000000000     
 (  2.3301144271859293     , 0.27777828061674426     ) (  2.3550854616061905     , 0.29032407150273914     )
 ( 0.58801423659714658     , 0.19459698431301728     ) (  4.8565102403550178E-008,  1.6558460779634585E-008) (  4.8565085909278761E-008,  1.6558460424291442E-008) (-0.59603241581463018     ,-0.20303061576826847     )
   8.4516549999999988        1.2500000000000000     
 (  2.3719197716777400     , 0.28504266344829982     ) (  2.3972918961556462     , 0.29799176692013907     )
 ( 0.58317202242516109     , 0.19741875446638860     ) (  4.8175938624062252E-008,  1.6808956524747771E-008) (  4.8175921013845983E-008,  1.6808956137095920E-008) (-0.59110451095874395     ,-0.20603135724288096     )
   8.5016499999999997        1.2500000000000000     
 (  2.4142268413810668     , 0.29243825428331072     ) (  2.4400012059878597     , 0.30579995283903272     )
 ( 0.57795751764809089     , 0.20017173385232889     ) (  4.7756128584094626E-008,  1.7054187393407644E-008) (  4.7756109856249539E-008,  1.7054186973802494E-008) (-0.58579648574038212     ,-0.20896246571613242     )
   8.5516450000000006        1.2500000000000000     
 (  2.4570395871495339     , 0.29996694241351896     ) (  2.4832171012681425     , 0.31375063348101329     )
 ( 0.57236795470704849     , 0.20285077824437636     ) (  4.7305440742378732E-008,  1.7293731775436355E-008) (  4.7305420754218902E-008,  1.7293731318964020E-008) (-0.58010560550298107     ,-0.21181858148401464     )
   8.6016399999999980        1.2500000000000000     
 (  2.5003616262216455     , 0.30763069486318528     ) (  2.5269431637116000     , 0.32184587165675560     )
 ( 0.56640069405414306     , 0.20545069170568922     ) (  4.6823642066277120E-008,  1.7527161938523054E-008) (  4.6823620754051905E-008,  1.7527161440069821E-008) (-0.57402911901316589     ,-0.21459426747506199     )
   8.6516349999999989        1.2500000000000000     
 (  2.5441969355407483     , 0.31543152008163339     ) (  2.5711830477854947     , 0.33008778265915883     )
 ( 0.56005329940949700     , 0.20796614776228178     ) (  4.6310520314341599E-008,  1.7754040720119017E-008) (  4.6310497626938191E-008,  1.7754040178754856E-008) (-0.56756453090674974     ,-0.21728397553321574     )
   8.7016299999999980        1.2500000000000000     
 (  2.5885491470939761     , 0.32337154590920697     ) (  2.6159403579987641     , 0.33847861056318940     )
 ( 0.55332373237459964     , 0.21039182291384459     ) (  4.5765894074557495E-008,  1.7973931000026953E-008) (  4.5765869835327490E-008,  1.7973930412112221E-008) (-0.56070972174683686     ,-0.21988214878377130     )
   8.7516249999999989        1.2500000000000000     
 (  2.6334221902700481     , 0.33145290350873213     ) (  2.6612188389932725     , 0.34702057130162489     )
 ( 0.54621007547432388     , 0.21272222202312718     ) (  4.5189595567390800E-008,  1.8186379359406062E-008) (  4.5189569810307294E-008,  1.8186378722999547E-008) (-0.55346274554957520     ,-0.22238303788505359     )
   8.8016199999999980        1.2500000000000000     
 (  2.6788197735522634     , 0.33967785437974740     ) (  2.7070218464982214     , 0.35571602899978894     )
 ( 0.53871075199174223     , 0.21495185843338269     ) (  4.4581471368723158E-008,  1.8390934483207621E-008) (  4.4581443928027137E-008,  1.8390933794887201E-008) (-0.54582190241544359     ,-0.22478092223303178     )
   8.8516149999999989        1.2500000000000000     
 (  2.7247458294333122     , 0.34804873676617820     ) (  2.7533533650793429     , 0.36456742966423894     )
 ( 0.53082438979565849     , 0.21707518354510696     ) (  4.3941405067946875E-008,  1.8587139436414626E-008) (  4.3941375862540731E-008,  1.8587138690013702E-008) (-0.53778591523568664     ,-0.22707000370951283     )
   8.9016099999999980        1.2500000000000000     
 (  2.7712040486742326     , 0.35656794962138616     ) (  2.8002167204725867     , 0.37357726166653804     )
 ( 0.52254999015050785     , 0.21908655466441834     ) (  4.3269286486611713E-008,  1.8774529209924394E-008) (  4.3269255418843413E-008,  1.8774528395923577E-008) (-0.52935353572089516     ,-0.22924439705683583     )
   8.9516049999999989        1.2500000000000000     
 (  2.8181983539777180     , 0.36523797067278446     ) (  2.8476157420688426     , 0.38274807893492135     )
 ( 0.51388664150077967     , 0.22098030287611320     ) (  4.2565037440996593E-008,  1.8952634260010187E-008) (  4.2565004452163107E-008,  1.8952633384433963E-008) (-0.52052403138476178     ,-0.23129816050312127     )
   9.0015999999999980        1.2500000000000000     
 (  2.8657325333048647     , 0.37406133144724196     ) (  2.8955539887552222     , 0.39208251379360942     )
 ( 0.50483379443724585     , 0.22275066012892850     ) (  4.1828596415551241E-008,  1.9120979425801255E-008) (  4.1828561371726688E-008,  1.9120978478682630E-008) (-0.51129684367557371     ,-0.23322528594305120     )
   9.0515949999999989        1.2500000000000000     
 (  2.9138102974111582     , 0.38304069491490006     ) (  2.9440348514410952     , 0.40158330907660500     )
 ( 0.49539125406437007     , 0.22439189275541851     ) (  4.1059920857068911E-008,  1.9279090298066185E-008) (  4.1059883566781215E-008,  1.9279089271904318E-008) (-0.50167162220761674     ,-0.23501977688198994     )
   9.1015899999999981        1.2500000000000000     
 (  2.9624354189669466     , 0.39217877009249635     ) (  2.9930621640480304     , 0.41125326184236860     )
 ( 0.48555915693503338     , 0.22589815930575324     ) (  4.0259014676691029E-008,  1.9426484257853055E-008) (  4.0258975045176269E-008,  1.9426483149684830E-008) (-0.49164865180222772     ,-0.23667554511623312     )
   9.1515849999999990        1.2500000000000000     
 (  3.0116117367088711     , 0.40147837006830023     ) (  3.0426392004764709     , 0.42109524413093807     )
 ( 0.47533762201793334     , 0.22726364672274038     ) (  3.9425857490959205E-008,  1.9562678329124179E-008) (  3.9425815526719023E-008,  1.9562677131414056E-008) (-0.48122792796455771     ,-0.23818649616555465     )
   9.2015799999999981        1.2500000000000000     
 (  3.0613429198478856     , 0.41094236294553083     ) (  3.0927696563169644     , 0.43111219915438098     )
 ( 0.46472745299027102     , 0.22848246081459836     ) (  3.8560517199207781E-008,  1.9687184038607135E-008) (  3.8560472575869167E-008,  1.9687182750849863E-008) (-0.47041050845809218     ,-0.23954648038872262     )
   9.2515749999999990        1.2500000000000000     
 (  3.1116325869995229     , 0.42057370634171298     ) (  3.1434567619653802     , 0.44130715604469428     )
 ( 0.45372957312961421     , 0.22954869774578907     ) (  3.7663030448931301E-008,  1.9799512058085495E-008) (  3.7662983127835188E-008,  1.9799510663739171E-008) (-0.45919710633261468     ,-0.24074934035927140     )
   9.3015699999999981        1.2500000000000000     
 (  3.1624845011027181     , 0.43037546470599941     ) (  3.1947041223908283     , 0.45168324390395537     )
 ( 0.44234513294796590     , 0.23045648111095704     ) (  3.6733486461908253E-008,  1.9899174806766054E-008) (  3.6733436365723854E-008,  1.9899173304541098E-008) (-0.44758906751191480     ,-0.24178894840505721     )
   9.3515649999999990        1.2500000000000000     
 (  3.2139022532859398     , 0.44035072078183307     ) (  3.2465150759837194     , 0.46224357590553633     )
 ( 0.43057582169883263     , 0.23119983072882880     ) (  3.5772003428743152E-008,  1.9985672979800305E-008) (  3.5771950172063707E-008,  1.9985671354587509E-008) (-0.43558813326096180     ,-0.24265904687876341     )
   9.4015599999999999        1.2500000000000000     
 (  3.2658894650437986     , 0.45050271808511416     ) (  3.2988929717853450     , 0.47299147253884083     )
 ( 0.41842343922914915     , 0.23177288563129364     ) (  3.4778703237118514E-008,  2.0058520453874122E-008) (  3.4778646782820679E-008,  2.0058518712495263E-008) (-0.42319612392057870     ,-0.24335353261594489     )
   9.4515549999999990        1.2500000000000000     
 (  3.3184494954947161     , 0.46083472187561914     ) (  3.3518409139548444     , 0.48393021814113873     )
 ( 0.40589019806140664     , 0.23216970778080043     ) (  3.3753760692261752E-008,  2.0117220037894049E-008) (  3.3753700716097134E-008,  2.0117218161151510E-008) (-0.41041544808406843     ,-0.24386619400837339     )
   9.5015499999999999        1.2500000000000000     
 (  3.3715860014328785     , 0.47135007431897602     ) (  3.4053622612913896     , 0.49506320150076660     )
 ( 0.39297864288397572     , 0.23238435491009701     ) (  3.2697349230296645E-008,  2.0161277361632121E-008) (  3.2697285821904074E-008,  2.0161275348530956E-008) (-0.39724857491704341     ,-0.24419085349029468     )
   9.5515449999999991        1.2500000000000000     
 (  3.4253023608758264     , 0.48205221207164123     ) (  3.4594601265178313     , 0.50639387805458036     )
 ( 0.37969159115451828     , 0.23241094864069703     ) (  3.1609688355814920E-008,  2.0190199049027360E-008) (  3.1609621172881090E-008,  2.0190196863850946E-008) (-0.38369855903767780     ,-0.24432135654267736     )
   9.6015400000000000        1.2500000000000000     
 (  3.4796019813867307     , 0.49294467529610014     ) (  3.5141377487859731     , 0.51792580726118209     )
 ( 0.36603226012729523     , 0.23224364248362681     ) (  3.0491021664217054E-008,  2.0203496971750672E-008) (  3.0490950762611492E-008,  2.0203494635048448E-008) (-0.36976870701777581     ,-0.24425163833369121     )
   9.6515349999999991        1.2500000000000000     
 (  3.5344881589043231     , 0.50403100353414365     ) (  3.5693979405430185     , 0.52966254260928403     )
 ( 0.35200412335182552     , 0.23187655872137522     ) (  2.9341606119984145E-008,  2.0200677816110510E-008) (  2.9341530899516612E-008,  2.0200675304381659E-008) (-0.35546257593249292     ,-0.24397556526278796     )
   9.7015300000000000        1.2500000000000000     
 (  3.5899640992278883     , 0.51531482922706662     ) (  3.6252437178277477     , 0.54160769917288376     )
 ( 0.33761120119618687     , 0.23130389647738323     ) (  2.8161758757805894E-008,  2.0181252995858672E-008) (  2.8161679208031607E-008,  2.0181250301755048E-008) (-0.34078434007595065     ,-0.24348708692836404     )
   9.7515249999999991        1.2500000000000000     
 (  3.6460329419370199     , 0.52679990791358655     ) (  3.6816779916704738     , 0.55376505870727699     )
 ( 0.32285753633384828     , 0.23051992209146741     ) (  2.6951782989517685E-008,  2.0144741653743347E-008) (  2.6951699020915763E-008,  2.0144738753440103E-008) (-0.32573815493371783     ,-0.24278025260424133     )
   9.8015200000000000        1.2500000000000000     
 (  3.7026943902956475     , 0.53848983078485968     ) (  3.7387037021203744     , 0.56613831359395483     )
 ( 0.30775143656411291     , 0.22951908479866681     ) (  2.5712202367602631E-008,  2.0090667499616333E-008) (  2.5712210340282036E-008,  2.0090667618103997E-008) (-0.31032787162374015     ,-0.24184911000962225     )
   9.8515149999999991        1.2500000000000000     
 (  3.7599581931265993     , 0.55038877949452558     ) (  3.7963232355620393     , 0.57873133001667743     )
 ( 0.29229061879801571     , 0.22829541517144433     ) (  2.4443083025009805E-008,  2.0018539129659261E-008) (  2.4443091513141743E-008,  2.0018539257541682E-008) (-0.29456046894994276     ,-0.24068778085243275     )
   9.9015100000000000        1.2500000000000000     
 (  3.8178242535398232     , 0.56250047220061716     ) (  3.8545396753392569     , 0.59154793832772912     )
 ( 0.27648376471751235     , 0.22684349996937453     ) (  2.3144980298995345E-008,  1.9927892612330507E-008) (  2.3144989366162827E-008,  1.9927892747700292E-008) (-0.27844040516482710     ,-0.23929049142038697     )
   9.9515049999999992        1.2500000000000000     
 (  3.8762950927835043     , 0.57482890094294636     ) (  3.9133551872761774     , 0.60459206848389657     )
 ( 0.26033667689429174     , 0.22515784625687332     ) (  2.1818336371550541E-008,  1.9818260657590471E-008) (  2.1818346010381982E-008,  1.9818260802721662E-008) (-0.26197346123594661     ,-0.23765153253085955     )
   10.001500000000000        1.2500000000000000     
 (  3.9353736480733259     , 0.58737804083167711     ) (  3.9727724346049169     , 0.61786764709149700     )
 ( 0.24385502907886797     , 0.22323305546239849     ) (  2.0463611166265612E-008,  1.9689184275672336E-008) (  2.0463621436176630E-008,  1.9689184430368921E-008) (-0.24516577783271734     ,-0.23576531176617052     )
   10.051494999999999        1.2500000000000000     
 (  3.9950626768632005     , 0.60015194507390979     ) (  4.0327937242509968     , 0.63137861946255902     )
 ( 0.22704518486312855     , 0.22106377777771360     ) (  1.9081300754694260E-008,  1.9540204855274578E-008) (  1.9081311692483981E-008,  1.9540205018115614E-008) (-0.22802385003209297     ,-0.23362626263572256     )
   10.101490000000000        1.2500000000000000     
 (  4.0553644722157394     , 0.61315473602340853     ) (  4.0934212050682648     , 0.64512906132299741     )
 ( 0.20991397646441898     , 0.21864486938104963     ) (  1.7671927788653194E-008,  1.9370884227714125E-008) (  1.7671939399393354E-008,  1.9370884401109955E-008) (-0.21055450873360751     ,-0.23122908292554922     )
   10.151484999999999        1.2500000000000000     
 (  4.1162819635234582     , 0.62639053413017409     ) (  4.1546574157621885     , 0.65912294716091480     )
 ( 0.19246811732071187     , 0.21597114498970915     ) (  1.6236042112235489E-008,  1.9180775554723322E-008) (  1.6236054508292839E-008,  1.9180775739754533E-008) (-0.19276506421908382     ,-0.22856839829394199     )
   10.201479999999998        1.2500000000000000     
 (  4.1778172765378185     , 0.63986351259232588     ) (  4.2165041082738872     , 0.67336437015018080     )
 ( 0.17471537068888673     , 0.21303767095210654     ) (  1.4774237681793848E-008,  1.8969454242241035E-008) (  1.4774250883232038E-008,  1.8969454442327314E-008) (-0.17466311063732126     ,-0.22563911448060173     )
   10.251474999999999        1.2500000000000000     
 (  4.2399727580175606     , 0.65357790741013699     ) (  4.2789632813266660     , 0.68785743309799530     )
 ( 0.15666300641219277     , 0.20983963390923552     ) (  1.3287103791150091E-008,  1.8736503158471177E-008) (  1.3287117804036666E-008,  1.8736503370971408E-008) (-0.15625645431022536     ,-0.22243625307431553     )
   10.301469999999998        1.2500000000000000     
 (  4.3027506385856871     , 0.66753792236604259     ) (  4.3420368463965939     , 0.70260616750402427     )
 ( 0.13831933125834384     , 0.20637226811507262     ) (  1.1775287571299506E-008,  1.8481507488488329E-008) (  1.1775302456286729E-008,  1.8481507713144059E-008) (-0.13755345648472206     ,-0.21895490203576662     )
   10.351464999999999        1.2500000000000000     
 (  4.3661530613121879     , 0.68174779777489647     ) (  4.4057266793747942     , 0.71761469468764327     )
 ( 0.11969269905445047     , 0.20263107180625664     ) (  1.0239455551661763E-008,  1.8204074896865106E-008) (  1.0239471388524205E-008,  1.8204075138529598E-008) (-0.11856274531624963     ,-0.21519041431885150     )
   10.401459999999998        1.2500000000000000     
 (  4.4301820365116429     , 0.69621183235718354     ) (  4.4700343872118289     , 0.73288709679668840     )
 ( 0.10079187951686794     , 0.19861158000540857     ) (  8.6803081056254614E-009,  1.7903812540599504E-008) (  8.6803248992373924E-009,  1.7903812799213638E-008) ( -9.9293429083411863E-002,-0.21113820288041388     )
   10.451454999999999        1.2500000000000000     
 (  4.4948394735473931     , 0.71093430051276818     ) (  4.5349615428109624     , 0.74842750184053086     )
 (  8.1625841745599406E-002, 0.19430961912006850     ) (  7.0985525066516877E-009,  1.7580352786077246E-008) (  7.0985703577573584E-009,  1.7580353058616919E-008) ( -7.9754625450857625E-002,-0.20679397889367607     )
   10.501449999999998        1.2500000000000000     
 (  4.5601268858954764     , 0.72591947705926851     ) (  4.6005094238029836     , 0.76423996682125550     )
 (  6.2204297697848868E-002, 0.18972110372287562     ) (  5.4949735136065722E-009,  1.7233332386080515E-008) (  5.4949924470044612E-009,  1.7233332677628028E-008) ( -5.9956449259707015E-002,-0.20215354974377656     )
   10.551444999999999        1.2500000000000000     
 (  4.6260462869189478     , 0.74117167840683074     ) (  4.6666795665533183     , 0.78032856930565597     )
 (  4.2536798988537336E-002, 0.18484215523130593     ) (  3.8703107511487345E-009,  1.6862403261109058E-008) (  3.8703308747212278E-009,  1.6862403574119251E-008) ( -3.9908459968034229E-002,-0.19721294503909967     )
   10.601439999999998        1.2500000000000000     
 (  4.6925990282247945     , 0.75669513220284512     ) (  4.7334732020268220     , 0.79669731623738871     )
 (  2.2633588724845954E-002, 0.17966912712577893     ) (  2.2254060281802010E-009,  1.6467236827300068E-008) (  2.2254273607977653E-009,  1.6467237157983934E-008) ( -1.9621349905707398E-002,-0.19196841034060505     )
   10.651434999999999        1.2500000000000000     
 (  4.7597867696415053     , 0.77249415387385945     ) (  4.8008914778104517     , 0.81335024554057478     )
 (  2.5051472755370074E-003, 0.17419853018791090     ) (  5.6109788323731704E-010,  1.6047515058052505E-008) (  5.6112050666159854E-010,  1.6047515410035091E-008) (  8.9408882355328950E-004,-0.18641641059539740     )
   10.701429999999998        1.2500000000000000     
 (  4.8276106971075539     , 0.78857301151804315     ) (  4.8689353718592283     , 0.83029142340111872     )
 ( -1.7837780324577772E-002, 0.16842712362553128     ) ( -1.1217675333031023E-009,  1.5602941159937541E-008) ( -1.1217435668090371E-009,  1.5602941535680578E-008) (  2.1626982283658776E-002,-0.18055364173640656     )
   10.751424999999999        1.2500000000000000     
 (  4.8960720171892786     , 0.80493590418137362     ) (  4.9376058086119086     , 0.84752470201912222     )
 ( -3.8384210618632696E-002, 0.16235187343696672     ) ( -2.8223077843548515E-009,  1.5133229312089919E-008) ( -2.8222823258711583E-009,  1.5133229712126232E-008) (  4.2566054091148525E-002,-0.17437699408192153     )
   10.801419999999998        1.2500000000000000     
 (  4.9651722294830707     , 0.82158702584698473     ) (  5.0069037765276372     , 0.86505396958075165     )
 ( -5.9122593346283177E-002, 0.15596999141207146     ) ( -4.5395753002562026E-009,  1.4638116219338818E-008) ( -4.5395483400199720E-009,  1.4638116647788187E-008) (  6.3699341060635101E-002,-0.16788363401354917     )
   10.851414999999999        1.2500000000000000     
 (  5.0349119246228051     , 0.83853061375511984     ) (  5.0768298003689969     , 0.88288319321449504     )
 ( -8.0041184131134729E-002, 0.14927889181949006     ) ( -6.2726458943552175E-009,  1.4117355645332683E-008) ( -6.2726172999666379E-009,  1.4117356099128035E-008) (  8.5014979500457569E-002,-0.16107098403646739     )
   10.901409999999998        1.2500000000000000     
 (  5.1052921356700391     , 0.85577073742609522     ) (  5.1473845425266145     , 0.90101606223068853     )
 (-0.10112786621839556     , 0.14227630201542166     ) ( -8.0205433172889677E-009,  1.3570720759886546E-008) ( -8.0205130596835261E-009,  1.3570721244217914E-008) ( 0.10650071013229707     ,-0.15393672872917968     )
   10.951404999999999        1.2500000000000000     
 (  5.1763138377544911     , 0.87331155892171941     ) (  5.2185687495677477     , 0.91945641608913264     )
 (-0.12237021994875015     , 0.13496020447102716     ) ( -9.7822527626313489E-009,  1.2998008446416685E-008) ( -9.7822206936014771E-009,  1.2998008961368413E-008) ( 0.12814360391496860     ,-0.14647884506015338     )
   11.001399999999999        1.2500000000000000     
 (  5.2479777132438947     , 0.89115707601423833     ) (  5.2903827712351976     , 0.93820787661099236     )
 (-0.14375604229368263     , 0.12732879402633382     ) ( -1.1556793292167325E-008,  1.2399029942690853E-008) ( -1.1556759323442173E-008,  1.2399030492652638E-008) ( 0.14993126142306826     ,-0.13869551902703045     )
   11.051394999999999        1.2500000000000000     
 (  5.3202844136921881     , 0.90931129355865337     ) (  5.3628270056092067     , 0.95727410107110111     )
 (-0.16527184480696161     , 0.11938064884840784     ) ( -1.3343078791071941E-008,  1.1773628488160810E-008) ( -1.3343042908121388E-008,  1.1773629073058629E-008) ( 0.17185002148502951     ,-0.13058536892361480     )
   11.101389999999999        1.2500000000000000     
 (  5.3932342944519887     , 0.92777812667103721     ) (  5.4359017058791501     , 0.97665855556529269     )
 (-0.18690481633660280     , 0.11111446736727629     ) ( -1.5140072728392115E-008,  1.1121652047769891E-008) ( -1.5140034804710641E-008,  1.1121652670394002E-008) ( 0.19388685031722513     ,-0.12214707119350784     )
   11.151384999999999        1.2500000000000000     
 (  5.4668281368413743     , 0.94656144795136721     ) (  5.5096071990593671     , 0.99636470437518576     )
 (-0.20864135899558187     , 0.10252935595777783     ) ( -1.6946663168635870E-008,  1.0442984220664240E-008) ( -1.6946622960239206E-008,  1.0442984885145186E-008) ( 0.21602770987949513     ,-0.11337978450380909     )
   11.201379999999999        1.2500000000000000     
 (  5.5410659483213163     , 0.96566507477058439     ) (  5.5839433979809385     ,  1.0163959580696063     )
 (-0.23046764868255501     ,  9.3624813309712965E-002) ( -1.8761742054608029E-008,  9.7375398971431860E-009) ( -1.8761699571608177E-008,  9.7375406049124024E-009) ( 0.23825871025820258     ,-0.10428304911494597     )
   11.251374999999999        1.2500000000000000     
 (  5.6159482457987853     , 0.98509269860299131     ) (  5.6589105986922119     ,  1.0367556004710883     )
 (-0.25236969272031362     ,  8.4400499524974928E-002) ( -2.0584156053753615E-008,  9.0052451422148273E-009) ( -2.0584111173370664E-008,  9.0052458968122652E-009) ( 0.26056555097309309     , -9.4856561674890191E-002)
   11.301369999999999        1.2500000000000000     
 (  5.6914752554745167     ,  1.0048479335990501     ) (  5.7345088836783722     ,  1.0574467208972687     )
 (-0.27433341425558100     ,  7.4856408589051612E-002) ( -2.2412768016859343E-008,  8.2460480584449576E-009) ( -2.2412720546562032E-008,  8.2460488606324618E-009) ( 0.28293390018072956     , -8.5100338512915458E-002)
   11.351364999999999        1.2500000000000000     
 (  5.7676467084448833     ,  1.0249343979265744     ) (  5.8107377867317691     ,  1.0784725523168925     )
 (-0.29634415087647342     ,  6.4993004992237188E-002) ( -2.4246381652291295E-008,  7.4599447434297392E-009) ( -2.4246331512079404E-008,  7.4599456024119688E-009) ( 0.30534900410478100     , -7.5014954716802904E-002)
   11.401359999999999        1.2500000000000000     
 (  5.8444630648045317     ,  1.0453555481129924     ) (  5.8875976118909801     ,  1.0998359821390731     )
 (-0.31838741355342259     ,  5.4810862028403566E-002) ( -2.6083822536510090E-008,  6.6469265761917878E-009) ( -2.6083769501052056E-008,  6.6469274867454704E-009) ( 0.32779604663681644     , -6.4600999979181173E-002)
   11.451355000000000        1.2500000000000000     
 (  5.9219241001963354     ,  1.0661147437724816     ) (  5.9650879434171475     ,  1.1215399603865004     )
 (-0.34044826685456031     ,  4.4311138769269225E-002) ( -2.7923862071142977E-008,  5.8070432450838630E-009) ( -2.7923806149892112E-008,  5.8070442162171567E-009) ( 0.35025999001821495     , -5.3859744147306494E-002)
   11.501349999999999        1.2500000000000000     
 (  6.0000300374697249     ,  1.0872152403294200     ) (  6.0432090834679641     ,  1.1435872062321217     )
 (-0.36251151043924473     ,  3.3495187996797911E-002) ( -2.9765246278945934E-008,  4.9403504089854983E-009) ( -2.9765187198058401E-008,  4.9403514442298596E-009) ( 0.37272521881827386     , -4.2792566376726036E-002)
   11.551345000000000        1.2500000000000000     
 (  6.0787803255125681     ,  1.1086603064313207     ) (  6.1219601049981884     ,  1.1659804588563558     )
 (-0.38456194051402348     ,  2.2364752367460574E-002) ( -3.1606739035292229E-008,  4.0469424159242273E-009) ( -3.1606676658424163E-008,  4.0469435194610228E-009) ( 0.39517645635978399     , -3.1401344868768083E-002)
   11.601339999999999        1.2500000000000000     
 (  6.1581750488904108     ,  1.1304529479067293     ) (  6.2013413256370740     ,  1.1887222346450574     )
 (-0.40658404774316098     ,  1.0921934967593650E-002) ( -3.3447079811087017E-008,  3.1269361790789417E-009) ( -3.3447013991265952E-008,  3.1269373485010593E-009) ( 0.41759821195738522     , -1.9688206159512979E-002)
   11.651335000000000        1.2500000000000000     
 (  6.2382139065203353     ,  1.1525961804632439     ) (  6.2813521247208026     ,  1.2118149807743153     )
 (-0.42856240894177022     , -8.3077709256547351E-004) ( -3.5284982747545383E-008,  2.1804808782872949E-009) ( -3.5284913274714480E-008,  2.1804821278822676E-009) ( 0.43997466096825638     , -7.6557326596583264E-003)
   11.701330000000000        1.2500000000000000     
 (  6.3188967539324601     ,  1.1750928328852610     ) (  6.3619924714444220     ,  1.2352610449573449     )
 (-0.45048102913966920     , -1.2890515735875701E-002) ( -3.7119137181040147E-008,  1.2077602747805038E-009) ( -3.7119063990422119E-008,  1.2077616043155854E-009) ( 0.46228965612183071     ,  4.6931176260751961E-003)
   11.751324999999998        1.2500000000000000     
 (  6.4002231455506973     ,  1.1979456636739307     ) (  6.4432618663259928     ,  1.2590626248785159     )
 (-0.47232416889732670     , -2.5254046077463142E-002) ( -3.8948235832018664E-008,  2.0898293357788910E-010) ( -3.8948158663249214E-008,  2.0898434728493497E-010) ( 0.48452726082425002     ,  1.7355061094926134E-002)
   11.801319999999999        1.2500000000000000     
 (  6.4821928714663146     ,  1.2211573932070694     ) (  6.5251601272018638     ,  1.2832218406037661     )
 (-0.49407574775887247     , -3.7917767529276052E-002) ( -4.0770975007491864E-008, -8.1561233892519131E-010) ( -4.0770893521631599E-008, -8.1561083146963837E-010) ( 0.50667143371585843     ,  3.0326371146722254E-002)
   11.851314999999998        1.2500000000000000     
 (  6.5648054216834408     ,  1.2447304859313932     ) (  6.6076867656571387     ,  1.3077406704565440     )
 (-0.51571975021484429     , -5.0877671472009597E-002) ( -4.2586016076062474E-008, -1.8657492893362488E-009) ( -4.2585930279458853E-008, -1.8657476817940076E-009) ( 0.52870600098578813     ,  4.3602970190787585E-002)
   11.901309999999999        1.2500000000000000     
 (  6.6480607034110424     ,  1.2686674085611420     ) (  6.6908417125135227     ,  1.3326210145668025     )
 (-0.53723999012104051     , -6.4129363780800377E-002) ( -4.4392005441926983E-008, -2.9411276094929239E-009) ( -4.4391914745589208E-008, -2.9411259034347539E-009) ( 0.55061434066709869     ,  5.7180431575057568E-002)
   11.951304999999998        1.2500000000000000     
 (  6.7319582371509687     ,  1.2929705182892659     ) (  6.7746246268179453     ,  1.3578646021094485     )
 (-0.55862012183687459     , -7.7668084131767803E-002) ( -4.6187610447287313E-008, -4.0414125505704845E-009) ( -4.6187515081073471E-008, -4.0414107337403926E-009) ( 0.57238028550483944     ,  7.1053863981374393E-002)
   12.001299999999999        1.2500000000000000     
 (  6.8164978264511049     ,  1.3176418849301235     ) (  6.8590355684951083     ,  1.3834730557798249     )
 (-0.57984376824442052     , -9.1488556552486208E-002) ( -4.7971459663836507E-008, -5.1662260140358296E-009) ( -4.7971359109674347E-008, -5.1662240776370506E-009) ( 0.59398732593446868     ,  8.5217974656606549E-002)
   12.051294999999998        1.2500000000000000     
 (  6.9016788252052725     ,  1.3426836535517248     ) (  6.9440737009732789     ,  1.4094478726697333     )
 (-0.60089460013964202     ,-0.10558533469210088     ) ( -4.9742191292345826E-008, -6.3151823935517773E-009) ( -4.9742085380101105E-008, -6.3151803360280197E-009) ( 0.61541890314060210     ,  9.9667249443842587E-002)
   12.101289999999999        1.2500000000000000     
 (  6.9875011973852166     ,  1.3680978601481921     ) (  7.0297393323302577     ,  1.4357905497684327     )
 (-0.62175622732845315     ,-0.11995236281114080     ) ( -5.1498441422205492E-008, -7.4878379290699112E-009) ( -5.1498330027647402E-008, -7.4878357336527079E-009) ( 0.63665854774947894     , 0.11439554993339682     )
   12.151284999999998        1.2500000000000000     
 (  7.0739646181754168     ,  1.3938862844719231     ) (  7.1160324054853765     ,  1.4625023339775876     )
 (-0.64241214939195335     ,-0.13458332051307800     ) ( -5.3238813676658796E-008, -8.6837313565514687E-009) ( -5.3238696558246825E-008, -8.6837290287449199E-009) ( 0.65768958361204666     , 0.12939650832493746     )
   12.201279999999999        1.2500000000000000     
 (  7.1610686225363134     ,  1.4200506707874971     ) (  7.2029524495076211     ,  1.4895843906910815     )
 (-0.66284598978447584     ,-0.14947131431774194     ) ( -5.4961976391858761E-008, -9.9023579085020368E-009) ( -5.4961853101754772E-008, -9.9023553835457141E-009) ( 0.67849581917807189     , 0.14466324970604935     )
   12.251274999999998        1.2500000000000000     
 (  7.2488128641024865     ,  1.4465926870265577     ) (  7.2904995656206237     ,  1.5170378463432119     )
 (-0.68304129012593773     ,-0.16460927187928592     ) ( -5.6666523616668577E-008, -1.1143190460638674E-008) ( -5.6666393726072522E-008, -1.1143187820682676E-008) ( 0.69906041256756202     , 0.16018865548034239     )
   12.301269999999999        1.2500000000000000     
 (  7.3371977220931921     ,  1.4735138897838451     ) (  7.3786740617364579     ,  1.5448637032871610     )
 (-0.70298194942382475     ,-0.17998959427868694     ) ( -5.8351108019641396E-008, -1.2405661484061780E-008) ( -5.8350971570908291E-008, -1.2405658684271822E-008) ( 0.71936732594797903     , 0.17596505150782410     )
   12.351264999999998        1.2500000000000000     
 (  7.4262227944115438     ,  1.5008156396040722     ) (  7.4674761050706797     ,  1.5730628323097651     )
 (-0.72265132242630181     ,-0.19560421888501370     ) ( -6.0014328784661474E-008, -1.3689164456640821E-008) ( -6.0014185137104306E-008, -1.3689161467587255E-008) ( 0.73939985351197646     , 0.19198442396639745     )
   12.401259999999999        1.2500000000000000     
 (  7.5158876549324543     ,  1.5284993241425548     ) (  7.5569055825073539     ,  1.6016360274215733     )
 (-0.74203344422666007     ,-0.21144487044283367     ) ( -6.1654834794161348E-008, -1.4993077027544633E-008) ( -6.1654683881602764E-008, -1.4993073856335951E-008) ( 0.75914181724513741     , 0.20823844949957399     )
   12.451254999999998        1.2500000000000000     
 (  7.6061926785726559     ,  1.5565661716986077     ) (  7.6469630176025287     ,  1.6305839908273183     )
 (-0.76111168068549773     ,-0.22750275046610460     ) ( -6.3271229702523351E-008, -1.6316730797955094E-008) ( -6.3271071015612356E-008, -1.6316727429194723E-008) ( 0.77857657266829838     , 0.22471841693914524     )
   12.501249999999999        1.2500000000000000     
 (  7.6971379733060505     ,  1.5850172865695389     ) (  7.7376489848135801     ,  1.6599073460101192     )
 (-0.77987059418517068     ,-0.24376867183307921     ) ( -6.4862207410882632E-008, -1.7659422252127101E-008) ( -6.4862040225012689E-008, -1.7659418638447832E-008) ( 0.79768866397551164     , 0.24141504983023215     )
   12.551245000000000        1.2500000000000000     
 (  7.7887229443549106     ,  1.6138537447112553     ) (  7.8289633341003961     ,  1.6896067103235526     )
 (-0.79829363150475918     ,-0.26023309300401470     ) ( -6.6426352619209535E-008, -1.9020424858126237E-008) ( -6.6426177410971461E-008, -1.9020421045072614E-008) ( 0.81646140409657997     , 0.25831896919548902     )
   12.601239999999999        1.2500000000000000     
 (  7.8809435885262618     ,  1.6430763948454994     ) (  7.9209071307393728     ,  1.7196824171637950     )
 (-0.81637108022223359     ,-0.27688620761111687     ) ( -6.7962553265729553E-008, -2.0398977808604236E-008) ( -6.7962571441712187E-008, -2.0398978290537693E-008) ( 0.83487764289094069     , 0.27542022892630447     )
   12.651235000000000        1.2500000000000000     
 (  7.9738095278558898     ,  1.6726863364788180     ) (  8.0134811299675182     ,  1.7501350392882113     )
 (-0.83407585043081423     ,-0.29371740577069411     ) ( -6.9469095576545706E-008, -2.1794271507831794E-008) ( -6.9469114827032754E-008, -2.1794272017276849E-008) ( 0.85292461058587732     , 0.29270852552200410     )
   12.701229999999999        1.2500000000000000     
 (  8.0673168101447690     ,  1.7026842559529081     ) (  8.1066861577023452     ,  1.7809648278648369     )
 (-0.85139833118586961     ,-0.31071613341781168     ) ( -7.0944828914305947E-008, -2.3205478725814789E-008) ( -7.0944849221176554E-008, -2.3205479200974758E-008) ( 0.87058518496924542     , 0.31017323532326263     )
   12.751225000000000        1.2500000000000000     
 (  8.1614656292338186     ,  1.7330708999173674     ) (  8.2005230996998080     ,  1.8121721115396086     )
 (-0.86832281249119725     ,-0.32787128448346819     ) ( -7.2388442127560953E-008, -2.4631742014837604E-008) ( -7.2388463569850784E-008, -2.4631742583055568E-008) ( 0.88784394602966277     , 0.32780342522035888     )
   12.801219999999999        1.2500000000000000     
 (  8.2562563356936582     ,  1.7638469723340673     ) (  8.2949930224705355     ,  1.8437571419192385     )
 (-0.88483419300276145     ,-0.34517148857043972     ) ( -7.3798638785492849E-008, -2.6072167732451740E-008) ( -7.3798661425365400E-008, -2.6072168333614128E-008) ( 0.90468578922850551     , 0.34558772859849862     )
   12.851215000000000        1.2500000000000000     
 (  8.3516899528451720     ,  1.7950130647572300     ) (  8.3900967277262453     ,  1.8757200185541052     )
 (-0.90091785735688223     ,-0.36260496793014296     ) ( -7.5174142827121632E-008, -2.7525838200787247E-008) ( -7.5174166726298157E-008, -2.7525838837275785E-008) ( 0.92109551792797195     , 0.36351452398438167     )
   12.901209999999999        1.2500000000000000     
 (  8.4477672604045928     ,  1.8265697653188715     ) (  8.4858361454356022     ,  1.9080610855507176     )
 (-0.91655911484215902     ,-0.38015944689734560     ) ( -7.6513710730287494E-008, -2.8991784289727461E-008) ( -7.6513735962057094E-008, -2.8991784958835003E-008) ( 0.93705862054460698     , 0.38157168912262440     )
   12.951205000000000        1.2500000000000000     
 (  8.5444886347448250     ,  1.8585175927131883     ) (  8.5822121776876159     ,  1.9407803709019620     )
 (-0.93174285301898130     ,-0.39782256351327472     ) ( -7.7816031824933097E-008, -3.0469029645770017E-008) ( -7.7816058451196649E-008, -3.0469030355374979E-008) ( 0.95256000156467979     , 0.39974693311926129     )
   13.001199999999999        1.2500000000000000     
 (  8.6418555531221664     ,  1.8908570358299772     ) (  8.6792266036537082     ,  1.9738780256640676     )
 (-0.94645584846725761     ,-0.41558144490147170     ) ( -7.9079938781774688E-008, -3.1956561273969685E-008) ( -7.9079966845868184E-008, -3.1956562017786228E-008) ( 0.96758580973369368     , 0.41802758921061700     )
   13.051195000000000        1.2500000000000000     
 (  8.7398690331947257     ,  1.9235885300096025     ) (  8.7768810552273315     ,  2.0073541826005985     )
 (-0.96068394516513045     ,-0.43342288966659887     ) ( -8.0304223665899601E-008, -3.3453327451885066E-008) ( -8.0304253295511472E-008, -3.3453328240216420E-008) ( 0.98212202183053843     , 0.43640060971626760     )
   13.101189999999999        1.2500000000000000     
 (  8.8385303322576068     ,  1.9567125675074444     ) (  8.8751776394439439     ,  2.0412089609789912     )
 (-0.97441323825577486     ,-0.45133352371032470     ) ( -8.1487658060148417E-008, -3.4958262023738348E-008) ( -8.1487689288228469E-008, -3.4958262853194575E-008) ( 0.99615441381230485     , 0.45485269918515608     )
   13.151185000000000        1.2500000000000000     
 (  8.9378403534773643     ,  1.9902294787525077     ) (  8.9741175318692452     ,  2.0754424310827990     )
 (-0.98763059810113452     ,-0.46929939082059768     ) ( -8.2629117018825551E-008, -3.6470256131606471E-008) ( -8.2629149968126977E-008, -3.6470256997945675E-008) (  1.0096698533666535     , 0.47337022896681652     )
   13.201179999999999        1.2500000000000000     
 (  9.0378014309214585     ,  2.0241397853558434     ) (  9.0737039293174728     ,  2.1100548361702147     )
 ( -1.0003229387775354     ,-0.48730663428599530     ) ( -8.3727418280712794E-008, -3.7988198834228654E-008) ( -8.3727452983223898E-008, -3.7988199758939519E-008) (  1.0226547918235884     , 0.49193942086257059     )
   13.251175000000000        1.2500000000000000     
 (  9.1384143389062249     ,  2.0584437526893113     ) (  9.1739380784437010     ,  2.1450461674800949     )
 ( -1.0124782380499875     ,-0.50534072583629031     ) ( -8.4781516008320089E-008, -3.9510921154680445E-008) ( -8.4781552622376662E-008, -3.9510922128110270E-008) (  1.0350969472809055     , 0.51054597780262023     )
   13.301169999999999        1.2500000000000000     
 (  9.2396812659515231     ,  2.0931418357060330     ) (  9.2748231278548907     ,  2.1804166956112043     )
 ( -1.0240837767786206     ,-0.52338703021815436     ) ( -8.5790296059461836E-008, -4.1037249358183316E-008) ( -8.5790334600939551E-008, -4.1037250377799411E-008) (  1.0469834352315963     , 0.52917548719394858     )
   13.351165000000000        1.2500000000000000     
 (  9.3416040018629651     ,  2.1282346139011463     ) (  9.3763610321311148     ,  2.2161666802028064     )
 ( -1.0351273333087196     ,-0.54143067464766048     ) ( -8.6752654804235693E-008, -4.2565981101184646E-008) ( -8.6752695417722558E-008, -4.2565982182099649E-008) (  1.0583016819333164     , 0.54781321457490861     )
   13.401159999999999        1.2500000000000000     
 (  9.4441840158605999     ,  2.1637223085915416     ) (  9.4785544596099882     ,  2.2522963017406528     )
 ( -1.0455981100360594     ,-0.55945643644841947     ) ( -8.7667638933892680E-008, -4.4095881362296239E-008) ( -8.7667681719539608E-008, -4.4095882499573443E-008) (  1.0690406211642152     , 0.56644417066026442     )
   13.451155000000000        1.2500000000000000     
 (  9.5474239771547804     ,  2.1996055482709975     ) (  9.5814065962713446     ,  2.2888059376601948     )
 ( -1.0554843285123383     ,-0.57744891923943198     ) ( -8.8534209511394178E-008, -4.5625709269749597E-008) ( -8.8534254549605440E-008, -4.5625710501918665E-008) (  1.0791881107950569     , 0.58505321357699169     )
   13.501149999999999        1.2500000000000000     
 (  9.6513256208919280     ,  2.2358847140304201     ) (  9.6849197682595811     ,  2.3256958887679891     )
 ( -1.0647756885634316     ,-0.59539246853723515     ) ( -8.9351420361795650E-008, -4.7154183711678130E-008) ( -8.9351467783167805E-008, -4.7154184973873642E-008) (  1.0887334436178591     , 0.60362486768564316     )
   13.551145000000000        1.2500000000000000     
 (  9.7558917200015323     ,  2.2725605002666871     ) (  9.7890975095527537     ,  2.3629666865214540     )
 ( -1.0734620532946182     ,-0.61327120625293885     ) ( -9.0118347436474742E-008, -4.8680014549821627E-008) ( -9.0118397476727160E-008, -4.8680015879363293E-008) (  1.0976659401794731     , 0.62214342448031923     )
   13.601139999999999        1.2500000000000000     
 (  9.8611243370766513     ,  2.3096333654619166     ) (  9.8939426792769378     ,  2.4006188100816472     )
 ( -1.0815330822123099     ,-0.63106904201134173     ) ( -9.0834088792904014E-008, -5.0201884679807459E-008) ( -9.0834141380195278E-008, -5.0201886074960542E-008) (  1.1059751709465271     , 0.64059307972142421     )
   13.651135000000000        1.2500000000000000     
 (  9.9670258999982515     ,  2.3471040222345798     ) (  9.9994584955855981     ,  2.4386528240749388     )
 ( -1.0889794631215715     ,-0.64876967224303894     ) ( -9.1497748236828125E-008, -5.1718458623210864E-008) ( -9.1497803485004001E-008, -5.1718460088907769E-008) (  1.1136510357790863     , 0.65895768200124638     )
   13.701129999999999        1.2500000000000000     
 (  10.073599437622084     ,  2.3849732860978317     ) (  10.105648481129666     ,  2.4770695341356554     )
 ( -1.0957923501559186     ,-0.66635676616417983     ) ( -9.2108537427149976E-008, -5.3228393948361297E-008) ( -9.2108595629969632E-008, -5.3228395491161023E-008) (  1.1206842789952280     , 0.67722107808369636     )
   13.751125000000000        1.2500000000000000     
 (  10.180847501600708     ,  2.4232418261658037     ) (  10.212516059652875     ,  2.5158696341763802     )
 ( -1.1019635304992914     ,-0.68381366481040118     ) ( -9.2665695085592755E-008, -5.4730321342073998E-008) ( -9.2665756285870409E-008, -5.4730322938239415E-008) (  1.1270662953460449     , 0.69536684643106095     )
   13.801119999999999        1.2500000000000000     
 (  10.288772731323892     ,  2.4619106056974029     ) (  10.320064898056737     ,  2.5550541011866872     )
 ( -1.1074843678763884     ,-0.70112367055052727     ) ( -9.3168417625481324E-008, -5.6222859786576511E-008) ( -9.3168481959421331E-008, -5.6222861492625659E-008) (  1.1327878712640522     , 0.71337840475329783     )
   13.851115000000000        1.2500000000000000     
 (  10.397378179463827     ,  2.5009803940137654     ) (  10.428298560501933     ,  2.5946238236252497     )
 ( -1.1123475431708629     ,-0.71826962903979674     ) ( -9.3616001843029882E-008, -5.7704590191974162E-008) ( -9.3616069475685188E-008, -5.7704591983601418E-008) (  1.1378411900066729     , 0.73123885810514500     )
   13.901109999999999        1.2500000000000000     
 (  10.506667148862686     ,  2.5404523869029823     ) (  10.537220982319958     ,  2.6345800054812307     )
 ( -1.1165463271769338     ,-0.73523471151602415     ) ( -9.4007806909084372E-008, -5.9174117950159928E-008) ( -9.4007877029859097E-008, -5.9174119832677505E-008) (  1.1422184455626854     , 0.74893140230789468     )
   13.951105000000000        1.2500000000000000     
 (  10.616642321545108     ,  2.5803277199346004     ) (  10.646835706349723     ,  2.6749239079593194     )
 ( -1.1200738245221173     ,-0.75200185809691800     ) ( -9.4343173780603732E-008, -6.0630022380363978E-008) ( -9.4343248516873493E-008, -6.0630024362303257E-008) (  1.1459124572680381     , 0.76643918946734002     )
   14.001100000000001        1.2500000000000000     
 (  10.727307166434709     ,  2.6206074418253191     ) (  10.757147277931661     ,  2.7156567663068856     )
 ( -1.1229242613994141     ,-0.76855366891987542     ) ( -9.4621550381787032E-008, -6.2070855090192694E-008) ( -9.4621628931406944E-008, -6.2070857163784856E-008) (  1.1489168287325138     , 0.78374489405600545     )
   14.051095000000000        1.2500000000000000     
 (  10.838664830359976     ,  2.6612930723934394     ) (  10.868159095253334     ,  2.7567802973530720     )
 ( -1.1250920537286342     ,-0.78487297490964458     ) ( -9.4842383364943903E-008, -6.3495175987934059E-008) ( -9.4842465871258661E-008, -6.3495178174435475E-008) (  1.1512252127992144     , 0.80083147102871088     )
   14.101089999999997        1.2500000000000000     
 (  10.950718702391216     ,  2.7023859575464146     ) (  10.979875699230632     ,  2.7982959606996403     )
 ( -1.1265721981244494     ,-0.80094241017134971     ) ( -9.5005151348563866E-008, -6.4901537245841435E-008) ( -9.5005238032419219E-008, -6.4901539538424993E-008) (  1.1528317868639322     , 0.81768155840228074     )
   14.151084999999997        1.2500000000000000     
 (  11.063471966199318     ,  2.7438876622159847     ) (  11.092301005206766     ,  2.8402056393941950     )
 ( -1.1273604058474442     ,-0.81674452407000175     ) ( -9.5109408984991777E-008, -6.6288470859399683E-008) ( -9.5109499996446083E-008, -6.6288473257587060E-008) (  1.1537313529369637     , 0.83427782045939336     )
   14.201079999999997        1.2500000000000000     
 (  11.176928566047902     ,  2.7857997483217711     ) (  11.205439784441896     ,  2.8825111922580300     )
 ( -1.1274525462971166     ,-0.83226195198496633     ) ( -9.5154755731115872E-008, -6.7654512322588087E-008) ( -9.5154851301428264E-008, -6.7654514848314551E-008) (  1.1539195106437619     , 0.85060284577527423     )
   14.251074999999998        1.2500000000000000     
 (  11.291091523203757     ,  2.8281242038552046     ) (  11.319295291402401     ,  2.9252148023894051     )
 ( -1.1268455219221705     ,-0.84747734495233440     ) ( -9.5140818458768284E-008, -6.8998199677639620E-008) ( -9.5140918827727913E-008, -6.8998202328397147E-008) (  1.1533919023487189     , 0.86663927024664089     )
   14.301069999999998        1.2500000000000000     
 (  11.405964545070249     ,  2.8708628914016554     ) (  11.433872756112839     ,  2.9683187863065070     )
 ( -1.1255367508936596     ,-0.86237311729164823     ) ( -9.5067292376292442E-008, -7.0318046417472790E-008) ( -9.5067397697980610E-008, -7.0318049196673692E-008) (  1.1521452247731045     , 0.88236950740170672     )
   14.351064999999998        1.2500000000000000     
 (  11.521551121571081     ,  2.9140176869132044     ) (  11.549176052553948     ,  3.0118253223539937     )
 ( -1.1235233814631309     ,-0.87693203160389932     ) ( -9.4933865016684096E-008, -7.1612581827502349E-008) ( -9.4933975488509322E-008, -7.1612584742475379E-008) (  1.1501757953220983     , 0.89777610121369200     )
   14.401059999999998        1.2500000000000000     
 (  11.637855126504807     ,  2.9575907828922197     ) (  11.665209945229972     ,  3.0557369794326421     )
 ( -1.1208045245775453     ,-0.89113658367995263     ) ( -9.4740372305258418E-008, -7.2880328236241076E-008) ( -9.4740488356992633E-008, -7.2880331291056334E-008) (  1.1474815600544341     , 0.91284158213680389     )
   14.451054999999998        1.2500000000000000     
 (  11.754879974812116     ,  3.0015845817566231     ) (  11.781978351533402     ,  3.1000567130683305     )
 ( -1.1173791115406841     ,-0.90496960460977549     ) ( -9.4486627668453561E-008, -7.4119813256719223E-008) ( -9.4486749737264036E-008, -7.4119816465660862E-008) (  1.1440608900820688     , 0.92754848010259594     )
   14.501049999999998        1.2500000000000000     
 (  11.872628939308669     ,  3.0460012642178165     ) (  11.899485574563995     ,  3.1447870584356119     )
 ( -1.1132459138495288     ,-0.91841373140375560     ) ( -9.4172447279157904E-008, -7.5329552813745773E-008) ( -9.4172574814462210E-008, -7.5329556178070523E-008) (  1.1399115817646102     , 0.94187928753990902     )
   14.551044999999998        1.2500000000000000     
 (  11.991106504638383     ,  3.0908435656717774     ) (  12.017736707743392     ,  3.1899312906005126     )
 ( -1.1084055062220373     ,-0.93145193941916260     ) ( -9.3797777379730564E-008, -7.6508090492282282E-008) ( -9.3797911320738050E-008, -7.6508093956164704E-008) (  1.1350329395031626     , 0.95581669437502992     )
   14.601039999999998        1.2500000000000000     
 (  12.110315873037898     ,  3.1361141007221325     ) (  12.136735602445924     ,  3.2354925709785460     )
 ( -1.1028592294079771     ,-0.94406722628308182     ) ( -9.3362688107013421E-008, -7.7653958152921867E-008) ( -9.3362828452963189E-008, -7.7653961918522256E-008) (  1.1294256468735395     , 0.96934339304273553     )
   14.651034999999998        1.2500000000000000     
 (  12.230260719229413     ,  3.1818157456084073     ) (  12.256486752309703     ,  3.2814743596497822     )
 ( -1.0966074987105259     ,-0.95624272882251016     ) ( -9.2867058060106390E-008, -7.8765708968940104E-008) ( -9.2867205250295413E-008, -7.8765712858221756E-008) (  1.1230888747779191     , 0.98244215748982078     )
   14.701029999999998        1.2500000000000000     
 (  12.350944497863393     ,  3.2279511964457575     ) (  12.376994035384387     ,  3.3278799436800215     )
 ( -1.0896525055154656     ,-0.96796155116344151     ) ( -9.2311038996703011E-008, -7.9841875476647771E-008) ( -9.2311193275200962E-008, -7.9841879542230450E-008) (  1.1160241834614284     , 0.99509574544724078     )
   14.751024999999998        1.2500000000000000     
 (  12.472371096587031     ,  3.2745236706699523     ) (  12.498262747746052     ,  3.3747131797775918     )
 ( -1.0819967869472795     ,-0.97920728246295952     ) ( -9.1694745643996757E-008, -8.0881037716400174E-008) ( -9.1694907227057791E-008, -8.0881041963205208E-008) (  1.1082326885809164     ,  1.0072872523402989     )
   14.801019999999998        1.2500000000000000     
 (  12.594543692979068     ,  3.3215362202107088     ) (  12.620295999142717     ,  3.4219778085040766     )
 ( -1.0736433315597789     ,-0.98996337686804659     ) ( -9.1018317067217014E-008, -8.1881750098122942E-008) ( -9.1018486494359150E-008, -8.1881754569302530E-008) (  1.0997164548121499     ,  1.0189995835021435     )
   14.851014999999999        1.2500000000000000     
 (  12.717466352795160     ,  3.3689922958371912     ) (  12.743098763616404     ,  3.4696779711604395     )
 ( -1.0645959638912952     , -1.0002137748983302     ) ( -9.0282025037698828E-008, -8.2842615643024482E-008) ( -9.0282202475304960E-008, -8.2842620318778461E-008) (  1.0904784225347988     ,  1.0302161520581519     )
   14.901009999999998        1.2500000000000000     
 (  12.841142192286521     ,  3.4168951599123090     ) (  12.866674763505699     ,  3.5178178694009468     )
 ( -1.0548591905271310     , -1.0099423649795789     ) ( -8.9486145823604540E-008, -8.3762221496792778E-008) ( -8.9486331732179589E-008, -8.3762226457467650E-008) (  1.0805218193708033     ,  1.0409202739640178     )
   14.951004999999999        1.2500000000000000     
 (  12.965574661999542     ,  3.4652485192983691     ) (  12.991028168781542     ,  3.5664016263726639     )
 ( -1.0444374149508666     , -1.0191336374848270     ) ( -8.8630959140486534E-008, -8.4639201855108965E-008) ( -8.8631153861522300E-008, -8.4639206989933362E-008) (  1.0698501940529956     ,  1.0510955941682680     )
   15.000999999999998        1.2500000000000000     
 (  13.090767389320261     ,  3.5140557905618146     ) (  13.116163090893497     ,  3.6154337831370111     )
 ( -1.0333360848186284     , -1.0277717554270789     ) ( -8.7716853422797978E-008, -8.5472158927245555E-008) ( -8.7717057272885004E-008, -8.5472164304624506E-008) (  1.0584680555291799     ,  1.0607256802385552     )
   15.050994999999999        1.2500000000000000     
 (  13.216723465721000     ,  3.5633208899219144     ) (  13.242083237427098     ,  3.6649189975629843     )
 ( -1.0215616069549251     , -1.0358417612469901     ) ( -8.6744278045450757E-008, -8.6259773621590420E-008) ( -8.6744491782120783E-008, -8.6259779128700884E-008) (  1.0463806789377128     ,  1.0697947340729945     )
   15.100989999999998        1.2500000000000000     
 (  13.343446630471101     ,  3.6130476782629879     ) (  13.368792511987449     ,  3.7148620917959820     )
 ( -1.0091204043778541     , -1.0433286682515193     ) ( -8.5713693751310979E-008, -8.7000706783240439E-008) ( -8.5713917205890005E-008, -8.7000712679354980E-008) (  1.0335933777559783     ,  1.0782868790266718     )
   15.150984999999999        1.2500000000000000     
 (  13.470939116085864     ,  3.6632399966969684     ) (  13.496294506954214     ,  3.7652677752416044     )
 (-0.99602001713354005     , -1.0502177102017387     ) ( -8.4625666053362678E-008, -8.7693638950600607E-008) ( -8.4625899951656164E-008, -8.7693645134126132E-008) (  1.0201126185102765     ,  1.0861864087678610     )
   15.200979999999998        1.2500000000000000     
 (  13.599205158392927     ,  3.7139020202283897     ) (  13.624592787437717     ,  3.8161412203552239     )
 (-0.98226770770446048     , -1.0564947823797055     ) ( -8.3480725894150889E-008, -8.8337312721474089E-008) ( -8.3480970620636712E-008, -8.8337319183990351E-008) (  1.0059451181536139     ,  1.0934782943304659     )
   15.250974999999999        1.2500000000000000     
 (  13.728246967457341     ,  3.7650379017615174     ) (  13.753691066872170     ,  3.8674875423784365     )
 (-0.96787256675584332     , -1.0621458065241709     ) ( -8.2279550996125756E-008, -8.8930456513355014E-008) ( -8.2279807043347792E-008, -8.8930463269833279E-008) ( 0.99109860544494632     ,  1.1001473412624088     )
   15.300969999999998        1.2500000000000000     
 (  13.858067771127400     ,  3.8166519073672118     ) (  13.883592458051027     ,  3.9193119931464953     )
 (-0.95284295776756456     , -1.0671572832854097     ) ( -8.1022774187437245E-008, -8.9471843724016375E-008) ( -8.1023042005732233E-008, -8.9471850806578396E-008) ( 0.97558046617467853     ,  1.1061789094322776     )
   15.350964999999999        1.2500000000000000     
 (  13.988670641650947     ,  3.8687481803871977     ) (  14.014300270368441     ,  3.9716199515496506     )
 (-0.93718854449558997     , -1.0715157879470720     ) ( -7.9711175809522799E-008, -8.9960260926392731E-008) ( -7.9711456038831012E-008, -8.9960268335098912E-008) ( 0.95939999209016003     ,  1.1115584235056069     )
   15.400959999999998        1.2500000000000000     
 (  14.120057911249127     ,  3.9213313116322852     ) (  14.145817486699167     ,  4.0244168594043002     )
 (-0.92091967099913574     , -1.0752087446195606     ) ( -7.8345502266332463E-008, -9.0394547409587832E-008) ( -7.8345795316332703E-008, -9.0394555021256262E-008) ( 0.94256594249976222     ,  1.1162719984536562     )
   15.450954999999999        1.2500000000000000     
 (  14.252232700103560     ,  3.9744056209617353     ) (  14.278147376750848     ,  4.0777082533079314     )
 (-0.90404710781168107     , -1.0782234988054127     ) ( -7.6926579805097834E-008, -9.0773545834122411E-008) ( -7.6926886157885110E-008, -9.0773553969553493E-008) ( 0.92508853930823176     ,  1.1203057094713733     )
   15.500949999999998        1.2500000000000000     
 (  14.385197292816084     ,  4.0279757497808353     ) (  14.411291955015068     ,  4.1315001153327149     )
 (-0.88658147841947088     , -1.0805482199020973     ) ( -7.5455299625281994E-008, -9.1096167095608971E-008) ( -7.5455619849087153E-008, -9.1096175678593997E-008) ( 0.90697762073494570     ,  1.1236464615069539     )
   15.550944999999999        1.2500000000000000     
 (  14.518953860380591     ,  4.0820462513307891     ) (  14.545254730281961     ,  4.1857978830648230     )
 (-0.86853486287065995     , -1.0821712656589804     ) ( -7.3932602702016145E-008, -9.1361313490167925E-008) ( -7.3932937665973779E-008, -9.1361322388893310E-008) ( 0.88824479005119794     ,  1.1262809913975320     )
   15.600939999999998        1.2500000000000000     
 (  14.653497206666877     ,  4.1366215534469628     ) (  14.680036669627073     ,  4.2406073308356103     )
 (-0.84991166460629031     , -1.0830814470474834     ) ( -7.2359270818435560E-008, -9.1567953465728934E-008) ( -7.2359233215568659E-008, -9.1567952466795808E-008) ( 0.86890350522369830     ,  1.1281968621809926     )
   15.650934999999999        1.2500000000000000     
 (  14.788845279082246     ,  4.1917066126390985     ) (  14.815642165192974     ,  4.2959347065178592     )
 (-0.83074056637120020     , -1.0832682401335019     ) ( -7.0736689850762185E-008, -9.1715061260199807E-008) ( -7.0736650344731247E-008, -9.1715060255817586E-008) ( 0.84896164529160523     ,  1.1293816885991883     )
   15.700930000000000        1.2500000000000000     
 (  14.924992074002004     ,  4.2473061255691684     ) (  14.952072545415344     ,  4.3517858014103288     )
 (-0.81102624753165031     , -1.0827216641067139     ) ( -6.9065679396154601E-008, -9.1801702342528062E-008) ( -6.9065637882560075E-008, -9.1801701276985416E-008) ( 0.82843383761285461     ,  1.1298240111459363     )
   15.750924999999999        1.2500000000000000     
 (  15.061940394448953     ,  4.3034247928324847     ) (  15.089330182009656     ,  4.4081667353765912     )
 (-0.79078325595820287     , -1.0814319974291018     ) ( -6.7347448221979077E-008, -9.1826929438331437E-008) ( -6.7347404625409288E-008, -9.1826928336762389E-008) ( 0.80733363220031928     ,  1.1295124469892042     )
   15.800920000000000        1.2500000000000000     
 (  15.199691226306243     ,  4.3600674128613930     ) (  15.227415986363194     ,  4.4650833848557321     )
 (-0.77002581240296131     , -1.0793899671976679     ) ( -6.5583097938196278E-008, -9.1789844734862723E-008) ( -6.5583052184457785E-008, -9.1789843541056962E-008) ( 0.78567457801315332     ,  1.1284359340620536     )
   15.850914999999999        1.2500000000000000     
 (  15.338246830860275     ,  4.4172387431163083     ) (  15.366332294144621     ,  4.5225419898403008     )
 (-0.74876836935764590     , -1.0765872837476653     ) ( -6.3773831606815563E-008, -9.1689629825964842E-008) ( -6.3773783596097166E-008, -9.1689628562202061E-008) ( 0.76347129037334638     ,  1.1265844892002683     )
   15.900910000000000        1.2500000000000000     
 (  15.477609229210474     ,  4.4749435605296526     ) (  15.506080442103467     ,  4.5805485551572644     )
 (-0.72702686661430127     , -1.0730156977764969     ) ( -6.1920922815798499E-008, -9.1525463340646839E-008) ( -6.1920872464596739E-008, -9.1525462003390927E-008) ( 0.74073851823872250     ,  1.1239480685153209     )
   15.950904999999999        1.2500000000000000     
 (  15.617779626787634     ,  4.5331868356700982     ) (  15.646661744372917     ,  4.6391093601318119     )
 (-0.70481613015225153     , -1.0686678815360398     ) ( -6.0025601335746965E-008, -9.1296590593390329E-008) ( -6.0025548425884168E-008, -9.1296589128331373E-008) ( 0.71749149041953231     ,  1.1205172801097494     )
   16.000900000000001        1.2500000000000000     
 (  15.758759368409672     ,  4.5919731528276886     ) (  15.788077375365807     ,  4.6982303961556822     )
 (-0.68215310126837425     , -1.0635367696521680     ) ( -5.8089266164988542E-008, -9.1002296181478395E-008) ( -5.8089210630086560E-008, -9.1002294685738105E-008) ( 0.69374680261384514     ,  1.1162834698825128     )
   16.050895000000001        1.2500000000000000     
 (  15.900550126577068     ,  4.6513073541389733     ) (  15.930328272472366     ,  4.7579177694459247     )
 (-0.65905375823074308     , -1.0576162253695107     ) ( -5.6113214333358627E-008, -9.0641917492503696E-008) ( -5.6113156017455077E-008, -9.0641915968118274E-008) ( 0.66951993838025070     ,  1.1112382032406880     )
   16.100890000000000        1.2500000000000000     
 (  16.043153485319031     ,  4.7111943896878872     ) (  16.073415458597875     ,  4.8181777013601268     )
 (-0.63553513591674793     , -1.0509003505266943     ) ( -5.4098884475984371E-008, -9.0214834299912421E-008) ( -5.4098823366290067E-008, -9.0214832615408986E-008) ( 0.64482868579013897     ,  1.1053739554912201     )
   16.150885000000002        1.2500000000000000     
 (  16.186570015154714     ,  4.7716387648779319     ) (  16.217339383937432     ,  4.8790162208858474     )
 (-0.61161474299771623     , -1.0433842321971374     ) ( -5.2047676190996652E-008, -8.9720475144240157E-008) ( -5.2047612543455279E-008, -8.9720473376070632E-008) ( 0.61968977144146065     ,  1.0986835137272382     )
   16.200880000000002        1.2500000000000000     
 (  16.330801577010931     ,  4.8326455148952610     ) (  16.362101110778998     ,  4.9404395644327197     )
 (-0.58731044299841495     , -1.0350634382075750     ) ( -4.9961125589263454E-008, -8.9158335091737474E-008) ( -4.9961058525115831E-008, -8.9158333223499517E-008) ( 0.59412187364276858     ,  1.0911604924248437     )
   16.250875000000001        1.2500000000000000     
 (  16.475848222727407     ,  4.8942192357944192     ) (  16.507699816148552     ,  5.0024534482094802     )
 (-0.56264028412463873     , -1.0259340320334909     ) ( -4.7840707414466721E-008, -8.8527935107488719E-008) ( -4.7840636977711319E-008, -8.8527933124587038E-008) ( 0.56814272820217637     ,  1.0827987613182455     )
   16.300870000000000        1.2500000000000000     
 (  16.621711329059778     ,  4.9563645871093236     ) (  16.654136340711133     ,  5.0650641302509873     )
 (-0.53762259136442725     , -1.0159927834969833     ) ( -4.5687982800622463E-008, -8.7828863224254889E-008) ( -4.5687909389881476E-008, -8.7828861143915024E-008) ( 0.54177129784147915     ,  1.0735931991062380     )
   16.350865000000002        1.2500000000000000     
 (  16.768392168241739     ,  5.0190861905378741     ) (  16.801410989062333     ,  5.1282773679087974     )
 (-0.51227627006456544     , -1.0052370228813927     ) ( -4.3504529019456847E-008, -8.7060749125612766E-008) ( -4.3504451669480480E-008, -8.7060746919111262E-008) ( 0.51502697967044830     ,  1.0635390502817046     )
   16.400860000000002        1.2500000000000000     
 (  16.915890893979277     ,  5.0823888014915637     ) (  16.949523181840060     ,  5.1920991352738390     )
 (-0.48662073706740394     ,-0.99366516951424855     ) ( -4.1291953587792444E-008, -8.6223302577090853E-008) ( -4.1291872442115109E-008, -8.6223300370240160E-008) ( 0.48792940691386982     ,  1.0526324577842583     )
   16.450855000000001        1.2500000000000000     
 (  17.064208747722841     ,  5.1462769190009521     ) (  17.098472994315006     ,  5.2565351121781863     )
 (-0.46067466117609207     ,-0.98127585870018741     ) ( -3.9051864120596787E-008, -8.5316259077434820E-008) ( -3.9051779228216686E-008, -8.5316256604867773E-008) ( 0.46049773317597265     ,  1.0408700078311519     )
   16.500850000000000        1.2500000000000000     
 (  17.213345630875263     ,  5.2107549975905938     ) (  17.248259345609593     ,  5.3215910263581252     )
 (-0.43445802811945683     ,-0.96806825843091870     ) ( -3.6785966936293814E-008, -8.4339406780303310E-008) ( -3.6785877895765889E-008, -8.4339404200383069E-008) ( 0.43275386917896491     ,  1.0282487798022684     )
   16.550845000000002        1.2500000000000000     
 (  17.363302634721141     ,  5.2758275945360404     ) (  17.398882644250545     ,  5.3872725093977740     )
 (-0.40799104261395980     ,-0.95404280421270438     ) ( -3.4495953225299622E-008, -8.3292623611638268E-008) ( -3.4495860000728529E-008, -8.3292620897892605E-008) ( 0.40471761898765718     ,  1.0147671358645760     )
   16.600840000000002        1.2500000000000000     
 (  17.514080140294300     ,  5.3414991568932280     ) (  17.550341233231705     ,  5.4535852514885734     )
 (-0.38129425169006703     ,-0.93920033802943459     ) ( -3.2183547027174945E-008, -8.2175830214427727E-008) ( -3.2183449335271508E-008, -8.2175827326900099E-008) ( 0.37641008768046780     ,  1.0004236301433489     )
   16.650835000000001        1.2500000000000000     
 (  17.665678492261900     ,  5.4077739508035032     ) (  17.702634813542975     ,  5.5205342791505396     )
 (-0.35438682674788230     ,-0.92354225919729804     ) ( -2.9850470959156396E-008, -8.0988984598265849E-008) ( -2.9850369609067022E-008, -8.0988981578972929E-008) ( 0.34785335384022020     , 0.98521769781131929     )
   16.700830000000000        1.2500000000000000     
 (  17.818098393706226     ,  5.4746562230709248     ) (  17.855762662276994     ,  5.5881252588616279     )
 (-0.32729078486501240     ,-0.90707070196707396     ) ( -2.7498515101125564E-008, -7.9732120895876468E-008) ( -2.7498408205414076E-008, -7.9732117727227035E-008) ( 0.31906857309529202     , 0.96914937353161423     )
   16.750825000000003        1.2500000000000000     
 (  17.971339872269731     ,  5.5421504558379704     ) (  18.009723170234512     ,  5.6563632083766437     )
 (-0.30002569806415325     ,-0.88978868981456183     ) ( -2.5129417125167620E-008, -7.8405340883756069E-008) ( -2.5129305116418151E-008, -7.8405337519726074E-008) ( 0.29007780792143611     , 0.95221979468126994     )
   16.800820000000002        1.2500000000000000     
 (  18.125403429645047     ,  5.6102605952623357     ) (  18.164515537866400     ,  5.7252532999893617     )
 (-0.27261372993936317     ,-0.87169961837509147     ) ( -2.2745047899471825E-008, -7.7008762986000450E-008) ( -2.2744930718989131E-008, -7.7008759510896125E-008) ( 0.26090402724230916     , 0.93443004853238243     )
   16.850815000000001        1.2500000000000000     
 (  18.280289011932776     ,  5.6789908710290877     ) (  18.320138507636777     ,  5.7948004362971073     )
 (-0.24507511109967209     ,-0.85280789345838293     ) ( -2.0347186167731906E-008, -7.5542627393869037E-008) ( -2.0347063919735830E-008, -7.5542623731245170E-008) ( 0.23156883990580296     , 0.91578285246386704     )
   16.900810000000000        1.2500000000000000     
 (  18.435997397595365     ,  5.7483452948964882     ) (  18.476590627932051     ,  5.8650093353491872     )
 (-0.21743140087472315     ,-0.83311867418924990     ) ( -1.7937687496667031E-008, -7.4007200534953961E-008) ( -1.7937560416439931E-008, -7.4007196681439242E-008) ( 0.20209601825151235     , 0.89628118920632083     )
   16.950805000000003        1.2500000000000000     
 (  18.592528115481834     ,  5.8183280438763632     ) (  18.633870210334340     ,  5.9358848927089580     )
 (-0.18970382114110668     ,-0.81263730256780642     ) ( -1.5518430395036475E-008, -7.2402784372022456E-008) ( -1.5518296199151692E-008, -7.2402780256868392E-008) ( 0.17250809952540203     , 0.87592875878808241     )
   17.000800000000002        1.2500000000000000     
 (  18.749882324438047     ,  5.8889431116087856     ) (  18.791976455995272     ,  6.0074317032741691     )
 (-0.16191445041996458     ,-0.79137067827053931     ) ( -1.3091252632119546E-008, -7.0729815958547484E-008) ( -1.3091112142060705E-008, -7.0729811606061790E-008) ( 0.14282827928924535     , 0.85473046652249141     )
   17.050795000000001        1.2500000000000000     
 (  18.908059730690717     ,  5.9601941382804995     ) (  18.950908145098634     ,  6.0796539683026687     )
 (-0.13408364809125092     ,-0.76932547813398122     ) ( -1.0658007591600392E-008, -6.8988696692531496E-008) ( -1.0657860753591988E-008, -6.8988692112682438E-008) ( 0.11307975905606996     , 0.83269127488607841     )
   17.100790000000003        1.2500000000000000     
 (  19.067060545275403     ,  6.0320851085454539     ) (  19.110662536426162     ,  6.1525561299115497     )
 (-0.10623408290867815     ,-0.74650979725153110     ) ( -8.2205981190154171E-009, -6.7179964529704400E-008) ( -8.2204444776534242E-009, -6.7179959728536883E-008) (  8.3285913047895413E-002, 0.80981758795845005     )
   17.150785000000003        1.2500000000000000     
 (  19.226884999141856     ,  6.1046198550521753     ) (  19.271238374199850     ,  6.2261423775857168     )
 ( -7.8386617189143554E-002,-0.72293202155100034     ) ( -5.7809526360955683E-009, -6.5304185466515489E-008) ( -5.7807927777264190E-009, -6.5304180431388366E-008) (  5.3471157937634475E-002, 0.78611618880133438     )
   17.200779999999998        1.2500000000000000     
 (  19.387533094134216     ,  6.1778020088519296     ) (  19.432634298670770     ,  6.3004164084208645     )
 ( -5.0563359707560679E-002,-0.69860153617503173     ) ( -3.3409588688092737E-009, -6.3362001372086577E-008) ( -3.3407908949158401E-009, -6.3361996073685812E-008) (  2.3658853605567871E-002, 0.76159472518887827     )
   17.250774999999997        1.2500000000000000     
 (  19.549005380454687     ,  6.2516354040675841     ) (  19.594848886864387     ,  6.3753825629025691     )
 ( -2.2785687150856746E-002,-0.67352801596722200     ) ( -9.0249846832489737E-010, -6.1354084411645831E-008) ( -9.0232296048693196E-010, -6.1354078902632997E-008) ( -6.1275604617276420E-003, 0.73626157026255701     )
   17.300770000000000        1.2500000000000000     
 (  19.711302346944382     ,  6.3261237086234159     ) (  19.757880088447781     ,  6.4510441970273869     )
 (  4.9250223422623255E-003,-0.64772228957477063     ) (  1.5325177588099197E-009, -5.9281206234986593E-008) (  1.5327012019343030E-009, -5.9281200400816379E-008) ( -3.5863958589302983E-002, 0.71012605746844504     )
   17.350764999999999        1.2500000000000000     
 (  19.874422904674446     ,  6.4012704511302827     ) (  19.921725786253976     ,  6.5274050490948508     )
 (  3.2547326362355161E-002,-0.62119548917180245     ) (  3.9621765059858753E-009, -5.7144172288234692E-008) (  3.9623681045033889E-009, -5.7144166156098721E-008) ( -6.5526461709095943E-002, 0.68319808524390047     )
   17.400759999999998        1.2500000000000000     
 (  20.038368955734100     ,  6.4770792871375118     ) (  20.086384725177140     ,  6.6044685693974419     )
 (  6.0059148325315836E-002,-0.59395987552179252     ) (  6.3846116117091469E-009, -5.4943880722304196E-008) (  6.3848109075762621E-009, -5.4943874400505545E-008) ( -9.5091415444010244E-002, 0.65548851556533549     )
   17.450755000000001        1.2500000000000000     
 (  20.203140094009054     ,  6.5535537032075073     ) (  20.251855444889895     ,  6.6822379445152569     )
 (  8.7439960149927914E-002,-0.56602769482013393     ) (  8.7978673171503901E-009, -5.2681223000046145E-008) (  8.7980748824794439E-009, -5.2681216245615497E-008) (-0.12453526657288072     , 0.62700868953479683     )
   17.500750000000000        1.2500000000000000     
 (  20.368736359641989     ,  6.6306973557040854     ) (  20.418135521060258     ,  6.7607164896162368     )
 ( 0.11466803952943930     ,-0.53741278910438717     ) (  1.1200058475695667E-008, -5.0357254280798589E-008) (  1.1200276899107489E-008, -5.0357247096774091E-008) (-0.15383303822214356     , 0.59777132752820816     )
   17.550744999999999        1.2500000000000000     
 (  20.535158230023900     ,  6.7085137298856070     ) (  20.585224415391384     ,  6.8399072709568607     )
 ( 0.14172245893019764     ,-0.50812875075138586     ) (  1.3589338080420589E-008, -4.7972978626297308E-008) (  1.3589565938206642E-008, -4.7972971167594590E-008) (-0.18296229249622081     , 0.56778897300383890     )
   17.600739999999998        1.2500000000000000     
 (  20.702406352248630     ,  6.7870060986541336     ) (  20.753119379642975     ,  6.9198129058239264     )
 ( 0.16858172601644036     ,-0.47819023907641023     ) (  1.5963751434756452E-008, -4.5529526951623390E-008) (  1.5963989453687052E-008, -4.5529519144001583E-008) (-0.21189815189417199     , 0.53707572778786994     )
   17.650735000000001        1.2500000000000000     
 (  20.870480753153814     ,  6.8661782428958054     ) (  20.921819734916738     ,  7.0004365709864906     )
 ( 0.19522645039706532     ,-0.44761276860459909     ) (  1.8321473488463090E-008, -4.3028068932334461E-008) (  1.8321722139811014E-008, -4.3028060711469797E-008) (-0.24061821462794450     , 0.50564625936979379     )
   17.700730000000000        1.2500000000000000     
 (  21.039382684864073     ,  6.9460335906965227     ) (  21.091323891645036     ,  7.0817807463332150     )
 ( 0.22163465252557840     ,-0.41641237647387830     ) (  2.0660653417454663E-008, -4.0469862098304454E-008) (  2.0660913149925038E-008, -4.0469853504623968E-008) (-0.26909861105192567     , 0.47351577759111391     )
   17.750724999999999        1.2500000000000000     
 (  21.209111478724942     ,  7.0265753009680330     ) (  21.261629797260177     ,  7.1638479079967725     )
 ( 0.24778628795639121     ,-0.38460531833537798     ) (  2.2979422355718225E-008, -3.7856156251884406E-008) (  2.2979693529766926E-008, -3.7856147313199355E-008) (-0.29731600751027315     , 0.44070035567582000     )
   17.800719999999998        1.2500000000000000     
 (  21.379667865087537     ,  7.1078071487586989     ) (  21.432736371678946     ,  7.2466405984032525     )
 ( 0.27366118865256367     ,-0.35220874534304297     ) (  2.5275939053947278E-008, -3.5188302965301432E-008) (  2.5276221927750388E-008, -3.5188293530667499E-008) (-0.32524762597219131     , 0.40721676318031891     )
   17.850715000000001        1.2500000000000000     
 (  21.551052881872558     ,  7.1897325820852256     ) (  21.604642800298066     ,  7.3301613410538211     )
 ( 0.29923965517282847     ,-0.31924082310642404     ) (  2.7548429195536428E-008, -3.2467721628003605E-008) (  2.7548722668901754E-008, -3.2467711742213699E-008) (-0.35287044685205676     , 0.37308258587084903     )
   17.900710000000000        1.2500000000000000     
 (  21.723266351425444     ,  7.2723550845592699     ) (  21.777347222824780     ,  7.4144120792709538     )
 ( 0.32450184914525543     ,-0.28571959497653088     ) (  2.9795034481704236E-008, -2.9695840546050045E-008) (  2.9795342178982194E-008, -2.9695830207756051E-008) (-0.38016185157185173     , 0.33831612073929546     )
   17.950704999999999        1.2500000000000000     
 (  21.896309882006300     ,  7.3556778695099805     ) (  21.950848679129550     ,  7.4993950965977509     )
 ( 0.34942808987631241     ,-0.25166422703032232     ) (  3.2014056493255326E-008, -2.6874182289356458E-008) (  3.2014377543569665E-008, -2.6874171457335820E-008) (-0.40709965479404958     , 0.30293625095659288     )
   18.000699999999998        1.2500000000000000     
 (  22.070183209883886     ,  7.4397049598150637     ) (  22.125146019008294     ,  7.5851126416029446     )
 ( 0.37399981318557274     ,-0.21709419367168054     ) (  3.4203683311023128E-008, -2.4004304745748703E-008) (  3.4204016853635528E-008, -2.4004293390558205E-008) (-0.43366148325970488     , 0.26696255097398003     )
   18.050695000000001        1.2500000000000000     
 (  22.244887081751266     ,  7.5244395491958151     ) (  22.300238136198619     ,  7.6715665900032644     )
 ( 0.39819790172037089     ,-0.18202968157839866     ) (  3.6362174651745571E-008, -2.1087844911656485E-008) (  3.6362524033472055E-008, -2.1087832934680180E-008) (-0.45982587651007656     , 0.23041558072681434     )
   18.100690000000000        1.2500000000000000     
 (  22.420421869671944     ,  7.6098853124218868     ) (  22.476125067986040     ,  7.7587588115950981     )
 ( 0.42200405746783709     ,-0.14649145997953716     ) (  3.8487899372917304E-008, -1.8126467411751298E-008) (  3.8488263684240145E-008, -1.8126455264697570E-008) (-0.48557136858932426     , 0.19331628323074262     )
   18.150684999999999        1.2500000000000000     
 (  22.596788846038979     ,  7.6960459944299524     ) (  22.652805008416326     ,  7.8466912764634635     )
 ( 0.44539953816280548     ,-0.11050023966429405     ) (  4.0579084041670894E-008, -1.5121838557443102E-008) (  4.0579464249136416E-008, -1.5121825548577194E-008) (-0.51087686634839691     , 0.15568598193418665     )
   18.200679999999998        1.2500000000000000     
 (  22.773988593851559     ,  7.7829248375581663     ) (  22.830277948576821     ,  7.9353657841730447     )
 ( 0.46836711828282601     , -7.4078092136136434E-002) (  4.2634120287950394E-008, -1.2075770835588124E-008) (  4.2634515484629013E-008, -1.2075757189155959E-008) (-0.53572146875736970     , 0.11754732067637370     )
   18.250675000000001        1.2500000000000000     
 (  22.952021707031673     ,  7.8705260272223239     ) (  23.008542785883083     ,  8.0247841496926071     )
 ( 0.49088940857254210     , -3.7247642580786361E-002) (  4.4651412458052018E-008, -8.9900954360378278E-009) (  4.4651825161461489E-008, -8.9900810856719736E-009) (-0.56008509143070639     ,  7.8923251767585204E-002)
   18.300670000000000        1.2500000000000000     
 (  23.130888792641365     ,  7.9588529034783573     ) (  23.187599876423139     ,  8.1149478790916394     )
 ( 0.51294917226267656     , -3.1244660889185718E-005) (  4.6629347810485939E-008, -5.8666586725552682E-009) (  4.6629778238962986E-008, -5.8666437641090843E-009) (-0.58394781941387863     ,  3.9837256632632261E-002)
   18.350664999999999        1.2500000000000000     
 (  23.310590333979704     ,  8.0479098389496890     ) (  23.367448446433549     ,  8.2058594358969668     )
 ( 0.53452977581943439     ,  3.7547896423343559E-002) (  4.8566354972846086E-008, -2.7073554494659183E-009) (  4.8566803134150981E-008, -2.7073397718410210E-009) (-0.60728961736117348     ,  3.1340439519049674E-004)
   18.400659999999998        1.2500000000000000     
 (  23.491127672225350     ,  8.1377001210568061     ) (  23.548087558433632     ,  8.2975198661874465     )
 ( 0.55561507982505731     ,  7.5466042990113988E-002) (  5.0460928113997494E-008,  4.8584698406149726E-010) (  5.0461394147513948E-008,  4.8586313236906109E-010) (-0.63009176699882552     , -3.9623706347193609E-002)
   18.450655000000001        1.2500000000000000     
 (  23.672500853318844     ,  8.2282277304520299     ) (  23.729518393520546     ,  8.3899308339294567     )
 ( 0.57618914111463571     , 0.11369918142053514     ) (  5.2311538025676067E-008,  3.7109620665655024E-009) (  5.2312024279604471E-008,  3.7109790665620468E-009) (-0.65233548561465793     , -7.9948586068856478E-002)
   18.500650000000000        1.2500000000000000     
 (  23.854710688931384     ,  8.3194966366090490     ) (  23.911740094703408     ,  8.4830946353953465     )
 ( 0.59623690634577653     , 0.15222265979610800     ) (  5.4116794615758583E-008,  6.9659306711962662E-009) (  5.4117302018807206E-008,  6.9659484801930215E-009) (-0.67400322815662972     ,-0.12063558675238970     )
   18.550644999999999        1.2500000000000000     
 (  24.037758118842593     ,  8.4115109898693987     ) (  24.094752827757734     ,  8.5770125443231002     )
 ( 0.61574359106689280     , 0.19101099732103202     ) (  5.5875294568131392E-008,  1.0248650497744268E-008) (  5.5875822840351141E-008,  1.0248669087828959E-008) (-0.69507702649277248     ,-0.16165802002887547     )
   18.600639999999999        1.2500000000000000     
 (  24.221643784889810     ,  8.5042745773041339     ) (  24.278557276007596     ,  8.6716862165164539     )
 ( 0.63469434741492370     , 0.23003931655158916     ) (  5.7585587557136657E-008,  1.3557030370475755E-008) (  5.7586137765362955E-008,  1.3557049771943681E-008) (-0.71553968727286010     ,-0.20298935850174302     )
   18.650635000000001        1.2500000000000000     
 (  24.406367821729102     ,  8.5977919859424450     ) (  24.463153073010886     ,  8.7671177091891295     )
 ( 0.65307553449669142     , 0.26928195756151047     ) (  5.9246380598585778E-008,  1.6888931644792199E-008) (  5.9246953902444866E-008,  1.6888951970574374E-008) (-0.73537454477254838     ,-0.24460233601612180     )
   18.700630000000000        1.2500000000000000     
 (  24.591921107625154     ,  8.6920664091031909     ) (  24.648539755488194     ,  8.8633083725843971     )
 ( 0.67086298122128762     , 0.30871198304036374     ) (  6.0856260665930079E-008,  2.0242112546795471E-008) (  6.0856193590781934E-008,  2.0242111495716205E-008) (-0.75456842277885805     ,-0.28646881805776514     )
   18.750624999999999        1.2500000000000000     
 (  24.778324107741287     ,  8.7871032674960095     ) (  24.834720237396148     ,  8.9602605903810311     )
 ( 0.68806540079037126     , 0.34830379834265118     ) (  6.2414312890985062E-008,  2.3614362234156410E-008) (  6.2414242626467497E-008,  2.3614361108729998E-008) (-0.77310173546009608     ,-0.32856083960698501     )
   18.800620000000002        1.2500000000000000     
 (  24.965567678136427     ,  8.8829066732120037     ) (  25.021694205709981     ,  9.0579762217740356     )
 ( 0.70465904039103133     , 0.38802996564936981     ) (  6.3919087365783571E-008,  2.7003391946495764E-008) (  6.3919014428455975E-008,  2.7003390748659072E-008) (-0.79096084582711135     ,-0.37084957869570273     )
   18.850615000000001        1.2500000000000000     
 (  25.153652192170981     ,  8.9794805326005722     ) (  25.209462257879284     ,  9.1564568674078899     )
 ( 0.72063273613700796     , 0.42786375407981964     ) (  6.5369469305278101E-008,  3.0406933041970831E-008) (  6.5369392585251711E-008,  3.0406931773468589E-008) (-0.80813126510331390     ,-0.41330581910193559     )
   18.900610000000000        1.2500000000000000     
 (  25.342578191248698     ,  9.0768293992875346     ) (  25.398024576036931     ,  9.2557045890151102     )
 ( 0.73597572763373309     , 0.46777738189404494     ) (  6.6764403257917781E-008,  3.3822633483963567E-008) (  6.6764323358209540E-008,  3.3822632130098827E-008) (-0.82460078276093851     ,-0.45590034575000427     )
   18.950604999999999        1.2500000000000000     
 (  25.532345766526245     ,  9.1749576367278411     ) (  25.587382787158937     ,  9.3557214802086364     )
 ( 0.75067646420068868     , 0.50774295771305433     ) (  6.8102799891965567E-008,  3.7248131379697761E-008) (  6.8102715674726590E-008,  3.7248129957602870E-008) (-0.84035585934106349     ,-0.49860333044704130     )
   19.000600000000002        1.2500000000000000     
 (  25.722955205998776     ,  9.2738701461858248     ) (  25.777537543027041     ,  9.4565099970561821     )
 ( 0.76472475099310955     , 0.54773290334450020     ) (  6.9383642704651691E-008,  4.0681056824940770E-008) (  6.9383554751881267E-008,  4.0681055275472736E-008) (-0.85538409266039350     ,-0.54138433719936507     )
   19.050595000000001        1.2500000000000000     
 (  25.914407202039261     ,  9.3735712855706890     ) (  25.968489791244984     ,  9.5580719740523428     )
 ( 0.77811227193152011     , 0.58771888648756043     ) (  7.0606036214335985E-008,  4.4119005077499119E-008) (  7.0605944177302339E-008,  4.4119003471834777E-008) (-0.86967353733511743     ,-0.58421330860918530     )
   19.100590000000000        1.2500000000000000     
 (  26.106701144803377     ,  9.4740656194996049     ) (  26.160240276606210     ,  9.6604096881925088     )
 ( 0.79082938240450817     , 0.62767187337065811     ) (  7.1769012644142434E-008,  4.7559491320330288E-008) (  7.1768916472832001E-008,  4.7559489574442647E-008) (-0.88321403339545845     ,-0.62705877097752716     )
   19.150585000000000        1.2500000000000000     
 (  26.299837446810045     ,  9.5753577300586468     ) (  26.352790667355869     ,  9.7635256731414497     )
 ( 0.80286719985728372     , 0.66756404557180249     ) (  7.2871747315992895E-008,  5.1000136653156784E-008) (  7.2871646985856239E-008,  5.1000134786173785E-008) (-0.89599426262536086     ,-0.66989069045210681     )
   19.200580000000002        1.2500000000000000     
 (  26.493816399420190     ,  9.6774523722169583     ) (  26.546141213017574     ,  9.8674223820511333     )
 ( 0.81421900542321568     , 0.70736580969773877     ) (  7.3913448385587151E-008,  5.4438378697837380E-008) (  7.3913343643482865E-008,  5.4438376708035027E-008) (-0.90800528922623092     ,-0.71267680613851214     )
   19.250575000000001        1.2500000000000000     
 (  26.688637828746050     ,  9.7803546139122197     ) (  26.740294703530800     ,  9.9721026343971957     )
 ( 0.82487711477684256     , 0.74704864736248622     ) (  7.4893391661970658E-008,  5.7871781090250676E-008) (  7.4893281875448224E-008,  5.7871779045003723E-008) (-0.91923819534247764     ,-0.75538624377207320     )
   19.300570000000000        1.2500000000000000     
 (  26.884300531293174     ,  9.8840687697994909     ) (  26.935250510723858     ,  10.077568811138546     )
 ( 0.83483604965946634     , 0.78658329827422691     ) (  7.5810926046008301E-008,  6.1297819971571582E-008) (  7.5810811529441655E-008,  6.1297817735198005E-008) (-0.92968511771370888     ,-0.79798714882877220     )
   19.350565000000000        1.2500000000000000     
 (  27.080805990227301     ,  9.9885996227234966     ) (  27.131011486451268     ,  10.183823577501164     )
 ( 0.84408896714984405     , 0.82594050687129028     ) (  7.6665324141647668E-008,  6.4713958025193936E-008) (  7.6665204440141882E-008,  6.4713955631632444E-008) (-0.93933782054300785     ,-0.84044758542468700     )
   19.400560000000002        1.2500000000000000     
 (  27.278152411050250     ,  10.093952394428001     ) (  27.327577109221576     ,  10.290870141569082     )
 ( 0.85263140704071216     , 0.86509079103359099     ) (  7.7456107482158265E-008,  6.8117647033279651E-008) (  7.7455984048894921E-008,  6.8117644501086977E-008) (-0.94819048848276655     ,-0.88273557452489693     )
   19.450555000000001        1.2500000000000000     
 (  27.476339393552944     ,  10.200131536073547     ) (  27.524950659918087     ,  10.398711331958220     )
 ( 0.86045937098048075     , 0.90400502000146166     ) (  7.8182785254887216E-008,  7.1506391199058613E-008) (  7.8182654478114439E-008,  7.1506388504183296E-008) (-0.95623667710034521     ,-0.92481925546441945     )
   19.500550000000000        1.2500000000000000     
 (  27.675366958473109     ,  10.307141630578524     ) (  27.723131720909386     ,  10.507349941528959     )
 ( 0.86756794567640361     , 0.94265369458177206     ) (  7.8844887601769848E-008,  7.4877569283343084E-008) (  7.8844752268844806E-008,  7.4877566414033230E-008) (-0.96347157996815980     ,-0.96666609438607742     )
   19.550545000000000        1.2500000000000000     
 (  27.875233671119794     ,  10.414988295501292     ) (  27.922122502156355     ,  10.616789680373316     )
 ( 0.87395510581964708     , 0.98100692360026298     ) (  7.9441965723015581E-008,  7.8228635221055037E-008) (  7.9441825217586186E-008,  7.8228632270611072E-008) (-0.96989024389172029     , -1.0082436547845139     )
   19.600540000000002        1.2500000000000000     
 (  28.075939403780083     ,  10.523675871113273     ) (  28.121923549545489     ,  10.727033847069611     )
 ( 0.87961814780387015     ,  1.0190360269949090     ) (  7.9973760428098765E-008,  8.1557059733239599E-008) (  7.9973611566760747E-008,  8.1557056524340061E-008) (-0.97548951414994789     , -1.0495202218163622     )
   19.650535000000001        1.2500000000000000     
 (  28.277482365394953     ,  10.633209088063047     ) (  28.322536657064997     ,  10.838085373057163     )
 ( 0.88455534241587674     ,  1.0567108878356095     ) (  8.0440009033230972E-008,  8.4860246591912353E-008) (  8.0439853645745474E-008,  8.4860243219228963E-008) (-0.98026642247584372     , -1.0904631504668090     )
   19.700530000000001        1.2500000000000000     
 (  28.479862735901570     ,  10.743592259444998     ) (  28.523963147167205     ,  10.949947579092314     )
 ( 0.88876566516197508     ,  1.0940025645860327     ) (  8.0840467346858868E-008,  8.8135632022262227E-008) (  8.0840305338571347E-008,  8.8135628409713215E-008) (-0.98421879947069790     , -1.1310402466354714     )
   19.750525000000000        1.2500000000000000     
 (  28.683078458717119     ,  10.854831097612944     ) (  28.726203366972701     ,  11.062624878360658     )
 ( 0.89224958179132463     ,  1.1308815974646127     ) (  8.1175076002034952E-008,  9.1380645919874246E-008) (  8.1174906721363143E-008,  9.1380642106871300E-008) (-0.98734573430040440     , -1.1712189507202710     )
   19.800520000000002        1.2500000000000000     
 (  28.887127938323822     ,  10.966929574127757     ) (  28.929259238389058     ,  11.176120184079839     )
 ( 0.89500654497859011     ,  1.1673186986938153     ) (  8.1443688737764815E-008,  9.4592746527557620E-008) (  8.1443512352364185E-008,  9.4592742484252239E-008) (-0.98964638477746469     , -1.2109674872405185     )
   19.850515000000001        1.2500000000000000     
 (  29.092010096120543     ,  11.079892873859619     ) (  29.133130809394505     ,  11.290437877325104     )
 ( 0.89703881401087093     ,  1.2032847770821764     ) (  8.1646333136311906E-008,  9.7769348793689815E-008) (  8.1646149029206080E-008,  9.7769344529278540E-008) (-0.99112105785745641     , -1.2502535974309470     )
   19.900510000000001        1.2500000000000000     
 (  29.297723325790457     ,  11.193725330966544     ) (  29.337820161606178     ,  11.405581816833060     )
 ( 0.89834757045590785     ,  1.2387513971768773     ) (  8.1783092808577613E-008,  1.0090796933505000E-007) (  8.1782900946471842E-008,  1.0090796479676171E-007) (-0.99177125159177271     , -1.2890454041357282     )
   19.950505000000000        1.2500000000000000     
 (  29.504266016894157     ,  11.308431091057681     ) (  29.543326582724337     ,  11.521554903187901     )
 ( 0.89893539505483466     ,  1.2736891713744283     ) (  8.1853932499069196E-008,  1.0400600470473299E-007) (  8.1853732360323945E-008,  1.0400599992669176E-007) (-0.99159809289777190     , -1.3273109339418878     )
   20.000500000000002        1.2500000000000000     
 (  29.711636685938920     ,  11.424014931514911     ) (  29.749652641309289     ,  11.638361850641935     )
 ( 0.89880634982424890     ,  1.3080702490013951     ) (  8.1859248276818922E-008,  1.0706099325285910E-007) (  8.1859039676964376E-008,  1.0706098821252639E-007) (-0.99060558799454212     , -1.3650187504278566     )
   20.050495000000002        1.2500000000000000     
 (  29.919832806615538     ,  11.540481835215170     ) (  29.956798024849203     ,  11.756007469037117     )
 ( 0.89796372483710074     ,  1.3418662772156882     ) (  8.1799133415233136E-008,  1.1007045542000968E-007) (  8.1798915792250509E-008,  1.1007045019217363E-007) (-0.98879574581866891     , -1.4021376230177602     )
   20.100490000000001        1.2500000000000000     
 (  30.128852748705249     ,  11.657835043274229     ) (  30.164763804129858     ,  11.874494697090720     )
 ( 0.89641289616014919     ,  1.3750487639351077     ) (  8.1673917251125215E-008,  1.1303183190951403E-007) (  8.1673691540659011E-008,  1.1303182623555984E-007) (-0.98617405097538724     , -1.4386359144627330     )
   20.150485000000000        1.2500000000000000     
 (  30.338694989481407     ,  11.776079120433684     ) (  30.373549926555132     ,  11.993828392839250     )
 ( 0.89415911704663908     ,  1.4075906926473709     ) (  8.1484019448959259E-008,  1.1594274119109871E-007) (  8.1483782762740285E-008,  1.1594273534898105E-007) (-0.98274523737913366     , -1.4744832922473612     )
   20.200480000000002        1.2500000000000000     
 (  30.549356434176918     ,  11.895218576867263     ) (  30.583157505354929     ,  12.114012314345690     )
 ( 0.89120899182229163     ,  1.4394642267790483     ) (  8.1229869304228143E-008,  1.1880070296016844E-007) (  8.1229622509232435E-008,  1.1880069671917536E-007) (-0.97851542684853143     , -1.5096487253543154     )
   20.250475000000002        1.2500000000000000     
 (  30.760835215280306     ,  12.015256781928178     ) (  30.793586707736672     ,  12.235051519137231     )
 ( 0.88756889611732781     ,  1.4706423341928125     ) (  8.0911924881551425E-008,  1.2160331444674400E-007) (  8.0911667770953096E-008,  1.2160330783430952E-007) (-0.97349108050491684     , -1.5441024522388591     )
   20.300470000000001        1.2500000000000000     
 (  30.973128551417936     ,  12.136197960017336     ) (  31.004837796833950     ,  12.356949573245538     )
 ( 0.88324690240212622     ,  1.5010990120454271     ) (  8.0530822880875921E-008,  1.2434823840223717E-007) (  8.0530555240700832E-008,  1.2434823154748751E-007) (-0.96768001873233334     , -1.5778141776704895     )
   20.350465000000000        1.2500000000000000     
 (  31.186234618309658     ,  12.258045879001481     ) (  31.216910556682439     ,  12.479711094332639     )
 ( 0.87825150149561559     ,  1.5308070902342923     ) (  8.0087103377837625E-008,  1.2703306235792646E-007) (  8.0086824450644799E-008,  1.2703305503059137E-007) (-0.96109026500201988     , -1.6107541448352969     )
   20.400459999999999        1.2500000000000000     
 (  31.400150685786027     ,  12.380803869077413     ) (  31.429804876483296     ,  12.603340792458402     )
 ( 0.87259168444692625     ,  1.5597414780007102     ) (  7.9581512680568640E-008,  1.2965552454504251E-007) (  7.9581223663217114E-008,  1.2965551676676066E-007) (-0.95373106995093992     , -1.6428942783611618     )
   20.450454999999998        1.2500000000000000     
 (  31.614874123948908     ,  12.504475680124122     ) (  31.643521894022850     ,  12.727842520475379     )
 ( 0.86627685289592071     ,  1.5878764613794363     ) (  7.9014754605160417E-008,  1.3221327681185169E-007) (  7.9014451561445774E-008,  1.3221326857228507E-007) (-0.94561222300624637     , -1.6742045865141186     )
   20.500450000000001        1.2500000000000000     
 (  31.830402100626795     ,  12.629064429029995     ) (  31.858059795881786     ,  12.853220908526323     )
 ( 0.85931839809744726     ,  1.6151878665054495     ) (  7.8387721900796624E-008,  1.3470420625850529E-007) (  7.8387407971805565E-008,  1.3470419759525027E-007) (-0.93674498647756310     , -1.7046583278028495     )
   20.550445000000000        1.2500000000000000     
 (  32.046731627690846     ,  12.754573441720867     ) (  32.073419195214299     ,  12.979480138891441     )
 ( 0.85172613419151222     ,  1.6416503623073282     ) (  7.7701215483198416E-008,  1.3712597065111140E-007) (  7.7700887954634179E-008,  1.3712596152034793E-007) (-0.92714009631637240     , -1.7342265923817251     )
   20.600439999999999        1.2500000000000000     
 (  32.263861239317343     ,  12.881005874389961     ) (  32.289598857007022     ,  13.106625165041192     )
 ( 0.84351354530571998     ,  1.6672409543650328     ) (  7.6956170337993647E-008,  1.3947650457775366E-007) (  7.6955828177926063E-008,  1.3947649496483261E-007) (-0.91680972823867524     , -1.7628832552761144     )
   20.650434999999998        1.2500000000000000     
 (  32.481786574160864     ,  13.008363923786279     ) (  32.506599588477101     ,  13.234659495004655     )
 ( 0.83469137816347694     ,  1.6919362181624371     ) (  7.6153597842982094E-008,  1.4175364654864590E-007) (  7.6153241176487634E-008,  1.4175363658328594E-007) (-0.90576775996686165     , -1.7906010789937554     )
   20.700430000000001        1.2500000000000000     
 (  32.700505795973413     ,  13.136650886055032     ) (  32.724419241297319     ,  13.363587681491010     )
 ( 0.82527466084379386     ,  1.7157137022402613     ) (  7.5294610592373989E-008,  1.4395536622964633E-007) (  7.5294239209383652E-008,  1.4395535556608444E-007) (-0.89402703374196701     , -1.8173539206246407     )
   20.750425000000000        1.2500000000000000     
 (  32.920016147202567     ,  13.265869191410255     ) (  32.943058097035426     ,  13.493414453593845     )
 ( 0.81527547017872959     ,  1.7385508780206886     ) (  7.4380194021975526E-008,  1.4607962289562453E-007) (  7.4379807380933556E-008,  1.4607961164015085E-007) (-0.88160221247936921     , -1.8431175104959934     )
   20.800419999999999        1.2500000000000000     
 (  33.140314298207549     ,  13.396021111082053     ) (  33.162514879331439     ,  13.624143564944543     )
 ( 0.80470901356230773     ,  1.7604272966981960     ) (  7.3411600819747264E-008,  1.4812445408206965E-007) (  7.3411198895568251E-008,  1.4812444243076186E-007) (-0.86850823219083340     , -1.8678659502811430     )
   20.850414999999998        1.2500000000000000     
 (  33.361397255617675     ,  13.527108514430374     ) (  33.382788090125224     ,  13.755778747121033     )
 ( 0.79358966061319147     ,  1.7813215355427405     ) (  7.2389981902994256E-008,  1.5008796078893308E-007) (  7.2389563749180635E-008,  1.5008794846093588E-007) (-0.85476108761809722     , -1.8915755014595890     )
   20.900410000000001        1.2500000000000000     
 (  33.583262561173377     ,  13.659134100273006     ) (  33.603877027818541     ,  13.888325000144894     )
 ( 0.78193390731519308     ,  1.8012142303238592     ) (  7.1316622316381173E-008,  1.5196828113649657E-007) (  7.1316187479783104E-008,  1.5196826817228927E-007) (-0.84037718888271928     , -1.9142231046125406     )
   20.950405000000000        1.2500000000000000     
 (  33.805907867108829     ,  13.792099240469707     ) (  33.825780776778807     ,  14.021785716527969     )
 ( 0.76975694337745404     ,  1.8200856216420467     ) (  7.0192865547404676E-008,  1.5376360050982458E-007) (  7.0192412576763047E-008,  1.5376358678084201E-007) (-0.82537367714026943     , -1.9357861040964048     )
   21.000399999999999        1.2500000000000000     
 (  34.029329771482189     ,  13.926005901280332     ) (  34.048497377806235     ,  14.156164902102928     )
 ( 0.75707653926070928     ,  1.8379180198155027     ) (  6.9020113028492274E-008,  1.5547223792627859E-007) (  6.9019641265649411E-008,  1.5547222364626832E-007) (-0.80976915976806463     , -1.9562425391613951     )
   21.050394999999998        1.2500000000000000     
 (  34.253525417425820     ,  14.060854768032279     ) (  34.272026387427047     ,  14.291466372425315     )
 ( 0.74390909341400990     ,  1.8546929247193962     ) (  6.7799777702047611E-008,  1.5709243300384434E-007) (  6.7799287882945708E-008,  1.5709241776261142E-007) (-0.79358117797949534     , -1.9755710324360052     )
   21.100390000000001        1.2500000000000000     
 (  34.478493531403743     ,  14.196648021332015     ) (  34.496366075603753     ,  14.427693978005962     )
 ( 0.73027194760513103     ,  1.8703940071346159     ) (  6.6533240905118431E-008,  1.5862264887109445E-007) (  6.6532731028288738E-008,  1.5862263294035339E-007) (-0.77682874708535365     , -1.9937518152614189     )
   21.150385000000000        1.2500000000000000     
 (  34.704230248689427     ,  14.333386444420182     ) (  34.721514424853261     ,  14.564851116251727     )
 ( 0.71618532496478882     ,  1.8850045550062620     ) (  6.5222152637252144E-008,  1.6006127720301637E-007) (  6.5221621753212694E-008,  1.6006126042723104E-007) (-0.75953270679819751     , -2.0107648889000682     )
   21.200379999999999        1.2500000000000000     
 (  34.930733192888006     ,  14.471071073214548     ) (  34.947469488976331     ,  14.702940966718263     )
 ( 0.70166508465936217     ,  1.8985103406915349     ) (  6.3867921174518729E-008,  1.6140689211784885E-007) (  6.3867370225902805E-008,  1.6140687444761965E-007) (-0.74171162314226591     , -2.0265916870491782     )
   21.250374999999998        1.2500000000000000     
 (  35.158000808865523     ,  14.609702285309345     ) (  35.174231237656286     ,  14.841967588906085     )
 ( 0.68673255532051625     ,  1.9108958578185378     ) (  6.2472269217358066E-008,  1.6265803434665566E-007) (  6.2471697038925112E-008,  1.6265801585501049E-007) (-0.72338847852025867     , -2.0412150305750023     )
   21.300370000000001        1.2500000000000000     
 (  35.386030360592777     ,  14.749281296117555     ) (  35.401796423920679     ,  14.981933754509729     )
 ( 0.67140558762393432     ,  1.9221483977885279     ) (  6.1036724369886845E-008,  1.6381338414616300E-007) (  6.1036127466672778E-008,  1.6381336471318060E-007) (-0.70458209868632538     , -2.0546174315731043     )
   21.350365000000000        1.2500000000000000     
 (  35.614819807728345     ,  14.889808655149707     ) (  35.630164072766505     ,  15.122843037809471     )
 ( 0.65570616724696384     ,  1.9322553625367604     ) (  5.9563121724836491E-008,  1.6487170230343947E-007) (  5.9562501773256641E-008,  1.6487168208100113E-007) (-0.68531624319030360     , -2.0667833361630179     )
   21.400359999999999        1.2500000000000000     
 (  35.844366983109744     ,  15.031284001643343     ) (  35.859332186394532     ,  15.264697541485935     )
 ( 0.63965293071606832     ,  1.9412042044242614     ) (  5.8053053683300966E-008,  1.6583172719408528E-007) (  5.8052409385618900E-008,  1.6583170611643118E-007) (-0.66561248378901516     , -2.0776971968152784     )
   21.450354999999998        1.2500000000000000     
 (  36.074670321873732     ,  15.173707755941255     ) (  36.089299999070036     ,  15.407500874944608     )
 ( 0.62326761858320923     ,  1.9489846834577598     ) (  5.6508320506243444E-008,  1.6669234702286749E-007) (  5.6507652024167207E-008,  1.6669232460301390E-007) (-0.64549408874855330     , -2.0873452256892122     )
   21.500350000000001        1.2500000000000000     
 (  36.305727981272646     ,  15.317080179762277     ) (  36.320064537463303     ,  15.551255812892336     )
 ( 0.60656980735817867     ,  1.9555871404665792     ) (  5.4930638218037677E-008,  1.6745255853182252E-007) (  5.4929941172754726E-008,  1.6745253501837926E-007) (-0.62498333742516521     , -2.0957146478884328     )
   21.550345000000000        1.2500000000000000     
 (  36.537538588960167     ,  15.461401393518209     ) (  36.551624088219903     ,  15.695964501660608     )
 ( 0.58958235459181452     ,  1.9610031212334018     ) (  5.3321879632544158E-008,  1.6811142888023508E-007) (  5.3321157808412598E-008,  1.6811140445229847E-007) (-0.60410525560325290     , -2.1027935904829449     )
   21.600339999999999        1.2500000000000000     
 (  36.770100528178070     ,  15.606670442103120     ) (  36.783977546590279     ,  15.841629247037105     )
 ( 0.57232612993821108     ,  1.9652231815256547     ) (  5.1683902378892644E-008,  1.6866794269906313E-007) (  5.1683149999943356E-008,  1.6866791700567126E-007) (-0.58288290953976751     , -2.1085698264544139     )
   21.650334999999998        1.2500000000000000     
 (  37.003412702527619     ,  15.752887853999464     ) (  37.017122680226116     ,  15.988253022118256     )
 ( 0.55482262730407061     ,  1.9682414788069880     ) (  5.0018573255625126E-008,  1.6912135208112924E-007) (  5.0017792694670611E-008,  1.6912132504495393E-007) (-0.56134085013916180     , -2.1130343195567032     )
   21.700330000000001        1.2500000000000000     
 (  37.237474789448541     ,  15.900052370694032     ) (  37.251058352758740     ,  16.135837149957645     )
 ( 0.53709451236491035     ,  1.9700517813862723     ) (  4.8327767010009411E-008,  1.6947090109599965E-007) (  4.8326956145864545E-008,  1.6947087273353859E-007) (-0.53950482282932588     , -2.1161772058336612     )
   21.750325000000000        1.2500000000000000     
 (  37.472284884353016     ,  16.048164171284540     ) (  37.485782789783805     ,  16.284384073345791     )
 ( 0.51916358051987455     ,  1.9706495748032651     ) (  4.6613436951868774E-008,  1.6971601586563624E-007) (  4.6612594563989144E-008,  1.6971598639669749E-007) (-0.51739847345081813     , -2.1179913406913378     )
   21.800319999999999        1.2500000000000000     
 (  37.707843500125989     ,  16.197222354753809     ) (  37.721293935585834     ,  16.433895746790320     )
 ( 0.50105222826501272     ,  1.9700299197598223     ) (  4.4877451890343469E-008,  1.6985605047077139E-007) (  4.4876576955108564E-008,  1.6985601933601125E-007) (-0.49504737559955581     , -2.1184694754743476     )
   21.850314999999998        1.2500000000000000     
 (  37.944150352832942     ,  16.347226101956160     ) (  37.957591206131063     ,  16.584373464138014     )
 ( 0.48278320024503291     ,  1.9681904511362387     ) (  4.3121868880598082E-008,  1.6989050959222981E-007) (  4.3120961376209164E-008,  1.6989047728681923E-007) (-0.47247805354962286     , -2.1176053864776332     )
   21.900310000000001        1.2500000000000000     
 (  38.181204475813715     ,  16.498174945545468     ) (  38.194672559562605     ,  16.735819531010531     )
 ( 0.46437877940477384     ,  1.9651292440952290     ) (  4.1348516808222526E-008,  1.6981904210829225E-007) (  4.1347573160221801E-008,  1.6981900814337049E-007) (-0.44971483244593180     , -2.1153950944689277     )
   21.950305000000000        1.2500000000000000     
 (  38.419006431466755     ,  16.650067992309744     ) (  38.432536748729746     ,  16.888234964245523     )
 ( 0.44586176113967146     ,  1.9608449303126820     ) (  3.9559504620590970E-008,  1.6964128897273644E-007) (  3.9558524227293547E-008,  1.6964125320786511E-007) (-0.42678472239208703     , -2.1118339709572771     )
   22.000299999999999        1.2500000000000000     
 (  38.657541974030934     ,  16.802903937542695     ) (  38.671179539270689     ,  17.041620922599606     )
 ( 0.42726864859153302     ,  1.9553384456332752     ) (  3.7756759681183232E-008,  1.6935699519218570E-007) (  3.7756878352707675E-008,  1.6935699590428304E-007) (-0.40371059579282143     , -2.1069203015601383     )
   22.050295000000002        1.2500000000000000     
 (  38.896840709698189     ,  16.956683673722129     ) (  38.910606065449663     ,  17.195979022227576     )
 ( 0.40859462226173598     ,  1.9486099367036909     ) (  3.5942421023720354E-008,  1.6896603274162599E-007) (  3.5942544760940419E-008,  1.6896603350343961E-007) (-0.38052480404417655     , -2.1006518486842607     )
   22.100290000000001        1.2500000000000000     
 (  39.136889234990925     ,  17.111405256411807     ) (  39.150813202312968     ,  17.351310784286284     )
 ( 0.38987530002721993     ,  1.9406611408535899     ) (  3.4118296146484485E-008,  1.6846830279996508E-007) (  3.4118425235978292E-008,  1.6846830362577390E-007) (-0.35724971629492025     , -2.0930286087130408     )
   22.150285000000000        1.2500000000000000     
 (  39.377689057176653     ,  17.267067922548165     ) (  39.391798107937404     ,  17.507616125327299     )
 ( 0.37113434685113827     ,  1.9314962580977146     ) (  3.2286532012626084E-008,  1.6786389171830668E-007) (  3.2286666696767300E-008,  1.6786389263111229E-007) (-0.33391260548823282     , -2.0840511684101206     )
   22.200279999999999        1.2500000000000000     
 (  39.619240740813176     ,  17.423671348777290     ) (  39.633562209470902     ,  17.664897060315688     )
 ( 0.35239356715043230     ,  1.9211184117009299     ) (  3.0449101417773464E-008,  1.6715280162926303E-007) (  3.0449241725576348E-008,  1.6715280257865525E-007) (-0.31053968663081316     , -2.0737215138304261     )
   22.250275000000002        1.2500000000000000     
 (  39.861546570880726     ,  17.581214572551954     ) (  39.876103617123896     ,  17.823154107969938     )
 ( 0.33367581798880941     ,  1.9095334226872140     ) (  2.8608082274232078E-008,  1.6633527531044587E-007) (  2.8608228112419642E-008,  1.6633527639473001E-007) (-0.28715734732558401     , -2.0620427568068203     )
   22.300270000000001        1.2500000000000000     
 (  40.104607751621742     ,  17.739697193841533     ) (  40.119422784725430     ,  17.982388202252348     )
 ( 0.31500303564490828     ,  1.8967472316803393     ) (  2.6765395702364930E-008,  1.6541155337689585E-007) (  2.6765548269793365E-008,  1.6541155456494069E-007) (-0.26379173370935316     , -2.0490183465851151     )
   22.350265000000000        1.2500000000000000     
 (  40.348427486040116     ,  17.899118612445420     ) (  40.363519062723128     ,  18.142599712943426     )
 ( 0.29639811276295513     ,  1.8827665642066753     ) (  2.4923191708165021E-008,  1.6438198472075880E-007) (  2.4923350064864109E-008,  1.6438198598531777E-007) (-0.24046945352366142     , -2.0346537844170376     )
   22.400259999999999        1.2500000000000000     
 (  40.593007407987180     ,  18.059478449793865     ) (  40.608392741613109     ,  18.303789740875370     )
 ( 0.27788153471516186     ,  1.8675994296519332     ) (  2.3083366908493102E-008,  1.6324698190648052E-007) (  2.3083532220175296E-008,  1.6324698325702301E-007) (-0.21721646073354114     , -2.0189549230291690     )
   22.450255000000002        1.2500000000000000     
 (  40.838350301678560     ,  18.220776381287894     ) (  40.854044157964317     ,  18.465958863818301     )
 ( 0.25947719621801801     ,  1.8512559810345390     ) (  2.1248028354222444E-008,  1.6200718354678127E-007) (  2.1248200754388798E-008,  1.6200718492973257E-007) (-0.19405910398780835     , -2.0019303167205096     )
   22.500250000000001        1.2500000000000000     
 (  41.084459459186959     ,  18.383012233018068     ) (  41.100473379280288     ,  18.629108041929879     )
 ( 0.24120382856427175     ,  1.8337448179743279     ) (  1.9418980190882256E-008,  1.6066302932628097E-007) (  1.9419160292707122E-008,  1.6066303091349877E-007) (-0.17102202941175754     , -1.9835872443848033     )
   22.550245000000000        1.2500000000000000     
 (  41.331336833279060     ,  18.546186435679470     ) (  41.347681768393407     ,  18.793237107424812     )
 ( 0.22308463980471901     ,  1.8150774071879860     ) (  1.7598328803063829E-008,  1.5921525751148137E-007) (  1.7598515501946694E-008,  1.5921525911279549E-007) (-0.14813238854939698     , -1.9639351480847917     )
   22.600239999999999        1.2500000000000000     
 (  41.578987049560759     ,  18.710298652296082     ) (  41.595669006325465     ,  18.958347622677206     )
 ( 0.20513912624641731     ,  1.7952663609592066     ) (  1.5788021237821784E-008,  1.5766469885220103E-007) (  1.5788215904549185E-008,  1.5766470057956255E-007) (-0.12541515279716967     , -1.9429859207986515     )
   22.650235000000002        1.2500000000000000     
 (  41.827412734996095     ,  18.875349709006716     ) (  41.844436145286615     ,  19.124440077613990     )
 ( 0.18738955141007246     ,  1.7743236139155409     ) (  1.3990042414454207E-008,  1.5601211662493551E-007) (  1.3990245775797113E-008,  1.5601211862271915E-007) (-0.10289538152108367     , -1.9207497348044984     )
   22.700230000000001        1.2500000000000000     
 (  42.076618637110911     ,  19.041339781550725     ) (  42.093985982495163     ,  19.291514877387851     )
 ( 0.16985602243295062     ,  1.7522629417054356     ) (  1.2206302870111198E-008,  1.5425844479933501E-007) (  1.2206514269460888E-008,  1.5425844691129835E-007) ( -8.0598699485300754E-002, -1.8972402102986006     )
   22.750225000000000        1.2500000000000000     
 (  42.326607757070356     ,  19.208269947296223     ) (  42.344317850833654     ,  19.459573352745323     )
 ( 0.15255662871994480     ,  1.7290996392296960     ) (  1.0438661070692181E-008,  1.5240479622482419E-007) (  1.0438881415704825E-008,  1.5240479855553858E-007) ( -5.8548497305489292E-002, -1.8724711844252171     )
   22.800219999999999        1.2500000000000000     
 (  42.577384293502746     ,  19.376140486070184     ) (  42.595434120040778     ,  19.628615625679632     )
 ( 0.13551263037200911     ,  1.7048486924691106     ) (  8.6889910312459251E-009,  1.5045211314215771E-007) (  8.6892206546685785E-009,  1.5045211559841546E-007) ( -3.6770069136909250E-002, -1.8464565300200892     )
   22.850215000000002        1.2500000000000000     
 (  42.828953787240529     ,  19.544954124789047     ) (  42.847337493037436     ,  19.798643388500725     )
 ( 0.11874213783705802     ,  1.6795267106102167     ) (  6.9592154894424809E-009,  1.4840165894097953E-007) (  6.9594542032472593E-009,  1.4840166158543277E-007) ( -1.5287207349833484E-002, -1.8192131991988976     )
   22.900210000000001        1.2500000000000000     
 (  43.081320204449582     ,  19.714710921594055     ) (  43.100028746392738     ,  19.969657223206582     )
 ( 0.10226379968135631     ,  1.6531509579351842     ) (  5.2511438013786128E-009,  1.4625462674404489E-007) (  5.2513919431664742E-009,  1.4625462951452769E-007) (  5.8770095620729402E-003, -1.7907575867399370     )
   22.950205000000000        1.2500000000000000     
 (  43.334487025992537     ,  19.885413527431027     ) (  43.353510756321484     ,  20.141658376019986     )
 (  8.6096360956659637E-002,  1.6257395053633028     ) (  3.5665673853010944E-009,  1.4401236361390568E-007) (  3.5668265905007301E-009,  1.4401236664966615E-007) (  2.6699001453190496E-002, -1.7611066236037300     )
   23.000200000000000        1.2500000000000000     
 (  43.588460161205944     ,  20.057063312455398     ) (  43.607785187832370     ,  20.314647690117710     )
 (  7.0256785419199774E-002,  1.5973109458688237     ) (  1.9072394160897824E-009,  1.4167622390336235E-007) (  1.9075096070051978E-009,  1.4167622711008576E-007) (  4.7156159739457124E-002, -1.7302802033365714     )
   23.050195000000002        1.2500000000000000     
 (  43.843244497927252     ,  20.229663383080190     ) (  43.862855321151649     ,  20.488627993150029     )
 (  5.4763263051276087E-002,  1.5678851931247639     ) (  2.7489448367768597E-010,  1.3924768919042178E-007) (  2.7517523999864566E-010,  1.3924769268763233E-007) (  6.7226359063061597E-002, -1.6982975026735212     )
   23.100190000000001        1.2500000000000000     
 (  44.098845249147089     ,  20.403216134760587     ) (  44.118723849635174     ,  20.663599329603013     )
 (  3.9631476561579164E-002,  1.5374831834488554     ) ( -1.3287167341359244E-009,  1.3672838115576646E-007) ( -1.3284243790283158E-009,  1.3672838479875188E-007) (  8.6888368035905245E-002, -1.6651795169833732     )
   23.150185000000000        1.2500000000000000     
 (  44.355266578891403     ,  20.577724528739832     ) (  44.375393300218512     ,  20.839564132058122     )
 (  2.4878502680018007E-002,  1.5061256651965080     ) ( -2.9018769969367907E-009,  1.3411985132066116E-007) ( -2.9015735837420532E-009,  1.3411985519266864E-007) ( 0.10611945540544605     , -1.6309474493513485     )
   23.200180000000000        1.2500000000000000     
 (  44.612515217927978     ,  20.753191823897684     ) (  44.632867687848254     ,  21.016524341128235     )
 (  1.0519701889596882E-002,  1.4738344726387762     ) ( -4.4430941846479355E-009,  1.3142375123287961E-007) ( -4.4427795694142083E-009,  1.3142375534753300E-007) ( 0.12490020669361430     , -1.5956237524047936     )
   23.250175000000002        1.2500000000000000     
 (  44.870595137537691     ,  20.929621940654059     ) (  44.891148943416432     ,  21.194482442227709     )
 ( -3.4309754226404640E-003,  1.4406324602747702     ) ( -5.9506704521334723E-009,  1.2864187880780820E-007) ( -5.9503414773469525E-009,  1.2864188339087894E-007) ( 0.14321019153342296     , -1.5592323492494446     )
   23.300170000000001        1.2500000000000000     
 (  45.129512059385924     ,  21.107018388059316     ) (  45.150241524100032     ,  21.373439977440729     )
 ( -1.6957713693031975E-002,  1.4065431780643569     ) ( -7.4231470335291013E-009,  1.2577605353907589E-007) ( -7.4228045349847374E-009,  1.2577605843563616E-007) ( 0.16103040124041096     , -1.5217964964611030     )
   23.350165000000001        1.2500000000000000     
 (  45.389272009028581     ,  21.285385997884070     ) (  45.410147813189667     ,  21.553400251713196     )
 ( -3.0047289436442106E-002,  1.3715904473854912     ) ( -8.8589088639901338E-009,  1.2282816534219820E-007) ( -8.8585531330053253E-009,  1.2282817059702101E-007) ( 0.17834067071566811     , -1.4833415228792750     )
   23.400160000000003        1.2500000000000000     
 (  45.649878838248000     ,  21.464729072248851     ) (  45.670872414413168     ,  21.734365639190131     )
 ( -4.2686278474332699E-002,  1.3357982734266580     ) ( -1.0256543964746051E-008,  1.1980009731915453E-007) ( -1.0256175207770165E-008,  1.1980010275583945E-007) ( 0.19512352884113282     , -1.4438929608919371     )
   23.450154999999999        1.2500000000000000     
 (  45.911338747434030     ,  21.645052935930053     ) (  45.932418946038396     ,  21.916339911201735     )
 ( -5.4861449262870204E-002,  1.2991932102768309     ) ( -1.1614564771834171E-008,  1.1669399086551083E-007) ( -1.1614181616251790E-008,  1.1669399659556076E-007) ( 0.21136016358124166     , -1.4034779286018866     )
   23.500149999999998        1.2500000000000000     
 (  46.173657667165962     ,  21.826362674109255     ) (  46.194791217082418     ,  22.099325678133798     )
 ( -6.6562190206686828E-002,  1.2618005762901323     ) ( -1.2931762473545060E-008,  1.1351186294184920E-007) ( -1.2931362991392560E-008,  1.1351186923845022E-007) ( 0.22703466467918046     , -1.3621237714750409     )
   23.550145000000001        1.2500000000000000     
 (  46.436839734477644     ,  22.008663736740253     ) (  46.457993290617253     ,  22.283327165961381     )
 ( -7.7776400089078657E-002,  1.2236462211489529     ) ( -1.4206681558659663E-008,  1.1025580952730264E-007) ( -1.4206266048861893E-008,  1.1025581615355344E-007) ( 0.24213065853499866     , -1.3198577602772654     )
   23.600140000000000        1.2500000000000000     
 (  46.700889824346049     ,  22.191963297859854     ) (  46.722028192623007     ,  22.468347867548694     )
 ( -8.8493310926126556E-002,  1.1847579452013113     ) ( -1.5438128542119149E-008,  1.0692807057461826E-007) ( -1.5437697969151611E-008,  1.0692807756360364E-007) ( 0.25663175765203183     , -1.2767088662957635     )
   23.650134999999999        1.2500000000000000     
 (  46.965814014959577     ,  22.376267031952587     ) (  46.986901091639297     ,  22.654392354019485     )
 ( -9.8702873211487380E-002,  1.1451632387021726     ) ( -1.6624757725549739E-008,  1.0353092505458031E-007) ( -1.6624308203069468E-008,  1.0353093238834317E-007) ( 0.27052284099231211     , -1.2327071646803360     )
   23.700129999999998        1.2500000000000000     
 (  47.231616755454638     ,  22.561581797380828     ) (  47.252615446948305     ,  22.841464432563132     )
 (-0.10839611695482460     ,  1.1048893333777525     ) ( -1.7765525121478262E-008,  1.0006663621213106E-007) ( -1.7765059713686019E-008,  1.0006664418666206E-007) ( 0.28378966130933730     , -1.1878817880222226     )
   23.750125000000001        1.2500000000000000     
 (  47.498302385143852     ,  22.747914694661830     ) (  47.519175094837856     ,  23.029569747912909     )
 (-0.11756411902292298     ,  1.0639656374848239     ) ( -1.8859227880593048E-008,  9.6537586570447634E-008) ( -1.8858744077725356E-008,  9.6537594867676183E-008) ( 0.29641894671595281     , -1.1422642314759897     )
   23.800120000000000        1.2500000000000000     
 (  47.765875375268955     ,  22.935273301512829     ) (  47.786583397160328     ,  23.218713088109673     )
 (-0.12619917843585413     ,  1.0224208428796582     ) ( -1.9904938579770129E-008,  9.2946189176204335E-008) ( -1.9904435174574163E-008,  9.2946198026352142E-008) ( 0.30839769490712132     , -1.0958854080713698     )
   23.850114999999999        1.2500000000000000     
 (  48.034340963949710     ,  23.123666016409768     ) (  48.054846008121643     ,  23.408900245656376     )
 (-0.13429358546614212     , 0.98028350201580750     ) ( -2.0901507455510849E-008,  8.9294806631433685E-008) ( -2.0900983342739350E-008,  8.9294816091935501E-008) ( 0.31971346726910377     , -1.0487765902292527     )
   23.900109999999998        1.2500000000000000     
 (  48.303702578720838     ,  23.313099847259192     ) (  48.323965931641773     ,  23.600135970836543     )
 (-0.14184237201873001     , 0.93758413941819019     ) ( -2.1848196626033235E-008,  8.5586137606434341E-008) ( -2.1847652393903818E-008,  8.5586147675001390E-008) ( 0.33035585359844222     , -1.0009718212065468     )
   23.950105000000001        1.2500000000000000     
 (  48.573964505129887     ,  23.503584067420071     ) (  48.593946758984956     ,  23.792427094899942     )
 (-0.14883763692728749     , 0.89435335703170393     ) ( -2.2743862059854370E-008,  8.1822613805784550E-008) ( -2.2743297927174615E-008,  8.1822624434863741E-008) ( 0.34031292833647220     ,-0.95250265154307701     )
   24.000100000000000        1.2500000000000000     
 (  48.845130768038935     ,  23.695127268590312     ) (  48.864793436076340     ,  23.985780123160637     )
 (-0.15527644513884653     , 0.85062061755651952     ) ( -2.3587964326814247E-008,  7.8006868133642333E-008) ( -2.3587376861152148E-008,  7.8006879433198870E-008) ( 0.34957574772384048     ,-0.90340307079442261     )
   24.050094999999999        1.2500000000000000     
 (  49.117203318403632     ,  23.887738924506721     ) (  49.136508174121403     ,  24.180201532396037     )
 (-0.16115264222147224     , 0.80641692802543252     ) ( -2.4379493068741357E-008,  7.4141507828318073E-008) ( -2.4378883227056835E-008,  7.4141519626746034E-008) ( 0.35813475042365711     ,-0.85370699399499150     )
   24.100089999999998        1.2500000000000000     
 (  49.390187062720251     ,  24.081427646512445     ) (  49.409094330004137     ,  24.375697708279155     )
 (-0.16646290502520483     , 0.76177328093536156     ) ( -2.5117836159827988E-008,  7.0229187979307005E-008) ( -2.5117203569383304E-008,  7.0229200809519179E-008) ( 0.36598122745410516     ,-0.80344827871496272     )
   24.150085000000001        1.2500000000000000     
 (  49.664082897834376     ,  24.276203719871166     ) (  49.682556591892769     ,  24.572276752168115     )
 (-0.17120576162095999     , 0.71672141812616796     ) ( -2.5802480823719069E-008,  6.6272705497095343E-008) ( -2.5801825478372636E-008,  6.6272718940454206E-008) ( 0.37310923177795019     ,-0.75266270204195973     )
   24.200080000000000        1.2500000000000000     
 (  49.938894888556995     ,  24.472075843057858     ) (  49.956897764682154     ,  24.769945731315570     )
 (-0.17537872592642428     , 0.67129289069762499     ) ( -2.6432705900454641E-008,  6.2274741914938897E-008) ( -2.6432024009177892E-008,  6.2274755955188273E-008) ( 0.37951079659868664     ,-0.70138479882698535     )
   24.250074999999999        1.2500000000000000     
 (  50.214624792842329     ,  24.669055828494592     ) (  50.232120628827005     ,  24.968712858667370     )
 (-0.17897893320256761     , 0.62551866078774998     ) ( -2.7008119697316937E-008,  5.8238062585885419E-008) ( -2.7007410050299546E-008,  5.8238077643361443E-008) ( 0.38518045440378335     ,-0.64964952832430178     )
   24.300069999999998        1.2500000000000000     
 (  50.491273995001372     ,  24.867153167380110     ) (  50.508227039323316     ,  25.168586081770620     )
 (-0.18200750754510470     , 0.57943127376700942     ) ( -2.7528201937684704E-008,  5.4165504850714580E-008) ( -2.7527467611714852E-008,  5.4165520728850003E-008) ( 0.39011340864723149     ,-0.59749364252090187     )
   24.350065000000001        1.2500000000000000     
 (  50.768843999507482     ,  25.066377811958866     ) (  50.785220886601451     ,  25.369573924986291     )
 (-0.18446448943588845     , 0.53306310534692825     ) ( -2.7992664331744411E-008,  5.0059929860018267E-008) ( -2.7991900044432693E-008,  5.0059946575619982E-008) ( 0.39430514426057561     ,-0.54495366674269341     )
   24.400060000000000        1.2500000000000000     
 (  51.047335552189431     ,  25.266741284961036     ) (  51.063103522973520     ,  25.571685140019202     )
 (-0.18635015669500410     , 0.48644519184958762     ) ( -2.8401139749341403E-008,  4.5924077855965839E-008) ( -2.8400348086546602E-008,  4.5924095269059283E-008) ( 0.39775219543113238     ,-0.49206471145128905     )
   24.450054999999999        1.2500000000000000     
 (  51.326750261322275     ,  25.468254225217283     ) (  51.341877413860914     ,  25.774928536875930     )
 (-0.18766594007269569     , 0.43961069399124880     ) ( -2.8753387433691504E-008,  4.1760933534490768E-008) ( -2.8752565979048954E-008,  4.1760951860020570E-008) ( 0.40045215573615889     ,-0.43886434125204937     )
   24.500049999999998        1.2500000000000000     
 (  51.607087099869752     ,  25.670927351431480     ) (  51.621544807016463     ,  25.979313325539078     )
 (-0.18841478248588994     , 0.39259207557452447     ) ( -2.9049320446686647E-008,  3.7573347619733194E-008) ( -2.9048466886567538E-008,  3.7573367360242599E-008) ( 0.40240353869369822     ,-0.38538879775877477     )
   24.550045000000001        1.2500000000000000     
 (  51.888345999551198     ,  25.874772169688431     ) (  51.902105552521391     ,  26.184848923239649     )
 (-0.18860005692187859     , 0.34542098685367589     ) ( -2.9288771543570217E-008,  3.3364258698182117E-008) ( -2.9287885301999681E-008,  3.3364279280375859E-008) ( 0.40360491382928199     ,-0.33167617891754009     )
   24.600040000000000        1.2500000000000000     
 (  52.170527467008220     ,  26.079799959462569     ) (  52.183562033731526     ,  26.391545612635955     )
 (-0.18822537173117992     , 0.29813062480809421     ) ( -2.9471721579939661E-008,  2.9136566730623008E-008) ( -2.9470802619580288E-008,  2.9136588634823942E-008) ( 0.40405689603934164     ,-0.27776277234097752     )
   24.650034999999999        1.2500000000000000     
 (  52.453628991029596     ,  26.286021712868948     ) (  52.465914703879832     ,  26.599412128610467     )
 (-0.18729554750812955     , 0.25075268458869615     ) ( -2.9598266439162254E-008,  2.4893236366255874E-008) ( -2.9597315136870639E-008,  2.4893259370393561E-008) ( 0.40376033674133460     ,-0.22368715173065987     )
   24.700029999999998        1.2500000000000000     
 (  52.737649573468815     ,  26.493449184063934     ) (  52.749163945037850     ,  26.808458798657423     )
 (-0.18581570675323933     , 0.20331938712612529     ) ( -2.9668433239553527E-008,  2.0637135299346812E-008) ( -2.9667444945518609E-008,  2.0637159276877745E-008) ( 0.40271593323036026     ,-0.16948522502180505     )
   24.750025000000001        1.2500000000000000     
 (  53.022587344940028     ,  26.702092680547793     ) (  53.033308684475692     ,  27.018696648841804     )
 (-0.18379265979675938     , 0.15586388948160665     ) ( -2.9682510038440236E-008,  1.6371308070892453E-008) ( -2.9681485728342216E-008,  1.6371333371039237E-008) ( 0.40092710382125929     ,-0.11519555542615180     )
   24.800020000000000        1.2500000000000000     
 (  53.308440081940638     ,  26.911964562529910     ) (  53.318350633780504     ,  27.230134204582377     )
 (-0.18123291393509369     , 0.10841757841994365     ) ( -2.9640705215202662E-008,  1.2098671049527749E-008) ( -2.9639643364487761E-008,  1.2098698371480536E-008) ( 0.39839685833975491     , -6.0856160033356192E-002)
   24.850014999999999        1.2500000000000000     
 (  53.595204230473541     ,  27.123075601000647     ) (  53.604287552636649     ,  27.442783774720333     )
 (-0.17814395342710129     ,  6.1012273038132024E-002) ( -2.9543326707753976E-008,  7.8221922044839448E-009) ( -2.9542225600722443E-008,  7.8222208060371642E-009) ( 0.39513007404812150     , -6.5035360984772445E-003)
   24.900009999999998        1.2500000000000000     
 (  53.882876584300099     ,  27.335437270119115     ) (  53.891118565434390     ,  27.656654411395060     )
 (-0.17453380436226923     ,  1.3680151050029789E-002) ( -2.9390792393235239E-008,  3.5447639358140759E-009) ( -2.9389650811334011E-008,  3.5447939291599704E-009) ( 0.39113093220416362     ,  4.7823613366813747E-002)
   24.950005000000001        1.2500000000000000     
 (  54.171453335963569     ,  27.549060415637413     ) (  54.178842189107307     ,  27.871757197205277     )
 (-0.17041248385523663     , -3.3547275454521713E-002) ( -2.9183545727032614E-008, -7.3058522081731913E-010) ( -2.9182361047840605E-008, -7.3055370405202350E-010) ( 0.38640575820274786     , 0.10208819142616971     )
   25.000000000000000        1.2500000000000000     
 (  54.460930604803394     ,  27.763956707467017     ) (  54.467456763957124     ,  28.088102402219945     )
 (-0.16578901397945514     , -8.0638844891795888E-002) ( -2.8922103893532964E-008, -5.0009812140149404E-009) ( -2.8920875524209591E-008, -5.0009477459401772E-009) ( 0.38096116056110579     , 0.15625273617275173     )
