   54.507727272727273     
   243.16000000000000     
   1.4735096238598233        1.7861655503025639E-004
         501           1
 
   53.000000000000000        53.000000000000000     
   2.5000000000000001E-003   1.2500000000000000     
 (  5.7033930370901301E-011,  1.8060889510167699E-014) (  5.9836435436654726E-011,  1.9852211835059476E-014)
 (  5.7033928137715912E-011,  1.8060888653642688E-014) (  3.6010459601216671E-018,  1.1947357192430522E-021) (  3.6010459601216647E-018,  1.1947357192430509E-021) ( -5.9836433115184060E-011, -1.9852210914465972E-014)
   5.2495000000000000E-002   1.2500000000000000     
 (  5.2804515682901505E-007,  1.6723872721573757E-010) (  5.5399223907761651E-007,  1.8382603684981205E-010)
 (  5.2803604063761532E-007,  1.6723523074287484E-010) (  3.3339516282595016E-014,  1.1062704207651349E-017) (  3.3339516282594991E-014,  1.1062704207651340E-017) ( -5.5398276249192831E-007, -1.8382227883763781E-010)
  0.10249000000000000        1.2500000000000000     
 (  3.9298225114588294E-006,  1.2456884358536552E-009) (  4.1229322610450935E-006,  1.3692437017934225E-009)
 (  3.9295639115418492E-006,  1.2455892501044452E-009) (  2.4810821120751007E-013,  8.2396852011188422E-017) (  2.4810821120750986E-013,  8.2396852011188372E-017) ( -4.1226634376220362E-006, -1.3691370967365839E-009)
  0.15248500000000001        1.2500000000000000     
 (  1.2942799867824662E-005,  4.1118133627110470E-009) (  1.3578836174162201E-005,  4.5196684395362739E-009)
 (  1.2940914691777964E-005,  4.1110902938607873E-009) (  8.1707791680838879E-013,  2.7195461868398439E-016) (  8.1707791680838789E-013,  2.7195461868398424E-016) ( -1.3576876467430788E-005, -4.5188912820505495E-009)
  0.20247999999999999        1.2500000000000000     
 (  3.0305322415598653E-005,  9.6688148577100133E-009) (  3.1794694223810051E-005,  1.0627939184927659E-008)
 (  3.0297539890482630E-005,  9.6658297645962717E-009) (  1.9129702944409665E-012,  6.3941625730928462E-016) (  1.9129702944409640E-012,  6.3941625730928324E-016) ( -3.1786604004296316E-005, -1.0624730785478958E-008)
  0.25247500000000000        1.2500000000000000     
 (  5.8757121845136797E-005,  1.8876345578709272E-008) (  6.1645039498437788E-005,  2.0748999042498729E-008)
 (  5.8733663707694593E-005,  1.8867347633031993E-008) (  3.7084380006970919E-012,  1.2481360523900404E-015) (  3.7084380006970822E-012,  1.2481360523900339E-015) ( -6.1620653862251028E-005, -2.0739327952389059E-008)
  0.30247000000000002        1.2500000000000000     
 (  1.0103976851642435E-004,  3.2791734208615316E-008) (  1.0600644449028913E-004,  3.6045231869243263E-008)
 (  1.0098187857709794E-004,  3.2769528304197527E-008) (  6.3760415248919463E-012,  2.1678499203277914E-015) (  6.3760415248919043E-012,  2.1678499203277634E-015) ( -1.0594626553977970E-004, -3.6021364618383139E-008)
  0.35246499999999997        1.2500000000000000     
 (  1.5989713485790654E-004,  5.2622738439356701E-008) (  1.6775802484046595E-004,  5.7844481836111631E-008)
 (  1.5977275223331657E-004,  5.2575024648944823E-008) (  1.0088226475816929E-011,  3.4781462832757782E-015) (  1.0088226475816785E-011,  3.4781462832756686E-015) ( -1.6762872370298850E-004, -5.7793198051279736E-008)
  0.40245999999999998        1.2500000000000000     
 (  2.3807583748202711E-004,  7.9791847375542703E-008) (  2.4978192749811198E-004,  8.7710778920253770E-008)
 (  2.3783441391055156E-004,  7.9699231285232464E-008) (  1.5017299954392152E-011,  5.2727015929942458E-015) (  1.5017299954391683E-011,  5.2727015929938900E-015) ( -2.4953095646222971E-004, -8.7611232612613678E-008)
  0.45245499999999994        1.2500000000000000     
 (  3.3832568281996918E-004,  1.1601209320273229E-007) (  3.5496391205753922E-004,  1.2752773225146262E-007)
 (  3.3789214443928731E-004,  1.1584576686913356E-007) (  2.1335412556028257E-011,  7.6642782067831770E-015) (  2.1335412556026916E-011,  7.6642782067821641E-015) ( -3.5451322719969258E-004, -1.2734895892664080E-007)
  0.50244999999999995        1.2500000000000000     
 (  4.6340014844405039E-004,  1.6337442538345599E-007) (  4.8619371304172961E-004,  1.7959466497572180E-007)
 (  4.6266800260687458E-004,  1.6309351839072057E-007) (  2.9214527226329861E-011,  1.0790489033221354E-014) (  2.9214527226326520E-011,  1.0790489033218754E-014) ( -4.8543260794237043E-004, -1.7929273402643932E-007)
  0.55244499999999985        1.2500000000000000     
 (  6.1605679960299766E-004,  2.2444661786029874E-007) (  6.4636560933613264E-004,  2.4673543606939165E-007)
 (  6.1488038743400604E-004,  2.2399521786662665E-007) (  3.8826400610821112E-011,  1.4820325654515273E-014) (  3.8826400610813118E-011,  1.4820325654509258E-014) ( -6.4514266024427041E-004, -2.4625024759783815E-007)
  0.60243999999999998        1.2500000000000000     
 (  7.9905768167786448E-004,  3.0238371917852599E-007) (  8.3837895795951551E-004,  3.3242002520451848E-007)
 (  7.9724357657617363E-004,  3.0168756080829944E-007) (  5.0342562299659247E-011,  1.9961454475034636E-014) (  5.0342562299642012E-011,  1.9961454475021424E-014) ( -8.3649308121663401E-004, -3.3167175011322559E-007)
  0.65243499999999988        1.2500000000000000     
 (  1.0151700130061180E-003,  4.0105008473520903E-007) (  1.0651387040252430E-003,  4.4089889769567605E-007)
 (  1.0124675666907373E-003,  4.0001290528435727E-007) (  6.3934292695366398E-011,  2.6468281889144381E-014) (  6.3934292695330739E-011,  2.6468281889117345E-014) ( -1.0623293265670760E-003, -4.3978405911646326E-007)
  0.70242999999999989        1.2500000000000000     
 (  1.2671661732314972E-003,  5.2515287500521753E-007) (  1.3295556541674583E-003,  5.7734993512644237E-007)
 (  1.2632572093353321E-003,  5.2365243482136255E-007) (  7.9772586667873698E-011,  3.4650775533402692E-014) (  7.9772586667805287E-011,  3.4650775533350141E-014) ( -1.3254919973810389E-003, -5.7573712890547849E-007)
  0.75242499999999990        1.2500000000000000     
 (  1.5578246910005243E-003,  6.8038721408805974E-007) (  1.6345473415907625E-003,  7.4803849229466810E-007)
 (  1.5523123469115688E-003,  6.7827097814468413E-007) (  9.8028152847396689E-011,  4.4884075265253342E-014) (  9.8028152847269614E-011,  4.4884075265156123E-014) ( -1.6288168194262089E-003, -7.4576374236400118E-007)
  0.80241999999999991        1.2500000000000000     
 (  1.8899302054299673E-003,  8.7359288758062078E-007) (  1.9830382276250511E-003,  9.6048987407024959E-007)
 (  1.8823269250943324E-003,  8.7067336508025841E-007) (  1.1887137316995554E-010,  5.7618851403402587E-014) (  1.1887137316973072E-010,  5.7618851403228584E-014) ( -1.9751339611990956E-003, -9.5735161953047289E-007)
  0.85241499999999992        1.2500000000000000     
 (  2.2662742092488660E-003,  1.1129225179639980E-006) (  2.3779601409744215E-003,  1.2236748464650652E-006)
 (  2.2559888850159377E-003,  1.1089722529671122E-006) (  1.4247227658077808E-010,  7.3392446882687029E-014) (  1.4247227658038851E-010,  7.3392446882385406E-014) ( -2.3672675882660367E-003, -1.2194285517842333E-006)
  0.90240999999999982        1.2500000000000000     
 (  2.6896552629268418E-003,  1.4080213963089360E-006) (  2.8222530956593232E-003,  1.5482080175890009E-006)
 (  2.6759795303162672E-003,  1.4027676038215735E-006) (  1.6900053568678378E-010,  9.2840793635729865E-014) (  1.6900053568613103E-010,  9.2840793635227885E-014) ( -2.8080357974313327E-003, -1.5425604001432275E-006)
  0.95240499999999984        1.2500000000000000     
 (  3.1628797804522974E-003,  1.7702189251188361E-006) (  3.3188653483937252E-003,  1.9465587902596570E-006)
 (  3.1449734662518758E-003,  1.7633377616370776E-006) (  1.9862541789088417E-010,  1.1671108476873563E-013) (  1.9862541788982541E-010,  1.1671108476792032E-013) ( -3.3002497972476797E-003, -1.9391616529681462E-006)
   1.0024000000000000        1.2500000000000000     
 (  3.6887621327482498E-003,  2.2127315995084345E-006) (  3.8707544081303231E-003,  2.4332755316605192E-006)
 (  3.6656378541202179E-003,  2.2038420578562114E-006) (  2.3151579349182051E-010,  1.4587524160952657E-013) (  2.3151579349015072E-010,  1.4587524160823379E-013) ( -3.8467140309464943E-003, -2.4237191892654807E-006)
   1.0523950000000000        1.2500000000000000     
 (  4.2701247067419967E-003,  2.7508772083129962E-006) (  4.4808870945406967E-003,  3.0252223154679281E-006)
 (  4.2406316286715245E-003,  2.7395346214227604E-006) (  2.6784008689744179E-010,  1.8134413617442328E-013) (  2.6784008689484739E-010,  1.8134413617241374E-013) ( -4.4502253578546673E-003, -3.0130285959058999E-006)
   1.1023899999999998        1.2500000000000000     
 (  4.9097993462567406E-003,  3.4023015088948551E-006) (  5.1522394062916898E-003,  3.7418291590852720E-006)
 (  4.8726060973924897E-003,  3.3879906443911691E-006) (  3.0776621665224468E-010,  2.2428262487645020E-013) (  3.0776621664830348E-010,  2.2428262487339669E-013) ( -5.1135720470828353E-003, -3.7264439617950041E-006)
   1.1523849999999998        1.2500000000000000     
 (  5.6106270133668692E-003,  4.1872154625908833E-006) (  5.8877984789355298E-003,  4.6053537255002006E-006)
 (  5.5642037535807796E-003,  4.1693431865748717E-006) (  3.5146166053629479E-010,  2.7602527052925594E-013) (  3.5146166053043690E-010,  2.7602527052471619E-013) ( -5.8395348496396923E-003, -4.5861391099227690E-006)
   1.2023800000000000        1.2500000000000000     
 (  6.3754583130574529E-003,  5.1286445729723750E-006) (  6.6905622572114923E-003,  5.6411579089829628E-006)
 (  6.3180579675329376E-003,  5.1065320553039307E-006) (  3.9909338461913994E-010,  3.3809295852322855E-013) (  3.9909338461057950E-010,  3.3809295851655845E-013) ( -6.6308858103403178E-003, -5.6173836848671749E-006)
   1.2523750000000000        1.2500000000000000     
 (  7.2071543130127818E-003,  6.2526901409515260E-006) (  7.5635403215568641E-003,  6.8779969976985049E-006)
 (  7.1367929595289531E-003,  6.2255645687811901E-006) (  4.5082783991701163E-010,  4.1221026744830743E-013) (  4.5082783990461354E-010,  4.1221026743867192E-013) ( -7.4903882019018040E-003, -6.8488317799193956E-006)
   1.3023699999999998        1.2500000000000000     
 (  8.1085861552512416E-003,  7.5888013159938524E-006) (  8.5097520500225024E-003,  8.3483199331490197E-006)
 (  8.0230225830365300E-003,  7.5557870850916119E-006) (  5.0683080017616356E-010,  5.0032350583450627E-013) (  5.0683080015855599E-010,  5.0032350582077660E-013) ( -8.4207938206210097E-003, -8.3128216185956578E-006)
   1.3523649999999998        1.2500000000000000     
 (  9.0826355578579668E-003,  9.1700589102553092E-006) (  9.5322312138306168E-003,  1.0088584923423232E-005)
 (  8.9793499811215774E-003,  9.1301682336261019E-006) (  5.6726758756062448E-010,  6.0461966878379264E-013) (  5.6726758753593883E-010,  6.0461966876448395E-013) ( -9.4248467274053848E-003, -1.0045690539419291E-005)
   1.4023599999999998        1.2500000000000000     
 (  1.0132196395110626E-002,  1.1033472024791089E-005) (  1.0634022263532897E-002,  1.2139586159124309E-005)
 (  1.0008368345793434E-002,  1.0985594919022896E-005) (  6.3230279570010098E-010,  7.2754606040014235E-013) (  6.3230279566591257E-010,  7.2754606037334320E-013) ( -1.0505278634817343E-002, -1.2088101023413659E-005)
   1.4523549999999998        1.2500000000000000     
 (  1.1260173896721641E-002,  1.3220283207973922E-005) (  1.1818185301711350E-002,  1.4546796074258945E-005)
 (  1.1112659253957857E-002,  1.3163176797151930E-005) (  7.0210053840377800E-010,  8.7183084726986749E-013) (  7.0210053835675289E-010,  8.7183084723302584E-013) ( -1.1664813031486936E-002, -1.4485382196580414E-005)
   1.5023499999999999        1.2500000000000000     
 (  1.2469485279088317E-002,  1.5776287914755791E-005) (  1.3087790465437543E-002,  1.7360716867627173E-005)
 (  1.2294792522839392E-002,  1.5708564959865605E-005) (  7.7682405978484185E-010,  1.0405041640056170E-012) (  7.7682405972118192E-010,  1.0405041639555994E-012) ( -1.2906158688927302E-002, -1.7287880511994343E-005)
   1.5523449999999999        1.2500000000000000     
 (  1.3763061026137877E-002,  1.8752168593161065E-005) (  1.4445925929575276E-002,  2.0637252014082707E-005)
 (  1.3557326596526248E-002,  1.8672285187236992E-005) (  8.5663616480757631E-010,  1.2369204176336230E-012) (  8.5663616472209009E-010,  1.2369204175663146E-012) ( -1.4232016816009545E-002, -2.0551330330464513E-005)
   1.6023399999999999        1.2500000000000000     
 (  1.5143842495337501E-002,  2.2203829019015210E-005) (  1.5895689277748613E-002,  2.4438080756562504E-005)
 (  1.4902805368571321E-002,  2.2110071335679676E-005) (  9.4169864658737472E-010,  1.4647807641009622E-012) (  9.4169864647364938E-010,  1.4647807640112678E-012) ( -1.5645071522259045E-002, -2.4337227376752972E-005)
   1.6523349999999999        1.2500000000000000     
 (  1.6614786678482849E-002,  2.6192753558135551E-005) (  1.7440198506428140E-002,  2.8831050390815566E-005)
 (  1.6333762112340396E-002,  2.6083223564220760E-005) (  1.0321729013782858E-009,  1.7281566484174460E-012) (  1.0321729012284259E-009,  1.7281566482989104E-012) ( -1.7148000036252713E-002, -2.8713219852759324E-005)
   1.7023299999999999        1.2500000000000000     
 (  1.8178861987983408E-002,  3.0786368147217829E-005) (  1.9082579629422513E-002,  3.3890593716290306E-005)
 (  1.7852714423786078E-002,  3.0658968122184094E-005) (  1.1282191272313048E-009,  2.0315148523714308E-012) (  1.1282191270353118E-009,  2.0315148522158994E-012) ( -1.8743459360227872E-002, -3.3753524602867007E-005)
   1.7523250000000001        1.2500000000000000     
 (  1.9839052713949482E-002,  3.6058423512252414E-005) (  2.0825982230092990E-002,  3.9698134718304571E-005)
 (  1.9462167882819244E-002,  3.5910839281840450E-005) (  1.2299972109510874E-009,  2.3797418237547389E-012) (  1.2299972106969365E-009,  2.3797418235525797E-012) ( -2.0434101035019941E-002, -3.9539331320723978E-005)
   1.8023199999999997        1.2500000000000000     
 (  2.1598355936373728E-002,  4.2089368539680229E-005) (  2.2673564772483255E-002,  4.6342523875484671E-005)
 (  2.1164612090204836E-002,  4.1919051190674038E-005) (  1.3376657928710691E-009,  2.7781697773334991E-012) (  1.3376657925440118E-009,  2.7781697770721015E-012) ( -2.2222555546816403E-002, -4.6159236225415263E-005)
   1.8523149999999997        1.2500000000000000     
 (  2.3459783406081579E-002,  4.8966768066078435E-005) (  2.4628507137670251E-002,  5.3920494230001162E-005)
 (  2.2962521818661773E-002,  4.8770914073266923E-005) (  1.4513829709044653E-009,  3.2326040371877511E-012) (  1.4513829704864540E-009,  3.2326040368521711E-012) ( -2.4111444051134079E-002, -5.3709696315727785E-005)
   1.9023099999999997        1.2500000000000000     
 (  2.5426363125450092E-002,  5.6785691834816980E-005) (  2.6694003500665267E-002,  6.2537099808318973E-005)
 (  2.4858357721053725E-002,  5.6561221267865768E-005) (  1.5713058198828570E-009,  3.7493492984030462E-012) (  1.5713058193512840E-009,  3.7493492979754577E-012) ( -2.6103370371869460E-002, -6.2295465690839039E-005)
   1.9523049999999997        1.2500000000000000     
 (  2.7501136906773246E-002,  6.5649164098070521E-005) (  2.8873262787696922E-002,  7.2306222146974978E-005)
 (  2.6854563052765987E-002,  6.5392696799918438E-005) (  1.6975903698362620E-009,  4.3352399774049339E-012) (  1.6975903691652643E-009,  4.3352399768627655E-012) ( -2.8200920562325604E-002, -7.2030099769962921E-005)
   2.0023000000000000        1.2500000000000000     
 (  2.9687162125916683E-002,  7.5668568871627072E-005) (  3.1169518146052632E-002,  8.3351005890361585E-005)
 (  2.8953564679943939E-002,  7.5376398297901894E-005) (  1.8303921245104296E-009,  4.9976662761018085E-012) (  1.8303921236681116E-009,  4.9976662754186809E-012) ( -3.0406671639646859E-002, -8.3036388349431357E-005)
   2.0522950000000000        1.2500000000000000     
 (  3.1987512615266139E-002,  8.6964106424523792E-005) (  3.3586015337646005E-002,  9.5804404027549501E-005)
 (  3.1157773122028231E-002,  8.6632170850777109E-005) (  1.9698653131024285E-009,  5.7446068249867250E-012) (  1.9698653120513735E-009,  5.7446068241301092E-012) ( -3.2723178993116227E-002, -9.5446897841317753E-005)
   2.1022900000000000        1.2500000000000000     
 (  3.4405278835013646E-002,  9.9665252774096551E-005) (  3.6126017633713751E-002,  1.0980965807085693E-004)
 (  3.3469581896201903E-002,  9.9289103679058073E-005) (  2.1161631343860685E-009,  6.5846573941446324E-012) (  2.1161631330812883E-009,  6.5846573931472497E-012) ( -3.5152980591953750E-002, -1.0940444830691931E-004)
   2.1522849999999996        1.2500000000000000     
 (  3.6943568411684086E-002,  1.1391121677319850E-004) (  3.8792809408306685E-002,  1.2552084360050884E-004)
 (  3.5891367277336252E-002,  1.1348598377153776E-004) (  2.2694379192979075E-009,  7.5270635035665589E-012) (  2.2694379176855431E-009,  7.5270635022401732E-012) ( -3.7698599494176629E-002, -1.2506265521007535E-004)
   2.2022799999999996        1.2500000000000000     
 (  3.9605503567433802E-002,  1.2985144152218359E-004) (  4.1589693404275346E-002,  1.4310339207620579E-004)
 (  3.8425484885659340E-002,  1.2937179398200615E-004) (  2.4298409220356368E-009,  8.5817516091912375E-012) (  2.4298409200526975E-009,  8.5817516075530516E-012) ( -4.0362540554164932E-002, -1.4258644741195687E-004)
   2.2522749999999996        1.2500000000000000     
 (  4.2394223407032125E-002,  1.4764604537490270E-004) (  4.4519991252634485E-002,  1.6273464267954732E-004)
 (  4.1074271329639298E-002,  1.4710614966933548E-004) (  2.5975223032158766E-009,  9.7593620299954452E-012) (  2.5975223007934307E-009,  9.7593620281225855E-012) ( -4.3147289944545364E-002, -1.6215261424078000E-004)
   2.3022699999999996        1.2500000000000000     
 (  4.5312885355935993E-002,  1.6746636713755876E-004) (  4.7587040889090604E-002,  1.8460440001451413E-004)
 (  4.3840044507070054E-002,  1.6685983962274795E-004) (  2.7726309119618957E-009,  1.1071282236411412E-011) (  2.7726309090120145E-009,  1.1071282233643247E-011) ( -4.6055311704359100E-002, -1.8395035840550474E-004)
   2.3522650000000001        1.2500000000000000     
 (  4.8364665624156859E-002,  1.8949545760850242E-004) (  5.0794203063548871E-002,  2.0891555140905779E-004)
 (  4.6725103748086319E-002,  1.8881531259046789E-004) (  2.9553146398748184E-009,  1.2529683662903236E-011) (  2.9553146362969843E-009,  1.2529683661582869E-011) ( -4.9089053402744547E-002, -2.0818190751935550E-004)
   2.4022600000000001        1.2500000000000000     
 (  5.1552757145239644E-002,  2.1392861183573580E-004) (  5.4144864756400200E-002,  2.3588456598065994E-004)
 (  4.9731726381798298E-002,  2.1316720387069675E-004) (  3.1457205681126286E-009,  1.4147551388655405E-011) (  3.1457205637854318E-009,  1.4147551384991106E-011) ( -5.2250948828363931E-002, -2.3506300705292447E-004)
   2.4522550000000001        1.2500000000000000     
 (  5.4880370636234195E-002,  2.4097388594190432E-004) (  5.7642415386700639E-002,  2.6574224247008781E-004)
 (  5.2862168533815090E-002,  2.4012284616964526E-004) (  3.3439935003771179E-009,  1.5938728743171669E-011) (  3.3439934951801328E-009,  1.5938728738876201E-011) ( -5.5543393345655667E-002, -2.6482366140349813E-004)
   2.5022500000000001        1.2500000000000000     
 (  5.8350732908926901E-002,  2.7085262278079772E-004) (  6.1290283607729000E-002,  2.9873412617944026E-004)
 (  5.6118662340238212E-002,  2.6990278845292310E-004) (  3.5502781183144638E-009,  1.7917941957055034E-011) (  3.5502781114939886E-009,  1.7917941951699563E-011) ( -5.8968779852065084E-002, -2.9770854310915004E-004)
   2.5522449999999997        1.2500000000000000     
 (  6.1967094744336676E-002,  3.0380009039082467E-004) (  6.5091910562018934E-002,  3.3512134013458138E-004)
 (  5.9503423122750983E-002,  3.0274142700785007E-004) (  3.7647173102991135E-009,  2.0100849705392513E-011) (  3.7647173028500865E-009,  2.0100849698948033E-011) ( -6.2529471061128231E-002, -3.3397781585896253E-004)
   2.6022399999999997        1.2500000000000000     
 (  6.5732719198552086E-002,  3.4006591801683238E-004) (  6.9050759436966105E-002,  3.7518108564697962E-004)
 (  6.3018636872459052E-002,  3.3888743299474326E-004) (  3.9874527121859470E-009,  2.2504072674870571E-011) (  3.9874527033259087E-009,  2.2504072667137379E-011) ( -6.6227808170134558E-002, -3.7390762556671197E-004)
   2.6522349999999997        1.2500000000000000     
 (  6.9650889441008265E-002,  3.7991475080068266E-004) (  7.3170309529546174E-002,  4.1920730857060575E-004)
 (  6.6666467405132018E-002,  3.7860439854046506E-004) (  4.2186243164638702E-009,  2.5145233090417271E-011) (  4.2186243059529755E-009,  2.5145233084560273E-011) ( -7.0066104719948064E-002, -4.1779075669269057E-004)
   2.7022299999999997        1.2500000000000000     
 (  7.3724915854840992E-002,  4.2362685796557226E-004) (  7.7454075306474093E-002,  4.6751148446483185E-004)
 (  7.0449062542730770E-002,  4.2217143463523123E-004) (  4.4583715388996062E-009,  2.8043001322453309E-011) (  4.4583715264734534E-009,  2.8043001315103353E-011) ( -7.4046663957049522E-002, -4.6593740629519945E-004)
   2.7522249999999997        1.2500000000000000     
 (  7.7958117772291183E-002,  4.7149862114645452E-004) (  8.1905576329089264E-002,  5.2042307287120777E-004)
 (  7.4368535007024353E-002,  4.6988364864276443E-004) (  4.7068313562612489E-009,  3.1217122499154802E-011) (  4.7068313416157424E-009,  3.1217122481749015E-011) ( -7.8171748406961949E-002, -5.1867562610597676E-004)
   2.8022199999999997        1.2500000000000000     
 (  8.2353836527550933E-002,  5.2384326388688659E-004) (  8.6528361893711894E-002,  5.7829046924618062E-004)
 (  7.8426974785951037E-002,  5.2205286210358249E-004) (  4.9641397851721164E-009,  3.4688473014317904E-011) (  4.9641397679626701E-009,  3.4688472998770353E-011) ( -8.2443603725173786E-002, -5.7635226081983668E-004)
   2.8522149999999997        1.2500000000000000     
 (  8.6915433487704585E-002,  5.8099131796750139E-004) (  9.1326005464854476E-002,  6.4148143629366228E-004)
 (  8.2626446784173746E-002,  5.7900806398778338E-004) (  5.2304314615387962E-009,  3.8479085680110847E-011) (  5.2304314413714811E-009,  3.8479085668489955E-011) ( -8.6864452250672811E-002, -6.3933336538164450E-004)
   2.9022099999999997        1.2500000000000000     
 (  9.1646288752303365E-002,  6.4329143191903628E-004) (  9.6302099170130440E-002,  7.1038410464271289E-004)
 (  8.6968987829562458E-002,  6.4109620476706752E-004) (  5.5058392548241329E-009,  4.2612208964743498E-011) (  5.5058392324116725E-009,  4.2612208949812533E-011) ( -9.1436486446240320E-002, -7.0800518903122171E-004)
   2.9522049999999997        1.2500000000000000     
 (  9.6549808895419115E-002,  7.1111080848192565E-004) ( 0.10146025413833727     ,  7.8540740537015781E-004)
 (  9.1456614532460206E-002,  7.0868261862598939E-004) (  5.7904942776605347E-009,  4.7112332033523137E-011) (  5.7904942501782951E-009,  4.7112332015309337E-011) ( -9.6161868605884326E-002, -7.8277459107153923E-004)
   3.0021999999999998        1.2500000000000000     
 ( 0.10162940707079336     ,  7.8483596584990689E-004) ( 0.10680411917419641     ,  8.6698197697666055E-004)
 (  9.6091302174121901E-002,  7.8215176778627816E-004) (  6.0845269094118787E-009,  5.2005238257091102E-011) (  6.0845268774761880E-009,  5.2005238227058074E-011) (-0.10104274871275741     , -8.6406992835695389E-004)
   3.0521949999999998        1.2500000000000000     
 ( 0.10688852478884768     ,  8.6487336089905950E-004) ( 0.11233733264765813     ,  9.5556102587912302E-004)
 ( 0.10087500547985161     ,  8.6190784751367000E-004) (  6.3880638935874266E-009,  5.7318055743223012E-011) (  6.3880638565537069E-009,  5.7318055708589024E-011) (-0.10608121552657500     , -9.5234189560369916E-004)
   3.1021899999999998        1.2500000000000000     
 ( 0.11233063156585711     ,  9.5165009784014219E-004) ( 0.11806360777730397     ,  1.0516206666771704E-003)
 ( 0.10580965837433136     ,  9.4837547447985504E-004) (  6.7012334267285952E-009,  6.3079276555073979E-011) (  6.7012333838821218E-009,  6.3079276513871363E-011) (-0.11127938122560099     , -1.0480638429066109E-003)
   3.1521849999999998        1.2500000000000000     
 ( 0.11795919426025391     ,  1.0456143280137369E-003) ( 0.12398662431122212     ,  1.1556611627407561E-003)
 ( 0.11089714147710238     ,  1.0420000657709370E-003) (  7.0241585262567820E-009,  6.9318829956201080E-011) (  7.0241584768279287E-009,  6.9318829909231787E-011) (-0.11663927147977911     , -1.1517329924397629E-003)
   3.2021799999999998        1.2500000000000000     
 ( 0.12377771185200956     ,  1.1472363744766947E-003) ( 0.13011011334023337     ,  1.2682074105422535E-003)
 ( 0.11613931638361448     ,  1.1432489392585534E-003) (  7.3569621757316140E-009,  7.6068110007375566E-011) (  7.3569621176337838E-009,  7.6068109952443858E-011) (-0.12216291058486703     , -1.2638708964568925E-003)
   3.2521749999999998        1.2500000000000000     
 ( 0.12978971804557182     ,  1.2570089674265011E-003) ( 0.13643783376241125     ,  1.3898098033838886E-003)
 ( 0.12153802904374869     ,  1.2526115241492199E-003) (  7.6997658240630141E-009,  8.3360025938755534E-011) (  7.6997657610184594E-009,  8.3360025874660126E-011) (-0.12785229642295981     , -1.3850242719294517E-003)
   3.3021699999999998        1.2500000000000000     
 ( 0.13599873580638216     ,  1.3754482693732735E-003) ( 0.14297354880801172     ,  1.5210451913571222E-003)
 ( 0.12709506017887723     ,  1.3706003589710571E-003) (  8.0526878442980637E-009,  9.1229058046421082E-011) (  8.0526877734060878E-009,  9.1229057971802179E-011) (-0.13370937575588834     , -1.5157659303150018E-003)
   3.3521649999999998        1.2500000000000000     
 ( 0.14240834350030632     ,  1.5030943009143793E-003) ( 0.14972106225362147     ,  1.6625171785241003E-003)
 ( 0.13281219408134695     ,  1.4977514875486792E-003) (  8.4158458076739576E-009,  9.9711273776771685E-011) (  8.4158457218864706E-009,  9.9711273690068901E-011) (-0.13973608063225956     , -1.6566950420964053E-003)
   3.4021599999999999        1.2500000000000000     
 ( 0.14902210533834997     ,  1.6405119751918781E-003) ( 0.15668419470127382     ,  1.8148579378012729E-003)
 ( 0.13869114692603257     ,  1.6346254620030871E-003) (  8.7893549353552123E-009,  1.0884443475222462E-010) (  8.7893548391255974E-009,  1.0884443465282424E-010) (-0.14593430386086181     , -1.8084389143509520E-003)
   3.4521549999999999        1.2500000000000000     
 ( 0.15584362174883865     ,  1.7882913714074534E-003) ( 0.16386677302736044     ,  1.9787277539019552E-003)
 ( 0.14473361583499258     ,  1.7818075816692753E-003) (  9.1733273656481063E-009,  1.1866796703086153E-010) (  9.1733272558151026E-009,  1.1866796691563547E-010) (-0.15230588547881463     , -1.9716524964761757E-003)
   3.5021500000000003        1.2500000000000000     
 ( 0.16287651613180693     ,  1.9470487059671546E-003) ( 0.17127267679525757     ,  2.1548166495098985E-003)
 ( 0.15094126589736079     ,  1.9399088280501243E-003) (  9.5678750902878821E-009,  1.2922305669539360E-010) (  9.5678749656896300E-009,  1.2922305656203012E-010) (-0.15885266312756696     , -2.1470199645983630E-003)
   3.5521449999999994        1.2500000000000000     
 ( 0.17012442206699471     ,  2.1174270613119749E-003) ( 0.17890578211667463     ,  2.3438453536753718E-003)
 ( 0.15731571412240017     ,  2.1095665533591478E-003) (  9.9731061115272731E-009,  1.4055270528498210E-010) (  9.9731059708721930E-009,  1.4055270515806925E-010) (-0.16557640751560859     , -2.3352556440906689E-003)
   3.6021399999999995        1.2500000000000000     
 ( 0.17759100204940592     ,  2.3000972691537497E-003) ( 0.18676999437366215     ,  2.5465655089914898E-003)
 ( 0.16385855307999556     ,  2.2914453218704127E-003) (  1.0389126924395712E-008,  1.5270173985120114E-010) (  1.0389126761116061E-008,  1.5270173967359623E-010) (-0.17247886219414946     , -2.5371041708061731E-003)
   3.6521349999999995        1.2500000000000000     
 ( 0.18527992406212901     ,  2.4957580111649577E-003) ( 0.19486923874447251     ,  2.7637614006564967E-003)
 ( 0.17057131902726191     ,  2.4862369642480184E-003) (  1.0816041447225294E-008,  1.6571691358635449E-010) (  1.0816041265993165E-008,  1.6571691338188017E-010) (-0.17956172905163106     , -2.7533421675387040E-003)
   3.7021299999999995        1.2500000000000000     
 ( 0.19319489819917030     ,  2.7051372838333091E-003) ( 0.20320748436386060     ,  2.9962496010126597E-003)
 ( 0.17745553497006405     ,  2.6946619959346109E-003) (  1.1253952742688355E-008,  1.7964688159944843E-010) (  1.1253952534059174E-008,  1.7964688136678390E-010) (-0.18682669274211849     , -2.9847778334698141E-003)
   3.7521249999999995        1.2500000000000000     
 ( 0.20133962717124948     ,  2.9289928412233198E-003) ( 0.21178868512732005     ,  3.2448814569648230E-003)
 ( 0.18451265435377398     ,  2.9174700032260246E-003) (  1.1702959016971294E-008,  1.9454234702524036E-010) (  1.1702958786476456E-008,  1.9454234668455775E-010) (-0.19427535889646369     , -3.2322533730250610E-003)
   3.8021199999999995        1.2500000000000000     
 ( 0.20971785000201582     ,  3.1681125405162319E-003) ( 0.22061686363484728     ,  3.5105419828728827E-003)
 ( 0.19174411014190237     ,  3.1554399373434567E-003) (  1.2163159110509401E-008,  2.1045599058349891E-010) (  1.2163158845572596E-008,  2.1045599027208510E-010) (-0.20190933973924197     , -3.4966438242890804E-003)
   3.8521149999999995        1.2500000000000000     
 ( 0.21833330965915093     ,  3.4233158227686723E-003) ( 0.22969599060285389     ,  3.7941525405274647E-003)
 ( 0.19915127474733749     ,  3.4093815339846685E-003) (  1.2634644840155234E-008,  2.2744262835665878E-010) (  1.2634644546051786E-008,  2.2744262805482241E-010) (-0.20973013277537964     , -3.7788596733735694E-003)
   3.9021099999999995        1.2500000000000000     
 ( 0.22718979234708747     ,  3.6954539942392933E-003) ( 0.23903014441595968     ,  4.0966708717806149E-003)
 ( 0.20673550421746331     ,  3.6801355302090882E-003) (  1.3117510588091618E-008,  2.4555920916261035E-010) (  1.3117510262262174E-008,  2.4555920881462007E-010) (-0.21773927613415031     , -4.0798468150637316E-003)
   3.9521050000000000        1.2500000000000000     
 ( 0.23629107650325348     ,  3.9854112844443556E-003) ( 0.24862338814836318     ,  4.4190922691847417E-003)
 ( 0.21449808605716306     ,  3.9685746551627061E-003) (  1.3611846145564895E-008,  2.6486488088872567E-010) (  1.3611845779498890E-008,  2.6486488042927347E-010) (-0.22593822957640697     , -4.4005876438695437E-003)
   4.0021000000000004        1.2500000000000000     
 ( 0.24564095904620578     ,  4.2941047667809009E-003) ( 0.25847974866329204     ,  4.7624496155833926E-003)
 ( 0.22244025738528461     ,  4.2756034762849596E-003) (  1.4117734845622367E-008,  2.8542098742557177E-010) (  1.4117734431568343E-008,  2.8542098701428212E-010) (-0.23432834692018945     , -4.7421010113277307E-003)
   4.0520950000000004        1.2500000000000000     
 ( 0.25524327122201984     ,  4.6224860739470823E-003) ( 0.26860335921768480     ,  5.1278156909020023E-003)
 ( 0.23056323292163802     ,  4.6021600411658009E-003) (  1.4635262788296257E-008,  3.0729120354290085E-010) (  1.4635262325053578E-008,  3.0729120294993095E-010) (-0.24291102451028238     , -5.1054444523040646E-003)
   4.1020900000000005        1.2500000000000000     
 ( 0.26510186421256610     ,  4.9715419310558395E-003) ( 0.27899834144948527     ,  5.5163032197820391E-003)
 ( 0.23886817806336519     ,  4.9492163270493106E-003) (  1.5164511096132661E-008,  3.3054153127387755E-010) (  1.5164510578772851E-008,  3.3054153059825524E-010) (-0.25168757680590920     , -5.4917141294774504E-003)
   4.1520850000000005        1.2500000000000000     
 ( 0.27522058482172740     ,  5.3422942393214108E-003) ( 0.28966882890769574     ,  5.9290656722811932E-003)
 ( 0.24735618857666447     ,  5.3177782330967403E-003) (  1.5705557621687954E-008,  3.5524034282633659E-010) (  1.5705557039856288E-008,  3.5524034205739668E-010) (-0.26065926197804268     , -5.9020455415355099E-003)
   4.2020800000000005        1.2500000000000000     
 ( 0.28560329103759541     ,  5.7358018566150276E-003) ( 0.30061896749033795     ,  6.3672980678122952E-003)
 ( 0.25602830697669071     ,  5.7088872762691223E-003) (  1.6258476767351518E-008,  3.8145842319463515E-010) (  1.6258476119993707E-008,  3.8145842242931162E-010) (-0.26982728103799525     , -6.3376142186814628E-003)
   4.2520750000000005        1.2500000000000000     
 ( 0.29625389371183530     ,  6.1531607480610484E-003) ( 0.31185294048889856     ,  6.8322393023430858E-003)
 ( 0.26488555976025346     ,  6.1236206340259357E-003) (  1.6823341087966609E-008,  4.0926910307708556E-010) (  1.6823340384719394E-008,  4.0926910204658395E-010) (-0.27919280184617901     , -6.7996379434827579E-003)
   4.3020699999999996        1.2500000000000000     
 ( 0.30717630041661875     ,  6.5955040924198342E-003) ( 0.32337494568711667     ,  7.3251703104599292E-003)
 ( 0.27392890329320990     ,  6.5630911512290927E-003) (  1.7400219652977458E-008,  4.3874814126633850E-010) (  1.7400218870552280E-008,  4.3874814036723433E-010) (-0.28875693361155269     , -7.2893747813197705E-003)
   4.3520649999999996        1.2500000000000000     
 ( 0.31837440696229002     ,  7.0640043331601943E-003) ( 0.33518916924333803     ,  7.8474182833959977E-003)
 ( 0.28315921553149864     ,  7.0284492831529386E-003) (  1.7989176760757387E-008,  4.6997397265132985E-010) (  1.7989175875398892E-008,  4.6997397160257236E-010) (-0.29852070469507230     , -7.8081271896093540E-003)
   4.4020599999999996        1.2500000000000000     
 ( 0.32985216437321518     ,  7.5598726355509240E-003) ( 0.34729983777688234     ,  8.4003537091664800E-003)
 ( 0.29257735673794838     ,  7.5208824284849329E-003) (  1.8590274508882745E-008,  5.0302752065730489E-010) (  1.8590273525760498E-008,  5.0302751922366089E-010) (-0.30848510739734258     , -8.3572389091701622E-003)
   4.4520549999999997        1.2500000000000000     
 ( 0.34161349883864534     ,  8.0843618729263111E-003) ( 0.35971121570130637     ,  8.9853964970270823E-003)
 ( 0.30218409467134322     ,  8.0416177898016521E-003) (  1.9203573200176455E-008,  5.3799255749777735E-010) (  1.9203572113233049E-008,  5.3799255609208565E-010) (-0.31865110151995235     , -8.9381009525142316E-003)
   4.5020499999999997        1.2500000000000000     
 ( 0.35366240597445986     ,  8.6387623023306635E-003) ( 0.37242756038422403     ,  9.6040092245968101E-003)
 ( 0.31198019266229837     ,  8.5919179266343328E-003) (  1.9829127956880570E-008,  5.7495529134401708E-010) (  1.9829126765849656E-008,  5.7495528945167402E-010) (-0.32901956150358452     , -9.5521447078699903E-003)
   4.5520449999999997        1.2500000000000000     
 ( 0.36600282320934568     ,  9.2244095950938156E-003) ( 0.38545312131121340     ,  1.0257707823466338E-002)
 ( 0.32196628898102697     ,  9.1730886398418057E-003) (  2.0466989177519720E-008,  6.1400499751057181E-010) (  2.0466987871477461E-008,  6.1400499567474939E-010) (-0.33959127843959341     , -1.0200852453391538E-002)
   4.6020399999999997        1.2500000000000000     
 ( 0.37863875458652457     ,  9.8426787162098281E-003) ( 0.39879221075766863     ,  1.0948052568995925E-002)
 ( 0.33214301176296740     ,  9.7864727003673831E-003) (  2.1117206580571598E-008,  6.5523346817835749E-010) (  2.1117205139403599E-008,  6.5523346605894178E-010) (-0.35036703399384406     , -1.0885748188254402E-002)
   4.6520349999999997        1.2500000000000000     
 ( 0.39157418613509004     ,  1.0494988704972483E-002) ( 0.41244911190673988     ,  1.1676655735487681E-002)
 ( 0.34251089953356978     ,  1.0433454482527688E-002) (  2.1779823387457808E-008,  6.9873546236461102E-010) (  2.1779821805935838E-008,  6.9873545996643275E-010) (-0.36134749956877549     , -1.1608405100055499E-002)
   4.7020300000000006        1.2500000000000000     
 ( 0.40481313472433739     ,  1.1182801438804707E-002) ( 0.42642812792576590     ,  1.2445179413228530E-002)
 ( 0.35307045013733301     ,  1.1115458560291502E-002) (  2.2454879113174533E-008,  7.4460856336112049E-010) (  2.2454877366403899E-008,  7.4460856084748694E-010) (-0.37253328365575977     , -1.2370443212731355E-002)
   4.7520250000000006        1.2500000000000000     
 ( 0.41835961376935449     ,  1.1907624088986223E-002) ( 0.44073359796655076     ,  1.3255339394654942E-002)
 ( 0.36382207980136078     ,  1.1833951983533028E-002) (  2.3142411575620987E-008,  7.9295340213402836E-010) (  2.3142409649909025E-008,  7.9295339852253195E-010) (-0.38392496513428792     , -1.3173533051864842E-002)
   4.8020200000000006        1.2500000000000000     
 ( 0.43221765377452853     ,  1.2671006746864858E-002) ( 0.45536983891942828     ,  1.4108898451498934E-002)
 ( 0.37476614292976901     ,  1.2590441719062475E-002) (  2.3842451533633931E-008,  8.4387323865405261E-010) (  2.3842449427318064E-008,  8.4387323462725023E-010) (-0.39552300575279992     , -1.4019388722970002E-002)
   4.8520150000000006        1.2500000000000000     
 ( 0.44639129311554299     ,  1.3474546899392084E-002) ( 0.47034125521065467     ,  1.5007678558587026E-002)
 ( 0.38590293629929906     ,  1.3386478956820737E-002) (  2.4555030978140893E-008,  8.9747468746375672E-010) (  2.4555028661498469E-008,  8.9747468370267928E-010) (-0.40732788330942549     , -1.4909779931539314E-002)
   4.9020100000000006        1.2500000000000000     
 ( 0.46088454997945505     ,  1.4319887170799085E-002) ( 0.48565210409183268     ,  1.5953550410258553E-002)
 ( 0.39723264550352116     ,  1.4223656619314844E-002) (  2.5280167682905814E-008,  9.5386707188155932E-010) (  2.5280165156634135E-008,  9.5386706764200246E-010) (-0.41933984152595305     , -1.5846521233450615E-002)
   4.9520050000000007        1.2500000000000000     
 ( 0.47570151555411033     ,  1.5208716313240384E-002) ( 0.50130683084526773     ,  1.6948442626124691E-002)
 ( 0.40875546517018913     ,  1.5103610138411175E-002) (  2.6017886379929510E-008,  1.0131629627800916E-009) (  2.6017883602615622E-008,  1.0131629573419171E-009) (-0.43155923410176006     , -1.6831481008591338E-002)
   5.0020000000000007        1.2500000000000000     
 ( 0.49084620137434221     ,  1.6142771121542096E-002) ( 0.51730978346011613     ,  1.7994338826319334E-002)
 ( 0.42047141871832244     ,  1.6028019172632180E-002) (  2.6768200500851984E-008,  1.0754779896096909E-009) (  2.6768197470496000E-008,  1.0754779845900542E-009) (-0.44398622819063716     , -1.7866578305816876E-002)
   5.0519950000000007        1.2500000000000000     
 ( 0.50632270302764804     ,  1.7123835526884557E-002) ( 0.53366530524893863     ,  1.9093276278324026E-002)
 ( 0.43238054272423693     ,  1.6998606442881009E-002) (  2.7531118381378409E-008,  1.1409307436297716E-009) (  2.7531115067097414E-008,  1.1409307378989293E-009) (-0.45662090650524306     , -1.8953781169543469E-002)
   5.1019899999999998        1.2500000000000000     
 ( 0.52213508845517742     ,  1.8153742944918144E-002) ( 0.55037783543944752     ,  2.0247352072593892E-002)
 ( 0.44448276008078497     ,  1.8017139817209069E-002) (  2.8306649224232631E-008,  1.2096431304912107E-009) (  2.8306645603316875E-008,  1.2096431240410774E-009) (-0.46946336019715207     , -2.0095112562269236E-002)
   5.1519849999999998        1.2500000000000000     
 ( 0.53828741516996659     ,  1.9234374741202025E-002) ( 0.56745171516431114     ,  2.1458718728983743E-002)
 ( 0.45677790812250152     ,  1.9085430556573767E-002) (  2.9094791182152890E-008,  1.2817400916581745E-009) (  2.9094787211864505E-008,  1.2817400836705992E-009) (-0.48251349560096213     , -2.1292645675902500E-002)
   5.2019799999999998        1.2500000000000000     
 ( 0.55478377519447319     ,  2.0367659996868744E-002) ( 0.58489138221143344     ,  2.2729585880801449E-002)
 ( 0.46926577243533035     ,  2.0205332738255484E-002) (  2.9895542727397403E-008,  1.3573496834397852E-009) (  2.9895538417842276E-008,  1.3573496744733748E-009) (-0.49577122763531511     , -2.2548505245828548E-002)
   5.2519749999999998        1.2500000000000000     
 ( 0.57162822594075169     ,  2.1555581653966517E-002) ( 0.60270117636113185     ,  2.4062226473501522E-002)
 ( 0.48194601542621301     ,  2.1378749198616841E-002) (  3.0708891645723751E-008,  1.4366034344426388E-009) (  3.0708886964699982E-008,  1.4366034253338981E-009) (-0.50923628688701716     , -2.3864873504821856E-002)
   5.3019699999999998        1.2500000000000000     
 ( 0.58882483351895043     ,  2.2800168647078286E-002) ( 0.62088548664904764     ,  2.5458967859277096E-002)
 ( 0.49481823900940575     ,  2.2607623283765504E-002) (  3.1534823127669640E-008,  1.5196357905378208E-009) (  3.1534818017928087E-008,  1.5196357799459301E-009) (-0.52290836336217750     , -2.5243980843531320E-002)
   5.3519649999999999        1.2500000000000000     
 ( 0.60637768509352241     ,  2.4103504117678160E-002) ( 0.63944874756426884     ,  2.6922201062601566E-002)
 ( 0.50788197227292387     ,  2.3893946781536862E-002) (  3.2373320654566294E-008,  1.6065846464600773E-009) (  3.2373315110391805E-008,  1.6065846354066618E-009) (-0.53678711094740483     , -2.6688114762755358E-002)
   5.4019599999999999        1.2500000000000000     
 ( 0.62429088113795672     ,  2.5467719430379985E-002) ( 0.65839535827298135     ,  2.8454371879005923E-002)
 ( 0.52113667006427677     ,  2.5239753599860699E-002) (  3.3224358620631531E-008,  1.6975907942417207E-009) (  3.3224352594813502E-008,  1.6975907806144906E-009) (-0.55087203399920648     , -2.8199610559340491E-002)
   5.4519549999999999        1.2500000000000000     
 ( 0.64256844403945113     ,  2.6894998880090511E-002) ( 0.67772966182441419     ,  3.0057996228745536E-002)
 ( 0.53458162156599309     ,  2.6647124105881451E-002) (  3.4087903611123987E-008,  1.7927988161552101E-009) (  3.4087897084634901E-008,  1.7927988020695224E-009) (-0.56516250865554063     , -2.9780866295361547E-002)
   5.5019499999999999        1.2500000000000000     
 ( 0.66121446999069289     ,  2.8387579193469643E-002) ( 0.69745605402118660     ,  3.1735645208345743E-002)
 ( 0.54821611405273107     ,  2.8118184276384347E-002) (  3.4963920016342418E-008,  1.8923561689496791E-009) (  3.4963912915333746E-008,  1.8923561531317264E-009) (-0.57965786825494003     , -3.1434327422627403E-002)
   5.5519449999999999        1.2500000000000000     
 ( 0.68023302762811566     ,  2.9947744119311445E-002) ( 0.71757893668936168     ,  3.3489948341867741E-002)
 ( 0.56203931347741609     ,  2.9655099920975501E-002) (  3.5852366878375926E-008,  1.9964133508935564E-009) (  3.5852359180151157E-008,  1.9964133319065139E-009) (-0.59435735345235374     , -3.3162489561407681E-002)
   5.6019399999999999        1.2500000000000000     
 ( 0.69962820406170445     ,  3.1577840687530445E-002) ( 0.73810266627894472     ,  3.5323608977927454E-002)
 ( 0.57605030930909840     ,  3.1260092482672155E-002) (  3.6753194556222330E-008,  2.1051247948612659E-009) (  3.6753186252702180E-008,  2.1051247754041999E-009) (-0.60926006695474810     , -3.4967913465169725E-002)
   5.6519349999999999        1.2500000000000000     
 ( 0.71940397829413227     ,  3.3280255250091380E-002) ( 0.75903155694701663     ,  3.7239380239875379E-002)
 ( 0.59024799226334312     ,  3.2935414706152459E-002) (  3.7666345687024448E-008,  2.2186474107462851E-009) (  3.7666336694382598E-008,  2.2186473871244962E-009) (-0.62436497031417948     , -3.6853200493393926E-002)
   5.7019299999999999        1.2500000000000000     
 ( 0.73956446676193743     ,  3.5057436895450676E-002) ( 0.78037006959567368     ,  3.9240089599548778E-002)
 ( 0.60463132190460545     ,  3.4683373629725421E-002) (  3.8591766054739826E-008,  2.3371420124769743E-009) (  3.8591756313909299E-008,  2.3371419880472690E-009) (-0.63967108368249781     , -3.8821016612518001E-002)
   5.7519250000000000        1.2500000000000000     
 ( 0.76011367248913486     ,  3.6911881575349269E-002) ( 0.80212248653242968     ,  4.1328620876059763E-002)
 ( 0.61919901973298297     ,  3.6506314122717078E-002) (  3.9529384068362474E-008,  2.4607722231580796E-009) (  3.9529373556746219E-008,  2.4607721950605719E-009) (-0.65517713268960898     , -4.0874073943877945E-002)
   5.8019200000000000        1.2500000000000000     
 ( 0.78105561014880953     ,  3.8846142090329841E-002) ( 0.82429313611925814     ,  4.3507920644657798E-002)
 ( 0.63394974871536802     ,  3.8406628572559276E-002) (  4.0479126299208686E-008,  2.5897048172988920E-009) (  4.0479114941530515E-008,  2.5897047866505123E-009) (-0.67088180778923034     , -4.3015136553653757E-002)
   5.8519150000000009        1.2500000000000000     
 ( 0.80239431035793984     ,  4.0862819981937082E-002) ( 0.84688630921338892     ,  4.5781001500125193E-002)
 ( 0.64888209430728794     ,  4.0386748133224001E-002) (  4.1440910520639347E-008,  2.7241098913403446E-009) (  4.1440898294630082E-008,  2.7241098582736495E-009) (-0.68678365677194764     , -4.5247023158643616E-002)
   5.9019100000000000        1.2500000000000000     
 ( 0.82413378963342809     ,  4.2964578316660333E-002) ( 0.86990640313801149     ,  4.8150945493135894E-002)
 ( 0.66399452210925725     ,  4.2449155002765443E-002) (  4.2414654990845512E-008,  2.8641610254769301E-009) (  4.2414641757723197E-008,  2.8641609862583240E-009) (-0.70288122831250743     , -4.7572609848470677E-002)
   5.9519050000000000        1.2500000000000000     
 ( 0.84627803816196512     ,  4.5154121982228429E-002) ( 0.89335758055599723     ,  5.0620886111686844E-002)
 ( 0.67928538411221751     ,  4.4596362232708513E-002) (  4.3400257823441866E-008,  3.0100341733602380E-009) (  4.3400243586105731E-008,  3.0100341321329607E-009) (-0.71917273853344743     , -4.9994811647978941E-002)
   6.0019000000000000        1.2500000000000000     
 ( 0.86883095313272451     ,  4.7434217403030235E-002) ( 0.91724415913940849     ,  5.3194036033512193E-002)
 ( 0.69475283954991018     ,  4.6830932810007782E-002) (  4.4397620676849837E-008,  3.1619092926254798E-009) (  4.4397605369828489E-008,  3.1619092442692535E-009) (-0.73565645464916218     , -5.2516609407013325E-002)
   6.0518950000000000        1.2500000000000000     
 ( 0.89179662244162494     ,  4.9807678959609310E-002) ( 0.94157046982648651     ,  5.5873654039061242E-002)
 ( 0.71039514336619891     ,  4.9155465494669870E-002) (  4.5406639291369710E-008,  3.3199683041521294E-009) (  4.5406622804467883E-008,  3.3199682549164856E-009) (-0.75233054782110553     , -5.5141016111512724E-002)
   6.1018900000000000        1.2500000000000000     
 ( 0.91517886486674560     ,  5.2277378224104366E-002) ( 0.96634060920004372     ,  5.8663075801949842E-002)
 ( 0.72621018913822055     ,  5.1572603404128607E-002) (  4.6427190024319028E-008,  3.4843969152116566E-009) (  4.6427172310055886E-008,  3.4843968596061832E-009) (-0.76919285500541779     , -5.7871106822110732E-002)
   6.1518850000000000        1.2500000000000000     
 ( 0.93898169360625472     ,  5.4846236177538303E-002) ( 0.99155883015518931     ,  6.1565702003513141E-002)
 ( 0.74219594644740106     ,  5.4085025565824021E-002) (  4.7459151388431218E-008,  3.6553838568904131E-009) (  4.7459132331189297E-008,  3.6553837949586194E-009) (-0.78624126558770091     , -6.0710006192561783E-002)
   6.2018800000000001        1.2500000000000000     
 ( 0.96320890788150360     ,  5.7517225588046297E-002) (  1.0172293499503029     ,  6.4584983715844854E-002)
 ( 0.75835010848542206     ,  5.6695448745058018E-002) (  4.8502394860774799E-008,  3.8331199537140199E-009) (  4.8502374411884719E-008,  3.8331198848460070E-009) (-0.80347352475880096     , -6.3660872936680823E-002)
   6.2518750000000001        1.2500000000000000     
 ( 0.98786453295948007     ,  6.0293374850675999E-002) (  1.0433562653412722     ,  6.7724453060697076E-002)
 ( 0.77467044888427716     ,  5.9406630267965978E-002) (  4.9556775873619441E-008,  4.0177999245040509E-009) (  4.9556753899543229E-008,  4.0177998483136764E-009) (-0.82088712578095435     , -6.6726929640833405E-002)
   6.3018700000000001        1.2500000000000000     
 (  1.0129522624222735     ,  6.3177756650317884E-002) (  1.0699436125370279     ,  7.0987681134585548E-002)
 ( 0.79115433696857418     ,  6.2221356387617381E-002) (  5.0622143037123268E-008,  4.2096198173216705E-009) (  5.0622119440220820E-008,  4.2096197362697296E-009) (-0.83847944381296391     , -6.9911420065228588E-002)
   6.3518650000000001        1.2500000000000000     
 (  1.0384760163337943     ,  6.6173504375423298E-002) (  1.0969956180452283     ,  7.4378333234525987E-002)
 ( 0.80779924806969328     ,  6.5142457468888165E-002) (  5.1698346897371793E-008,  4.4087802539370507E-009) (  5.1698321633055217E-008,  4.4087801614097929E-009) (-0.85624787399461111     , -7.3217663057866797E-002)
   6.4018600000000001        1.2500000000000000     
 (  1.0644395657157484     ,  6.9283800111654761E-002) (  1.1245163638383480     ,  7.7900108543756369E-002)
 ( 0.82460243426264690     ,  6.8172795469378489E-002) (  5.2785224150863713E-008,  4.6154827547927559E-009) (  5.2785197012719747E-008,  4.6154826575692778E-009) (-0.87418958242455402     , -7.6648991609816183E-002)
   6.4518550000000001        1.2500000000000000     
 (  1.0908467499843206     ,  7.2511865113915774E-002) (  1.1525097929051205     ,  8.1556777068594793E-002)
 ( 0.84156107572100747     ,  7.1315253482920157E-002) (  5.3882597218271974E-008,  4.8299319294807475E-009) (  5.3882568187557005E-008,  4.8299318195344110E-009) (-0.89230150521640839     , -8.0208788647999199E-002)
   6.5018500000000001        1.2500000000000000     
 (  1.1177012380109430     ,  7.5860989071616744E-002) (  1.1809798422719602     ,  8.5352174074385403E-002)
 ( 0.85867209774664299     ,  7.4572763984186344E-002) (  5.4990279422428305E-008,  5.0523350450171893E-009) (  5.4990248323067264E-008,  5.0523349284229850E-009) (-0.91058040622664305     , -8.3900480561812582E-002)
   6.5518450000000001        1.2500000000000000     
 (  1.1450068983684016     ,  7.9334493232407724E-002) (  1.2099306875135920     ,  8.9290194542264945E-002)
 ( 0.87593250667120559     ,  7.7948271432884034E-002) (  5.6108093076709072E-008,  5.2829016756516096E-009) (  5.6108059834208416E-008,  5.2829015460146580E-009) (-0.92902321654208886     , -8.7727530564621889E-002)
   6.6018400000000002        1.2500000000000000     
 (  1.1727672515668379     ,  8.2935757722003525E-002) (  1.2393659944362612     ,  9.3374781724169006E-002)
 ( 0.89333887877864881     ,  8.1444758286615918E-002) (  5.7235824310312771E-008,  5.5218429116184012E-009) (  5.7235788693055992E-008,  5.5218427671189338E-009) (-0.94762623091365628     , -9.1693425986771035E-002)
   6.6518350000000002        1.2500000000000000     
 (  1.2009859781002163     ,  8.6668205920085686E-002) (  1.2692897039588702     ,  9.7609957836686037E-002)
 ( 0.91088778932264158     ,  8.5065228387174424E-002) (  5.8373265201438852E-008,  5.7693731696361900E-009) (  5.8373227186657983E-008,  5.7693730014382951E-009) (-0.96638587505433804     , -9.5801708072597164E-002)
   6.7018300000000002        1.2500000000000000     
 (  1.2296668470152874     ,  9.0535308784345528E-002) (  1.2997058067510447     , 0.10199978255969819     )
 ( 0.92857586295881334     ,  8.8812710381676346E-002) (  5.9520207754702898E-008,  6.0257075881775210E-009) (  5.9520167093834154E-008,  6.0257074077422971E-009) (-0.98529854368412173     ,-0.10005592890944429     )
   6.7518250000000002        1.2500000000000000     
 (  1.2588133594163673     ,  9.4540584702480765E-002) (  1.3306178946501388     , 0.10654838359130939     )
 ( 0.94639928757542335     ,  9.2690256701195697E-002) (  6.0676410585158125E-008,  6.2910638640726016E-009) (  6.0676367134060118E-008,  6.2910636679940870E-009) ( -1.0043600805197741     ,-0.10445968124349228     )
   6.8018200000000002        1.2500000000000000     
 (  1.2884290201240256     ,  9.8687597586848919E-002) (  1.3620298107260200     , 0.11125993952519893     )
 ( 0.96435415509295463     ,  9.6700940104492331E-002) (  6.1841640573042985E-008,  6.5656610753091511E-009) (  6.1841594231046608E-008,  6.5656608597166137E-009) ( -1.0235664850813277     ,-0.10901657940030979     )
   6.8518150000000002        1.2500000000000000     
 (  1.3185175039059367     , 0.10297994780198537     ) (  1.3939452833998507     , 0.11613868638150521     )
 ( 0.98243663967298245     , 0.10084784368307591     ) (  6.3015651793109286E-008,  6.8497200370510717E-009) (  6.3015602348112977E-008,  6.8497198007210584E-009) ( -1.0429135036816750     ,-0.11373026485479804     )
   6.9018100000000002        1.2500000000000000     
 (  1.3490821472975965     , 0.10742128166955206     ) (  1.4263680196568098     , 0.12118890013500154     )
 (  1.0006424568565642     , 0.10513406928416358     ) (  6.4198188615440611E-008,  7.1434621671763822E-009) (  6.4198135870714007E-008,  7.1434619127704302E-009) ( -1.0623967287708826     ,-0.11860438745207100     )
   6.9518050000000002        1.2500000000000000     
 (  1.3801264836279201     , 0.11201529800239023     ) (  1.4593014079981603     , 0.12641494600405698     )
 (  1.0189673554038885     , 0.10956274266521721     ) (  6.5388968858979229E-008,  7.4471123689434682E-009) (  6.5388912617972027E-008,  7.4471120898057200E-009) ( -1.0820113201560613     ,-0.12364265301560624     )
   7.0018000000000011        1.2500000000000000     
 (  1.4116538804086247     , 0.11676572998653929     ) (  1.4927491956030505     , 0.13182119443590531     )
 (  1.0374068626081707     , 0.11413699379106458     ) (  6.6587725516669209E-008,  7.7608938812832884E-009) (  6.6587665707395717E-008,  7.7608935809195588E-009) ( -1.1017526796595782     ,-0.12884873766176558     )
   7.0517949999999994        1.2500000000000000     
 (  1.4436677606352732     , 0.12167633654965558     ) (  1.5267148304935187     , 0.13741209458994932     )
 (  1.0559564343844698     , 0.11885994778863236     ) (  6.7794164793102033E-008,  8.0850326298069419E-009) (  6.7794101053085991E-008,  8.0850322999781273E-009) ( -1.1216157547729091     ,-0.13422636000704175     )
   7.1017899999999994        1.2500000000000000     
 (  1.4761713394364637     , 0.12675094108985385     ) (  1.5612017176298647     , 0.14319213901517952     )
 (  1.0746111868886337     , 0.12373476070514132     ) (  6.9007985737110256E-008,  8.4197549558170425E-009) (  6.9007918014550886E-008,  8.4197545926967196E-009) ( -1.1415953660479117     ,-0.13977924366843639     )
   7.1517849999999994        1.2500000000000000     
 (  1.5091680446753413     , 0.13199338057036772     ) (  1.5962133670772078     , 0.14916585200149590     )
 (  1.0933662924511667     , 0.12876456907835174     ) (  7.0228881055778408E-008,  8.7652869103759566E-009) (  7.0228809083141030E-008,  8.7652865112017524E-009) ( -1.1616862481710146     ,-0.14551110478301263     )
   7.2017799999999994        1.2500000000000000     
 (  1.5426610533962910     , 0.13740753107219691     ) (  1.6317530529622242     , 0.15533781513479286     )
 (  1.1122166085148131     , 0.13395251217993820     ) (  7.1456525668382449E-008,  9.1218555989009144E-009) (  7.1456449017771998E-008,  9.1218551686373932E-009) ( -1.1818828179802325     ,-0.15142567486516123     )
   7.2517749999999994        1.2500000000000000     
 (  1.5766535056696609     , 0.14299730749659473     ) (  1.6678240425485600     , 0.16171264388668635     )
 (  1.1311568599374231     , 0.13930173122491452     ) (  7.2690587187610846E-008,  9.4896877478693480E-009) (  7.2690505751713514E-008,  9.4896872657012128E-009) ( -1.2021793256708053     ,-0.15752667574746834     )
   7.3017699999999994        1.2500000000000000     
 (  1.6111486259006791     , 0.14876666016706738     ) (  1.7044295882006402     , 0.16829500055645488     )
 (  1.1501816319537255     , 0.14481536428883371     ) (  7.3930718951715802E-008,  9.8690102976189363E-009) (  7.3930632317841269E-008,  9.8690097788674118E-009) ( -1.2225698681677442     ,-0.16381783134232658     )
   7.3517649999999994        1.2500000000000000     
 (  1.6461494762969322     , 0.15471956910314150     ) (  1.7415728119208753     , 0.17508959566305782     )
 (  1.1692853094547551     , 0.15049653838719809     ) (  7.5176565180367033E-008,  1.0260050448434869E-008) (  7.5176473288878846E-008,  1.0260049886565420E-008) ( -1.2430483085143422     ,-0.17030286579154080     )
   7.4017599999999995        1.2500000000000000     
 (  1.6816591309143667     , 0.16086004306722604     ) (  1.7792569305203947     , 0.18210116454635478     )
 (  1.1884621554716748     , 0.15634836698731092     ) (  7.6427764507206537E-008,  1.0663034081988986E-008) (  7.6427666911407366E-008,  1.0663033475411342E-008) ( -1.2636084433835617     ,-0.17698547871117107     )
   7.4517549999999995        1.2500000000000000     
 (  1.7176806378838829     , 0.16719210511476232     ) (  1.8174848509331725     , 0.18933446834128317     )
 (  1.2077062079999237     , 0.16237393455807334     ) (  7.7683928030555826E-008,  1.1078185768519674E-008) (  7.7683824692646733E-008,  1.1078185108007755E-008) ( -1.2842436253096274     ,-0.18386934406318500     )
   7.5017499999999995        1.2500000000000000     
 (  1.7542169898342990     , 0.17371982244684014     ) (  1.8562596723530598     , 0.19679433187940701     )
 (  1.2270114009622091     , 0.16857632231187275     ) (  7.8944672003131267E-008,  1.1505730798676565E-008) (  7.8944562185050212E-008,  1.1505730077239659E-008) ( -1.3049472376556432     ,-0.19095814550900292     )
   7.5517449999999995        1.2500000000000000     
 (  1.7912709212433260     , 0.18044728014327430     ) (  1.8955841709207069     , 0.20448557181041291     )
 (  1.2463712881856435     , 0.17495858342046852     ) (  8.0209585491155342E-008,  1.1945890899356587E-008) (  8.0209469156263359E-008,  1.1945890102511848E-008) ( -1.3257122380319162     ,-0.19825550235995143     )
   7.6017399999999995        1.2500000000000000     
 (  1.8288455436818498     , 0.18737856222694613     ) (  1.9354614142777877     , 0.21241304664995897     )
 (  1.2657795918635808     , 0.18152371850632540     ) (  8.1478264731120050E-008,  1.2398886937741973E-008) (  8.1478141307345288E-008,  1.2398886076203484E-008) ( -1.3465317066885443     ,-0.20576501693994373     )
   7.6517349999999995        1.2500000000000000     
 (  1.8669435453566341     , 0.19451783470552161     ) (  1.9758939780729472     , 0.22058169398702157     )
 (  1.2852295596954997     , 0.18827475879558256     ) (  8.2750269177382721E-008,  1.2864941156782982E-008) (  8.2750138562112790E-008,  1.2864940231698270E-008) ( -1.3673980819008134     ,-0.21349030996462448     )
   7.7017299999999995        1.2500000000000000     
 (  1.9055677649688054     , 0.20186920428233618     ) (  2.0168847945314656     , 0.22899637488450628     )
 (  1.3047143953703071     , 0.19521462222754435     ) (  8.4025172298032647E-008,  1.3344267607390785E-008) (  8.4025033922047138E-008,  1.3344266591167360E-008) ( -1.3883040521964733     ,-0.22143486120174488     )
   7.7517249999999995        1.2500000000000000     
 (  1.9447209448217482     , 0.20943684364770682     ) (  2.0584365207905457     , 0.23766204472843053     )
 (  1.3242271463829869     , 0.20234623575502700     ) (  8.5302521421430115E-008,  1.3837082244229623E-008) (  8.5302375040570008E-008,  1.3837081137121797E-008) ( -1.4092418387342378     ,-0.22960217809596414     )
   7.8017199999999995        1.2500000000000000     
 (  1.9844056768135023     , 0.21722492885611722     ) (  2.1005516920325715     , 0.24658364510272043     )
 (  1.3437605185154164     , 0.20967247184150561     ) (  8.6581848726600127E-008,  1.4343596371529419E-008) (  8.6581693892861386E-008,  1.4343595180289792E-008) ( -1.4302034261892684     ,-0.23799568558581591     )
   7.8517150000000004        1.2500000000000000     
 (  2.0246246194483324     , 0.22523764427878187     ) (  2.1432327453203484     , 0.25576617820545028     )
 (  1.3633071615646066     , 0.21719614908643656     ) (  8.7862671621514179E-008,  1.4864020892702191E-008) (  8.7862507753793038E-008,  1.4864019614092452E-008) ( -1.4511805363598242     ,-0.24661879774330930     )
   7.9017100000000005        1.2500000000000000     
 (  2.0653804540933973     , 0.23347919374430690     ) (  2.1864824189066070     , 0.26521458850795016     )
 (  1.3828596141348783     , 0.22492004288778783     ) (  8.9144514500716703E-008,  1.5398558978264102E-008) (  8.9144341588558408E-008,  1.5398557582768020E-008) ( -1.4721650100210908     ,-0.25547479320373961     )
   7.9517050000000005        1.2500000000000000     
 (  2.1066755290331871     , 0.24195376229266660     ) (  2.2303027259803732     , 0.27493390709283999     )
 (  1.4024099736344218     , 0.23284684326554261     ) (  9.0426856014877882E-008,  1.5947414755681102E-008) (  9.0426672866540905E-008,  1.5947413248220054E-008) ( -1.4931478944507064     ,-0.26456696156233789     )
   8.0016999999999996        1.2500000000000000     
 (  2.1485124630994403     , 0.25066558718860071     ) (  2.2746963984462658     , 0.28492911135112109     )
 (  1.4219503780002576     , 0.24097922280160952     ) (  9.1709200770165847E-008,  1.6510784373747857E-008) (  9.1709007452524060E-008,  1.6510782730846826E-008) ( -1.5141207124391058     ,-0.27389845481494907     )
   8.0516949999999987        1.2500000000000000     
 (  2.1908938095448938     , 0.25961888137432954     ) (  2.3196656588997935     , 0.29520524433612993     )
 (  1.4414728858697583     , 0.24931975865051823     ) (  9.2991018723474333E-008,  1.7088863391856471E-008) (  9.2990814601517842E-008,  1.7088861607507091E-008) ( -1.5350743674517717     ,-0.28347240742321383     )
   8.1016899999999996        1.2500000000000000     
 (  2.2338217896281924     , 0.26881784239442308     ) (  2.3652125954943872     , 0.30576729803670299     )
 (  1.4609690409239009     , 0.25787093913016396     ) (  9.4271767362363925E-008,  1.7681839296576583E-008) (  9.4271551766616180E-008,  1.7681837341362047E-008) ( -1.5559995369646973     ,-0.29329181361052048     )
   8.1516849999999987        1.2500000000000000     
 (  2.2772988755407866     , 0.27826669000525295     ) (  2.4113394790415925     , 0.31662026313239644     )
 (  1.4804303990816692     , 0.26663519488687931     ) (  9.5550893639061651E-008,  1.8289894277385132E-008) (  9.5550666267665309E-008,  1.8289892180932374E-008) ( -1.5768867513583178     ,-0.30335957298173016     )
   8.2016799999999996        1.2500000000000000     
 (  2.3213271531120832     , 0.28796966026469761     ) (  2.4580482223394511     , 0.32776920183983210     )
 (  1.4998481548531131     , 0.27561489408573997     ) (  9.6827824725811053E-008,  1.8913209672422627E-008) (  9.6827584714949169E-008,  1.8913207426705273E-008) ( -1.5977261654057238     ,-0.31367856401132171     )
   8.2516749999999988        1.2500000000000000     
 (  2.3659092713475811     , 0.29793096314086992     ) (  2.5053412474040440     , 0.33921908364915881     )
 (  1.5192137467000759     , 0.28481229436857902     ) (  9.8102003412514956E-008,  1.9551955601389310E-008) (  9.8101750161631231E-008,  1.9551953160628996E-008) ( -1.6185082238595538     ,-0.32425146825456841     )
   8.3016699999999997        1.2500000000000000     
 (  2.4110471613907847     , 0.30815478212060154     ) (  2.5532200508766998     , 0.35097495336479562     )
 (  1.5385179099371331     , 0.29422954052830541     ) (  9.9372815300767996E-008,  2.0206301033646801E-008) (  9.9372548562293267E-008,  2.0206298415420170E-008) ( -1.6392224001895090     ,-0.33508094268168293     )
   8.3516649999999988        1.2500000000000000     
 (  2.4567431090975553     , 0.31864533071368173     ) (  2.6016869305962751     , 0.36304174230514474     )
 (  1.5577514795324616     , 0.30386871501441259     ) (  1.0063967093468498E-007,  2.0876402012188636E-008) (  1.0063938989398899E-007,  2.0876399201405412E-008) ( -1.6598585640081498     ,-0.34616942073568324     )
   8.4016599999999997        1.2500000000000000     
 (  2.5029992051517604     , 0.32940679281700208     ) (  2.6507437540326908     , 0.37542448609507784     )
 (  1.5769049839634590     , 0.31373177864698354     ) (  1.0190196201240451E-007,  2.1562414835739776E-008) (  1.0190166576334572E-007,  2.1562411769123615E-008) ( -1.6804062760238843     ,-0.35751933027626231     )
   8.4516549999999988        1.2500000000000000     
 (  2.5498177336904924     , 0.34044335363284478     ) (  2.7003922196871506     , 0.38812811155437960     )
 (  1.5959690032197127     , 0.32382059639119082     ) (  1.0315904751502788E-007,  2.2264482674847985E-008) (  1.0315873535454664E-007,  2.2264479385781855E-008) ( -1.7008545260550834     ,-0.36913287097391484     )
   8.5016499999999997        1.2500000000000000     
 (  2.5971943739762540     , 0.35175907842924303     ) (  2.7506333719417269     , 0.40115759180081961     )
 (  1.6149396582840607     , 0.33413693527166805     ) (  1.0441044646635229E-007,  2.2982745541496079E-008) (  1.0441046081042554E-007,  2.2982746154127425E-008) ( -1.7211924876756930     ,-0.38101217960550982     )
   8.5516450000000006        1.2500000000000000     
 (  2.6451433971326854     , 0.36335828217808780     ) (  2.8014703908235696     , 0.41451783983426432     )
 (  1.6337952992521674     , 0.34468234054828489     ) (  1.0565520167224606E-007,  2.3717330780573597E-008) (  1.0565521721949115E-007,  2.3717331444224708E-008) ( -1.7414087375610956     ,-0.39315917519699151     )
   8.6016399999999980        1.2500000000000000     
 (  2.6936608755457607     , 0.37524499038704612     ) (  2.8529042265994988     , 0.42821376449097609     )
 (  1.6525314450730597     , 0.35545831963513830     ) (  1.0689279196102124E-007,  2.4468360455397077E-008) (  1.0689280817315858E-007,  2.4468361208500453E-008) ( -1.7614918741577508     ,-0.40557567436552922     )
   8.6516349999999989        1.2500000000000000     
 (  2.7427487571790770     , 0.38742334936643152     ) (  2.9049365077810987     , 0.44225028914058562     )
 (  1.6711378611613263     , 0.36646626569113072     ) (  1.0812254357660346E-007,  2.5235949146575146E-008) (  1.0812256071350077E-007,  2.5235949888472220E-008) ( -1.7814303380813508     ,-0.41826335781291962     )
   8.7016299999999980        1.2500000000000000     
 (  2.7924091282731811     , 0.39989741166440679     ) (  2.9575688623788139     , 0.45663216464717782     )
 (  1.6896040670479504     , 0.37770736302753688     ) (  1.0934376219611368E-007,  2.6020193309744993E-008) (  1.0934378050709892E-007,  2.6020194106904468E-008) ( -1.8012122256448357     ,-0.43122359679668304     )
   8.7516249999999989        1.2500000000000000     
 (  2.8426436489753804     , 0.41267126212198491     ) (  3.0108027487853435     , 0.47136431396576850     )
 (  1.7079191582955466     , 0.38918270807732164     ) (  1.1055574793071817E-007,  2.6821191915217641E-008) (  1.1055576741020370E-007,  2.6821192769786855E-008) ( -1.8208254535291875     ,-0.44445778730176472     )
   8.8016199999999980        1.2500000000000000     
 (  2.8934545960758111     , 0.42574894513788525     ) (  3.0646398003764435     , 0.48645149813558330     )
 (  1.7260726325900422     , 0.40089322737663396     ) (  1.1175778776475566E-007,  2.7639025508905026E-008) (  1.1175780811810544E-007,  2.7639026432298073E-008) ( -1.8402578041518438     ,-0.45796700653825950     )
   8.8516149999999989        1.2500000000000000     
 (  2.9448435584137180     , 0.43913447346735712     ) (  3.1190812969365158     , 0.50189850549107151     )
 (  1.7440532029778006     , 0.41283968802553006     ) (  1.1294914693632032E-007,  2.8473768080802757E-008) (  1.1294916861421050E-007,  2.8473769092278545E-008) ( -1.8594966836357196     ,-0.47175220998344830     )
   8.9016099999999980        1.2500000000000000     
 (  2.9968125170788111     , 0.45283181187004140     ) (  3.1741291001570775     , 0.51771002050016202     )
 (  1.7618497475259247     , 0.42502266744395201     ) (  1.1412911082897387E-007,  2.9325477842666326E-008) (  1.1412913372420898E-007,  2.9325478907155349E-008) ( -1.8785297267863330     ,-0.48581407368147478     )
   8.9516049999999989        1.2500000000000000     
 (  3.0493634088976447     , 0.46684497643843054     ) (  3.2297841351044747     , 0.53389080866178107     )
 (  1.7794510018550211     , 0.43744265841931007     ) (  1.1529690098720729E-007,  3.0194209059305345E-008) (  1.1529692537393995E-007,  3.0194210160346195E-008) ( -1.8973436198290121     ,-0.50015319596275620     )
   9.0015999999999980        1.2500000000000000     
 (  3.1024980943253766     , 0.48117784201884711     ) (  3.2860482593120217     , 0.55044544024617503     )
 (  1.7968454125881506     , 0.45009986283269393     ) (  1.1645178575453979E-007,  3.1079994132465645E-008) (  1.1645181160677386E-007,  3.1079995365371757E-008) ( -1.9159257062407555     ,-0.51476979328643957     )
   9.0515949999999989        1.2500000000000000     
 (  3.1562183039837710     , 0.49583432595886157     ) (  3.3429224618897715     , 0.56737857597311725     )
 (  1.8140211163338766     , 0.46299437692468309     ) (  1.1759296447254692E-007,  3.1982861357896780E-008) (  1.1759299190560936E-007,  3.1982862594672317E-008) ( -1.9342623024841219     ,-0.52966399536538167     )
   9.1015899999999981        1.2500000000000000     
 (  3.2105259837305757     , 0.51081833901972840     ) (  3.4004083897465569     , 0.58469482809037865     )
 (  1.8309664958727039     , 0.47612613130742570     ) (  1.1871967686292478E-007,  3.2902825543410428E-008) (  1.1871970585230079E-007,  3.2902826916606491E-008) ( -1.9523402842009863     ,-0.54483569372769314     )
   9.1515849999999990        1.2500000000000000     
 (  3.2654229029421979     , 0.52613367795595556     ) (  3.4585072105358998     , 0.60239871785995736     )
 (  1.8476694880144982     , 0.48949477920891399     ) (  1.1983112301426473E-007,  3.3839885246774629E-008) (  1.1983115358059173E-007,  3.3839886722152981E-008) ( -1.9701458724188721     ,-0.56028448872518122     )
   9.2015799999999981        1.2500000000000000     
 (  3.3209111080108911     , 0.54178416984824640     ) (  3.5172205281553652     , 0.62049472666835337     )
 (  1.8641179225332765     , 0.50309983452367524     ) (  1.2092650136598687E-007,  3.4794025401998507E-008) (  1.2092653402171894E-007,  3.4794026925487847E-008) ( -1.9876653070283992     ,-0.57600973335472594     )
   9.2515749999999990        1.2500000000000000     
 (  3.3769921399302687     , 0.55777362739841974     ) (  3.5765494832277405     , 0.63898734277519020     )
 (  1.8802994090499492     , 0.51694062712678246     ) (  1.2200499861276098E-007,  3.5765220268727556E-008) (  1.2200503296316301E-007,  3.5765221861785128E-008) ( -2.0048845501834291     ,-0.59201058535161910     )
   9.3015699999999981        1.2500000000000000     
 (  3.4336682245966101     , 0.57410571177604286     ) (  3.6364954157817779     , 0.65788092831387845     )
 (  1.8962016402375539     , 0.53101615003404157     ) (  1.2306578676731525E-007,  3.6753424182883235E-008) (  1.2306582287729451E-007,  3.6753425923909676E-008) ( -2.0217894107221981     ,-0.60828584892336546     )
   9.3515649999999990        1.2500000000000000     
 (  3.4909409078169427     , 0.59078426743940238     ) (  3.6970599802898949     , 0.67717996132117553     )
 (  1.9118119423799242     , 0.54532539377755129     ) (  1.2410805362841797E-007,  3.7758586169716909E-008) (  1.2410809215295105E-007,  3.7758588060181150E-008) ( -2.0383658318723339     ,-0.62483421774147685     )
   9.4015599999999999        1.2500000000000000     
 (  3.5488123767158579     , 0.60781284663500124     ) (  3.7582442020913414     , 0.69688865216524221     )
 (  1.9271177102628072     , 0.55986686176965605     ) (  1.2513093129804082E-007,  3.8780626633181389E-008) (  1.2513097175959142E-007,  3.8780628508828602E-008) ( -2.0545988741336223     ,-0.64165388313371796     )
   9.4515549999999990        1.2500000000000000     
 (  3.6072842464585357     , 0.62519517621323983     ) (  3.8200495023571333     , 0.71701138399016395     )
 (  1.9421057508541981     , 0.57463903564307128     ) (  1.2613357511995472E-007,  3.9819462908851055E-008) (  1.2613361758504729E-007,  3.9819464903133431E-008) ( -2.0704740251924347     ,-0.65874296638244212     )
   9.5015499999999999        1.2500000000000000     
 (  3.6663588202590902     , 0.64293490528664077     ) (  3.8824775048897298     , 0.73755242600653215     )
 (  1.9567634708383497     , 0.58964011036744546     ) (  1.2711513490462485E-007,  4.0874992021002352E-008) (  1.2711517980619638E-007,  4.0874994192536761E-008) ( -2.0859766402032172     ,-0.67609922397991551     )
   9.5515449999999991        1.2500000000000000     
 (  3.7260378369998346     , 0.66103554757455807     ) (  3.9455296925721655     , 0.75851594172126369     )
 (  1.9710775013876205     , 0.60486792849092286     ) (  1.2807474994276281E-007,  4.1947090350332411E-008) (  1.2807479770337496E-007,  4.1947092668246045E-008) ( -2.1010918498326205     ,-0.69372003888968869     )
   9.6015400000000000        1.2500000000000000     
 (  3.7863234569316924     , 0.67950074894656487     ) (  4.0092072941766075     , 0.77990613750250160     )
 (  1.9850347955712211     , 0.62032024308627653     ) (  1.2901153293636815E-007,  4.3035621987669279E-008) (  1.2901158304845358E-007,  4.3035624492565245E-008) ( -2.1158043377727735     ,-0.71160256548413303     )
   9.6515349999999991        1.2500000000000000     
 (  3.8472177292500667     , 0.69833401443341336     ) (  4.0735120114215171     , 0.80172716446001835     )
 (  1.9986220218831274     , 0.63599443901372588     ) (  1.2992461437228959E-007,  4.4140433122438433E-008) (  1.2992466730164723E-007,  4.4140435702980118E-008) ( -2.1300991379523193     ,-0.72974363026583711     )
   9.7015300000000000        1.2500000000000000     
 (  3.9087225143662829     , 0.71753887277482109     ) (  4.1384451438121088     , 0.82398308148628296     )
 (  2.0118253989302901     , 0.65188769063673024     ) (  1.3081308185789744E-007,  4.5261348532510717E-008) (  1.3081313712770320E-007,  4.5261351229884914E-008) ( -2.1439605721287349     ,-0.74813967612184895     )
   9.7515249999999991        1.2500000000000000     
 (  3.9708405415789580     , 0.73711880704287469     ) (  4.2040088023061930     , 0.84667805599186619     )
 (  2.0246318737468783     , 0.66799687417068843     ) (  1.3167607215035935E-007,  4.6398183152366641E-008) (  1.3167613074690927E-007,  4.6398186012050939E-008) ( -2.1573737561277548     ,-0.76678694441793549     )
   9.8015200000000000        1.2500000000000000     
 (  4.0335733392579600     , 0.75707731452338600     ) (  4.2702040662685867     , 0.86981612027814958     )
 (  2.0370273272980706     , 0.68431863127928161     ) (  1.3251265634763734E-007,  4.7550727234681207E-008) (  1.3251271824474906E-007,  4.7550730221584375E-008) ( -2.1703225770055634     ,-0.78568124073307954     )
   9.8515149999999991        1.2500000000000000     
 (  4.0969236393462811     , 0.77741783024712852     ) (  4.3370331121265737     , 0.89340127603267638     )
 (  2.0489984170067772     , 0.70084927569540989     ) (  1.3332194980623800E-007,  4.8718752018365568E-008) (  1.3332201532076448E-007,  4.8718755210107388E-008) ( -2.1827918063328253     ,-0.80481801902026540     )
   9.9015100000000000        1.2500000000000000     
 (  4.1608936715297178     , 0.79814380092757409     ) (  4.4044976117138761     , 0.91743755341597766     )
 (  2.0605311808443374     , 0.71758487404585614     ) (  1.3410303097729555E-007,  4.9902012605328883E-008) (  1.3410310008055846E-007,  4.9902016085356699E-008) ( -2.1947656101513728     ,-0.82419242160803885     )
   9.9515049999999992        1.2500000000000000     
 (  4.2254859023141407     , 0.81925868305901228     ) (  4.4725993313573831     , 0.94192895904136753     )
 (  2.0716117334578961     , 0.73452121258889569     ) (  1.3485498196240528E-007,  5.1100244532079078E-008) (  1.3485505440186786E-007,  5.1100248227144465E-008) ( -2.2062281407198920     ,-0.84379923622842967     )
   10.001500000000000        1.2500000000000000     
 (  4.2907026649901709     , 0.84076591391133471     ) (  4.5413401987614295     , 0.96687949236188409     )
 (  2.0822261218244065     , 0.75165376712149001     ) (  1.3557687826229334E-007,  5.2313163151810065E-008) (  1.3557695444224468E-007,  5.2313166956309495E-008) ( -2.2171634175984263     ,-0.86363287704812719     )
   10.051494999999999        1.2500000000000000     
 (  4.3565463782486145     , 0.86266884171841507     ) (  4.6107221642632981     , 0.99229304451929556     )
 (  2.0923601029086529     , 0.76897763884195713     ) (  1.3626779463570038E-007,  5.3540458484012978E-008) (  1.3626787455685360E-007,  5.3540462517215301E-008) ( -2.2275555111013774     ,-0.88368729277899183     )
   10.101490000000000        1.2500000000000000     
 (  4.4230199699207295     , 0.88497097538931568     ) (  4.6807473261863706     ,  1.0181737057159050     )
 (  2.1019999692066040     , 0.78648776399830889     ) (  1.3692680114230867E-007,  5.4781811480631253E-008) (  1.3692688537502611E-007,  5.4781815743140463E-008) ( -2.2373884057729230     ,-0.90395624191482915     )
   10.151484999999999        1.2500000000000000     
 (  4.4901260756574057     , 0.90767566784224096     ) (  4.7514182964968823     ,  1.0445253663380865     )
 (  2.1111314324036536     , 0.80417863670899425     ) (  1.3755299129309315E-007,  5.6036871679560699E-008) (  1.3755308039572166E-007,  5.6036876179100638E-008) ( -2.2466464017523342     ,-0.92443291794804261     )
   10.201479999999998        1.2500000000000000     
 (  4.5578672798342357     , 0.93078634997414877     ) (  4.8227369742545427     ,  1.0713519455510125     )
 (  2.1197401930942963     , 0.82204446642788565     ) (  1.3814540695355238E-007,  5.7305266757310031E-008) (  1.3814550045263533E-007,  5.7305271506878716E-008) ( -2.2553130217710580     ,-0.94511010542952256     )
   10.251474999999999        1.2500000000000000     
 (  4.6262468067408600     , 0.95430648287643616     ) (  4.8947057130641580     ,  1.0986575588326588     )
 (  2.1278121834351453     , 0.84007918024325490     ) (  1.3870311080259333E-007,  5.8586615864872262E-008) (  1.3870320925346252E-007,  5.8586620861674347E-008) ( -2.2633721754524605     ,-0.96598040224213289     )
   10.301469999999998        1.2500000000000000     
 (  4.6952676297066844     , 0.97823957020600116     ) (  4.9673274190593695     ,  1.1264462634233541     )
 (  2.1353334101264791     , 0.85827638298538522     ) (  1.3922519462796253E-007,  5.9880510170489337E-008) (  1.3922529768291001E-007,  5.9880515428271815E-008) ( -2.2708080504994643     ,-0.98703589361232114     )
   10.351464999999999        1.2500000000000000     
 (  4.7649324594144140     ,  1.0025890517007607     ) (  5.0406041538233586     ,  1.1547219496419565     )
 (  2.1422891576428391     , 0.87662927508791666     ) (  1.3971069668841013E-007,  6.1186508320525518E-008) (  1.3971080519052903E-007,  6.1186513837655297E-008) ( -2.2776041949462220     , -1.0082680643229354     )
   10.401459999999998        1.2500000000000000     
 (  4.8352448404201978     ,  1.0273584975108758     ) (  5.1145386687318606     ,  1.1834888328639146     )
 (  2.1486654365561111     , 0.89513080288738966     ) (  1.4015866844527592E-007,  6.2504163758943927E-008) (  1.4015878247016595E-007,  6.2504169551297157E-008) ( -2.2837443210550981     , -1.0296682789250922     )
   10.451454999999999        1.2500000000000000     
 (  4.9062078733716241     ,  1.0525513973222600     ) (  5.1891340110345130     ,  1.2127508886225822     )
 (  2.1544478300266712     , 0.91377345356192297     ) (  1.4056819775662064E-007,  6.3832990523579695E-008) (  1.4056831730494730E-007,  6.3832996666999534E-008) ( -2.2892126568822135     , -1.0512271835225406     )
   10.501449999999998        1.2500000000000000     
 (  4.9778252309606321     ,  1.0781713344754495     ) (  5.2643934086081465     ,  1.2425124383682060     )
 (  2.1596223665609551     , 0.93254943642291821     ) (  1.4093835898060180E-007,  6.5172498006374786E-008) (  1.4093848497389161E-007,  6.5172504396191242E-008) ( -2.2939933248191009     , -1.0729352826858152     )
   10.551444999999999        1.2500000000000000     
 (  5.0501002886695519     ,  1.1042220705906853     ) (  5.3403192891220774     ,  1.2727777725321121     )
 (  2.1641749152384797     , 0.95145068913137121     ) (  1.4126819713366163E-007,  6.6522165327292427E-008) (  1.4126832913831409E-007,  6.6522172163436814E-008) ( -2.2980697889165915     , -1.0947825410125769     )
   10.601439999999998        1.2500000000000000     
 (  5.1230365424371769     ,  1.1307071915009970     ) (  5.4169151754516705     ,  1.3035509441231452     )
 (  2.1680905642711652     , 0.97046860417365266     ) (  1.4155676931428147E-007,  6.7881432632087487E-008) (  1.4155690796292308E-007,  6.7881439766023128E-008) ( -2.3014260020966959     , -1.1167582022780198     )
   10.651434999999999        1.2500000000000000     
 (  5.1966382445370938     ,  1.1576305469796495     ) (  5.4941846030950172     ,  1.3348365772692592     )
 (  2.1713560190742749     , 0.98959438268423672     ) (  1.4180318597238337E-007,  6.9249744606784439E-008) (  1.4180333149210849E-007,  6.9249751944111113E-008) ( -2.3040467518020056     , -1.1388515337935725     )
   10.701429999999998        1.2500000000000000     
 (  5.2709085499200743     ,  1.1849959668063639     ) (  5.5721307756995211     ,  1.3666390962355806     )
 (  2.1739565679014752     ,  1.0088187723085329     ) (  1.4200650892856508E-007,  7.0626504691458593E-008) (  1.4200666156253250E-007,  7.0626512534057586E-008) ( -2.3059156990585330     , -1.1610510449025175     )
   10.751424999999999        1.2500000000000000     
 (  5.3458520823453375     ,  1.2128072806601686     ) (  5.6507572027303414     ,  1.3989630878522743     )
 (  2.1758783813360409     ,  1.0281320780848664     ) (  1.4216580085583282E-007,  7.2011098364692133E-008) (  1.4216596051526122E-007,  7.2011106578053224E-008) ( -2.3070170218047910     , -1.1833448973856027     )
   10.801419999999998        1.2500000000000000     
 (  5.4214727705614774     ,  1.2410686347479041     ) (  5.7300674518516868     ,  1.4318131807111645     )
 (  2.1771073832488819     ,  1.0475244371570143     ) (  1.4228013456257436E-007,  7.3402880038955456E-008) (  1.4228030215556042E-007,  7.3402888700617786E-008) ( -2.3073349205251561     , -1.2057206457169991     )
   10.851414999999999        1.2500000000000000     
 (  5.4977747344088046     ,  1.2697840040659525     ) (  5.8100662110679631     ,  1.4651941733910432     )
 (  2.1776297546567327     ,  1.0669853437494006     ) (  1.4234867757073521E-007,  7.4801185189154784E-008) (  1.4234885330539653E-007,  7.4801194384140266E-008) ( -2.3068548563582021     , -1.2281654922728507     )
   10.901409999999998        1.2500000000000000     
 (  5.5747627720124440     ,  1.2989577526053506     ) (  5.8907565384884055     ,  1.4991110874801676     )
 (  2.1774316170586641     ,  1.0865042050580125     ) (  1.4237043403749046E-007,  7.6205330504903217E-008) (  1.4237061831386503E-007,  7.6205339947860955E-008) ( -2.3055601483531372     , -1.2506662343310559     )
   10.951404999999999        1.2500000000000000     
 (  5.6524409015642956     ,  1.3285940943273948     ) (  5.9721427042990252     ,  1.5335689985808771     )
 (  2.1764991096003192     ,  1.1060697321083397     ) (  1.4234453730502827E-007,  7.7614599172537169E-008) (  1.4234473077222016E-007,  7.7614609249378075E-008) ( -2.3034360419939799     , -1.2732090497838129     )
   11.001399999999999        1.2500000000000000     
 (  5.7308141635682253     ,  1.3586975752290114     ) (  6.0542296230643800     ,  1.5685731632478666     )
 (  2.1748186557274805     ,  1.1256704903427612     ) (  1.4227013678800958E-007,  7.9028256246974320E-008) (  1.4227033941518792E-007,  7.9028266816147555E-008) ( -2.3004680136450073     , -1.2957797526312025     )
   11.051394999999999        1.2500000000000000     
 (  5.8098870427204368     ,  1.3892727639649900     ) (  6.1370206603871642     ,  1.6041290234121812     )
 (  2.1723766979875414     ,  1.1452945061050395     ) (  1.4214628881576946E-007,  8.0445539068086652E-008) (  1.4214650129987618E-007,  8.0445550135503302E-008) ( -2.2966400408381706     , -1.3183635990825548     )
   11.101389999999999        1.2500000000000000     
 (  5.8896645861461794     ,  1.4203243160369785     ) (  6.2205213982461629     ,  1.6402420472519887     )
 (  2.1691599341080119     ,  1.1649293762368191     ) (  1.4197218721128076E-007,  8.1865653509419311E-008) (  1.4197240915051566E-007,  8.1865665099263264E-008) ( -2.2919386439220908     , -1.3409452494280059     )
   11.151384999999999        1.2500000000000000     
 (  5.9701519686430640     ,  1.4518572775385967     ) (  6.3047356066849503     ,  1.6769181623620140     )
 (  2.1651550214643143     ,  1.1845624945113107     ) (  1.4174691474644462E-007,  8.3287793890305599E-008) (  1.4174714775705087E-007,  8.3287806007045986E-008) ( -2.2863483029543916     , -1.3635091184639099     )
   11.201379999999999        1.2500000000000000     
 (  6.0513544738799157     ,  1.4838766381648429     ) (  6.3896685311201837     ,  1.7141633647543257     )
 (  2.1603492538118569     ,  1.2041806168648075     ) (  1.4146965098068462E-007,  8.4711121958744363E-008) (  1.4146989494471784E-007,  8.4711134612239338E-008) ( -2.2798552640576188     , -1.3860389790773429     )
   11.251374999999999        1.2500000000000000     
 (  6.1332767511936330     ,  1.5163876510293062     ) (  6.4753246508273117     ,  1.7519838141683408     )
 (  2.1547290580569545     ,  1.2237702081119943     ) (  1.4113952890773738E-007,  8.6134771722345316E-008) (  1.4113978395625508E-007,  8.6134784935822905E-008) ( -2.2724450083780297     , -1.4085180703178202     )
   11.301369999999999        1.2500000000000000     
 (  6.2159248058716212     ,  1.5493957744228635     ) (  6.5617095508720933     ,  1.7903859782156837     )
 (  2.1482819607713135     ,  1.2433173243924236     ) (  1.4075574939119768E-007,  8.7557854359157450E-008) (  1.4075601623216228E-007,  8.7557868369563618E-008) ( -2.2641043739535478     , -1.4309291498326269     )
   11.351364999999999        1.2500000000000000     
 (  6.2993036075466735     ,  1.5829065671624505     ) (  6.6488275021538819     ,  1.8293765853252075     )
 (  2.1409952372473322     ,  1.2628074934362561     ) (  1.4031746756984255E-007,  8.8979458022940960E-008) (  1.4031774655030889E-007,  8.8979472534144254E-008) ( -2.2548192108983858     , -1.4532545303893756     )
   11.401359999999999        1.2500000000000000     
 (  6.3834195646745258     ,  1.6169260194188999     ) (  6.7366846415671580     ,  1.8689627627640486     )
 (  2.1328569115970972     ,  1.2822260483795194     ) (  1.3982390374921056E-007,  9.0398653388522286E-008) (  1.3982419549578539E-007,  9.0398668346650498E-008) ( -2.2445767300443844     , -1.4754761448513236     )
   11.451355000000000        1.2500000000000000     
 (  6.4682778459320369     ,  1.6514600737670697     ) (  6.8252853988112410     ,  1.9091514856129739     )
 (  2.1238545455689861     ,  1.3015575795902243     ) (  1.3927424704487014E-007,  9.1814455955407121E-008) (  1.3927455247513503E-007,  9.1814471899540843E-008) ( -2.2333635916021000     , -1.4975749330269654     )
   11.501349999999999        1.2500000000000000     
 (  6.5538843866511867     ,  1.6865151165898267     ) (  6.9146355507613162     ,  1.9499503773292353     )
 (  2.1139762786260401     ,  1.3207865668949297     ) (  1.3866773580891959E-007,  9.3225884878608238E-008) (  1.3866805456064165E-007,  9.3225901530669399E-008) ( -2.2211674909244148     , -1.5195317830717190     )
   11.551345000000000        1.2500000000000000     
 (  6.6402454801518491     ,  1.7220976848150256     ) (  7.0047406544064170     ,  1.9913673538526089     )
 (  2.1032105577604852     ,  1.3398968270140224     ) (  1.3800362182365264E-007,  9.4631923555260638E-008) (  1.3800395529033552E-007,  9.4631940999934482E-008) ( -2.2079764770185388     , -1.5413269208558302     )
   11.601339999999999        1.2500000000000000     
 (  6.7273666709777995     ,  1.7582145989684088     ) (  7.0956056563449268     ,  2.0334106904127145     )
 (  2.0915455702406693     ,  1.3588718939766895     ) (  1.3728112669751430E-007,  9.6031540164722783E-008) (  1.3728147552029875E-007,  9.6031558273378303E-008) ( -2.1937777254801145     , -1.5629402332618043     )
   11.651335000000000        1.2500000000000000     
 (  6.8152545309128634     ,  1.7948729142367126     ) (  7.1872371288589267     ,  2.0760885568648852     )
 (  2.0789704527256392     ,  1.3776947708624236     ) (  1.3649956879838602E-007,  9.7423646884613892E-008) (  1.3649993348964310E-007,  9.7423665758613906E-008) ( -2.1785607275075978     , -1.5843505651125174     )
   11.701330000000000        1.2500000000000000     
 (  6.9039146576382686     ,  1.8320800929228456     ) (  7.2796394478146462     ,  2.1194101239966292     )
 (  2.0654740677407726     ,  1.3963481122544068     ) (  1.3565819599145156E-007,  9.8807169124219655E-008) (  1.3565857733760649E-007,  9.8807188907530727E-008) ( -2.1623133836743209     , -1.6055369416688750     )
   11.751324999999998        1.2500000000000000     
 (  6.9933543209318616     ,  1.8698436417499602     ) (  7.3728193023063096     ,  2.1633842653036495     )
 (  2.0510462791365818     ,  1.4148139522702743     ) (  1.3475635788603153E-007,  1.0018096741664476E-007) (  1.3475675537758636E-007,  1.0018098807249935E-007) ( -2.1450260686227471     , -1.6264771578766883     )
   11.801319999999999        1.2500000000000000     
 (  7.0835792857891571     ,  1.9081717230788404     ) (  7.4667817708300914     ,  2.2080208506395964     )
 (  2.0356765412135984     ,  1.4330742308710622     ) (  1.3379335664155655E-007,  1.0154391614131167E-007) (  1.3379377225619682E-007,  1.0154393760914710E-007) ( -2.1266877120934602     , -1.6471491926564885     )
   11.851314999999998        1.2500000000000000     
 (  7.1745954835450858     ,  1.9470725255260781     ) (  7.5615320468272085     ,  2.2533296498383288     )
 (  2.0193547043538298     ,  1.4511100649516848     ) (  1.3276854741148176E-007,  1.0289483094348840E-007) (  1.3276898006805991E-007,  1.0289485354482249E-007) ( -2.1072887632201218     , -1.6675299824878844     )
   11.901309999999999        1.2500000000000000     
 (  7.2664100652335080     ,  1.9865547021738998     ) (  7.6570766488008877     ,  2.2993211011380001     )
 (  2.0020715951211310     ,  1.4689023833687400     ) (  1.3168132000133161E-007,  1.0423252118823609E-007) (  1.3168177213235903E-007,  1.0423254476757888E-007) ( -2.0868200588686685     , -1.6875962024329769     )
   11.951304999999998        1.2500000000000000     
 (  7.3590295416155884     ,  2.0266272819635871     ) (  7.7534208292614375     ,  2.3460060808845764     )
 (  1.9838179910294222     ,  1.4864316127105210     ) (  1.3053105490872892E-007,  1.0555577096567431E-007) (  1.3053152711594470E-007,  1.0555579560102130E-007) ( -2.0652729090974251     , -1.7073241138510504     )
   12.001299999999999        1.2500000000000000     
 (  7.4524599049578439     ,  2.0672994835695482     ) (  7.8505698782621893     ,  2.3933954361319154     )
 (  1.9645848311873162     ,  1.5036775678928280     ) (  1.2931716892753027E-007,  1.0686330732314814E-007) (  1.2931766229827920E-007,  1.0686333297194831E-007) ( -2.0426387664391834     , -1.7266888672678882     )
   12.051294999999998        1.2500000000000000     
 (  7.5467079050157739     ,  2.1085810422892415     ) (  7.9485295603657820     ,  2.4415011584669539     )
 (  1.9443633852115314     ,  1.5206198804873623     ) (  1.2803910943038376E-007,  1.0815388436024390E-007) (  1.2803962441179172E-007,  1.0815391063160805E-007) ( -2.0189102534391177     , -1.7456660369041892     )
   12.101289999999999        1.2500000000000000     
 (  7.6417803707826648     ,  2.1504820942056098     ) (  8.0473052354218453     ,  2.4903350688287809     )
 (  1.9231465072971690     ,  1.5372375963423426     ) (  1.2669635936310425E-007,  1.0942618040792650E-007) (  1.2669689708410162E-007,  1.0942620851642031E-007) ( -1.9940804537122270     , -1.7642298399090044     )
   12.151284999999998        1.2500000000000000     
 (  7.7376829610159623     ,  2.1930130532477032     ) (  8.1469015539129241     ,  2.5399097539688111     )
 (  1.9009260461205437     ,  1.5535093803584792     ) (  1.2528839095519571E-007,  1.1067888052709366E-007) (  1.2528895089082771E-007,  1.1067890945398927E-007) ( -1.9681424955508369     , -1.7823545358591124     )
   12.201279999999999        1.2500000000000000     
 (  7.8344227402350368     ,  2.2361848482099536     ) (  8.2473241294563291     ,  2.5902383751214058     )
 (  1.8776944974632563     ,  1.5694134182972066     ) (  1.2381469671225067E-007,  1.1191064024265197E-007) (  1.2381528077722466E-007,  1.1191067029677190E-007) ( -1.9410902110269244     , -1.8000138217311081     )
   12.251274999999998        1.2500000000000000     
 (  7.9320057949123646     ,  2.2800087757671390     ) (  8.3485780892721220     ,  2.6413341884081190     )
 (  1.8534462111947532     ,  1.5849274902488015     ) (  1.2227490709467201E-007,  1.1312007134422130E-007) (  1.2227551678359001E-007,  1.1312010259360431E-007) ( -1.9129195577921672     , -1.8171805565692585     )
   12.301269999999999        1.2500000000000000     
 (  8.0304386020988456     ,  2.3244962533513269     ) (  8.4506676296647907     ,  2.6932110499499915     )
 (  1.8281741849217374     ,  1.6000286480103474     ) (  1.2066852603807819E-007,  1.1430577006313885E-007) (  1.2066916007653158E-007,  1.1430580293342458E-007) ( -1.8836252118947927     , -1.8338274158875290     )
   12.351264999999998        1.2500000000000000     
 (  8.1297272272041017     ,  2.3696595450242763     ) (  8.5535977208462910     ,  2.7458834139896702     )
 (  1.8018730172749904     ,  1.6146938780763851     ) (  1.1899518798634732E-007,  1.1546631075046126E-007) (  1.1899584967115838E-007,  1.1546634468945108E-007) ( -1.8532034691079264     , -1.8499264953208481     )
   12.401259999999999        1.2500000000000000     
 (  8.2298778222117939     ,  2.4155114317888651     ) (  8.6573720047202976     ,  2.7993663475346571     )
 (  1.7745378162351315     ,  1.6288997864604395     ) (  1.1725451558642071E-007,  1.1660025002638393E-007) (  1.1725520662114205E-007,  1.1660028537352376E-007) ( -1.8216513392693121     , -1.8654496972147920     )
   12.451254999999998        1.2500000000000000     
 (  8.3308895199005821     ,  2.4620650233693069     ) (  8.7619941017970469     ,  2.8536748557271467     )
 (  1.7461574947840268     ,  1.6426226108496931     ) (  1.1544633704033730E-007,  1.1770620422067680E-007) (  1.1544629030692897E-007,  1.1770620216500007E-007) ( -1.7889668414632509     , -1.8803678075660877     )
   12.501249999999999        1.2500000000000000     
 (  8.4327815676161926     ,  2.5093330337136490     ) (  8.8674695393921468     ,  2.9088252433980197     )
 (  1.7167405281813775     ,  1.6558369968259545     ) (  1.1357006889175687E-007,  1.1878246811862671E-007) (  1.1357001992536211E-007,  1.1878246593749456E-007) ( -1.7551480822207024     , -1.8946520066583841     )
   12.551245000000000        1.2500000000000000     
 (  8.5355527668151829     ,  2.5573298156192936     ) (  8.9738007370911479     ,  2.9648340172181689     )
 (  1.6862775834838855     ,  1.6685186110148431     ) (  1.1162563235665943E-007,  1.1982763665662596E-007) (  1.1162558094638553E-007,  1.1982763432479682E-007) ( -1.7201953132876775     , -1.9082728077755196     )
   12.601239999999999        1.2500000000000000     
 (  8.6392089512101968     ,  2.6060698119291477     ) (  9.0809908151065688     ,  3.0217176158331482     )
 (  1.6547658648313908     ,  1.6806422755776371     ) (  1.0961275146153261E-007,  1.2084013364493223E-007) (  1.0961269781380329E-007,  1.2084013123111780E-007) ( -1.6841080087319593     , -1.9211997024866019     )
   12.651235000000000        1.2500000000000000     
 (  8.7437552298843340     ,  2.6555675845313713     ) (  9.1890424015961134     ,  3.0794935168007385     )
 (  1.6222032228191865     ,  1.6921819079883951     ) (  1.0753127588336655E-007,  1.2181838953089571E-007) (  1.0753121939689178E-007,  1.2181838698693400E-007) ( -1.6468878182143052     , -1.9334023207254405     )
   12.701229999999999        1.2500000000000000     
 (  8.8491962573333467     ,  2.7058388590571356     ) (  9.2979570830250076     ,  3.1381798760249864     )
 (  1.5885882826421083     ,  1.7031118925792053     ) (  1.0538099941731483E-007,  1.2276082367439320E-007) (  1.0538094004661771E-007,  1.2276082090116135E-007) ( -1.6085360134463951     , -1.9448500516313731     )
   12.751225000000000        1.2500000000000000     
 (  8.9555371047262913     ,  2.7568991382988703     ) (  9.4077375015224955     ,  3.1977948716946498     )
 (  1.5539205058350192     ,  1.7134053298055656     ) (  1.0316189093616820E-007,  1.2366580422601697E-007) (  1.0316182946544802E-007,  1.2366580129040748E-007) ( -1.5690567665718917     , -1.9555115102844340     )
   12.801219999999999        1.2500000000000000     
 (  9.0627821900716867     ,  2.8087648589301550     ) (  9.5183841111041616     ,  3.2583574652211964     )
 (  1.5181997901233568     ,  1.7230356875272392     ) (  1.0087383404572297E-007,  1.2453170307977444E-007) (  1.0087376928632714E-007,  1.2453169997040725E-007) ( -1.5284534701829526     , -1.9653553423765235     )
   12.851215000000000        1.2500000000000000     
 (  9.1709351834173383     ,  2.8614526169238776     ) (  9.6298977220658291     ,  3.3198867280734854     )
 (  1.4814267695936205     ,  1.7319752848584320     ) (  9.8516789214068662E-008,  1.2535683272277300E-007) (  9.8516721632803679E-008,  1.2535682942079349E-007) ( -1.4867308207659820     , -1.9743493305410582     )
   12.901209999999999        1.2500000000000000     
 (  9.2800003589574800     ,  2.9149796429503185     ) (  9.7422791334030752     ,  3.3824024703319626     )
 (  1.4436035181725253     ,  1.7401965886176218     ) (  9.6090831093034981E-008,  1.2613951273115219E-007) (  9.6090760294499035E-008,  1.2613950920878265E-007) ( -1.4438959576211932     , -1.9824613425860584     )
   12.951205000000000        1.2500000000000000     
 (  9.3899808537850546     ,  2.9693638375862670     ) (  9.8555270911041397     ,  3.4459250571138695     )
 (  1.4047317651901781     ,  1.7476717885002473     ) (  9.3595970566271023E-008,  1.2687804564813374E-007) (  9.3595896404440213E-008,  1.2687804191688309E-007) ( -1.3999551967505557     , -1.9896591280553049     )
   13.001199999999999        1.2500000000000000     
 (  9.5008795146768179     ,  3.0246232488332114     ) (  9.9696409686494079     ,  3.5104750810054011     )
 (  1.3648153067291608     ,  1.7543723642460902     ) (  9.1032352718610375E-008,  1.2757069884962337E-007) (  9.1032275283954398E-008,  1.2757069491248268E-007) ( -1.3549172807151517     , -1.9959098303501217     )
   13.051195000000000        1.2500000000000000     
 (  9.6126992733738756     ,  3.0807765476654843     ) (  10.084618659358945     ,  3.5760736171977014     )
 (  1.3238581409365635     ,  1.7602695622061590     ) (  8.8400134791720459E-008,  1.2821572359329583E-007) (  8.8400054214636767E-008,  1.2821571941449399E-007) ( -1.3087919362470610     , -2.0011805586235396     )
   13.101189999999999        1.2500000000000000     
 (  9.7254414627714798     ,  3.1378428465960946     ) (  10.200457836611291     ,  3.6427420927281906     )
 (  1.2818645730462050     ,  1.7653344277805743     ) (  8.5699497661630678E-008,  1.2881135141239036E-007) (  8.5699412877085932E-008,  1.2881134701447441E-007) ( -1.2615891393062189     , -2.0054381169165989     )
   13.151185000000000        1.2500000000000000     
 (  9.8391080743516852     ,  3.1958417522847582     ) (  10.317155113369243     ,  3.7105025144148542     )
 (  1.2388411064753764     ,  1.7695376359920520     ) (  8.2930697303998089E-008,  1.2935581101995264E-007) (  8.2930608495516760E-008,  1.2935580637971520E-007) ( -1.2133208753346538     , -2.0086495267465718     )
   13.201179999999999        1.2500000000000000     
 (  9.9537000211074318     ,  3.2547934114160006     ) (  10.434706652249135     ,  3.7793769032938140     )
 (  1.1947946246738319     ,  1.7728497795327423     ) (  8.0094102395141864E-008,  1.2984728813353514E-007) (  8.0094010220306175E-008,  1.2984728320591536E-007) ( -1.1640012362715457     , -2.0107810790374101     )
   13.251175000000000        1.2500000000000000     
 (  10.069217911014784     ,  3.3147179655276089     ) (  10.553107346097006     ,  3.8493875092017071     )
 (  1.1497325500615865     ,  1.7752406508412404     ) (  7.7190029223530477E-008,  1.3028395617185576E-007) (  7.7189932456432726E-008,  1.3028395094846965E-007) ( -1.1136434690730772     , -2.0117992641703077     )
   13.301169999999999        1.2500000000000000     
 (  10.185661474018559     ,  3.3756368663631759     ) (  10.672351416250466     ,  3.9205578001411578     )
 (  1.1036641882555835     ,  1.7766805569711699     ) (  7.4218896322554664E-008,  1.3066400805027343E-007) (  7.4218794991287944E-008,  1.3066400250059091E-007) ( -1.0622638124715116     , -2.0116709524995269     )
   13.351165000000000        1.2500000000000000     
 (  10.303029605868456     ,  3.4375707283328123     ) (  10.792432641609645     ,  3.9929101053280021     )
 (  1.0565990608766922     ,  1.7771387273789963     ) (  7.1181235502372580E-008,  1.3098556825867680E-007) (  7.1181129646496440E-008,  1.3098556238256736E-007) ( -1.0098799937652791     , -2.0103622711092606     )
   13.401159999999999        1.2500000000000000     
 (  10.421321474728192     ,  3.5005418497300305     ) (  10.913343018193812     ,  4.0664680962501070     )
 (  1.0085483400906359     ,  1.7765849803774887     ) (  6.8077529435833267E-008,  1.3124679023818992E-007) (  6.8077418855004641E-008,  1.3124678400956265E-007) (-0.95650922693553742     , -2.0078399747914055     )
   13.451155000000000        1.2500000000000000     
 (  10.540534463279517     ,  3.5645720577261999     ) (  11.035073858606120     ,  4.1412549762220499     )
 ( 0.95952381913422713     ,  1.7749885778532724     ) (  6.4908399509654185E-008,  1.3144579481883720E-007) (  6.4908283597355900E-008,  1.3144578822595707E-007) (-0.90217191035489086     , -2.0040705770340592     )
   13.501149999999999        1.2500000000000000     
 (  10.660665816255406     ,  3.6296836985638921     ) (  11.157616325252864     ,  4.2172944474926606     )
 ( 0.90953910127941962     ,  1.7723185784810118     ) (  6.1674516369157346E-008,  1.3158070040143519E-007) (  6.1674395644474101E-008,  1.3158069356847916E-007) (-0.84688963390751215     , -1.9990209261895278     )
   13.551145000000000        1.2500000000000000     
 (  10.781712078529109     ,  3.6958996770865316     ) (  11.280959863015601     ,  4.2946102442354919     )
 ( 0.85860811296928063     ,  1.7685442157671840     ) (  5.8376595759274690E-008,  1.3164962855928640E-007) (  5.8376469767100354E-008,  1.3164962119302610E-007) (-0.79068486036639440     , -1.9926582646785169     )
   13.601139999999999        1.2500000000000000     
 (  10.903668022837239     ,  3.7632429932048779     ) (  11.405091606962907     ,  4.3732258330027092     )
 ( 0.80674660503066398     ,  1.7636343210950405     ) (  5.5015437358145565E-008,  1.3165065314041980E-007) (  5.5015305959841319E-008,  1.3165064547631762E-007) (-0.73358186161689765     , -1.9849494029099828     )
   13.651135000000000        1.2500000000000000     
 (  11.026529421453537     ,  3.8317372517452091     ) (  11.530000023089563     ,  4.4531652323088773     )
 ( 0.75397131779892035     ,  1.7575580583141941     ) (  5.1591876336491941E-008,  1.3158188573315448E-007) (  5.1591738604295968E-008,  1.3158187753251331E-007) (-0.67560608285813595     , -1.9758621856644374     )
   13.701129999999999        1.2500000000000000     
 (  11.150289752824104     ,  3.9014056799829553     ) (  11.655670964064708     ,  4.5344518824589386     )
 ( 0.70030002584728201     ,  1.7502843074250360     ) (  4.8106843776684844E-008,  1.3144142550754751E-007) (  4.8106700180066875E-008,  1.3144141679815567E-007) (-0.61678481454128964     , -1.9653647388605571     )
   13.751125000000000        1.2500000000000000     
 (  11.274942098795361     ,  3.9722723438562149     ) (  11.782089584638143     ,  4.6171092718509454     )
 ( 0.64575251402484979     ,  1.7417819461146560     ) (  4.4561371992768771E-008,  1.3122733970950251E-007) (  4.4561222057793418E-008,  1.3122733066917082E-007) (-0.55714714750506811     , -1.9534251862283849     )
   13.801119999999999        1.2500000000000000     
 (  11.400477937742902     ,  4.0443613024382685     ) (  11.909239736554408     ,  4.7011608556999853     )
 ( 0.59034938724840647     ,  1.7320201833257940     ) (  4.0956532168846790E-008,  1.3093772563840221E-007) (  4.0956375902474725E-008,  1.3093771596506411E-007) (-0.49672346707836695     , -1.9400125243745461     )
   13.851115000000000        1.2500000000000000     
 (  11.526888998711637     ,  4.1176965458403503     ) (  12.037103987690211     ,  4.7866296612899371     )
 ( 0.53411213818162528     ,  1.7209681363919653     ) (  3.7293417346892827E-008,  1.3057067542028096E-007) (  3.7293254611309670E-008,  1.3057066530669929E-007) (-0.43554494292130225     , -1.9250962477536544     )
   13.901109999999999        1.2500000000000000     
 (  11.654164919277065     ,  4.1923024613086790     ) (  12.165663569759158     ,  4.8735383610606151     )
 ( 0.47706359163904494     ,  1.7085954295343466     ) (  3.3573245519719194E-008,  1.3012428996071816E-007) (  3.3573075308951859E-008,  1.3012427921617182E-007) (-0.37364493894895517     , -1.9086466641164703     )
   13.951105000000000        1.2500000000000000     
 (  11.782295112691093     ,  4.2682034798307980     ) (  12.294899746109586     ,  4.9619098775783854     )
 ( 0.41922953902713878     ,  1.6948714986691551     ) (  2.9797362000023368E-008,  1.2959667643984286E-007) (  2.9797182329169871E-008,  1.2959666508283873E-007) (-0.31105933965769944     , -1.8906346844516511     )
   14.001100000000001        1.2500000000000000     
 (  11.911267494392954     ,  4.3454235410615425     ) (  12.424790875504735     ,  5.0517652947162839     )
 ( 0.36063561249005449     ,  1.6797660486882784     ) (  2.5967118220076515E-008,  1.2898591500215805E-007) (  2.5966933383235179E-008,  1.2898590298796872E-007) (-0.24782392976145021     , -1.8710315750448385     )
   14.051095000000000        1.2500000000000000     
 (  12.041069054389325     ,  4.4239873850695757     ) (  12.555314647134734     ,  5.1431271204224496     )
 ( 0.30130891406486832     ,  1.6632493753480047     ) (  2.2083929175633842E-008,  1.2829016959998512E-007) (  2.2083736486628412E-008,  1.2829015695797317E-007) (-0.18397693438451185     , -1.8498103700892927     )
   14.101089999999997        1.2500000000000000     
 (  12.171685807151531     ,  4.5039192488154010     ) (  12.686448769601181     ,  5.2360153695190732     )
 ( 0.24127894951950263     ,  1.6452920565224192     ) (  1.8149379006074839E-008,  1.2750753848873968E-007) (  1.8149178027524954E-008,  1.2750752513960586E-007) (-0.11955822365657529     , -1.8269443303612589     )
   14.151084999999997        1.2500000000000000     
 (  12.303102436208027     ,  4.5852431001419580     ) (  12.818167786050685     ,  5.3304507957175682     )
 ( 0.18057562090295720     ,  1.6258653333120017     ) (  1.4165034125028957E-008,  1.2663622180853448E-007) (  1.4164825160755265E-008,  1.2663620803059577E-007) ( -5.4608749732608465E-002, -1.8024084045792668     )
   14.201079999999997        1.2500000000000000     
 (  12.435302052088497     ,  4.6679830229854966     ) (  12.950446077846335     ,  5.4264529139393973     )
 ( 0.11923096349567242     ,  1.6049403745432456     ) (  1.0132614026644627E-008,  1.2567437477341832E-007) (  1.0132396251098831E-008,  1.2567435994381162E-007) (  1.0828787215475918E-002, -1.7761780792001181     )
   14.251074999999998        1.2500000000000000     
 (  12.568268033100033     ,  4.7521623261330603     ) (  13.083257530138775     ,  5.5240396178556850     )
 (  5.7278575560741035E-002,  1.5824891803805281     ) (  6.0538980992624276E-009,  1.2462016904019491E-007) (  6.0536702508247205E-009,  1.2462015343646677E-007) (  7.6710035659633261E-002, -1.7482297880286009     )
   14.301069999999998        1.2500000000000000     
 (  12.701981372631483     ,  4.8378048629931492     ) (  13.216573688094389     ,  5.6232294608302613     )
 ( -5.2467187660293572E-003,  1.5584848772130986     ) (  1.9307594924169585E-009,  1.2347188061842725E-007) (  1.9305226767902845E-009,  1.2347186422683393E-007) ( 0.14298914521557760     , -1.7185424963863742     )
   14.351064999999998        1.2500000000000000     
 (  12.836422037865734     ,  4.9249335201762223     ) (  13.350365051435110     ,  5.7240391259991705     )
 ( -6.8308755766501250E-002,  1.5329006680008925     ) ( -2.2348739406995077E-009,  1.2222775550950084E-007) ( -2.2351214502950877E-009,  1.2222773842472233E-007) ( 0.20961880797062091     , -1.6870955713739779     )
   14.401059999999998        1.2500000000000000     
 (  12.971569445776938     ,  5.0135707598316426     ) (  13.484602008469357     ,  5.8264839127712627     )
 (-0.13186998644300382     ,  1.5057106933737918     ) ( -6.4410019379303151E-009,  1.2088607106985106E-007) ( -6.4412581066277524E-009,  1.2088605292168121E-007) ( 0.27655155075987020     , -1.6538698652712427     )
   14.451054999999998        1.2500000000000000     
 (  13.107400926400905     ,  5.1037388195991751     ) (  13.619252554788778     ,  5.9305785362652639     )
 (-0.19589031570018209     ,  1.4768897107813814     ) ( -1.0685429905150894E-008,  1.1944514441923593E-007) ( -1.0685697744815852E-008,  1.1944512547473150E-007) ( 0.34373588349744089     , -1.6188477189808130     )
   14.501049999999998        1.2500000000000000     
 (  13.243893650309452     ,  5.1954591406704882     ) (  13.754284604271955     ,  6.0363367153285692     )
 (-0.26032941933477943     ,  1.4464141669429773     ) ( -1.4966029464641200E-008,  1.1790339783863616E-007) ( -1.4966308157088916E-008,  1.1790337789711279E-007) ( 0.41112211007358052     , -1.5820141038841771     )
   14.551044999999998        1.2500000000000000     
 (  13.381022669795895     ,  5.2887526893343209     ) (  13.889665244232992     ,  6.1437699167387638     )
 (-0.32514464512609442     ,  1.4142603258129389     ) ( -1.9280453485293892E-008,  1.1625918268656367E-007) ( -1.9280743521397718E-008,  1.1625916149862356E-007) ( 0.47865656839357063     , -1.5433540135724844     )
   14.601039999999998        1.2500000000000000     
 (  13.518762176114175     ,  5.3836396288465371     ) (  14.025359628864681     ,  6.2528892632389539     )
 (-0.39029189903722539     ,  1.3804066546344327     ) ( -2.3626338036891112E-008,  1.1451101798236862E-007) ( -2.3626640079768347E-008,  1.1451099569054654E-007) ( 0.54628592672323129     , -1.5028560258886499     )
   14.651034999999998        1.2500000000000000     
 (  13.657085872743963     ,  5.4801392068724555     ) (  14.161333164040768     ,  6.3637034478315186     )
 (-0.45572649087970002     ,  1.3448320521734052     ) ( -2.8001218536168326E-008,  1.1265738422320201E-007) ( -2.8001532593154278E-008,  1.1265736076754083E-007) ( 0.61395507038578612     , -1.4605089398224704     )
   14.701029999999998        1.2500000000000000     
 (  13.795965414471198     ,  5.5782703619184799     ) (  14.297549700740928     ,  6.4762209083934419     )
 (-0.52140092655478631     ,  1.3075170156957907     ) ( -3.2402590622474895E-008,  1.1069689514688932E-007) ( -3.2402917438623153E-008,  1.1069687048373087E-007) ( 0.68160889490819043     , -1.4163050151036458     )
   14.751024999999998        1.2500000000000000     
 (  13.935371223146847     ,  5.6780503603475019     ) (  14.433972075917973     ,  6.5904471314604605     )
 (-0.58726739245405213     ,  1.2684429510044757     ) ( -3.6827752071040452E-008,  1.0862815738761675E-007) ( -3.6828091737790165E-008,  1.0862813147154331E-007) ( 0.74918944372502483     , -1.3702372766338196     )
   14.801019999999998        1.2500000000000000     
 (  14.075273367912418     ,  5.7794961161866363     ) (  14.570563702453331     ,  6.7063871623602953     )
 (-0.65327605179789150     ,  1.2275928682268649     ) ( -4.1274074447652711E-008,  1.0644989182890633E-007) ( -4.1274428480482960E-008,  1.0644986486300369E-007) ( 0.81664014128664464     , -1.3223016388419817     )
   14.851014999999999        1.2500000000000000     
 (  14.215641000881847     ,  5.8826227327846903     ) (  14.707286863694515     ,  6.8240432830823448     )
 (-0.71937578420903503     ,  1.1849516397936839     ) ( -4.5738655947831002E-008,  1.0416089330301774E-007) ( -4.5739023999399352E-008,  1.0416086471281042E-007) ( 0.88390106775964461     , -1.2724961453446360     )
   14.901009999999998        1.2500000000000000     
 (  14.356441127130925     ,  5.9874452407174630     ) (  14.844102734570097     ,  6.9434164182086127     )
 (-0.78551482189863553     ,  1.1405048916356533     ) ( -5.0218715343872579E-008,  1.0175996386221659E-007) ( -5.0219097384200363E-008,  1.0175993388013973E-007) ( 0.95091385412918961     , -1.2208203379817688     )
   14.951004999999999        1.2500000000000000     
 (  14.497640560453165     ,  6.0939760639056955     ) (  14.980972688532551     ,  7.0645055966477699     )
 (-0.85163863076397217     ,  1.0942405243721234     ) ( -5.4711186739594526E-008,  9.9246059158986208E-008) ( -5.4711584626948761E-008,  9.9246027635157733E-008) (  1.0176173089748710     , -1.1672765603541271     )
   15.000999999999998        1.2500000000000000     
 (  14.639204843175008     ,  6.2022273954814562     ) (  15.117857962671739     ,  7.1873082581787324     )
 (-0.91769294544408642     ,  1.0461475925967012     ) ( -5.9213126051757395E-008,  9.6618181640409351E-008) ( -5.9213539774237948E-008,  9.6618149046116494E-008) (  1.0839525416329141     , -1.1118696888440618     )
   15.050994999999999        1.2500000000000000     
 (  14.781099263986826     ,  6.3122097418013938     ) (  15.254719870834396     ,  7.3118199501955896     )
 (-0.98362175245831396     , 0.99621743928909989     ) ( -6.3721399757719077E-008,  9.3875440782646128E-008) ( -6.3721829413223073E-008,  9.3875406046997268E-008) (  1.1498574520518658     , -1.0546066436278874     )
   15.100989999999998        1.2500000000000000     
 (  14.923287173305049     ,  6.4239316821916477     ) (  15.391518372242221     ,  7.4380331860818405     )
 ( -1.0493675579661708     , 0.94444329082326395     ) ( -6.8232784395328683E-008,  9.1017020556547571E-008) ( -6.8233231207848800E-008,  9.1016984152758152E-008) (  1.2152711211345293     ,-0.99549675371197321     )
   15.150984999999999        1.2500000000000000     
 (  15.065732529742531     ,  6.5374015095188289     ) (  15.528214857906676     ,  7.5659401673612292     )
 ( -1.1148723932230693     , 0.89082012731467974     ) ( -7.2744099000549335E-008,  8.8042212979495682E-008) ( -7.2744563838246804E-008,  8.8042174799263000E-008) (  1.2801328002805645     ,-0.93455216065542979     )
   15.200979999999998        1.2500000000000000     
 (  15.208397036337802     ,  6.6526243036013399     ) (  15.664769825482225     ,  7.6955298498268379     )
 ( -1.1800767550244351     , 0.83534426407603657     ) ( -7.7251956700439650E-008,  8.4950393546928988E-008) ( -7.7252439788438861E-008,  8.4950353887367002E-008) (  1.3443801605546257     ,-0.87178686810913841     )
   15.250974999999999        1.2500000000000000     
 (  15.351242948530404     ,  6.7696045741710469     ) (  15.801145275193907     ,  7.8267890467478871     )
 ( -1.2449201033595587     , 0.77801551321707996     ) ( -8.1753010470390404E-008,  8.1741056807569942E-008) ( -8.1753513119794056E-008,  8.1741014750720909E-008) (  1.4079523837704990     ,-0.80721798422260482     )
   15.300969999999998        1.2500000000000000     
 (  15.494231270142238     ,  6.8883445447641689     ) (  15.937302572280094     ,  7.9597039608226501     )
 ( -1.3093422831083092     , 0.71883478644977328     ) ( -8.6243769322588313E-008,  7.8413831825379171E-008) ( -8.6244288395034965E-008,  7.8413787641415896E-008) (  1.4707878954966074     ,-0.74086494648148815     )
   15.350964999999999        1.2500000000000000     
 (  15.637323314696895     ,  7.0088452170060123     ) (  16.073204043864582     ,  8.0942566450715265     )
 ( -1.3732812277298714     , 0.65780548830526686     ) ( -9.0720822968504445E-008,  7.4968374461508079E-008) ( -9.0721364769287571E-008,  7.4968328300184068E-008) (  1.5328263605686665     ,-0.67274923507331641     )
   15.400959999999998        1.2500000000000000     
 (  15.780478911908002     ,  7.1311055480478007     ) (  16.208812601519394     ,  8.2304294748912969     )
 ( -1.4366745786081250     , 0.59493346051715590     ) ( -9.5180558005793661E-008,  7.1404548835387155E-008) ( -9.5181119369390041E-008,  7.1404500434835490E-008) (  1.5940073212449537     ,-0.60289527027071332     )
   15.450954999999999        1.2500000000000000     
 (  15.923658255496374     ,  7.2551217327204451     ) (  16.344091437698168     ,  8.3682003124713393     )
 ( -1.4994587105540942     , 0.53022664125546137     ) ( -9.9619367670335636E-008,  6.7722285316534694E-008) ( -9.9619949264813272E-008,  6.7722234616500653E-008) (  1.6542701319580810     ,-0.53132989023629951     )
   15.500949999999998        1.2500000000000000     
 (  16.066822271826005     ,  7.3808895463967135     ) (  16.479006745624972     ,  8.5075471326918315     )
 ( -1.5615712096772691     , 0.46369569336827626     ) ( -1.0403364329961359E-007,  6.3921678930274625E-008) ( -1.0403424854043807E-007,  6.3921625847749231E-008) (  1.7135570015584374     ,-0.45808313253593413     )
   15.550944999999999        1.2500000000000000     
 (  16.209929030198364     ,  7.5084018798587717     ) (  16.613522029340235     ,  8.6484452781095129     )
 ( -1.6229475187212277     , 0.39535311904066067     ) ( -1.0841969773312523E-007,  6.0002890696759041E-008) ( -1.0842032595278059E-007,  6.0002835106940155E-008) (  1.7718087639741948     ,-0.38318553513377335     )
   15.600939999999998        1.2500000000000000     
 (  16.352939785887880     ,  7.6376493951672293     ) (  16.747605247040514     ,  8.7908674569154641     )
 ( -1.6835239222996594     , 0.32521490930430513     ) ( -1.1277380236600747E-007,  5.5966267083019686E-008) ( -1.1277445303257313E-007,  5.5966209365004063E-008) (  1.8289683798230960     ,-0.30667207099761123     )
   15.650934999999999        1.2500000000000000     
 (  16.495814644651261     ,  7.7686218357038150     ) (  16.881224745573615     ,  8.9347857934332016     )
 ( -1.7432364465828551     , 0.25329846265096756     ) ( -1.1709224798186133E-007,  5.1812262116750262E-008) ( -1.1709292476015952E-007,  5.1812201698224984E-008) (  1.8849792139240482     ,-0.22857931208743740     )
   15.700930000000000        1.2500000000000000     
 (  16.638512754690836     ,  7.9013048551523948     ) (  17.014349482351463     ,  9.0801690253559748     )
 ( -1.8020206743455129     , 0.17962424491295834     ) ( -1.2137126838338760E-007,  4.7541431267029569E-008) ( -1.2137196993973419E-007,  4.7541367553906512E-008) (  1.9397870866690297     ,-0.14894509849869342     )
   15.750924999999999        1.2500000000000000     
 (  16.780995924035135     ,  8.0356846706775897     ) (  17.146951198046022     ,  9.2269857712727799     )
 ( -1.8598131452436466     , 0.10421575610358566     ) ( -1.2560711313794607E-007,  4.3154535487600980E-008) ( -1.2560784121179230E-007,  4.3154468850826544E-008) (  1.9933385620630728     , -6.7811558711595790E-002)
   15.800920000000000        1.2500000000000000     
 (  16.923224723790327     ,  8.1717432338316165     ) (  17.279001761577579     ,  9.3752024603322219     )
 ( -1.9165491012544533     ,  2.7097752058043271E-002) ( -1.2979596777709655E-007,  3.8652402521331200E-008) ( -1.2979672351093026E-007,  3.8652333259344036E-008) (  2.0455808457659201     ,  1.4779092667332542E-002)
   15.850914999999999        1.2500000000000000     
 (  17.065161455246688     ,  8.3094615698449150     ) (  17.410476017753769     ,  9.5247833758086617     )
 ( -1.9721660871987032     , -5.1700786832104079E-002) ( -1.3393404724564617E-007,  3.4036059030490589E-008) ( -1.3393483079074436E-007,  3.4035986299411784E-008) (  2.0964631403378720     ,  9.8780654583275965E-002)
   15.900910000000000        1.2500000000000000     
 (  17.206768043699562     ,  8.4488179582132545     ) (  17.541350353178501     ,  9.6756915730042063     )
 ( -2.0266004275756786     ,-0.13214988307002262     ) ( -1.3801758314006223E-007,  2.9306584691570752E-008) ( -1.3801839516592194E-007,  2.9306509179817056E-008) (  2.1459366905302293     , 0.18414697910650113     )
   15.950904999999999        1.2500000000000000     
 (  17.348008205928856     ,  8.5897894988878232     ) (  17.671603071341867     ,  9.8278897643514256     )
 ( -2.0797904453256342     ,-0.21421547716132527     ) ( -1.4204279106178005E-007,  2.4465316009189288E-008) ( -1.4204363414422416E-007,  2.4465236041549080E-008) (  2.1939546634043361     , 0.27082818290481386     )
   16.000900000000001        1.2500000000000000     
 (  17.488846078582295     ,  8.7323500245869017     ) (  17.801213711261529     ,  9.9813377336919302     )
 ( -2.1316737623164648     ,-0.29786250216061688     ) ( -1.4600592642144565E-007,  1.9513598389385552E-008) ( -1.4600680220200901E-007,  1.9513515559298227E-008) (  2.2404716134249982     , 0.35877426055408296     )
   16.050895000000001        1.2500000000000000     
 (  17.629247539228615     ,  8.8764727353934401     ) (  17.930165469857315     ,  10.135995301183089     )
 ( -2.1821904734774078     ,-0.38305184470246589     ) ( -1.4990325619681861E-007,  1.4453024655041620E-008) ( -1.4990416253195072E-007,  1.4452938071114278E-008) (  2.2854442200451373     , 0.44793185206979969     )
   16.100890000000000        1.2500000000000000     
 (  17.769179730414908     ,  9.0221276274040711     ) (  18.058443088841830     ,  10.291821375230263     )
 ( -2.2312810588750853     ,-0.46974265272271620     ) ( -1.5373108016670618E-007,  9.2853027867828754E-009) ( -1.5373202200918580E-007,  9.2852122838114550E-009) (  2.3288317305692789     , 0.53824710873289838     )
   16.150885000000002        1.2500000000000000     
 (  17.908609910672713     ,  9.1692836927870385     ) (  18.186032726300279     ,  10.448773404634807     )
 ( -2.2788858696335375     ,-0.55789166102303145     ) ( -1.5748572048048360E-007,  4.0122364485436880E-009) ( -1.5748669402281082E-007,  4.0121419126073860E-009) (  2.3705943354546957     , 0.62966442877499507     )
   16.200880000000002        1.2500000000000000     
 (  18.047508748439565     ,  9.3179076595556012     ) (  18.312923888098723     ,  10.606807765746748     )
 ( -2.3249492075012457     ,-0.64745327571717926     ) ( -1.6116359774917830E-007, -1.3642434449349209E-009) ( -1.6116460715855507E-007, -1.3643422447772248E-009) (  2.4106954289098601     , 0.72212756167401237     )
   16.250875000000001        1.2500000000000000     
 (  18.185847863254349     ,  9.4679649195387459     ) (  18.439108766356021     ,  10.765881052807917     )
 ( -2.3694141462130949     ,-0.73837888136733187     ) ( -1.6476105544757567E-007, -6.8420066916885841E-009) ( -1.6476210040157765E-007, -6.8421096381520352E-009) (  2.4490997346819388     , 0.81557779717656520     )
   16.300870000000000        1.2500000000000000     
 (  18.323598875048294     ,  9.6194185117131692     ) (  18.564580450044897     ,  10.925949209550753     )
 ( -2.4122267308483138     ,-0.83061834995440975     ) ( -1.6827464325536052E-007, -1.2418820018067988E-008) ( -1.6827572523468175E-007, -1.2418927436429365E-008) (  2.4857754204743294     , 0.90995618947726153     )
   16.350865000000002        1.2500000000000000     
 (  18.460738080659926     ,  9.7722303637520547     ) (  18.689335919961486     ,  11.086967650167420     )
 ( -2.4533343713173665     ,-0.92411935001606771     ) ( -1.7170082781445467E-007, -1.8092379060928750E-008) ( -1.7170194876114373E-007, -1.8092491338881231E-008) (  2.5206915531010701     ,  1.0052036503259119     )
   16.400860000000002        1.2500000000000000     
 (  18.597241613353859     ,  9.9263601666562078     ) (  18.813373732279665     ,  11.248890869574387     )
 ( -2.4926852799854160     , -1.0188262800644905     ) ( -1.7503627461735249E-007, -2.3860143427724665E-008) ( -1.7503743569486567E-007, -2.3860260241954339E-008) (  2.5538207079374886     ,  1.1012582744124988     )
   16.450855000000001        1.2500000000000000     
 (  18.733089326799661     ,  10.081767679065090     ) (  18.936695770303036     ,  11.411674840340181     )
 ( -2.5302314650374775     , -1.1146832648730354     ) ( -1.7827766562777927E-007, -2.9719564839389505E-008) ( -1.7827886775703607E-007, -2.9719686603259631E-008) (  2.5851374866954999     ,  1.1980591982033781     )
   16.500850000000000        1.2500000000000000     
 (  18.868262608048546     ,  10.238410023206889     ) (  19.059305768911223     ,  11.575275029135318     )
 ( -2.5659257611426831     , -1.2116307398010835     ) ( -1.8142175087561005E-007, -3.5667884834389923E-008) ( -1.8142299626560439E-007, -3.5668010818338041E-008) (  2.6146185843408909     ,  1.2955446490853177     )
   16.550845000000002        1.2500000000000000     
 (  19.002743925594697     ,  10.396243515790051     ) (  19.181209581649696     ,  11.739646301216119     )
 ( -2.5997219989223219     , -1.3096083668125429     ) ( -1.8446534406919551E-007, -4.1702278754835781E-008) ( -1.8446663378462618E-007, -4.1702410090471559E-008) (  2.6422428665374813     ,  1.3936518390792816     )
   16.600840000000002        1.2500000000000000     
 (  19.136519882858341     ,  10.555223652481542     ) (  19.302417342448496     ,  11.904744464850657     )
 ( -2.6315780246512928     , -1.4085541151695684     ) ( -1.8740536897233732E-007, -4.7819828784594852E-008) ( -1.8740670381447262E-007, -4.7819966613550482E-008) (  2.6679919924050717     ,  1.4923184587198697     )
   16.650835000000001        1.2500000000000000     
 (  19.269578677939613     ,  10.715304291630158     ) (  19.422939508587838     ,  12.070526926574777     )
 ( -2.6614529798457092     , -1.5084039075459450     ) ( -1.9023890202104213E-007, -5.4017469835321215E-008) ( -1.9024028372386632E-007, -5.4017613330294972E-008) (  2.6918500192234878     ,  1.5914825987024230     )
   16.700830000000000        1.2500000000000000     
 (  19.401911221639061     ,  10.876439970086619     ) (  19.542789851160578     ,  12.236949835601530     )
 ( -2.6893082309434719     , -1.6090918758979524     ) ( -1.9296304937846324E-007, -6.0292063509118429E-008) ( -1.9296448035540833E-007, -6.0292212530280936E-008) (  2.7138030391783321     ,  1.6910805820784161     )
   16.750825000000003        1.2500000000000000     
 (  19.533510553388119     ,  11.038583110174843     ) (  19.661984078076472     ,  12.403971411991655     )
 ( -2.7151076778362881     , -1.7105519778557883     ) ( -1.9557501174928324E-007, -6.6640377295187817E-008) ( -1.9557649273431117E-007, -6.6640532007657010E-008) (  2.7338391941541977     ,  1.7910503671524083     )
   16.800820000000002        1.2500000000000000     
 (  19.664373440228506     ,  11.201685924238550     ) (  19.780541440736716     ,  12.571550210311710     )
 ( -2.7388184244504243     , -1.8127153937213545     ) ( -1.9807219833261221E-007, -7.3059065850062073E-008) ( -1.9807372754759602E-007, -7.3059227909514421E-008) (  2.7519496586808789     ,  1.8913297015775681     )
   16.850815000000001        1.2500000000000000     
 (  19.794498214208570     ,  11.365700663523917     ) (  19.898482607313586     ,  12.739646585703492     )
 ( -2.7604077582013042     , -1.9155132154511156     ) ( -2.0045191685105258E-007, -7.9544704771963329E-008) ( -2.0045350365097545E-007, -7.9544872418159229E-008) (  2.7681261267029300     ,  1.9918561057975790     )
   16.900810000000000        1.2500000000000000     
 (  19.923875705860066     ,  11.530578364772602     ) (  20.015826128438480     ,  12.908220957440085     )
 ( -2.7798390572621905     , -2.0188746231555434     ) ( -2.0271251633811143E-007, -8.6094041057472767E-008) ( -2.0271240894672409E-007, -8.6094045497777964E-008) (  2.7823630240958948     ,  2.0925693034981983     )
   16.950805000000003        1.2500000000000000     
 (  20.052530312613747     ,  11.696273185457336     ) (  20.132604106404344     ,  13.077236586835117     )
 ( -2.7971036185502882     , -2.1227303143966458     ) ( -2.0485026056213696E-007, -9.2703139195643588E-008) ( -2.0485014892094535E-007, -9.2703143661094163E-008) (  2.7946591490690045     ,  2.1934078555092782     )
   17.000800000000002        1.2500000000000000     
 (  20.180459244220451     ,  11.862735326324156     ) (  20.248840679127092     ,  13.246656555006291     )
 ( -2.8121689274026154     , -2.2270075238526905     ) ( -2.0686357544271377E-007, -9.9368557418732765E-008) ( -2.0686345889152148E-007, -9.9368561919717536E-008) (  2.8050121022115611     ,  2.2943122588958569     )
   17.050795000000001        1.2500000000000000     
 (  20.307671623227229     ,  12.029918009208853     ) (  20.364563906335235     ,  13.416447268070312     )
 ( -2.8250137742009587     , -2.3316349626081356     ) ( -2.0875039621204495E-007, -1.0608664969074593E-007) ( -2.0875027458521639E-007, -1.0608665420583051E-007) (  2.8134222928381760     ,  2.3952230944922031     )
   17.100790000000003        1.2500000000000000     
 (  20.434180204081013     ,  12.197772953587302     ) (  20.479805453576770     ,  13.586574013862343     )
 ( -2.8356199447119317     , -2.4365387938966858     ) ( -2.1050871530214268E-007, -1.1285362074503271E-007) ( -2.1050858876501894E-007, -1.1285362529766693E-007) (  2.8198927083081502     ,  2.4960806485592095     )
   17.150785000000003        1.2500000000000000     
 (  20.559999684387346     ,  12.366253563153325     ) (  20.594597601231911     ,  13.757006271694868     )
 ( -2.8439716830673212     , -2.5416465404720303     ) ( -2.1213672562046558E-007, -1.1966574624001331E-007) ( -2.1213659437102960E-007, -1.1966575083445377E-007) (  2.8244275705296755     ,  2.5968289147850254     )
   17.200779999999998        1.2500000000000000     
 (  20.685147858859025     ,  12.535314688975319     ) (  20.708974093773865     ,  13.927715123336917     )
 ( -2.8500547940062759     , -2.6468855129284061     ) ( -2.1363256805546556E-007, -1.2651923373613092E-007) ( -2.1363243147765722E-007, -1.2651923827759529E-007) (  2.8270315541222915     ,  2.6974111825669294     )
   17.250774999999997        1.2500000000000000     
 (  20.809645360557290     ,  12.704910173353911     ) (  20.822971175726245     ,  14.098671729607574     )
 ( -2.8538590272512989     , -2.7521818372827358     ) ( -2.1499470873504307E-007, -1.3341017803014126E-007) ( -2.1499456544019660E-007, -1.3341018258695047E-007) (  2.8277128946891774     ,  2.7977710084306944     )
   17.300770000000000        1.2500000000000000     
 (  20.933514943984282     ,  12.874996834976328     ) (  20.936626338129354     ,  14.269850384166229     )
 ( -2.8553761434645528     , -2.8574637382873180     ) ( -2.1622167730838528E-007, -1.4033479935690425E-007) ( -2.1622152870220304E-007, -1.4033480392279294E-007) (  2.8264802538795655     ,  2.8978551387715163     )
   17.350764999999999        1.2500000000000000     
 (  21.056782135340061     ,  13.045531022732142     ) (  21.049977849877120     ,  14.441228234612057     )
 ( -2.8545992389525341     , -2.9626572448164294     ) ( -2.1731194183171735E-007, -1.4728913615221191E-007) ( -2.1731178693726324E-007, -1.4728914073457802E-007) (  2.8233426087234732     ,  2.9976101627311214     )
   17.400759999999998        1.2500000000000000     
 (  21.179474778850409     ,  13.216471574492290     ) (  21.163064808846958     ,  14.612783170601961     )
 ( -2.8515250541969785     , -3.0676902101292711     ) ( -2.1826429701890908E-007, -1.5426930133757553E-007) ( -2.1826413618631712E-007, -1.5426930586219599E-007) (  2.8183113600785354     ,  3.0969841919311309     )
   17.450755000000001        1.2500000000000000     
 (  21.301623801313593     ,  13.387778145363475     ) (  21.275928987437766     ,  14.784494763515715     )
 ( -2.8461529472831972     , -3.1724907645794946     ) ( -2.1907760844877582E-007, -1.6127138344978482E-007) ( -2.1907744014107747E-007, -1.6127138786675139E-007) (  2.8113990903754038     ,  3.1959263201947659     )
   17.500750000000000        1.2500000000000000     
 (  21.423261449810592     ,  13.559413079507554     ) (  21.388612240904973     ,  14.956346653607289     )
 ( -2.8384828634887169     , -3.2769881308649684     ) ( -2.1975075330552274E-007, -1.6829146379106339E-007) ( -2.1975057865940347E-007, -1.6829146821900885E-007) (  2.8026189321509252     ,  3.2943865806878891     )
   17.550744999999999        1.2500000000000000     
 (  21.544422960788125     ,  13.731339268808039     ) (  21.501156294487121     ,  15.128323316776555     )
 ( -2.8285185021517552     , -3.3811111221722014     ) ( -2.2028285888825667E-007, -1.7532564954296177E-007) ( -2.2028267735277790E-007, -1.7532565396866940E-007) (  2.7919850095344261     ,  3.3923181713148303     )
   17.600739999999998        1.2500000000000000     
 (  21.665145607000181     ,  13.903521271785428     ) (  21.613605905289830     ,  15.300411444508770     )
 ( -2.8162647066775293     , -3.4847895070578421     ) ( -2.2067303029328234E-007, -1.8236999164055324E-007) ( -2.2067284149424178E-007, -1.8236999594556521E-007) (  2.7795120137820932     ,  3.4896733434768201     )
   17.650735000000001        1.2500000000000000     
 (  21.785468122309194     ,  14.075927483808323     ) (  21.726004417928227     ,  15.472601150144669     )
 ( -2.8017295818224226     , -3.5879554317047435     ) ( -2.2092059749068893E-007, -1.8942063276105182E-007) ( -2.2092040071298719E-007, -1.8942063699297213E-007) (  2.7652155967613306     ,  3.5864069377815597     )
   17.700730000000000        1.2500000000000000     
 (  21.905431647067598     ,  14.248525844364361     ) (  21.838396438356629     ,  15.644882356378258     )
 ( -2.7849212795693106     , -3.6905387410603900     ) ( -2.2102489320521503E-007, -1.9647360108336562E-007) ( -2.2102468823109845E-007, -1.9647360521426586E-007) (  2.7491122674128179     ,  3.6824734927137666     )
   17.750724999999999        1.2500000000000000     
 (  22.025080087918376     ,  14.421288871658026     ) (  21.950827352573409     ,  15.817249845979029     )
 ( -2.7658516104096353     , -3.7924741386323659     ) ( -2.2098532936604581E-007, -2.0352509895175994E-007) ( -2.2098511622929887E-007, -2.0352510296614480E-007) (  2.7312180285518224     ,  3.7778307707214762     )
   17.800719999999998        1.2500000000000000     
 (  22.144457118050116     ,  14.594189362648768     ) (  22.063343420644348     ,  15.989698976653949     )
 ( -2.7445328076645241     , -3.8936946078141141     ) ( -2.2080154340166274E-007, -2.1057124548467527E-007) ( -2.2080132244705059E-007, -2.1057124983237358E-007) (  2.7115510327078804     ,  3.8724369292620748     )
   17.850715000000001        1.2500000000000000     
 (  22.263608986873546     ,  14.767203958505355     ) (  22.175987947439335     ,  16.162228816657517     )
 ( -2.7209796929445544     , -3.9941354355011556     ) ( -2.2047309235424226E-007, -2.1760818640478213E-007) ( -2.2047286222171434E-007, -2.1760819018965359E-007) (  2.6901275197558516     ,  3.9662513962597634     )
   17.900710000000000        1.2500000000000000     
 (  22.382583466784201     ,  14.940311346217564     ) (  22.288808869434543     ,  16.334838362428883     )
 ( -2.6952076833861902     , -4.0937334639134226     ) ( -2.1999975951701391E-007, -2.2463219145997108E-007) ( -2.1999951985210830E-007, -2.2463219501011362E-007) (  2.6669661092412915     ,  4.0592340527416484     )
   17.950704999999999        1.2500000000000000     
 (  22.501429773415687     ,  15.113491888948806     ) (  22.401850476909708     ,  16.507531375649645     )
 ( -2.6672348878889265     , -4.1924254040504598     ) ( -2.1938134368204104E-007, -2.3163941458732356E-007) ( -2.1938109523482442E-007, -2.3163941799472895E-007) (  2.6420840694998882     ,  4.1513477832886281     )
   18.000699999999998        1.2500000000000000     
 (  22.620198446638700     ,  15.286729961147630     ) (  22.515159101455843     ,  16.680312343962704     )
 ( -2.6370794294029487     , -4.2901500691423431     ) ( -2.1861766634987751E-007, -2.3862611870634862E-007) ( -2.1861740732935158E-007, -2.3862612275249928E-007) (  2.6154993206549073     ,  4.2425536714484027     )
   18.050695000000001        1.2500000000000000     
 (  22.738940130747501     ,  15.460011689459872     ) (  22.628779923515658     ,  16.853187463491071     )
 ( -2.6047622869505531     , -4.3868480532721241     ) ( -2.1770883284748601E-007, -2.4558863906674403E-007) ( -2.1770856445162914E-007, -2.4558864203453535E-007) (  2.5872305648177520     ,  4.3328165268416541     )
   18.100690000000000        1.2500000000000000     
 (  22.857707403890622     ,  15.633325862528867     ) (  22.742757527787770     ,  17.026167181675657     )
 ( -2.5703034456088969     , -4.4824604011673124     ) ( -2.1665469518486119E-007, -2.5252324504280037E-007) ( -2.1665441574899066E-007, -2.5252324776533039E-007) (  2.5572948186713749     ,  4.4221011321392227     )
   18.150684999999999        1.2500000000000000     
 (  22.976552765830654     ,  15.806664565938988     ) (  22.857136520799791     ,  17.199262811501210     )
 ( -2.5337252699857600     , -4.5769292261263841     ) ( -2.1545536156749630E-007, -2.5942627377846348E-007) ( -2.1545507216882067E-007, -2.5942627623812005E-007) (  2.5257095920476655     ,  4.5103730059565068     )
   18.200679999999998        1.2500000000000000     
 (  23.095530274645188     ,  15.980022483501941     ) (  22.971961824159408     ,  17.372486330799966     )
 ( -2.4950509408753319     , -4.6701996367462915     ) ( -2.1411105782092154E-007, -2.6629417847438414E-007) ( -2.1411075736218647E-007, -2.6629418153642333E-007) (  2.4924928884560793     ,  4.5975985613394101     )
   18.250675000000001        1.2500000000000000     
 (  23.214693684263221     ,  16.153396277582871     ) (  23.087276423351440     ,  17.545853779730496     )
 ( -2.4543045056781927     , -4.7622156048041937     ) ( -2.1262195737605082E-007, -2.7312330587769382E-007) ( -2.1262164443455015E-007, -2.7312330947824379E-007) (  2.4576630869242955     ,  4.6837456504613870     )
   18.300670000000000        1.2500000000000000     
 (  23.334097258277719     ,  16.326785978393705     ) (  23.203123611334746     ,  17.719382822248566     )
 ( -2.4115107580554191     , -4.8529239892201508     ) ( -2.1098827037374358E-007, -2.7991013789510508E-007) ( -2.1098794550302147E-007, -2.7991013949625241E-007) (  2.4212351893183377     ,  4.7687825204015901     )
   18.350664999999999        1.2500000000000000     
 (  23.453796644879471     ,  16.500194818436150     ) (  23.319545630656187     ,  17.893092259937653     )
 ( -2.3666948337127978     , -4.9422721320707375     ) ( -2.0921037943192992E-007, -2.8665109886673049E-007) ( -2.0921004217444291E-007, -2.8665109997632062E-007) (  2.3832279664393128     ,  4.8526766061004842     )
   18.400659999999998        1.2500000000000000     
 (  23.573845787631367     ,  16.673628371111477     ) (  23.436584111625081     ,  18.067003717781645     )
 ( -2.3198826902917822     , -5.0302092728228587     ) ( -2.0728857707739250E-007, -2.9334272183583038E-007) ( -2.0728822704321072E-007, -2.9334272263150068E-007) (  2.3436566018100291     ,  4.9353983640288863     )
   18.450655000000001        1.2500000000000000     
 (  23.694299851255384     ,  16.847095485638622     ) (  23.554279669264922     ,  18.241139831515646     )
 ( -2.2711001902928025     , -5.1166857743283725     ) ( -2.0522318191696852E-007, -2.9998159299832285E-007) ( -2.0522281901640114E-007, -2.9998159335069279E-007) (  2.3025375092890630     ,  5.0169180767946244     )
   18.500650000000000        1.2500000000000000     
 (  23.815212940816490     ,  17.020607298006919     ) (  23.672671374252950     ,  18.415525916104549     )
 ( -2.2203745596763826     , -5.2016521914013127     ) ( -2.0301472580528111E-007, -3.0656419860169848E-007) ( -2.0301434905619165E-007, -3.0656419840812270E-007) (  2.2598864633805880     ,  5.0972057597424438     )
   18.550644999999999        1.2500000000000000     
 (  23.936639505795878     ,  17.194178184299705     ) (  23.791798215221380     ,  18.590188940851181     )
 ( -2.1677327230100341     , -5.2850611470432840     ) ( -2.0066364432717718E-007, -3.1308716012291928E-007) ( -2.0066325370232329E-007, -3.1308715972132153E-007) (  2.2157189331936920     ,  5.1762318848770423     )
   18.600639999999999        1.2500000000000000     
 (  24.058634460819441     ,  17.367823877545987     ) (  23.911698543201197     ,  18.765155814175557     )
 ( -2.1132024233929423     , -5.3668652265962828     ) ( -1.9817041345463556E-007, -3.1954702196161175E-007) ( -1.9817000764903741E-007, -3.1954702071228527E-007) (  2.1700489878035154     ,  5.2539675694308983     )
   18.650635000000001        1.2500000000000000     
 (  24.181249507326953     ,  17.541565593133942     ) (  24.032408535908882     ,  18.940457778553281     )
 ( -2.0568105805145036     , -5.4470200774007882     ) ( -1.9553559691695306E-007, -3.2594052877694751E-007) ( -1.9553517588141688E-007, -3.2594052691987283E-007) (  2.1228921612556282     ,  5.3303848094879456     )
   18.700630000000000        1.2500000000000000     
 (  24.304538474531494     ,  17.715424968995332     ) (  24.153963447853553     ,  19.116126312445100     )
 ( -1.9985847738668823     , -5.5254801483102618     ) ( -1.9275966428363813E-007, -3.3226425302130559E-007) ( -1.9275922932800464E-007, -3.3226425053675080E-007) (  2.0742609886994012     ,  5.4054549467583364     )
   18.750624999999999        1.2500000000000000     
 (  24.428553069518777     ,  17.889426706025322     ) (  24.276398291761595     ,  19.292194253928624     )
 ( -1.9385537369251498     , -5.6022003897980941     ) ( -1.8984327760280811E-007, -3.3851479395835515E-007) ( -1.8984282320951805E-007, -3.3851479089580255E-007) (  2.0241702977277005     ,  5.4791486670149476     )
   18.800620000000002        1.2500000000000000     
 (  24.553343342528304     ,  18.063598898425706     ) (  24.399745600031228     ,  19.468696753035662     )
 ( -1.8767449039260609     , -5.6771389816997404     ) ( -1.8678708981082641E-007, -3.4468890725311431E-007) ( -1.8678661866999314E-007, -3.4468890338591307E-007) (  1.9726333743606170     ,  5.5514388487917250     )
   18.850615000000001        1.2500000000000000     
 (  24.678960336983543     ,  18.237972478607173     ) (  24.524037334452885     ,  19.645669294804250     )
 ( -1.8131858851257152     , -5.7502534535988419     ) ( -1.8359168242212014E-007, -3.5078326275819713E-007) ( -1.8359119492580752E-007, -3.5078325833507526E-007) (  1.9196629738945601     ,  5.6222958211186569     )
   18.900610000000000        1.2500000000000000     
 (  24.805453100667137     ,  18.412578988772427     ) (  24.649304427583427     ,  19.823149865488880     )
 ( -1.7479052180796715     , -5.8215009174279047     ) ( -1.8025770881963090E-007, -3.5679450160347331E-007) ( -1.8025720243192210E-007, -3.5679449615078786E-007) (  1.8652702707159179     ,  5.6916922817383409     )
   18.950604999999999        1.2500000000000000     
 (  24.932868365144000     ,  18.587454670615749     ) (  24.775575079487066     ,  20.001177671249483     )
 ( -1.6809310349834101     , -5.8908401775676680     ) ( -1.7678590161090519E-007, -3.6271927870194106E-007) ( -1.7678537770805090E-007, -3.6271927231792150E-007) (  1.8094689102608150     ,  5.7595981981309299     )
   19.000600000000002        1.2500000000000000     
 (  25.061252299204515     ,  18.762637003589706     ) (  24.902877423003471     ,  20.179791886619068     )
 ( -1.6122898145629978     , -5.9582309593606917     ) ( -1.7317690286926458E-007, -3.6855434543063270E-007) ( -1.7317635850414259E-007, -3.6855433820908893E-007) (  1.7522695488852458     ,  5.8259852508141998     )
   19.050595000000001        1.2500000000000000     
 (  25.190651572460240     ,  18.938165627541757     ) (  25.031238904388900     ,  20.359034574667227     )
 ( -1.5420116107511963     , -6.0236318714422703     ) ( -1.6943157805820700E-007, -3.7429632279120359E-007) ( -1.6943101490818478E-007, -3.7429631449102858E-007) (  1.6936843891962441     ,  5.8908246866874059     )
   19.100590000000000        1.2500000000000000     
 (  25.321107259641646     ,  19.114084160145758     ) (  25.160682829727612     ,  20.538948412151480     )
 ( -1.4701219881379730     , -6.0870035393154014     ) ( -1.6555056783406015E-007, -3.7994188639753100E-007) ( -1.6554998330937541E-007, -3.7994187733056295E-007) (  1.6337240563945352     ,  5.9540852899737278     )
   19.150585000000000        1.2500000000000000     
 (  25.452662899133092     ,  19.290436570246719     ) (  25.291233855738476     ,  20.719577907383911     )
 ( -1.3966508348196123     , -6.1483061877514276     ) ( -1.6153477617574454E-007, -3.8548772976090602E-007) ( -1.6153417164507280E-007, -3.8548771932916296E-007) (  1.5724006396971202     ,  6.0157389446212255     )
   19.200580000000002        1.2500000000000000     
 (  25.585357177304910     ,  19.467270476277569     ) (  25.422913685987080     ,  20.900966328420434     )
 ( -1.3216244307525833     , -6.2074990712352189     ) ( -1.5738503711440652E-007, -3.9093044434803106E-007) ( -1.5738440958149212E-007, -3.9093043279216422E-007) (  1.5097249367425283     ,  6.0757532692751148     )
   19.250575000000001        1.2500000000000000     
 (  25.719229456156128     ,  19.644635146196961     ) (  25.555741830283097     ,  21.083161766444118     )
 ( -1.2450713949775467     , -6.2645439687641247     ) ( -1.5310211265233636E-007, -3.9626668912781700E-007) ( -1.5310146194234511E-007, -3.9626667643221704E-007) (  1.4457061275872376     ,  6.1340981468804250     )
   19.300570000000000        1.2500000000000000     
 (  25.854315191534752     ,  19.822581376190744     ) (  25.689738438726074     ,  21.266209690988020     )
 ( -1.1670198627984343     , -6.3193995958344678     ) ( -1.4868696391623698E-007, -4.0149304943983978E-007) ( -1.4868629002581545E-007, -4.0149303527489605E-007) (  1.3803567958720311     ,  6.1907414565386869     )
   19.350565000000000        1.2500000000000000     
 (  25.990649359301475     ,  20.001162736822671     ) (  25.824919289455373     ,  21.450158913868435     )
 ( -1.0874972945240338     , -6.3720273427787992     ) ( -1.4414054770117638E-007, -4.0660605797755173E-007) ( -1.4413985085676136E-007, -4.0660604254873404E-007) (  1.3136874826347580     ,  6.2456503454061618     )
   19.400560000000002        1.2500000000000000     
 (  26.128263665841832     ,  20.180433546396600     ) (  25.961301404596224     ,  21.635057704488144     )
 ( -1.0065318657988915     , -6.4223864236480566     ) ( -1.3946376023658950E-007, -4.1160230758921529E-007) ( -1.3946303623139914E-007, -4.1160229081134989E-007) (  1.2457086744789374     ,  6.2987922446668243     )
   19.450555000000001        1.2500000000000000     
 (  26.267188880918617     ,  20.360451980290019     ) (  26.098897681437027     ,  21.820957221810943     )
 (-0.92415272446807739     , -6.4704378162177667     ) ( -1.3465777395284265E-007, -4.1647827431334181E-007) ( -1.3465702476586574E-007, -4.1647825581941947E-007) (  1.1764323132482557     ,  6.3501330767810940     )
   19.500550000000000        1.2500000000000000     
 (  26.407452842368137     ,  20.541276970234886     ) (  26.237721445034200     ,  22.007907069553283     )
 (-0.84038799499964223     , -6.5161411851153579     ) ( -1.2972356225663524E-007, -4.2123053778131146E-007) ( -1.2972278584080688E-007, -4.2123051789932526E-007) (  1.1058686723731803     ,  6.3996389193147989     )
   19.550545000000000        1.2500000000000000     
 (  26.549081505402484     ,  20.722968971220642     ) (  26.377781786509885     ,  22.195959428152179     )
 (-0.75526643667383919     , -6.5594550334798596     ) ( -1.2466218548038983E-007, -4.2585546198268604E-007) ( -1.2466138189499332E-007, -4.2585544042467914E-007) (  1.0340301851745919     ,  6.4472733786797942     )
   19.600540000000002        1.2500000000000000     
 (  26.692097132959773     ,  20.905589968719571     ) (  26.519088689336012     ,  22.385166102354958     )
 (-0.66881704987641932     , -6.6003397871371075     ) ( -1.1947494974419656E-007, -4.3034952092956894E-007) ( -1.1947412034787562E-007, -4.3034949755223490E-007) ( 0.96092865341849665     ,  6.4930010169418839     )
   19.650535000000001        1.2500000000000000     
 (  26.836522126253357     ,  21.089203603532678     ) (  26.661649208558700     ,  22.575579627670493     )
 (-0.58107050959321183     , -6.6387527375538307     ) ( -1.1416295280498251E-007, -4.3470908310990656E-007) ( -1.1416209312536156E-007, -4.3470905736741084E-007) ( 0.88657568475010651     ,  6.5367847949249285     )
   19.700530000000001        1.2500000000000000     
 (  26.982374295906510     ,  21.273877004402031     ) (  26.805467945426905     ,  22.767255658764192     )
 (-0.49205645520431651     , -6.6746536701661565     ) ( -1.0872764235961353E-007, -4.3893048380017628E-007) ( -1.0872675221248713E-007, -4.3893045675019732E-007) ( 0.81098567892959261     ,  6.5785861656857882     )
   19.750525000000000        1.2500000000000000     
 (  27.129669080570370     ,  21.459674577404797     ) (  26.950549453130424     ,  22.960247262145987     )
 (-0.40180626420755161     , -6.7079991766942433     ) ( -1.0317037222760959E-007, -4.4301004069530376E-007) ( -1.0316944948508082E-007, -4.4301001077184647E-007) ( 0.73417280165562748     ,  6.6183677842258737     )
   19.800520000000002        1.2500000000000000     
 (  27.278420014120243     ,  21.646666582578341     ) (  27.096894173505632     ,  23.154609699503293     )
 (-0.31035073369657257     , -6.7387469315583060     ) ( -9.7492467424977550E-008, -4.4694400340340438E-007) ( -9.7491511536558046E-008, -4.4694397218105251E-007) ( 0.65614981412598861     ,  6.6560875120436744     )
   19.850515000000001        1.2500000000000000     
 (  27.428637334448442     ,  21.834920835029422     ) (  27.244502700519533     ,  23.350398887532339     )
 (-0.21772301383616485     , -6.7668539699150632     ) ( -9.1695515891379321E-008, -4.5072865565669411E-007) ( -9.1694528682888335E-008, -4.5072862116260437E-007) ( 0.57693184784036644     ,  6.6917080635829134     )
   19.900510000000001        1.2500000000000000     
 (  27.580329131521832     ,  22.024509497254744     ) (  27.393372802760247     ,  23.547669965307367     )
 (-0.12395677121470618     , -6.7922773084187460     ) ( -8.5781245964982491E-008, -4.5436018905636062E-007) ( -8.5780223311294554E-008, -4.5436015270914988E-007) ( 0.49653646495108650     ,  6.7251863579657059     )
   19.950505000000000        1.2500000000000000     
 (  27.733499231526039     ,  22.215502485531811     ) (  27.543499716946837     ,  23.746480626831630     )
 ( -2.9085037194210253E-002, -6.8149702930359322     ) ( -7.9751215074138937E-008, -4.5783464912990001E-007) ( -7.9750159160286285E-008, -4.5783460988572791E-007) ( 0.41497968362534787     ,  6.7564791223579279     )
   20.000500000000002        1.2500000000000000     
 (  27.888150246870058     ,  22.407974095527280     ) (  27.694877537427111     ,  23.946887854927951     )
 (  6.6854903992466325E-002, -6.8348905560975730     ) ( -7.3607381879067705E-008, -4.6114826593261052E-007) ( -7.3606287523848823E-008, -4.6114822337248357E-007) ( 0.33228026836052477     ,  6.7855456348694103     )
   20.050495000000002        1.2500000000000000     
 (  28.044281045589095     ,  22.601996023184764     ) (  27.847498448389619     ,  24.148946815833661     )
 ( 0.16382770083400466     , -6.8519906144078710     ) ( -6.7351571015617897E-008, -4.6429704164361667E-007) ( -6.7350439719909960E-008, -4.6429699677652550E-007) ( 0.24845697080372234     ,  6.8123399017886257     )
   20.100490000000001        1.2500000000000000     
 (  28.201886634773398     ,  22.797643979765173     ) (  28.001352156402380     ,  24.352718373437352     )
 ( 0.26179491561357893     , -6.8662265113243608     ) ( -6.0985842460632859E-008, -4.6727711834367844E-007) ( -6.0984670847478203E-008, -4.6727707052587675E-007) ( 0.16353054502397621     ,  6.8368188621901371     )
   20.150485000000000        1.2500000000000000     
 (  28.360960451725418     ,  22.994992675193032     ) (  28.156427095330603     ,  24.558259141486779     )
 ( 0.36071748798126074     , -6.8775507711921504     ) ( -5.4512340377813694E-008, -4.7008443274936795E-007) ( -5.4511133753624705E-008, -4.7008438180960452E-007) (  7.7523320610120627E-002,  6.8589355676654149     )
   20.200480000000002        1.2500000000000000     
 (  28.521492076857804     ,  23.194117241092854     ) (  28.312708353898383     ,  24.765627433364553     )
 ( 0.46055359923819894     , -6.8859165183118156     ) ( -4.7933348328079863E-008, -4.7271499294903044E-007) ( -4.7932095946269285E-008, -4.7271493846329210E-007) ( -9.5416645703003036E-003,  6.8786449568826988     )
   20.250475000000002        1.2500000000000000     
 (  28.683467266149560     ,  23.395094343602871     ) (  28.470178917588303     ,  24.974881719671501     )
 ( 0.56126041919387581     , -6.8912778225306281     ) ( -4.1251275166151410E-008, -4.7516487342673369E-007) ( -4.1249980520655578E-008, -4.7516481715440731E-007) ( -9.7639287397729688E-002,  6.8958993230331620     )
   20.300470000000001        1.2500000000000000     
 (  28.846867875176979     ,  23.597998735688069     ) (  28.628820592207489     ,  25.186079161061436     )
 ( 0.66279460057377737     , -6.8935843214166361     ) ( -3.4468652904012315E-008, -4.7742982270587760E-007) ( -3.4467315887397109E-008, -4.7742976069910535E-007) (-0.18674318464695233     ,  6.9106517594426800     )
   20.350465000000000        1.2500000000000000     
 (  29.011675900950127     ,  23.802908715573057     ) (  28.788612295842558     ,  25.399280427765813     )
 ( 0.76510842999866135     , -6.8927901441035440     ) ( -2.7588120053785534E-008, -4.7950590504357895E-007) ( -2.7586740831054770E-008, -4.7950584103057592E-007) (-0.27682562597993360     ,  6.9228531073081916     )
   20.400459999999999        1.2500000000000000     
 (  29.177864697539249     ,  24.009899197331034     ) (  28.949531107174316     ,  25.614543384507666     )
 ( 0.86815388407458471     , -6.8888463728642071     ) ( -2.0612665329504578E-008, -4.8138895986700475E-007) ( -2.0611233854402547E-008, -4.8138889037163094E-007) (-0.36785471833086497     ,  6.9324540770448229     )
   20.450454999999998        1.2500000000000000     
 (  29.345408531583047     ,  24.219048325660196     ) (  29.111551335415307     ,  25.831925640066142     )
 ( 0.97188061190787356     , -6.8817050327792817     ) ( -1.3545124995249763E-008, -4.8307503523398147E-007) ( -1.3543647012078328E-008, -4.8307496185587141E-007) (-0.45979990057157644     ,  6.9394080473883131     )
   20.500450000000001        1.2500000000000000     
 (  29.514275589644033     ,  24.430431501637642     ) (  29.274644270382112     ,  26.051485956352749     )
 (  1.0762356014043093     , -6.8713163131077231     ) ( -6.3887650803579922E-009, -4.8455991180161614E-007) ( -6.3872372609037161E-009, -4.8455983472829171E-007) (-0.55262614204877503     ,  6.9436626113486630     )
   20.550445000000000        1.2500000000000000     
 (  29.684431994712703     ,  24.644125553478052     ) (  29.438781121063290     ,  26.273283510941049     )
 (  1.1811627452678255     , -6.8576338146527469     ) (  8.5315406254109531E-010, -4.8583954755998869E-007) (  8.5473093869227652E-010, -4.8583946426531208E-007) (-0.64629798449452347     ,  6.9451684992115270     )
   20.600439999999999        1.2500000000000000     
 (  29.855838551068000     ,  24.860203957582932     ) (  29.603928053479535     ,  26.497373310305530     )
 (  1.2866051815561670     , -6.8406068468212817     ) (  8.1769951125406978E-009, -4.8690989127148744E-007) (  8.1786268959929619E-009, -4.8690980321516504E-007) (-0.74077591463901882     ,  6.9438763252890432     )
   20.650434999999998        1.2500000000000000     
 (  30.028453912530093     ,  25.078743768957061     ) (  29.770050634970058     ,  26.723815090678421     )
 (  1.3925021123937258     , -6.8201905158402125     ) (  1.5579194576055367E-008, -4.8776700274740330E-007) (  1.5580880494438980E-008, -4.8776691024375125E-007) (-0.83602053568405366     ,  6.9397356330244184     )
   20.700430000000001        1.2500000000000000     
 (  30.202232969651007     ,  25.299817630624787     ) (  29.937110587947476     ,  26.952664051238436     )
 (  1.4987908869301270     , -6.7963341309403127     ) (  2.3055920022607130E-008, -4.8840677768815696E-007) (  2.3057661398422601E-008, -4.8840668206751609E-007) (-0.93198859641025789     ,  6.9326952515563560     )
   20.750425000000000        1.2500000000000000     
 (  30.377124591716267     ,  25.523499376694215     ) (  30.105068476684206     ,  27.183977676478559     )
 (  1.6054056344549616     , -6.7689913266055139     ) (  3.0602973296356037E-008, -4.8882525270818572E-007) (  3.0604768286151474E-008, -4.8882515013790824E-007) ( -1.0286337334040672     ,  6.9227043592058042     )
   20.800419999999999        1.2500000000000000     
 (  30.553077587738230     ,  25.749860844859235     ) (  30.273880736984907     ,  27.417811202427547     )
 (  1.7122765376828550     , -6.7381172746337752     ) (  3.8216219333541355E-008, -4.8901853805165981E-007) (  3.8218073839939680E-008, -4.8901842895750895E-007) ( -1.1259083393457310     ,  6.9097142295415077     )
   20.850414999999998        1.2500000000000000     
 (  30.730033966718370     ,  25.978972162267198     ) (  30.443502902598446     ,  27.654218565610623     )
 (  1.8193336099197728     , -6.7036649310392029     ) (  4.5891076884773971E-008, -4.8898288796549322E-007) (  4.5892994349114897E-008, -4.8898277338292547E-007) ( -1.2237616290870932     ,  6.8936748961256908     )
   20.900410000000001        1.2500000000000000     
 (  30.907932870532520     ,  26.210902128178120     ) (  30.613886419656048     ,  27.893253029445443     )
 (  1.9265008423007175     , -6.6655898174097015     ) (  5.3623012285048756E-008, -4.8871442565639431E-007) (  5.3624994504099817E-008, -4.8871430593410104E-007) ( -1.3221413253832734     ,  6.8745366449350254     )
   20.950405000000000        1.2500000000000000     
 (  31.086710590050682     ,  26.445717382332933     ) (  30.784980716128057     ,  28.134968567248613     )
 (  2.0337021311740364     , -6.6238490502699490     ) (  6.1407064779003174E-008, -4.8820949300876750E-007) (  6.1409110984349329E-008, -4.8820936915870426E-007) ( -1.4209902889712323     ,  6.8522504013803758     )
   21.000399999999999        1.2500000000000000     
 (  31.266297990339833     ,  26.683485604442815     ) (  30.956733238738732     ,  28.379417325500881     )
 (  2.1408549077649659     , -6.5784013931056400     ) (  6.9238281348155887E-008, -4.8746454087040926E-007) (  6.9240392580244948E-008, -4.8746440578872663E-007) ( -1.5202506539149570     ,  6.8267675514758102     )
   21.050394999999998        1.2500000000000000     
 (  31.446623352959605     ,  26.924267343492239     ) (  31.129088107796932     ,  28.626647457791375     )
 (  2.2478764438336771     , -6.5292044764544688     ) (  7.7111324735565336E-008, -4.8647602860388694E-007) (  7.7113504818920320E-008, -4.8647588649422732E-007) ( -1.6198605599438460     ,  6.7980410388248274     )
   21.100390000000001        1.2500000000000000     
 (  31.627610827967100     ,  27.168124763607018     ) (  31.301986356030266     ,  28.876709549527877     )
 (  2.3546787055653660     , -6.4762219037093649     ) (  8.5020702328309793E-008, -4.8524066953369319E-007) (  8.5022946925157518E-008, -4.8524051996450069E-007) ( -1.7197557615636978     ,  6.7660257002018742     )
   21.150385000000000        1.2500000000000000     
 (  31.809180825322564     ,  27.415115040328828     ) (  31.475367331651075     ,  29.129650033196597     )
 (  2.4611719277152821     , -6.4194160412436414     ) (  9.2960801890835457E-008, -4.8375523752195967E-007) (  9.2963124570649839E-008, -4.8375507935577451E-007) ( -1.8198697469692109     ,  6.7306753610464076     )
   21.200379999999999        1.2500000000000000     
 (  31.991249708088919     ,  27.665293181870144     ) (  31.649166932173610     ,  29.385514337965279     )
 (  2.5672615174542672     , -6.3587527498259027     ) (  1.0092564614349117E-007, -4.8201659485435338E-007) (  1.0092804204406172E-007, -4.8201642892346993E-007) ( -1.9201314784089210     ,  6.6919462156384082     )
   21.250374999999998        1.2500000000000000     
 (  32.173731627779674     ,  27.918713544362980     ) (  31.823319976676139     ,  29.644347692413035     )
 (  2.6728527438133098     , -6.2942012946849513     ) (  1.0890922249707989E-007, -4.8002194147837767E-007) (  1.0891169502113058E-007, -4.8002176744065866E-007) ( -2.0204687388074323     ,  6.6497958146788516     )
   21.300370000000001        1.2500000000000000     
 (  32.356536174586566     ,  28.175422859609409     ) (  31.997755646471433     ,  29.906189969964885     )
 (  2.7778431264028050     , -6.2257316012509465     ) (  1.1690511766078155E-007, -4.7776849410693692E-007) (  1.1690766962327746E-007, -4.7776831103466444E-007) ( -2.1208047805461576     ,  6.6041841988335657     )
   21.350365000000000        1.2500000000000000     
 (  32.539569165945636     ,  28.435467703706561     ) (  32.172403624134262     ,  30.171083203253325     )
 (  2.8821310293258886     , -6.1533176542217349     ) (  1.2490696461283596E-007, -4.7525368473638614E-007) (  1.2490959819320914E-007, -4.7525349260421664E-007) ( -2.2210619226536705     ,  6.5550718808387254     )
   21.400359999999999        1.2500000000000000     
 (  32.722735031864190     ,  28.698890108175728     ) (  32.347189703093377     ,  30.439063297909343     )
 (  2.9856101839857270     , -6.0769382846420248     ) (  1.3290806215557346E-007, -4.7247526474344477E-007) (  1.3291077726295310E-007, -4.7247506494707320E-007) ( -2.3211570056292112     ,  6.5024228718038817     )
   21.450354999999998        1.2500000000000000     
 (  32.905931966088907     ,  28.965726578206382     ) (  32.522037316437640     ,  30.710165210143838     )
 (  3.0881711589708853     , -5.9965722750430812     ) (  1.4090147148749119E-007, -4.6943107682621470E-007) (  1.4090427461001832E-007, -4.6943086573706441E-007) ( -2.4210070834373263     ,  6.4462015831461761     )
   21.500350000000001        1.2500000000000000     
 (  33.089058405824218     ,  29.236011487872581     ) (  32.696867606766993     ,  30.984422077216287     )
 (  3.1897024621181713     , -5.9122043591263864     ) (  1.4888022661406608E-007, -4.6611924902787683E-007) (  1.4888311600526370E-007, -4.6611902748595785E-007) ( -2.5205237492426313     ,  6.3863758966213471     )
   21.550345000000000        1.2500000000000000     
 (  33.272007508438129     ,  29.509773735184986     ) (  32.871598846254216     ,  31.261862776913052     )
 (  3.2900891547910693     , -5.8238229162597648     ) (  1.5683706318536155E-007, -4.6253809161253772E-007) (  1.5684004559777561E-007, -4.6253786235466978E-007) ( -2.6196164576714822     ,  6.3229169000878658     )
   21.600339999999999        1.2500000000000000     
 (  33.454671783954169     ,  29.787036929832098     ) (  33.046147773108054     ,  31.542514131457722     )
 (  3.3892135423389900     , -5.7314218347509982     ) (  1.6476463162998585E-007, -4.5868641236911165E-007) (  1.6476770532939086E-007, -4.5868617106369621E-007) ( -2.7181936586755238     ,  6.2557978370798581     )
   21.650334999999998        1.2500000000000000     
 (  33.636940418316875     ,  30.067822929039558     ) (  33.220429664055295     ,  31.826401121487706     )
 (  3.4869565040508235     , -5.6349966578829696     ) (  1.7265540719728292E-007, -4.5456300345729896E-007) (  1.7265857489134309E-007, -4.5456275010039102E-007) ( -2.8161590353793500     ,  6.1849943879357054     )
   21.700330000000001        1.2500000000000000     
 (  33.818699258643576     ,  30.352143090259695     ) (  33.394354433353733     ,  32.113542173772451     )
 (  3.5831953096614408     , -5.5345491113884488     ) (  1.8050176982221641E-007, -4.5016712347416180E-007) (  1.8050504177159752E-007, -4.5016685580600615E-007) ( -2.9134150132706442     ,  6.1104870166407759     )
   21.750325000000000        1.2500000000000000     
 (  33.999819448947832     ,  30.640005015456744     ) (  33.567828725483452     ,  32.403954363901711     )
 (  3.6777927919410902     , -5.4300889738824276     ) (  1.8829747589390350E-007, -4.4549808642031872E-007) (  1.8829729092561095E-007, -4.4549804526301105E-007) ( -3.0098583551181144     ,  6.0322563846507302     )
   21.800319999999999        1.2500000000000000     
 (  34.180212659120954     ,  30.931417972568344     ) (  33.740770428148714     ,  32.697652540533547     )
 (  3.7706498021284114     , -5.3216216554421685     ) (  1.9603160158172028E-007, -4.4055596593739685E-007) (  1.9603140862234466E-007, -4.4055592449420551E-007) ( -3.1053896369386500     ,  5.9502902791428491     )
   21.850314999999998        1.2500000000000000     
 (  34.359747208666924     ,  31.226377249461873     ) (  33.913081348493968     ,  32.994646722889655     )
 (  3.8616252030880580     , -5.2091688028521954     ) (  2.0369759782874743E-007, -4.3534090974657277E-007) (  2.0369739607167834E-007, -4.3534086592424624E-007) ( -3.1999035845963775     ,  5.8645787548003439     )
   21.900310000000001        1.2500000000000000     
 (  34.538302681365863     ,  31.524873095925418     ) (  34.084666474475007     ,  33.294940656880947     )
 (  3.9505898726947870     , -5.0927506823138478     ) (  2.1128747001005276E-007, -4.2985321914470963E-007) (  2.1128726108904706E-007, -4.2985317423950643E-007) ( -3.2932912156807248     ,  5.7751141712321337     )
   21.950305000000000        1.2500000000000000     
 (  34.715759683228114     ,  31.826893783061596     ) (  34.255429302319598     ,  33.598537640718995     )
 (  4.0374144856439464     , -4.9723961988988572     ) (  2.1879308022288644E-007, -4.2409379820142665E-007) (  2.1879286394081980E-007, -4.2409375275186883E-007) ( -3.3854436107532258     ,  5.6818951515537286     )
   22.000299999999999        1.2500000000000000     
 (  34.891997357601745     ,  32.132416622617015     ) (  34.425272845881970     ,  33.905433793236199     )
 (  4.1219682169200711     , -4.8481393598480205     ) (  2.2620626988909870E-007, -4.1806384054360677E-007) (  2.2620604542054136E-007, -4.1806379278439705E-007) ( -3.4762508242171748     ,  5.5849250347991948     )
   22.050295000000002        1.2500000000000000     
 (  35.066894620132935     ,  32.441417338407263     ) (  34.594097861526762     ,  34.215625270812104     )
 (  4.2041191459825935     , -4.7200217479279569     ) (  2.3351888477033646E-007, -4.1176488918431742E-007) (  2.3351864918697724E-007, -4.1176484392777511E-007) ( -3.5655998371496516     ,  5.4842093332322204     )
   22.100290000000001        1.2500000000000000     
 (  35.240332302461901     ,  32.753861468864791     ) (  34.761805441653536     ,  34.529098201493234     )
 (  4.2837362633452489     , -4.5880885500911592     ) (  2.4072271288990874E-007, -4.0519887325841259E-007) (  2.4072246891650485E-007, -4.0519882359439973E-007) ( -3.6533761569782346     ,  5.3797606326150280     )
   22.150285000000000        1.2500000000000000     
 (  35.412188440943375     ,  33.069709760723399     ) (  34.928295171741865     ,  34.845838642812396     )
 (  4.3606892627777718     , -4.4523909090668052     ) (  2.4780969959328878E-007, -3.9836785277329918E-007) (  2.4780944456088265E-007, -3.9836780037806162E-007) ( -3.7394661598146968     ,  5.2715926440232215     )
   22.200279999999999        1.2500000000000000     
 (  35.582345056251498     ,  33.388918006450901     ) (  35.093466873383932     ,  35.165825465204811     )
 (  4.4348464684708455     , -4.3129913772681965     ) (  2.5477160768086891E-007, -3.9127473070209337E-007) (  2.5477134333966519E-007, -3.9127467715481540E-007) ( -3.8237522580126702     ,  5.1597286134957168     )
   22.250275000000002        1.2500000000000000     
 (  35.750684325301791     ,  33.711431650066629     ) (  35.257219626620426     ,  35.489034353588110     )
 (  4.5060794938214190     , -4.1699514857439546     ) (  2.6160057374788644E-007, -3.8392242294696463E-007) (  2.6160029747859053E-007, -3.8392237089243389E-007) ( -3.9061187045173926     ,  5.0441925932985407     )
   22.300270000000001        1.2500000000000000     
 (  35.917091379995227     ,  34.037191988316820     ) (  35.419453967775617     ,  35.815434049649689     )
 (  4.5742587542795912     , -4.0233444786565569     ) (  2.6828841866971375E-007, -3.7631423199412536E-007) (  2.6828813335811450E-007, -3.7631417541438823E-007) ( -3.9864478045812093     ,  4.9250152107686525     )
   22.350265000000000        1.2500000000000000     
 (  36.081452362063771     ,  34.366134290225318     ) (  35.580068255796114     ,  36.144991642587556     )
 (  4.6392588605707612     , -3.8732488928612328     ) (  2.7482742210651005E-007, -3.6845401161214874E-007) (  2.7482712421710474E-007, -3.6845395330005188E-007) ( -4.0646228535423754     ,  4.8022336522969580     )
   22.400259999999999        1.2500000000000000     
 (  36.243654400311087     ,  34.698186037524401     ) (  35.738962867891175     ,  36.477666851514051     )
 (  4.7009552568470010     , -3.7197491864443935     ) (  2.8120988212780976E-007, -3.6034586067007250E-007) (  2.8120957066439913E-007, -3.6034580051879209E-007) ( -4.1405250325691734     ,  4.6758896614716834     )
   22.450255000000002        1.2500000000000000     
 (  36.403591914582904     ,  35.033268950106589     ) (  35.896040452767302     ,  36.813414547675855     )
 (  4.7592257933211384     , -3.5629352185139980     ) (  2.8742819665282528E-007, -3.5199416920973393E-007) (  2.8742787547476953E-007, -3.5199411216145820E-007) ( -4.2140385361875161     ,  4.5460290044507357     )
   22.500250000000001        1.2500000000000000     
 (  36.561159989009916     ,  35.371299055145123     ) (  36.051203020014334     ,  37.152186510689454     )
 (  4.8139512225310881     , -3.4029061576145625     ) (  2.9347496993880613E-007, -3.4340384115714994E-007) (  2.9347463711886035E-007, -3.4340377806366692E-007) ( -4.2850457706939054     ,  4.4127036344244654     )
   22.550245000000000        1.2500000000000000     
 (  36.716257914265690     ,  35.712185714993687     ) (  36.204353748002205     ,  37.493926302283015     )
 (  4.8650166554686018     , -3.2397632138871875     ) (  2.9934300599559789E-007, -3.3457997319303243E-007) (  2.9934265901134319E-007, -3.3457990790434362E-007) ( -4.3534314052033123     ,  4.2759709940061708     )
   22.600239999999999        1.2500000000000000     
 (  36.868789217832195     ,  36.055832169138249     ) (  36.355398648954058     ,  37.838575886570204     )
 (  4.9123103909812116     , -3.0736170688410698     ) (  3.0502548235590556E-007, -3.2552814105670161E-007) (  3.0502512361923944E-007, -3.2552807527628890E-007) ( -4.4190820446759247     ,  4.1358942693074798     )
   22.650235000000002        1.2500000000000000     
 (  37.018662333938927     ,  36.402136347749234     ) (  36.504245525188814     ,  38.186068567015262     )
 (  4.9557242210111205     , -2.9045836369463780     ) (  3.1051558083981476E-007, -3.1625416907426861E-007) (  3.1051520432491652E-007, -3.1625410074041764E-007) ( -4.4818828056748812     ,  3.9925430334478840     )
   22.700230000000001        1.2500000000000000     
 (  37.165790707836798     ,  36.750990150483602     ) (  36.650804309739236     ,  38.536337295692860     )
 (  4.9951556931935874     , -2.7327815306753385     ) (  3.1580687464040890E-007, -3.0676403170837618E-007) (  3.1580648772179673E-007, -3.0676396159628647E-007) ( -4.5417241649220355     ,  3.8459892564570302     )
   22.750225000000000        1.2500000000000000     
 (  37.310093932625350     ,  37.102281491148361     ) (  36.794986031367017     ,  38.889306152807265     )
 (  5.0305047508049698     , -2.5583375621983140     ) (  3.2089307343372707E-007, -2.9706416178800131E-007) (  3.2089267367624397E-007, -2.9706409102999731E-007) ( -4.5984945661570809     ,  3.6963126969365856     )
   22.800219999999999        1.2500000000000000     
 (  37.451496407205937     ,  37.455891869695563     ) (  36.936708546505628     ,  39.244896059988662     )
 (  5.0616802793820534     , -2.3813844954003658     ) (  3.2576853431127001E-007, -2.8716131632872565E-007) (  3.2576811498826592E-007, -2.8716124398555899E-007) ( -4.6520895108294038     ,  3.5435974917616240     )
   22.850215000000002        1.2500000000000000     
 (  37.589929091703084     ,  37.811699825503119     ) (  37.075888670550370     ,  39.603024459644487     )
 (  5.0885916813731065     , -2.2020574172250060     ) (  3.3042747804701757E-007, -2.7706235445453602E-007) (  3.3042704420745134E-007, -2.7706228000837105E-007) ( -4.7024035740105861     ,  3.3879345991671470     )
   22.900210000000001        1.2500000000000000     
 (  37.725329879684075     ,  38.169577661751092     ) (  37.212449678744647     ,  39.963601062502477     )
 (  5.1111602569137551     , -2.0204958441705747     ) (  3.3486486252272084E-007, -2.6677433058094764E-007) (  3.3486441137328714E-007, -2.6677425282277865E-007) ( -4.7493368816522867     ,  3.2294168755176345     )
   22.950205000000000        1.2500000000000000     
 (  37.857642468749987     ,  38.529398149359764     ) (  37.346317042113405     ,  40.326535026300441     )
 (  5.1293078421627092     , -1.8368464624095782     ) (  3.3907560903132296E-007, -2.5630466147523017E-007) (  3.3907514296407093E-007, -2.5630458184519720E-007) ( -4.7927892512808423     ,  3.0681456134951293     )
   23.000200000000000        1.2500000000000000     
 (  37.986817940830882     ,  38.891025653014410     ) (  37.477420410900095     ,  40.691727521086221     )
 (  5.1429662533617888     , -1.6512558967827562     ) (  3.4305531284856199E-007, -2.4566076709069131E-007) (  3.4305482783717944E-007, -2.4566068590778224E-007) ( -4.8326676257251524     ,  2.9042253784418715     )
   23.050195000000002        1.2500000000000000     
 (  38.112816025121845     ,  39.254322748279584     ) (  37.605693995222317     ,  41.059078869997386     )
 (  5.1520717564299519     , -1.4638773157177074     ) (  3.4679969481682104E-007, -2.3485047670672752E-007) (  3.4679919028715061E-007, -2.3485039314596110E-007) ( -4.8688811166406554     ,  2.7377641151309304     )
   23.100190000000001        1.2500000000000000     
 (  38.235601312940595     ,  39.619153547078241     ) (  37.731077186265026     ,  41.428483880750136     )
 (  5.1565689297567543     , -1.2748667895291039     ) (  3.5030509483101927E-007, -2.2388154929429469E-007) (  3.5030457575829490E-007, -2.2388146631255615E-007) ( -4.9013437635526520     ,  2.5688785784201249     )
   23.150185000000000        1.2500000000000000     
 (  38.355147855761331     ,  39.985375046435202     ) (  37.853513614856396     ,  41.799833368357028     )
 (  5.1564086901489343     , -1.0843795060171850     ) (  3.5356793693939192E-007, -2.1276182053325824E-007) (  3.5356739547367626E-007, -2.1276173671343291E-007) ( -4.9299724943379148     ,  2.3976846588176937     )
   23.200180000000000        1.2500000000000000     
 (  38.471437452741256     ,  40.352845451594483     ) (  37.972952380960720     ,  42.173017481317416     )
 (  5.1515490940514734     ,-0.89257547970931039     ) (  3.5658534024522549E-007, -2.0149924118701487E-007) (  3.5658478097419161E-007, -2.0149915181841863E-007) ( -4.9546909897818967     ,  2.2243047013352824     )
   23.250175000000002        1.2500000000000000     
 (  38.584459562089840     ,  40.721421844330578     ) (  38.089347470407880     ,  42.547919896504780     )
 (  5.1419549487548366     ,-0.69961621515208239     ) (  3.5935438870538684E-007, -1.9010198341296875E-007) (  3.5935380673465480E-007, -1.9010189587497617E-007) ( -4.9754261102936299     ,  2.0488656965174514     )
   23.300170000000001        1.2500000000000000     
 (  38.694211723711433     ,  41.090961279604571     ) (  38.202659110392382     ,  42.924424646591206     )
 (  5.1275984888113797     ,-0.50566413588706782     ) (  3.6187298285923283E-007, -1.7857802811040378E-007) (  3.6187237479098836E-007, -1.7857793485847424E-007) ( -4.9921104332134085     ,  1.8714971691342466     )
   23.350165000000001        1.2500000000000000     
 (  38.800698220378727     ,  41.461316302946933     ) (  38.312851498918150     ,  43.302407983563263     )
 (  5.1084602142310480     ,-0.31088236096869787     ) (  3.6413905774490486E-007, -1.6693544192492770E-007) (  3.6413842825002157E-007, -1.6693534810992960E-007) ( -5.0046811775523796     ,  1.6923316911401629     )
   23.400160000000003        1.2500000000000000     
 (  38.903933367128296     ,  41.832345562078771     ) (  38.419896935488396     ,  43.681749585717760     )
 (  5.0845269682150143     ,-0.11543527582999798     ) (  3.6615116941105983E-007, -1.5518233972859599E-007) (  3.6615052194687306E-007, -1.5518224285488528E-007) ( -5.0130819961242858     ,  1.5115054485022599     )
   23.450154999999999        1.2500000000000000     
 (  39.003937443715785     ,  42.203907367584122     ) (  38.523773446253841     ,  44.062327736914369     )
 (  5.0557925365017411     ,  8.0515505366050844E-002) (  3.6790803808086427E-007, -1.4332669998507382E-007) (  3.6790736557972522E-007, -1.4332660214772171E-007) ( -5.0172625613478736     ,  1.3291583840563732     )
   23.500149999999998        1.2500000000000000     
 (  39.100739505079069     ,  42.575857744663175     ) (  38.624463775363765     ,  44.444012327787078     )
 (  5.0222586614134581     , 0.27680515904491848     ) (  3.6940883237749354E-007, -1.3137647188401791E-007) (  3.6940813759595665E-007, -1.3137637295808751E-007) ( -5.0171766178362445     ,  1.1454304802084747     )
   23.550145000000001        1.2500000000000000     
 (  39.194377208661400     ,  42.948061280685387     ) (  38.721958604440992     ,  44.826678581530793     )
 (  4.9839336683929192     , 0.47327376104645236     ) (  3.7065294387588780E-007, -1.1933943225850573E-007) (  3.7065221709048085E-007, -1.1933933234128312E-007) ( -5.0127843743576515     , 0.96046583425786614     )
   23.600140000000000        1.2500000000000000     
 (  39.284895024889856     ,  43.320377293674419     ) (  38.816253866069943     ,  45.210198302020792     )
 (  4.9408333165487868     , 0.66976010201425296     ) (  3.7164035896024143E-007, -1.0722349220790885E-007) (  3.7163961431685193E-007, -1.0722338989227454E-007) ( -5.0040539230193462     , 0.77440961016909271     )
   23.650134999999999        1.2500000000000000     
 (  39.372343863324438     ,  43.692674316518648     ) (  38.907353199747803     ,  45.594442292595538     )
 (  4.8929795073080289     , 0.86610619503726960     ) (  3.7237110032823613E-007, -9.5035964331580053E-008) (  3.7237032243334819E-007, -9.5035860254454798E-008) ( -4.9909570231103286     , 0.58740822881587140     )
   23.700129999999998        1.2500000000000000     
 (  39.456783763023886     ,  44.064820769258240     ) (  38.995266031126242     ,  45.979283006249574     )
 (  4.8404009633116756     ,  1.0621548468611091     ) (  3.7284555704345060E-007, -8.2784658636803883E-008) (  3.7284475205870555E-007, -8.2784548791836851E-008) ( -4.9734729716622068     , 0.39960921171364816     )
   23.750125000000001        1.2500000000000000     
 (  39.538280555230614     ,  44.436689889856432     ) (  39.080008355907275     ,  46.364592146767272     )
 (  4.7831325744419271     ,  1.2577537475368796     ) (  3.7306449793079105E-007, -7.0476505354944346E-008) (  3.7306366694674502E-007, -7.0476393652005952E-008) ( -4.9515876527003613     , 0.21116082871338504     )
   23.800120000000000        1.2500000000000000     
 (  39.616906188392029     ,  44.808160074353566     ) (  39.161603394382858     ,  46.750242038708905     )
 (  4.7212160334040698     ,  1.4527529432770425     ) (  3.7302883686248284E-007, -5.8118742065087788E-008) (  3.7302797645289090E-007, -5.8118629153811565E-008) ( -4.9252917971150056     ,  2.2212489244223713E-002)
   23.850114999999999        1.2500000000000000     
 (  39.692740530342007     ,  45.179110686809160     ) (  39.240079411053557     ,  47.136105553903604     )
 (  4.6546970089666537     ,  1.6470033916324260     ) (  3.7273974678988964E-007, -4.5718261993428073E-008) (  3.7273885606583936E-007, -4.5718147182575222E-008) ( -4.8945837138823922     ,-0.16708710624405121     )
   23.900109999999998        1.2500000000000000     
 (  39.765868619013247     ,  45.549429619582938     ) (  39.315473604288698     ,  47.522057330481566     )
 (  4.5836282760980422     ,  1.8403622111463613     ) (  3.7219862116201711E-007, -3.3281823749626123E-008) (  3.7219769735817113E-007, -3.3281712036861783E-008) ( -4.8594670554363368     ,-0.35658939257297284     )
   23.950105000000001        1.2500000000000000     
 (  39.836381519181835     ,  45.919009227474092     ) (  39.387828363196988     ,  47.907975708325615     )
 (  4.5080677109083771     ,  2.0326908356660014     ) (  3.7140717318915297E-007, -2.0815820210106799E-008) (  3.7140621658379745E-007, -2.0815706672186717E-008) ( -4.8199529271581678     ,-0.54614727773027949     )
   24.000100000000000        1.2500000000000000     
 (  39.904374785187976     ,  46.287746581874870     ) (  39.457192175811493     ,  48.293737233165061     )
 (  4.4280767989301086     ,  2.2238508838444417     ) (  3.7036691695718713E-007, -8.3266046836574725E-009) (  3.7036592630764670E-007, -8.3264840123000715E-009) ( -4.7760563149186783     ,-0.73561144591516636     )
   24.050094999999999        1.2500000000000000     
 (  39.969952079455673     ,  46.655543308015247     ) (  39.523619719713906     ,  48.679223115009037     )
 (  4.3437223748527849     ,  2.4137134485138287     ) (  3.6908010662974801E-007,  4.1799640125837962E-009) (  3.6907908581047869E-007,  4.1800867846370272E-009) ( -4.7278002617539663     ,-0.92483953528258900     )
   24.100089999999998        1.2500000000000000     
 (  40.033216474630372     ,  47.022309942512187     ) (  39.587172653125748     ,  49.064319044925234     )
 (  4.2550751333877983     ,  2.6021519340887749     ) (  3.6754858603293146E-007,  1.6698195647044595E-008) (  3.6754753107568083E-007,  1.6698320470835692E-008) ( -4.6752131953329616     , -1.1136853619459177     )
   24.150085000000001        1.2500000000000000     
 (  40.094280111048619     ,  47.387961448733826     ) (  39.647918758213770     ,  49.448912518625427     )
 (  4.1622094370875793     ,  2.7890429091147646     ) (  3.6577462238585555E-007,  2.9222236832188997E-008) (  3.6577352625888424E-007,  2.9222359828609501E-008) ( -4.6183293656447395     , -1.3020087345793416     )
   24.200080000000000        1.2500000000000000     
 (  40.153256180564284     ,  47.752419304721613     ) (  39.705929768465040     ,  49.832891937086217     )
 (  4.0652031569997140     ,  2.9742686112821621     ) (  3.6376026980734696E-007,  4.1746968732194119E-008) (  3.6375913538381367E-007,  4.1747093960336193E-008) ( -4.5571866402845229     , -1.4896690432493269     )
   24.250074999999999        1.2500000000000000     
 (  40.210262937933052     ,  48.115611082868021     ) (  39.761286147761062     ,  50.216153128818874     )
 (  3.9641368968853259     ,  3.1577191975450791     ) (  3.6150817714113275E-007,  5.4267404555549794E-008) (  3.6150700377537284E-007,  5.4267531784672111E-008) ( -4.4918326315209649     , -1.6765291941684717     )
   24.300069999999998        1.2500000000000000     
 (  40.265421510523709     ,  48.477473837733640     ) (  39.814070020141756     ,  50.598595995741803     )
 (  3.8590941857651737     ,  3.3392842930871316     ) (  3.5902042233133302E-007,  6.6778450530284826E-008) (  3.5901920859386600E-007,  6.6778577165398211E-008) ( -4.4223152492850764     , -1.8624559333770876     )
   24.350065000000001        1.2500000000000000     
 (  40.318853406203615     ,  48.837944228036527     ) (  39.864371402733028     ,  50.980121125557908     )
 (  3.7501605832898521     ,  3.5188629440338790     ) (  3.5629947341402820E-007,  7.9275775942682957E-008) (  3.5629822343950993E-007,  7.9275906139649585E-008) ( -4.3486899833526493     , -2.0473184646092717     )
   24.400060000000000        1.2500000000000000     
 (  40.370685231587430     ,  49.196975648859528     ) (  39.912283903804735     ,  51.360639732765868     )
 (  3.6374220607713843     ,  3.6963579385987408     ) (  3.5334766833723906E-007,  9.1754856112495581E-008) (  3.5334636883796973E-007,  9.1754991565356810E-008) ( -4.2710174399695520     , -2.2309882340077181     )
   24.450054999999999        1.2500000000000000     
 (  40.421044405479115     ,  49.554521263100106     ) (  39.957907099398383     ,  51.740062729001139     )
 (  3.5209686682114270     ,  3.8716761944216542     ) (  3.5016734331152587E-007,  1.0421168425923458E-007) (  3.5016600571848112E-007,  1.0421182065613680E-007) ( -4.1893611302906129     , -2.4133434707627019     )
   24.500049999999998        1.2500000000000000     
 (  40.470059544710303     ,  49.910542019382227     ) (  40.001342229042294     ,  52.118309525524012     )
 (  3.4008901558968230     ,  4.0447284659647567     ) (  3.4676094579100098E-007,  1.1664198596730837E-007) (  3.4675956344558620E-007,  1.1664211393428096E-007) ( -4.1037892906463744     , -2.5942615107350622     )
   24.550045000000001        1.2500000000000000     
 (  40.517859960122586     ,  50.265008270114869     ) (  40.042697130900812     ,  52.495303503141756     )
 (  3.2772759552134265     ,  4.2154342335503463     ) (  3.4313056692502199E-007,  1.2904215876545292E-007) (  3.4312913351713692E-007,  1.2904229428032455E-007) ( -4.0143751963021614     , -2.7736287001240787     )
   24.600040000000000        1.2500000000000000     
 (  40.564577105944664     ,  50.617894831941591     ) (  40.082082256012249     ,  52.870975401631860     )
 (  3.1502193962664871     ,  4.3837132475877576     ) (  3.3927851589274484E-007,  1.4140864028830986E-007) (  3.3927703720345197E-007,  1.4140878060758199E-007) ( -3.9211932805758711     , -2.9513339179508309     )
   24.650034999999999        1.2500000000000000     
 (  40.610340389152803     ,  50.969185062985837     ) (  40.119611482448349     ,  53.245257782601676     )
 (  3.0198095276653949     ,  4.5494943039949982     ) (  3.3520690821191256E-007,  1.5373798597932779E-007) (  3.3520537452726207E-007,  1.5373811992363382E-007) ( -3.8243241749844081     , -3.1272669381782405     )
   24.700029999999998        1.2500000000000000     
 (  40.655281688056512     ,  51.318866460751281     ) (  40.155400627377929     ,  53.618093757634433     )
 (  2.8861385755717230     ,  4.7127063831347700     ) (  3.3091770882929406E-007,  1.6602684031773840E-007) (  3.3091612861730733E-007,  1.6602698258838693E-007) ( -3.7238496558480727     , -3.3013273951661217     )
   24.750025000000001        1.2500000000000000     
 (  40.699531321607999     ,  51.666935680404606     ) (  40.189571288820950     ,  53.989431246470254     )
 (  2.7492970321775063     ,  4.8732825809725888     ) (  3.2641287687415539E-007,  1.7827190360661372E-007) (  3.2641125042362252E-007,  1.7827203885418569E-007) ( -3.6198545870117642     , -3.4734152896690023     )
   24.800020000000000        1.2500000000000000     
 (  40.743219434145253     ,  52.013395391605322     ) (  40.222243616592365     ,  54.359223090292893     )
 (  2.6093741308499343     ,  5.0311658078898267     ) (  3.2169422387620088E-007,  1.9047041906736177E-007) (  3.2169254254588407E-007,  1.9047056171388885E-007) ( -3.5124263212392721     , -3.6434375961876646     )
   24.850014999999999        1.2500000000000000     
 (  40.786473947504490     ,  52.358252480249725     ) (  40.253541588840847     ,  54.727428722659766     )
 (  2.4664589163058754     ,  5.1862969868334563     ) (  3.1676326843589515E-007,  2.0261929582139009E-007) (  3.1676151798905436E-007,  2.0261944036671564E-007) ( -3.4016536810827844     , -3.8113073800614292     )
   24.900009999999998        1.2500000000000000     
 (  40.829423408100944     ,  52.701522276231685     ) (  40.283590502381372     ,  55.094018180383330     )
 (  2.3206393566055490     ,  5.3386225261571338     ) (  3.1162176117232283E-007,  2.1471566840771305E-007) (  3.1161995952665649E-007,  2.1471580669644630E-007) ( -3.2876276576188506     , -3.9769372517758419     )
   24.950005000000001        1.2500000000000000     
 (  40.872193614189975     ,  53.043224036531228     ) (  40.312518207118103     ,  55.458959586885470     )
 (  2.1720025510405145     ,  5.4880924525189938     ) (  3.0627094623735594E-007,  2.2675669711221790E-007) (  3.0626908392704914E-007,  2.2675684405973667E-007) ( -3.1704419515609064     , -4.1402497429637997     )
   25.000000000000000        1.2500000000000000     
 (  40.914908839543763     ,  53.383385306083206     ) (  40.340451195630024     ,  55.822235150745506     )
 (  2.0206315804350865     ,  5.6346619445653303     ) (  3.0071209773183512E-007,  2.3873993021807407E-007) (  3.0071018375175209E-007,  2.3874007369048303E-007) ( -3.0501882168949463     , -4.3011713355459706     )
