   8.5655000000000001     
   243.16000000000000     
   1.3853622647675794        5.3204133431818091E-004
         501           1
 
   9.0000000000000000        9.0000000000000000     
   2.5000000000000001E-003   1.2500000000000000     
 (  2.0122335935307678E-009,  2.5207823435222192E-012) (  2.0152832069651733E-009,  2.5281973396144059E-012)
 (  2.0122312718511263E-009,  2.5207789538109959E-012) (  1.9904693989300523E-016,  2.4970676408550092E-019) (  1.9904693989300523E-016,  2.4970676408550092E-019) ( -2.0152808821621801E-009, -2.5281939413306833E-012)
   5.2495000000000000E-002   1.2500000000000000     
 (  1.8635872617296205E-005,  2.3523079995639836E-008) (  1.8664127769083704E-005,  2.3592301362938236E-008)
 (  1.8626395787079557E-005,  2.3509242154101339E-008) (  1.8424972173794430E-012,  2.3288150063433595E-015) (  1.8424972173794430E-012,  2.3288150063433587E-015) ( -1.8654638186554619E-005, -2.3578428516618641E-008)
  0.10249000000000000        1.2500000000000000     
 (  1.3881205489638227E-004,  1.8351418132656056E-007) (  1.3902276558779876E-004,  1.8405482680751279E-007)
 (  1.3854327317074726E-004,  1.8312159123950671E-007) (  1.3704544131670797E-011,  1.8140039197049949E-014) (  1.3704544131670669E-011,  1.8140039197049576E-014) ( -1.3875362192772051E-004, -1.8366124283721435E-007)
  0.15248500000000001        1.2500000000000000     
 (  4.5782291409893645E-004,  6.7712336236988339E-007) (  4.5851921375474736E-004,  6.7912231311577747E-007)
 (  4.5586409111631436E-004,  6.7426051551288138E-007) (  4.5093755423678044E-011,  6.6792879707110459E-014) (  4.5093755423673366E-011,  6.6792879707097458E-014) ( -4.5655775001891656E-004, -6.7625220811951481E-007)
  0.20247999999999999        1.2500000000000000     
 (  1.0740848915241673E-003,  1.9114654761554517E-006) (  1.0757228517904180E-003,  1.9171264820516906E-006)
 (  1.0660016238874036E-003,  1.8996382750711190E-006) (  1.0544876585124407E-010,  1.8818220497118743E-013) (  1.0544876585118401E-010,  1.8818220497128353E-013) ( -1.0676286691789663E-003, -1.9052692195264380E-006)
  0.25247500000000000        1.2500000000000000     
 (  2.0876624429711607E-003,  4.7382422765461019E-006) (  2.0908570342409558E-003,  4.7523389613667064E-006)
 (  2.0633103755891133E-003,  4.7025363768356464E-006) (  2.0410402086853759E-010,  4.6585033504302152E-013) (  2.0410402086810040E-010,  4.6585033504181680E-013) ( -2.0664720149597094E-003, -4.7165419089575721E-006)
  0.30247000000000002        1.2500000000000000     
 (  3.6007633149657938E-003,  1.0780319893866837E-005) (  3.6062963201830616E-003,  1.0812582168109998E-005)
 (  3.5407046176039775E-003,  1.0691928632129762E-005) (  3.5025215753172279E-010,  1.0592008319451111E-012) (  3.5025215752950626E-010,  1.0592008319390387E-012) ( -3.5461561446591518E-003, -1.0723963574140876E-005)
  0.35246499999999997        1.2500000000000000     
 (  5.7181910497843182E-003,  2.2850360538898717E-005) (  5.7270208777917917E-003,  2.2919238183409219E-005)
 (  5.5892415181064492E-003,  2.2659356009679338E-005) (  5.5290292974684928E-010,  2.2448083015224302E-012) (  5.5290292973809388E-010,  2.2448083014986431E-012) ( -5.5978958679922903E-003, -2.2727736418350997E-005)
  0.40245999999999998        1.2500000000000000     
 (  8.5477474894449200E-003,  4.5461030001830715E-005) (  8.5610209218772299E-003,  4.5599216052491119E-005)
 (  8.2976631894816841E-003,  4.5086699502044560E-005) (  8.2083807552618017E-010,  4.4667435236002642E-012) (  8.2083807549742034E-010,  4.4667435235228049E-012) ( -8.3105950711807597E-003, -4.5223892471779412E-005)
  0.45245499999999994        1.2500000000000000     
 (  1.2200562542739126E-002,  8.5425293043450484E-005) (  1.2219628189536955E-002,  8.5687435274419516E-005)
 (  1.1751875646580524E-002,  8.4742705867859154E-005) (  1.1625599266828290E-009,  8.3957062027867677E-012) (  1.1625599266008188E-009,  8.3957062025802035E-012) ( -1.1770325958768871E-002, -8.5002985937654527E-005)
  0.50244999999999995        1.2500000000000000     
 (  1.6791346356561130E-002,  1.5254355278618360E-004) (  1.6817769864530936E-002,  1.5301662764695550E-004)
 (  1.6034359820445276E-002,  1.5136396898953424E-004) (  1.5862333054700034E-009,  1.4996544893271722E-011) (  1.5862333052605050E-009,  1.4996544892725931E-011) ( -1.6059740293493573E-002, -1.5183369801188178E-004)
  0.55244499999999985        1.2500000000000000     
 (  2.2438530732260271E-002,  2.6037213775386960E-004) (  2.2474111384339666E-002,  2.6118901543328372E-004)
 (  2.1223480698291206E-002,  2.5841328577445427E-004) (  2.0996173160918304E-009,  2.5603469220079945E-011) (  2.0996173156030246E-009,  2.5603469218837268E-011) ( -2.1257378280488935E-002, -2.5922431562084864E-004)
  0.60243999999999998        1.2500000000000000     
 (  2.9264298060112853E-002,  4.2706412503094561E-004) (  2.9311086523420696E-002,  4.2842089154279352E-004)
 (  2.7392692509368554E-002,  4.2390411120493530E-004) (  2.7099868368919148E-009,  4.2001843167433371E-011) (  2.7099868358328085E-009,  4.2001843164922309E-011) ( -2.7436873113635563E-002, -4.2525082859320117E-004)
  0.65243499999999988        1.2500000000000000     
 (  3.7394456312195581E-002,  6.7626919596732132E-004) (  3.7454773171134520E-002,  6.7844683766800525E-004)
 (  3.4609594721316597E-002,  6.7127468796715907E-004) (  3.4240392294841108E-009,  6.6514939379873403E-011) (  3.4240392273182116E-009,  6.6514939376070479E-011) ( -3.4666005788432548E-002, -6.7343523611901530E-004)
  0.70242999999999989        1.2500000000000000     
 (  4.6958155327640749E-002,  1.0380736792752517E-003) (  4.7034609479986153E-002,  1.0414647424436497E-003)
 (  4.2934834483783990E-002,  1.0302888478409288E-003) (  4.2477857745600675E-009,  1.0209338086039162E-010) (  4.2477857704062229E-009,  1.0209338085139879E-010) ( -4.3005605178739865E-002, -1.0336510333441100E-003)
  0.75242499999999990        1.2500000000000000     
 (  5.8087405131535153E-002,  1.5499550538416995E-003) (  5.8182911813265598E-002,  1.5550958673250807E-003)
 (  5.2420808945771301E-002,  1.5379323347842694E-003) (  5.1864233113493235E-009,  1.5240418791701861E-010) (  5.1864233037962033E-009,  1.5240418790398814E-010) ( -5.2508247580842562E-002, -1.5430246592634102E-003)
  0.80241999999999991        1.2500000000000000     
 (  7.0916400188423018E-002,  2.2577176027364361E-003) (  7.1034197147663805E-002,  2.2653266058080615E-003)
 (  6.3110173438773370E-002,  2.2392644252894551E-003) (  6.2441865256833255E-009,  2.2191544891108630E-010) (  6.2441865122061015E-009,  2.2191544889156187E-010) ( -6.3216760161983590E-002, -2.2467925760234235E-003)
  0.85241499999999992        1.2500000000000000     
 (  8.5580598532501259E-002,  3.2163663193021225E-003) (  8.5724259124045188E-002,  3.2273888640001235E-003)
 (  7.5034091663204280E-002,  3.1881732759019899E-003) (  7.4241746356457192E-009,  3.1597149925566898E-010) (  7.4241746129095078E-009,  3.1597149922930068E-010) ( -7.5162465132190312E-002, -3.1990621601422718E-003)
  0.90240999999999982        1.2500000000000000     
 ( 0.10221558686040441     ,  4.4908677231627128E-003) ( 0.10238902972419507     ,  4.5065275574819848E-003)
 (  8.8210266531330003E-002,  4.4479728715579115E-003) (  8.7281563373663165E-009,  4.4085245018824985E-010) (  8.7281562999126173E-009,  4.4085245014176980E-010) ( -8.8363203411458216E-002, -4.4634140170062521E-003)
  0.95240499999999984        1.2500000000000000     
 ( 0.12095569637218363     ,  6.1567375259914438E-003) ( 0.12116318749092529     ,  6.1785948997727901E-003)
 ( 0.10264069338134973     ,  6.0917683930561276E-003) (  1.0156346890253860E-008,  6.0381080581714461E-010) (  1.0156346829681308E-008,  6.0381080578765738E-010) (-0.10282107618452374     , -6.1132721453882313E-003)
   1.0024000000000000        1.2500000000000000     
 ( 0.14193239531784421     ,  8.3003824333602958E-003) ( 0.14217854387727963     ,  8.3303982227816223E-003)
 ( 0.11830918320923750     ,  8.2025012079592792E-003) (  1.1707162669381333E-008,  8.1307633513460437E-010) (  1.1707162574794560E-008,  8.1307633514658174E-010) (-0.11851995792826771     , -8.2319524472298979E-003)
   1.0523950000000000        1.2500000000000000     
 ( 0.16527252843720494     ,  1.1019127295205572E-002) ( 0.16556227224065861     ,  1.1059732212268841E-002)
 ( 0.13517868630673829     ,  1.0872585531427196E-002) (  1.3376955432036709E-008,  1.0778204694363711E-009) (  1.3376955286221648E-008,  1.0778204695565044E-009) (-0.13542280355035533     , -1.0912301099121341E-002)
   1.1023899999999998        1.2500000000000000     
 ( 0.19109636171186009     ,  1.4420851690161872E-002) ( 0.19143494040425404     ,  1.4475019117803852E-002)
 ( 0.15318841827735230     ,  1.4203037618907137E-002) (  1.5159727046618206E-008,  1.4080703688499580E-009) (  1.5159726828567090E-008,  1.4080703691773427E-009) (-0.15346875768821369     , -1.4255822860439984E-002)
   1.1523849999999998        1.2500000000000000     
 ( 0.21951570409930685     ,  1.8623159644159355E-002) ( 0.21990862095252331     ,  1.8694479690739087E-002)
 ( 0.17225099743508160     ,  1.8301993913040219E-002) (  1.7046845249814369E-008,  1.8145623210562375E-009) (  1.7046844930451948E-008,  1.8145623218139140E-009) (-0.17257027353409340     , -1.8371194478770975E-002)
   1.2023800000000000        1.2500000000000000     
 ( 0.25063192833269582     ,  2.3752038699193109E-002) ( 0.25108489680231050     ,  2.3844790865065177E-002)
 ( 0.19224947493824024     ,  2.3282541654159685E-002) (  1.9026748534110053E-008,  2.3085268823303360E-009) (  1.9026748070130068E-008,  2.3085268839830817E-009) (-0.19261012150056614     , -2.3372086105828329E-002)
   1.2523750000000000        1.2500000000000000     
 ( 0.28453440356901250     ,  2.9939968591212080E-002) ( 0.28505328032901700     ,  3.0059189750380359E-002)
 ( 0.21303474053835364     ,  2.9259784053190366E-002) (  2.1084688272665593E-008,  2.9013979814752287E-009) (  2.1084687616312845E-008,  2.9013979845263001E-009) (-0.21343877420422280     , -2.9374211652994843E-002)
   1.3023699999999998        1.2500000000000000     
 ( 0.32129908915158489     ,  3.7323495556945176E-002) ( 0.32188979176984911     ,  3.7475039563048519E-002)
 ( 0.23442307306190663     ,  3.6347111249426863E-002) (  2.3202484970798636E-008,  3.6044430860146958E-009) (  2.3202484052178778E-008,  3.6044430916242456E-009) (-0.23487193390037428     , -3.6491578324878961E-002)
   1.3523649999999998        1.2500000000000000     
 ( 0.36098941917686356     ,  4.6040337988899026E-002) ( 0.36165785363763941     ,  4.6230920297980080E-002)
 ( 0.25619316938435516     ,  4.4651676106231615E-002) (  2.5358234494924014E-008,  4.4283142708656641E-009) (  2.5358234805799453E-008,  4.4283143089753010E-009) (-0.25668747624925858     , -4.4831931904601552E-002)
   1.4023599999999998        1.2500000000000000     
 ( 0.40365073186411737     ,  5.6226038638691252E-002) ( 0.40440264252054320     ,  5.6463277635953601E-002)
 ( 0.27808962632030287     ,  5.4269110314492358E-002) (  2.7526648122831701E-008,  5.3825241727958815E-009) (  2.7526648555560168E-008,  5.3825242298513922E-009) (-0.27862916974023655     , -5.4491444828904480E-002)
   1.4523549999999998        1.2500000000000000     
 ( 0.44931878806268294     ,  6.8010585138881127E-002) ( 0.45015969692109153     ,  6.8303011776848749E-002)
 ( 0.29981663946672338     ,  6.5277649462723214E-002) (  2.9678433325205127E-008,  6.4748624948190337E-009) (  2.9678433916764798E-008,  6.4748625797006132E-009) (-0.30040001437292380     , -6.5548788044481540E-002)
   1.5023499999999999        1.2500000000000000     
 ( 0.49801700536156157     ,  8.1514944436826428E-002) ( 0.49895209668448304     ,  8.1872004805061016E-002)
 ( 0.32104287790113206     ,  7.7731766295235080E-002) (  3.1780773626946751E-008,  7.7107643965209823E-009) (  3.1780774425110615E-008,  7.7107645194616537E-009) (-0.32166733713690948     , -7.8058721718796839E-002)
   1.5523449999999999        1.2500000000000000     
 ( 0.54976064510245737     ,  9.6848012976679360E-002) ( 0.55079467372807800     ,  9.7280053926572616E-002)
 ( 0.34140302064640937     ,  9.1655566349830020E-002) (  3.3797481850539120E-008,  9.0926549984222820E-009) (  3.3797482916084115E-008,  9.0926551745130599E-009) (-0.34206428719408871     , -9.2045434600733278E-002)
   1.6023399999999999        1.2500000000000000     
 ( 0.60456097183811486     , 0.11410431870212102     ) ( 0.60569818216168181     , 0.11462256690399460     )
 ( 0.36050150260976649     , 0.10703625653999932     ) (  3.5689372023131473E-008,  1.0619301729111244E-008) (  3.5689373431114299E-008,  1.0619301976817897E-008) (-0.36119360465491462     ,-0.10749595804650966     )
   1.6523349999999999        1.2500000000000000     
 ( 0.66243009245545748     , 0.13336274931752698     ) ( 0.66367415454753664     , 0.13397928829691111     )
 ( 0.37791742485211455     , 0.12381785865710282     ) (  3.7414747157818586E-008,  1.2285191030916648E-008) (  3.7414749003581345E-008,  1.2285191375236620E-008) (-0.37863257064770667     ,-0.12435382065406297     )
   1.7023299999999999        1.2500000000000000     
 ( 0.72338695698233157     , 0.15468671372353912     ) ( 0.72474092410783508     , 0.15541447288008275     )
 ( 0.39321111600145342     , 0.14189549082274835     ) (  3.8930050710370535E-008,  1.4079962296949961E-008) (  3.8930053105543322E-008,  1.4079962768133572E-008) (-0.39393962191832810     ,-0.14251327615330658     )
   1.7523250000000001        1.2500000000000000     
 ( 0.78746323149676667     , 0.17812608742866329     ) ( 0.78892950934615869     , 0.17897885593488724     )
 ( 0.40593158589212591     , 0.16111048393090974     ) (  4.0190606480220842E-008,  1.5987925362339592E-008) (  4.0190609570293807E-008,  1.5987926000541999E-008) (-0.40666187460243347     ,-0.16181437195472043     )
   1.8023199999999997        1.2500000000000000     
 ( 0.85470914904817086     , 0.20372102638318398     ) ( 0.85628946403296091     , 0.20471350414703260     )
 ( 0.41562498140456050     , 0.18124640225578426     ) (  4.1151457364786775E-008,  1.7987668414673984E-008) (  4.1151461305402501E-008,  1.7987669266188576E-008) (-0.41634366801490053     ,-0.18203892938609900     )
   1.8523149999999997        1.2500000000000000     
 ( 0.92519861187135954     , 0.23150779183865977     ) ( 0.92689396749462538     , 0.23265568974210712     )
 ( 0.42184396097177024     , 0.20202610183670952     ) (  4.1768293983267931E-008,  2.0051769713875866E-008) (  4.1768298974332129E-008,  2.0051770832634932E-008) (-0.42253603925525451     ,-0.20290757492648701     )
   1.9023099999999997        1.2500000000000000     
 ( 0.99903309048407063     , 0.26152651185391124     ) (  1.0008436847757074     , 0.26284670896267370     )
 ( 0.42415771341253350     , 0.22310985716457910     ) (  4.1998446729082319E-008,  2.2146616091577367E-008) (  4.1998453001629174E-008,  2.2146617549433493E-008) (-0.42480686897406367     ,-0.22407785899340904     )
   1.9523049999999997        1.2500000000000000     
 (  1.0763428739442218     , 0.29383051134429700     ) (  1.0782679312568919     , 0.29534126208915645     )
 ( 0.42216218983496284     , 0.24409442243386492     ) (  4.1801896679685296E-008,  2.4232314133481771E-008) (  4.1801904501298558E-008,  2.4232316010221424E-008) (-0.42275125338239372     ,-0.24514332815164849     )
   2.0023000000000000        1.2500000000000000     
 (  1.1572904382593547     , 0.32849741056395332     ) (  1.1593282449002325     , 0.33021870506535311     )
 ( 0.41549439057098575     , 0.26451361328039458     ) (  4.1142693497598694E-008,  2.6262756558725779E-008) (  4.1142692534573214E-008,  2.6262756559393012E-008) (-0.41600636286928566     ,-0.26563427043026605     )
   2.0522950000000000        1.2500000000000000     
 (  1.2420517073980137     , 0.36563827966933127     ) (  1.2441983146887969     , 0.36759177821541972     )
 ( 0.40383270004829502     , 0.28383758368270690     ) (  3.9988953057332772E-008,  2.8185538572460802E-008) (  3.9988951800938251E-008,  2.8185538574042351E-008) (-0.40425039067043450     ,-0.28501664566106166     )
   2.1022900000000000        1.2500000000000000     
 (  1.3308287648889887     , 0.40541106257382614     ) (  1.3330781755831289     , 0.40762057817487513     )
 ( 0.38692531822653958     , 0.30147741514791720     ) (  3.8315705366504657E-008,  2.9942436315932706E-008) (  3.8315703727624064E-008,  2.9942436318430785E-008) (-0.38723338850326555     ,-0.30269743255937975     )
   2.1522849999999996        1.2500000000000000     
 (  1.4238257124351663     , 0.44802822025241890     ) (  1.4261687940096233     , 0.45051968337312964     )
 ( 0.36459414859938127     , 0.31678708247357118     ) (  3.6105242051512589E-008,  3.1469587084364026E-008) (  3.6105239932168366E-008,  3.1469587088279144E-008) (-0.36477992688141481     ,-0.31802643030044325     )
   2.2022799999999996        1.2500000000000000     
 (  1.5212363565390892     , 0.49376391182529972     ) (  1.5236597947632824     , 0.49656519058282189     )
 ( 0.33675187272513252     , 0.32906943257492954     ) (  3.3348799429329404E-008,  3.2698080708668128E-008) (  3.3348796699562980E-008,  3.2698080714776070E-008) (-0.33680664569163427     ,-0.33030264356572298     )
   2.2522749999999996        1.2500000000000000     
 (  1.6232262275419111     , 0.54295692914889060     ) (  1.6257113467502606     , 0.54609728242729216     )
 ( 0.30341869131490284     , 0.33758467901895989     ) (  3.0048204901407054E-008,  3.3554791215442044E-008) (  3.0048201416911152E-008,  3.3554791223209746E-008) (-0.30333909714882018     ,-0.33878319090432879     )
   2.3022699999999996        1.2500000000000000     
 (  1.7299114480065003     , 0.59600806070657886     ) (  1.7324329836057526     , 0.59951710990884832     )
 ( 0.26473904719364566     , 0.34156261936694676     ) (  2.6217517096164245E-008,  3.3963571792846064E-008) (  2.6217512657843619E-008,  3.3963571801635625E-008) (-0.26452838694765157     ,-0.34269603812321736     )
   2.3522650000000001        1.2500000000000000     
 (  1.8413371326150916     , 0.65337096664666350     ) (  1.8438621359919520     , 0.65727710082729474     )
 ( 0.22099936559599750     , 0.34022025660056848     ) (  2.1884774983208169E-008,  3.3846978479218973E-008) (  2.1884769366964249E-008,  3.3846978488603840E-008) (-0.22066871105614386     ,-0.34125819925829454     )
   2.4022600000000001        1.2500000000000000     
 (  1.9574563466389936     , 0.71553549401963612     ) (  1.9599434955012762     , 0.71986366645469879     )
 ( 0.17264325620319448     , 0.33278521809761047     ) (  1.7093496535780373E-008,  3.3128561010274517E-008) (  1.7093489446154263E-008,  3.3128561012836739E-008) (-0.17221203825097606     ,-0.33369973897708943     )
   2.4522550000000001        1.2500000000000000     
 (  2.0781136380571366     , 0.78300263035353623     ) (  2.0805132210532271     , 0.78777165243280312     )
 ( 0.12028357861901601     , 0.31852608743254729     ) (  1.1903879530415171E-008,  3.1735833695165336E-008) (  1.1903870628280444E-008,  3.1735833679586111E-008) (-0.11977941989905797     ,-0.31929456991350202     )
   2.5022500000000001        1.2500000000000000     
 (  2.2030352392544370     , 0.85625229713853934     ) (  2.2052901220195302     , 0.86147184868267601     )
 (  6.4707598930828822E-002, 0.29678870885107173     ) (  6.3933272478014241E-009,  2.9603834481303846E-008) (  6.3933161178501403E-009,  2.9603834420002245E-008) ( -6.4165075793131965E-002,-0.29739696842517371     )
   2.5522449999999997        1.2500000000000000     
 (  2.3318291265137603     , 0.93570578288395734     ) (  2.3338768675935091     , 0.94137354041304999     )
 (  6.8722355326211139E-003, 0.26703742755169207     ) (  6.5600657962168797E-010,  2.6679174569116063E-008) (  6.5599273061961534E-010,  2.6679174455596450E-008) ( -6.3303820959156034E-003,-0.26748260506430133     )
   2.6022399999999997        1.2500000000000000     
 (  2.4639998433067500     ,  1.0216862658917820     ) (  2.4657760256938075     ,  1.0277856490944983     )
 ( -5.2112847649789164E-002, 0.22889746190995899     ) ( -5.1987804149943578E-009,  2.2924206724615987E-008) ( -5.1987975952097424E-009,  2.2924206503841707E-008) (  5.2614282910718464E-002,-0.22919017082596435     )
   2.6522349999999997        1.2500000000000000     
 (  2.5989810562814362     ,  1.1143827412519129     ) (  2.6004238707460345     ,  1.1208818222698502     )
 (-0.11101929349484362     , 0.18219421396351057     ) ( -1.1049925624161943E-008,  1.8320906777950418E-008) ( -1.1049923163708326E-008,  1.8320907113773719E-008) ( 0.11144514737085476     ,-0.18235939126477785     )
   2.7022299999999997        1.2500000000000000     
 (  2.7361577759371087     ,  1.2138217399898688     ) (  2.7372118277764237     ,  1.2206738209666095     )
 (-0.16852906455837968     , 0.12698529496272656     ) ( -1.6767265962382455E-008,  1.2874041284127931E-008) ( -1.6767262910835728E-008,  1.2874041684023030E-008) ( 0.16885242377146173     ,-0.12706116551120364     )
   2.7522249999999997        1.2500000000000000     
 (  2.8749474173155378     ,  1.3198563390846252     ) (  2.8755690332099069     ,  1.3270022008130107     )
 (-0.22330876120967399     ,  6.3576520010162632E-002) ( -2.2218954329286315E-008,  6.6127939136193277E-009) ( -2.2218950561204885E-008,  6.6127943865055724E-009) ( 0.22351737830809021     , -6.3611723663886149E-002)
   2.8022199999999997        1.2500000000000000     
 (  3.0148391391219813     ,  1.4321711512817461     ) (  3.0149995127880076     ,  1.4395429880110082     )
 (-0.27405381067988760     , -7.4769670401849068E-003) ( -2.7275725497434846E-008, -4.0907659590561448E-010) ( -2.7275720854501332E-008, -4.0907604136192453E-010) ( 0.27415349132518890     ,  7.4281976751971335E-003)
   2.8522149999999997        1.2500000000000000     
 (  3.1554514574093409     ,  1.5503090214391444     ) (  3.1551383718547594     ,  1.5578353845557782     )
 (-0.31954596191719775     , -8.5388988959828938E-002) ( -3.1816562514272896E-008, -8.1149712248640592E-009) ( -3.1816556824077061E-008, -8.1149705807697274E-009) ( 0.31956265490542207     ,  8.5272954375837165E-002)
   2.9022099999999997        1.2500000000000000     
 (  3.2965764171489096     ,  1.6737154610619553     ) (  3.2957939453601228     ,  1.6813264831330530     )
 (-0.35869904231429145     ,-0.16917596236395635     ) ( -3.5733213359093495E-008, -1.6408692048037670E-008) ( -3.5733206391708923E-008, -1.6408691304849797E-008) ( 0.35867871084896041     , 0.16894620202246768     )
   2.9522049999999997        1.2500000000000000     
 (  3.4382057004697582     ,  1.8017958775944589     ) (  3.4369719891886090     ,  1.8094278287450902     )
 (-0.39058788443993447     ,-0.25770081426387903     ) ( -3.8933072816115813E-008, -2.5178699689289111E-008) ( -3.8933064319235676E-008, -2.5178698840246631E-008) ( 0.39059416429580751     , 0.25732449883341557     )
   3.0021999999999998        1.2500000000000000     
 (  3.5805373560066882     ,  1.9339788787512839     ) (  3.5788808910636409     ,  1.9415773184763059     )
 (-0.41446057486602489     ,-0.34972025049923050     ) ( -4.1340440022057009E-008, -3.4302713565594138E-008) ( -4.1340429707700752E-008, -3.4302712606328141E-008) ( 0.41457051101711367     , 0.34918353247592898     )
   3.0521949999999998        1.2500000000000000     
 (  3.7239619804558686     ,  2.0697779496669497     ) (  3.7219171539771705     ,  2.0772990293652742     )
 (-0.42973411126432082     ,-0.44392641141632982     ) ( -4.2896159225116016E-008, -4.3651774094954842E-008) ( -4.2896146689764349E-008, -4.3651773022391107E-008) ( 0.43003257622169216     , 0.44323824173056969     )
   3.1021899999999998        1.2500000000000000     
 (  3.8690315801047404     ,  2.2088437635195604     ) (  3.8666343297087753     ,  2.2162535048370628     )
 (-0.43597832611041354     ,-0.53897849122401043     ) ( -4.3556115739227097E-008, -5.3093341849571112E-008) ( -4.3556100549841182E-008, -5.3093340662397275E-008) ( 0.43655176294041947     , 0.53817273041551716     )
   3.1521849999999998        1.2500000000000000     
 (  4.0164158504519403     ,  2.3510065607026465     ) (  4.0137002806944171     ,  2.3582784064108275     )
 (-0.43289448077671522     ,-0.63352011195270141     ) ( -4.3289199593502214E-008, -6.2493011134280321E-008) ( -4.3289181282885730E-008, -6.2493009839617063E-008) ( 0.43382446404004849     , 0.63265600896890695     )
   3.2021799999999998        1.2500000000000000     
 (  4.1668502764148529     ,  2.4963016435275489     ) (  4.1638467430052462     ,  2.5034127668186570     )
 (-0.42029485486113050     ,-0.72618177960953822     ) ( -4.2075366138292841E-008, -7.1714775832532572E-008) ( -4.2075344075041986E-008, -7.1714774434176970E-008) ( 0.42165184642210340     , 0.72534309059575197     )
   3.2521749999999998        1.2500000000000000     
 (  4.3210823057458949     ,  2.6449831412987934     ) (  4.3178175145076008     ,  2.6519101888756578     )
 (-0.39809181196973070     ,-0.81557221538086788     ) ( -3.9904621437014268E-008, -8.0620215720617491E-008) ( -3.9904594907471139E-008, -8.0620214238962790E-008) ( 0.39992925779165300     , 0.81486522707696551     )
   3.3021699999999998        1.2500000000000000     
 (  4.4798147759999170     ,  2.7975249104539146     ) (  4.4763139558370151     ,  2.8042399517649752     )
 (-0.36629814085324519     ,-0.90026339552473555     ) ( -3.6777096695632534E-008, -8.9067074606715873E-008) ( -3.6777064857194715E-008, -8.9067073074586081E-008) ( 0.36864680954489876     , 0.89981399751374180     )
   3.3521649999999998        1.2500000000000000     
 (  4.6436515364883331     ,  2.9546098358854374     ) (  4.6399426590496642     ,  2.9610773700648441     )
 (-0.32504247771671713     ,-0.97877491227832714     ) ( -3.2704602187149891E-008, -9.6907776938177667E-008) ( -3.2704564096876449E-008, -9.6907775347137806E-008) ( 0.32790503636282747     , 0.97872471123719396     )
   3.4021599999999999        1.2500000000000000     
 (  4.8130444033682904     ,  3.1171074687244182     ) (  4.8091640773393811     ,  3.1232832588782022     )
 (-0.27460024603951522     , -1.0495643869736229     ) ( -2.7713680991209889E-008, -1.0398854283820792E-007) ( -2.7713635426800892E-008, -1.0398854122461061E-007) ( 0.27794579854361573     ,  1.0500656030825233     )
   3.4521549999999999        1.2500000000000000     
 (  4.9882513114583240     ,  3.2860411130132392     ) (  4.9842524554692629     ,  3.2918736352912297     )
 (-0.21542841569499957     , -1.1110322500215424     ) ( -2.1848992621058632E-008, -1.1014991604161411E-007) ( -2.1849001155864991E-008, -1.1014991753510296E-007) ( 0.21918623230485931     ,  1.1122408963237782     )
   3.5021500000000003        1.2500000000000000     
 (  5.1692518693362546     ,  3.4625372396798535     ) (  5.1652090023320261     ,  3.4679724813253552     )
 (-0.14824086726818086     , -1.1615450024763427     ) ( -1.5180880782055442E-008, -1.1522911723946865E-007) ( -1.5180890976921079E-008, -1.1522911911053845E-007) ( 0.15229926549723691     ,  1.1636122293974200     )
   3.5521449999999994        1.2500000000000000     
 (  5.3557634196492065     ,  3.6477643126995791     ) (  5.3517804056482419     ,  3.6527541380773894     )
 ( -7.4019088702372809E-002, -1.1994812984751062     ) ( -7.8061581212605465E-009, -1.1906460525463748E-007) ( -7.8061702602964955E-009, -1.1906460758774611E-007) (  7.8219452555336577E-002,  1.2025417374761420     )
   3.6021399999999995        1.2500000000000000     
 (  5.5471835728192653     ,  3.8428491525929322     ) (  5.5433961842512582     ,  3.8473633316563811     )
 (  5.9287709280023675E-003, -1.2233028376371540     ) (  1.4596541347508467E-010, -1.2150310055127574E-007) (  1.4595101044473986E-010, -1.2150310341069208E-007) ( -1.7908709524080064E-003,  1.2274607356763747     )
   3.6521349999999995        1.2500000000000000     
 (  5.7425986343133424     ,  4.0487832941994029     ) (  5.7391730253941047     ,  4.0528242161513575     )
 (  8.9957671175136963E-002, -1.2316457058902677     ) (  8.5129592015919720E-009, -1.2240857960793027E-007) (  8.5129421577491078E-009, -1.2240858309874193E-007) ( -8.6127794246910000E-002,  1.2369591154181434     )
   3.7021299999999995        1.2500000000000000     
 (  5.9408180008108946     ,  4.2663215356402180     ) (  5.9379427982838751     ,  4.2699399026090736     )
 ( 0.17610597386163429     , -1.2234248848430345     ) (  1.7101008883747125E-008, -1.2167255043772745E-007) (  1.7100988800925233E-008, -1.2167255466680541E-007) (-0.17286013145628282     ,  1.2298896319676778     )
   3.7521249999999995        1.2500000000000000     
 (  6.1404441592615209     ,  4.4958872436449751     ) (  6.1383152365751803     ,  4.4991958779452759     )
 ( 0.26215271827904002     , -1.1979357715728565     ) (  2.5690682957614038E-008, -1.1922401029234608E-007) (  2.5690659339545977E-008, -1.1922401537826798E-007) (-0.25977974224077088     ,  1.2054718405465941     )
   3.8021199999999995        1.2500000000000000     
 (  6.3399816488554475     ,  4.7375018844178829     ) (  6.3387798501655332     ,  4.7406840706510902     )
 ( 0.34571711698061774     , -1.1549371757408060     ) (  3.4046719882210682E-008, -1.1503755479592581E-007) (  3.4046692194923247E-008, -1.1503756085635173E-007) (-0.34449450301718398     ,  1.1633807084914107     )
   3.8521149999999995        1.2500000000000000     
 (  6.5379729869591312     ,  4.9907535555482445     ) (  6.5378371981604282     ,  4.9940625976260735     )
 ( 0.42438680880603263     , -1.0946960709779336     ) (  4.1930615410096798E-008, -1.0913774615687063E-007) (  4.1930583060226203E-008, -1.0913775332247455E-007) (-0.42455234148127535     ,  1.1038006370383757     )
   3.9021099999999995        1.2500000000000000     
 (  6.7331461349777850     ,  5.2548197902327667     ) (  6.7341454852667786     ,  5.2585670812529539     )
 ( 0.49585964623216799     , -1.0179830435683739     ) (  4.9114493506902216E-008, -1.0159862033413449E-007) (  4.9114455733582607E-008, -1.0159862873361761E-007) (-0.49758261641587032     ,  1.0274320984941476     )
   3.9521050000000000        1.2500000000000000     
 (  6.9245472417753815     ,  5.5285433942912263     ) (  6.9266579974109295     ,  5.5330748230606064     )
 ( 0.55807563624621592     ,-0.92601128125032828     ) (  5.5393988828959351E-008, -9.2537704088642715E-008) (  5.5393944862922830E-008, -9.2537713843598648E-008) (-0.56143317848865126     , 0.93544232646053704     )
   4.0021000000000004        1.2500000000000000     
 (  7.1116380420097789     ,  5.8105587010173112     ) (  7.1147303475988455     ,  5.8162217206454070     )
 ( 0.60931236187018545     ,-0.82033475157793312     ) (  6.0597524999357243E-008, -8.2106064107363770E-008) (  6.0597473922692648E-008, -8.2106075338223725E-008) (-0.61427589752999612     , 0.82937255952748856     )
   4.0520950000000004        1.2500000000000000     
 (  7.2943393929748712     ,  6.0994380287640695     ) (  7.2981777053374373     ,  6.1065443269737703     )
 ( 0.64823138596637919     ,-0.70271881202686115     ) (  6.4590799028124364E-008, -7.0475699360649525E-008) (  6.4590739788871157E-008, -7.0475712162976236E-008) (-0.65466698430081383     , 0.71101267120124467     )
   4.1020900000000005        1.2500000000000000     
 (  7.4730177010221883     ,  6.3938461451234767     ) (  7.4772759397708981     ,  6.4026364225756458     )
 ( 0.67386892261122289     ,-0.57501501753108519     ) (  6.7275825289063864E-008, -5.7827389674805037E-008) (  6.7275756693273466E-008, -5.7827404139588153E-008) (-0.68155243054382253     , 0.58227355265560432     )
   4.1520850000000005        1.2500000000000000     
 (  7.6484211374799154     ,  6.6926687294468339     ) (  7.6527101195511333     ,  6.7032855396938986     )
 ( 0.68557976851712432     ,-0.43905694585648841     ) (  6.8585454391492270E-008, -4.4340634853176857E-008) (  6.8585375028024865E-008, -4.4340651028789351E-008) (-0.69422428687578319     , 0.44507435312799620     )
   4.2020800000000005        1.2500000000000000     
 (  7.8215816071713533     ,  6.9951054748420063     ) (  7.8254842990483695     ,  7.0075785503304600     )
 ( 0.68295073534820583     ,-0.29660094129546916     ) (  6.8474946417462821E-008, -3.0187993038709399E-008) (  6.8474854765903307E-008, -3.0188010937968620E-008) (-0.69224162152915980     , 0.30127030347926959     )
   4.2520750000000005        1.2500000000000000     
 (  7.9937182977341150     ,  7.3007217312606167     ) (  7.9968274885971518     ,  7.3149673770609773     )
 ( 0.66569999790178935     ,-0.14931182135796131     ) (  6.6912128896507664E-008, -1.5533854236901525E-008) (  6.6912149210597492E-008, -1.5533852445395012E-008) (-0.67532918974173428     , 0.15262432213898014     )
   4.3020699999999996        1.2500000000000000     
 (  8.1660729526712128     ,  7.6094544734758793     ) (  8.1680217342959658     ,  7.6252871052266427     )
 ( 0.63362976632843226     ,  1.2082338032592330E-003) (  6.3873272165566817E-008, -5.3726903036950940E-010) (  6.3873296173257394E-008, -5.3726664314200541E-010) (-0.64333288360643182     ,  8.2136725855201946E-004)
   4.3520649999999996        1.2500000000000000     
 (  8.3398990545250822     ,  7.9216059631516060     ) (  8.3403881975675578     ,  7.9387593823597546     )
 ( 0.58652481498335240     , 0.15336064693552240     ) (  5.9332843104460436E-008,  1.4642021983208482E-008) (  5.9332871446093635E-008,  1.4642025115749690E-008) (-0.59609909198096123     ,-0.15247970215512077     )
   4.4020599999999996        1.2500000000000000     
 (  8.5163352773174701     ,  8.2378059565101847     ) (  8.5151474402034992     ,  8.2559591037363838     )
 ( 0.52416552112779125     , 0.30547097533741940     ) (  5.3265331631562136E-008,  2.9835876916716598E-008) (  5.3265365019155903E-008,  2.9835880985659919E-008) (-0.53348344910949874     ,-0.30557333115898494     )
   4.4520549999999997        1.2500000000000000     
 (  8.6963626135680929     ,  8.5589798798313552     ) (  8.6933679320311814     ,  8.5777833738155174     )
 ( 0.44634243520180483     , 0.45571036389627673     ) (  4.5646886838896635E-008,  4.4860056434474119E-008) (  4.5646925927094671E-008,  4.4860061634606179E-008) (-0.45535297747178982     ,-0.45662878645540883     )
   4.5020499999999997        1.2500000000000000     
 (  8.8807566611282649     ,  8.8863143482644400     ) (  8.8759098091516755     ,  8.9054145066660197     )
 ( 0.35291148088404689     , 0.60202465298701813     ) (  3.6461002117857572E-008,  5.9507387306231533E-008) (  3.6461047835804020E-008,  5.9507393961113615E-008) (-0.36163144981844275     ,-0.60361654478746762     )
   4.5520449999999997        1.2500000000000000     
 (  9.0700433005451693     ,  9.2212296565417766     ) (  9.0633749623833317     ,  9.2402877234294998     )
 ( 0.24388314480054152     , 0.74208536676239611     ) (  2.5707547318754680E-008,  7.3543162861075725E-008) (  2.5707600617017378E-008,  7.3543171300499176E-008) (-0.25238124406362250     ,-0.74425345780751206     )
   4.6020399999999997        1.2500000000000000     
 (  9.2644465929160429     ,  9.5653512340301177     ) (  9.2560516082472439     ,  9.5840573181422606     )
 ( 0.11953397529090518     , 0.87327263347266493     ) (  1.3413961353621235E-008,  8.6703807336231404E-008) (  1.3414023327899637E-008,  8.6703817982264131E-008) (-0.12790997236456311     ,-0.87597886418658644     )
   4.6520349999999997        1.2500000000000000     
 (  9.4638245305069368     ,  9.9204708959458419     ) (  9.4538491646250691     ,  9.9385526756098361     )
 ( -1.9462841406786956E-002, 0.99269316593614665     ) ( -3.5178943808792261E-010,  9.8699108121514113E-008) ( -3.5171754807371514E-010,  9.8699121479892490E-008) (  1.1101306325882392E-002,-0.99596507990740479     )
   4.7020300000000006        1.2500000000000000     
 (  9.6675946182039034     ,  10.288490110072024     ) (  9.6562244422911547     ,  10.305717069335985     )
 (-0.17190206474721564     ,  1.0972481019399196     ) ( -1.5467952174591332E-008,  1.0921945785601712E-007) ( -1.5467869086696477E-008,  1.0921947446352384E-007) ( 0.16346272668739362     , -1.1011777773939042     )
   4.7520250000000006        1.2500000000000000     
 (  9.8746526902168714     ,  10.671325324466489     ) (  9.8621025928627279     ,  10.687510173880328     )
 (-0.33591756078558838     ,  1.1837508820545513     ) ( -3.1746621759326849E-008,  1.1794804408653641E-007) ( -3.1746526123107425E-008,  1.1794806453153377E-007) ( 0.32734498099075898     , -1.1884872697803572     )
   4.8020200000000006        1.2500000000000000     
 (  10.083306566077873     ,  11.070770566607765     ) (  10.069812592730846     ,  11.085768835610697     )
 (-0.50887857649632418     ,  1.2491066407293445     ) ( -4.8924170867280459E-008,  1.2457902173525791E-007) ( -4.8924061118841050E-008,  1.2457904686110847E-007) ( 0.50017214384938802     , -1.2548421573653523     )
   4.8520150000000006        1.2500000000000000     
 (  10.291243061615832     ,  11.488308424756779     ) (  10.277056925378524     ,  11.502017763318801     )
 (-0.68733741369012535     ,  1.2905411257707902     ) ( -6.6657032037463840E-008,  1.2884025629075916E-007) ( -6.6656906511106274E-008,  1.2884028684738636E-007) ( 0.67856479580293583     , -1.2974938830928031     )
   4.9020100000000006        1.2500000000000000     
 (  10.495560979315707     ,  11.924881410346780     ) (  10.480945285679070     ,  11.937241388027479     )
 (-0.86705572424397115     ,  1.3058744844539671     ) ( -8.4525402663157831E-008,  1.3052002850658473E-007) ( -8.4525259454100065E-008,  1.3052006535440298E-007) ( 0.85836066731796024     , -1.3142676537919786     )
   4.9520050000000007        1.2500000000000000     
 (  10.692898653615190     ,  12.380646054566341     ) (  10.678123203687132     ,  12.391638958959177     )
 ( -1.0431306181482138     ,  1.2938082662539758     ) ( -1.0204667773833087E-007,  1.2949442491219645E-007) ( -1.0204651508207810E-007,  1.2949446904549280E-007) (  1.0347351522772876     , -1.3038480685955298     )
   5.0020000000000007        1.2500000000000000     
 (  10.879672154980708     ,  12.854754792937342     ) (  10.865009979536135     ,  12.864407121865899     )
 ( -1.2102424841002488     ,  1.2541797828529175     ) ( -1.1870043388556319E-007,  1.2575093956692584E-007) ( -1.1870024972908143E-007,  1.2575099220835920E-007) (  1.2024433243737640     , -1.2660338577867896     )
   5.0519950000000007        1.2500000000000000     
 (  11.052421329607915     ,  13.345220111899144     ) (  11.038143666155220     ,  13.353605253321929     )
 ( -1.3630104580663864     ,  1.1881309038835326     ) ( -1.3396320765947924E-007,  1.1940333330485316E-007) ( -1.3396299995429185E-007,  1.1940339513323389E-007) (  1.3561699738160276     , -1.2019081444942139     )
   5.1019899999999998        1.2500000000000000     
 (  11.208249162277188     ,  13.848919309671633     ) (  11.194620327497251     ,  13.856160412419268     )
 ( -1.4964101937615522     ,  1.0981374761340732     ) ( -1.4734827210387267E-007,  1.1069298734617782E-007) ( -1.4734831337907004E-007,  1.1069298645777608E-007) (  1.4909398331408821     , -1.1138716144169365     )
   5.1519849999999998        1.2500000000000000     
 (  11.345160489093168     ,  14.361760016207748     ) (  11.332426090069262     ,  14.368031627319098     )
 ( -1.6062564498130152     , 0.98786012096245501     ) ( -1.5845198293423373E-007,  9.9972956661194121E-008) ( -1.5845203135946146E-007,  9.9972955422351420E-008) (  1.6026096703081454     , -1.0054925398153605     )
   5.2019799999999998        1.2500000000000000     
 (  11.462534023741128     ,  14.879048744767024     ) (  11.450913952861780     ,  14.884579376329199     )
 ( -1.6894958368207560     , 0.86182696961310012     ) ( -1.6697907073770820E-007,  8.7677335892894496E-008) ( -1.6697912749085383E-007,  8.7677334179108060E-008) (  1.6881386094540678     ,-0.88119905651983388     )
   5.2519749999999998        1.2500000000000000     
 (  11.561234140842837     ,  15.395959681938150     ) (  11.550908828633377     ,  15.401030550679828     )
 ( -1.7444533441598051     , 0.72498566290290845     ) ( -1.7276557860890467E-007,  7.4278160019608902E-008) ( -1.7276564522092809E-007,  7.4278157498971756E-008) (  1.7458447850245484     ,-0.74583181571465884     )
   5.3019699999999998        1.2500000000000000     
 (  11.643620977477697     ,  15.908067229358577     ) (  11.634716518106966     ,  15.913008726666080     )
 ( -1.7708284496914994     , 0.58221545889743831     ) ( -1.7577709395514584E-007,  6.0239583354972051E-008) ( -1.7577717182208389E-007,  6.0239579770529378E-008) (  1.7753973677064638     ,-0.60416163211984630     )
   5.3519649999999999        1.2500000000000000     
 (  11.713341981516519     ,  16.411827219856512     ) (  11.705914381686124     ,  16.417010310556318     )
 ( -1.7695029732826437     , 0.43789091207766023     ) ( -1.7608963686142365E-007,  4.5977411008039366E-008) ( -1.7608972777109880E-007,  4.5977405942518768E-008) (  1.7776233080414454     ,-0.46045868631796644     )
   5.4019599999999999        1.2500000000000000     
 (  11.774969341648909     ,  16.904936043114013     ) (  11.768989196569255     ,  16.910757922111603     )
 ( -1.7422048138641961     , 0.29558080599319475     ) ( -1.7385752555977831E-007,  3.1831632594150048E-008) ( -1.7385763129676059E-007,  3.1831625529779298E-008) (  1.7541721878618810     ,-0.31819672430252532     )
   5.4519549999999999        1.2500000000000000     
 (  11.833557173265049     ,  17.386525305235399     ) (  11.828896821683321     ,  17.393389732651777     )
 ( -1.6911015687365116     , 0.15791914634112136     ) ( -1.6927499077096404E-007,  1.8055236037710229E-008) ( -1.6927511336175546E-007,  1.8055226310508618E-008) (  1.7071120807364872     ,-0.17992946557061612     )
   5.5019499999999999        1.2500000000000000     
 (  11.894196957666958     ,  17.857192557100397     ) (  11.890622666538349     ,  17.865483731183787     )
 ( -1.6184096500173142     ,  2.6649643534076600E-002) ( -1.6253965759855866E-007,  4.8192646279601291E-009) ( -1.6253979946228201E-007,  4.8192514959530486E-009) (  1.6385422479665501     , -4.7339371466068272E-002)
   5.5519449999999999        1.2500000000000000     
 (  11.961628860512686     ,  18.318900405002946     ) (  11.958799634264695     ,  18.328952823929274     )
 ( -1.5260829646650165     , -9.7185513452483982E-002) ( -1.5382372298157041E-007, -7.7686468515919793E-009) ( -1.5382388696724344E-007, -7.7686643453855859E-009) (  1.5502859406790022     ,  7.8570389762376458E-002)
   5.6019399999999999        1.2500000000000000     
 (  12.039930886286378     ,  18.774794050668458     ) (  12.037406297444216     ,  18.786859920539062     )
 ( -1.4156161752250234     ,-0.21297375824308251     ) ( -1.4325614436293902E-007, -1.9638094631653284E-008) ( -1.4325633328595876E-007, -1.9638117667169191E-008) (  1.4436985590482345     , 0.19720213108804224     )
   5.6519349999999999        1.2500000000000000     
 (  12.132298466907272     ,  19.228982277901125     ) (  12.129557300409793     ,  19.243197987743926     )
 ( -1.2879785759871212     ,-0.32022181796737903     ) ( -1.3091732391198030E-007, -3.0726208547223048E-008) ( -1.3091754068709963E-007, -3.0726238492173182E-008) (  1.3196060527033280     , 0.30805262578729087     )
   5.7019299999999999        1.2500000000000000     
 (  12.240885373548215     ,  19.686314522041322     ) (  12.237355315053366     ,  19.702670409986670     )
 ( -1.1436707873120915     ,-0.41825825466412914     ) ( -1.1684553149268090E-007, -4.0949423083956037E-008) ( -1.1684577971886770E-007, -4.0949461591526468E-008) (  1.1783651420272709     , 0.41041610785938576     )
   5.7519250000000000        1.2500000000000000     
 (  12.366687689056606     ,  20.152165295717580     ) (  12.361787803466481     ,  20.170482497481714     )
 (-0.98289029687548535     ,-0.50598080831346093     ) ( -1.0105386786046130E-007, -5.0179673179515380E-008) ( -1.0105415139105061E-007, -5.0179722340077992E-008) (  1.0200321148675922     , 0.50313197328525361     )
   5.8019200000000000        1.2500000000000000     
 (  12.509442792406714     ,  20.632224504944993     ) (  12.502636895539837     ,  20.652143098851404     )
 (-0.80578273591181893     ,-0.58168009801448095     ) ( -8.3555401416818026E-008, -5.8228326688320984E-008) ( -8.3555724248037983E-008, -5.8228388781540904E-008) ( 0.84461568411079502     , 0.58440927925913599     )
   5.8519150000000009        1.2500000000000000     
 (  12.667526747650648     ,  21.132275941712674     ) (  12.658385553075259     ,  21.153261145050422     )
 (-0.61276193028321879     ,-0.64296134479649958     ) ( -6.4394905431467348E-008, -6.4839814707327347E-008) ( -6.4395271889138550E-008, -6.4839892401254683E-008) ( 0.65239787847057862     , 0.65174702764346393     )
   5.9019100000000000        1.2500000000000000     
 (  12.837854388420270     ,  21.657931460208481     ) (  12.826120878741383     ,  21.679302114284184     )
 (-0.40486463846290599     ,-0.68679436912086667     ) ( -4.3683627213542253E-008, -6.9698218255047897E-008) ( -4.3684041561649157E-008, -6.9698314969507606E-008) ( 0.44429075377240046     , 0.70198150950047811     )
   5.9519050000000000        1.2500000000000000     
 (  13.015795701990598     ,  22.214294195698063     ) (  13.001444752091141     ,  22.235278632179323     )
 (-0.18410546019294871     ,-0.70970402599063387     ) ( -2.1633472997269829E-008, -7.2447755625197916E-008) ( -2.1633940127932228E-008, -7.2447874752435415E-008) ( 0.22219428221457313     , 0.73147098942074484     )
   6.0019000000000000        1.2500000000000000     
 (  13.195194765674902     ,  22.805536729089255     ) (  13.178477432949469     ,  22.825356392703675     )
 (  4.6212824900089176E-002,-0.70812931407326174     ) (  1.4134820555534625E-009, -7.2729905343736627E-008) (  1.4135585819578316E-009, -7.2729902283056367E-008) ( -1.0678108238159154E-002, 0.73644863696500706     )
   6.0518950000000000        1.2500000000000000     
 (  13.368338185946280     ,  23.434352180645238     ) (  13.349786243578023     ,  23.452326147037518     )
 ( 0.28139748520631097     ,-0.67891906477179365     ) (  2.4979176077066576E-008, -7.0232758006884472E-008) (  2.4979265004580225E-008, -7.0232755306987758E-008) (-0.24970658814051463     , 0.71350635447323218     )
   6.1018900000000000        1.2500000000000000     
 (  13.526472254016184     ,  24.101418128016075     ) (  13.506869470869566     ,  24.117080999582598     )
 ( 0.51532671446477263     ,-0.61995357181090649     ) (  4.8446124311228501E-008, -6.4752976401877630E-008) (  4.8446227521252765E-008, -6.4752974047368289E-008) (-0.48876512067259914     , 0.66022582667337248     )
   6.1518850000000000        1.2500000000000000     
 (  13.660249138049773     ,  24.804849387131632     ) (  13.640541279843838     ,  24.818055174257086     )
 ( 0.74083956773142601     ,-0.53075507487296358     ) (  7.1100678056285927E-008, -5.6253734082493813E-008) (  7.1100797869677090E-008, -5.6253732112323771E-008) (-0.72060524907353263     , 0.57579779806652043     )
   6.2018800000000001        1.2500000000000000     
 (  13.760606767676972     ,  25.539859170068684     ) (  13.741764799691643     ,  25.550846417097457     )
 ( 0.95035186083700551     ,-0.41297250314064166     ) (  9.2195418331271840E-008, -4.4909249255659741E-008) (  9.2195557456641968E-008, -4.4909247528547809E-008) (-0.93743953309227834     , 0.46154279466105658     )
   6.2518750000000001        1.2500000000000000     
 (  13.819819329584309     ,  26.298758161823251     ) (  13.802673006277884     ,  26.308150763167124     )
 (  1.1367173526511150     ,-0.27056854374009304     ) (  1.1103425951763453E-007, -3.1118703960970211E-008) (  1.1103442107703800E-007, -3.1118702254915704E-008) ( -1.1317934705675228     , 0.32115030144765366     )
   6.3018700000000001        1.2500000000000000     
 (  13.832571464889014     ,  27.071406242413463     ) (  13.817649197116875     ,  27.080134350124130     )
 (  1.2941611544731728     ,-0.10959187768900910     ) (  1.2706205264885535E-007, -1.5479543320824247E-008) (  1.2706224008284173E-007, -1.5479541288857591E-008) ( -1.2974584426455247     , 0.16051258415585312     )
   6.3518650000000001        1.2500000000000000     
 (  13.796828867984020     ,  27.846126230704279     ) (  13.784244779397623     ,  27.855277419773444     )
 (  1.4190545945042752     ,  6.2479263802649447E-002) (  1.3993644325367042E-007,  1.2798862321993498E-009) (  1.3993666037722451E-007,  1.2798891222520973E-009) ( -1.4303210898551206     , -1.2882293756053872E-002)
   6.4018600000000001        1.2500000000000000     
 (  13.714274049144693     ,  28.610948130524733     ) (  13.703694891694761     ,  28.621578436782737     )
 (  1.5103192516757273     , 0.23771057224028322     ) (  1.4956223106795514E-007,  1.8396038195555579E-008) (  1.4956248247851821E-007,  1.8396042637792673E-008) ( -1.5288469066749735     ,-0.19090466183493879     )
   6.4518550000000001        1.2500000000000000     
 (  13.590198975864608     ,  29.354939093067042     ) (  13.580900720996837     ,  29.367891328755022     )
 (  1.5693393612057571     , 0.40875898409769618     ) (  1.5607815987335553E-007,  3.5170403547380460E-008) (  1.5607845019426520E-007,  3.5170410678714148E-008) ( -1.5940756635834774     ,-0.36585739749872381     )
   6.5018500000000001        1.2500000000000000     
 (  13.432869112155650     ,  30.069351729000193     ) (  13.423865571669664     ,  30.085123224819746     )
 (  1.5994121384161044     , 0.56974737241492324     ) (  1.5980041434670430E-007,  5.1050889124971340E-008) (  1.5980074927754086E-007,  5.1050900208007952E-008) ( -1.6291325331008617     ,-0.53141509914259566     )
   6.5518450000000001        1.2500000000000000     
 (  13.252544319984327     ,  30.748375006380009     ) (  13.242750791436650     ,  30.767060975606878     )
 (  1.6049029594457407     , 0.71676174912636748     ) (  1.6113965581737628E-007,  6.5675768109831087E-008) (  1.6114004151060675E-007,  6.5675784984138209E-008) ( -1.6384032884053692     ,-0.68320719618829584     )
   6.6018400000000002        1.2500000000000000     
 (  13.060379698720116     ,  31.389432538164041     ) (  13.048770498805771     ,  31.410742341884760     )
 (  1.5903300140490464     , 0.84791735594298812     ) (  1.6051325251664657E-007,  7.8876244373471976E-008) (  1.6051369549305617E-007,  7.8876269009183777E-008) ( -1.6265968554396426     ,-0.81896480565086494     )
   6.6518350000000002        1.2500000000000000     
 (  12.867422596655393     ,  31.993063321935495     ) (  12.853152760966442     ,  32.016393555773405     )
 (  1.5595843249484929     , 0.96303559680032336     ) (  1.5827189821735848E-007,  9.0642322604066683E-008) (  1.5827240623996705E-007,  9.0642357707164551E-008) ( -1.5979130773864323     ,-0.93825403876323932     )
   6.7018300000000002        1.2500000000000000     
 (  12.683832505113427     ,  32.562532313198723     ) (  12.666310760188656     ,  32.587066683055738     )
 (  1.5154087866581147     ,  1.0630778193419401     ) (  1.5465185462265588E-007,  1.0106651940303294E-007) (  1.5465243542379670E-007,  1.0106656844044326E-007) ( -1.5554571560886421     , -1.0419366741090541     )
   6.7518250000000002        1.2500000000000000     
 (  12.518363709659797     ,  33.103321374713133     ) (  12.497278433065484     ,  33.128132300541324     )
 (  1.4591763868048457     ,  1.1494841884829736     ) (  1.4975607265393750E-007,  1.1027920334620320E-007) (  1.4975673557300204E-007,  1.1027927036868201E-007) ( -1.5009555985774459     , -1.1315058887382246     )
   6.8018200000000002        1.2500000000000000     
 (  12.378066680124325     ,  33.622617856948310     ) (  12.353377731189063     ,  33.646754002112594     )
 (  1.3909356365872676     ,  1.2235275736533979     ) (  1.4356105474397589E-007,  1.1838622942487185E-007) (  1.4356180932915387E-007,  1.1838631936094192E-007) ( -1.4347531520035810     , -1.2084206311334607     )
   6.8518150000000002        1.2500000000000000     
 (  12.268143416694469     ,  34.128872162901899     ) (  12.240053499063414     ,  34.151424446749353     )
 (  1.3096739883507285     ,  1.2857667017699019     ) (  1.3594458924857938E-007,  1.2541637489694730E-007) (  1.3594544593227023E-007,  1.2541649400674983E-007) ( -1.3560396833927235     , -1.2735274296432706     )
   6.9018100000000002        1.2500000000000000     
 (  12.191919152694556     ,  34.631459607240139     ) (  12.160841290262269     ,  34.651605820278746     )
 (  1.2137532390962935     ,  1.3356420578948838     ) (  1.2673098871583279E-007,  1.3128333448862191E-007) (  1.2673086421313110E-007,  1.3128331297514508E-007) ( -1.2632711505338623     , -1.3266241153020590     )
   6.9518050000000002        1.2500000000000000     
 (  12.150555829854417     ,  35.140377591233261     ) (  12.117069447683400     ,  35.157407414219591     )
 (  1.1013572448282811     ,  1.3712062103390430     ) (  1.1573347287651935E-007,  1.3576030458481946E-007) (  1.1573333123503686E-007,  1.3576028332211412E-007) ( -1.1545635121028788     , -1.3661485189897269     )
   7.0018000000000011        1.2500000000000000     
 (  12.143210238204354     ,  35.666031789847558     ) (  12.108045344841106     ,  35.679364222161475     )
 ( 0.97121732251269144     ,  1.3890610520576900     ) (  1.0283162392569622E-007,  1.3847718735711210E-007) (  1.0283146251549448E-007,  1.3847716670047970E-007) ( -1.0284628413596595     , -1.3890850616878436     )
   7.0517949999999994        1.2500000000000000     
 (  12.166633469685726     ,  36.218922427905326     ) (  12.130652428679568     ,  36.228120417082259     )
 ( 0.82319287537408448     ,  1.3844633077076907     ) (  8.8026501703305804E-008,  1.3893374247485454E-007) (  8.8026317475906119E-008,  1.3893372286613199E-007) (-0.88448711223916254     , -1.3910213528945907     )
   7.1017899999999994        1.2500000000000000     
 (  12.214953975615353     ,  36.809220848077459     ) (  12.179144219184030     ,  36.814012400949551     )
 ( 0.65894880802219047     ,  1.3516906537200177     ) (  7.1507819098265919E-008,  1.3654023986361758E-007) (  7.1507608518665433E-008,  1.3654022180956319E-007) (-0.72381918927393918     , -1.3664649972536842     )
   7.1517849999999994        1.2500000000000000     
 (  12.279426440484110     ,  37.446141970659269     ) (  12.244895748194441     ,  37.446458318755987     )
 ( 0.48254144600200843     ,  1.2846847135237254     ) (  5.3709315419653751E-008,  1.3068601587723606E-007) (  5.3709074261456795E-008,  1.3068599992873608E-007) (-0.54991675060839185     , -1.3094311722421517     )
   7.2017799999999994        1.2500000000000000     
 (  12.348324030096350     ,  38.137048198794609     ) (  12.316282156800368     ,  38.133083042125989     )
 ( 0.30079742720404051     ,  1.1780049694644623     ) (  3.5340630570216578E-008,  1.2083805432848252E-007) (  3.5340354133456061E-008,  1.2083804095837087E-007) (-0.36894056024478661     , -1.2143411600888676     )
   7.2517749999999994        1.2500000000000000     
 (  12.407156573605320     ,  38.886315427703074     ) (  12.378865015001953     ,  38.878601403791258     )
 ( 0.12331507840743025     ,  1.0280451218683386     ) (  1.7378708689868521E-008,  1.0666311628843289E-007) (  1.7378391155367989E-008,  1.0666310608926203E-007) (-0.18983481115892545     , -1.0771975412001695     )
   7.3017699999999994        1.2500000000000000     
 (  12.439408678501440     ,  39.694088029734495     ) (  12.416078963065164     ,  39.683571303032693     )
 ( -3.8099863287965600E-002, 0.83435900008988106     ) (  1.0013883405821447E-009,  8.8155492704792513E-008) (  1.0010232183909372E-009,  8.8155485896926559E-008) ( -2.3868990288038437E-002,-0.89690133335886035     )
   7.3517649999999994        1.2500000000000000     
 (  12.427941483316316     ,  40.555214422286717     ) (  12.410574626090721     ,  40.543294682982960     )
 (-0.17068239441089156     , 0.60080052812360385     ) ( -1.2545039638299899E-008,  6.5739778152934109E-008) ( -1.2545459808996377E-008,  6.5739774996521907E-008) ( 0.11649222687682032     ,-0.67643773905811133     )
   7.4017599999999995        1.2500000000000000     
 (  12.357003365553764     ,  41.458755468655845     ) (  12.346186143161406     ,  41.447246188203110     )
 (-0.26257434338518182     , 0.33608293994811217     ) ( -2.2133361777393693E-008,  4.0310341750938920E-008) ( -2.2133845614831807E-008,  4.0310341945215078E-008) ( 0.21935956453328206     ,-0.42354083686957544     )
   7.4517549999999995        1.2500000000000000     
 (  12.214550762736078     ,  42.388441924636226     ) (  12.210257859315734     ,  42.379421383639574     )
 (-0.30499107608240628     ,  5.3391457674547879E-002) ( -2.6962527125754134E-008,  1.3175843958387473E-008) ( -2.6963084244969428E-008,  1.3175846845748965E-008) ( 0.27554779202881324     ,-0.15046302722085175     )
   7.5017499999999995        1.2500000000000000     
 (  11.994323998197341     ,  43.324241079608015     ) (  11.995795549523198     ,  43.319796261100237     )
 (-0.29412627156340559     ,-0.23110187514980024     ) ( -2.6728798272795682E-008, -1.4099176444630685E-008) ( -2.6729439886168356E-008, -1.4099172103958061E-008) ( 0.28053142531796976     , 0.12734545640086031     )
   7.5517449999999995        1.2500000000000000     
 (  11.697064209377356     ,  44.244833746483351     ) (  11.702817981816668     ,  44.246750076051690     )
 (-0.23218667450757086     ,-0.50059711713673138     ) ( -2.1705692157483340E-008, -3.9927611708142901E-008) ( -2.1706430361464343E-008, -3.9927607810375408E-008) ( 0.23561062881759717     , 0.39347652246009956     )
   7.6017399999999995        1.2500000000000000     
 (  11.330471701440278     ,  45.130422323695306     ) (  11.338469302062776     ,  45.139904245072188     )
 (-0.12715195260475046     ,-0.74030873848479006     ) ( -1.2700993635886244E-008, -6.2948200528305116E-008) ( -1.2701842080807965E-008, -6.2948199792670541E-008) ( 0.14784488022868272     , 0.63317590959174841     )
   7.6517349999999995        1.2500000000000000     
 (  10.907920123829422     ,  45.965145668414316     ) (  10.915845843691690     ,  45.982649028772109     )
 (  8.6951447477281087E-003,-0.93966042319628784     ) ( -9.0245093930241550E-010, -8.2221436773136971E-008) ( -9.0342457989040415E-010, -8.2221443081223986E-008) (  2.8735918027349521E-002, 0.83560093218105580     )
   7.7017299999999995        1.2500000000000000     
 (  10.446361245587982     ,  46.738559336480208     ) (  10.451935564700269     ,  46.763775630615548     )
 ( 0.16102238712797967     , -1.0934677578414940     ) (  1.2341588115693017E-008, -9.7324993753192067E-008) (  1.2340472546270617E-008, -9.7325011710280887E-008) (-0.10793786579112921     , 0.99512382428230450     )
   7.7517249999999995        1.2500000000000000     
 (  9.9640610087350900     ,  47.446010408573422     ) (  9.9653032008526417     ,  47.477986972683887     )
 ( 0.31582991465762839     , -1.2019487399567916     ) (  2.5744851255266262E-008, -1.0833941005124441E-007) (  2.5743575505700539E-008, -1.0833944592434761E-007) (-0.24849329645272997     ,  1.1114696998807536     )
   7.8017199999999995        1.2500000000000000     
 (  9.4786953584686131     ,  48.088093733993695     ) (  9.4740830897009065     ,  48.125436789098430     )
 ( 0.46139293782869073     , -1.2697577034034777     ) (  3.8258943644426985E-008, -1.1574640487175868E-007) (  3.8257487995147149E-008, -1.1574646638649708E-007) (-0.38133092177097289     ,  1.1888476554099752     )
   7.8517150000000004        1.2500000000000000     
 (  9.0061705807751391     ,  48.669638582716665     ) (  8.9946913178112382     ,  48.710730299287867     )
 ( 0.58944417394093873     , -1.3044674541906913     ) (  4.9174098908154599E-008, -1.2028036843027746E-007) (  4.9174319733550034E-008, -1.2028028576000716E-007) (-0.49817219649630279     ,  1.2344835783229897     )
   7.9017100000000005        1.2500000000000000     
 (  8.5597185263447955     ,  49.198561907104086     ) (  8.5408088426549060     ,  49.241736293028303     )
 ( 0.69572862392713097     , -1.3149030095609697     ) (  5.8168803039091937E-008, -1.2276909758928698E-007) (  5.8169047177731237E-008, -1.2276901145184678E-007) (-0.59473275590378050     ,  1.2569611019393465     )
   7.9517050000000005        1.2500000000000000     
 (  8.1501755629944252     ,  49.684984390109214     ) (  8.1236377004204687     ,  49.728641195340721     )
 ( 0.77966676242214950     , -1.3096506686107483     ) (  6.5262634424246314E-008, -1.2399448167305531E-007) (  6.5262905258226709E-008, -1.2399439298053422E-007) (-0.67035512563982436     ,  1.2647260444152733     )
   8.0016999999999996        1.2500000000000000     
 (  7.7857922502168790     ,  50.140589537550007     ) (  7.7516820505921435     ,  50.183231366595329     )
 ( 0.84386679153324229     , -1.2958315175087438     ) (  7.0769833201901785E-008, -1.2457764804095472E-007) (  7.0770134543682431E-008, -1.2457755797737231E-007) (-0.72760370791577267     ,  1.2648389803144429     )
   8.0516949999999987        1.2500000000000000     
 (  7.4724042856479560     ,  50.578297377109294     ) (  7.4309465111938877     ,  50.618506955051735     )
 ( 0.89324097412531589     , -1.2782138057974326     ) (  7.5209265297661000E-008, -1.2489679237891352E-007) (  7.5209601724146100E-008, -1.2489670211163491E-007) (-0.77139487114328653     ,  1.2620702449194097     )
   8.1016899999999996        1.2500000000000000     
 (  7.2133969587756317     ,  51.012142288518753     ) (  7.1649498359872981     ,  51.048520145026195     )
 ( 0.93398724034457625     , -1.2586171212438737     ) (  7.9201981139098461E-008, -1.2503316392159380E-007) (  7.9202357960887114E-008, -1.2503307509907931E-007) (-0.80799775691410891     ,  1.2582860756025238     )
   8.1516849999999987        1.2500000000000000     
 (  7.0094441467702842     ,  51.457199663729604     ) (  6.9545270424949353     ,  51.488290294857407     )
 ( 0.97245043159515165     , -1.2356121608138919     ) (  8.3356845293588955E-008, -1.2474656635531485E-007) (  8.3357268514426921E-008, -1.2474648055926983E-007) (-0.84392138703515540     ,  1.2521241441072470     )
   8.2016799999999996        1.2500000000000000     
 (  6.8579905818093927     ,  51.929427714590531     ) (  6.7973779808627652     ,  51.953670457935026     )
 (  1.0138751706020388     , -1.2045296792753002     ) (  8.8144964510231724E-008, -1.2348317097255082E-007) (  8.8145441488562871E-008, -1.2348308996120227E-007) (-0.88469023673464897     ,  1.2389660706442487     )
   8.2516749999999988        1.2500000000000000     
 (  6.7525137136464162     ,  52.445208218106082     ) (  6.6873866384246403     ,  52.460948405874369     )
 (  1.0610786853752345     , -1.1578635298072744     ) (  9.3767850462509392E-008, -1.2042534632351969E-007) (  9.3768389669412816E-008, -1.2042527250210078E-007) (-0.93353591330824204     ,  1.2112857797642718     )
   8.3016699999999997        1.2500000000000000     
 (  6.6816940927144302     ,  53.020434184824119     ) (  6.6138188487851819     ,  53.026036967174555     )
 (  1.1131404851592834     , -1.0861858484905818     ) (  1.0003093120615692E-007, -1.1459511674025101E-007) (  1.0003154258078246E-007, -1.1459505232543483E-007) (-0.99008116604851637     ,  1.1594820031683384     )
   8.3516649999999988        1.2500000000000000     
 (  6.6287490907809010     ,  53.668962164931685     ) (  6.5606265328161628     ,  53.663053602320765     )
 (  1.1643160302413260     ,-0.97970706525915585     ) (  1.0624686125759467E-007, -1.0502295269880409E-007) (  1.0624755651059427E-007, -1.0502290023633457E-007) ( -1.0492081486460909     ,  1.0733426847769996     )
   8.4016599999999997        1.2500000000000000     
 (  6.5713221977339131     ,  54.400400349544142     ) (  6.5062256871768192     ,  54.382241197494729     )
 (  1.2035334711035286     ,-0.83050156738033010     ) (  1.1120622721691491E-007, -9.0978833547092638E-008) (  1.1120702017370427E-007, -9.0978795364191922E-008) ( -1.1004403125049658     , 0.94417853643614569     )
   8.4516549999999988        1.2500000000000000     
 (  6.4824247359469283     ,  55.217447676787280     ) (  6.4242333204345767     ,  55.187380671923279     )
 (  1.2149448643033451     ,-0.63519634351373311     ) (  1.1326180112020872E-007, -7.2238042317659002E-008) (  1.1326270755755863E-007, -7.2238020584170613E-008) ( -1.1283047427449846     , 0.76747180023213946     )
   8.5016499999999997        1.2500000000000000     
 (  6.3328574694144111     ,  56.113350063715359     ) (  6.2856141375156902     ,  56.073201499502972     )
 (  1.1799346041981911     ,-0.39758245874172138     ) (  1.1055885039026190E-007, -4.9320618511767453E-008) (  1.1055988896740228E-007, -4.9320614745813765E-008) ( -1.1141006812532990     , 0.54556501021394777     )
   8.5516450000000006        1.2500000000000000     
 (  6.0951713247428696     ,  57.070415196953277     ) (  6.0623864513164190     ,  57.023663383003750     )
 (  1.0806511070726144     ,-0.13021347854839890     ) (  1.0140428002047409E-007, -2.3609757066262371E-008) (  1.0140547199062265E-007, -2.3609771916526185E-008) ( -1.0392240803999915     , 0.28950249527068284     )
   8.6016399999999980        1.2500000000000000     
 (  5.7485546314997586     ,  58.060599285779702     ) (  5.7324069820339743     ,  58.012149302040811     )
 ( 0.90445142658264854     , 0.14598169764281191     ) (  8.4699200384711585E-008,  2.7377011872177862E-009) (  8.4700570284017109E-008,  2.7376684034370087E-009) (-0.88956140163033404     ,  1.9025968995943266E-002)
   8.6516349999999989        1.2500000000000000     
 (  5.2833129742473446     ,  59.048701500145022     ) (  5.2840108901520422     ,  59.004214508120739     )
 ( 0.64795026592042260     , 0.40460151279546780     ) (  6.0299878672606111E-008,  2.7120108268442474E-008) (  6.0301453551664228E-008,  2.7120059068275527E-008) (-0.65974985579611534     ,-0.23992110489819055     )
   8.7016299999999980        1.2500000000000000     
 (  4.7033460919848622     ,  59.997711617116806     ) (  4.7189148365054026     ,  59.962650584848021     )
 ( 0.31910586339494179     , 0.61871660748259871     ) (  2.9163373389235248E-008,  4.6991072669366394E-008) (  2.9165183071961992E-008,  4.6991012689076653E-008) (-0.35571565664996757     ,-0.45991073102386953     )
   8.7516249999999989        1.2500000000000000     
 (  4.0255920351192263     ,  60.874797722018435     ) (  4.0521920923555133     ,  60.853488459190586     )
 ( -6.3658347193599515E-002, 0.76635742962036812     ) ( -6.7951621899470071E-009,  6.0374263338302600E-008) ( -6.7930843746055283E-009,  6.0374198251860256E-008) (  5.6685523950516254E-003,-0.61760834522377850     )
   8.8016199999999980        1.2500000000000000     
 (  3.2766338699308717     ,  61.656060403319728     ) (  3.3092845039399723     ,  61.651082436028304     )
 (-0.47506818675674350     , 0.83468071697627255     ) ( -4.5087727592772009E-008,  6.6221750249851481E-008) ( -4.5085344770126617E-008,  6.6221689183910804E-008) ( 0.39982211905351223     ,-0.69833499167133950     )
   8.8516149999999989        1.2500000000000000     
 (  2.4878956878344272     ,  62.328793907579914     ) (  2.5213324096978322     ,  62.340831837664098     )
 (-0.88797386038417936     , 0.82157399799141617     ) ( -8.3135334796325615E-008,  6.4517847076161374E-008) ( -8.3135769812891385E-008,  6.4517604082754803E-008) ( 0.79933997540966573     ,-0.69818968796344705     )
   8.9016099999999980        1.2500000000000000     
 (  1.6904677861570350     ,  62.891092888135766     ) (  1.7198261972454463     ,  62.919182888425915     )
 ( -1.2782187478507110     , 0.73457619578135158     ) ( -1.1872558243801258E-007,  5.6135872132409619E-008) ( -1.1872604805343062E-007,  5.6135611532758173E-008) (  1.1791594896522044     ,-0.62339465950845696     )
   8.9516049999999989        1.2500000000000000     
 ( 0.91234904480989087     ,  63.349755385779396     ) ( 0.93360429614617468     ,  63.391734827639837     )
 ( -1.6276114658445879     , 0.58805448175141961     ) ( -1.5025506215016529E-007,  4.2548395562320075E-008) ( -1.5025556229801265E-007,  4.2548119705953575E-008) (  1.5197826649059385     ,-0.48767830871851836     )
   9.0015999999999980        1.2500000000000000     
 ( 0.17638701291974682     ,  63.717509801585678     ) ( 0.18649058629340018     ,  63.770478655431816     )
 ( -1.9254189641741302     , 0.39973362609624924     ) ( -1.7685362772049517E-007,  2.5491251909506369E-008) ( -1.7685416643735826E-007,  2.5490962810873849E-008) (  1.8091930864984560     ,-0.30879016419386074     )
   9.0515949999999989        1.2500000000000000     
 (-0.49988475726878628     ,  64.010585191636835     ) (-0.50304475618366917     ,  64.071263309743017     )
 ( -2.1681246256842663     , 0.18756911865164635     ) ( -1.9833956988903349E-007,  6.6704217906413199E-009) ( -1.9834015319757805E-007,  6.6701229037058500E-009) (  2.0428377166854621     ,-0.10522808446295286     )
   9.1015899999999981        1.2500000000000000     
 ( -1.1036973516709951     ,  64.247024437590156     ) ( -1.1214149999176088     ,  64.311975694577299     )
 ( -2.3582646016102737     , -3.2625726829948187E-002) ( -2.1509643692498867E-007, -1.2456689449372401E-008) ( -2.1509707158515887E-007, -1.2456995104387753E-008) (  2.2225866552266185     , 0.10631918060034624     )
   9.1515849999999990        1.2500000000000000     
 ( -1.6262645514482581     ,  64.445806487344598     ) ( -1.6591344622083879     ,  64.511546224871964     )
 ( -2.5028292667419154     ,-0.24872167271111473     ) ( -2.2791284029612943E-007, -3.0821611233621277E-008) ( -2.2791353305580310E-007, -3.0821919819347027E-008) (  2.3551644045959796     , 0.31268223649905402     )
   9.2015799999999981        1.2500000000000000     
 ( -2.0621513960908580     ,  64.626595704667110     ) ( -2.1101446588338759     ,  64.689629614148231     )
 ( -2.6115706240965073     ,-0.45316247698057899     ) ( -2.3781473383970524E-007, -4.7824775481792947E-008) ( -2.3781549431818089E-007, -4.7825084117634090E-008) (  2.4504436169284749     , 0.50522137083097218     )
   9.2515749999999990        1.2500000000000000     
 ( -2.4090289011390924     ,  64.809882141211531     ) ( -2.4715092865669228     ,  64.866705277667990     )
 ( -2.6953392754181653     ,-0.64338150418233020     ) ( -2.4589905661332434E-007, -6.3371656484102692E-008) ( -2.4589989588717721E-007, -6.3371957844342171E-008) (  2.5197554567819798     , 0.68032908643728096     )
   9.3015699999999981        1.2500000000000000     
 ( -2.6679144898924143     ,  65.017246139860717     ) ( -2.7435855436079826     ,  65.064348619881727     )
 ( -2.7644341130042092     ,-0.82188677668916177     ) ( -2.5316573160613552E-007, -7.7875438245894884E-008) ( -2.5316666201860201E-007, -7.7875727883209477E-008) (  2.5742256449513263     , 0.83957752504540295     )
   9.3515649999999990        1.2500000000000000     
 ( -2.8439445552844109     ,  65.271488764467165     ) ( -2.9307325915271942     ,  65.305396173332312     )
 ( -2.8268798067759247     ,-0.99602600097373883     ) ( -2.6034003211809489E-007, -9.2224431216887135E-008) ( -2.6034106907296943E-007, -9.2224702956282937E-008) (  2.6230567963862352     , 0.98955166585371224     )
   9.4015599999999999        1.2500000000000000     
 ( -2.9476376462402283     ,  65.596328902743195     ) ( -3.0425171228511041     ,  65.613726639834027     )
 ( -2.8865602541213042     , -1.1773091546859831     ) ( -2.6768085310253937E-007, -1.0769828010993491E-007) ( -2.6768201422891952E-007, -1.0769852667101059E-007) (  2.6716792562737099     ,  1.1412730563820805     )
   9.4515549999999990        1.2500000000000000     
 ( -2.9965004250291010     ,  66.015308956573421     ) ( -3.0952942379659500     ,  66.013304162697310     )
 ( -2.9412409809201305     , -1.3800254663027820     ) ( -2.7478379466374304E-007, -1.2580439974823616E-007) ( -2.7478510107275479E-007, -1.2580461304547236E-007) (  2.7197698380929496     ,  1.3089759451863723     )
   9.5015499999999999        1.2500000000000000     
 ( -3.0165979486865973     ,  66.549536481855711     ) ( -3.1138287706758767     ,  66.526116791033871     )
 ( -2.9807634411150872     , -1.6188119488784387     ) ( -2.8041647118709367E-007, -1.4800251678272816E-007) ( -2.8041794865731905E-007, -1.4800268824229368E-007) (  2.7593699335619344     ,  1.5079030640218469     )
   9.5515449999999991        1.2500000000000000     
 ( -3.0433735002464366     ,  67.214009303137757     ) ( -3.1323108383057012     ,  67.168721876945071     )
 ( -2.9860293405209504     , -1.9049270035571724     ) ( -2.8245741180487478E-007, -1.7530179113892862E-007) ( -2.8245908947249751E-007, -1.7530191314056609E-007) (  2.7736478685319543     ,  1.7508337475345861     )
   9.6015400000000000        1.2500000000000000     
 ( -3.1206528163570342     ,  68.012708013574837     ) ( -3.1937488602846282     ,  67.947481074612512     )
 ( -2.9297853747419356     , -2.2413822385810231     ) ( -2.7804204134902963E-007, -2.0776665562754421E-007) ( -2.7804395716695980E-007, -2.0776671746590699E-007) (  2.7372450086735931     ,  2.0434097178884798     )
   9.6515349999999991        1.2500000000000000     
 ( -3.2967051548252062     ,  68.933460477400004     ) ( -3.3465998437232676     ,  68.853317169714728     )
 ( -2.7802792208087643     , -2.6179207837655580     ) ( -2.6400837779738171E-007, -2.4405423488937006E-007) ( -2.6401057202234087E-007, -2.4405423092937509E-007) (  2.6192938334594627     ,  2.3790454581778580     )
   9.7015300000000000        1.2500000000000000     
 ( -3.6168966450925946     ,  69.944591650158102     ) ( -3.6379752039058419     ,  69.857832383949315     )
 ( -2.5082299637124024     , -3.0078009895853071     ) ( -2.3764818737021656E-007, -2.8119237147130927E-007) ( -2.3765071045119735E-007, -2.8119229611891698E-007) (  2.3897355821030875     ,  2.7352041407132455     )
   9.7515249999999991        1.2500000000000000     
 ( -4.1140512417295181     ,  70.995854916488653     ) ( -4.1041902926416149     ,  70.913274071372996     )
 ( -2.0959578284093947     , -3.3688311653123169     ) ( -1.9759935209326918E-007, -3.1481959439880251E-007) ( -1.9760225837227408E-007, -3.1481944788223470E-007) (  2.0281446808402559     ,  3.0734605422980263     )
   9.8015200000000000        1.2500000000000000     
 ( -4.7994886145781130     ,  72.025099243645840     ) ( -4.7612721389645118     ,  71.958136306478195     )
 ( -1.5456400833434005     , -3.6500578878327046     ) ( -1.4455640992310814E-007, -3.3996285505194188E-007) ( -1.4455557487818068E-007, -3.3996236585877074E-007) (  1.5323979140930277     ,  3.3450674126249238     )
   9.8515149999999991        1.2500000000000000     
 ( -5.6593956199344468     ,  72.969498596881778     ) ( -5.6001407033883268     ,  72.927806027229110     )
 (-0.88251990049104523     , -3.8029069408181337     ) ( -8.1405547324864153E-008, -3.5216067808407815E-007) ( -8.1404669359440268E-008, -3.5216012267830824E-007) ( 0.92290341027103773     ,  3.5013950792160458     )
   9.9015100000000000        1.2500000000000000     
 ( -6.6568991527588439     ,  73.777563311310246     ) ( -6.5872313707013150     ,  73.766906655530974     )
 (-0.15154114959278983     , -3.7928292765156075     ) ( -1.2757595076586159E-008, -3.4851998995684766E-007) ( -1.2756679160646919E-008, -3.4851937050827037E-007) ( 0.24069708169434337     ,  3.5057556560741094     )
   9.9515049999999992        1.2500000000000000     
 ( -7.7412130808607102     ,  74.417204756343267     ) ( -7.6727903032744900     ,  74.438517590800615     )
 ( 0.59233313357477280     , -3.6068170415061549     ) (  5.6072390417019730E-008, -3.2829525505072286E-007) (  5.6073343541217170E-008, -3.2829457480389992E-007) (-0.46144403434799730     ,  3.3418660993144740     )
   10.001500000000000        1.2500000000000000     
 ( -8.8581405973754492     ,  74.877586349881156     ) ( -8.8013977144733833     ,  74.927386013692811     )
 (  1.2954647476866858     , -3.2543700369593727     ) (  1.2013052697026982E-007, -2.9283816287201811E-007) (  1.2013151951221611E-007, -2.9283743005902731E-007) ( -1.1302717566833078     ,  3.0159818643533347     )
   10.051494999999999        1.2500000000000000     
 ( -9.9586163837772830     ,  75.165576438761875     ) ( -9.9212578062271675     ,  75.237315996578388     )
 (  1.9146784050051555     , -2.7627858756493193     ) (  1.7561576462715655E-007, -2.4505804133402706E-007) (  1.7561679913679986E-007, -2.4505726050676373E-007) ( -1.7217872194927248     ,  2.5529697784142678     )
   10.101490000000000        1.2500000000000000     
 ( -11.003158583815633     ,  75.299701435539575     ) ( -10.989618056819680     ,  75.385410002754142     )
 (  2.4220323847151728     , -2.1696808115557200     ) (  2.2024216173549985E-007, -1.8868294740640118E-007) (  2.2024324515482030E-007, -1.8868212700855462E-007) ( -2.2067498320856131     ,  1.9890351663177368     )
   10.151484999999999        1.2500000000000000     
 ( -11.962532217116156     ,  75.304366155172602     ) ( -11.974214735802629     ,  75.396055245078088     )
 (  2.8054246742375128     , -1.5155955800252434     ) (  2.5322600108663834E-007, -1.2757344716946650E-007) (  2.5322714093983531E-007, -1.2757259440545364E-007) ( -2.5718191253943838     ,  1.3641282924314142     )
   10.201479999999998        1.2500000000000000     
 ( -12.816129126875030     ,  75.205886064556950     ) ( -12.852089051414824     ,  75.296489557517589     )
 (  3.0664845142346708     ,-0.83833304507356343     ) (  2.7504433543955696E-007, -6.5217671838954721E-008) (  2.7504553940645552E-007, -6.5216793890359117E-008) ( -2.8176695121380799     , 0.71594759291389687     )
   10.251474999999999        1.2500000000000000     
 ( -13.549624496533546     ,  75.030580411468293     ) ( -13.607386582952008     ,  75.114412755863469     )
 (  3.2172893636275619     ,-0.16934240596135178     ) (  2.8710466671471275E-007, -4.4200130978733138E-009) (  2.8710594922334136E-007, -4.4191220809984369E-009) ( -2.9557009876877793     ,  7.6070862657959801E-002)
   10.301469999999998        1.2500000000000000     
 ( -14.152959675810063     ,  74.804454602663114     ) ( -14.229280060150696     ,  74.877278089065356     )
 (  3.2769178093267604     , 0.46819644008025940     ) (  2.9141165177300957E-007,  5.2856222037478500E-008) (  2.9141302523836460E-007,  5.2857119680814937E-008) ( -3.0045050849751656     ,-0.53207312432487031     )
   10.351464999999999        1.2500000000000000     
 ( -14.619124954134877     ,  74.553863998074078     ) ( -14.710582178387202     ,  74.612669374939273     )
 (  3.2683079011638227     ,  1.0601812385749685     ) (  2.9026668836564604E-007,  1.0555026757841134E-007) (  2.9026817107158053E-007,  1.0555115532418713E-007) ( -2.9866552524985717     , -1.0940170654382737     )
   10.401459999999998        1.2500000000000000     
 ( -14.943894439616463     ,  74.306591626716809     ) ( -15.047254435632189     ,  74.349202841191527     )
 (  3.2154672515203973     ,  1.6017606261722988     ) (  2.8599845505739368E-007,  1.5351057243877859E-007) (  2.8600006535303557E-007,  1.5351143657392451E-007) ( -2.9259222018125794     , -1.6043655037742113     )
   10.451454999999999        1.2500000000000000     
 ( -15.126515369089883     ,  74.092947978652404     ) ( -15.238829613444898     ,  74.117546210996977     )
 (  3.1408577163989850     ,  2.0971578198305321     ) (  2.8070374326909601E-007,  1.9746996806380008E-007) (  2.8070550531934061E-007,  1.9747079440107863E-007) ( -2.8447596922917793     , -2.0665680646098239     )
   10.501449999999998        1.2500000000000000     
 ( -15.171336940115419     ,  73.946519043444226     ) ( -15.289752338460097     ,  73.951190864362331     )
 (  3.0627122474239052     ,  2.5591575408885809     ) (  2.7597324306765174E-007,  2.3898290870098610E-007) (  2.7597518459327407E-007,  2.3898368039461062E-007) ( -2.7618001346414216     , -2.4924158108163361     )
   10.551444999999999        1.2500000000000000     
 ( -15.090359471058433     ,  73.904168683874573     ) ( -15.211635391693061     ,  73.886610469214943     )
 (  2.9920197360434986     ,  3.0080701061909108     ) (  2.7257942500802299E-007,  2.8029768605893154E-007) (  2.7258158252173470E-007,  2.8029838342737857E-007) ( -2.6890654404761194     , -2.9011443452362378     )
   10.601439999999998        1.2500000000000000     
 ( -14.906554479654261     ,  74.004662957592359     ) ( -15.026337692713730     ,  73.962217519071842     )
 (  2.9291246240432556     ,  3.4696087768776387     ) (  2.7013219428386802E-007,  3.2409887502776266E-007) (  2.7013460720054779E-007,  3.2409947456414485E-007) ( -2.6287797249495464     , -3.3176259545964339     )
   10.651434999999999        1.2500000000000000     
 ( -14.657444934816464     ,  74.285156611516001     ) ( -14.769451156207715     ,  74.215381312091765     )
 (  2.8602819627047831     ,  3.9709542193374285     ) (  2.6675585648612633E-007,  3.7304389952854450E-007) (  2.6675857645628109E-007,  3.7304437314716445E-007) ( -2.5699846677702793     , -3.7689617882622271     )
   10.701429999999998        1.2500000000000000     
 ( -14.397689039032242     ,  74.774768956466531     ) ( -14.493143030850154     ,  74.676693763395932     )
 (  2.7552788727698792     ,  4.5342248043489572     ) (  2.5892911476819882E-007,  4.2903332189754200E-007) (  2.5893220484791958E-007,  4.2903364336828029E-007) ( -2.4858926434177300     , -4.2786571645531248     )
   10.751424999999999        1.2500000000000000     
 ( -14.198487180834150     ,  75.485204908593573     ) ( -14.266359871628579     ,  75.361221107718336     )
 (  2.5681934946978169     ,  5.1673068431668963     ) (  2.4171371496556508E-007,  4.9225526024918582E-007) (  2.4171725104554592E-007,  4.9225541003118306E-007) ( -2.3338176772494168     , -4.8580941771316457     )
   10.801419999999998        1.2500000000000000     
 ( -14.141071064186862     ,  76.400195043770651     ) ( -14.169712208931582     ,  76.258024643606234     )
 (  2.2439173240765151     ,  5.8537400023421142     ) (  2.0961126498347827E-007,  5.6024911884032490E-007) (  2.0961533319804338E-007,  5.6024906815112737E-007) ( -2.0602692729411700     , -5.4965324601736016     )
   10.851414999999999        1.2500000000000000     
 ( -14.302505484565296     ,  77.468102471040069     ) ( -14.282825661780993     ,  77.321739241486057     )
 (  1.7319694461117610     ,  6.5459742329548956     ) (  1.5810468713038947E-007,  6.2747288979774785E-007) (  1.5810293390215199E-007,  6.2747192781793498E-007) ( -1.6131797818294500     , -6.1533592445160821     )
   10.901409999999998        1.2500000000000000     
 ( -14.737182342355181     ,  78.603555699754779     ) ( -14.666575364435049     ,  78.471907553092692     )
 (  1.0048701951297982     ,  7.1677842696397036     ) (  8.5438267565020583E-008,  6.8589995466622097E-007) (  8.5436429497111678E-008,  6.8589881350401944E-007) (-0.95939121044135089     , -6.7581966432792049     )
   10.951404999999999        1.2500000000000000     
 ( -15.458618212547160     ,  79.701861499885041     ) ( -15.343607399453321     ,  79.604728798546404     )
 (  7.4606588401159690E-002,  7.6292793418206983     ) ( -6.0275464279382490E-009,  7.2680398152866313E-007) ( -6.0294451702869108E-009,  7.2680266010816853E-007) (-0.10242018338955286     , -7.2232643510962165     )
   11.001399999999999        1.2500000000000000     
 ( -16.434443245679105     ,  80.662478933794759     ) ( -16.290281319726056     ,  80.615284875724228     )
 ( -1.0033993068905860     ,  7.8508413157615298     ) ( -1.0989638678718747E-007,  7.4314372787426605E-007) ( -1.0989833343234215E-007,  7.4314223030106623E-007) ( 0.91067963048331901     , -7.4659971042936686     )
   11.051394999999999        1.2500000000000000     
 ( -17.596083778974155     ,  81.411488473991113     ) ( -17.443087010869348     ,  81.421320571674357     )
 ( -2.1419316940477025     ,  7.7855214831461268     ) ( -2.1723511523059158E-007,  7.3147638344690336E-007) ( -2.1723709277213590E-007,  7.3147472088725059E-007) (  1.9977570097053949     , -7.4326838768204206     )
   11.101389999999999        1.2500000000000000     
 ( -18.859028057276944     ,  81.912730216402167     ) ( -18.717518977129078     ,  81.977507707513098     )
 ( -3.2443036690650011     ,  7.4294393953136408     ) ( -3.1883118254842054E-007,  6.9255350932544505E-007) ( -3.1883318542508498E-007,  6.9255169810241026E-007) (  3.0625308947248322     , -7.1118687157261684     )
   11.151384999999999        1.2500000000000000     
 ( -20.142935031353975     ,  82.164889919681414     ) ( -20.029202479141713     ,  82.275448705140789     )
 ( -4.2264523211238476     ,  6.8173311004777002     ) ( -4.0716346087484163E-007,  6.3057021206353837E-007) ( -4.0716548727097140E-007,  6.3056827075005110E-007) (  4.0176938526814094     , -6.5326909808008731     )
   11.201379999999999        1.2500000000000000     
 ( -21.383605706856109     ,  82.189839206153096     ) ( -21.308119748015947     ,  82.333280230341217     )
 ( -5.0304807434984573     ,  6.0085430339118284     ) ( -4.7744725242042805E-007,  5.5169220546344576E-007) ( -4.7744930462523567E-007,  5.5169015379412442E-007) (  4.8006440791846092     , -5.7520253288401717     )
   11.251374999999999        1.2500000000000000     
 ( -22.535476201061325     ,  82.019927373992971     ) ( -22.503115031679581     ,  82.182628953964269     )
 ( -5.6279859201851679     ,  5.0713265913995329     ) ( -5.2774207449719774E-007,  4.6257984015217900E-007) ( -5.2774416280293233E-007,  4.6257769851830853E-007) (  5.3787083620278002     , -4.8383553034546303     )
   11.301369999999999        1.2500000000000000     
 ( -23.568009171693767     ,  81.689159241298896     ) ( -23.579357860766208     ,  81.858684542714727     )
 ( -6.0163030711749022     ,  4.0706546742163150     ) ( -5.5847333567259538E-007,  3.6931588253613498E-007) ( -5.5847547008769024E-007,  3.6931367126795320E-007) (  5.7463139134521057     , -3.8584840895159598     )
   11.351364999999999        1.2500000000000000     
 ( -24.460180374675520     ,  81.229300882670984     ) ( -24.513054292156312     ,  81.395219595957897     )
 ( -6.2117800901130611     ,  3.0609822873917167     ) ( -5.7174492411139879E-007,  2.7680691541590581E-007) ( -5.7174712094560673E-007,  2.7680465612469314E-007) (  5.9183521946445925     , -2.8692642096009227     )
   11.401359999999999        1.2500000000000000     
 ( -25.195814261672258     ,  80.669691150201999     ) ( -25.286539707381714     ,  80.823628447030117     )
 ( -6.2429272616702143     ,  2.0830543849710224     ) ( -5.7067997580583113E-007,  1.8854700843661677E-007) ( -5.7068225314360935E-007,  1.8854472946952349E-007) (  5.9230018299524376     , -1.9137893334295280     )
   11.451355000000000        1.2500000000000000     
 ( -25.760812508554107     ,  80.039006344943431     ) ( -25.885109022599949     ,  80.174273397116323     )
 ( -6.1446678519023328     ,  1.1632273054053381     ) ( -5.5888203080717866E-007,  1.0659529578797144E-007) ( -5.5888441318252687E-007,  1.0659301689177859E-007) (  5.7955910679046232     , -1.0204788034418886     )
   11.501349999999999        1.2500000000000000     
 ( -26.142267712176714     ,  79.367657439300842     ) ( -26.295736864492767     ,  79.478687791519945     )
 ( -5.9539080789681531     , 0.31404514629749414     ) ( -5.4002272225252060E-007,  3.1654025884266429E-008) ( -5.4002523909942016E-007,  3.1651782002701553E-008) (  5.5738868668538757     ,-0.20366171196401464     )
   11.551345000000000        1.2500000000000000     
 ( -26.329111326835051     ,  78.690092888655798     ) ( -26.507362076717992     ,  78.771822210205656     )
 ( -5.7060980684180231     ,-0.46479277845429562     ) ( -5.1751623920615316E-007, -3.6829991052906194E-008) ( -5.1751892258925705E-007, -3.6832169605718395E-008) (  5.2945471466141436     , 0.53534067670080687     )
   11.601339999999999        1.2500000000000000     
 ( -26.314003646601179     ,  78.046666250011484     ) ( -26.512437363361943     ,  78.093964748824447     )
 ( -5.4322792469948569     , -1.1854432460602935     ) ( -4.9422494125126800E-007, -1.0056719054455705E-007) ( -4.9422783394283102E-007, -1.0056925916951152E-007) (  4.9902306204465834     ,  1.2071089408374995     )
   11.651335000000000        1.2500000000000000     
 ( -26.096397976460203     ,  77.484863337416584     ) ( -26.309646446312108     ,  77.492092445344014     )
 ( -5.1560146819156856     , -1.8709762555121840     ) ( -4.7213234328949364E-007, -1.6232355411921019E-007) ( -4.7213549726657055E-007, -1.6232547689584650E-007) (  4.6867393558647708     ,  1.8331561716836535     )
   11.701330000000000        1.2500000000000000     
 ( -25.686926895232553     ,  77.059447347162418     ) ( -25.907916075083232     ,  77.020320193702304     )
 ( -4.8895985245515163     , -2.5540721046802677     ) ( -4.5192657567330137E-007, -2.2575648427459133E-007) ( -4.5193004991946259E-007, -2.2575820359099950E-007) (  4.3995610681819155     ,  2.4447804188162841     )
   11.751324999999998        1.2500000000000000     
 ( -25.113191814131405     ,  76.830643268112496     ) ( -25.331859393121658     ,  76.738632524862254     )
 ( -4.6291591390580082     , -3.2743841680504593     ) ( -4.3247418172648007E-007, -2.9506582904436369E-007) ( -4.3247805252548838E-007, -2.9506728843165849E-007) (  4.1293420764154947     ,  3.0809046666416968     )
   11.801319999999999        1.2500000000000000     
 ( -24.426465518046992     ,  76.858764095853289     ) ( -24.628344855029422     ,  76.708477206788558     )
 ( -4.3489573401603963     , -4.0729612392470838     ) ( -4.1026105760928265E-007, -3.7428273576842570E-007) ( -4.1026542423668139E-007, -3.7428387040169664E-007) (  3.8563683834559148     ,  3.7834225380987823     )
   11.851314999999998        1.2500000000000000     
 ( -23.707078807828687     ,  77.193477317316962     ) ( -23.872364692740643     ,  76.983395599921607     )
 ( -3.9968146911350497     , -4.9817738361594248     ) ( -3.7907580268111269E-007, -4.6602523969004030E-007) ( -3.7907264100205338E-007, -4.6602404657314426E-007) (  3.5355907252640657     ,  4.5881342602465764     )
   11.901309999999999        1.2500000000000000     
 ( -23.065535358781108     ,  77.856677501405997     ) ( -23.169902141163842     ,  77.593270406978334     )
 ( -3.4944086766051843     , -6.0074996901499409     ) ( -3.3035577262968627E-007, -5.6973824136090342E-007) ( -3.3035235503389387E-007, -5.6973671211411535E-007) (  3.0951242942556414     ,  5.5099479490886161     )
   11.951304999999998        1.2500000000000000     
 ( -22.629798752265788     ,  78.822438302151113     ) ( -22.648383770640983     ,  78.524476270097452     )
 ( -2.7496856814856270     , -7.1125755949861214     ) ( -2.5495404451242465E-007, -6.7994072728609869E-007) ( -2.5495040623805695E-007, -6.7993881049520364E-007) (  2.4456080968549019     ,  6.5243156884709013     )
   12.001299999999999        1.2500000000000000     
 ( -22.519050972043551     ,  80.002955594754752     ) ( -22.434212401731273     ,  79.703177162424538     )
 ( -1.6837636125796280     , -8.2029431534846164     ) ( -1.4621065563534653E-007, -7.8557626385879116E-007) ( -1.4620684898435553E-007, -7.8557391943532230E-007) (  1.5031766549313736     ,  7.5524586758984071     )
   12.051294999999998        1.2500000000000000     
 ( -22.805985450181080     ,  81.254606498216930     ) ( -22.616397629907059     ,  80.995410692209546     )
 (-0.26796267886256542     , -9.1361116288678073     ) ( -3.5233914718896419E-009, -8.7170937442640207E-007) ( -3.5194813261068478E-009, -8.7170658321032549E-007) ( 0.22499897864623677     ,  8.4636158917477022     )
   12.101289999999999        1.2500000000000000     
 ( -23.487156349372057     ,  82.410949081205416     ) ( -23.212844178877642     ,  82.233623201831477     )
 (  1.4479415430658769     , -9.7563198637787139     ) (  1.6569143752629913E-007, -9.2366509158822970E-007) (  1.6569538809931698E-007, -9.2366186284325908E-007) ( -1.3586905721770874     ,  9.1038509382233066     )
   12.151284999999998        1.2500000000000000     
 ( -24.481975275363272     ,  83.330777219890635     ) ( -24.160801653338343     ,  83.263048707214324     )
 (  3.3371857039422679     , -9.9445846754059275     ) (  3.4728556206610624E-007, -9.3181164914007704E-007) (  3.4728949945897710E-007, -9.3180800962052105E-007) ( -3.1378873846677418     ,  9.3443917740566551     )
   12.201279999999999        1.2500000000000000     
 ( -25.663954194454227     ,  83.934608931779522     ) ( -25.340844333701803     ,  83.983574602384394     )
 (  5.2308522519508092     , -9.6564515491165732     ) (  5.2447075550891468E-007, -8.9435602037427039E-007) (  5.2447464521158581E-007, -8.9435201063273811E-007) ( -4.9507883342956651     ,  9.1245639351039074     )
   12.251274999999998        1.2500000000000000     
 ( -26.904479514770244     ,  84.210487180564911     ) ( -26.619731215446873     ,  84.363998712046794     )
 (  6.9661632848591140     , -8.9278033308888656     ) (  6.8239035631840485E-007, -8.1691270793325074E-007) (  6.8239417888157725E-007, -8.1690837969475630E-007) ( -6.6315140490147755     ,  8.4656240279561139     )
   12.301269999999999        1.2500000000000000     
 ( -28.104080320041788     ,  84.193247818232038     ) ( -27.886310808206208     ,  84.426865596871977     )
 (  8.4226914691578738     , -7.8522671995351292     ) (  8.1100523042192931E-007, -7.0979143052149892E-007) (  8.1100898135082762E-007, -7.0978682435175333E-007) ( -8.0510909355646234     ,  7.4531349459150507     )
   12.351264999999998        1.2500000000000000     
 ( -29.200981131934892     ,  83.936022069018250     ) ( -29.065687078124263     ,  84.220680302623464     )
 (  9.5354038173841165     , -6.5487450528028512     ) (  9.0574905573322606E-007, -5.8485231047310211E-007) (  9.0575273675495384E-007, -5.8484747748787918E-007) ( -9.1359386831865077     ,  6.2044964024450664     )
   12.401259999999999        1.2500000000000000     
 ( -30.162980632918931     ,  83.489477538899052     ) ( -30.114551147071047     ,  83.796952752769400     )
 (  10.289591248236414     , -5.1346950311860917     ) (  9.6669131982969519E-007, -4.5316486320516824E-007) (  9.6669494421551152E-007, -4.5315985324552982E-007) ( -9.8657208938045517     ,  4.8394524832892225     )
   12.451254999999998        1.2500000000000000     
 ( -30.973831114336516     ,  82.893254275922459     ) ( -31.008633901372022     ,  83.199078685714667     )
 (  10.707956150331754     , -3.7103555435584097     ) (  9.9716715846528371E-007, -3.2373531613186293E-007) (  9.9717073979063750E-007, -3.2373017053553217E-007) ( -10.260702648019601     ,  3.4614719851378650     )
   12.501249999999999        1.2500000000000000     
 ( -31.621868507338284     ,  82.176608962361087     ) ( -31.731138629453703     ,  82.461190249410919     )
 (  10.837199489874136     , -2.3520264877677350     ) (  1.0024699470771722E-006, -2.0304183912562324E-007) (  1.0024735056496496E-006, -2.0303661230607947E-007) ( -10.367243206056290     ,  2.1493864187194047     )
   12.551245000000000        1.2500000000000000     
 ( -32.093572158684154     ,  81.363418559554404     ) ( -32.265751351410159     ,  81.612133562771390     )
 (  10.737002060855962     , -1.1107126271913876     ) (  9.8881434229174006E-007, -9.5026274274816380E-008) (  9.8881790928720454E-007, -9.5021022104091205E-008) ( -10.245493096370588     , 0.95559879366737377     )
   12.601239999999999        1.2500000000000000     
 ( -32.371640628718588     ,  80.477964928487367     ) ( -32.594179155141916     ,  80.680656277118985     )
 (  10.471757585806847     , -1.3385418825253664E-002) (  9.6257909663835313E-007, -1.2996188755990289E-009) (  9.6258270648531796E-007, -1.2944054130119421E-009) ( -9.9602173006272565     , -9.2325232300026358E-002)
   12.651235000000000        1.2500000000000000     
 ( -32.436088717911773     ,  79.549771468495777     ) ( -32.696752378037303     ,  79.699851895190633     )
 (  10.104504313416777     , 0.93476164216097590     ) (  9.2976804964289961E-007,  7.8589142221070784E-008) (  9.2977174718711824E-007,  7.8594248618087282E-008) ( -9.5743532549210908     ,-0.98877541203639474     )
   12.701229999999999        1.2500000000000000     
 ( -32.267038808443466     ,  78.617054842938217     ) ( -32.554695488694669     ,  78.710310951019537     )
 (  9.6923766185619975     ,  1.7478925441884958     ) (  8.9561132188305888E-007,  1.4690068273820423E-007) (  8.9561516423938295E-007,  1.4690560305197910E-007) ( -9.1445591042354764     , -1.7470367450276385     )
   12.751225000000000        1.2500000000000000     
 ( -31.848531536456800     ,  77.729078709139657     ) ( -32.153324646646055     ,  77.762297335897031     )
 (  9.2828040481667262     ,  2.4574221464513397     ) (  8.6421152686148027E-007,  2.0750732195734258E-007) (  8.6421558669351703E-007,  2.0751197198016931E-007) ( -8.7178826057637426     , -2.3967144151258437     )
   12.801219999999999        1.2500000000000000     
 ( -31.173456458855327     ,  76.947679044342578     ) ( -31.486220433394013     ,  76.917258392868575     )
 (  8.9095195691490314     ,  3.1103226058515125     ) (  8.3812390365271624E-007,  2.6573781412968033E-007) (  8.3812826463432487E-007,  2.6574209095387811E-007) ( -8.3285308070736068     , -2.9818612522638244     )
   12.851215000000000        1.2500000000000000     
 ( -30.250285687554868     ,  76.347666074390844     ) ( -30.561040389254313     ,  76.248557450327212     )
 (  8.5872377564423044     ,  3.7672914956440300     ) (  8.1774977024444411E-007,  3.2816268465552795E-007) (  8.1775453352949878E-007,  3.2816646610086648E-007) ( -7.9935362459427619     , -3.5593741439510391     )
   12.901209999999999        1.2500000000000000     
 ( -29.112116728070735     ,  76.014735859735396     ) ( -29.407533453139706     ,  75.840299658339234     )
 (  8.3040848123374040     ,  4.4991450572938891     ) (  8.0048694589410011E-007,  4.0209859693923452E-007) (  8.0048149585378359E-007,  4.0209717816350247E-007) ( -7.7063341996290387     , -4.1963328129479089     )
   12.951205000000000        1.2500000000000000     
 ( -27.829631814287239     ,  76.037471440303065     ) ( -28.089807451180459     ,  75.781209734644506     )
 (  8.0112440833901317     ,  5.3781940675748814     ) (  7.7964762928402232E-007,  4.9442750924250440E-007) (  7.7964160262945501E-007,  4.9442556659099847E-007) ( -7.4270916397869726     , -4.9632484353869817     )
   13.001199999999999        1.2500000000000000     
 ( -26.520492042977224     ,  76.489881571005014     ) ( -26.716153014606864     ,  76.150270171563236     )
 (  7.6144655205469043     ,  6.4603138106074658     ) (  7.4389053178467824E-007,  6.0936785392043767E-007) (  7.4388394930374283E-007,  6.0936525443630635E-007) ( -7.0739917072475214     , -5.9194727169909269     )
   13.051195000000000        1.2500000000000000     
 ( -25.352055421002142     ,  77.400590087122794     ) ( -25.445165192105602     ,  76.989369319672647     )
 (  6.9741343728027969     ,  7.7548520000641243     ) (  6.7795004809871287E-007,  7.4510987702879521E-007) (  6.7794297527035337E-007,  7.4510647989623716E-007) ( -6.5198564805362915     , -7.0866843903919241     )
   13.101189999999999        1.2500000000000000     
 ( -24.519403471389872     ,  78.715251298007900     ) ( -24.471046046475486     ,  78.266609554271540     )
 (  5.9291240713451430     ,  9.1883461145189376     ) (  5.6621058198922577E-007,  8.9051414390039257E-007) (  5.6620313647012279E-007,  8.9050982734922232E-007) ( -5.6087096216119763     , -8.4137880320181342     )
   13.151185000000000        1.2500000000000000     
 ( -24.191177846308648     ,  80.273504651590557     ) ( -23.978084449487369     ,  79.846928376152078     )
 (  4.3527304825744411     ,  10.583849706507356     ) (  3.9918665952321481E-007,  1.0245253433768892E-006) (  3.9917899874842357E-007,  1.0245200290463221E-006) ( -4.2029470607032717     , -9.7502237582734779     )
   13.201179999999999        1.2500000000000000     
 ( -24.438190462689253     ,  81.831585076215774     ) ( -24.070966221956109     ,  81.500153281401325     )
 (  2.2251155504226272     ,  11.687013566746790     ) (  1.8013848514231533E-007,  1.1209311083728786E-006) (  1.8013078480965507E-007,  1.1209247876933803E-006) ( -2.2537798791400632     , -10.857850779572868     )
   13.251175000000000        1.2500000000000000     
 ( -25.190908721102797     ,  83.139471782756203     ) ( -24.719618419210292     ,  82.964874283399311     )
 (-0.32445035642437031     ,  12.247746244300378     ) ( -7.3122172223596779E-008,  1.1576046074855729E-006) ( -7.3129743509206166E-008,  1.1575973384347924E-006) ( 0.14438533358421513     , -11.479625810173657     )
   13.301169999999999        1.2500000000000000     
 ( -26.266719457161418     ,  84.031579952968357     ) ( -25.765904040982214     ,  84.041243871590837     )
 ( -3.0471859885279899     ,  12.116025742761448     ) ( -3.3369358413172394E-007,  1.1248013931204033E-006) ( -3.3370091091397247E-007,  1.1247932810029622E-006) (  2.7637329408055509     , -11.437646218626174     )
   13.351165000000000        1.2500000000000000     
 ( -27.452459390164567     ,  84.468470212461270     ) ( -26.995413444549165     ,  84.650471003807638     )
 ( -5.6623732523123476     ,  11.288407085144430     ) ( -5.7487661664365280E-007,  1.0272013639912404E-006) ( -5.7488363283855978E-007,  1.0271925283845645E-006) (  5.3207873455888368     , -10.697197856731886     )
   13.401159999999999        1.2500000000000000     
 ( -28.581975056551116     ,  84.509661599113983     ) ( -28.221674761995136     ,  84.824938721258363     )
 ( -7.9428431882183901     ,  9.8838479163343358     ) ( -7.7733855328643112E-007,  8.7972621145136715E-007) ( -7.7734523849564487E-007,  8.7971677084636779E-007) (  7.5694591678887928     , -9.3591227860386148     )
   13.451155000000000        1.2500000000000000     
 ( -29.565486289837221     ,  84.253260957057563     ) ( -29.329468547103392     ,  84.652665840622191     )
 ( -9.7544645608466869     ,  8.0828056233497492     ) ( -9.3138047398500327E-007,  7.0129632059960653E-007) ( -9.3138682588165314E-007,  7.0128637004709087E-007) (  9.3550134300579799     , -7.6024587648682687     )
   13.501149999999999        1.2500000000000000     
 ( -30.374842585387629     ,  83.786812967955058     ) ( -30.269534146842037     ,  84.223344768988937     )
 ( -11.051900901124343     ,  6.0726474270087412     ) ( -1.0355999467200319E-006,  5.1005308267852702E-007) ( -1.0356059640528419E-006,  5.1004270199169843E-007) (  10.619094615613680     , -5.6233918384608890     )
   13.551145000000000        1.2500000000000000     
 ( -31.012051311317027     ,  83.166827538638060     ) ( -31.029679334496528     ,  83.601396522623659     )
 ( -11.855293204563699     ,  4.0165147276142266     ) ( -1.0943418997396479E-006,  3.2090692632912699E-007) ( -1.0943475893023702E-006,  3.2089621552324841E-007) (  11.377878285573086     , -3.5961830285015286     )
   13.601139999999999        1.2500000000000000     
 ( -31.482398675888504     ,  82.421135919544298     ) ( -31.606948355733245     ,  82.824207026658783     )
 ( -12.226441936181029     ,  2.0412913492000544     ) ( -1.1153574319881969E-006,  1.4472642501180214E-007) ( -1.1153628039693350E-006,  1.4471548323287481E-007) (  11.695412474135820     , -1.6562680594131534     )
   13.651135000000000        1.2500000000000000     
 ( -31.779776707072926     ,  81.561782099763846     ) ( -31.991416359857439     ,  81.913116993197647     )
 ( -12.250536676907434     , 0.23532621482921620     ) ( -1.1080356790917686E-006, -1.1657203859509566E-008) ( -1.1080407533774372E-006, -1.1668274549021625E-008) (  11.661718914571319     , 0.10350466349808836     )
   13.701129999999999        1.2500000000000000     
 ( -31.883155176431899     ,  80.599080786853222     ) ( -32.161536181346683     ,  80.886588068469266     )
 ( -12.022852525674244     , -1.3499408990579904     ) ( -1.0821288076831270E-006, -1.4509869934514784E-007) ( -1.0821336184494395E-006, -1.4510975902065999E-007) (  11.376764925605249     ,  1.6306212443532322     )
   13.751125000000000        1.2500000000000000     
 ( -31.760091974292830     ,  79.552244062204693     ) ( -32.086789128719609     ,  79.770194277791404     )
 ( -11.638748707741657     , -2.6966901115251956     ) ( -1.0468478801325500E-006, -2.5564143268468287E-007) ( -1.0468524808959312E-006, -2.5565234665078248E-007) (  10.939059378458328     ,  2.9080879969304876     )
   13.801119999999999        1.2500000000000000     
 ( -31.373268893519271     ,  78.455486096165757     ) ( -31.733328202745241     ,  78.602178941958869     )
 ( -11.186103375694417     , -3.8164890603260386     ) ( -1.0102497023414281E-006, -3.4598675728426450E-007) ( -1.0102541682782747E-006, -3.4599736976107937E-007) (  10.437832364595195     ,  3.9486024042804595     )
   13.851115000000000        1.2500000000000000     
 ( -30.687402191031744     ,  77.360614543533728     ) ( -31.069845684201304     ,  77.435710456894654     )
 ( -10.739817174473298     , -4.7458750659324664     ) ( -9.7883478696166470E-007, -4.2103641584071184E-007) ( -9.7883921163568816E-007, -4.2104656394897410E-007) (  9.9480950511229782     ,  4.7888694423691103     )
   13.901109999999999        1.2500000000000000     
 ( -29.675649625910385     ,  76.337880465674459     ) ( -30.072781818390535     ,  76.339663242635794     )
 ( -10.357686595356302     , -5.5426214898917117     ) ( -9.5721938632477481E-007, -4.8758459486036135E-007) ( -9.5722388459903710E-007, -4.8759409287429053E-007) (  9.5275639418721365     ,  5.4850916294758196     )
   13.951105000000000        1.2500000000000000     
 ( -28.325960049558834     ,  75.476572920451488     ) ( -28.731316536494283     ,  75.399509670351662     )
 ( -10.076264500220070     , -6.2833533293520567     ) ( -9.4769242474090670E-007, -5.5417301108644994E-007) ( -9.4768389656097729E-007, -5.5417173902983070E-007) (  9.2139644715817415     ,  6.1103507925085330     )
   14.001100000000001        1.2500000000000000     
 ( -26.651612615777967     ,  74.884763381099773     ) ( -27.056366821303911     ,  74.717829416491568     )
 ( -9.9035987333225783     , -7.0617857329905096     ) ( -9.4928167849806637E-007, -6.3089621192741445E-007) ( -9.4927208015382765E-007, -6.3089429075829736E-007) (  9.0193830423904746     ,  6.7531045000269376     )
   14.051095000000000        1.2500000000000000     
 ( -24.703178337317098     ,  74.687242223820121     ) ( -25.090635795815587     ,  74.414147893518560     )
 ( -9.8082761244769578     , -7.9850115814550575     ) ( -9.5642267988702525E-007, -7.2882425051064154E-007) ( -9.5641195588173199E-007, -7.2882145473939361E-007) (  8.9216366675448686     ,  7.5152531031501679     )
   14.101089999999997        1.2500000000000000     
 ( -22.589586090675031     ,  75.013345268951781     ) ( -22.928263940117112     ,  74.616563743678469     )
 ( -9.7015327876936528     , -9.1610432527414840     ) ( -9.5700178484618360E-007, -8.5808236326356866E-007) ( -9.5698991991433212E-007, -8.5807842048582660E-007) (  8.8480449815998323     ,  8.5032102406155143     )
   14.151084999999997        1.2500000000000000     
 ( -20.497698096579207     ,  75.966506490464951     ) ( -20.735444133644364     ,  75.437951284196473     )
 ( -9.4199991683916693     , -10.668133616159349     ) ( -9.3111650537818615E-007, -1.0237418612207977E-006) ( -9.3110357688218907E-007, -1.0237364558096543E-006) (  8.6575601909326210     ,  9.8038950193752878     )
   14.201079999999997        1.2500000000000000     
 ( -18.693906716146902     ,  77.567957789441891     ) ( -18.759800034030000     ,  76.927477541885750     )
 ( -8.7269301765910505     , -12.498966054583732     ) ( -8.5290707831249022E-007, -1.2194351665328185E-006) ( -8.5289328912698668E-007, -1.2194279762353032E-006) (  8.1346345799454696     ,  11.436917735455642     )
   14.251074999999998        1.2500000000000000     
 ( -17.476429662030764     ,  79.688265940576144     ) ( -17.300210041059447     ,  79.003185749728772     )
 ( -7.3630574754639317     , -14.493650928652256     ) ( -6.9839731201133917E-007, -1.4216080097868276E-006) ( -6.9838299548325781E-007, -1.4215987800451906E-006) (  7.0229258406301307     ,  13.289018765379558     )
   14.301069999999998        1.2500000000000000     
 ( -17.062190601816589     ,  82.019331165669271     ) ( -16.612786556490413     ,  81.405738440768559     )
 ( -5.1630197536830433     , -16.314611879904461     ) ( -4.5872469779947418E-007, -1.5908636861111452E-006) ( -4.5871030296399384E-007, -1.5908523179899082E-006) (  5.1228654285884891     ,  15.071374536925941     )
   14.351064999999998        1.2500000000000000     
 ( -17.458621587818197     ,  84.153077055125848     ) ( -16.779074027673925     ,  83.740811794265568     )
 ( -2.1864344182737923     , -17.530146029930219     ) ( -1.5054484361274918E-007, -1.6850072963003845E-006) ( -1.5053079893480014E-007, -1.6849938893899277E-006) (  2.4262649022797325     ,  16.367768579448501     )
   14.401059999999998        1.2500000000000000     
 ( -18.433778358568045     ,  85.755126199593278     ) ( -17.636613840436308     ,  85.631162818420378     )
 (  1.2507880272679177     , -17.795340458260785     ) (  1.8706654901298739E-007, -1.6776717719587467E-006) (  1.8707991889503020E-007, -1.6776565698653106E-006) (-0.81340849422366113     ,  16.794943881255417     )
   14.451054999999998        1.2500000000000000     
 ( -19.637381429239507     ,  86.704829473357947     ) ( -18.857363777913122     ,  86.880505308520000     )
 (  4.6991932314994047     , -17.001544715116626     ) (  5.0882523311521814E-007, -1.5683049658532038E-006) (  5.0883776015305067E-007, -1.5682882684025635E-006) ( -4.1624444558217997     ,  16.176826139350396     )
   14.501049999999998        1.2500000000000000     
 ( -20.774452638347842     ,  87.089859648579463     ) ( -20.119307084472400     ,  87.514040291691373     )
 (  7.7561147848761340     , -15.281362384965275     ) (  7.7958089954538935E-007, -1.3773576187470944E-006) (  7.7959253938187311E-007, -1.3773396914915273E-006) ( -7.1872289357174912     ,  14.595699174964354     )
   14.551044999999998        1.2500000000000000     
 ( -21.696806327631684     ,  87.091356208215942     ) ( -21.228435730416166     ,  87.685532868305273     )
 (  10.170346697503200     , -12.902331404391170     ) (  9.8074931075063120E-007, -1.1343104653832687E-006) (  9.8076007904315731E-007, -1.1342915025427444E-006) ( -9.5918106849031624     ,  12.306829947227726     )
   14.601039999999998        1.2500000000000000     
 ( -22.386161610601864     ,  86.871129766873693     ) ( -22.127394933730177     ,  87.556255009189599     )
 (  11.844564334538111     , -10.156598885964131     ) (  1.1081712047021287E-006, -8.6812265263313924E-007) (  1.1081810987216162E-006, -8.6810279790001240E-007) ( -11.247798798188475     ,  9.6172860969996528     )
   14.651034999999998        1.2500000000000000     
 ( -22.887953326010432     ,  86.520189366204377     ) ( -22.835840045980600     ,  87.227874592156766     )
 (  12.791246676581068     , -7.3015672088728598     ) (  1.1673438933672821E-006, -6.0282757617629387E-007) (  1.1673528898010930E-006, -6.0280695392435286E-007) ( -12.157088182248842     ,  6.8070274354119444     )
   14.701029999999998        1.2500000000000000     
 ( -23.250946939680738     ,  86.061011026131524     ) ( -23.386565840640408     ,  86.735940724172451     )
 (  13.090711752770847     , -4.5419763389038215     ) (  1.1694903094966034E-006, -3.5637563651917356E-007) (  1.1694983683512328E-006, -3.5635442428864007E-007) ( -12.404073008837951     ,  4.0982754974991371     )
   14.751024999999998        1.2500000000000000     
 ( -23.493060712305933     ,  85.475370217566052     ) ( -23.787478583584210     ,  86.075495120787352     )
 (  12.864165409573721     , -2.0280469697461334     ) (  1.1289130493671840E-006, -1.4062546268879633E-007) (  1.1289201313793500E-006, -1.4060385476695491E-007) ( -12.120185594111016     ,  1.6494008539329621     )
   14.801019999999998        1.2500000000000000     
 ( -23.592224863907340     ,  84.736273561529657     ) ( -24.011065557509106     ,  85.232857060324832     )
 (  12.255930431278580     , 0.14405463964051798     ) (  1.0610518603455259E-006,  3.8361566761104383E-008) (  1.0610579565114273E-006,  3.8383311469303485E-008) ( -11.459419985554074     ,-0.44357199572689299     )
   14.851014999999999        1.2500000000000000     
 ( -23.494091557535164     ,  83.832654375877013     ) ( -24.002024010497340     ,  84.209625161733115     )
 (  11.418148718901636     ,  1.9312961427745023     ) (  9.8087938160789528E-007,  1.7978073819675444E-007) (  9.8088453339270047E-007,  1.7980234736161713E-007) ( -10.579289745963358     , -2.1425234059582494     )
   14.901009999999998        1.2500000000000000     
 ( -23.127555757805631     ,  82.782896734141644     ) ( -23.692419718222844     ,  83.034711936179747     )
 (  10.496212141615448     ,  3.3401169975311031     ) (  9.0164201803203270E-007,  2.8725044997473732E-007) (  9.0164631044959052E-007,  2.8727161012920913E-007) ( -9.6253681302078480     , -3.4595894538194081     )
   14.951004999999999        1.2500000000000000     
 ( -22.420684112280629     ,  81.638267370093743     ) ( -23.016360938656305     ,  81.766297557961437     )
 (  9.6166409158142390     ,  4.4192086042575696     ) (  8.3405931340344273E-007,  3.6783069687253188E-007) (  8.3406288049306657E-007,  3.6785110043331534E-007) ( -8.7203820650170343     , -4.4467862358947468     )
   15.000999999999998        1.2500000000000000     
 ( -21.312434267463271     ,  80.480591542036919     ) ( -21.919822607389079     ,  80.488692875673479     )
 (  8.8792973574479035     ,  5.2506274684069405     ) (  7.8597261400613257E-007,  4.3118547033241619E-007) (  7.8596028136210245E-007,  4.3118487954754940E-007) ( -7.9587517106616064     , -5.1853868330913802     )
   15.050994999999999        1.2500000000000000     
 ( -19.762397772162821     ,  79.417831152581897     ) ( -20.368374650256492     ,  79.307725188745309     )
 (  8.3524271102981551     ,  5.9420255017518073     ) (  7.6204710511876911E-007,  4.8903021040115470E-007) (  7.6203307361764137E-007,  4.8902893958009130E-007) ( -7.4040713867023342     , -5.7773172341376515     )
   15.100989999999998        1.2500000000000000     
 ( -17.755387104438704     ,  78.583670038620113     ) ( -18.349435690084334     ,  78.350885376182248     )
 (  8.0698570644483993     ,  6.6228416213308137     ) (  7.6342987542165387E-007,  5.5513704783288645E-007) (  7.6341396590731693E-007,  5.5513482307214613E-007) ( -7.0892018961105769     , -6.3420660995551383     )
   15.150984999999999        1.2500000000000000     
 ( -15.314259678668430     ,  78.137351891511955     ) ( -15.882437523472760     ,  77.768249175361433     )
 (  8.0219471424262210     ,  7.4429435699920852     ) (  7.8636347489928499E-007,  6.4526494089687837E-007) (  7.8634550815702880E-007,  6.4526139381351873E-007) ( -7.0101860420836211     , -7.0162413959100585     )
   15.200979999999998        1.2500000000000000     
 ( -12.520904339168490     ,  78.261478073230364     ) ( -13.036186817340207     ,  77.733289041131982     )
 (  8.1371186303749852     ,  8.5688817872785830     ) (  8.1965218995980052E-007,  7.7634216122416275E-007) (  8.1963205760936290E-007,  7.7633680637779023E-007) ( -7.1117029641904947     , -7.9530391347950156     )
   15.250974999999999        1.2500000000000000     
 ( -9.5502362979986444     ,  79.143474466422362     ) ( -9.9594382922646432     ,  78.431679275864809     )
 (  8.2507668902107643     ,  10.164215015894532     ) (  8.4114549018089398E-007,  9.6306289594432518E-007) (  8.4112321553944947E-007,  9.6305510524599195E-007) ( -7.2596443761569063     , -9.3100965226314667     )
   15.300969999999998        1.2500000000000000     
 ( -6.7052666806139145     ,  80.919600506053911     ) ( -6.9179400474003137     ,  80.019457196093711     )
 (  8.0736002477710951     ,  12.332708720488604     ) (  8.1569510509532891E-007,  1.2098280654124509E-006) (  8.1567095344420955E-007,  1.2098171317698344E-006) ( -7.2077371556832039     , -11.207097502758009     )
   15.350964999999999        1.2500000000000000     
 ( -4.4110274422727738     ,  83.567543536317956     ) ( -4.3068555389791765     ,  82.532314879022479     )
 (  7.2019582387689454     ,  15.010712294362941     ) (  7.0035156400009418E-007,  1.4984506095490921E-006) (  7.0032611799132477E-007,  1.4984358650044047E-006) ( -6.5896166471806898     , -13.635208844709448     )
   15.400959999999998        1.2500000000000000     
 ( -3.0989520936390242     ,  86.787940656477403     ) ( -2.5765996647289597     ,  85.763716777894061     )
 (  5.2386859885550532     ,  17.849639057911975     ) (  4.6257645710030936E-007,  1.7798106619079822E-006) (  4.6255064438333855E-007,  1.7797916947920406E-006) ( -4.9985693454713447     , -16.336726198593894     )
   15.450954999999999        1.2500000000000000     
 ( -2.9709628255583724     ,  90.007650805641831     ) ( -2.0311560193548250     ,  89.213829634440913     )
 (  2.0353573605114863     ,  20.222294790084092     ) (  1.0564540458759292E-007,  1.9844937426289014E-006) (  1.0562027093085116E-007,  1.9844706094450157E-006) ( -2.1957298422367448     , -18.757973114825273     )
   15.500949999999998        1.2500000000000000     
 ( -3.8118161031728772     ,  92.619177288386922     ) ( -2.6011525756048086     ,  92.249450139823608     )
 ( -2.1133627332489948     ,  21.468720237669654     ) ( -3.2198265427514671E-007,  2.0553402728566726E-006) ( -3.2200624345557004E-007,  2.0553135087520212E-006) (  1.6563532801778940     , -20.217050048689938     )
   15.550944999999999        1.2500000000000000     
 ( -5.0863622563530626     ,  94.314432028609190     ) ( -3.8348960858909558     ,  94.435262275681623     )
 ( -6.5614009478169946     ,  21.241087635137042     ) ( -7.4887534757213272E-007,  1.9764300649387861E-006) ( -7.4889698596239821E-007,  1.9764004206754690E-006) (  5.9800404855817639     , -20.248081626590984     )
   15.600939999999998        1.2500000000000000     
 ( -6.2704573752324535     ,  95.192968442013111     ) ( -5.1797658008401468     ,  95.738452310583241     )
 ( -10.640817042431058     ,  19.628572380796061     ) ( -1.1147044758936925E-006,  1.7723237402232682E-006) ( -1.1147241376842958E-006,  1.7722918650374463E-006) (  10.064838825619361     , -18.824416678207118     )
   15.650934999999999        1.2500000000000000     
 ( -7.0966378911562620     ,  95.579130241633308     ) ( -6.2834761919753399     ,  96.420970415408661     )
 ( -13.914758411920419     ,  16.995454682366990     ) ( -1.3867281201213721E-006,  1.4860473963199108E-006) ( -1.3867459366501776E-006,  1.4860136796407955E-006) (  13.379965537179496     , -16.272873584190204     )
   15.700930000000000        1.2500000000000000     
 ( -7.5606504039830167     ,  95.781259848779172     ) ( -7.0686197245559752     ,  96.789571539364317     )
 ( -16.204520492245575     ,  13.760855618831766     ) ( -1.5560847278638108E-006,  1.1601372434217201E-006) ( -1.5561008010195392E-006,  1.1601018616801795E-006) (  15.674908793521608     , -13.042775367700280     )
   15.750924999999999        1.2500000000000000     
 ( -7.7964304746108981     ,  95.968971075125154     ) ( -7.6260594155049608     ,  97.033517184210368     )
 ( -17.499990483662557     ,  10.286936131208586     ) ( -1.6282980591759961E-006,  8.2946193639209976E-007) ( -1.6283123294361772E-006,  8.2942498693681871E-007) (  16.913302381372329     , -9.5489860261007351     )
   15.800920000000000        1.2500000000000000     
 ( -7.9527166983786941     ,  96.166758129099151     ) ( -8.0798100074645678     ,  97.196813929890098     )
 ( -17.881096598326735     ,  6.8625841693158600     ) ( -1.6168804639551136E-006,  5.2075607015613681E-007) ( -1.6168927448926313E-006,  5.2071773072575021E-007) (  17.183775545160781     , -6.1247492016415608     )
   15.850914999999999        1.2500000000000000     
 ( -8.1188771098654051     ,  96.303028082527192     ) ( -8.5011048499231165     ,  97.225618410659749     )
 ( -17.483097935215390     ,  3.7147283514596832     ) ( -1.5403441714833254E-006,  2.5319852541714166E-007) ( -1.5403542400885087E-006,  2.5315908811788237E-007) (  16.647658088350742     , -3.0214910079440993     )
   15.900910000000000        1.2500000000000000     
 ( -8.2981368784888723     ,  96.272213311979215     ) ( -8.8791248074914453     ,  97.034532868584321     )
 ( -16.484744997225661     ,  1.0105253642393628     ) ( -1.4202407851896596E-006,  3.8264710776081225E-008) ( -1.4202484543592944E-006,  3.8224641577748171E-008) (  15.512398539771178     ,-0.41054524004475468     )
   15.950904999999999        1.2500000000000000     
 ( -8.4160605652605405     ,  95.988555081847025     ) ( -9.1325747808299909     ,  96.561301712429497     )
 ( -15.095252736773556     , -1.1513641794790606     ) ( -1.2788419128555921E-006, -1.2048972637714716E-007) ( -1.2788471053540348E-006, -1.2052985256844098E-007) (  14.008367308667175     ,  1.6200249125050763     )
   16.000900000000001        1.2500000000000000     
 ( -8.3503570808168437     ,  95.419913976992973     ) ( -9.1421176126040464     ,  95.796970653095144     )
 ( -13.531841583704832     , -2.7478569980121641     ) ( -1.1366124195076983E-006, -2.2679469603158919E-007) ( -1.1366151982294228E-006, -2.2683425826463330E-007) (  12.361762719863833     ,  3.0640044171036540     )
   16.050895000000001        1.2500000000000000     
 ( -7.9664714748881513     ,  94.598174868266611     ) ( -8.7849402000126062     ,  94.791067633565390     )
 ( -11.993575536581142     , -3.8272594523389487     ) ( -1.0102741303078408E-006, -2.9007144985326898E-007) ( -1.0102746791071825E-006, -2.9010981531914731E-007) (  10.769340966578202     ,  3.9847407687113678     )
   16.100890000000000        1.2500000000000000     
 ( -7.1452847968511870     ,  93.612066715766417     ) ( -7.9583411537832172     ,  93.640975624314436     )
 ( -10.641544723933098     , -4.4942858790612021     ) ( -9.1198773495580033E-007, -3.2355497713402884E-007) ( -9.1196854145697950E-007, -3.2355514874308665E-007) (  9.3830584589407806     ,  4.4951767552285977     )
   16.150885000000002        1.2500000000000000     
 ( -5.8005040190299448     ,  92.591469513091269     ) ( -6.5923291684039134     ,  92.475392313713229     )
 ( -9.5890102050860264     , -4.8913679294435619     ) ( -8.4929879296811083E-007, -3.4275271901646556E-007) ( -8.4927683400601721E-007, -3.4275198738256167E-007) (  8.3052657530380980     ,  4.7371167257582076     )
   16.200880000000002        1.2500000000000000     
 ( -3.8808838107120396     ,  91.698446521256173     ) ( -4.6475810228735028     ,  91.446714146170805     )
 ( -8.9021711332608149     , -5.1862711324649533     ) ( -8.2557601253478685E-007, -3.6514917583884535E-007) ( -8.2555093792850184E-007, -3.6514714989166321E-007) (  7.5940475609391918     ,  4.8699696113811370     )
   16.250875000000001        1.2500000000000000     
 ( -1.3761419533448718     ,  91.123735453152491     ) ( -2.1178540731779374     ,  90.729099078993571     )
 ( -8.5988930414831586     , -5.5682114836097476     ) ( -8.3942099408519562E-007, -4.1051025079231393E-007) ( -8.3939244115048447E-007, -4.1050637636172984E-007) (  7.2656211564076685     ,  5.0676175852369472     )
   16.300870000000000        1.2500000000000000     
 (  1.6694463445892915     ,  91.091887681321850     ) ( 0.96099871806252157     ,  90.526030148142027     )
 ( -8.6377265113853632     , -6.2517243898271850     ) ( -8.8240816918416667E-007, -5.0148659740282416E-007) ( -8.8237580610966030E-007, -5.0148009195771662E-007) (  7.2882209676614131     ,  5.5242497906844203     )
   16.350865000000002        1.2500000000000000     
 (  5.1210067815932829     ,  91.861237758929761     ) (  4.4819027360819392     ,  91.076104971275811     )
 ( -8.8845089058301010     , -7.4755128927848915     ) ( -9.3415064946039196E-007, -6.6237069445460819E-007) ( -9.3411431230918515E-007, -6.6236049125628066E-007) (  7.5560253572178544     ,  6.4585402115972270     )
   16.400860000000002        1.2500000000000000     
 (  8.6909941314911361     ,  93.690417984819504     ) (  8.2114431586784988     ,  92.635257575961873     )
 ( -9.0531579322478102     , -9.4676853136071237     ) ( -9.5563424745297929E-007, -9.1221904207891093E-007) ( -9.5559412493995720E-007, -9.1220377889674719E-007) (  7.8375349623950017     ,  8.0941756101055002     )
   16.450855000000001        1.2500000000000000     
 (  11.880742920583270     ,  96.725512863605374     ) (  11.724500536475734     ,  95.395837812132172     )
 ( -8.6508551581907192     , -12.331484281649447     ) ( -8.8706092079852978E-007, -1.2481446839880025E-006) ( -8.8701784140057391E-007, -1.2481228569309452E-006) (  7.7147244278636453     ,  10.577249530639994     )
   16.500850000000000        1.2500000000000000     
 (  14.029266620803931     ,  100.78999060843248     ) (  14.402744812294666     ,  99.309252647940681     )
 ( -7.0318617924452429     , -15.834032226390578     ) ( -6.6385769341953347E-007, -1.6226253839551749E-006) ( -6.6381331469146202E-007, -1.6225957674994199E-006) (  6.5877167642987757     ,  13.797811076484123     )
   16.550845000000002        1.2500000000000000     
 (  14.607774179877701     ,  105.21427172902170     ) (  15.632026844910781     ,  103.88057021991574     )
 ( -3.6990660968963591     , -19.235679142772746     ) ( -2.5850038136440008E-007, -1.9389117276687571E-006) ( -2.5845699987173372E-007, -1.9388740240021226E-006) (  3.8806157908449865     ,  17.184850940867676     )
   16.600840000000002        1.2500000000000000     
 (  13.667607322426804     ,  109.02390591507748     ) (  15.222686376566122     ,  108.19946773429719     )
 (  1.2385200929158446     , -21.480402671896570     ) (  2.8114693204041553E-007, -2.0930566392227924E-006) (  2.8118718660707074E-007, -2.0930118443828766E-006) (-0.52711980420747839     ,  19.740992891561920     )
   16.650835000000001        1.2500000000000000     
 (  11.942740793484436     ,  111.54075498494359     ) (  13.689027315961106     ,  111.42264507742848     )
 (  6.9514352923125644     , -21.804063074438353     ) (  8.4956631599498904E-007, -2.0381660092643790E-006) (  8.4960234118746894E-007, -2.0381159280518577E-006) ( -6.0082557207547556     ,  20.534713796489395     )
   16.700830000000000        1.2500000000000000     
 (  10.341841409684875     ,  112.80220131107141     ) (  11.934747745239028     ,  113.33256219042413     )
 (  12.385473481888589     , -20.168671044567731     ) (  1.3475415077046007E-006, -1.8015492703099396E-006) (  1.3475733963590095E-006, -1.8014955476661311E-006) ( -11.490293172519287     ,  19.278427282433253     )
   16.750825000000003        1.2500000000000000     
 (  9.3796300409273989     ,  113.34785463590212     ) (  10.622138675830245     ,  114.33560600739509     )
 (  16.822632925293561     , -17.075280395904858     ) (  1.7220734821447214E-006, -1.4464776402080455E-006) (  1.7221018826369299E-006, -1.4464211436206138E-006) ( -16.081646940948456     ,  16.358149843825402     )
   16.800820000000002        1.2500000000000000     
 (  9.0740830209732337     ,  113.74720066825502     ) (  9.9008228288813402     ,  115.00407626156918     )
 (  19.989728971330205     , -13.129106822687760     ) (  1.9600298639545404E-006, -1.0337519934989094E-006) (  1.9600553021141546E-006, -1.0336928472318047E-006) ( -19.356342851547247     ,  12.417348817894247     )
   16.850815000000001        1.2500000000000000     
 (  9.1630147402784576     ,  114.33400511281235     ) (  9.5690565183646079     ,  115.71497327734399     )
 (  21.872645385212067     , -8.8155523451609881     ) (  2.0678524105450577E-006, -6.1007338266614323E-007) (  2.0678749296358906E-006, -6.1001140110226011E-007) ( -21.235893971747377     ,  8.0366109308950442     )
   16.900810000000000        1.2500000000000000     
 (  9.3306778029959698     ,  115.17774553521565     ) (  9.3328774777360675     ,  116.56587551042102     )
 (  22.552984175262406     , -4.4987203579298090     ) (  2.0602624118427810E-006, -2.1129008849566429E-007) (  2.0602815699582847E-006, -2.1122516451756045E-007) ( -21.806315977627790     ,  3.6657879482993017     )
   16.950805000000003        1.2500000000000000     
 (  9.3446254880775683     ,  116.15598095897735     ) (  8.9787022414988957     ,  117.44650493293967     )
 (  22.157958776101204     ,-0.47938747128220088     ) (  1.9581643007620186E-006,  1.3406048589499535E-007) (  1.9581793861088557E-006,  1.3412809884202717E-007) ( -21.236325062058267     ,-0.34041435539325526     )
   17.000800000000002        1.2500000000000000     
 (  9.1188612799061524     ,  117.05162608544700     ) (  8.4466829748676080     ,  118.15419039485106     )
 (  20.874118267403887     ,  2.9822603948723136     ) (  1.7888755808216358E-006,  4.0540571120732458E-007) (  1.7888858529443821E-006,  4.0547529134314117E-007) ( -19.766734583676055     , -3.7045750445378691     )
   17.050795000000001        1.2500000000000000     
 (  8.7211393344673986     ,  117.65036163722726     ) (  7.8285350365892166     ,  118.50294697877732     )
 (  18.960555323631283     ,  5.6902848632042256     ) (  1.5840939555088627E-006,  5.9290751359630125E-007) (  1.5840989140114710E-006,  5.9297796458219124E-007) ( -17.702990197608383     , -6.2463388598705540     )
   17.100790000000003        1.2500000000000000     
 (  8.3329063080150902     ,  117.81798847232865     ) (  7.3138902451738614     ,  118.39738448538263     )
 (  16.728067444004981     ,  7.5520631835243774     ) (  1.3752757850765706E-006,  6.9878475511479113E-007) (  1.3752752844796552E-006,  6.9885475922098348E-007) ( -15.379266547452595     , -7.9080229655602183     )
   17.150785000000003        1.2500000000000000     
 (  8.1820279343752986     ,  117.53747886853256     ) (  7.1182879422427465     ,  117.85656542814110     )
 (  14.489399318445628     ,  8.5969151218940212     ) (  1.1888847896371193E-006,  7.3560890143856559E-007) (  1.1888599080903827E-006,  7.3561154747907099E-007) ( -13.105312865432865     , -8.7548064267747847     )
   17.200779999999998        1.2500000000000000     
 (  8.4760854020350607     ,  116.89854144700423     ) (  7.4228307502673614     ,  116.99156665518254     )
 (  12.506734640464890     ,  8.9590998998750120     ) (  1.0436346258408773E-006,  7.2231019787327952E-007) (  1.0436059566311002E-006,  7.2231209057701946E-007) ( -11.122044824327510     , -8.9426270945198567     )
   17.250774999999997        1.2500000000000000     
 (  9.3684461087887243     ,  116.06672702929841     ) (  8.3516370361494516     ,  115.97130931188829     )
 (  10.965212981533705     ,  8.8413657418192297     ) (  9.5068196538285579E-007,  6.8091720231587145E-007) (  9.5064900389608001E-007,  6.8091794817905261E-007) ( -9.5878380680618722     , -8.6777992366417127     )
   17.300770000000000        1.2500000000000000     
 (  10.948512212335594     ,  115.24702644251435     ) (  9.9708114311040070     ,  114.98883684306509     )
 (  9.9700319894312717     ,  8.4783726027286104     ) (  9.1490917979654297E-007,  6.3448481190310461E-007) (  9.1487132170736586E-007,  6.3448387989281750E-007) ( -8.5855178370865204     , -8.1820769477418231     )
   17.350764999999999        1.2500000000000000     
 (  13.250230726396737     ,  114.66804378541971     ) (  12.301779986740346     ,  114.25013486790097     )
 (  9.5587638173005569     ,  8.1194133571060689     ) (  9.3608998976653234E-007,  6.0742536724542452E-007) (  9.3604657646053191E-007,  6.0742198725182864E-007) ( -8.1403706736756369     , -7.6798753717561015     )
   17.400759999999998        1.2500000000000000     
 (  16.255217816740377     ,  114.58714877750759     ) (  15.327984291551171     ,  113.98236998348000     )
 (  9.7074387255196157     ,  8.0324279478520033     ) (  1.0079755321883231E-006,  6.2731765073284060E-007) (  1.0079258738880519E-006,  6.2731069606438134E-007) ( -8.2305029562878147     , -7.4053002785775890     )
   17.450755000000001        1.2500000000000000     
 (  19.869761925540264     ,  115.30828624922988     ) (  18.979005029302879     ,  114.45459186033089     )
 (  10.310071327472768     ,  8.5203146102378859     ) (  1.1134902681698439E-006,  7.2648861854947806E-007) (  1.1134337742468901E-006,  7.2647645000721827E-007) ( -8.7740874161348685     , -7.6213874589986572     )
   17.500750000000000        1.2500000000000000     
 (  23.855196203957423     ,  117.18482564060535     ) (  23.074928746592857     ,  115.99126736061994     )
 (  11.111611345929708     ,  9.9218683719690279     ) (  1.2147206215397776E-006,  9.3899576022968664E-007) (  1.2146571539407733E-006,  9.3897606288435101E-007) ( -9.5768686967146603     , -8.6317987186494936     )
   17.550744999999999        1.2500000000000000     
 (  27.710653808480689     ,  120.54347491892335     ) (  27.222450531553463     ,  118.93177118890355     )
 (  11.593885504972027     ,  12.533215912159509     ) (  1.2411137717721450E-006,  1.2845155948127222E-006) (  1.2410441699423461E-006,  1.2844854571171133E-006) ( -10.232031294279421     , -10.737939270398433     )
   17.600739999999998        1.2500000000000000     
 (  30.597457846954804     ,  125.43478013199730     ) (  30.710240648413684     ,  123.45325184857542     )
 (  10.904454099743786     ,  16.355416452983746     ) (  1.0933561320998646E-006,  1.7325837950413794E-006) (  1.0932829518659595E-006,  1.7325402899214139E-006) ( -10.020780878122372     , -14.059043483983878     )
   17.650735000000001        1.2500000000000000     
 (  31.566196940479436     ,  131.23956534736308     ) (  32.591669683614825     ,  129.21919199605765     )
 (  8.0903176737395786     ,  20.697855230761572     ) (  6.9274060256579213E-007,  2.1684471742305862E-006) (  6.9266825284853927E-007,  2.1683887647417651E-006) ( -8.0027707894048685     , -18.177991095968203     )
   17.700730000000000        1.2500000000000000     
 (  30.272575590892639     ,  136.59288050795578     ) (  32.214205583060554     ,  135.11866488134118     )
 (  2.8238123426786323     ,  24.099932284939584     ) (  6.4760862255946909E-008,  2.4255291411947909E-006) (  6.4694290112817301E-008,  2.4254572100249713E-006) ( -3.5571073222409346     , -21.879070510891882     )
   17.750724999999999        1.2500000000000000     
 (  27.562619338478392     ,  140.19317008324953     ) (  29.962901832463864     ,  139.71382656381510     )
 ( -3.9974639154923359     ,  25.140845406654972     ) ( -6.4630095060395145E-007,  2.3998703886623169E-006) ( -6.4635880744236183E-007,  2.3997889109683345E-006) (  2.8573971281602502     , -23.597931984087609     )
   17.800719999999998        1.2500000000000000     
 (  24.913399115775793     ,  141.83348182921395     ) (  27.186978543948971     ,  142.34019394967572     )
 ( -10.789851225880360     ,  23.478153665669350     ) ( -1.2819316903902560E-006,  2.1162890728931176E-006) ( -1.2819810570951402E-006,  2.1162021788079676E-006) (  9.7534812275283667     , -22.533161714609811     )
   17.850715000000001        1.2500000000000000     
 (  23.291047964859764     ,  142.32168771919163     ) (  25.100980032922802     ,  143.51678077797214     )
 ( -16.402015197154171     ,  19.788424779404789     ) ( -1.7603755128778965E-006,  1.6688765829138217E-006) ( -1.7604184635799271E-006,  1.6687863850337925E-006) (  15.690174412528085     , -19.083922459104137     )
   17.900710000000000        1.2500000000000000     
 (  22.790953779704306     ,  142.62463484552029     ) (  24.050240733632879     ,  144.22051621551904     )
 ( -20.455137083866902     ,  14.952475569803855     ) ( -2.0679889138730621E-006,  1.1429868480311846E-006) ( -2.0680273679362562E-006,  1.1428933957495928E-006) (  19.992210856039140     , -14.175761920946934     )
   17.950704999999999        1.2500000000000000     
 (  22.999741209239360     ,  143.34034202364583     ) (  23.711733344798532     ,  145.14866766564245     )
 ( -22.982313138770163     ,  9.5934062650416525     ) ( -2.2159693072049267E-006,  5.9517373983426664E-007) ( -2.2160039400611909E-006,  5.9507591855489279E-007) (  22.564842996619831     , -8.5988583693213982     )
   18.000699999999998        1.2500000000000000     
 (  23.384469497143463     ,  144.64426359433776     ) (  23.555200690018079     ,  146.52779779003831     )
 ( -24.087538655757502     ,  4.1029078183759840     ) ( -2.2185846415551584E-006,  6.6048591897679717E-008) ( -2.2186147626210676E-006,  6.5945264047743982E-008) (  23.507146942211783     , -2.8967632382844033     )
   18.050695000000001        1.2500000000000000     
 (  23.501831906062744     ,  146.39482992966856     ) (  23.140764281568671     ,  148.21358987235695     )
 ( -23.852043055407051     , -1.1969757145655477     ) ( -2.0933296184933243E-006, -4.0758665863891781E-007) ( -2.0933534961808216E-006, -4.0769586754910385E-007) (  22.958936730143233     ,  2.5018996410025265     )
   18.100690000000000        1.2500000000000000     
 (  23.105442935482049     ,  148.25393873092415     ) (  22.261082491555914     ,  149.85552658954470     )
 ( -22.393438487472004     , -5.9628842918906155     ) ( -1.8678322342276206E-006, -7.9200048064843024E-007) ( -1.8678477891738920E-006, -7.9211480190324387E-007) (  21.131063926712155     ,  7.1994092756957899     )
   18.150684999999999        1.2500000000000000     
 (  22.198713020808604     ,  149.82176246384020     ) (  20.980768901398836     ,  151.07297614094691     )
 ( -19.951129520747138     , -9.8527554053492690     ) ( -1.5819863700748446E-006, -1.0641558266919052E-006) ( -1.5819918562925600E-006, -1.0642733428593155E-006) (  18.362805573667117     ,  10.860265802773064     )
   18.200679999999998        1.2500000000000000     
 (  21.015587954682079     ,  150.78220289769419     ) (  19.578863504053789     ,  151.61050488365774     )
 ( -16.908156423332578     , -12.621826075782707     ) ( -1.2815984825044445E-006, -1.2191781368474548E-006) ( -1.2815930047071386E-006, -1.2192961988816926E-006) (  15.106923848509600     ,  13.299451749126577     )
   18.250675000000001        1.2500000000000000     
 (  19.921377895474706     ,  151.00915036299742     ) (  18.421297543813143     ,  151.41885841214668     )
 ( -13.722980777432499     , -14.209661058757604     ) ( -1.0079585479038909E-006, -1.2709623750358161E-006) ( -1.0079228807735496E-006, -1.2709683682888584E-006) (  11.837352199189320     ,  14.536337874258408     )
   18.300670000000000        1.2500000000000000     
 (  19.277839430675240     ,  150.57977929908415     ) (  17.829040390498104     ,  150.63246661461866     )
 ( -10.815970943989836     , -14.749970217360453     ) ( -7.9026023371458657E-007, -1.2454916891300033E-006) ( -7.9021885105591895E-007, -1.2454967986958071E-006) (  8.9425174762479624     ,  14.764889112981958     )
   18.350664999999999        1.2500000000000000     
 (  19.352993930885365     ,  149.71920279461409     ) (  18.013293581868055     ,  149.49723385310560     )
 ( -8.4904383773545717     , -14.511741327395335     ) ( -6.4464940313302779E-007, -1.1735119975902241E-006) ( -6.4460155745488832E-007, -1.1735156891955637E-006) (  6.6739935444603198     ,  14.277642811186958     )
   18.400659999999998        1.2500000000000000     
 (  20.293747584388136     ,  148.71534601734137     ) (  19.071404311708061     ,  148.28932806432107     )
 ( -6.9134276490323323     , -13.817252695497146     ) ( -5.7719848931513721E-007, -1.0852390201813058E-006) ( -5.7714329953082983E-007, -1.0852405896053393E-006) (  5.1522676510991827     ,  13.386763563331151     )
   18.450655000000001        1.2500000000000000     
 (  22.150392960060788     ,  147.86793546903093     ) (  21.022005146417740     ,  147.27678163054600     )
 ( -6.1442298119744025     , -12.991523533064496     ) ( -5.8776731577924662E-007, -1.0098576157599865E-006) ( -5.8770369364549856E-007, -1.0098560664553848E-006) (  4.4067364859576035     ,  12.386288762407595     )
   18.500650000000000        1.2500000000000000     
 (  24.908996264278848     ,  147.48204286724754     ) (  23.839377742057401     ,  146.72156211568833     )
 ( -6.1691020408214223     , -12.356242180926921     ) ( -6.7153392982046395E-007, -9.7837257622020175E-007) ( -6.7146061954934473E-007, -9.7836639605827554E-007) (  4.4128917188685994     ,  11.554645231647738     )
   18.550644999999999        1.2500000000000000     
 (  28.496608443654839     ,  147.89829536974369     ) (  27.462356075136718     ,  146.91177558716410     )
 ( -6.9078621819544512     , -12.259473103097157     ) ( -8.1572266719474954E-007, -1.0281431710867215E-006) ( -8.1563840871019632E-007, -1.0281300316642032E-006) (  5.1028275464640354     ,  11.186301633712661     )
   18.600639999999999        1.2500000000000000     
 (  32.726255967063366     ,  149.53448575478200     ) (  31.754951920728235     ,  148.20601545901047     )
 ( -8.1599444112847266     , -13.115756881739941     ) ( -9.8842126773564906E-007, -1.2052168504380717E-006) ( -9.8832513657353643E-007, -1.2051932413971935E-006) (  6.3271177413673962     ,  11.634378418344163     )
   18.650635000000001        1.2500000000000000     
 (  37.149014261592605     ,  152.87490957021853     ) (  36.390595391700828     ,  151.04875700341378     )
 ( -9.4578229424887397     , -15.392829991702575     ) ( -1.1181429354681313E-006, -1.5540892682458686E-006) ( -1.1180353162924450E-006, -1.5540502002096238E-006) (  7.7406636030256957     ,  13.322963637853634     )
   18.700630000000000        1.2500000000000000     
 (  40.842708319682799     ,  158.25889938406658     ) (  40.658303955308959     ,  155.85184359864525     )
 ( -9.8579724210441118     , -19.396354817404717     ) ( -1.0779376562841564E-006, -2.0764164980413116E-006) ( -1.0778217684182241E-006, -2.0763560223970561E-006) (  8.6117329932967017     ,  16.624121439063003     )
   18.750624999999999        1.2500000000000000     
 (  42.429271521036902     ,  165.31098351028541     ) (  43.350087293652479     ,  162.58035013176769     )
 ( -7.9623549465188823     , -24.694992144413888     ) ( -7.2367990634009083E-007, -2.6599825564295272E-006) ( -7.2356324280731643E-007, -2.6598960929364372E-006) (  7.7146641822642508     ,  21.437925334886831     )
   18.800620000000002        1.2500000000000000     
 (  40.905821505472211     ,  172.38731076742187     ) (  43.201481929772577     ,  170.12337048040160     )
 ( -2.7569133107911128     , -29.560718888205351     ) ( -2.6770607243135658E-008, -3.0686474738618398E-006) ( -2.6663541701339990E-008, -3.0685359247177730E-006) (  3.7799026464458199     ,  26.556547633122687     )
   18.850615000000001        1.2500000000000000     
 (  36.989784878632250     ,  177.31078595707294     ) (  40.142888184100968     ,  176.36062327174136     )
 (  5.0304443822697360     , -31.697836183559414     ) (  8.3234459509350306E-007, -3.1064602356172360E-006) (  8.3243453487505765E-007, -3.1063314002363321E-006) ( -3.2384351161930565     ,  29.724946503516140     )
   18.900610000000000        1.2500000000000000     
 (  32.884161144824176     ,  179.32648831893101     ) (  35.949738189001003     ,  179.80800518753188     )
 (  13.143464870605069     , -30.195048574002318     ) (  1.6065187231041654E-006, -2.7862624100933249E-006) (  1.6065915188053656E-006, -2.7861259915790176E-006) ( -11.486415583673393     ,  29.285264576085346     )
   18.950604999999999        1.2500000000000000     
 (  30.273706891942947     ,  179.53805794292288     ) (  32.696619483795658     ,  180.97286326578816     )
 (  19.769481514431373     , -25.967645520791088     ) (  2.1731123562556167E-006, -2.2523149121093959E-006) (  2.1731732921918465E-006, -2.2521763107714836E-006) ( -18.718494729179461     ,  25.544242684976595     )
   19.000600000000002        1.2500000000000000     
 (  29.400114972348039     ,  179.46683433690677     ) (  31.103305779729169     ,  181.39914489822283     )
 (  24.422487560566044     , -20.343197856352020     ) (  2.5279994107971287E-006, -1.6265028845987541E-006) (  2.5280538996912129E-006, -1.6263620488720464E-006) ( -23.905948264288945     ,  19.858336980331174     )
   19.050595000000001        1.2500000000000000     
 (  29.666031789641021     ,  180.06128090878468     ) (  30.717280499707517     ,  182.25810902799745     )
 (  27.298956933150667     , -14.134936072279311     ) (  2.6980029217403510E-006, -9.7217556167272601E-007) (  2.6980536555489635E-006, -9.7202944934521608E-007) ( -27.019939561885884     ,  13.310415367041594     )
   19.100590000000000        1.2500000000000000     
 (  30.291763812198759     ,  181.64679602168073     ) (  30.713214096891875     ,  183.99037704997974     )
 (  28.614781649094766     , -7.7055859175434325     ) (  2.6993741207615517E-006, -3.2555518037126550E-007) (  2.6994205227863524E-006, -3.2540010305094532E-007) ( -28.253501628478659     ,  6.4896482967873519     )
   19.150585000000000        1.2500000000000000     
 (  30.585168829478736     ,  184.11107135469510     ) (  30.344919050328436     ,  186.47045095726438     )
 (  28.418354808670525     , -1.2998268421152268     ) (  2.5402792937289712E-006,  2.7524005914732251E-007) (  2.5403181031536647E-006,  2.7540658939703702E-007) ( -27.709958421959211     ,-0.19573293590227145     )
   19.200580000000002        1.2500000000000000     
 (  30.060103561988310     ,  187.02867644702712     ) (  29.148233463988646     ,  189.20561496034674     )
 (  26.691909453431141     ,  4.7325577870002951     ) (  2.2392717159102003E-006,  7.8265563633706093E-007) (  2.2392981188345452E-006,  7.8283372917180560E-007) ( -25.482358173370493     , -6.2794399543066381     )
   19.250575000000001        1.2500000000000000     
 (  28.551653908370106     ,  189.78383335811907     ) (  27.060857772341382     ,  191.54883345712454     )
 (  23.549084728898141     ,  9.9030526511795625     ) (  1.8391303601147616E-006,  1.1523633388750881E-006) (  1.8391396142062991E-006,  1.1525502495923295E-006) ( -21.842941803327761     , -11.232393688748989     )
   19.300570000000000        1.2500000000000000     
 (  26.284272897381815     ,  191.77415160021303     ) (  24.424833986455521     ,  192.96063843763824     )
 (  19.376014831494999     ,  13.731233534534084     ) (  1.4029590110561943E-006,  1.3633791285442928E-006) (  1.4029480137129486E-006,  1.3635698303526696E-006) ( -17.327724766727481     , -14.640317437841707     )
   19.350565000000000        1.2500000000000000     
 (  23.788749873569298     ,  192.64601921619641     ) (  21.817357687355521     ,  193.22231135854935     )
 (  14.795866754756654     ,  15.963546010204054     ) (  9.9484037143782710E-007,  1.4276252559441393E-006) (  9.9479080312570877E-007,  1.4276368844318698E-006) ( -12.624265811904991     , -16.390252603334474     )
   19.400560000000002        1.2500000000000000     
 (  21.672990052110695     ,  192.40342073243406     ) (  19.794576572374787     ,  192.46217347318117     )
 (  10.468768111946773     ,  16.683658079430074     ) (  6.6107759498667951E-007,  1.3810299209242187E-006) (  6.6101958160790548E-007,  1.3810405139242473E-006) ( -8.3511251265133577     , -16.694408388828961     )
   19.450555000000001        1.2500000000000000     
 (  20.408423260762504     ,  191.34431640382840     ) (  18.724959301628022     ,  191.03288918799740     )
 (  6.8938061061235629     ,  16.247756854690998     ) (  4.2498675536911073E-007,  1.2683196790647321E-006) (  4.2491928295682516E-007,  1.2683284870735581E-006) ( -4.9100301620567066     , -15.966820047816540     )
   19.500550000000000        1.2500000000000000     
 (  20.244590810588097     ,  189.88931288497923     ) (  18.763822724055306     ,  189.34015410055244     )
 (  4.3332227312067033     ,  15.119849641762675     ) (  2.9247837729193692E-007,  1.1309209460051351E-006) (  2.9240018699576339E-007,  1.1309270680166558E-006) ( -2.4723275972484120     , -14.657991372724391     )
   19.550545000000000        1.2500000000000000     
 (  21.251575588178941     ,  188.45611990282333     ) (  19.923512375072971     ,  187.74913560925762     )
 (  2.8597428265391795     ,  13.748599799197013     ) (  2.6068455336413812E-007,  1.0044852663122739E-006) (  2.6059405703617072E-007,  1.0044874711930774E-006) ( -1.0550378083665544     , -13.164187420363625     )
   19.600540000000002        1.2500000000000000     
 (  23.400904834026008     ,  187.42300519407277     ) (  22.153160799823439     ,  186.57289977619982     )
 (  2.4399362938230982     ,  12.532825087018450     ) (  3.2338959565217683E-007,  9.2284894445001089E-007) (  3.2328478194317976E-007,  9.2284531265740262E-007) (-0.60363198184109024     , -11.818075806004741     )
   19.650535000000001        1.2500000000000000     
 (  26.616411392298165     ,  187.16681825952685     ) (  25.383100242573697     ,  186.11651664645211     )
 (  2.9860693863848438     ,  11.860355597100659     ) (  4.7040007003920875E-007,  9.2560680336719988E-007) (  4.7027865359257052E-007,  9.2559426859342900E-007) ( -1.0377157438049600     , -10.933711098462519     )
   19.700530000000001        1.2500000000000000     
 (  30.751746321834787     ,  188.14165533320087     ) (  29.511054200138105     ,  186.75025083663911     )
 (  4.3338851049370239     ,  12.186179859976397     ) (  6.7722581468216444E-007,  1.0661289935936258E-006) (  6.7708555741885447E-007,  1.0661026195734893E-006) ( -2.2376740385762268     , -10.879059244378761     )
   19.750525000000000        1.2500000000000000     
 (  35.443439234341447     ,  190.94351747288059     ) (  34.296115263609764     ,  188.98078124645102     )
 (  6.0957734563508268     ,  14.095155342363771     ) (  8.7922378227342442E-007,  1.4105946523449946E-006) (  8.7906379972657391E-007,  1.4105467254847549E-006) ( -3.9389601123446090     , -12.144892691376718     )
   19.800520000000002        1.2500000000000000     
 (  39.795258731663111     ,  196.20067757785392     ) (  39.112556161160590     ,  193.42407669069573     )
 (  7.3456599216543239     ,  18.188750380225212     ) (  9.3398649883543888E-007,  2.0012594588158586E-006) (  9.3380996703897379E-007,  2.0011793419215358E-006) ( -5.4868567085564592     , -15.313425483105597     )
   19.850515000000001        1.2500000000000000     
 (  42.098693290964810     ,  203.94895216522789     ) (  42.629107892153961     ,  200.43424699831357     )
 (  6.3413403942899720     ,  24.454774112449456     ) (  6.2785264103501655E-007,  2.7530119573689402E-006) (  6.2767068592995621E-007,  2.7528890560048934E-006) ( -5.5184193218698310     , -20.680750257650026     )
   19.900510000000001        1.2500000000000000     
 (  40.506301909635809     ,  212.50393023833277     ) (  42.952028301712225     ,  209.16914120467570     )
 (  1.2021877961536187     ,  31.131841014489925     ) ( -1.5847953046351317E-007,  3.3649788178876728E-006) ( -1.5864727216106740E-007,  3.3648110262991995E-006) ( -2.1114977511756674     , -27.313602855720969     )
   19.950505000000000        1.2500000000000000     
 (  35.248453634577650     ,  218.65105635387573     ) (  39.184848116592924     ,  216.92407275933775     )
 ( -7.8649674047803035     ,  34.889468889096705     ) ( -1.2222037858651336E-006,  3.5061367544927224E-006) ( -1.2223396760692198E-006,  3.5059376267022264E-006) (  5.6434417169730731     , -32.372068218268787     )
   20.000500000000002        1.2500000000000000     
 (  29.360081228267426     ,  220.69026830971808     ) (  33.336825674677577     ,  220.98815193367338     )
 ( -17.821641069239746     ,  33.861524243278325     ) ( -2.1875799057740592E-006,  3.1591576853562823E-006) ( -2.1876821215152506E-006,  3.1589483939569652E-006) (  15.712214876399628     , -32.954573234600872     )
   20.050495000000002        1.2500000000000000     
 (  25.580078115980566     ,  220.04619142686525     ) (  28.687129880817093     ,  221.62729712951295     )
 ( -25.867179811904204     ,  29.247828533838863     ) ( -2.8729339259830548E-006,  2.5472959098053818E-006) ( -2.8730142196202304E-006,  2.5470890974635670E-006) (  24.713327653917450     , -29.075141265998774     )
   20.100490000000001        1.2500000000000000     
 (  24.345710297537419     ,  219.00118348942027     ) (  26.548449838425668     ,  221.15125796076762     )
 ( -31.393514282515817     ,  23.051460255789166     ) ( -3.2995141083320656E-006,  1.8457040213585986E-006) ( -3.2995853480368891E-006,  1.8454999881691168E-006) (  31.092391829235130     , -22.744862812345811     )
   20.150485000000000        1.2500000000000000     
 (  24.804599864160323     ,  218.91993690823111     ) (  26.299404386528245     ,  221.36323289762075     )
 ( -34.901563929016540     ,  16.341796834926054     ) ( -3.5250974070584511E-006,  1.1198704248379506E-006) ( -3.5251668270009209E-006,  1.1196624285432002E-006) (  35.009309579085034     , -15.484723713912096     )
   20.200480000000002        1.2500000000000000     
 (  25.916498193858999     ,  220.28201876824033     ) (  26.771317897006565     ,  222.96969361168786     )
 ( -36.825937446551777     ,  9.3939145104592434     ) ( -3.5730045031305331E-006,  3.8929844992654892E-007) ( -3.5730728259424895E-006,  3.8907792745545860E-007) (  36.888309236097960     , -7.8868266505787545     )
   20.250475000000002        1.2500000000000000     
 (  26.756125718352031     ,  223.05101171137798     ) (  26.880697724607977     ,  225.92373732040710     )
 ( -37.220935204090331     ,  2.2621157059377839     ) ( -3.4368245947906103E-006, -3.1901437914114142E-007) ( -3.4368867881902114E-006, -3.1925470102941762E-007) (  36.835142041226042     ,-0.21125288994768573     )
   20.300470000000001        1.2500000000000000     
 (  26.560467584184021     ,  226.80501154670512     ) (  25.818755569760469     ,  229.65852946632322     )
 ( -35.883314741201403     , -4.8248894694494897     ) ( -3.1121809264167390E-006, -9.4884056951280340E-007) ( -3.1122276991861497E-006, -9.4910399346122789E-007) (  34.745916003552296     ,  7.1265070732366897     )
   20.350465000000000        1.2500000000000000     
 (  24.868356476664758     ,  230.76642287273305     ) (  23.248027138871020     ,  233.24968747969595     )
 ( -32.655123624809640     , -11.300154092348897     ) ( -2.6310650699425583E-006, -1.4268067802414445E-006) ( -2.6310856198049178E-006, -1.4270907276419311E-006) (  30.669166449135332     ,  13.420262786516952     )
   20.400459999999999        1.2500000000000000     
 (  21.743657771608223     ,  233.97744876572696     ) (  19.468822729190666     ,  235.74229237688118     )
 ( -27.760837031649164     , -16.380711397675693     ) ( -2.0717664739351647E-006, -1.7006114098041107E-006) ( -2.0717522605108903E-006, -1.7009073554202780E-006) (  25.110002935126388     ,  17.908559834674676     )
   20.450454999999998        1.2500000000000000     
 (  17.834511807706761     ,  235.68928605596949     ) (  15.299588741814215     ,  236.58450947409847     )
 ( -21.932005699989102     , -19.450444268763778     ) ( -1.5308083311547089E-006, -1.7705994433486136E-006) ( -1.5307561431664533E-006, -1.7708956884707344E-006) (  18.992850439297836     ,  20.190270704302797     )
   20.500450000000001        1.2500000000000000     
 (  14.084923765702598     ,  235.71004628872220     ) (  11.656479580627016     ,  235.83568849328924     )
 ( -16.154131243497858     , -20.413605728090520     ) ( -1.0822324395796181E-006, -1.6850440699100260E-006) ( -1.0821530312002284E-006, -1.6850634617206339E-006) (  13.285822209839376     ,  20.435663568765165     )
   20.550445000000000        1.2500000000000000     
 (  11.290908621827770     ,  234.39148107352733     ) (  9.1650060266477062     ,  233.98345610185714     )
 ( -11.242555912891239     , -19.693290486195639     ) ( -7.6020098896063280E-007, -1.5087152864445377E-006) ( -7.6010797052842589E-007, -1.5087323253113131E-006) (  8.6376826945375207     ,  19.214062406695142     )
   20.600439999999999        1.2500000000000000     
 (  9.8704498166556789     ,  232.34907899872195     ) (  8.0704158416099965     ,  231.63466166577101     )
 ( -7.6217184350394103     , -17.953346430974346     ) ( -5.6869970744778646E-007, -1.2995521680869483E-006) ( -5.6859145492442949E-007, -1.2995656967557699E-006) (  5.2997000222374764     ,  17.188277181195154     )
   20.650434999999998        1.2500000000000000     
 (  9.9133059756598705     ,  230.17820626030598     ) (  8.3610444074877588     ,  229.30045457398120     )
 ( -5.3804792447701448     , -15.823514037066671     ) ( -4.9871097786362854E-007, -1.1012850036814188E-006) ( -4.9858531114021228E-007, -1.1012935223181891E-006) (  3.2566408932069244     ,  14.908087387880975     )
   20.700430000000001        1.2500000000000000     
 (  11.345837709691951     ,  228.35843209685001     ) (  9.9279488546084718     ,  227.36316634196834     )
 ( -4.4391974061153974     , -13.806635245873512     ) ( -5.3971469465002901E-007, -9.4973758929371171E-007) ( -5.3956866910190277E-007, -9.4973883368250266E-007) (  2.3895868009161738     ,  12.780476484066435     )
   20.750425000000000        1.2500000000000000     
 (  14.053929527318246     ,  227.30008040481906     ) (  12.661050797039218     ,  226.14032632928476     )
 ( -4.6731698502577439     , -12.327492345396545     ) ( -6.8225297426183408E-007, -8.8418659912233065E-007) ( -6.8208286491603955E-007, -8.8417673830307585E-007) (  2.5733741832095900     ,  11.136134071281672     )
   20.800419999999999        1.2500000000000000     
 (  17.906133945883273     ,  227.46353304202049     ) (  16.465186506654383     ,  225.99011034366930     )
 ( -5.9351710369483071     , -11.852915614642782     ) ( -9.0942993633762605E-007, -9.6090262512877259E-007) ( -9.0923154535407522E-007, -9.6087511512117381E-007) (  3.6925993536419672     ,  10.335794477390289     )
   20.850414999999998        1.2500000000000000     
 (  22.629036576292311     ,  229.49849002734481     ) (  21.174623649895985     ,  227.43247706239492     )
 ( -7.9296164361008454     , -13.030138961390055     ) ( -1.1688701167192478E-006, -1.2625194847280500E-006) ( -1.1686402316481065E-006, -1.2624632347280159E-006) (  5.5553712074621338     ,  10.890476566907397     )
   20.900410000000001        1.2500000000000000     
 (  27.433704631140355     ,  234.26762703943530     ) (  26.291286751101289     ,  231.21916024730584     )
 ( -9.8376627253077373     , -16.707615067060576     ) ( -1.3161316599842978E-006, -1.8741258033305793E-006) ( -1.3158720097087760E-006, -1.8740236312890710E-006) (  7.6305551087213495     ,  13.528413593850997     )
   20.950405000000000        1.2500000000000000     
 (  30.429984268334870     ,  242.29923846031895     ) (  30.496859611375530     ,  238.08401501676036     )
 ( -9.7307510529368209     , -23.382367385926894     ) ( -1.0742821003349083E-006, -2.7606058720190726E-006) ( -1.0740074136040443E-006, -2.7604369980900007E-006) (  8.5596156450869785     ,  18.939501681779976     )
   21.000399999999999        1.2500000000000000     
 (  28.863235502392044     ,  252.13950389185922     ) (  31.376978263809573     ,  247.65987009449302     )
 ( -4.8082338201702148     , -31.543911272246781     ) ( -2.0010926679915387E-007, -3.5735675786275272E-006) ( -1.9985326140562992E-007, -3.5733218237374987E-006) (  5.8826180037064102     ,  26.682698794821295     )
   21.050394999999998        1.2500000000000000     
 (  22.081016957767041     ,  259.48592459488054     ) (  26.920075543218829     ,  256.89525696742805     )
 (  5.6315159051225754     , -36.795582485302084     ) (  1.1054103287846767E-006, -3.8028283238767602E-006) (  1.1056102543547306E-006, -3.8025266020034988E-006) ( -2.4564720083519722     ,  33.588895415998898     )
   21.100390000000001        1.2500000000000000     
 (  14.004706387592259     ,  261.23810357220293     ) (  19.034092825214366     ,  261.48002717770504     )
 (  17.708078410134629     , -35.888922675614552     ) (  2.2880683435339118E-006, -3.3776075952805854E-006) (  2.2882047662702959E-006, -3.3772925756166668E-006) ( -14.577370489354083     ,  35.167988673256104     )
   21.150385000000000        1.2500000000000000     
 (  8.8204930199995140     ,  259.18518662573939     ) (  12.579795751098242     ,  261.10428047634468     )
 (  27.243511369298190     , -30.391347258556429     ) (  3.0875253091699914E-006, -2.6434301469374980E-006) (  3.0876221564275435E-006, -2.6431291930016319E-006) ( -25.597147263008068     ,  30.846797280414318     )
   21.200379999999999        1.2500000000000000     
 (  7.1529657613136113     ,  256.62118861645837     ) (  9.7153102615455627     ,  259.09494574217285     )
 (  33.541157530083730     , -23.283890748962492     ) (  3.5768951313620098E-006, -1.8478393347835761E-006) (  3.5769794675235972E-006, -1.8475533316061437E-006) ( -33.222906686851061     ,  23.591648158445174     )
   21.250374999999998        1.2500000000000000     
 (  7.7719738256366320     ,  255.33481331004319     ) (  9.5573904722348182     ,  258.02683320865901     )
 (  37.595422892980849     , -15.953180169951350     ) (  3.8633183620493230E-006, -1.0508685657255354E-006) (  3.8634059052454251E-006, -1.0505845177057803E-006) ( -37.984929881617425     ,  15.539527693153802     )
   21.300370000000001        1.2500000000000000     
 (  9.3828726624593912     ,  255.89021801803327     ) (  10.565516887574924     ,  258.84925959583535     )
 (  40.177888234474594     , -8.5351665339801404     ) (  3.9845476487802323E-006, -2.4327779781846601E-007) (  3.9846423232966727E-006, -2.4297887715809205E-007) ( -40.710345958579886     ,  7.2371757304466895     )
   21.350365000000000        1.2500000000000000     
 (  10.911589169232707     ,  258.32791298154859     ) (  11.376466203213003     ,  261.62229953764853     )
 (  41.425943503612110     ,-0.80963752125334998     ) (  3.9195661722393641E-006,  5.7334009924699445E-007) (  3.9196617026344295E-006,  5.7366964367307568E-007) ( -41.588519952617638     , -1.3351553064853154     )
   21.400359999999999        1.2500000000000000     
 (  11.377966578687069     ,  262.33343883817452     ) (  10.843854338008983     ,  265.82702097641220     )
 (  40.980521057094307     ,  7.2513749819145543     ) (  3.6296445002595932E-006,  1.3466348425243641E-006) (  3.6297256038484741E-006,  1.3470056557399575E-006) ( -40.291932954861565     , -9.9814620886606331     )
   21.450354999999998        1.2500000000000000     
 (  9.9600412306813251     ,  267.11436468327173     ) (  8.2233616928661384     ,  270.36569854151298     )
 (  38.323959882344596     ,  15.155853652180964     ) (  3.1164164502677019E-006,  1.9728731186926221E-006) (  3.1164619658401738E-006,  1.9732858071743504E-006) ( -36.478619950730007     , -17.930658860791429     )
   21.500350000000001        1.2500000000000000     
 (  6.3681676587582796     ,  271.39531766777634     ) (  3.5878879375078330     ,  273.80461249093275     )
 (  33.311691770296413     ,  21.853580811194476     ) (  2.4635182174690484E-006,  2.3503278967131706E-006) (  2.4635082727970810E-006,  2.3507701538002234E-006) ( -30.412838510855419     , -24.001818311302749     )
   21.550345000000000        1.2500000000000000     
 (  1.2219618967520751     ,  273.87607530124149     ) ( -2.0419392154310452     ,  275.06386371115212     )
 (  26.629232979308853     ,  26.204531213463770     ) (  1.8103175499622346E-006,  2.4517291581816181E-006) (  1.8102418016373291E-006,  2.4521792421617192E-006) ( -23.202644272868739     , -27.295278957659164     )
   21.600339999999999        1.2500000000000000     
 ( -4.1395474020517193     ,  273.96616784947958     ) ( -7.2550723847320899     ,  274.01101949205184     )
 (  19.641940668331717     ,  27.728831863447787     ) (  1.2743842072030804E-006,  2.3385654024942569E-006) (  1.2742777342207331E-006,  2.3385983410973099E-006) ( -16.295322348633810     , -27.802215074159950     )
   21.650334999999998        1.2500000000000000     
 ( -8.4200723791360659     ,  272.03398868851690     ) ( -11.025866491449964     ,  271.31951340228227     )
 (  13.652533680642632     ,  26.874115781937849     ) (  9.0611707777639612E-007,  2.1069742532133367E-006) (  9.0599117328881679E-007,  2.1070038606687430E-006) ( -10.728214161672840     , -26.282105614458548     )
   21.700330000000001        1.2500000000000000     
 ( -10.933913636230443     ,  268.98322879473380     ) ( -12.987869396002356     ,  267.90362949977310     )
 (  9.3435908904785414     ,  24.595313383463026     ) (  7.0337986405962373E-007,  1.8389846265296609E-006) (  7.0323271525115721E-007,  1.8390093655058342E-006) ( -6.8671962223649681     , -23.704656471626439     )
   21.750325000000000        1.2500000000000000     
 ( -11.579064207722803     ,  265.68638607626593     ) ( -13.219435713120706     ,  264.49009323837481     )
 (  6.8088245203525561     ,  21.799807902330176     ) (  6.4505956594695831E-007,  1.5881893246841328E-006) (  6.4488839968730288E-007,  1.5882074720329476E-006) ( -4.6273981441658831     , -20.833192756069987     )
   21.800319999999999        1.2500000000000000     
 ( -10.527069487216558     ,  262.77196109962824     ) ( -11.943544748476556     ,  261.54945029787461     )
 (  5.8655750811802880     ,  19.138391185773433     ) (  7.1195463189207687E-007,  1.3910210654337941E-006) (  7.1175537887467907E-007,  1.3910300373171517E-006) ( -3.7760209422768658     , -18.160927210695995     )
   21.850314999999998        1.2500000000000000     
 ( -7.9830253589369535     ,  260.68958667691805     ) ( -9.3547666135159897     ,  259.40262084821381     )
 (  6.2953039803985842     ,  17.073620215959320     ) (  8.9243432047961854E-007,  1.2838086666550118E-006) (  8.9220137989228603E-007,  1.2838038934709358E-006) ( -4.1059313733871301     , -16.021154791252716     )
   21.900310000000001        1.2500000000000000     
 ( -4.1061602996066346     ,  259.88625604206499     ) ( -5.5744445752431240     ,  258.37309979598558     )
 (  7.9223671935404809     ,  16.057856044703403     ) (  1.1754644154320370E-006,  1.3217195206981041E-006) (  1.1751908270752727E-006,  1.3216926997682700E-006) ( -5.4797159443543384     , -14.741354080191694     )
   21.950305000000000        1.2500000000000000     
 ( 0.89447644777950641     ,  261.01923850569386     ) (-0.71785371442836143     ,  258.95455211241762     )
 (  10.516793743314240     ,  16.746547044430326     ) (  1.5224653408257401E-006,  1.5979055765973881E-006) (  1.5221441978759783E-006,  1.5978416377989936E-006) ( -7.7608301182884230     , -14.810878889503000     )
   22.000299999999999        1.2500000000000000     
 (  6.3654802515595783     ,  265.11718138790712     ) (  4.8494459491389597     ,  261.96787464635730     )
 (  13.397579153522239     ,  20.157881585381951     ) (  1.7963376952076413E-006,  2.2370564160691683E-006) (  1.7959673877714998E-006,  2.2369294822192838E-006) ( -10.554946406384900     , -17.035975463647933     )
   22.050295000000002        1.2500000000000000     
 (  10.357621471087148     ,  273.20467362105603     ) (  9.9112373663786872     ,  268.46696599822241     )
 (  14.578815704951317     ,  27.293514137772608     ) (  1.6669091847148610E-006,  3.2685834630304671E-006) (  1.6665070068787430E-006,  3.2683570688955777E-006) ( -12.607220872486778     , -22.440659098767696     )
   22.100290000000001        1.2500000000000000     
 (  9.2288956927590124     ,  284.27594985382831     ) (  11.687438009607764     ,  278.66353136071854     )
 (  10.370828564513783     ,  37.105151922478470     ) (  7.4139744284496094E-007,  4.3157115904645670E-006) (  7.4101711710384531E-007,  4.3153592864822795E-006) ( -11.087576883187845     , -31.182719367355176     )
   22.150285000000000        1.2500000000000000     
 (  1.0913638549230149     ,  292.95594562400976     ) (  6.9024182426592624     ,  289.44895687414009     )
 ( -1.1730063389941412     ,  44.143931793651326     ) ( -8.0666225334163466E-007,  4.6440103507691673E-006) ( -8.0694813971097360E-007,  4.6435611143340309E-006) ( -2.6603230475841610     , -40.061312177474896     )
   22.200279999999999        1.2500000000000000     
 ( -9.1911607607351407     ,  294.29922334152911     ) ( -3.0371397108841021     ,  294.64433546753105     )
 ( -15.253877560261056     ,  43.341480871735484     ) ( -2.1818239509709076E-006,  4.1082156689544329E-006) ( -2.1819954871004944E-006,  4.1077504530491241E-006) (  11.330009169787395     , -42.745374247060710     )
   22.250275000000002        1.2500000000000000     
 ( -15.586724820454984     ,  290.60390403487332     ) ( -11.301410519336279     ,  293.01297237442452     )
 ( -25.896160827243900     ,  36.798268195884717     ) ( -3.0336741874945185E-006,  3.2368334096875574E-006) ( -3.0337777583193937E-006,  3.2364059922756683E-006) (  24.095388446145172     , -37.755906484508003     )
   22.300270000000001        1.2500000000000000     
 ( -17.438654304304610     ,  286.44869019891468     ) ( -14.698336765502630     ,  289.25145724560491     )
 ( -32.454665746094115     ,  28.787897901924744     ) ( -3.5270854686998071E-006,  2.3601918464252429E-006) ( -3.5271729621081816E-006,  2.3598028366928835E-006) (  32.413339448273675     , -29.420894676941511     )
   22.350265000000000        1.2500000000000000     
 ( -16.540740506722845     ,  283.94873841484105     ) ( -14.597362347862587     ,  286.78341068861187     )
 ( -36.613490811091886     ,  20.982236439463748     ) ( -3.8319813003794117E-006,  1.5172711372920390E-006) ( -3.8320818572126094E-006,  1.5168968436629241E-006) (  37.444738177044115     , -20.644215193721504     )
   22.400259999999999        1.2500000000000000     
 ( -14.422172309713792     ,  283.60389651981939     ) ( -12.953144085431115     ,  286.66394135031391     )
 ( -39.529043464324992     ,  13.304320356215953     ) ( -4.0032522131342238E-006,  6.6084108835256641E-007) ( -4.0033751583207048E-006,  6.6045239821777437E-007) (  40.570665260210859     , -11.851938207537957     )
   22.450255000000002        1.2500000000000000     
 ( -12.189462561503118     ,  285.47062418994523     ) ( -11.300850384211556     ,  289.00722867223379     )
 ( -41.457688295531348     ,  5.2247593822678295     ) ( -4.0080731988268822E-006, -2.4303576396740969E-007) ( -4.0082122363684948E-006, -2.4346754316791981E-007) (  42.141400850209784     , -2.6540750021518962     )
   22.500250000000001        1.2500000000000000     
 ( -10.908107011040043     ,  289.39711015212737     ) ( -11.024519037222674     ,  293.43737617826292     )
 ( -41.945121047092286     , -3.6164614539705013     ) ( -3.7679921317904398E-006, -1.1613007322700620E-006) ( -3.7681254383969719E-006, -1.1617993393030835E-006) (  41.646142668065139     ,  7.1157817768440639     )
   22.550245000000000        1.2500000000000000     
 ( -11.720623336141212     ,  294.74767793122254     ) ( -13.333120985326604     ,  298.85315251118283     )
 ( -40.106963133638679     , -12.966218987331908     ) ( -3.2330659324746473E-006, -1.9670720646768937E-006) ( -3.2331573912322026E-006, -1.9676473602324227E-006) (  38.253426277703845     ,  16.799503683790501     )
   22.600239999999999        1.2500000000000000     
 ( -15.431751638991214     ,  300.08194859838903     ) ( -18.608430270446910     ,  303.36548383969478     )
 ( -35.238122413696331     , -21.643577149723598     ) ( -2.4724892835031869E-006, -2.4913477316064072E-006) ( -2.4724983627649040E-006, -2.4919856854509791E-006) (  31.734965854346566     ,  24.817001747879967     )
   22.650235000000002        1.2500000000000000     
 ( -21.697144305463844     ,  303.45238552235980     ) ( -25.757851141924416     ,  305.13867650648916     )
 ( -27.712510980685266     , -27.870605664829291     ) ( -1.6768795545176946E-006, -2.6534592111710867E-006) ( -1.6767799252564766E-006, -2.6541225833384062E-006) (  23.237130468367351     ,  29.537718573155718     )
   22.700230000000001        1.2500000000000000     
 ( -28.791640324311754     ,  303.58556371704037     ) ( -32.723575531670882     ,  303.63372838479472     )
 ( -19.254864235051670     , -30.482168984396534     ) ( -1.0307806458847767E-006, -2.5260416297974902E-006) ( -1.0305722582533678E-006, -2.5266867548157049E-006) (  14.827456956098382     ,  30.555976767098848     )
   22.750225000000000        1.2500000000000000     
 ( -34.689526190321949     ,  300.76835475156912     ) ( -37.865382162342819     ,  299.75540739806263     )
 ( -11.878768658097197     , -29.830995376904472     ) ( -6.0857537009797418E-007, -2.2534725851463983E-006) ( -6.0840738812169659E-007, -2.2535205765614039E-006) (  8.1367057657482196     ,  28.860562705032592     )
   22.800219999999999        1.2500000000000000     
 ( -38.277329132302675     ,  296.29717221541915     ) ( -40.632010930684949     ,  294.85429445150606     )
 ( -6.6822232212297896     , -27.255769183893655     ) ( -3.9571298612999697E-007, -1.9499400456286218E-006) ( -3.9551578699604912E-007, -1.9499808398671945E-006) (  3.6997272970976107     ,  25.856345279150780     )
   22.850215000000002        1.2500000000000000     
 ( -39.445972609546445     ,  291.45968453593048     ) ( -41.213412495893600     ,  289.96362975806090     )
 ( -3.7595751835301963     , -24.063951548736622     ) ( -3.5168143678079143E-007, -1.6795983384839270E-006) ( -3.5145182456648683E-007, -1.6796300516792358E-006) (  1.3074898889234592     ,  22.605439670365914     )
   22.900210000000001        1.2500000000000000     
 ( -38.527444878231393     ,  287.08661763599099     ) ( -39.997698660492404     ,  285.66039584175155     )
 ( -2.7653379573990851     , -21.095094937812856     ) ( -4.4523092372640909E-007, -1.4766001709358185E-006) ( -4.4496350937859504E-007, -1.4766200418773029E-006) ( 0.55235600289817710     ,  19.698952261239668     )
   22.950205000000000        1.2500000000000000     
 ( -35.866679626254218     ,  283.66886422774536     ) ( -37.290968800009033     ,  282.26264265491278     )
 ( -3.3422873000226772     , -18.840608440729287     ) ( -6.6140913408449495E-007, -1.3716987939565015E-006) ( -6.6109593068254525E-007, -1.3717015878069120E-006) (  1.1086205391212636     ,  17.457492649035576     )
   23.000200000000000        1.2500000000000000     
 ( -31.680103306650292     ,  281.62602568518963     ) ( -33.254485718524606     ,  280.05262165656978     )
 ( -5.2616834231707514     , -17.714821664559121     ) ( -9.9436574393323792E-007, -1.4164897792844612E-006) ( -9.9399605314883460E-007, -1.4164653056003227E-006) (  2.7946202163234837     ,  16.156817871415935     )
   23.050195000000002        1.2500000000000000     
 ( -26.132218087201998     ,  281.59788597808137     ) ( -27.967680974539629     ,  279.48894771507679     )
 ( -8.3446699679566869     , -18.347566640318430     ) ( -1.4196223333949852E-006, -1.7109042589969906E-006) ( -1.4191838650819813E-006, -1.7108326322962076E-006) (  5.5082046758260885     ,  16.240972489569526     )
   23.100190000000001        1.2500000000000000     
 ( -19.735828841263078     ,  284.73296166501632     ) ( -21.675045000219068     ,  281.43343135060366     )
 ( -12.059267416876869     , -21.872270729168935     ) ( -1.8124292821746060E-006, -2.4156880633914334E-006) ( -1.8119145302416415E-006, -2.4155321757441556E-006) (  8.9774873717181389     ,  18.548395327512001     )
   23.150185000000000        1.2500000000000000     
 ( -14.423228562912477     ,  292.52967514014443     ) ( -15.457384083318994     ,  287.21000036764946     )
 ( -14.445773449364388     , -29.764581869756938     ) ( -1.7967123127571978E-006, -3.6324483808563701E-006) ( -1.7961395713409101E-006, -3.6321488503849836E-006) (  12.086569652098243     ,  24.367770337523790     )
   23.200180000000000        1.2500000000000000     
 ( -14.683519851680863     ,  304.56205372405009     ) ( -12.340680217193945     ,  297.63406475046082     )
 ( -10.975644086311791     , -41.562470323415191     ) ( -8.1009853160234710E-007, -4.9673386756405370E-006) ( -8.0954910420496045E-007, -4.9668407554755871E-006) (  11.763328928736286     ,  34.460778039547215     )
   23.250175000000002        1.2500000000000000     
 ( -23.878815430268574     ,  314.36631165367737     ) ( -16.903205859081897     ,  309.77409129803613     )
 (  1.7680019634728938     , -50.742659331288856     ) (  1.0128380611147238E-006, -5.4123202755935666E-006) (  1.0132329793555488E-006, -5.4116618154370219E-006) (  3.3697642936082666     ,  45.811534001829926     )
   23.300170000000001        1.2500000000000000     
 ( -35.990145780049552     ,  314.80959059246356     ) ( -28.568950369711672     ,  315.38466643309044     )
 (  17.837229369510808     , -50.072318477729127     ) (  2.5540030342624428E-006, -4.7507549001619449E-006) (  2.5542015621796569E-006, -4.7500823156042843E-006) ( -12.590420641581579     ,  50.039034268575250     )
   23.350165000000001        1.2500000000000000     
 ( -42.814839981218576     ,  309.11711942627181     ) ( -38.079988011691775     ,  312.08875879288445     )
 (  29.110817648693324     , -42.609112653388678     ) (  3.3935142666831546E-006, -3.7768122851639398E-006) (  3.3936043140044230E-006, -3.7762217038940632E-006) ( -26.933221553563232     ,  44.546408286225592     )
   23.400160000000003        1.2500000000000000     
 ( -44.075685831343904     ,  303.39647952731815     ) ( -41.226683448983799     ,  306.46868742208596     )
 (  35.381144237770116     , -34.184847468172073     ) (  3.8431843158628884E-006, -2.8882434560368301E-006) (  3.8432575385466438E-006, -2.8877302249080255E-006) ( -35.489472940881008     ,  35.563107027706444     )
   23.450154999999999        1.2500000000000000     
 ( -42.339309099800076     ,  299.85387931902494     ) ( -40.243851483072547     ,  302.73282564337887     )
 (  39.213512039075773     , -26.567975401617407     ) (  4.1362505357014283E-006, -2.0772404399473556E-006) (  4.1363540321848057E-006, -2.0767630253538639E-006) ( -40.412469062987064     ,  26.751815089375476     )
   23.500149999999998        1.2500000000000000     
 ( -39.320414605234859     ,  298.74724026646601     ) ( -37.523006435570856     ,  301.80308384472215     )
 (  42.117156630294573     , -19.368185069030559     ) (  4.3398519471882971E-006, -1.2539062914366724E-006) (  4.3400020570197046E-006, -1.2534185241763639E-006) ( -43.697566433573336     ,  18.262465079484340     )
   23.550145000000001        1.2500000000000000     
 ( -36.052720869015126     ,  300.07331479725286     ) ( -34.638944279229321     ,  303.74505010018726     )
 (  44.460604953068795     , -11.753521098545752     ) (  4.4130932603975480E-006, -3.4558449084457976E-007) (  4.4132852977055480E-006, -3.4504035949786061E-007) ( -45.864587728656780     ,  9.2842318737565659     )
   23.600140000000000        1.2500000000000000     
 ( -33.554829183428630     ,  303.84731868531907     ) ( -33.061392871500772     ,  308.37345436742436     )
 (  45.769552061068772     , -3.0244622761757225     ) (  4.2403543451740017E-006,  6.4755375673678178E-007) (  4.2405608141470255E-006,  6.4819769806061114E-007) ( -46.279134295013428     ,-0.78772963057464407     )
   23.650134999999999        1.2500000000000000     
 ( -33.180825041328752     ,  309.72312169439414     ) ( -34.429499517485610     ,  314.77421099489692     )
 (  44.880232844973897     ,  6.9326237621835052     ) (  3.7039998868899197E-006,  1.5912592912232370E-006) (  3.7041657856524872E-006,  1.5920314401026901E-006) ( -43.605169238986676     , -11.594837317300380     )
   23.700129999999998        1.2500000000000000     
 ( -36.331027239832657     ,  316.31982305678866     ) ( -39.794464153149420     ,  320.73646315333480     )
 (  40.440046627260877     ,  17.031052935180139     ) (  2.8311921987701693E-006,  2.2381135855402968E-006) (  2.8312440816552933E-006,  2.2390044354664540E-006) ( -36.880916235325095     , -21.283086702310158     )
   23.750125000000001        1.2500000000000000     
 ( -43.249146165556795     ,  321.06256184605036     ) ( -48.226198876571928     ,  323.47292687533673     )
 (  32.196577957021098     ,  24.881491301687998     ) (  1.8673593531636323E-006,  2.4211100955157908E-006) (  1.8672392421488933E-006,  2.4220611945796561E-006) ( -27.041573413223748     , -27.288178946136664     )
   23.800120000000000        1.2500000000000000     
 ( -51.957230394987448     ,  321.66867886876020     ) ( -56.897115412635181     ,  321.75299893473317     )
 (  22.098279587931927     ,  28.316750874765635     ) (  1.0951510519488371E-006,  2.2210706368396422E-006) (  1.0948506176864435E-006,  2.2220013679322479E-006) ( -16.888392584659872     , -28.516250918434043     )
   23.850114999999999        1.2500000000000000     
 ( -59.444661541197448     ,  318.12890730542227     ) ( -63.290055544994381     ,  316.72821861733541     )
 (  13.120662908949262     ,  27.395786701240205     ) (  6.2167516097163034E-007,  1.8532036576116797E-006) (  6.2145329869066875E-007,  1.8532775744558942E-006) ( -8.9026933176864205     , -26.198791219938133     )
   23.900109999999998        1.2500000000000000     
 ( -63.960408193823518     ,  312.27657223743012     ) ( -66.616128517811859     ,  310.37620469382892     )
 (  6.9788939091617745     ,  23.994454843132790     ) (  4.0711776291934504E-007,  1.4762771256651149E-006) (  4.0685631563639042E-007,  1.4763398661834167E-006) ( -3.8369024318870397     , -22.360522901898232     )
   23.950105000000001        1.2500000000000000     
 ( -65.418442337588090     ,  305.96745050977489     ) ( -67.265415698227812     ,  304.11376648457650     )
 (  3.7272900033083469     ,  19.985439890778178     ) (  3.8161738794136261E-007,  1.1617927158049856E-006) (  3.8131302988817974E-007,  1.1618424007299460E-006) ( -1.2680811928920681     , -18.437557116560754     )
   24.000100000000000        1.2500000000000000     
 ( -64.398841521650610     ,  300.26409206202828     ) ( -65.860324755748849     ,  298.60860151368081     )
 (  2.7567198953899306     ,  16.435242320030742     ) (  4.9927008214720747E-007,  9.3663307066779364E-007) (  4.9891593493820778E-007,  9.3666705308438893E-007) (-0.54450541247274364     , -15.101693319310145     )
   24.050094999999999        1.2500000000000000     
 ( -61.431135656323178     ,  295.66937915055274     ) ( -62.840646774044991     ,  294.14023188449085     )
 (  3.5115582430968137     ,  13.840127022740408     ) (  7.4204039308182268E-007,  8.2323124115001520E-007) (  7.4162539751130766E-007,  8.2324377939144146E-007) ( -1.2003727766650645     , -12.625111019073474     )
   24.100089999999998        1.2500000000000000     
 ( -56.799155034298707     ,  292.54569355169519     ) ( -58.407807249738660     ,  290.92568724819847     )
 (  5.6839389371727531     ,  12.547895544845664     ) (  1.1094099008799317E-006,  8.6842691192780825E-007) (  1.1089183276292699E-006,  8.6840563918248302E-007) ( -3.0102075509451907     , -11.209083144087781     )
   24.150085000000001        1.2500000000000000     
 ( -50.625077033825910     ,  291.49392827316473     ) ( -52.605873773198049     ,  289.37462861713863     )
 (  9.1282258847847757     ,  13.138420068968173     ) (  1.5905385113023962E-006,  1.1776581529800311E-006) (  1.5899505442045824E-006,  1.1775773351015175E-006) ( -5.9057791228920484     , -11.240585819572212     )
   24.200080000000000        1.2500000000000000     
 ( -43.280908615196864     ,  293.75541253869500     ) ( -45.566173683842415     ,  290.36966121369454     )
 (  13.447338046217032     ,  16.825935298188568     ) (  2.0735214149250503E-006,  1.9462411981409597E-006) (  2.0728204809788965E-006,  1.9460488060081204E-006) ( -9.7287232658133060     , -13.572499990710810     )
   24.250074999999999        1.2500000000000000     
 ( -36.658637095606338     ,  301.27741181387256     ) ( -38.231609174327993     ,  295.46026434780589     )
 (  16.719520009021089     ,  25.523430801063238     ) (  2.1349770877777629E-006,  3.3508718026077203E-006) (  2.1341805690560943E-006,  3.3504757635555848E-006) ( -13.502583345530558     , -19.715398928190154     )
   24.300069999999998        1.2500000000000000     
 ( -36.110030933437827     ,  314.23419416150671     ) ( -33.812287029874987     ,  306.02342478252467     )
 (  13.554474184700320     ,  39.360172810148924     ) (  1.0217891693236203E-006,  4.9721254519132746E-006) (  1.0210177160075080E-006,  4.9714259977490148E-006) ( -13.972746674650967     , -30.992911153819204     )
   24.350065000000001        1.2500000000000000     
 ( -46.559722676309441     ,  324.85715875218511     ) ( -38.171673860395629     ,  319.38698743773074     )
 ( -1.0245741181964323     ,  50.504362538730810     ) ( -1.1450001324260007E-006,  5.4635779627803519E-006) ( -1.1455213905231466E-006,  5.4626259949395493E-006) ( -5.2154091957691353     , -44.654773421929313     )
   24.400060000000000        1.2500000000000000     
 ( -60.236300529552970     ,  323.66163893206186     ) ( -51.653701909369381     ,  324.96892065412408     )
 ( -19.316614353176700     ,  49.375828923437183     ) ( -2.8180415861560093E-006,  4.6008826891619921E-006) ( -2.8182414026170123E-006,  4.5999347118332941E-006) (  13.193251748067324     , -49.997326895819931     )
   24.450054999999999        1.2500000000000000     
 ( -66.671978956532755     ,  315.66458274025752     ) ( -61.887409680074292     ,  319.40310641229922     )
 ( -30.944038424176291     ,  40.838810024516604     ) ( -3.5980259367458207E-006,  3.5400603750252023E-006) ( -3.5980684647211006E-006,  3.5392707430746223E-006) (  28.979806719295684     , -43.456731227457922     )
   24.500049999999998        1.2500000000000000     
 ( -66.701231601094534     ,  308.53136921045785     ) ( -64.073883242654063     ,  311.85428361524845     )
 ( -36.842134763778212     ,  32.306826470688733     ) ( -4.0000307734990451E-006,  2.6823711985882600E-006) ( -4.0000648352030749E-006,  2.6817160965497130E-006) (  37.441375744627663     , -33.869771682087602     )
   24.550045000000001        1.2500000000000000     
 ( -63.759355478536747     ,  304.15146512499086     ) ( -61.765735617895331     ,  306.98335216044001     )
 ( -40.519466764223026     ,  25.252627355244517     ) ( -4.2978770214796810E-006,  1.9439138140498869E-006) ( -4.2979694559181473E-006,  1.9433235188538584E-006) (  42.160351618019661     , -25.357068124231507     )
   24.600040000000000        1.2500000000000000     
 ( -59.612519504437849     ,  302.39378409761133     ) ( -57.700648353714598     ,  305.29920095456845     )
 ( -43.679545421965386     ,  18.876305577921364     ) ( -4.5581730214233184E-006,  1.1950875854697090E-006) ( -4.5583470781186718E-006,  1.1944941055430488E-006) (  45.665373603288039     , -17.578605879215640     )
   24.650034999999999        1.2500000000000000     
 ( -55.120396851924660     ,  303.15654970450998     ) ( -53.338222702754010     ,  306.74408661049534     )
 ( -46.728835799202443     ,  12.093885297850216     ) ( -4.7340793452475420E-006,  3.2902746222601182E-007) ( -4.7343333978310389E-006,  3.2836361832337199E-007) (  48.583040480966019     , -9.3097719163267421     )
   24.700029999999998        1.2500000000000000     
 ( -51.146782341638868     ,  306.61072928054028     ) ( -50.077771358868546     ,  311.35368597263960     )
 ( -49.208107344154200     ,  3.9281680164129176     ) ( -4.6801264334170180E-006, -6.9405129143972336E-007) ( -4.6804294075049982E-006, -6.9485536183107926E-007) (  50.215561265140984     , 0.48307648020135480     )
   24.750025000000001        1.2500000000000000     
 ( -49.118960387533910     ,  312.77765031186539     ) ( -49.888885546936379     ,  318.57828665730352     )
 ( -49.785799586597875     , -6.1366026162923095     ) ( -4.2028892733493083E-006, -1.7506604707967706E-006) ( -4.2031653126206153E-006, -1.7516636921179880E-006) (  48.792761958591207     ,  11.875408910168614     )
   24.800020000000000        1.2500000000000000     
 ( -51.004421066895233     ,  320.57295135711996     ) ( -54.647438824879103     ,  326.10513728131673     )
 ( -46.482803119195367     , -17.313782042766068     ) ( -3.2572873397290964E-006, -2.5110248085186061E-006) ( -3.2574152442678629E-006, -2.5122340618328448E-006) (  42.462570115010301     ,  22.930597310393281     )
   24.850014999999999        1.2500000000000000     
 ( -57.923511915484887     ,  326.95422969820538     ) ( -63.886688007852150     ,  330.07857122150926     )
 ( -38.133330949035937     , -26.739623405864464     ) ( -2.1427167266988968E-006, -2.6833226428720839E-006) ( -2.1425824779313130E-006, -2.6846532649243859E-006) (  31.657197489743204     ,  30.018323907230531     )
   24.900009999999998        1.2500000000000000     
 ( -67.895077848496285     ,  328.33080376975852     ) ( -73.922962336230469     ,  328.25383678793872     )
 ( -26.666392534561879     , -30.929453019860372     ) ( -1.2800876613903171E-006, -2.3530246735219148E-006) ( -1.2796636606433695E-006, -2.3543347270699039E-006) (  20.010045003132390     ,  31.028517684065982     )
   24.950005000000001        1.2500000000000000     
 ( -76.648989774681596     ,  324.12672702350761     ) ( -81.065864023152002     ,  322.07996143116969     )
 ( -16.302927657745251     , -29.368011636380807     ) ( -8.1577859972577718E-007, -1.8396300121407266E-006) ( -8.1512787160292115E-007, -1.8408114042391565E-006) (  11.160663344980039     ,  27.489338364597963     )
   25.000000000000000        1.2500000000000000     
 ( -81.575911125687554     ,  316.93165467136532     ) ( -84.306968035029897     ,  314.41458928218799     )
 ( -9.6091324561600455     , -24.674894696618725     ) ( -6.6110384493766842E-007, -1.3583021830683295E-006) ( -6.6075993017230546E-007, -1.3583935367348981E-006) (  6.0707161112621693     ,  22.301243124068783     )
