   31.557105263157897     
   243.16000000000000     
   1.0705463513684064        3.6110392961402240E-005
         501           1
 
   84.000000000000000        84.000000000000000     
   2.5000000000000001E-003   1.2500000000000000     
 (  2.8520468243708318E-011,  1.4275738182245329E-014) (  2.8882104871605928E-011,  1.4640035777140279E-014)
 (  2.8520464909595091E-011,  1.4275736477689348E-014) (  3.0189988133260227E-019,  1.5302988044497439E-022) (  3.0189988133260212E-019,  1.5302988044497436E-022) ( -2.8882101505897151E-011, -1.4640034040370428E-014)
   5.2495000000000000E-002   1.2500000000000000     
 (  2.6405375871382252E-007,  1.3218026042787721E-010) (  2.6740196638843767E-007,  1.3555336116540878E-010)
 (  2.6404014856980122E-007,  1.3217330227184296E-010) (  2.7949656362465017E-015,  1.4168432578643987E-018) (  2.7949656362464998E-015,  1.4168432578643981E-018) ( -2.6738822726886254E-007, -1.3554627150888261E-010)
  0.10249000000000000        1.2500000000000000     
 (  1.9651170404714505E-006,  9.8415576969494387E-010) (  1.9900354733906180E-006,  1.0092713139567192E-009)
 (  1.9647309759205141E-006,  9.8395839435793472E-010) (  2.0797448494243416E-014,  1.0547653163547681E-017) (  2.0797448494243400E-014,  1.0547653163547673E-017) ( -1.9896457502628929E-006, -1.0090702083935458E-009)
  0.15248500000000001        1.2500000000000000     
 (  6.4719351109890629E-006,  3.2451642994831835E-009) (  6.5540062593771086E-006,  3.3279847859259770E-009)
 (  6.4691209154213965E-006,  3.2437255349421135E-009) (  6.8478311101820798E-014,  3.4771610837586466E-017) (  6.8478311101820697E-014,  3.4771610837586405E-017) ( -6.5511653939438117E-006, -3.3265188289382981E-009)
  0.20247999999999999        1.2500000000000000     
 (  1.5153448513323621E-005,  7.6159198776584533E-009) (  1.5345626210730524E-005,  7.8103013876840155E-009)
 (  1.5141831827446577E-005,  7.6099807682953852E-009) (  1.6028295294534188E-013,  8.1576770697982035E-017) (  1.6028295294534135E-013,  8.1576770697981394E-017) ( -1.5333899429511715E-005, -7.8042500245357439E-009)
  0.25247500000000000        1.2500000000000000     
 (  2.9378932491734730E-005,  1.4821380576262068E-008) (  2.9751552584122479E-005,  1.5199707378912542E-008)
 (  2.9343921602480156E-005,  1.4803480817440345E-008) (  3.1061931595688694E-013,  1.5869008390670764E-016) (  3.1061931595688330E-013,  1.5869008390670353E-016) ( -2.9716209862210964E-005, -1.5181469280016522E-008)
  0.30247000000000002        1.2500000000000000     
 (  5.0518099832221083E-005,  2.5628427834932923E-008) (  5.1158908431062613E-005,  2.6282700046962003E-008)
 (  5.0431712674332301E-005,  2.5584260647562789E-008) (  5.3384571972172603E-013,  2.7426001581662126E-016) (  5.3384571972170785E-013,  2.7426001581660168E-016) ( -5.1071702436710109E-005, -2.6237697950160968E-008)
  0.35246499999999997        1.2500000000000000     
 (  7.9941213489920213E-005,  4.0868420707328674E-008) (  8.0955384525400290E-005,  4.1911939217648149E-008)
 (  7.9755633647465401E-005,  4.0773537365498839E-008) (  8.4425853819561390E-013,  4.3709164258870861E-016) (  8.4425853819553626E-013,  4.3709164258862913E-016) ( -8.0768045472405568E-005, -4.1815262097221256E-008)
  0.40245999999999998        1.2500000000000000     
 (  1.1901918387448398E-004,  6.1464591956483792E-008) (  1.2052934856895647E-004,  6.3034359754310195E-008)
 (  1.1865904969490913E-004,  6.1280457611965059E-008) (  1.2560799956357798E-012,  6.5693362125064504E-016) (  1.2560799956355304E-012,  6.5693362125037860E-016) ( -1.2016580013096070E-004, -6.2846743962210437E-008)
  0.45245499999999994        1.2500000000000000     
 (  1.6912368968487109E-004,  8.8464239266250339E-008) (  1.7126999635911762E-004,  9.0724207185643002E-008)
 (  1.6847712145680104E-004,  8.8133641714876837E-008) (  1.7834464536039470E-012,  9.4481663814787968E-016) (  1.7834464536032115E-012,  9.4481663814712119E-016) ( -1.7061729762073616E-004, -9.0387358243646184E-008)
  0.50244999999999995        1.2500000000000000     
 (  2.3162727018761724E-004,  1.2307559771855605E-007) (  2.3456737470246725E-004,  1.2622090423229055E-007)
 (  2.3053564115181502E-004,  1.2251741061135094E-007) (  2.4403954167650630E-012,  1.3134423698245777E-015) (  2.4403954167632034E-012,  1.3134423698226892E-015) ( -2.3346539394407886E-004, -1.2565216075230617E-007)
  0.55244499999999985        1.2500000000000000     
 (  3.0790339027203707E-004,  1.6670936224154794E-007) (  3.1181257396615332E-004,  1.7097172419691484E-007)
 (  3.0614984802933932E-004,  1.6581266394219996E-007) (  3.2408543820507704E-012,  1.7776227014179232E-015) (  3.2408543820465610E-012,  1.7776227014134409E-015) ( -3.1004240075411843E-004, -1.7005806510093088E-007)
  0.60243999999999998        1.2500000000000000     
 (  3.9932667472948537E-004,  2.2102477073140445E-007) (  4.0439777483100564E-004,  2.2667908871126173E-007)
 (  3.9662342005066149E-004,  2.1964231893455717E-007) (  4.1986282357648304E-012,  2.3547672839713556E-015) (  4.1986282357556232E-012,  2.3547672839617130E-015) ( -4.0166887783091504E-004, -2.2527048386615422E-007)
  0.65243499999999988        1.2500000000000000     
 (  5.0727275446755171E-004,  2.8798014594006846E-007) (  5.1371640913426455E-004,  2.9535255573791283E-007)
 (  5.0324708667196481E-004,  2.8592120720882871E-007) (  5.3273879437551454E-012,  3.0654201109613552E-015) (  5.3273879437361946E-012,  3.0654201109413446E-015) ( -5.0965254851414175E-004, -2.9325465903739250E-007)
  0.70242999999999989        1.2500000000000000     
 (  6.3311867856213433E-004,  3.6988772401214146E-007) (  6.4116315490094302E-004,  3.7936517857319426E-007)
 (  6.2729781450776708E-004,  3.6691025546560784E-007) (  6.6406575729796993E-012,  3.9338417539674960E-015) (  6.6406575729428817E-012,  3.9338417539284071E-015) ( -6.3528705600217577E-004, -3.7633136088910454E-007)
  0.75242499999999990        1.2500000000000000     
 (  7.7824264667196083E-004,  4.6947282002836416E-007) (  7.8813414623171577E-004,  4.8151431474410437E-007)
 (  7.7003732561635940E-004,  4.6527499805699823E-007) (  8.1518037054711937E-012,  4.9886380613498807E-015) (  8.1518037054032421E-012,  4.9886380612770279E-015) ( -7.7985094872750618E-004, -4.7723703102174083E-007)
  0.80241999999999991        1.2500000000000000     
 (  9.4402457893721285E-004,  5.8993689037248586E-007) (  9.5602710113299523E-004,  6.0508687582534961E-007)
 (  9.3271146147279609E-004,  5.8414797838721732E-007) (  9.8740240413252021E-012,  6.2634351782172682E-015) (  9.8740240412017115E-012,  6.2634351780881585E-015) ( -9.4460658781618469E-004, -5.9918835748008380E-007)
  0.85241499999999992        1.2500000000000000     
 (  1.1318455666153489E-003,  7.3502500913977742E-007) (  1.1462410318873184E-003,  7.5392809890213642E-007)
 (  1.1165484388541516E-003,  7.2719555011956045E-007) (  1.1820331837557360E-011,  7.7975912632206039E-015) (  1.1820331838056278E-011,  7.7975912629986468E-015) ( -1.1307986553897003E-003, -7.4595035977853568E-007)
  0.90240999999999982        1.2500000000000000     
 (  1.3430884947533679E-003,  9.0909641807531905E-007) (  1.3601771069248882E-003,  9.3251518381094605E-007)
 (  1.3227582949143384E-003,  8.9868773709010202E-007) (  1.4003552407724548E-011,  9.6369588654974412E-015) (  1.4003552407370800E-011,  9.6369588651263879E-015) ( -1.3396538202550545E-003, -9.2190931943895232E-007)
  0.95240499999999984        1.2500000000000000     
 (  1.5791379975022357E-003,  1.1171996802436740E-006) (  1.5992378060895695E-003,  1.1460340711409179E-006)
 (  1.5525316661873768E-003,  1.1035726699720596E-006) (  1.6436302062989660E-011,  1.1834679890569567E-014) (  1.6436302062410378E-011,  1.1834679889970482E-014) ( -1.5723787161114025E-003, -1.1321488301120172E-006)
   1.0024000000000000        1.2500000000000000     
 (  1.8413803685467579E-003,  1.3651505890116961E-006) (  1.8648278875936543E-003,  1.4004602666568229E-006)
 (  1.8070385487944918E-003,  1.3475537493725336E-006) (  1.9130985914099600E-011,  1.4452022532553052E-014) (  1.9130985913195566E-011,  1.4452022531591591E-014) ( -1.8301597356526066E-003, -1.3825298582794376E-006)
   1.0523950000000000        1.2500000000000000     
 (  2.1312037729039673E-003,  1.6596137745566141E-006) (  2.1583533692352583E-003,  1.7026426575146744E-006)
 (  2.0874273712796943E-003,  1.6371704641336618E-006) (  2.2099775330248027E-011,  1.7559248997766709E-014) (  2.2099775328833974E-011,  1.7559248996284587E-014) ( -2.1141608657090400E-003, -1.6797737524713061E-006)
   1.1023899999999998        1.2500000000000000     
 (  2.4499979455670094E-003,  2.0081875487209672E-006) (  2.4812231474607427E-003,  2.0603919663644546E-006)
 (  2.3948235580974783E-003,  1.9798823939404322E-006) (  2.5354612853699637E-011,  2.1236531299480740E-014) (  2.5354612851553759E-011,  2.1236531297232581E-014) ( -2.4255241605059077E-003, -2.0315498483300086E-006)
   1.1523849999999998        1.2500000000000000     
 (  2.7991552542763185E-003,  2.4194913651135937E-006) (  2.8348475291506141E-003,  2.4825706389385639E-006)
 (  2.7303294894603773E-003,  2.3841557710422383E-006) (  2.8907185321749561E-011,  2.5574881202855165E-014) (  2.8907185318556622E-011,  2.5574881199496369E-014) ( -2.7653671638728644E-003, -2.4465644244261818E-006)
   1.2023800000000000        1.2500000000000000     
 (  3.1800694020135719E-003,  2.9032567828003737E-006) (  3.2206390795563589E-003,  2.9791869760992180E-006)
 (  3.0950221051442915E-003,  2.8595534560650863E-006) (  3.2768920980414235E-011,  3.0677123794139769E-014) (  3.2768920975726842E-011,  3.0677123789206214E-014) ( -3.1347826336172312E-003, -2.9346538376720772E-006)
   1.2523750000000000        1.2500000000000000     
 (  3.5941368275405725E-003,  3.4704200025202783E-006) (  3.6400128964835048E-003,  3.5614921301023162E-006)
 (  3.4899532273167250E-003,  3.4168263994866130E-006) (  3.6950981194220033E-011,  3.6658899986309818E-014) (  3.6950981187437753E-011,  3.6658899979191901E-014) ( -3.5348377497224281E-003, -3.5068804136006533E-006)
   1.3023699999999998        1.2500000000000000     
 (  4.0427552697414647E-003,  4.1332178709929898E-006) (  4.0943860294590188E-003,  4.2420781254836861E-006)
 (  3.9161470699081808E-003,  4.0680084582034173E-006) (  4.1464242938190310E-011,  4.3649678556583674E-014) (  4.1464242928570251E-011,  4.3649678546496263E-014) ( -3.9665724288470341E-003, -4.1756292588802726E-006)
   1.3523649999999998        1.2500000000000000     
 (  4.5273255867687226E-003,  4.9052857072031128E-006) (  4.5851775086176213E-003,  5.0349807692625803E-006)
 (  4.3746010206085111E-003,  4.8265128845951796E-006) (  4.6319288635398016E-011,  5.1793817755479846E-014) (  4.6319288621950948E-011,  5.1793817741261436E-014) ( -4.4309983584399793E-003, -4.9547098022540505E-006)
   1.4023599999999998        1.2500000000000000     
 (  5.0492503465448483E-003,  5.8017561418263477E-006) (  5.1138093130936148E-003,  5.9557821881945880E-006)
 (  4.8662831709092268E-003,  5.7072296982339167E-006) (  5.1526404768072723E-011,  6.1251621610916436E-014) (  5.1526404749360644E-011,  6.1251621591184210E-014) ( -4.9290988527941502E-003, -5.8594568272951094E-006)
   1.4523549999999998        1.2500000000000000     
 (  5.6099336350447305E-003,  6.8393613916573250E-006) (  5.6817055098773786E-003,  7.0217177175640238E-006)
 (  5.3921311999201443E-003,  6.7266262515562251E-006) (  5.7095562907380302E-011,  7.2200439166724428E-014) (  5.7095562881828809E-011,  7.2200439139631751E-014) ( -5.4618270441866767E-003, -6.9068356309572526E-006)
   1.5023499999999999        1.2500000000000000     
 (  6.2107835715790229E-003,  8.0365371618958852E-006) (  6.2902927433810653E-003,  8.2517819724700048E-006)
 (  5.9530537953340016E-003,  7.9028492959579356E-006) (  6.3036414092351065E-011,  8.4835753992861215E-014) (  6.3036414057461440E-011,  8.4835753956075949E-014) ( -6.0301053537118263E-003, -8.1155462037921101E-006)
   1.5523449999999999        1.2500000000000000     
 (  6.8532092630544644E-003,  9.4135230451453333E-006) (  6.9409998292333805E-003,  9.6668399615615836E-006)
 (  6.5499267820918342E-003,  9.2558231959520836E-006) (  6.9358274907820414E-011,  9.9372322133914852E-014) (  6.9358274861158173E-011,  9.9372322084475778E-014) ( -6.6348241248938332E-003, -9.5061320861334484E-006)
   1.6023399999999999        1.2500000000000000     
 (  7.5386222282009000E-003,  1.0992474284542711E-005) (  7.6352586860841771E-003,  1.1289734563637596E-005)
 (  7.1835934834478471E-003,  1.0807359282921280E-005) (  7.6070126652327191E-011,  1.1604527081222740E-013) (  7.6070126590417362E-011,  1.1604527074624800E-013) ( -7.2768415628307482E-003, -1.1101085423837311E-005)
   1.6523349999999999        1.2500000000000000     
 (  8.2684364070075914E-003,  1.2797560937395499E-005) (  8.3745025690218754E-003,  1.3145400310949686E-005)
 (  7.8548638643488201E-003,  1.2581252271345739E-005) (  8.3180587905181263E-011,  1.3511125858504833E-013) (  8.3180587824028124E-011,  1.3511125849798278E-013) ( -7.9569811037408112E-003, -1.2924957946767192E-005)
   1.7023299999999999        1.2500000000000000     
 (  9.0440699579405308E-003,  1.4855078880312202E-005) (  9.1601691903453256E-003,  1.5260974522316579E-005)
 (  8.5645154476546251E-003,  1.4603388145237279E-005) (  9.0697936632191025E-011,  1.5684960386992096E-013) (  9.0697936525725642E-011,  1.5684960375595398E-013) ( -8.6760335735022419E-003, -1.5004468837522984E-005)
   1.7523250000000001        1.2500000000000000     
 (  9.8669391911022936E-003,  1.7193559205679900E-005) (  9.9936967876641612E-003,  1.7665910380283445E-005)
 (  9.3132863530533197E-003,  1.6901850033486311E-005) (  9.8630060923649694E-011,  1.8156342978286311E-013) (  9.8630060786122943E-011,  1.8156342963439426E-013) ( -9.4347523888779743E-003, -1.7368614272244334E-005)
   1.8023199999999997        1.2500000000000000     
 (  1.0738467735036287E-002,  1.9843867530537709E-005) (  1.0876526262386811E-002,  2.0392089093968928E-005)
 (  1.0101883611991139E-002,  1.9507013465515932E-005) (  1.0698447271154956E-010,  2.0958079462431017E-013) (  1.0698447253423390E-010,  2.0958079443259206E-013) ( -1.0233854913548420E-002, -2.0048775428441874E-005)
   1.8523149999999997        1.2500000000000000     
 (  1.1660077451164307E-002,  2.2839318617410189E-005) (  1.1810103487862765E-002,  2.3473934550102717E-005)
 (  1.0930973280780625E-002,  2.2451656528139615E-005) (  1.1576832170969011E-010,  2.4125584234366916E-013) (  1.1576832148330948E-010,  2.4125584209756910E-013) ( -1.1074023765538109E-002, -2.3078828532605881E-005)
   1.9023099999999997        1.2500000000000000     
 (  1.2633194926980774E-002,  2.6215778436843287E-005) (  1.2795873528951106E-002,  2.6948527009035787E-005)
 (  1.1801186079664773E-002,  2.5771056799551219E-005) (  1.2498832697296101E-010,  2.7696993708328065E-013) (  1.2498832668625385E-010,  2.7696993676979783E-013) ( -1.1955900337717585E-002, -2.6495253297723223E-005)
   1.9523049999999997        1.2500000000000000     
 (  1.3659248482541476E-002,  3.0011773950185367E-005) (  1.3835287189573687E-002,  3.0855709920884145E-005)
 (  1.2713113690516123E-002,  2.9503095292465503E-005) (  1.3465083829573832E-010,  3.1713271917999315E-013) (  1.3465083793339586E-010,  3.1713271878201694E-013) ( -1.2880090609512550E-002, -3.0337233851175448E-005)
   2.0023000000000000        1.2500000000000000     
 (  1.4739669414550250E-002,  3.4268592938697183E-005) (  1.4929795329503046E-002,  3.5238213814039923E-005)
 (  1.3667309235222311E-002,  3.3688349997435276E-005) (  1.4476176869402280E-010,  3.6218333287460386E-013) (  1.4476176824054036E-010,  3.6218333237358919E-013) ( -1.3847158633186739E-002, -3.4646776056144484E-005)
   2.0522950000000000        1.2500000000000000     
 (  1.5875890744066631E-002,  3.9030394158677340E-005) (  1.6080851966279393E-002,  4.0141754616273325E-005)
 (  1.4664285233782180E-002,  3.8370198516710354E-005) (  1.5532661633308822E-010,  4.1259137506891075E-013) (  1.5532661576826068E-010,  4.1259137439578828E-013) ( -1.4857628800764324E-002, -3.9468798288316312E-005)
   2.1022900000000000        1.2500000000000000     
 (  1.7069344989122628E-002,  4.4344305849272159E-005) (  1.7289913703336723E-002,  4.5615152412775810E-005)
 (  1.5704510793611431E-002,  4.3594908710793315E-005) (  1.6635045549090081E-010,  4.6885805338188782E-013) (  1.6635045478969200E-010,  4.6885805259922097E-013) ( -1.5911984778040855E-002, -4.4851241832656380E-005)
   2.1522849999999996        1.2500000000000000     
 (  1.8321473279875766E-002,  5.0260526171178530E-005) (  1.8558441058920783E-002,  5.1710431539038544E-005)
 (  1.6788419981776635E-002,  4.9411729825421890E-005) (  1.7783794131690059E-010,  5.3151713610607122E-013) (  1.7783794045047021E-010,  5.3151713513500400E-013) ( -1.7010670038740301E-002, -5.0845161916226993E-005)
   2.2022799999999996        1.2500000000000000     
 (  1.9633713605486248E-002,  5.6832424130027276E-005) (  1.9887894485276867E-002,  5.8482941365867663E-005)
 (  1.7916399368385079E-002,  5.5872983455306954E-005) (  1.8979325965352627E-010,  6.0113610699770632E-013) (  1.8979325858981651E-010,  6.0113610579777825E-013) ( -1.8154083198335984E-002, -5.7504837756044234E-005)
   2.2522749999999996        1.2500000000000000     
 (  2.1007508960596888E-002,  6.4116637099721145E-005) (  2.1279738240003756E-002,  6.5991442833144122E-005)
 (  1.9088795757185032E-002,  6.3034149722966711E-005) (  2.0222016469626092E-010,  6.7831695285999670E-013) (  2.0222016339605893E-010,  6.7831695138125403E-013) ( -1.9342581390286155E-002, -6.4887847832733304E-005)
   2.3022699999999996        1.2500000000000000     
 (  2.2444300875775886E-002,  7.2173155584252677E-005) (  2.2735437274944044E-002,  7.4298229722009806E-005)
 (  2.0305908867327343E-002,  7.0953939586673571E-005) (  2.1512193811036861E-010,  7.6369729818876135E-013) (  2.1512193652713848E-010,  7.6369729637647325E-013) ( -2.0576476413910586E-002, -7.3055178291385044E-005)
   2.3522650000000001        1.2500000000000000     
 (  2.3945538433743120E-002,  8.1065435156464137E-005) (  2.4256462934647175E-002,  8.3469215655726007E-005)
 (  2.1568000029719276E-002,  7.9694392955939909E-005) (  2.2850144136711672E-010,  8.5795117035328026E-013) (  2.2850143927136138E-010,  8.5795116814246458E-013) ( -2.1856039832850879E-002, -8.2071295775513410E-005)
   2.4022600000000001        1.2500000000000000     
 (  2.5512666502033106E-002,  9.0860461632188267E-005) (  2.5844284360611130E-002,  9.3574035284791658E-005)
 (  2.2875279622459537E-002,  8.9320928568065408E-005) (  2.4236102399673977E-010,  9.6178989432731514E-013) (  2.4236102150629804E-010,  9.6178989234862359E-013) ( -2.3181494167689370E-002, -9.2004232784749222E-005)
   2.4522550000000001        1.2500000000000000     
 (  2.7147138028066658E-002,  1.0162885762337103E-004) (  2.7500372622780891E-002,  1.0468615954059660E-004)
 (  2.4227919402683911E-002,  9.9902433826662982E-005) (  2.5670255530898635E-010,  1.0759631237630756E-012) (  2.5670255239604857E-010,  1.0759631205005763E-012) ( -2.4553016070657616E-002, -1.0292568596559319E-004)
   2.5022500000000001        1.2500000000000000     
 (  2.8850404484575133E-002,  1.1344494825975404E-004) (  2.9226206148343738E-002,  1.1688294265987104E-004)
 (  2.5626041557928268E-002,  1.1151131201586866E-004) (  2.7152748568285068E-010,  1.2012591311905654E-012) (  2.7152748222736845E-010,  1.2012591279633786E-012) ( -2.5970741523167980E-002, -1.1491104398130475E-004)
   2.5522449999999997        1.2500000000000000     
 (  3.0623917332711869E-002,  1.2638684230975946E-004) (  3.1023262294474482E-002,  1.3024575905608600E-004)
 (  2.7069720828804524E-002,  1.2422354298308053E-004) (  2.8683674524244229E-010,  1.3385060341188377E-012) (  2.8683674128867710E-010,  1.3385060293704902E-012) ( -2.7434757073223161E-002, -1.2803950372445262E-004)
   2.6022399999999997        1.2500000000000000     
 (  3.2469134010507168E-002,  1.4053653312456988E-004) (  3.2893014270599756E-002,  1.4486004477172164E-004)
 (  2.8558989046712006E-002,  1.3811876191010825E-004) (  3.0263071203011864E-010,  1.4885719841610860E-012) (  3.0263070732404836E-010,  1.4885719784577453E-012) ( -2.8945096111582799E-002, -1.4239408844322497E-004)
   2.6522349999999997        1.2500000000000000     
 (  3.4387509319183565E-002,  1.5597993371532464E-004) (  3.4836950874648588E-002,  1.6081543510162213E-004)
 (  3.0093827126329506E-002,  1.5328027045086862E-004) (  3.1890940594216081E-010,  1.6523663574094797E-012) (  3.1890940027943413E-010,  1.6523663505868314E-012) ( -3.0501757990722567E-002, -1.5806176141956325E-004)
   2.7022299999999997        1.2500000000000000     
 (  3.6380504685706083E-002,  1.7280693873867315E-004) (  3.6856550118762613E-002,  1.7820577364889624E-004)
 (  3.1674172806303941E-002,  1.6979507157234124E-004) (  3.3567222361402381E-010,  1.8308395632793084E-012) (  3.3567221703874361E-010,  1.8308395551083666E-012) ( -3.2104682084397630E-002, -1.7513340668881314E-004)
   2.7522249999999997        1.2500000000000000     
 (  3.8449581075905868E-002,  1.9111154255024526E-004) (  3.8953297481426688E-002,  1.9712925139182298E-004)
 (  3.3299914658256859E-002,  1.8775395952610893E-004) (  3.5291811839155284E-010,  2.0249841973096085E-012) (  3.5291811064278366E-010,  2.0249841875872685E-012) ( -3.3753764926407498E-002, -1.9370393923428175E-004)
   2.8022199999999997        1.2500000000000000     
 (  4.0596197921542253E-002,  2.1099184902589316E-004) (  4.1128678945721350E-002,  2.1768842406856047E-004)
 (  3.4970889647218631E-002,  2.0725149789248463E-004) (  3.7064551822759840E-010,  2.2358348969928456E-012) (  3.7064550914061835E-010,  2.2358348854348020E-012) ( -3.5448853395753557E-002, -2.1387229025026416E-004)
   2.8522149999999997        1.2500000000000000     
 (  4.2821817099461867E-002,  2.3255012367508017E-004) (  4.3384181419050483E-002,  2.3999029889490604E-004)
 (  3.6686886588673362E-002,  2.2838603773986624E-004) (  3.8885233772084996E-010,  2.4644688818347010E-012) (  3.8885232708329860E-010,  2.4644688695619301E-012) ( -3.7189744700486603E-002, -2.3574145856919624E-004)
   2.9022099999999997        1.2500000000000000     
 (  4.5127905665589850E-002,  2.5589286074242164E-004) (  4.5721296615017497E-002,  2.6414638118631693E-004)
 (  3.8447650703094395E-002,  2.5125974759935790E-004) (  4.0753600813215187E-010,  2.7120060547761538E-012) (  4.0753599573726615E-010,  2.7120060385771390E-012) ( -3.8976189786198198E-002, -2.5941851925060061E-004)
   2.9522049999999997        1.2500000000000000     
 (  4.7515927080053137E-002,  2.8113081008688287E-004) (  4.8141510495294554E-002,  2.9027281853707173E-004)
 (  4.0252871581304757E-002,  2.7597860202525134E-004) (  4.2669337385487411E-010,  2.9796100862558534E-012) (  4.2669335940331717E-010,  2.9796100671216052E-012) ( -4.0807883388324410E-002, -2.8501472764073894E-004)
   3.0021999999999998        1.2500000000000000     
 (  4.9987347171841230E-002,  3.0837905947362395E-004) (  5.0646318130053269E-002,  3.1849025720057068E-004)
 (  4.2102191931632012E-002,  3.0265241933061303E-004) (  4.4632083364856598E-010,  3.2684864748086369E-012) (  4.4632081690159665E-010,  3.2684864522764607E-012) ( -4.2684477375786643E-002, -3.1264533114225290E-004)
   3.0521949999999998        1.2500000000000000     
 (  5.2543632246061081E-002,  3.3775702513453730E-004) (  5.3237212841576814E-002,  3.4892407204189640E-004)
 (  4.3995202528201778E-002,  3.3139480646589552E-004) (  4.6641424169805385E-010,  3.5798844465728470E-012) (  4.6641422155958621E-010,  3.5798844200692115E-012) ( -4.4605571168493514E-002, -3.4242975152628348E-004)
   3.1021899999999998        1.2500000000000000     
 (  5.5186254385715700E-002,  3.6938844229339473E-004) (  5.5915686601140456E-002,  3.8170434966375993E-004)
 (  4.5931451234947324E-002,  3.6232310047473639E-004) (  4.8696889410271941E-010,  3.9150962568808163E-012) (  4.8696887169269283E-010,  3.9150962257625297E-012) ( -4.6570711605307999E-002, -3.7449151714142069E-004)
   3.1521849999999998        1.2500000000000000     
 (  5.7916679427166898E-002,  4.0340149277053104E-004) (  5.8683234473676550E-002,  4.1696584705454591E-004)
 (  4.7910427755292834E-002,  3.9555844165652815E-004) (  5.0797958129669404E-010,  4.2754562018719035E-012) (  5.0797955547543697E-010,  4.2754561683251996E-012) ( -4.8579395898781512E-002, -4.0895816721299205E-004)
   3.2021799999999998        1.2500000000000000     
 (  6.0736377369777890E-002,  4.3992869221733707E-004) (  6.1541353851314054E-002,  4.5484819707367069E-004)
 (  4.9931574294487330E-002,  4.3122560459105894E-004) (  5.2944058333053467E-010,  4.6623421523221566E-012) (  5.2944055367584656E-010,  4.6623421097169808E-012) ( -5.0631073249259459E-002, -4.4596139668556860E-004)
   3.2521749999999998        1.2500000000000000     
 (  6.3646821913631010E-002,  4.7910704653563585E-004) (  6.4491541172513392E-002,  4.9549567920859235E-004)
 (  5.1994286584807071E-002,  4.6945309317018966E-004) (  5.5134564584653798E-010,  5.0771725275481417E-012) (  5.5134561179596943E-010,  5.0771724770689569E-012) ( -5.2725140786895060E-002, -4.8563676638978812E-004)
   3.3021699999999998        1.2500000000000000     
 (  6.6649473170900919E-002,  5.2107789086331172E-004) (  6.7535294027342485E-002,  5.3905751188621800E-004)
 (  5.4097896738638025E-002,  5.1037291283041047E-004) (  5.7368796221550786E-010,  5.5214086269399256E-012) (  5.7368792330209813E-010,  5.5214085689228199E-012) ( -5.4860943059631115E-002, -5.2812392520137485E-004)
   3.3521649999999998        1.2500000000000000     
 (  6.9745817509552152E-002,  5.6598704841243465E-004) (  7.0674105202629359E-002,  5.8568757216474092E-004)
 (  5.6241710147617550E-002,  5.5412066207986431E-004) (  5.9646015433714956E-010,  5.9965509999465343E-012) (  5.9646010986950543E-010,  5.9965509324010891E-012) ( -5.7037770251921742E-002, -5.7356625994952704E-004)
   3.4021599999999999        1.2500000000000000     
 (  7.2937313474402715E-002,  6.1398472809185052E-004) (  7.3909475262483523E-002,  6.3554471955265383E-004)
 (  5.8424956156226303E-002,  6.0083535261052593E-004) (  6.1965438952867315E-010,  6.5041420209055975E-012) (  6.1965433827186246E-010,  6.5041419424270008E-012) ( -5.9254868042695315E-002, -6.2211114183204433E-004)
   3.4521549999999999        1.2500000000000000     
 (  7.6225433015660815E-002,  6.6522552683250403E-004) (  7.7242904205064813E-002,  6.8879254928013302E-004)
 (  6.0646823317275146E-002,  6.5065933506113047E-004) (  6.4326231024289803E-010,  7.0457624697217394E-012) (  6.4326225257718222E-010,  7.0457623786269122E-012) ( -6.1511432046646282E-002, -6.7390959682568977E-004)
   3.5021500000000003        1.2500000000000000     
 (  7.9611653888405076E-002,  7.1986841121041145E-004) (  8.0675894364743650E-002,  7.4559947475787104E-004)
 (  6.2906460910260684E-002,  7.0373819383953641E-004) (  6.6727499965605836E-010,  7.6230315016843810E-012) (  6.6727493417340294E-010,  7.6230313876977084E-012) ( -6.3806605772105132E-002, -7.2911630206022506E-004)
   3.5521449999999994        1.2500000000000000     
 (  8.3097443987844563E-002,  7.7807669849522026E-004) (  8.4209933086258099E-002,  8.0613875596838194E-004)
 (  6.5202952675500400E-002,  7.6022064081283848E-004) (  6.9168291984155181E-010,  8.2376060260308050E-012) (  6.9168284633829282E-010,  8.2376058953634036E-012) ( -6.6139469809844420E-002, -7.8788952210128436E-004)
   3.6021399999999995        1.2500000000000000     
 (  8.6684271819566575E-002,  8.4001798815435758E-004) (  8.7846530978075765E-002,  8.7058837570221342E-004)
 (  6.7535335717779754E-002,  8.2025835099311004E-004) (  7.1647618700981506E-010,  8.8911783446309851E-012) (  7.1647610307403734E-010,  8.8911782033378364E-012) ( -6.8509075001397413E-002, -8.5039088672412741E-004)
   3.6521349999999995        1.2500000000000000     
 (  9.0373607400272671E-002,  9.0586431309897192E-004) (  9.1587184820736703E-002,  9.3913112415484141E-004)
 (  6.9902599143418773E-002,  8.8400601270441782E-004) (  7.4164429538540437E-010,  9.5854760571647818E-012) (  7.4164419810104191E-010,  9.5854758940759636E-012) ( -7.0914409731023309E-002, -9.1678537235624158E-004)
   3.7021299999999995        1.2500000000000000     
 (  9.4166923427432714E-002,  9.7579175019500317E-004) (  9.5433378755499662E-002,  1.0119544244811785E-003)
 (  7.2303683432359905E-002,  9.5162083180670622E-004) (  7.6717603825611464E-010,  1.0322259053653384E-011) (  7.6717593295123763E-010,  1.0322258865617225E-011) ( -7.3354399025720787E-002, -9.8724101550134308E-004)
   3.7521249999999995        1.2500000000000000     
 (  9.8065694552882179E-002,  1.0499806325992833E-003) (  9.9386633713016245E-002,  1.0892507030778277E-003)
 (  7.4737482903398419E-002,  1.0232626338143147E-003) (  7.9306013071682604E-010,  1.1103322219355573E-011) (  7.9306000944909419E-010,  1.1103322002814421E-011) ( -7.5827954318319804E-002, -1.0619291726346389E-003)
   3.8021199999999995        1.2500000000000000     
 ( 0.10207138298190742     ,  1.1286154333633685E-003) ( 0.10344843002796845     ,  1.1712165645224703E-003)
 (  7.7202830933026781E-002,  1.0990936274507318E-003) (  8.1928427906097405E-010,  1.1930485521347546E-011) (  8.1928414395804892E-010,  1.1930485255039226E-011) ( -7.8333897177567516E-002, -1.1410235650902857E-003)
   3.8521149999999995        1.2500000000000000     
 ( 0.10618546084128050     ,  1.2118848265640315E-003) ( 0.10762026391063778     ,  1.2580535477636086E-003)
 (  7.9698521291665339E-002,  1.1792783398773255E-003) (  8.4583589832951866E-010,  1.2805600640221676E-011) (  8.4583574850974276E-010,  1.2805600353891362E-011) ( -8.0871015238034444E-002, -1.2247009120423197E-003)
   3.9021099999999995        1.2500000000000000     
 ( 0.11040938812230387     ,  1.2999813113180427E-003) ( 0.11190364697059836     ,  1.3499678615358482E-003)
 (  8.2223289071315445E-002,  1.2639831089375682E-003) (  8.7270202610060446E-010,  1.3730546762569859E-011) (  8.7270185547057228E-010,  1.3730546433686324E-011) ( -8.3438063985592573E-002, -1.3131405232762621E-003)
   3.9521050000000000        1.2500000000000000     
 ( 0.11474464830151442     ,  1.3931014811895779E-003) ( 0.11630005861362207     ,  1.4471697765724224E-003)
 (  8.4775843551571070E-002,  1.3533762175976123E-003) (  8.9986885989984890E-010,  1.4707222821544798E-011) (  8.9986866934411473E-010,  1.4707222427463847E-011) ( -8.6033716585274908E-002, -1.4065235579202430E-003)
   4.0021000000000004        1.2500000000000000     
 ( 0.11919269218031174     ,  1.4914456649818214E-003) ( 0.12081100616027568     ,  1.5498743530050181E-003)
 (  8.7354815831785018E-002,  1.4476273880157896E-003) (  9.2732244286279287E-010,  1.5737553477988774E-011) (  9.2732223129493022E-010,  1.5737553045707307E-011) ( -8.8656629916376559E-002, -1.5050335929531254E-003)
   4.0520950000000004        1.2500000000000000     
 ( 0.12375498661671056     ,  1.5952179909637970E-003) ( 0.12543798007958179     ,  1.6583009559679707E-003)
 (  8.9958806544280942E-002,  1.5469076904937973E-003) (  9.5504806708590971E-010,  1.6823482579319228E-011) (  9.5504782815321007E-010,  1.6823482107813946E-011) ( -9.1305393383711075E-002, -1.6088559845590133E-003)
   4.1020900000000005        1.2500000000000000     
 ( 0.12843300234849792     ,  1.7046264636222535E-003) ( 0.13018246600229652     ,  1.7726732210504987E-003)
 (  9.2586370896010059E-002,  1.6513894633507686E-003) (  9.8303052417192958E-010,  1.7966970902322212E-011) (  9.8303025892033035E-010,  1.7966970336667284E-011) ( -9.3978544587220020E-002, -1.7181776684342871E-003)
   4.1520850000000005        1.2500000000000000     
 ( 0.13322820399006843     ,  1.8198824896424161E-003) ( 0.13504596493340149     ,  1.8932187990938854E-003)
 (  9.5236016496151696E-002,  1.7612456734649807E-003) (  1.0112543166232484E-009,  1.9169991973796297E-011) (  1.0112540225924065E-009,  1.9169991294176640E-011) ( -9.6674591845345756E-002, -1.8331867287161442E-003)
   4.2020800000000005        1.2500000000000000     
 ( 0.13814205183086317     ,  1.9412009714332705E-003) ( 0.14002996653494656     ,  2.0201698815100724E-003)
 (  9.7906200878529415E-002,  1.8766498272372045E-003) (  1.0397032884107497E-009,  2.0434535368957041E-011) (  1.0397029632201690E-009,  2.0434534626865861E-011) ( -9.9391986400087742E-002, -1.9540727457495553E-003)
   4.2520750000000005        1.2500000000000000     
 ( 0.14317598855385041     ,  2.0688007093237729E-003) ( 0.14513595597821566     ,  2.1537626256741215E-003)
 ( 0.10059531812657828     ,  1.9977761978090978E-003) (  1.0683608491345715E-009,  2.1762599057259431E-011) (  1.0683604875419254E-009,  2.1762598212269872E-011) (-0.10212912932433416     , -2.0810260225419862E-003)
   4.3020699999999996        1.2500000000000000     
 ( 0.14833150790736513     ,  2.2029032866210311E-003) ( 0.15036542133092942     ,  2.2942364780420199E-003)
 ( 0.10330176990822131     ,  2.1247985234164003E-003) (  1.0972098728131193E-009,  2.3156180204754750E-011) (  1.0972094700297937E-009,  2.3156179294222921E-011) (-0.10488437951184798     , -2.2142367206795335E-003)
   4.3520649999999996        1.2500000000000000     
 ( 0.15361004153114638     ,  2.3437335208525683E-003) ( 0.15571986493581344     ,  2.4418355883303300E-003)
 ( 0.10602385693835510     ,  2.2578902386174099E-003) (  1.1262330494719921E-009,  2.4617287907382360E-011) (  1.1262326123639482E-009,  2.4617286785624773E-011) (-0.10765607156339380     , -2.3538960677577706E-003)
   4.4020599999999996        1.2500000000000000     
 ( 0.15901305378882799     ,  2.4915195324008241E-003) ( 0.16120075483531096     ,  2.5968078186899644E-003)
 ( 0.10875986487987706     ,  2.3972243606473192E-003) (  1.1554121299993000E-009,  2.6147930376870559E-011) (  1.1554116440686623E-009,  2.6147929185709448E-011) (-0.11044245149296787     , -2.5001951399150420E-003)
   4.4520549999999997        1.2500000000000000     
 ( 0.16454199679625270     ,  2.6464926379314922E-003) ( 0.16680956686643308     ,  2.7594039683948284E-003)
 ( 0.11150802715985904     ,  2.5429731538130010E-003) (  1.1847286960142338E-009,  2.7750104929473389E-011) (  1.1847281578236396E-009,  2.7750103525172589E-011) (-0.11324174937214838     , -2.6533238737967563E-003)
   4.5020499999999997        1.2500000000000000     
 ( 0.17019833721952071     ,  2.8088868195325057E-003) ( 0.17254781772256739     ,  2.9298789944768068E-003)
 ( 0.11426655489829694     ,  2.6953073764649058E-003) (  1.2141640748957435E-009,  2.9425808005718893E-011) (  1.2141634817602954E-009,  2.9425806399835480E-011) (-0.11605217335974194     , -2.8134720399653436E-003)
   4.5520449999999997        1.2500000000000000     
 ( 0.17598351651798608     ,  2.9789386036267432E-003) ( 0.17841696241692773     ,  3.1084910170355302E-003)
 ( 0.11703359244855298     ,  2.8543959240392705E-003) (  1.2436987669137296E-009,  3.1177022600102502E-011) (  1.2436981133890564E-009,  3.1177020782026963E-011) (-0.11887184682412590     , -2.9808280341228673E-003)
   4.6020399999999997        1.2500000000000000     
 ( 0.18189899287589453     ,  3.1568876275981607E-003) ( 0.18441849351603071     ,  3.2955019148008993E-003)
 ( 0.11980726056146611     ,  3.0204061676649247E-003) (  1.2733130316014013E-009,  3.3005721645612881E-011) (  1.2733123098487746E-009,  3.3005719567516050E-011) (-0.12169887604108856     , -3.1555791752811788E-003)
   4.6520349999999997        1.2500000000000000     
 ( 0.18794621336613379     ,  3.3429756663775761E-003) ( 0.19055388428688225     ,  3.4911765402042116E-003)
 ( 0.12258562967270621     ,  3.1935027093499299E-003) (  1.3029867712506656E-009,  3.4913857418464884E-011) (  1.3029859811855185E-009,  3.4913855034790326E-011) (-0.12453132525684732     , -3.3379107025623767E-003)
   4.7020300000000006        1.2500000000000000     
 ( 0.19412662393127700     ,  3.5374471977904502E-003) ( 0.19682461508511795     ,  3.6957822363197996E-003)
 ( 0.12536673721261651     ,  3.3738477015859223E-003) (  1.3326993748420351E-009,  3.6903353471211475E-011) (  1.3326985064922628E-009,  3.6903350785116086E-011) (-0.12736721880130675     , -3.5280050057844357E-003)
   4.7520250000000006        1.2500000000000000     
 ( 0.20044168660856870     ,  3.7405488934134762E-003) ( 0.20323215335816383     ,  3.9095907062622389E-003)
 ( 0.12814859928136155     ,  3.5616000670197667E-003) (  1.3624298143172934E-009,  3.8976121370628459E-011) (  1.3624288696073144E-009,  3.8976118389298014E-011) (-0.13020453331085011     , -3.7260432067285896E-003)
   4.8020200000000006        1.2500000000000000     
 ( 0.20689282902278555     ,  3.9525295304148438E-003) ( 0.20977798729810326     ,  4.1328753297771538E-003)
 ( 0.13092915192937121     ,  3.7569151261741631E-003) (  1.3921567645539770E-009,  4.1134029955961981E-011) (  1.3921557269677570E-009,  4.1134026707978835E-011) (-0.13304122195031323     , -3.9322021873694586E-003)
   4.8520150000000006        1.2500000000000000     
 ( 0.21348149868039612     ,  4.1736405561244114E-003) ( 0.21646357282237999     ,  4.3659126471043063E-003)
 ( 0.13370633444918287     ,  3.9599448939174695E-003) (  1.4218583969426788E-009,  4.3378917558922074E-011) (  1.4218572581312984E-009,  4.3378913770200091E-011) (-0.13587518369857093     , -4.1466557803207047E-003)
   4.9020100000000006        1.2500000000000000     
 ( 0.22020915023623011     ,  4.4041341054559318E-003) ( 0.22329039638953638     ,  4.6089818256804006E-003)
 ( 0.13647804866545971     ,  4.1708357704530741E-003) (  1.4515127563293271E-009,  4.5712583132730637E-011) (  1.4515115092959125E-009,  4.5712578733200886E-011) (-0.13870431333059113     , -4.3695739533198049E-003)
   4.9520050000000007        1.2500000000000000     
 ( 0.22707770673624536     ,  4.6442666340150195E-003) ( 0.23025999718363768     ,  4.8623645128646597E-003)
 ( 0.13924167291044032     ,  4.3897292239698134E-003) (  1.4810778626038831E-009,  4.8136736665919792E-011) (  1.4810778577544482E-009,  4.8136735320465774E-011) (-0.14152636742435235     , -4.6011218295423564E-003)
   5.0020000000000007        1.2500000000000000     
 ( 0.23408768384166850     ,  4.8942921513987561E-003) ( 0.23737370052358819     ,  5.1263455303215679E-003)
 ( 0.14199595517597996     ,  4.6167650475550355E-003) (  1.5105680375662333E-009,  5.0653177076420502E-011) (  1.5105680342683543E-009,  5.0653175573372085E-011) (-0.14433929152115949     , -4.8414618106502787E-003)
   5.0519950000000007        1.2500000000000000     
 ( 0.24124096994059102     ,  5.1544699427781828E-003) ( 0.24463302694129979     ,  5.4012105365126165E-003)
 ( 0.14473825002060547     ,  4.8520737288963479E-003) (  1.5399420903959604E-009,  5.3263512125412746E-011) (  1.5399420870389345E-009,  5.3263510312225619E-011) (-0.14714077876278372     , -5.0907484625504927E-003)
   5.1019899999999998        1.2500000000000000     
 ( 0.24853899028272947     ,  5.4250590053089940E-003) ( 0.25203946915429049     ,  5.6872488924037392E-003)
 ( 0.14746631710612909     ,  5.0957802330396148E-003) (  1.5691769189537880E-009,  5.5969346849007866E-011) (  1.5691769165776354E-009,  5.5969344978155244E-011) (-0.14992860687773935     , -5.3491325359361396E-003)
   5.1519849999999998        1.2500000000000000     
 ( 0.25598320426761700     ,  5.7063206807150130E-003) ( 0.25959448680217123     ,  5.9847509304812758E-003)
 ( 0.15017791065896632     ,  5.3480040079445772E-003) (  1.5982486130635787E-009,  5.8772213225889751E-011) (  1.5982486082878130E-009,  5.8772211144627797E-011) (-0.15270048027175234     , -5.6167575518322249E-003)
   5.2019799999999998        1.2500000000000000     
 ( 0.26357503805847110     ,  5.9985175460053374E-003) ( 0.26729952067290697     ,  6.2940089891960916E-003)
 ( 0.15287073458469516     ,  5.6088574563090106E-003) (  1.6271329177410023E-009,  6.1673575911350629E-011) (  1.6271329078030462E-009,  6.1673573461923316E-011) (-0.15545406851710811     , -5.8937604087593775E-003)
   5.2519749999999998        1.2500000000000000     
 ( 0.27131593215604799     ,  6.3019123233368337E-003) ( 0.27515606047727320     ,  6.6153185172168200E-003)
 ( 0.15554248217692954     ,  5.8784445489298599E-003) (  1.6558057048894747E-009,  6.4674841163744904E-011) (  1.6558057026604347E-009,  6.4674838459105670E-011) (-0.15818705293078153     , -6.1802722785236795E-003)
   5.3019699999999998        1.2500000000000000     
 ( 0.27920731440103519     ,  6.6167697501719903E-003) ( 0.28316555277917971     ,  6.9489747616055331E-003)
 ( 0.15819080457514362     ,  6.1568622667087488E-003) (  1.6842421562805543E-009,  6.7777317743038708E-011) (  1.6842421615513831E-009,  6.7777314755183120E-011) (-0.16089705185755132     , -6.4764146816030247E-003)
   5.3519649999999999        1.2500000000000000     
 ( 0.28725063936147077     ,  6.9433551423545049E-003) ( 0.29132946406674087     ,  7.2952770022383720E-003)
 ( 0.16081335964829005     ,  6.4441987914289805E-003) (  1.7124176930841524E-009,  7.0982256753294365E-011) (  1.7124176924759063E-009,  7.0982253324800105E-011) (-0.16358169777829662     , -6.7823034557095638E-003)
   5.4019599999999999        1.2500000000000000     
 ( 0.29544733208026441     ,  7.2819353184426791E-003) ( 0.29964925461258979     ,  7.6545239214287301E-003)
 ( 0.16340775337022778     ,  6.7405341547603585E-003) (  1.7403068490172344E-009,  7.4290799767595793E-011) (  1.7403068537567065E-009,  7.4290796271098342E-011) (-0.16623855432354681     , -7.0980436716861668E-003)
   5.4519549999999999        1.2500000000000000     
 ( 0.30379882798962665     ,  7.6327772134313502E-003) ( 0.30812634545406253     ,  8.0270160167669070E-003)
 ( 0.16597158705951681     ,  7.0459382865270138E-003) (  1.7678842408819447E-009,  7.7703999643205591E-011) (  1.7678842566989826E-009,  7.7703995512122497E-011) (-0.16886517330159526     , -7.4237317176694918E-003)
   5.5019499999999999        1.2500000000000000     
 ( 0.31230656007264468     ,  7.9961488926631619E-003) ( 0.31676227833007525     ,  8.4130571589401473E-003)
 ( 0.16850244260622557     ,  7.3604717716600626E-003) (  1.7951250584077759E-009,  8.1222832496734739E-011) (  1.7951250691266585E-009,  8.1222827783249233E-011) (-0.17145916721414309     , -7.7594563058384454E-003)
   5.5519449999999999        1.2500000000000000     
 ( 0.32097196810554868     ,  8.3723189189029677E-003) ( 0.32555841887727960     ,  8.8129509600292418E-003)
 ( 0.17099787289229415     ,  7.6841846952881822E-003) (  1.8220027042884353E-009,  8.4848154721728556E-011) (  1.8220027278606935E-009,  8.4848150022616476E-011) (-0.17401799606998511     , -8.1052945020291447E-003)
   5.6019399999999999        1.2500000000000000     
 ( 0.32979650144900591     ,  8.7615569650242951E-003) ( 0.33451626948578311     ,  9.2270014285567910E-003)
 ( 0.17345545554524661     ,  8.0171169589508661E-003) (  1.8484916216705062E-009,  8.8580707292670880E-011) (  1.8484916415622672E-009,  8.8580701847601443E-011) (-0.17653918833415361     , -8.4613118958702209E-003)
   5.6519349999999999        1.2500000000000000     
 ( 0.33878157611408238     ,  9.1641324123753753E-003) ( 0.34363731565148647     ,  9.6555158398395208E-003)
 ( 0.17587269962826291     ,  8.3592963565081776E-003) (  1.8745660721429182E-009,  9.2421138524029504E-011) (  1.8745661014028128E-009,  9.2421132823768554E-011) (-0.17902027814205523     , -8.8275650422389718E-003)
   5.7019299999999999        1.2500000000000000     
 ( 0.34792863282116221     ,  9.5803162046637549E-003) ( 0.35292295285006137     ,  1.0098801517071402E-002)
 ( 0.17824712340140381     ,  8.7107400123444898E-003) (  1.9001992940165070E-009,  9.6369968389615090E-011) (  1.9001993300454530E-009,  9.6369961849268980E-011) (-0.18145870098654429     , -9.2040978194136598E-003)
   5.7519250000000000        1.2500000000000000     
 ( 0.35723910317007856     ,  1.0010379388582329E-002) ( 0.36237468052829008     ,  1.0557166121809012E-002)
 ( 0.18057623711459378     ,  9.0714526011725395E-003) (  1.9253652668440493E-009,  1.0042758498920563E-010) (  1.9253653126140809E-009,  1.0042757784363453E-010) (-0.18385194628583890     , -9.5909411944813880E-003)
   5.8019200000000000        1.2500000000000000     
 ( 0.36671446714218486     ,  1.0454593408810026E-002) ( 0.37199394391934837     ,  1.1030919716958335E-002)
 ( 0.18285759481326652     ,  9.4414260067504710E-003) (  1.9500376681067223E-009,  1.0459426259422370E-010) (  1.9500377231269146E-009,  1.0459425477584482E-010) (-0.18619748534050534     , -9.9881148147523101E-003)
   5.8519150000000009        1.2500000000000000     
 ( 0.37635609640634449     ,  1.0913230305794979E-002) ( 0.38178220263051937     ,  1.1520373233667211E-002)
 ( 0.18508861928591885     ,  9.8206392415607704E-003) (  1.9741898519136006E-009,  1.0887013935827595E-010) (  1.9741899163821637E-009,  1.0887013081018075E-010) (-0.18849276168638482     , -1.0395625076760591E-002)
   5.9019100000000000        1.2500000000000000     
 ( 0.38616549534698902     ,  1.1386562119245063E-002) ( 0.39174087973859961     ,  1.2025837907174073E-002)
 ( 0.18726686204745804     ,  1.0209057227445568E-002) (  1.9977949310159344E-009,  1.1325520913438461E-010) (  1.9977950049053373E-009,  1.1325519953147613E-010) (-0.19073519151065674     , -1.0813464039240911E-002)
   5.9519050000000000        1.2500000000000000     
 ( 0.39614407799177825     ,  1.1874861887972208E-002) ( 0.40187150912895830     ,  1.2547626510048041E-002)
 ( 0.18938978227011119     ,  1.0606631657237905E-002) (  2.0208270745302584E-009,  1.1774932682668021E-010) (  2.0208271644999594E-009,  1.1774931636912211E-010) (-0.19292229091305252     , -1.1241610050914442E-002)
   6.0019000000000000        1.2500000000000000     
 ( 0.40629327996085857     ,  1.2378403357762023E-002) ( 0.41217548597804277     ,  1.3086052767427451E-002)
 ( 0.19145485609745408     ,  1.1013299736422963E-002) (  2.0432588654699449E-009,  1.2235219554826969E-010) (  2.0432589645152135E-009,  1.2235218473089921E-010) (-0.19505142073636442     , -1.1680026870163123E-002)
   6.0518950000000000        1.2500000000000000     
 ( 0.41661455262396502     ,  1.2897459972949995E-002) ( 0.42265427025209767     ,  1.3641429765968990E-002)
 ( 0.19345958590881285     ,  1.1428983217301928E-002) (  2.0650637497619832E-009,  1.2706335401496658E-010) (  2.0650638713959227E-009,  1.2706334165621935E-010) (-0.19712004272189490     , -1.2128661507473555E-002)
   6.1018900000000000        1.2500000000000000     
 ( 0.42710934672269180     ,  1.3432306313200979E-002) ( 0.43330936847260082     ,  1.4214074847775024E-002)
 ( 0.19540146111952014     ,  1.1853589040602476E-002) (  2.0862154859806097E-009,  1.3188220946910645E-010) (  2.0862156252434294E-009,  1.3188219603269911E-010) (-0.19912561143057461     , -1.2587448582029781E-002)
   6.1518850000000000        1.2500000000000000     
 ( 0.43777910552598054     ,  1.3983218223014392E-002) ( 0.44414220669562521     ,  1.4804303662661502E-002)
 ( 0.19727796585491145     ,  1.2287009100879955E-002) (  2.1066869202046133E-009,  1.3680798356325917E-010) (  2.1066870680655826E-009,  1.3680796898470220E-010) (-0.20106554984303052     , -1.3056303889205220E-002)
   6.2018800000000001        1.2500000000000000     
 ( 0.44862528646495525     ,  1.4550470477697601E-002) ( 0.45515427335067765     ,  1.5412433317193422E-002)
 ( 0.19908660940434250     ,  1.2729117530496173E-002) (  2.1264519559036741E-009,  1.4183972727140944E-010) (  2.1264521250830929E-009,  1.4183971110477565E-010) (-0.20293732120930646     , -1.3535126810057514E-002)
   6.2518750000000001        1.2500000000000000     
 ( 0.45964934796880136     ,  1.5134340692603174E-002) ( 0.46634702542561346     ,  1.6038784070786665E-002)
 ( 0.20082489025054295     ,  1.3179773803854451E-002) (  2.1454837067994609E-009,  1.4697634393447504E-010) (  2.1454838997504792E-009,  1.4697632675602297E-010) (-0.20473835459531547     , -1.4023802099784953E-002)
   6.3018700000000001        1.2500000000000000     
 ( 0.47085275655733355     ,  1.5735104075692067E-002) ( 0.47772192951083803     ,  1.6683674777756636E-002)
 ( 0.20249034258676207     ,  1.3638817550964395E-002) (  2.1637559630356178E-009,  1.5221653272023250E-010) (  2.1637561831757076E-009,  1.5221651408454689E-010) (-0.20646612527694461     , -1.4522194178895401E-002)
   6.3518650000000001        1.2500000000000000     
 ( 0.48223694286480584     ,  1.6353042654627205E-002) ( 0.48928043714275365     ,  1.7347426628231407E-002)
 ( 0.20408046880478664     ,  1.4106076820351752E-002) (  2.1812418710021964E-009,  1.5755881974889833E-010) (  2.1812421224248760E-009,  1.5755879906698491E-010) (-0.20811805719972393     , -1.5030150577431277E-002)
   6.4018600000000001        1.2500000000000000     
 ( 0.49380338536356061     ,  1.6988430776331189E-002) ( 0.50102404560531411     ,  1.8030360626917350E-002)
 ( 0.20559282577648885     ,  1.4581353209887881E-002) (  2.1979158608779872E-009,  1.6300153021082179E-010) (  2.1979161432330664E-009,  1.6300150839920796E-010) (-0.20969169780506142     , -1.5547499168382644E-002)
   6.4518550000000001        1.2500000000000000     
 ( 0.50555353406410219     ,  1.7641552575833754E-002) ( 0.51295422463591367     ,  1.8732803485507567E-002)
 ( 0.20702493138685274     ,  1.5064439185094253E-002) (  2.2137515075533483E-009,  1.6854284573580766E-010) (  2.2137518261393874E-009,  1.6854282157901941E-010) (-0.21118450267537878     , -1.6074053192924188E-002)
   6.5018500000000001        1.2500000000000000     
 ( 0.51748889802540843     ,  1.8312688530137598E-002) ( 0.52507243877533571     ,  1.9455080842927599E-002)
 ( 0.20837445911919789     ,  1.5555103721108640E-002) (  2.2287229730963342E-009,  1.7418072461755936E-010) (  2.2287233307216988E-009,  1.7418069907687608E-010) (-0.21259398832449491     , -1.6609604012871110E-002)
   6.5518450000000001        1.2500000000000000     
 ( 0.52961091622404177     ,  1.9002120860894461E-002) ( 0.53738017450716213     ,  2.0197515714600257E-002)
 ( 0.20963892103213688     ,  1.6053097462682801E-002) (  2.2428048868925771E-009,  1.7991288100574545E-010) (  2.2428052827696030E-009,  1.7991285292930474E-010) (-0.21391770461036169     , -1.7153919358478192E-002)
   6.6018400000000002        1.2500000000000000     
 ( 0.54192107241914500     ,  1.9710135643855917E-002) ( 0.54987894246194546     ,  2.0960441327000912E-002)
 ( 0.21081594087474773     ,  1.6558154355246508E-002) (  2.2559712929763673E-009,  1.8573691585023833E-010) (  2.2559717225492207E-009,  1.8573688480689502E-010) (-0.21515317740975348     , -1.7706755134960197E-002)
   6.6518350000000002        1.2500000000000000     
 ( 0.55442085458575641     ,  2.0437017705089749E-002) ( 0.56257018083874044     ,  2.1744185500466459E-002)
 ( 0.21190319039696687     ,  1.7069986189011038E-002) (  2.2681972984776639E-009,  1.9165015018595542E-010) (  2.2681977784733043E-009,  1.9165011755262863E-010) (-0.21629799623446397     , -1.8267839844587609E-002)
   6.7018300000000002        1.2500000000000000     
 ( 0.56711174890846927     ,  2.1183056290776010E-002) ( 0.57545539545390467     ,  2.2549081715206559E-002)
 ( 0.21289832981122320     ,  1.7588287468219839E-002) (  2.2794575246306022E-009,  1.9764972785642358E-010) (  2.2794580501635201E-009,  1.9764969272980071E-010) (-0.21734974653052230     , -1.8836884674591395E-002)
   6.7518250000000002        1.2500000000000000     
 ( 0.57999522592415875     ,  2.1948541869024181E-002) ( 0.58853609072830682     ,  2.3375465512170384E-002)
 ( 0.21379903484101881     ,  1.8112732003183533E-002) (  2.2897276463050262E-009,  2.0373258612576000E-010) (  2.2897282578926009E-009,  2.0373254827919664E-010) (-0.21830607252325315     , -1.9413579852357751E-002)
   6.8018200000000002        1.2500000000000000     
 ( 0.59307281560720027     ,  2.2733766059429904E-002) ( 0.60181374171393753     ,  2.4223673568360585E-002)
 ( 0.21460307719768426     ,  1.8642972880268022E-002) (  2.2989828349440319E-009,  2.0989542859919120E-010) (  2.2989834801074632E-009,  2.0989538686387417E-010) (-0.21916458663438648     , -1.9997593054697237E-002)
   6.8518150000000002        1.2500000000000000     
 ( 0.60634597853397032     ,  2.3539024439684711E-002) ( 0.61528987999557627     ,  2.5094045693991478E-002)
 ( 0.21530818200564081     ,  1.9178643299720761E-002) (  2.3071993232172027E-009,  2.1613474511339597E-010) (  2.3072000437928314E-009,  2.1613470037427439E-010) (-0.21992302491772286     , -2.0588570526310735E-002)
   6.9018100000000002        1.2500000000000000     
 ( 0.61981623060392232     ,  2.4364617464737417E-002) ( 0.62896600171468520     ,  2.5986926279054239E-002)
 ( 0.21591212729940631     ,  1.9719359165884298E-002) (  2.3143535182492929E-009,  2.2244682694014454E-010) (  2.3143543203007354E-009,  2.2244677891956328E-010) (-0.22057909350694549     , -2.1186139085878929E-002)
   6.9518050000000002        1.2500000000000000     
 ( 0.63348509909657758     ,  2.5210841060048266E-002) ( 0.64284358224706872     ,  2.6902660527770853E-002)
 ( 0.21641278438618899     ,  2.0264707963903127E-002) (  2.3204216683764330E-009,  2.2882771990796383E-010) (  2.3204225577210698E-009,  2.2882766948286109E-010) (-0.22113053251752796     , -2.1789900528342846E-002)
   7.0018000000000011        1.2500000000000000     
 ( 0.64735404892978843     ,  2.6078004284428413E-002) ( 0.65692413279973916     ,  2.7841595380244465E-002)
 ( 0.21680796864591589     ,  2.0814265816205733E-002) (  2.3253805351090324E-009,  2.3527322326322207E-010) (  2.3253814902815953E-009,  2.3527316820348020E-010) (-0.22157509848436621     , -2.2399433290033643E-002)
   7.0517949999999994        1.2500000000000000     
 ( 0.66142465667557138     ,  2.6966411897157525E-002) ( 0.67120922968301966     ,  2.8804085777597976E-002)
 ( 0.21709566364799515     ,  2.1367580311649342E-002) (  2.3292086083196784E-009,  2.4177896275524265E-010) (  2.3292096562716503E-009,  2.4177890236961270E-010) (-0.22191071487364517     , -2.3014297778645821E-002)
   7.1017899999999994        1.2500000000000000     
 ( 0.67569840258277158     ,  2.7876374896541364E-002) ( 0.68570030202953969     ,  2.9790485851571520E-002)
 ( 0.21727377121862348     ,  2.1924181009390621E-002) (  2.3318825299439485E-009,  2.4834028461893037E-010) (  2.3318837049497846E-009,  2.4834022048088309E-010) (-0.22213517210804748     , -2.3634027271336431E-002)
   7.1517849999999994        1.2500000000000000     
 ( 0.69017683250647754     ,  2.8808211338831324E-002) ( 0.70039893941787512     ,  3.0801156979307881E-002)
 ( 0.21734029586187548     ,  2.2483578646590601E-002) (  2.3333808860169604E-009,  2.5495233652740704E-010) (  2.3333821567848736E-009,  2.5495226799913852E-010) (-0.22224639627233192     , -2.4258134786998887E-002)
   7.2017799999999994        1.2500000000000000     
 ( 0.70486181764820444     ,  2.9762221265996317E-002) ( 0.71530670805285623     ,  3.1836458087211000E-002)
 ( 0.21729363811430075     ,  2.3045241283388945E-002) (  2.3336940652064720E-009,  2.6160908022444003E-010) (  2.3336941982335737E-009,  2.6160908299613139E-010) (-0.22224250890556851     , -2.4886106565620136E-002)
   7.2517749999999994        1.2500000000000000     
 ( 0.71975424721103698     ,  3.0738762527752334E-002) ( 0.73042500125585463     ,  3.2896768952238108E-002)
 ( 0.21713122610419830     ,  2.3608668320572637E-002) (  2.3327794963244764E-009,  2.6830702220176448E-010) (  2.3327796370095327E-009,  2.6830702524757574E-010) (-0.22212122865055428     , -2.5517416182646770E-002)
   7.3017699999999994        1.2500000000000000     
 ( 0.73485595878432541     ,  3.1738147530170346E-002) ( 0.74575549896968629     ,  3.3982451930032874E-002)
 ( 0.21685155184785271     ,  2.4173287409214744E-002) (  2.3306278962326688E-009,  2.7503964931949273E-010) (  2.3306280460361319E-009,  2.7503965266610926E-010) (-0.22188080192173953     , -2.6151496579090019E-002)
   7.3517649999999994        1.2500000000000000     
 ( 0.75016851191484157     ,  3.2760711128740905E-002) ( 0.76129962994405076     ,  3.5093893546004354E-002)
 ( 0.21645275082736010     ,  2.4738523401203100E-002) (  2.3272193454395622E-009,  2.8180126108571496E-010) (  2.3272195023843303E-009,  2.8180126478580354E-010) (-0.22151932769639937     , -2.6787776776020237E-002)
   7.4017599999999995        1.2500000000000000     
 ( 0.76569349980565948     ,  3.3806792577532073E-002) ( 0.77705906062367358     ,  3.6231469909288529E-002)
 ( 0.21593316196182136     ,  2.5303778030535483E-002) (  2.3225345017773225E-009,  2.8858573675804982E-010) (  2.3225346690583229E-009,  2.8858574080748935E-010) (-0.22103495700683459     , -2.7425644750352880E-002)
   7.4517549999999995        1.2500000000000000     
 ( 0.78143241051646017     ,  3.4876741138181462E-002) ( 0.79303522982678520     ,  3.7395573999699887E-002)
 ( 0.21529100219617231     ,  2.5868436305056468E-002) (  2.3165551591093164E-009,  2.9538685760925031E-010) (  2.3165553422199551E-009,  2.9538686215916714E-010) (-0.22042591417328064     , -2.8064477461340401E-002)
   7.5017499999999995        1.2500000000000000     
 ( 0.79738690207016771     ,  3.5970900569921221E-002) ( 0.80922971264788257     ,  3.8586601838508566E-002)
 ( 0.21452475390497466     ,  2.6431850112695335E-002) (  2.3092626870031215E-009,  3.0219813223005080E-010) (  2.3092628794758677E-009,  3.0219813710101189E-010) (-0.21969044918065014     , -2.8703625492967871E-002)
   7.5517449999999995        1.2500000000000000     
 ( 0.81355845835927931     ,  3.7089636183867729E-002) ( 0.82564411500716473     ,  3.9804952973640000E-002)
 ( 0.21363279577071090     ,  2.6993366829306090E-002) (  2.3006409007823506E-009,  3.0901280810983958E-010) (  2.3006411024211179E-009,  3.0901281354640727E-010) (-0.21882696897001372     , -2.9342414427201702E-002)
   7.6017399999999995        1.2500000000000000     
 ( 0.82994867211629941     ,  3.8233312346066674E-002) ( 0.84227998149866057     ,  4.1051037894937047E-002)
 ( 0.21261357836422379     ,  2.7552304533271461E-002) (  2.2906726574445183E-009,  3.1582396149742403E-010) (  2.2906728692571547E-009,  3.1582396744561654E-010) (-0.21783388807940277     , -2.9980150657665496E-002)
   7.6517349999999995        1.2500000000000000     
 ( 0.84655916192938119     ,  3.9402294343988044E-002) ( 0.85913884216715453     ,  4.2325264245485834E-002)
 ( 0.21146578260665816     ,  2.8107955089115792E-002) (  2.2793414030977783E-009,  3.2262431882948792E-010) (  2.2793416260388187E-009,  3.2262432523663203E-010) (-0.21670959590881428     , -3.0616107741960545E-002)
   7.7017299999999995        1.2500000000000000     
 ( 0.86339150382596275     ,  4.0596967652705908E-002) ( 0.87622234272577038     ,  4.3628061292200378E-002)
 ( 0.21018797173990802     ,  2.8659602411526305E-002) (  2.2666333257329096E-009,  3.2940653084818635E-010) (  2.2666335582960950E-009,  3.2940653798212815E-010) (-0.21545273960735131     , -3.1249550835240496E-002)
   7.7517249999999995        1.2500000000000000     
 ( 0.88044723483926302     ,  4.1817719063901165E-002) ( 0.89353200446250913     ,  4.4959851288439372E-002)
 ( 0.20877881165865023     ,  2.9206504859457392E-002) (  2.2525329443476234E-009,  3.3616289869537399E-010) (  2.2525331883832687E-009,  3.3616290648657924E-010) (-0.21406186370535357     , -3.1879709883476749E-002)
   7.8017199999999995        1.2500000000000000     
 ( 0.89772805446835080     ,  4.3064938188802582E-002) ( 0.91106940875712894     ,  4.6321072699718746E-002)
 ( 0.20723718251253873     ,  2.9747894590615290E-002) (  2.2370266262953953E-009,  3.4288554392614172E-010) (  2.2370268837330494E-009,  3.4288555243487016E-010) (-0.21253569482004270     , -3.2505798418922156E-002)
   7.8517150000000004        1.2500000000000000     
 ( 0.91523543941552965     ,  4.4339037121524011E-002) ( 0.92883614915046375     ,  4.7712174461673543E-002)
 ( 0.20556180350639361     ,  3.0282999783788810E-002) (  2.2201011430338523E-009,  3.4956643302759724E-010) (  2.2201014109106978E-009,  3.4956644230672712E-010) (-0.21087292818976019     , -3.3127013100417491E-002)
   7.9017100000000005        1.2500000000000000     
 ( 0.93297107942051904     ,  4.5640420595364925E-002) ( 0.94683386404541581     ,  4.9133604605568149E-002)
 ( 0.20375168089684637     ,  3.0811012133478682E-002) (  2.2017450331091508E-009,  3.5619718442409813E-010) (  2.2017453141120986E-009,  3.5619719476786870E-010) (-0.20907250291514790     , -3.3742516367951066E-002)
   7.9517050000000005        1.2500000000000000     
 ( 0.95093658063640452     ,  4.6969512526627837E-002) ( 0.96506403559746456     ,  5.0585825288507309E-002)
 ( 0.20180584010215000     ,  3.1331116253774931E-002) (  2.1819457301073549E-009,  3.6276927885069688E-010) (  2.1819460307320038E-009,  3.6276929000376995E-010) (-0.20713321730702616     , -3.4351457620582414E-002)
   8.0016999999999996        1.2500000000000000     
 ( 0.96913356799310779     ,  4.8326743517854161E-002) ( 0.98352833048536792     ,  5.2069307432103966E-002)
 ( 0.19972335689748805     ,  3.1842474378578386E-002) (  2.1606935264403107E-009,  3.6927397553377405E-010) (  2.1606938523281055E-009,  3.6927398782359123E-010) (-0.20505411446231347     , -3.4952964006817286E-002)
   8.0516949999999987        1.2500000000000000     
 ( 0.98756358600043248     ,  4.9712552421473204E-002) (  1.0022283605811162     ,  5.3584534633570186E-002)
 ( 0.19750331665047474     ,  3.2344231653867551E-002) (  2.1379777519806044E-009,  3.7570236230108600E-010) (  2.1379780796492996E-009,  3.7570237567251856E-010) (-0.20283423069686152     , -3.5546143651363063E-002)
   8.1016899999999996        1.2500000000000000     
 (  1.0062282692562230     ,  5.1127389696002661E-002) (  1.0211657283979689     ,  5.5131987429541555E-002)
 ( 0.19514500529683435     ,  3.2835513991519967E-002) (  2.1137904650356444E-009,  3.8204518988885569E-010) (  2.1137908091450531E-009,  3.8204520445103366E-010) (-0.20047279640577700     , -3.6130075345183615E-002)
   8.1516849999999987        1.2500000000000000     
 (  1.0251293300228681     ,  5.2571719678669665E-002) (  1.0403419798522524     ,  5.6712173704872096E-002)
 ( 0.19264778419148282     ,  3.3315438567848299E-002) (  2.0881235687098820E-009,  3.8829320169075608E-010) (  2.0881239354543483E-009,  3.8829321752714819E-010) (-0.19796903477130526     , -3.6703832506716286E-002)
   8.2016799999999996        1.2500000000000000     
 (  1.0442682989076570     ,  5.4046008135806081E-002) (  1.0597587533170574     ,  5.8325595149625306E-002)
 ( 0.19001104241465414     ,  3.3783093537892717E-002) (  2.0609681907845285E-009,  3.9443676292518406E-010) (  2.0609685622170793E-009,  3.9443678038073910E-010) (-0.19532214749967122     , -3.7266454751953934E-002)
   8.2516749999999988        1.2500000000000000     
 (  1.0636468582214893     ,  5.5550735728753818E-002) (  1.0794176357637750     ,  5.9972775893073274E-002)
 ( 0.18723426971326534     ,  3.4237557658545172E-002) (  2.0323199172882951E-009,  4.0046618459571721E-010) (  2.0323203035802817E-009,  4.0046620334837128E-010) (-0.19253168888923677     , -3.7816974257791805E-002)
   8.3016699999999997        1.2500000000000000     
 (  1.0832666442467429     ,  5.7086400003063406E-002) (  1.0993203400642484     ,  6.1654245609798930E-002)
 ( 0.18431709357509232     ,  3.4677899253650793E-002) (  2.0021727220813196E-009,  4.0637155120499576E-010) (  2.0021731322836058E-009,  4.0637157160741503E-010) (-0.18959713480237397     , -3.8354401331724207E-002)
   8.3516649999999988        1.2500000000000000     
 (  1.1031292676462114     ,  5.8653504554838538E-002) (  1.1194683447700289     ,  6.3370539177035917E-002)
 ( 0.18125918997977905     ,  3.5103167577260612E-002) (  1.9705221303515258E-009,  4.1214268694176400E-010) (  1.9705225549915423E-009,  4.1214270895441301E-010) (-0.18651803966366898     , -3.8877719695976122E-002)
   8.4016599999999997        1.2500000000000000     
 (  1.1232364076700434     ,  6.0252558463055265E-002) (  1.1398632970483960     ,  6.5122216131707558E-002)
 ( 0.17806033959851214     ,  3.5512391808352077E-002) (  1.9373640600496667E-009,  4.1776941874927189E-010) (  1.9373644903513983E-009,  4.1776944312557498E-010) (-0.18329407431849681     , -3.9385915659473324E-002)
   8.4516549999999988        1.2500000000000000     
 (  1.1435896313552958     ,  6.1884097251375059E-002) (  1.1605068880532370     ,  6.6909835073552582E-002)
 ( 0.17472038408045276     ,  3.5904603241776696E-002) (  1.9026978849639978E-009,  4.2324125990941944E-010) (  1.9026983591130173E-009,  4.2324128627163118E-010) (-0.17992515543873719     , -3.9877941406747247E-002)
   8.5016499999999997        1.2500000000000000     
 (  1.1641906191498064     ,  6.3548655774422508E-002) (  1.1814006328765738     ,  6.8733969967416389E-002)
 ( 0.17123932460751706     ,  3.6278806788854402E-002) (  1.8665200601721608E-009,  4.2854759769989164E-010) (  1.8665205109941585E-009,  4.2854762627751950E-010) (-0.17641099387385278     , -4.0352739711052021E-002)
   8.5516450000000006        1.2500000000000000     
 (  1.1850409915908349     ,  6.5246784284064774E-002) (  1.2025462012437742     ,  7.0595211011969833E-002)
 ( 0.16761715440762370     ,  3.6633999861031934E-002) (  1.8288320508496857E-009,  4.3367776076706784E-010) (  1.8288325195569352E-009,  4.3367779175440787E-010) (-0.17275174846241695     , -4.0809245760803310E-002)
   8.6016399999999980        1.2500000000000000     
 (  1.2061424615882084     ,  6.6979050959995221E-002) (  1.2239452249341936     ,  7.2494152784653210E-002)
 ( 0.16385418095634557     ,  3.6969176755827178E-002) (  1.7896327185991298E-009,  4.3862080241509129E-010) (  1.7896332502113510E-009,  4.3862083594429050E-010) (-0.16894737352520642     , -4.1246367814672710E-002)
   8.6516349999999989        1.2500000000000000     
 (  1.2274965567686527     ,  6.8746026372901226E-002) (  1.2455992482259635     ,  7.4431398518209430E-002)
 ( 0.15995048152922911     ,  3.7283310667058998E-002) (  1.7489242576845622E-009,  4.4336565439090196E-010) (  1.7489247856251381E-009,  4.4336569059870379E-010) (-0.16499805692645605     , -4.1663001515043228E-002)
   8.7016299999999980        1.2500000000000000     
 (  1.2491050939995827     ,  7.0548301641124467E-002) (  1.2675099734769881     ,  7.6407583251146133E-002)
 ( 0.15590658408380961     ,  3.7575369924008152E-002) (  1.7067096830020382E-009,  4.4790128654350539E-010) (  1.7067102211829261E-009,  4.4790132578324386E-010) (-0.16090413305525075     , -4.2058051437997825E-002)
   8.7516249999999989        1.2500000000000000     
 (  1.2709695025262266     ,  7.2386479260609288E-002) (  1.2896789938477686     ,  7.8423338907944812E-002)
 ( 0.15172287545572144     ,  3.7844319625956885E-002) (  1.6629918863062969E-009,  4.5221644587007918E-010) (  1.6629924330182544E-009,  4.5221648869831477E-010) (-0.15666596236037084     , -4.2430393460603358E-002)
   8.8016199999999980        1.2500000000000000     
 (  1.2930915136018930     ,  7.4261175806643390E-002) (  1.3121078060720377     ,  8.0479301485734164E-002)
 ( 0.14739985943480152     ,  3.8089114517758704E-002) (  1.6177756760407914E-009,  4.5629965485448536E-010) (  1.6177762329543485E-009,  4.5629970095659889E-010) (-0.15228398547893157     , -4.2778884002107227E-002)
   8.8516149999999989        1.2500000000000000     
 (  1.3154728418997990     ,  7.6173013865066766E-002) (  1.3347981713420443     ,  8.2576145393938746E-002)
 ( 0.14293839062344688     ,  3.8308698715768801E-002) (  1.5710688241717224E-009,  4.6013958389599945E-010) (  1.5710693943145373E-009,  4.6013963414818812E-010) (-0.14775898048720201     , -4.3102395810318973E-002)
   8.9016099999999980        1.2500000000000000     
 (  1.3381150078851221     ,  7.8122637404846318E-002) (  1.3577515514936718     ,  8.4714524560737609E-002)
 ( 0.13833906395383086     ,  3.8502018037801226E-002) (  1.5228748731398644E-009,  4.6372450877896794E-010) (  1.5228754544291558E-009,  4.6372456293446905E-010) (-0.14309141500720107     , -4.3399764486642428E-002)
   8.9516049999999989        1.2500000000000000     
 (  1.3610196668069574     ,  8.0110697421781896E-002) (  1.3809697137112051     ,  8.6895137697746039E-002)
 ( 0.13360281599113175     ,  3.8668009122608066E-002) (  1.4732047254319724E-009,  4.6704297833330408E-010) (  1.4732053051407429E-009,  4.6704303729587375E-010) (-0.13828228426386271     , -4.3669849327822842E-002)
   9.0015999999999980        1.2500000000000000     
 (  1.3841884912571216     ,  8.2137861883687865E-002) (  1.4044540833547101     ,  8.9118675464336730E-002)
 ( 0.12873070431362182     ,  3.8805608640315729E-002) (  1.4220656616831150E-009,  4.7008319243106938E-010) (  1.4220662858739729E-009,  4.7008325600657294E-010) (-0.13333241778189994     , -4.3911475116041716E-002)
   9.0515949999999989        1.2500000000000000     
 (  1.4076230592657342     ,  8.4204810226537835E-002) (  1.4282063957224633     ,  9.1385844200152597E-002)
 ( 0.12372371458513488     ,  3.8913752357003124E-002) (  1.3694695523005670E-009,  4.7283341491430225E-010) (  1.3694701829380984E-009,  4.7283348352872520E-010) (-0.12824287913233656     , -4.4123478515426570E-002)
   9.1015899999999981        1.2500000000000000     
 (  1.4313249752150878     ,  8.6312229116873057E-002) (  1.4522281921093776     ,  9.3697370041135944E-002)
 ( 0.11858312222323639     ,  3.8991367198082258E-002) (  1.3154267408936880E-009,  4.7528186595078484E-010) (  1.3154273720514540E-009,  4.7528193897280701E-010) (-0.12301482094467266     , -4.4304688976667825E-002)
   9.1515849999999990        1.2500000000000000     
 (  1.4552959820087668     ,  8.8460838716141285E-002) (  1.4765210233746189     ,  9.6053984228058206E-002)
 ( 0.11331025670824474     ,  3.9037399787975324E-002) (  1.2599493140021360E-009,  4.7741672207783154E-010) (  1.2599499417328968E-009,  4.7741680136559124E-010) (-0.11764947669415135     , -4.4453932112127156E-002)
   9.2015799999999981        1.2500000000000000     
 (  1.4795375558665198     ,  9.0651340392480795E-002) (  1.5010865117726093     ,  9.8456430698668301E-002)
 ( 0.10790648849521488     ,  3.9050771501227342E-002) (  1.2030530000901197E-009,  4.7922613688733805E-010) (  1.2030536611825668E-009,  4.7922622198736390E-010) (-0.11214826695899913     , -4.4570034419100957E-002)
   9.2515749999999990        1.2500000000000000     
 (  1.5040513763572372     ,  9.2884477362012663E-002) (  1.5259262235228472     , 0.10090546854344078     )
 ( 0.10237333716243774     ,  3.9030430244939435E-002) (  1.1447503256974647E-009,  4.8069815168657664E-010) (  1.1447509875746306E-009,  4.8069824323981740E-010) (-0.10651258679264866     , -4.4651808438068409E-002)
   9.3015699999999981        1.2500000000000000     
 (  1.5288389708598815     ,  9.5160987298036306E-002) (  1.5510416764770516     , 0.10340187139773921     )
 (  9.6712533897285402E-002,  3.8975315625614612E-002) (  1.0850593162378836E-009,  4.8182104787070560E-010) (  1.0850599464136864E-009,  4.8182114657693674E-010) (-0.10074410292783254     , -4.4698096124861524E-002)
   9.3515649999999990        1.2500000000000000     
 (  1.5539019943055394     ,  9.7481627766673379E-002) (  1.5764344264658856     , 0.10594642454809808     )
 (  9.0925697436536487E-002,  3.8884372637308512E-002) (  1.0239948099677054E-009,  4.8258297979044128E-010) (  1.0239954508072741E-009,  4.8258308689053245E-010) ( -9.4844456934113294E-002, -4.4707725063967425E-002)
   9.4015599999999999        1.2500000000000000     
 (  1.5792419919069161     ,  9.9847164356777832E-002) (  1.6021061440766100     , 0.10853991095292681     )
 (  8.5014841205284977E-002,  3.8756553235161570E-002) (  9.6157771879657409E-010,  4.8297203914756332E-010) (  9.6157836309672189E-010,  4.8297215317248529E-010) ( -8.8815578747580615E-002, -4.4679516643903544E-002)
   9.4515549999999990        1.2500000000000000     
 (  1.6048605995376679     , 0.10225838232882169     ) (  1.6280582207802829     , 0.11118313848373144     )
 (  7.8981832286960055E-002,  3.8590830736010294E-002) (  8.9782485862413306E-010,  4.8297646848106790E-010) (  8.9782552654344800E-010,  4.8297659230186986E-010) ( -8.2659250467768994E-002, -4.4612310125786217E-002)
   9.5015499999999999        1.2500000000000000     
 (  1.6307593617694200     , 0.10471607516740972     ) (  1.6542922792907919     , 0.11387692387838654     )
 (  7.2828754436497015E-002,  3.8386171997966789E-002) (  8.3275955771476066E-010,  4.8258456155690161E-010) (  8.3276016869434603E-010,  4.8258469282437740E-010) ( -7.6377753673267865E-002, -4.4504950596271915E-002)
   9.5515449999999991        1.2500000000000000     
 (  1.6569397613454622     , 0.10722103897844362     ) (  1.6808098374762157     , 0.11662210101299098     )
 (  6.6557820973097384E-002,  3.8141555018375031E-002) (  7.6640162383164736E-010,  4.8178473531796726E-010) (  7.6640226556537817E-010,  4.8178487743390003E-010) ( -6.9973004469592412E-002, -4.4356300290857950E-002)
   9.6015400000000000        1.2500000000000000     
 (  1.6834034284624086     , 0.10977409190846329     ) (  1.7076123502256018     , 0.11941949958571764     )
 (  6.0171435118877709E-002,  3.7855979136744322E-002) (  6.9877523432060556E-010,  4.8056537934865847E-010) (  6.9877596187200582E-010,  4.8056553139638114E-010) ( -6.3447417719863328E-002, -4.4165210054217481E-002)
   9.6515349999999991        1.2500000000000000     
 (  1.7101519332959665     , 0.11237606224186319     ) (  1.7347013985782391     , 0.12226997565718854     )
 (  5.3671912280277331E-002,  3.7528450378211807E-002) (  6.2990297098978122E-010,  4.7891506024432512E-010) (  6.2990361608296020E-010,  4.7891522309140809E-010) ( -5.6803363272832121E-002, -4.3930565591810244E-002)
   9.7015300000000000        1.2500000000000000     
 (  1.7371867692090293     , 0.11502777742520424     ) (  1.7620784221092052     , 0.12517437521542996     )
 (  4.7061783683495360E-002,  3.7157989241289442E-002) (  5.5981315251746073E-010,  4.7682232034859232E-010) (  5.5981372326638112E-010,  4.7682249602695979E-010) ( -5.0043398150301954E-002, -4.3651238391949350E-002)
   9.7515249999999991        1.2500000000000000     
 (  1.7645094088828792     , 0.11773009752993290     ) (  1.7897449684521871     , 0.12813357779944770     )
 (  4.0343733202331658E-002,  3.6743644660943008E-002) (  4.8852920825970811E-010,  4.7427608023981874E-010) (  4.8852973691082271E-010,  4.7427626792130574E-010) ( -4.3170102100803548E-002, -4.3326141457557789E-002)
   9.8015200000000000        1.2500000000000000     
 (  1.7921214117367359     , 0.12048384387320575     ) (  1.8177024040800620     , 0.13114844005649706     )
 (  3.3520519258620166E-002,  3.6284506268932537E-002) (  4.1609288758626723E-010,  4.7126684297195360E-010) (  4.1609254307121982E-010,  4.7126684901784234E-010) ( -3.6186135921145043E-002, -4.2954185024036230E-002)
   9.8515149999999991        1.2500000000000000     
 (  1.8200243339550499     , 0.12328993693426724     ) (  1.8459522742430923     , 0.13421986937698094     )
 (  2.6594926547075539E-002,  3.5779582663136203E-002) (  3.4250859220488344E-010,  4.6778045822380913E-010) (  3.4250822745077397E-010,  4.6778046446729487E-010) ( -2.9094584302126126E-002, -4.2534302424734459E-002)
   9.9015100000000000        1.2500000000000000     
 (  1.8482195870143525     , 0.12614922887291702     ) (  1.8744960756117803     , 0.13734875053091630     )
 (  1.9569950667664347E-002,  3.5228009771690133E-002) (  2.6781667243250379E-010,  4.6380778868837533E-010) (  2.6781628517316763E-010,  4.6380779509089534E-010) ( -2.1898177631001322E-002, -4.2065458446956222E-002)
   9.9515049999999992        1.2500000000000000     
 (  1.8767087139500500     , 0.12906259567779399     ) (  1.9033350829447999     , 0.14053597797264805     )
 (  1.2448651482023163E-002,  3.4628904044831814E-002) (  1.9205096950184524E-010,  4.5933818882228898E-010) (  1.9205055768528037E-010,  4.5933819550918215E-010) ( -1.4600187498570397E-002, -4.1546610083031912E-002)
   10.001500000000000        1.2500000000000000     
 (  1.9054931037417859     , 0.13203093384351547     ) (  1.9324708911562933     , 0.14378246968496541     )
 (  5.2343030907659547E-003,  3.3981410136675411E-002) (  1.1524196940997946E-010,  4.5436134623408416E-010) (  1.1524152881432925E-010,  4.5436135304681270E-010) ( -7.2036655776606387E-003, -4.0976767592022713E-002)
   10.051494999999999        1.2500000000000000     
 (  1.9345742839922870     , 0.13505514081399736     ) (  1.9619047877375153     , 0.14708913430978374     )
 ( -2.0698941106326901E-003,  3.3284702533799136E-002) (  3.7422429073508082E-011,  4.4886714427729915E-010) (  3.7421966990542343E-011,  4.4886715108695740E-010) (  2.8807017369103722E-004, -4.0354944633953872E-002)
   10.101490000000000        1.2500000000000000     
 (  1.9639535670459836     , 0.13813612600537459     ) (  1.9916382394439636     , 0.15045689317489572     )
 ( -9.4605626826345136E-003,  3.2537980497510346E-002) ( -4.1371587582329044E-011,  4.4284561943768040E-010) ( -4.1372075638754780E-011,  4.4284562640271249E-010) (  7.8714960960739044E-003, -3.9680189124192376E-002)
   10.151484999999999        1.2500000000000000     
 (  1.9936324955785334     , 0.14127479245171207     ) (  2.0216726135914826     , 0.15388666976470114     )
 ( -1.6934109344537058E-002,  3.1740468279023451E-002) ( -1.2110383576400916E-010,  4.3628717253371585E-010) ( -1.2110435174798992E-010,  4.3628717974981778E-010) (  1.5543119351923339E-002, -3.8951581159867396E-002)
   10.201479999999998        1.2500000000000000     
 (  2.0236125352081960     , 0.14447205983320874     ) (  2.0520092262587775     , 0.15737939695635994     )
 ( -2.4487060273929842E-002,  3.0891422081776140E-002) ( -2.0173867747643031E-010,  4.2918240312599314E-010) ( -2.0173921912720749E-010,  4.2918241016220272E-010) (  2.3299338364940341E-002, -3.8168214498962787E-002)
   10.251474999999999        1.2500000000000000     
 (  2.0538949083152818     , 0.14772886828430284     ) (  2.0826494966362818     , 0.16093600980603315     )
 ( -3.2115589755537952E-002,  2.9990142997422937E-002) ( -2.8323883803276619E-010,  4.2152220156054694E-010) ( -2.8323941290729941E-010,  4.2152220865999810E-010) (  3.1136497768310099E-002, -3.7329230833497630E-002)
   10.301469999999998        1.2500000000000000     
 (  2.0844810686187003     , 0.15104611881828853     ) (  2.1135947336390544     , 0.16455745261466423     )
 ( -3.9816022559089871E-002,  2.9035935449028896E-002) ( -3.6556415325027884E-010,  4.1329782128619711E-010) ( -3.6556474057853482E-010,  4.1329783695364099E-010) (  3.9050602003283599E-002, -3.6433798413759620E-002)
   10.351464999999999        1.2500000000000000     
 (  2.1153725098752765     , 0.15442476488828008     ) (  2.1448463019382871     , 0.16824466218933493     )
 ( -4.7584275882444890E-002,  2.8028172857836178E-002) ( -4.4867414434306678E-010,  4.0450075177954062E-010) ( -4.4867479330561442E-010,  4.0450075905259016E-010) (  4.7037773100855530E-002, -3.5481113686176173E-002)
   10.401459999999998        1.2500000000000000     
 (  2.1465704101844940     , 0.15786573663047995     ) (  2.1764055165336971     , 0.17199857983825323     )
 ( -5.5416499591331360E-002,  2.6966245544669899E-002) ( -5.3253002480765789E-010,  3.9512283651651208E-010) ( -5.3253070402669872E-010,  3.9512284373525897E-010) (  5.5093969656763907E-002, -3.4470423750285147E-002)
   10.451454999999999        1.2500000000000000     
 (  2.1780762311445683     , 0.16136996418610355     ) (  2.2082736616739700     , 0.17582016146254614     )
 ( -6.3308578300420595E-002,  2.5849584559684148E-002) ( -6.1708753290127700E-010,  3.8515630740698244E-010) ( -6.1708823441004433E-010,  3.8515631448008629E-010) (  6.3214974186651507E-002, -3.3400995293143131E-002)
   10.501449999999998        1.2500000000000000     
 (  2.2098912242838686     , 0.16493840182472400     ) (  2.2404519496022681     , 0.17971034229930649     )
 ( -7.1256349579469094E-002,  2.4677673685950273E-002) ( -7.0230380850122210E-010,  3.7459375630149794E-010) ( -7.0230456336026861E-010,  3.7459376324061725E-010) (  7.1396605082660561E-002, -3.2272143189896435E-002)
   10.551444999999999        1.2500000000000000     
 (  2.2420167704542191     , 0.16857197357202250     ) (  2.2729416947473720     , 0.18367007396526125     )
 ( -7.9255326866626216E-002,  2.3450011573403720E-002) ( -7.8813415863750787E-010,  3.6342812308107506E-010) ( -7.8813495772944176E-010,  3.6342813001031959E-010) (  7.9634415059711527E-002, -3.1083230576151772E-002)
   10.601439999999998        1.2500000000000000     
 (  2.2744541561946305     , 0.17227163834990877     ) (  2.3057441474291052     , 0.18770030809972718     )
 ( -8.7301470004757020E-002,  2.2166170659407822E-002) ( -8.7453599409523999E-010,  3.5165274595294003E-010) ( -8.7453682535262749E-010,  3.5165275271327097E-010) (  8.7924057385625851E-002, -2.9833659110288051E-002)
   10.651434999999999        1.2500000000000000     
 (  2.3072046541014055     , 0.17603834029244714     ) (  2.3388606379025596     , 0.19180198075997393     )
 ( -9.5389996707845079E-002,  2.0825748888957222E-002) ( -9.6146031884220945E-010,  3.3926140854605275E-010) ( -9.6146118689638219E-010,  3.3926141483110029E-010) (  9.6260995594380810E-002, -2.8522859447730583E-002)
   10.701429999999998        1.2500000000000000     
 (  2.3402695058225516     , 0.17987300574465809     ) (  2.3722922498469865     , 0.19597604484748046     )
 (-0.10351663765032726     ,  1.9428391278895139E-002) ( -1.0488615514681287E-009,  3.2624842329752251E-010) ( -1.0488624652232351E-009,  3.2624842934668936E-010) ( 0.10464045031262197     , -2.7150341292365800E-002)
   10.751424999999999        1.2500000000000000     
 (  2.3736500406297769     , 0.18377658984382583     ) (  2.4060403472342542     , 0.20022344150524179     )
 (-0.11167653141164463     ,  1.7973793616443339E-002) ( -1.1366919446443016E-009,  3.1260839323561378E-010) ( -1.1366929077757945E-009,  3.1260839880924929E-010) ( 0.11305787077326407     , -2.5715637217254093E-002)
   10.801419999999998        1.2500000000000000     
 (  2.4073473919930004     , 0.18775002878078029     ) (  2.4401059210479668     , 0.20454510900825079     )
 (-0.11986507503027731     ,  1.6461714993579818E-002) ( -1.2249003597811896E-009,  2.9833643708105202E-010) ( -1.2249013782485459E-009,  2.9833644215464455E-010) ( 0.12150829288234552     , -2.4218339265349977E-002)
   10.851414999999999        1.2500000000000000     
 (  2.4413629233104168     , 0.19179425371951297     ) (  2.4744904249025232     , 0.20894196195090406     )
 (-0.12807756424219741     ,  1.4891931323385215E-002) ( -1.3134386043982390E-009,  2.8342805402417999E-010) ( -1.3134396714477298E-009,  2.8342805881296099E-010) ( 0.12998688155495994     , -2.2658061692986651E-002)
   10.901409999999998        1.2500000000000000     
 (  2.4756977843579628     , 0.19591020819330124     ) (  2.5091948071664114     , 0.21341496203891239     )
 (-0.13630904915789388     ,  1.3264306316784475E-002) ( -1.4022568340064989E-009,  2.6787960336975549E-010) ( -1.4022580402771208E-009,  2.6787960724295116E-010) ( 0.13848874081978313     , -2.1034543197831233E-002)
   10.951404999999999        1.2500000000000000     
 (  2.5103531211299677     , 0.20009881383978784     ) (  2.5442202540555536     , 0.21796502627670808     )
 (-0.14455450676984322     ,  1.1578740940309454E-002) ( -1.4913027845711138E-009,  2.5168766152727951E-010) ( -1.4913039837458317E-009,  2.5168766465435615E-010) ( 0.14700870722985968     , -1.9347507739993924E-002)
   11.001399999999999        1.2500000000000000     
 (  2.5453302728322429     , 0.20436100306983443     ) (  2.5795679472957200     , 0.22259304766608415     )
 (-0.15280904468480147     ,  9.8351819269651194E-003) ( -1.5805234977587108E-009,  2.3484921500820086E-010) ( -1.5805247474568598E-009,  2.3484921710560566E-010) ( 0.15554168848594729     , -1.7596762494816166E-002)
   11.051394999999999        1.2500000000000000     
 (  2.5806302717529759     , 0.20869770168776641     ) (  2.6152390238460002     , 0.22729997419970630     )
 (-0.16106749818707070     ,  8.0336552652451754E-003) ( -1.6698665296617447E-009,  2.1736218923773212E-010) ( -1.6698678337029325E-009,  2.1736219030243323E-010) ( 0.16408248967909933     , -1.5782172733693818E-002)
   11.101389999999999        1.2500000000000000     
 (  2.6162543907117497     , 0.21310980849571648     ) (  2.6512346724764804     , 0.23208668527015985     )
 (-0.16932491709904660     ,  6.1742187207756098E-003) ( -1.7592784787973023E-009,  1.9922463103980980E-010) ( -1.7592798211794669E-009,  1.9922463096770889E-010) ( 0.17262574725931362     , -1.3903647588706585E-002)
   11.151384999999999        1.2500000000000000     
 (  2.6522036714087900     , 0.21759824769687786     ) (  2.6875558552278989     , 0.23695408330456835     )
 (-0.17757582736541200     ,  4.2570175783831071E-003) ( -1.8487032897587300E-009,  1.8043554983040701E-010) ( -1.8487047167817446E-009,  1.8043554847493861E-010) ( 0.18116615048415532     , -1.1961189620243128E-002)
   11.201379999999999        1.2500000000000000     
 (  2.6884793522148231     , 0.22216391342047287     ) (  2.7242036646900538     , 0.24190306246103635     )
 (-0.18581515981357596     ,  2.2822196491976963E-003) ( -1.9380864422708686E-009,  1.6099431814832977E-010) ( -1.9380879293977620E-009,  1.6099431559950566E-010) ( 0.18969826875099371     , -9.9548362794631921E-003)
   11.251374999999999        1.2500000000000000     
 (  2.7250825609311038     , 0.22680769673392165     ) (  2.7611793534639166     , 0.24693450123443980     )
 (-0.19403753200873022     ,  2.5009717566957601E-004) ( -2.0273732289721333E-009,  1.4090109812720616E-010) ( -2.0273747905941087E-009,  1.4090109393521260E-010) ( 0.19821674813057999     , -7.8847066067612315E-003)
   11.301369999999999        1.2500000000000000     
 (  2.7620142931484049     , 0.23153049445823504     ) (  2.7984838836417820     , 0.25204927081267980     )
 (-0.20223751364444961     , -1.8390374284882520E-003) ( -2.1165041872949351E-009,  1.2015639409424534E-010) ( -2.1165058300566879E-009,  1.2015638813368243E-010) ( 0.20671591261704025     , -5.7509534503616200E-003)
   11.351364999999999        1.2500000000000000     
 (  2.7992758299883289     , 0.23633317867406134     ) (  2.8361182755977699     , 0.25724821491522221     )
 (-0.21040973552206074     , -3.9848248198373678E-003) ( -2.2054257754885674E-009,  9.8761458454806227E-011) ( -2.2054274690801934E-009,  9.8761450082573576E-011) ( 0.21519027416234554     , -3.5538243487600986E-003)
   11.401359999999999        1.2500000000000000     
 (  2.8368680659345182     , 0.24121662219583767     ) (  2.8740835719702789     , 0.26253219186282906     )
 (-0.21854882453933619     , -6.1868019882421760E-003) ( -2.2940783913220270E-009,  7.6718373597052690E-011) ( -2.2940801496273254E-009,  7.6718363311525963E-011) ( 0.22363410452506841     , -1.2936386940251299E-003)
   11.451355000000000        1.2500000000000000     
 (  2.8747923233382275     , 0.24618167515965822     ) (  2.9123809242145007     , 0.26790206054415289     )
 (-0.22664912914731150     , -8.4444788023122705E-003) ( -2.3824033827533614E-009,  5.4029827077916578E-011) ( -2.3824052274198184E-009,  5.4029814291716089E-011) ( 0.23204171351293251     ,  1.0292246888398524E-003)
   11.501349999999999        1.2500000000000000     
 (  2.9130495560968503     , 0.25122919991660064     ) (  2.9510114683278692     , 0.27335861600191702     )
 (-0.23470517338521457     , -1.0757255864545583E-002) ( -2.4703428995881406E-009,  3.0698832641116388E-011) ( -2.4703448315332266E-009,  3.0698817510295659E-011) ( 0.24040743761093578     ,  3.4143378017947824E-003)
   11.551345000000000        1.2500000000000000     
 (  2.9516408526302520     , 0.25636001873264092     ) (  2.9899759588678982     , 0.27890268051709405     )
 (-0.24271135806916425     , -1.3124515775689540E-002) ( -2.5578386795003042E-009,  6.7296583477846937E-012) ( -2.5578406980315651E-009,  6.7296407181754174E-012) ( 0.24872555287895667     ,  5.8611574366949949E-003)
   11.601339999999999        1.2500000000000000     
 (  2.9905672970895374     , 0.26157498028159543     ) (  3.0292756291158494     , 0.28453506591235517     )
 (-0.25066217222805526     , -1.5545531454161597E-002) ( -2.6448282026532167E-009, -1.7873410842187668E-011) ( -2.6448303025377355E-009, -1.7873431915899299E-011) ( 0.25699011096496110     ,  8.3691211507278210E-003)
   11.651335000000000        1.2500000000000000     
 (  3.0298299476891626     , 0.26687488020758043     ) (  3.0689113730286515     , 0.29025653814134622     )
 (-0.25855178970428977     , -1.8019541165203375E-002) ( -2.7312543845399011E-009, -4.3104895052354601E-011) ( -2.7312565789017407E-009, -4.3104918557944568E-011) ( 0.26519537048279640     ,  1.0937556027082069E-002)
   11.701330000000000        1.2500000000000000     
 (  3.0694298458265217     , 0.27226053816876516     ) (  3.1088841425964140     , 0.29606790034551833     )
 (-0.26637449400503610     , -2.0545660437894089E-002) ( -2.8170543378800972E-009, -6.8958486285486892E-011) ( -2.8170566629664357E-009, -6.8958514949282832E-011) ( 0.27333534524534686     ,  1.3565704527163814E-002)
   11.751324999999998        1.2500000000000000     
 (  3.1093680138874511     , 0.27773274444997492     ) (  3.1491951389279573     , 0.30196988561165961     )
 (-0.27412494491265738     , -2.3122993468051269E-002) ( -2.9021701482504743E-009, -9.5427605622814935E-011) ( -2.9021725233641206E-009, -9.5427638333563019E-011) ( 0.28140421917398067     ,  1.6252786698789594E-002)
   11.801319999999999        1.2500000000000000     
 (  3.1496456232406271     , 0.28329228143072127     ) (  3.1898454741442346     , 0.30796326174933597     )
 (-0.28179725691828739     , -2.5750538142530446E-002) ( -2.9865389919339910E-009, -1.2250457411224340E-010) ( -2.9865414633303481E-009, -1.2250461166546897E-010) ( 0.28939610298706897     ,  1.8997877131498031E-002)
   11.851314999999998        1.2500000000000000     
 (  3.1902635643608717     , 0.28893990419178278     ) (  3.2308357860734733     , 0.31404875051542047     )
 (-0.28938564922916749     , -2.8427232491665438E-002) ( -3.0701003525775937E-009, -1.5018140596270223E-010) ( -3.0701029577384819E-009, -1.5018144760452448E-010) ( 0.29730499776561481     ,  2.1800052896088933E-002)
   11.901309999999999        1.2500000000000000     
 (  3.2312228757243582     , 0.29467639884533497     ) (  3.2721672843155849     , 0.32022707666764505     )
 (-0.29688462566621610     , -3.1151919700423199E-002) ( -3.1527953873835790E-009, -1.7844868462186857E-010) ( -3.1527981046739678E-009, -1.7844873266426461E-010) ( 0.30512515589380446     ,  2.4658238039064310E-002)
   11.951304999999998        1.2500000000000000     
 (  3.2725246847105884     , 0.30050248154812537     ) (  3.3138409680736811     , 0.32649894789812023     )
 (-0.30428822659414562     , -3.3923414616272865E-002) ( -3.2345580347518480E-009, -2.0729679691873962E-010) ( -3.2345608099092369E-009, -2.0729684999058741E-010) ( 0.31285038590187342     ,  2.7571334094440549E-002)
   12.001299999999999        1.2500000000000000     
 (  3.3141700910048404     , 0.30641888691749231     ) (  3.3558579872695327     , 0.33286505188253634     )
 (-0.31159087979342864     , -3.6740430279465323E-002) ( -3.3153296572385912E-009, -2.3671520493370414E-010) ( -3.3153325932341229E-009, -2.3671526498757118E-010) ( 0.32047474717554586     ,  3.0538122611582567E-002)
   12.051294999999998        1.2500000000000000     
 (  3.3561599564308899     , 0.31242635606155927     ) (  3.3982189985728657     , 0.33932605251693593     )
 (-0.31878676286176089     , -3.9601589393143385E-002) ( -3.3950470336497020E-009, -2.6669247198695729E-010) ( -3.3950500747525425E-009, -2.6669253835022025E-010) ( 0.32799234264316357     ,  3.3557346627013429E-002)
   12.101289999999999        1.2500000000000000     
 (  3.3984955815219871     , 0.31852557176328083     ) (  3.4409252284455443     , 0.34588263926939244     )
 (-0.32587031888320517     , -4.2505473729862166E-002) ( -3.4736519587021593E-009, -2.9721664718216623E-010) ( -3.4736551008161819E-009, -2.9721672112139981E-010) ( 0.33539728700674365     ,  3.6627655396095513E-002)
   12.151284999999998        1.2500000000000000     
 (  3.4411775851769018     , 0.32471723393226654     ) (  3.4839776066766568     , 0.35253544310533697     )
 (-0.33283586927323300     , -4.5450580028173121E-002) ( -3.5510808439867245E-009, -3.2827473895502802E-010) ( -3.5510841425429661E-009, -3.2827482110246788E-010) ( 0.34268371355757815     ,  3.9747594005882181E-002)
   12.201279999999999        1.2500000000000000     
 (  3.4842073712977943     , 0.33100202631361375     ) (  3.5273772888327382     , 0.35928508951411753     )
 (-0.33967754203298900     , -4.8435326185180476E-002) ( -3.6272702578535101E-009, -3.5985300603798707E-010) ( -3.6272736100148754E-009, -3.5985309641767030E-010) ( 0.34984535458804228     ,  4.2915662922834011E-002)
   12.251274999999998        1.2500000000000000     
 (  3.5275857898570893     , 0.33738061113081441     ) (  3.5711250630799269     , 0.36613220202749097     )
 (-0.34639000259525882     , -5.1458061880741812E-002) ( -3.7021622654146458E-009, -3.9193704403853469E-010) ( -3.7021657315090583E-009, -3.9193714359556239E-010) ( 0.35687660479862732     ,  4.6130259286461008E-002)
   12.301269999999999        1.2500000000000000     
 (  3.5713141272834878     , 0.34385365330610906     ) (  3.6152221486894853     , 0.37307742021132456     )
 (-0.35296746910488186     , -5.4517045250421343E-002) ( -3.7756922192129891E-009, -4.2451136194992679E-010) ( -3.7756957931787179E-009, -4.2451148374108820E-010) ( 0.36377151465669372     ,  4.9389726170866038E-002)
   12.351264999999998        1.2500000000000000     
 (  3.6153931255537568     , 0.35042179238395255     ) (  3.6596697256394584     , 0.38012128367444065     )
 (-0.35940435512919844     , -5.7610498217579423E-002) ( -3.8478036829793165E-009, -4.5756026337373305E-010) ( -3.8478074332744525E-009, -4.5756038406376734E-010) ( 0.37052429952380117     ,  5.2692293510216009E-002)
   12.401259999999999        1.2500000000000000     
 (  3.6598240097956189     , 0.35708564661507097     ) (  3.7044684010886071     , 0.38726442469427136     )
 (-0.36569517201723151     , -6.0736543141024016E-002) ( -3.9184353771817395E-009, -4.9106676973617387E-010) ( -3.9184394307183482E-009, -4.9106690139641889E-010) ( 0.37712914367863942     ,  5.6036154160807601E-002)
   12.451254999999998        1.2500000000000000     
 (  3.7046077753149227     , 0.36384584931446784     ) (  3.7496195596831368     , 0.39450736378361051     )
 (-0.37183449979928979     , -6.3893225647185206E-002) ( -3.9875236141879435E-009, -5.2501310054935431E-010) ( -3.9875276320040090E-009, -5.2501324485018892E-010) ( 0.38358014341950819     ,  5.9419374948381572E-002)
   12.501249999999999        1.2500000000000000     
 (  3.7497456928671302     , 0.37070300064082140     ) (  3.7951239935881302     , 0.40185068383061717     )
 (-0.37781674610543958     , -6.7078546740889033E-002) ( -4.0550108597285232E-009, -5.5938073249006204E-010) ( -4.0550150055711652E-009, -5.5938090278879907E-010) ( 0.38987156285057500     ,  6.2839985147081112E-002)
   12.551245000000000        1.2500000000000000     
 (  3.7952385523284238     , 0.37765770652667852     ) (  3.8409830797028595     , 0.40929492038334359     )
 (-0.38363662236134771     , -7.0290410666723688E-002) ( -4.1208374720670252E-009, -5.9415084968545767E-010) ( -4.1208417525512692E-009, -5.9415101997809218E-010) ( 0.39599787490420313     ,  6.6295921947105166E-002)
   12.601239999999999        1.2500000000000000     
 (  3.8410871697452946     , 0.38471052330302474     ) (  3.8871976517049407     , 0.41684061606360928     )
 (-0.38928909997962446     , -7.3526675266465905E-002) ( -4.1849788954366024E-009, -6.2930381479018887E-010) ( -4.1849784383696252E-009, -6.2930385766732019E-010) ( 0.40195325749255451     ,  6.9785007769821258E-002)
   12.651235000000000        1.2500000000000000     
 (  3.8872933409957167     , 0.39186206975492804     ) (  3.9337688836567342     , 0.42448827181974136     )
 (-0.39476831801273610     , -7.6785061191878223E-002) ( -4.2473086577501942E-009, -6.6481722728100899E-010) ( -4.2473081825574415E-009, -6.6481727215511757E-010) ( 0.40773244818212478     ,  7.3305071114096079E-002)
   12.701229999999999        1.2500000000000000     
 (  3.9338580566930630     , 0.39911291306636892     ) (  3.9806981070285339     , 0.43223840985078366     )
 (-0.40006929087408194     , -8.0063299618945857E-002) ( -4.3078034504918927E-009, -7.0067047209812372E-010) ( -4.3078029457437062E-009, -7.0067051934459291E-010) ( 0.41332973090659997     ,  7.6853768381724114E-002)
   12.751225000000000        1.2500000000000000     
 (  3.9807821883942567     , 0.40646357322253546     ) (  4.0279860623824941     , 0.44009153745086182     )
 (-0.40518671339485274     , -8.3359037993931392E-002) ( -4.3664040566767411E-009, -7.3684080577848788E-010) ( -4.3664035097248544E-009, -7.3684085538285837E-010) ( 0.41873949880685857     ,  8.0428743253190063E-002)
   12.801219999999999        1.2500000000000000     
 (  4.0280669916751135     , 0.41391465241460074     ) (  4.0756340525016803     , 0.44804813020841749     )
 (-0.41011592134408703     , -8.6669834445144783E-002) ( -4.4230537241721869E-009, -7.7330566027903624E-010) ( -4.4230531442586499E-009, -7.7330571234940863E-010) ( 0.42395661219156572     ,  8.4027569249123121E-002)
   12.851215000000000        1.2500000000000000     
 (  4.0757134857396355     , 0.42146663993436939     ) (  4.1236432708811792     , 0.45610870032938700     )
 (-0.41485173785791918     , -8.9993195309590282E-002) ( -4.4776962836191484E-009, -8.1004054580686834E-010) ( -4.4776956878416372E-009, -8.1004060066045793E-010) ( 0.42897580775976840     ,  8.7647718752860412E-002)
   12.901209999999999        1.2500000000000000     
 (  4.1237230157560498     , 0.42912009671654816     ) (  4.1720148626135352     , 0.46427372091109631     )
 (-0.41938922708644927     , -9.3326531974389490E-002) ( -4.5302822704718240E-009, -8.4702106956038261E-010) ( -4.5302816286459093E-009, -8.4702112716615409E-010) ( 0.43379175821323701     ,  9.1286585761281180E-002)
   12.951205000000000        1.2500000000000000     
 (  4.1720964618066301     , 0.43687555726814614     ) (  4.2207497087585049     , 0.47254363834091334     )
 (-0.42372357667672511     , -9.6667232894717292E-002) ( -4.5807480656821795E-009, -8.8422163285796671E-010) ( -4.5807473867660246E-009, -8.8422169272867492E-010) ( 0.43839935427953175     ,  9.4941496130001898E-002)
   13.001199999999999        1.2500000000000000     
 (  4.2208351460489624     , 0.44473353825586454     ) (  4.2698494779181360     , 0.48091894526809481     )
 (-0.42785012673356004     ,-0.10001263027656751     ) ( -4.6290476626027806E-009, -9.2161647642304397E-010) ( -4.6290469367398875E-009, -9.2161654027204353E-010) ( 0.44279350545261370     ,  9.8609764934201177E-002)
   13.051195000000000        1.2500000000000000     
 (  4.2699403924532344     , 0.45269455678129650     ) (  4.3193152123493386     , 0.48940009562821157     )
 (-0.43176405515721827     ,-0.10335996707495855     ) ( -4.6751269224993081E-009, -9.5917807791935530E-010) ( -4.6751261612884910E-009, -9.5917814408671598E-010) ( 0.44696949328328867     , 0.10228855032084780     )
   13.101189999999999        1.2500000000000000     
 (  4.3194131044538882     , 0.46075912269082769     ) (  4.3691481538745194     , 0.49798754040102322     )
 (-0.43546115955982440     ,-0.10670641206355015     ) ( -4.7189317044862609E-009, -9.9687955769756146E-010) ( -4.7189308905443953E-009, -9.9687962750432245E-010) ( 0.45092219836376402     , 0.10597499024927047     )
   13.151185000000000        1.2500000000000000     
 (  4.3692549710724524     , 0.46892775679490867     ) (  4.4193492801107128     , 0.50668175165193585     )
 (-0.43893692716912369     ,-0.11004912397641096     ) ( -4.7604138399085575E-009, -1.0346921870479724E-009) ( -4.7604129772643116E-009, -1.0346922600921694E-009) ( 0.45464716806427780     , 0.10966616756777652     )
   13.201179999999999        1.2500000000000000     
 (  4.4194668792598772     , 0.47720095300620785     ) (  4.4699202839742735     , 0.51548316852468135     )
 (-0.44218715995140034     ,-0.11338518204472611     ) ( -4.7995223855395899E-009, -1.0725868335765386E-009) ( -4.7995214675581845E-009, -1.0725869098625424E-009) ( 0.45813957610785222     , 0.11335905873196787     )
   13.251175000000000        1.2500000000000000     
 (  4.4700500508976440     , 0.48557924658402335     ) (  4.5208619849667757     , 0.52439227360026952     )
 (-0.44520753939823232     ,-0.11671160821043368     ) ( -4.8362091705145093E-009, -1.1105343662066692E-009) ( -4.8362082007876269E-009, -1.1105344459241799E-009) ( 0.46139485778643446     , 0.11705064818830102     )
   13.301169999999999        1.2500000000000000     
 (  4.5210060075273608     , 0.49406311670807485     ) (  4.5721761625249844     , 0.53340948596555415     )
 (-0.44799383253268654     ,-0.12002536634476108     ) ( -4.8704275582248783E-009, -1.1485037099550062E-009) ( -4.8704265451442854E-009, -1.1485037933766028E-009) ( 0.46440892370262443     , 0.12073775106941831     )
   13.351165000000000        1.2500000000000000     
 (  4.5723358717487326     , 0.50265308957893029     ) (  4.6238639842047062     , 0.54253527979230143     )
 (-0.45054266979193286     ,-0.12332341900053630     ) ( -4.9021355630401839E-009, -1.1864647458678624E-009) ( -4.9021344965676286E-009, -1.1864648333925658E-009) ( 0.46717733532378120     , 0.12441725334256229     )
   13.401159999999999        1.2500000000000000     
 (  4.6240409048842963     , 0.51134966487019107     ) (  4.6759266336227432     , 0.55177011762625705     )
 (-0.45284954619428730     ,-0.12660261834609376     ) ( -4.9312801152442368E-009, -1.2243854864973220E-009) ( -4.9312789681221732E-009, -1.2243855774639979E-009) ( 0.46969603052642983     , 0.12808590499826963     )
   13.451155000000000        1.2500000000000000     
 (  4.6761227498117002     , 0.52015332947088666     ) (  4.7283654516197027     , 0.56111445472791588     )
 (-0.45491135244897468     ,-0.12985981058576801     ) ( -4.9578228541767098E-009, -1.2622337145652345E-009) ( -4.9578216387900424E-009, -1.2622338097722380E-009) ( 0.47196075266500698     , 0.13174040113429267     )
   13.501149999999999        1.2500000000000000     
 (  4.7285823265629467     , 0.52906465574036654     ) (  4.7811821912775878     , 0.57056878746363882     )
 (-0.45672422875515412     ,-0.13309179324615866     ) ( -4.9817195381453970E-009, -1.2999769076367783E-009) ( -4.9817182807262110E-009, -1.2999770069729625E-009) ( 0.47396797694627130     , 0.13537741798687103     )
   13.551145000000000        1.2500000000000000     
 (  4.7814212005227956     , 0.53808412558904062     ) (  4.8343779447978390     , 0.58013354054624022     )
 (-0.45828484960769800     ,-0.13629528558219223     ) ( -5.0029327693291672E-009, -1.3375812898951516E-009) ( -5.0029314229393693E-009, -1.3375813938314853E-009) ( 0.47571385867684357     , 0.13899354684379162     )
   13.601139999999999        1.2500000000000000     
 (  4.8346407676323189     , 0.54721225236515314     ) (  4.8879541258523149     , 0.58980924805265178     )
 (-0.45959008467092810     ,-0.13946705147887636     ) ( -5.0214216828306706E-009, -1.3750136599391269E-009) ( -5.0214202620453279E-009, -1.3750137683642235E-009) ( 0.47719477470568789     , 0.14258540932319361     )
   13.651135000000000        1.2500000000000000     
 (  4.8882423091491631     , 0.55644959373690839     ) (  4.9419123763466066     , 0.59959636604195421     )
 (-0.46063670061859130     ,-0.14260373930432702     ) ( -5.0371480685412873E-009, -1.4122387596030182E-009) ( -5.0371465668073218E-009, -1.4122388730322682E-009) ( 0.47840731688906035     , 0.14614944327351165     )
   13.701129999999999        1.2500000000000000     
 (  4.9422273387553917     , 0.56579666378858096     ) (  4.9962540483579359     , 0.60949539025502641     )
 (-0.46142177384890415     ,-0.14570200735444230     ) ( -5.0500747016811647E-009, -1.4492226482677158E-009) ( -5.0500730537718037E-009, -1.4492227655409636E-009) ( 0.47934825157617728     , 0.14968217229595676     )
   13.751125000000000        1.2500000000000000     
 (  4.9965973874095786     , 0.57525402689712934     ) (  5.0509805695282282     , 0.61950686208075101     )
 (-0.46194262837737388     ,-0.14875848696001553     ) ( -5.0601664117764707E-009, -1.4859294975287219E-009) ( -5.0601647531050043E-009, -1.4859296443483682E-009) ( 0.48001433306071850     , 0.15318005576283830     )
   13.801119999999999        1.2500000000000000     
 (  5.0513535408623857     , 0.58482223707790926     ) (  5.1060934149727943     , 0.62963125994407765     )
 (-0.46219638808924157     ,-0.15176974046879013     ) ( -5.0673917310720669E-009, -1.5223233446375082E-009) ( -5.0673899999177801E-009, -1.5223234708166846E-009) ( 0.48040272885286417     , 0.15663944790265369     )
   13.851115000000000        1.2500000000000000     
 (  5.1064975448217416     , 0.59450184487408320     ) (  5.1615943816726464     , 0.63986918860444408     )
 (-0.46218089022861186     ,-0.15473236772440246     ) ( -5.0717168746734251E-009, -1.5583685220079370E-009) ( -5.0717150590354849E-009, -1.5583686541741782E-009) ( 0.48051062031865416     , 0.16005678162172204     )
   13.901109999999999        1.2500000000000000     
 (  5.1620307594103068     , 0.60429340097632545     ) (  5.2174847277953296     , 0.65022112612180805     )
 (-0.46189381444586458     ,-0.15764288302925761     ) ( -5.0731179595353747E-009, -1.5940280528984205E-009) ( -5.0731160280653174E-009, -1.5940281902943761E-009) ( 0.48033548162748174     , 0.16342831150808634     )
   13.951105000000000        1.2500000000000000     
 (  5.2179547604082739     , 0.61419757147900456     ) (  5.2737660664318780     , 0.66068768923886956     )
 (-0.46133278348835005     ,-0.16049784725006169     ) ( -5.0715601869090234E-009, -1.6292646612414727E-009) ( -5.0715581403710044E-009, -1.6292648034126923E-009) ( 0.47987461097796658     , 0.16675040481645539     )
   14.001100000000001        1.2500000000000000     
 (  5.2742707845516072     , 0.62421488954548909     ) (  5.3304399171923231     , 0.67126941286053776     )
 (-0.46049583734757366     ,-0.16329373844651343     ) ( -5.0670194727281261E-009, -1.6640416777020116E-009) ( -5.0670173214640512E-009, -1.6640418259505432E-009) ( 0.47912585937172991     , 0.17001929462588281     )
   14.051095000000000        1.2500000000000000     
 (  5.3309810035269383     , 0.63434598283029497     ) (  5.3875081395259921     , 0.68196695162143739     )
 (-0.45938151774733466     ,-0.16602708563979787     ) ( -5.0594727768250050E-009, -1.6983209862298847E-009) ( -5.0594705303523506E-009, -1.6983211402890966E-009) ( 0.47808715292616827     , 0.17323131310087184     )
   14.101089999999997        1.2500000000000000     
 (  5.3880861869469880     , 0.64459149431430052     ) (  5.4449720026487656     , 0.69278087835049529     )
 (-0.45798787039156530     ,-0.16869436340496194     ) ( -5.0488964673206991E-009, -1.7320651342095288E-009) ( -5.0488941383707633E-009, -1.7320652935578257E-009) ( 0.47675671655565671     , 0.17638264986482560     )
   14.151084999999997        1.2500000000000000     
 (  5.4455884359201345     , 0.65495204624732473     ) (  5.5028334100928680     , 0.70371180400626521     )
 (-0.45631358725731019     ,-0.17129207820424461     ) ( -5.0352688190169730E-009, -1.7652355949818644E-009) ( -5.0352663832472093E-009, -1.7652357607266601E-009) ( 0.47513253675265282     , 0.17946953493857742     )
   14.201079999999997        1.2500000000000000     
 (  5.5034888310749173     , 0.66542832034110766     ) (  5.5610937617492517     , 0.71476045078221773     )
 (-0.45435748542139953     ,-0.17381669547438292     ) ( -5.0185723316569642E-009, -1.7977939905396531E-009) ( -5.0185697789654616E-009, -1.7977941620244666E-009) ( 0.47321312616874467     , 0.18248818872539277     )
   14.251074999999998        1.2500000000000000     
 (  5.5617891734428113     , 0.67602099220727063     ) (  5.6197548390422893     , 0.72592747723291362     )
 (-0.45211856940661171     ,-0.17626470687944384     ) ( -4.9987873395205669E-009, -1.8297017689513277E-009) ( -4.9987846210562719E-009, -1.8297019463845383E-009) ( 0.47099731290206392     , 0.18543480444707641     )
   14.301069999999998        1.2500000000000000     
 (  5.6204911785803624     , 0.68673077479813383     ) (  5.6788183272637527     , 0.73721355440995906     )
 (-0.44959581657940861     ,-0.17863260747120080     ) ( -4.9759036403097479E-009, -1.8609208829231237E-009) ( -4.9759008104042223E-009, -1.8609210665457273E-009) ( 0.46848376001301223     , 0.18830561249599970     )
   14.351064999999998        1.2500000000000000     
 (  5.6795962886212061     , 0.69755833997047045     ) (  5.7382856476861326     , 0.74861940146575956     )
 (-0.44678864027514531     ,-0.18091688007802859     ) ( -4.9499036725053655E-009, -1.8914115511320474E-009) ( -4.9499006696837638E-009, -1.8914117420620050E-009) ( 0.46567168594774044     , 0.19109673730784332     )
   14.401059999999998        1.2500000000000000     
 (  5.7391062204682211     , 0.70850443067313362     ) (  5.7981588684268175     , 0.76014582691761523     )
 (-0.44369649386579779     ,-0.18311404912903342     ) ( -4.9207792025470676E-009, -1.9211355553027175E-009) ( -4.9207760873389515E-009, -1.9211357520409360E-009) ( 0.46256000306038225     , 0.19380445736136404     )
   14.451054999999998        1.2500000000000000     
 (  5.7990224923676044     , 0.71956983969709398     ) (  5.8584393812837767     , 0.77179351227743365     )
 (-0.44031905932444504     ,-0.18522062640122400     ) ( -4.8885160140083264E-009, -1.9500534476365578E-009) ( -4.8885127993846117E-009, -1.9500536506440604E-009) ( 0.45914839202699731     , 0.19642491699802958     )
   14.501049999999998        1.2500000000000000     
 (  5.8593467118603231     , 0.73075531336755561     ) (  5.9191291636916974     , 0.78356332821204588     )
 (-0.43665638150140468     ,-0.18723316861428749     ) ( -4.8531182001366380E-009, -1.9781269202972461E-009) ( -4.8531147934525642E-009, -1.9781271294425141E-009) ( 0.45543646430272011     , 0.19895434240403573     )
   14.551044999999998        1.2500000000000000     
 (  5.9200805277975457     , 0.74206165069229157     ) (  5.9802296403638922     , 0.79545606331217289     )
 (-0.43270876055900342     ,-0.18914823829244293     ) ( -4.8145728058375913E-009, -2.0053170117171355E-009) ( -4.8145692201617933E-009, -2.0053172281204212E-009) ( 0.45142419117525057     , 0.20138893299221491     )
   14.601039999999998        1.2500000000000000     
 (  5.9812254772012654     , 0.75348967205661332     ) (  6.0417425944750471     , 0.80747255970494947     )
 (-0.42847598853150992     ,-0.19096239286694824     ) ( -4.7728734643103935E-009, -2.0315838415623823E-009) ( -4.7728697027458573E-009, -2.0315840641612367E-009) ( 0.44711104881964758     , 0.20372495090587786     )
   14.651034999999998        1.2500000000000000     
 (  6.0427835742227618     , 0.76504019575849624     ) (  6.1036698517093466     , 0.81961365054951663     )
 (-0.42395876868818722     ,-0.19267227748383808     ) ( -4.7280288534239341E-009, -2.0568891839059936E-009) ( -4.7280249557634528E-009, -2.0568894130023033E-009) ( 0.44249804182357078     , 0.20595857183274738     )
   14.701029999999998        1.2500000000000000     
 (  6.1047559151217037     , 0.77671409611775766     ) (  6.1660128351915917     , 0.83188034320625981     )
 (-0.41915792285277004     ,-0.19427453327464023     ) ( -4.6800370562364941E-009, -2.0811949376729242E-009) ( -4.6800329348772137E-009, -2.0811951740038040E-009) ( 0.43758528325615148     , 0.20808617978620131     )
   14.751024999999998        1.2500000000000000     
 (  6.1671444794412293     , 0.78851230825069329     ) (  6.2287738029010793     , 0.84427348705573280     )
 (-0.41407443853404624     ,-0.19576588194790515     ) ( -4.6288964667979576E-009, -2.1044620384943170E-009) ( -4.6288921895527684E-009, -2.1044622805612435E-009) ( 0.43237321390788502     , 0.21010397357024979     )
   14.801019999999998        1.2500000000000000     
 (  6.2299509423449777     , 0.80043564379938281     ) (  6.2919540522549964     , 0.85679401022129031     )
 (-0.40870916156011061     ,-0.19714298010821030     ) ( -4.5746253430888052E-009, -2.1266518493052895E-009) ( -4.5746208831098524E-009, -2.1266520986161121E-009) ( 0.42686319787736826     , 0.21200831941448736     )
   14.851014999999999        1.2500000000000000     
 (  6.2931767744688925     , 0.81248513368463915     ) (  6.3555556184232112     , 0.86944298252885721     )
 (-0.40306373819089725     ,-0.19840270512134758     ) ( -4.5172193369665159E-009, -2.1477274942719219E-009) ( -4.5172146315795900E-009, -2.1477277496608771E-009) ( 0.42105594221339399     , 0.21379557634229795     )
   14.901009999999998        1.2500000000000000     
 (  6.3568238089383700     , 0.82466166019996390     ) (  6.4195797799195944     , 0.88222134017602638     )
 (-0.39713938076416333     ,-0.19954173200642322     ) ( -4.4566966919254350E-009, -2.1676506246731982E-009) ( -4.4566915843227833E-009, -2.1676508876129285E-009) ( 0.41495292179133558     , 0.21546214103171460     )
   14.951004999999999        1.2500000000000000     
 (  6.4208935377929395     , 0.83696621574276087     ) (  6.4840288560088331     , 0.89513019419699802     )
 (-0.39093824053309906     ,-0.20055702590478769     ) ( -4.3930672938221073E-009, -2.1863833177439513E-009) ( -4.3930622007732948E-009, -2.1863835861857392E-009) ( 0.40855584453788374     , 0.21700446584798569     )
   15.000999999999998        1.2500000000000000     
 (  6.4853876979586023     , 0.84939983270668840     ) (  6.5489041054848967     , 0.90817052374048524     )
 (-0.38446168188252355     ,-0.20144550376770848     ) ( -4.3263479280243847E-009, -2.2038886209108698E-009) ( -4.3263425899166900E-009, -2.2038888952703636E-009) ( 0.40186610791680366     , 0.21841896518130882     )
   15.050994999999999        1.2500000000000000     
 (  6.5503079101541415     , 0.86196352111708507     ) (  6.6142072656464013     , 0.92134351740793352     )
 (-0.37771238489464104     ,-0.20220410479334852     ) ( -4.2565548414891073E-009, -2.2201312050342082E-009) ( -4.2565492731722075E-009, -2.2201314850570727E-009) ( 0.39488591828477565     , 0.21970224180483031     )
   15.100989999999998        1.2500000000000000     
 (  6.6156556685124901     , 0.87465834631102979     ) (  6.6799403088654659     , 0.93465025511437339     )
 (-0.37069245363535597     ,-0.20282993444178071     ) ( -4.1837031223519811E-009, -2.2350734778702002E-009) ( -4.1836973405303014E-009, -2.2350737654508506E-009) ( 0.38761746301399380     , 0.22085087030469680     )
   15.150984999999999        1.2500000000000000     
 (  6.6814331701980167     , 0.88748533248267569     ) (  6.7461047565542716     , 0.94809186971472381     )
 (-0.36340452181959304     ,-0.20332006125490690     ) ( -4.1078224262215881E-009, -2.2486808802336983E-009) ( -4.1078163957682611E-009, -2.2486811728480782E-009) ( 0.38006304057043377     , 0.22186146409797669     )
   15.200979999999998        1.2500000000000000     
 (  6.7476412671366832     , 0.90044565487375416     ) (  6.8127021131663126     , 0.96166960925648359     )
 (-0.35585126311207466     ,-0.20367163573502858     ) ( -4.0289340520262597E-009, -2.2609165937268891E-009) ( -4.0289277963532587E-009, -2.2609168929281297E-009) ( 0.37222528583719033     , 0.22273071154330826     )
   15.250974999999999        1.2500000000000000     
 (  6.8142819925537426     , 0.91354035212136298     ) (  6.8797345100357123     , 0.97538461859330006     )
 (-0.34803580842729387     ,-0.20388198006324953     ) ( -3.9470631772786497E-009, -2.2717476688880396E-009) ( -3.9470566598904393E-009, -2.2717479729032000E-009) ( 0.36410723983850568     , 0.22345542094497364     )
   15.300969999999998        1.2500000000000000     
 (  6.8813570184145414     , 0.92677063751147071     ) (  6.9472033315193364     , 0.98923815349562605     )
 (-0.33996124707309994     ,-0.20394837661626686     ) ( -3.8622370230071118E-009, -2.2811390831904644E-009) ( -3.8622301904015408E-009, -2.2811393909845871E-009) ( 0.35571163144417345     , 0.22403233008878129     )
   15.350964999999999        1.2500000000000000     
 (  6.9488677734013731     , 0.94013762129801093     ) (  7.0151101520942190     ,  1.0032314796398740     )
 (-0.33163106467242759     ,-0.20386821577244846     ) ( -3.7744846135202400E-009, -2.2890574987337358E-009) ( -3.7744775543918274E-009, -2.2890578075435552E-009) ( 0.34704187245451540     , 0.22445842910743422     )
   15.400959999999998        1.2500000000000000     
 (  7.0168158813587773     , 0.95364257868167257     ) (  7.0834569024032108     ,  1.0173658646875601     )
 (-0.32304852765713510     ,-0.20363905375483771     ) ( -3.6838479991376713E-009, -2.2954706218564568E-009) ( -3.6838406013765325E-009, -2.2954709433308344E-009) ( 0.33810169297879539     , 0.22473062414859363     )
   15.450954999999999        1.2500000000000000     
 (  7.0852030891631106     , 0.96728663481323207     ) (  7.1522450195071148     ,  1.0316427003911974     )
 (-0.31421787796673278     ,-0.20325841861190336     ) ( -3.5903587015348435E-009, -2.3003469996264420E-009) ( -3.5903510171937936E-009, -2.3003473211974675E-009) ( 0.32889441996415347     , 0.22484606276154837     )
   15.500949999999998        1.2500000000000000     
 (  7.1540306359617567     , 0.98107102736654295     ) (  7.2214761251549238     ,  1.0460632345400467     )
 (-0.30514274572663397     ,-0.20272395499762647     ) ( -3.4940547954646430E-009, -2.3036542578807227E-009) ( -3.4940468518685441E-009, -2.3036545820767814E-009) ( 0.31942420167448371     , 0.22480177117081582     )
   15.550944999999999        1.2500000000000000     
 (  7.2233004760182125     , 0.99499704129174282     ) (  7.2911516761322668     ,  1.0606288607640391     )
 (-0.29582764036876125     ,-0.20203350883281510     ) ( -3.3949695844989718E-009, -2.3053626631043810E-009) ( -3.3949613522993723E-009, -2.3053629912056785E-009) ( 0.30969508014612657     , 0.22459502641094628     )
   15.600939999999998        1.2500000000000000     
 (  7.2930132214708916     ,  1.0090659837862346     ) (  7.3612733819219320     ,  1.0753410238196175     )
 (-0.28627604694128234     ,-0.20118488085062455     ) ( -3.2931033033296579E-009, -2.3054454083892421E-009) ( -3.2931035724232187E-009, -2.3054453115923576E-009) ( 0.29971145845374719     , 0.22422313747348993     )
   15.650934999999999        1.2500000000000000     
 (  7.3631717452896286     ,  1.0232791075392975     ) (  7.4318429249915035     ,  1.0902010872840595     )
 (-0.27649392199559952     ,-0.20017608478768995     ) ( -3.1885955901111838E-009, -2.3038682318433947E-009) ( -3.1885958764211818E-009, -2.3038681301504277E-009) ( 0.28947786175187579     , 0.22368351574184009     )
   15.700930000000000        1.2500000000000000     
 (  7.4337768777832940     ,  1.0376377020684486     ) (  7.5028615752514529     ,  1.1052104235883438     )
 (-0.26648532077849818     ,-0.19900512691474984     ) ( -3.0814444121634575E-009, -2.3006068025449992E-009) ( -3.0814447255164270E-009, -2.3006066942534834E-009) ( 0.27899910040045778     , 0.22297362854182745     )
   15.750924999999999        1.2500000000000000     
 (  7.5048304307235361     ,  1.0521431489512312     ) (  7.5743312046602460     ,  1.1203705487484814     )
 (-0.25625548906776430     ,-0.19767021792864087     ) ( -2.9716998050597901E-009, -2.2956333777326194E-009) ( -2.9717001512780830E-009, -2.2956332636306813E-009) ( 0.26828025254905052     , 0.22209111506123586     )
   15.800920000000000        1.2500000000000000     
 (  7.5763333969301110     ,  1.0667967535145479     ) (  7.6462528919957959     ,  1.1356829952968921     )
 (-0.24580918731692147     ,-0.19616963421056408     ) ( -2.8594132172825008E-009, -2.2889229226785694E-009) ( -2.8594135925261635E-009, -2.2889228024248577E-009) ( 0.25732642392615079     , 0.22103369872183667     )
   15.850914999999999        1.2500000000000000     
 (  7.6482875687226617     ,  1.0815999246970811     ) (  7.7186281010890303     ,  1.1511491186567835     )
 (-0.23515205796909777     ,-0.19450177963480997     ) ( -2.7446366421537567E-009, -2.2804497802665227E-009) ( -2.7446370404678862E-009, -2.2804496535899670E-009) ( 0.24614269517659298     , 0.21979915711753445     )
   15.900910000000000        1.2500000000000000     
 (  7.7206939711561011     ,  1.0965540125038669     ) (  7.7914586127812555     ,  1.1667705428809203     )
 (-0.22428941760505375     ,-0.19266519000865573     ) ( -2.6274268437758899E-009, -2.2701918949736976E-009) ( -2.6274272707722479E-009, -2.2701917614386304E-009) ( 0.23473517440042127     , 0.21838545502687073     )
   15.950904999999999        1.2500000000000000     
 (  7.7935546587254043     ,  1.1116603917103469     ) (  7.8647456186391080     ,  1.1825487543019897     )
 (-0.21322727274888542     ,-0.19065843949426359     ) ( -2.5078406542371244E-009, -2.2581258247245570E-009) ( -2.5078411341316689E-009, -2.2581256835889110E-009) ( 0.22310936281237492     , 0.21679064832339190     )
   16.000900000000001        1.2500000000000000     
 (  7.8668705685676379     ,  1.1269205480054802     ) (  7.9384902641391566     ,  1.1984852555434113     )
 (-0.20197108935290720     ,-0.18848035569385849     ) ( -2.3859371940232740E-009, -2.2442294565601428E-009) ( -2.3859377024816116E-009, -2.2442293079188639E-009) ( 0.21127128752660393     , 0.21501283133471141     )
   16.050895000000001        1.2500000000000000     
 (  7.9406431818152203     ,  1.1423358418711620     ) (  8.0126942903131457     ,  1.2145816610545948     )
 (-0.19052725219314576     ,-0.18612982519613341     ) ( -2.2617763537541407E-009, -2.2284845030158640E-009) ( -2.2617769071807494E-009, -2.2284843470276744E-009) ( 0.19922719597252020     , 0.21305035532113123     )
   16.100890000000000        1.2500000000000000     
 (  8.0148737475079201     ,  1.1579077363359216     ) (  8.0873589159629766     ,  1.2308394767826192     )
 (-0.17890190825266492     ,-0.18360583713867107     ) ( -2.1354324737247054E-009, -2.2108704092848153E-009) ( -2.1354330692039315E-009, -2.2108702447119807E-009) ( 0.18698355324712068     , 0.21090161787030426     )
   16.150885000000002        1.2500000000000000     
 (  8.0895636317462838     ,  1.1736376578881347     ) (  8.1624852134494610     ,  1.2472603580023722     )
 (-0.16710139075179650     ,-0.18090752928208659     ) ( -2.0069540027002157E-009, -2.1913698452191459E-009) ( -2.0069546249828921E-009, -2.1913696721408841E-009) ( 0.17454665674883457     , 0.20856513327455065     )
   16.200880000000002        1.2500000000000000     
 (  8.1647144958763374     ,  1.1895271056475440     ) (  8.2380746580336250     ,  1.2638458140089481     )
 (-0.15513230357096527     ,-0.17803424710296087     ) ( -1.8764217203113051E-009, -2.1699671928745318E-009) ( -1.8764224100743451E-009, -2.1699670104286432E-009) ( 0.16192328673007420     , 0.20603962147887825     )
   16.250875000000001        1.2500000000000000     
 (  8.2403274078387501     ,  1.2055774751680461     ) (  8.3141284040635490     ,  1.2805974989676714     )
 (-0.14300161413899262     ,-0.17498531482987273     ) ( -1.7438968569805703E-009, -2.1466464717032960E-009) ( -1.7438975751999111E-009, -2.1466462799825173E-009) ( 0.14912040415346864     , 0.20332387825596021     )
   16.300870000000000        1.2500000000000000     
 (  8.3164032897548363     ,  1.2217902701507111     ) (  8.3906478576951944     ,  1.2975169635685160     )
 (-0.13071581877652411     ,-0.17176033269392049     ) ( -1.6094634790440172E-009, -2.1213949991300543E-009) ( -1.6094642638172033E-009, -2.1213947998497329E-009) ( 0.13614542105034028     , 0.20041686463272881     )
   16.350865000000002        1.2500000000000000     
 (  8.3929437160913576     ,  1.2381669948078651     ) (  8.4676338256839809     ,  1.3146058472451725     )
 (-0.11828209124046488     ,-0.16835902107646836     ) ( -1.4731817616486471E-009, -2.0941996220468109E-009) ( -1.4731825745131619E-009, -2.0941994094249086E-009) ( 0.12300508432962715     , 0.19731764236254476     )
   16.400860000000002        1.2500000000000000     
 (  8.4699498714396579     ,  1.2547091228351777     ) (  8.5450877280386894     ,  1.3318657518128227     )
 (-0.10570749605312399     ,-0.16478124410236561     ) ( -1.3351294953608843E-009, -2.0650493578890856E-009) ( -1.3351303840341110E-009, -2.0650491349250612E-009) ( 0.10970710298656461     , 0.19402543347946946     )
   16.450855000000001        1.2500000000000000     
 (  8.5474226475760098     ,  1.2714181017874577     ) (  8.6230105540751563     ,  1.3492982386014825     )
 ( -9.2999694562035759E-002,-0.16102690021298136     ) ( -1.1953911509327304E-009, -2.0339361384650657E-009) ( -1.1953920897353650E-009, -2.0339359038968843E-009) (  9.6259400228155392E-002, 0.19053966160520253     )
   16.500850000000000        1.2500000000000000     
 (  8.6253638086431454     ,  1.2882954986318065     ) (  8.7014034593315799     ,  1.3669050335502193     )
 ( -8.0165643901149192E-002,-0.15709620031102836     ) ( -1.0540402723123691E-009, -2.0008498897551950E-009) ( -1.0540412912280795E-009, -2.0008496436062724E-009) (  8.2669286439251019E-002, 0.18685983798970354     )
   16.550845000000002        1.2500000000000000     
 (  8.7037740787164655     ,  1.3053427517328671     ) (  8.7802673133072879     ,  1.3846877056306155     )
 ( -6.7213449951151111E-002,-0.15298943029465017     ) ( -9.1115132685017794E-010, -1.9657871919205676E-009) ( -9.1115240488541084E-010, -1.9657869330358636E-009) (  6.8944724128580437E-002, 0.18298569551765009     )
   16.600840000000002        1.2500000000000000     
 (  8.7826546608050311     ,  1.3225613721015226     ) (  8.8596032711292541     ,  1.4026478211037898     )
 ( -5.4150529668312908E-002,-0.14870700104421511     ) ( -7.6681988485217895E-010, -1.9287407534092604E-009) ( -7.6682103399110136E-010, -1.9287404821541257E-009) (  5.5094088099031255E-002, 0.17891699887931553     )
   16.650835000000001        1.2500000000000000     
 (  8.8620064903342328     ,  1.3399528648687291     ) (  8.9394124458343676     ,  1.4207870498360367     )
 ( -4.0984817845665676E-002,-0.14424951488792456     ) ( -6.2112284728724640E-010, -1.8897077776252539E-009) ( -6.2112407517141527E-010, -1.8897074930602947E-009) (  4.1125436933680995E-002, 0.17465377212629177     )
   16.700830000000000        1.2500000000000000     
 (  8.9418305692686619     ,  1.3575186718977299     ) (  9.0196954847430355     ,  1.4391069638288339     )
 ( -2.7724369012948242E-002,-0.13961769999019130     ) ( -4.7414190046892472E-010, -1.8486866897662188E-009) ( -4.7414319385015437E-010, -1.8486863906878371E-009) (  2.7046954669654212E-002, 0.17019620480852399     )
   16.750825000000003        1.2500000000000000     
 (  9.0221286095080409     ,  1.3752603700547010     ) (  9.1004535046687032     ,  1.4576091205293196     )
 ( -1.4376946739523121E-002,-0.13481253512671906     ) ( -3.2596667114467654E-010, -1.8056778181374276E-009) ( -3.2596807050481008E-010, -1.8056775047810123E-009) (  1.2867428900615865E-002, 0.16554456763964742     )
   16.800820000000002        1.2500000000000000     
 (  9.1029009077974123     ,  1.3931793842646352     ) (  9.1816872457774181     ,  1.4762951669433426     )
 ( -9.5118978821595200E-004,-0.12983499855186595     ) ( -1.7668796073773829E-010, -1.7606836840635345E-009) ( -1.7668944906418032E-010, -1.7606833568047672E-009) ( -1.4044807409865096E-003, 0.16069938423243421     )
   16.850815000000001        1.2500000000000000     
 (  9.1841489491770414     ,  1.4112772009593710     ) (  9.2633981391447602     ,  1.4951666499680736     )
 (  1.2544989721215528E-002,-0.12468632416437067     ) ( -2.6392251915982150E-011, -1.7137051092889016E-009) ( -2.6393812294967410E-011, -1.7137047655812143E-009) ( -1.5760295542362541E-002, 0.15566131363623512     )
   16.900810000000000        1.2500000000000000     
 (  9.2658731870934385     ,  1.4295553274344928     ) (  9.3455860069892900     ,  1.5142251247019243     )
 (  2.6102992610762897E-002,-0.11936794055490041     ) (  1.2482330169244339E-010, -1.6647492154670890E-009) (  1.2482164979394326E-010, -1.6647488558723381E-009) ( -3.0190875777882115E-002, 0.15043106122220146     )
   16.950805000000003        1.2500000000000000     
 (  9.3480751266911195     ,  1.4480152577767142     ) (  9.4282524709310653     ,  1.5334722364256772     )
 (  3.9714541783556406E-002,-0.11388137871923749     ) (  2.7688113335062866E-010, -1.6138211602929790E-009) (  2.7687938121809269E-010, -1.6138207827286162E-009) ( -4.4687439962996907E-002, 0.14500981524964959     )
   17.000800000000002        1.2500000000000000     
 (  9.4307552584751182     ,  1.4666583917564600     ) (  9.5113982569736848     ,  1.5529093429687331     )
 (  5.3370837113751748E-002,-0.10822830552056470     ) (  4.2967140965300864E-010, -1.5609304565901159E-009) (  4.2966955060740564E-010, -1.5609300615739321E-009) ( -5.9240580499553629E-002, 0.13939857169681244     )
   17.050795000000001        1.2500000000000000     
 (  9.5139147880751747     ,  1.4854862410971748     ) (  9.5950236613918918     ,  1.5725381764389541     )
 (  6.7063530062120333E-002,-0.10241065765135547     ) (  5.8311078998832462E-010, -1.5060868397924715E-009) (  5.8310880315702848E-010, -1.5060864255730219E-009) ( -7.3841468544586786E-002, 0.13359874289524612     )
   17.100790000000003        1.2500000000000000     
 (  9.5975544690886885     ,  1.5045001640911524     ) (  9.6791301165154220     ,  1.5923600921816259     )
 (  8.0783504110889526E-002, -9.6430386219976572E-002) (  7.3709532446176198E-010, -1.4493022422909851E-009) (  7.3709321887436669E-010, -1.4493018095736127E-009) ( -8.8480388300062315E-002, 0.12761185201868308     )
   17.150785000000003        1.2500000000000000     
 (  9.6816752709492846     ,  1.5237017253930190     ) (  9.7637175522621114     ,  1.6123766346735986     )
 (  9.4521936875687371E-002, -9.0289709495040324E-002) (  8.9153223963524579E-010, -1.3905904440280792E-009) (  8.9153000367028643E-010, -1.3905899906370823E-009) (-0.10314829838138796     , 0.12143953522793359     )
   17.200779999999998        1.2500000000000000     
 (  9.7662779758487552     ,  1.5430922487369054     ) (  9.8487871486444334     ,  1.6325893235596098     )
 ( 0.10827062452722180     , -8.3991074755112957E-002) (  1.0463323666849815E-009, -1.3299666190669381E-009) (  1.0463300113923244E-009, -1.3299661456450898E-009) (-0.11783579831725745     , 0.11508368524854619     )
   17.250774999999997        1.2500000000000000     
 (  9.8513635278114577     ,  1.5626731500796602     ) (  9.9343393116308842     ,  1.6529995397517447     )
 ( 0.12202013114829255     , -7.7536884697844324E-002) (  1.2013768057593954E-009, -1.2674482299703100E-009) (  1.2013743492592371E-009, -1.2674477355559199E-009) (-0.13253315198892393     , 0.10854636466150833     )
   17.300770000000000        1.2500000000000000     
 (  9.9369322040322974     ,  1.5824458868391895     ) (  10.020374919064182     ,  1.6736087496227339     )
 ( 0.13576184640179720     , -7.0929836544659577E-002) (  1.3565823331607350E-009, -1.2030540542556006E-009) (  1.3565797179325947E-009, -1.2030535364580070E-009) (-0.14723027620750548     , 0.10182971231375139     )
   17.350764999999999        1.2500000000000000     
 (  10.022985613757237     ,  1.6024118504693208     ) (  10.106894296053282     ,  1.6944182401543970     )
 ( 0.14948624173687683     , -6.4172903498429343E-002) (  1.5118476603265337E-009, -1.1368055956651620E-009) (  1.5118448947146293E-009, -1.1368050521168079E-009) (-0.16191851742488436     ,  9.4936213124493671E-002)
   17.400759999999998        1.2500000000000000     
 (  10.109524353949123     ,  1.6225722821121438     ) (  10.193898203367503     ,  1.7154296649948906     )
 ( 0.16318479295807164     , -5.7268946802312613E-002) (  1.6670684536585622E-009, -1.0687260151036507E-009) (  1.6670655504540534E-009, -1.0687254508129962E-009) (-0.17658693408026233     ,  8.7868424805936110E-002)
   17.450755000000001        1.2500000000000000     
 (  10.196548860039703     ,  1.6429287114331228     ) (  10.281387600725074     ,  1.7366441052537320     )
 ( 0.17684806768528838     , -5.0221231794422831E-002) (  1.8221391652076488E-009, -9.9883751322558119E-010) (  1.8221360852585553E-009, -9.9883692297083692E-010) (-0.19122630763237444     ,  8.0629050745726405E-002)
   17.500750000000000        1.2500000000000000     
 (  10.284059939351783     ,  1.6634823183508631     ) (  10.369362637621883     ,  1.7580630962009747     )
 ( 0.19046734697922754     , -4.3033091683202400E-002) (  1.9769634991679841E-009, -9.2716944853472145E-010) (  1.9769602276915409E-009, -9.2716883326090828E-010) (-0.20582723427956268     ,  7.3221083383270047E-002)
   17.550744999999999        1.2500000000000000     
 (  10.372058415207906     ,  1.6842344948361230     ) (  10.457823778084915     ,  1.7796877803143210     )
 ( 0.20403356687068591     , -3.5707938371658358E-002) (  2.1314400913343883E-009, -8.5374695401766724E-010) (  2.1314366797310852E-009, -8.5374631187257186E-010) (-0.22037947149306078     ,  6.5647575637725136E-002)
   17.600739999999998        1.2500000000000000     
 (  10.460545276978047     ,  1.7051866513218124     ) (  10.546771575118361     ,  1.8015195744312442     )
 ( 0.21753740441702241     , -2.8249553156327590E-002) (  2.2854643155093348E-009, -7.7860295860632643E-010) (  2.2854607603999044E-009, -7.7860228788774090E-010) (-0.23487288061144881     ,  5.7911954330910738E-002)
   17.650735000000001        1.2500000000000000     
 (  10.549520938959690     ,  1.7263399555057528     ) (  10.636207094457186     ,  1.8235597549044993     )
 ( 0.23096942687330727     , -2.0661740243684366E-002) (  2.4389247760269666E-009, -7.0176880335780246E-010) (  2.4389210142493048E-009, -7.0176810931754725E-010) (-0.24929744402265722     ,  5.0017657290776979E-002)
   17.700730000000000        1.2500000000000000     
 (  10.638986129099321     ,  1.7476956149079026     ) (  10.726130170913116     ,  1.8458094070698707     )
 ( 0.24432135863015769     , -1.2948369620928451E-002) (  2.5917367357008730E-009, -6.2327600356944938E-010) (  2.5917327460500113E-009, -6.2327527665475846E-010) (-0.26364420353655432     ,  4.1968236173124736E-002)
   17.750724999999999        1.2500000000000000     
 (  10.728941602482880     ,  1.7692550510104470     ) (  10.816541798269730     ,  1.8682698940508304     )
 ( 0.25758340087268083     , -5.1136836751439485E-003) (  2.7437755499430656E-009, -5.4316275016123163E-010) (  2.7437713709122992E-009, -5.4316199074616405E-010) (-0.27790179829413658     ,  3.3767670413427570E-002)
   17.800719999999998        1.2500000000000000     
 (  10.819388065608276     ,  1.7910194128650880     ) (  10.907442341194411     ,  1.8909422224944201     )
 ( 0.27074683374795994     ,  2.8380383013654922E-003) (  2.8949501941249777E-009, -4.6146639565672141E-010) (  2.8949457229425240E-009, -4.6146560429680676E-010) (-0.29206143919044558     ,  2.5419896855502219E-002)
   17.850715000000001        1.2500000000000000     
 (  10.910326254238262     ,  1.8129899293098255     ) (  10.998832310626655     ,  1.9138276654796875     )
 ( 0.28380262361478631     ,  1.0902440623704769E-002) (  3.0451533692900585E-009, -3.7822284137090132E-010) (  3.0451487755649077E-009, -3.7822202308403762E-010) (-0.30611279868095392     ,  1.6929093380467265E-002)
   17.900710000000000        1.2500000000000000     
 (  11.001756803822435     ,  1.8351678751490128     ) (  11.090711994029956     ,  1.9369272642396032     )
 ( 0.29674157376372490     ,  1.9074795510141979E-002) (  3.1942772350663271E-009, -2.9347680418984193E-010) (  3.1942723669827201E-009, -2.9347594965504698E-010) (-0.32004567989190308     ,  8.2996772645427975E-003)
   17.950704999999999        1.2500000000000000     
 (  11.093680340577702     ,  1.8575542568661725     ) (  11.183082350624700     ,  1.9602421980043667     )
 ( 0.30955487467797382     ,  2.7350519455041543E-002) (  3.3422316975796845E-009, -2.0727014274277675E-010) (  3.3422265917351642E-009, -2.0726925306006208E-010) (-0.33385080669100459     , -4.6385477987618331E-004)
   18.000699999999998        1.2500000000000000     
 (  11.186097649792218     ,  1.8801503532254187     ) (  11.275943586716336     ,  1.9837734519451737     )
 ( 0.32223355428648875     ,  3.5724626282745330E-002) (  3.4889040605853731E-009, -1.1964656510099032E-010) (  3.4888986712046594E-009, -1.1964563980880241E-010) (-0.34751782571415601     , -9.3567441031916065E-003)
   18.050695000000001        1.2500000000000000     
 (  11.279009179461122     ,  1.9029573528951198     ) (  11.369296014350622     ,  2.0075220624657435     )
 ( 0.33476884938437040     ,  4.4192081378303057E-002) (  3.6341809963616397E-009, -3.0652609570934236E-011) (  3.6341754338831527E-009, -3.0651648303398727E-011) (-0.36103709529355826     , -1.8374133012992414E-002)
   18.100690000000000        1.2500000000000000     
 (  11.372416170285360     ,  1.9259762982568105     ) (  11.463140296239017     ,  2.0314890887726009     )
 ( 0.34715196760163086     ,  5.2747714947100191E-002) (  3.7779865545917315E-009,  5.9662381120876318E-011) (  3.7779805937854603E-009,  5.9663382237552770E-011) (-0.37439872455969386     , -2.7511000698005848E-002)
   18.150684999999999        1.2500000000000000     
 (  11.466318555876006     ,  1.9492082844655469     ) (  11.557477140529850     ,  2.0556754225840752     )
 ( 0.35937368945078096     ,  6.1386259794944824E-002) (  3.9201896354227174E-009,  1.5125163569955581E-010) (  3.9201834721364784E-009,  1.5125267377573515E-010) (-0.38759333557415243     , -3.6762083073505612E-002)
   18.200679999999998        1.2500000000000000     
 (  11.560717636794854     ,  1.9726544525873733     ) (  11.652306858262092     ,  2.0800820765575279     )
 ( 0.37142573571514759     ,  7.0102257398720780E-002) (  4.0607064347762171E-009,  2.4406085108171747E-010) (  4.0606998826756387E-009,  2.4406192818845383E-010) (-0.40061082600958531     , -4.6121987145806891E-002)
   18.250675000000001        1.2500000000000000     
 (  11.655613570233436     ,  1.9963158448489162     ) (  11.747629934466955     ,  2.1047099873745987     )
 ( 0.38330009302886592     ,  7.8890175543043284E-002) (  4.1994268243160979E-009,  3.3803681942353246E-010) (  4.1994200304859482E-009,  3.3803794055043977E-010) (-0.41344169893133992     , -5.5585190527037469E-002)
   18.300670000000000        1.2500000000000000     
 (  11.751007371320048     ,  2.0201935373904276     ) (  11.843447258470754     ,  2.1295599867966102     )
 ( 0.39498728066224154     ,  8.7744182128927151E-002) (  4.3362539043529038E-009,  4.3312605891877217E-010) (  4.3362468084955643E-009,  4.3312722244276439E-010) (-0.42607653751847518     , -6.5146020883961639E-002)
   18.350664999999999        1.2500000000000000     
 (  11.846899588259014     ,  2.0442885974557834     ) (  11.939758966770587     ,  2.1546329789123231     )
 ( 0.40647951130077697     ,  9.6658466985457783E-002) (  4.4710888228116231E-009,  5.2927014059822816E-010) (  4.4710813878203282E-009,  5.2927134949764803E-010) (-0.43850641689168990     , -7.4798510989409830E-002)
   18.400659999999998        1.2500000000000000     
 (  11.943290709529874     ,  2.0686019526761101     ) (  12.036565668225030     ,  2.1799297982649350     )
 ( 0.41776869386600030     , 0.10562721262337389     ) (  4.6038427279093482E-009,  6.2641373501856183E-010) (  4.6038348639647564E-009,  6.2641498911741939E-010) (-0.45072151714387443     , -8.4536784143342619E-002)
   18.450655000000001        1.2500000000000000     
 (  12.040181916659408     ,  2.0931346935955530     ) (  12.133868158202777     ,  2.2054512465310165     )
 ( 0.42884592483305384     , 0.11464411541105253     ) (  4.7343910763939414E-009,  7.2449456440673016E-010) (  4.7343829316818645E-009,  7.2449586252904133E-010) (-0.46271234844303555     , -9.4354586382336028E-002)
   18.500650000000000        1.2500000000000000     
 (  12.137573654044626     ,  2.1178877237734577     ) (  12.231666871730020     ,  2.2311981225998934     )
 ( 0.43970352254847617     , 0.12370327018880017     ) (  4.8626630393801536E-009,  8.2345275638205818E-010) (  4.8626545485331393E-009,  8.2345410282099758E-010) (-0.47447049570462352     ,-0.10424571156189151     )
   18.550644999999999        1.2500000000000000     
 (  12.235466410291192     ,  2.1428620995569654     ) (  12.329962488341781     ,  2.2571712302500209     )
 ( 0.45033364450346031     , 0.13279815462824063     ) (  4.9885515777571772E-009,  9.2322663498045716E-010) (  4.9885427375011743E-009,  9.2322802822180998E-010) (-0.48598632528595714     ,-0.11420360200256725     )
   18.600639999999999        1.2500000000000000     
 (  12.333861467251957     ,  2.1680586940012181     ) (  12.428755519023051     ,  2.2833713347408193     )
 ( 0.46072829986883845     , 0.14192249597886600     ) (  5.1119582605000335E-009,  1.0237498608552195E-009) (  5.1119489388721096E-009,  1.0237513041369831E-009) (-0.49725121113910176     ,-0.12422162601534383     )
   18.650635000000001        1.2500000000000000     
 (  12.432758626483530     ,  2.1934785163573993     ) (  12.528046460899015     ,  2.3097990791274423     )
 ( 0.47088006504583796     , 0.15106963211477942     ) (  5.2328029797118889E-009,  1.1249568521615078E-009) (  5.2327932233633970E-009,  1.1249583453453136E-009) (-0.50825659904970688     ,-0.13429320441209502     )
   18.700630000000000        1.2500000000000000     
 (  12.532159009853261     ,  2.2191225015046974     ) (  12.627836198524472     ,  2.3364552945144972     )
 ( 0.48078081112519583     , 0.16023317320047956     ) (  5.3509427437382214E-009,  1.2267874802631566E-009) (  5.3509424230603182E-009,  1.2267873717868974E-009) (-0.51899383774159713     ,-0.14441133873406831     )
   18.750624999999999        1.2500000000000000     
 (  12.632063949161282     ,  2.2449914698857278     ) (  12.728125578335188     ,  2.3633405785275881     )
 ( 0.49042406285728851     , 0.16940628201222843     ) (  5.4663661721853348E-009,  1.3291617526008557E-009) (  5.4663658631794926E-009,  1.3291616360908150E-009) (-0.52945426914813098     ,-0.15456914991255519     )
   18.800620000000002        1.2500000000000000     
 (  12.732473842658314     ,  2.2710864613487951     ) (  12.828914813849641     ,  2.3904555899279587     )
 ( 0.49980216655335480     , 0.17858205926399387     ) (  5.5789376699905970E-009,  1.4320144413047540E-009) (  5.5789373640111713E-009,  1.4320143174860851E-009) (-0.53962973475167020     ,-0.16475950106788434     )
   18.850615000000001        1.2500000000000000     
 (  12.833389312474207     ,  2.2974081611614507     ) (  12.930205630247805     ,  2.4178010960009662     )
 ( 0.50890789794784974     , 0.18775384095845407     ) (  5.6885937074735140E-009,  1.5352754674702991E-009) (  5.6885934082838970E-009,  1.5352753350756836E-009) (-0.54951202630614893     ,-0.17497517618210598     )
   18.900610000000000        1.2500000000000000     
 (  12.934811155919858     ,  2.3239576937273729     ) (  13.031997268098360     ,  2.4453776591359211     )
 ( 0.51773464226920640     , 0.19691460881261139     ) (  5.7952247763345658E-009,  1.6388729240141302E-009) (  5.7952244742610597E-009,  1.6388727835731985E-009) (-0.55909319675339053     ,-0.18520878035319321     )
   18.950604999999999        1.2500000000000000     
 (  13.036740426102774     ,  2.3507357526318891     ) (  13.134292039174085     ,  2.4731860317132024     )
 ( 0.52627563799816479     , 0.20605730631578401     ) (  5.8987697356002271E-009,  1.7427316796338062E-009) (  5.8987694476995459E-009,  1.7427315312120213E-009) (-0.56836597058073368     ,-0.19545289230929680     )
   19.000600000000002        1.2500000000000000     
 (  13.139177592309744     ,  2.3777432758387813     ) (  13.237089843648269     ,  2.5012266074177405     )
 ( 0.53452403171724350     , 0.21517481638694294     ) (  5.9991199792844426E-009,  1.8467784262488558E-009) (  5.9991197004052744E-009,  1.8467782670553839E-009) (-0.57732190258802307     ,-0.20570000106672071     )
   19.050595000000001        1.2500000000000000     
 (  13.242123792901195     ,  2.4049811389086160     ) (  13.340391690521406     ,  2.5295001672304238     )
 ( 0.54247411905889620     , 0.22426005660845474     ) (  6.0962083203844532E-009,  1.9509370707036592E-009) (  6.0962080455409462E-009,  1.9509369011289478E-009) (-0.58595385656931831     ,-0.21594245642214066     )
   19.100590000000000        1.2500000000000000     
 (  13.345579798918802     ,  2.4324500915452840     ) (  13.444198379164968     ,  2.5580073825639831     )
 ( 0.55011878106825107     , 0.23330580073782337     ) (  6.1899510513582542E-009,  2.0551326828736040E-009) (  6.1899507895334384E-009,  2.0551325027283300E-009) (-0.59425471666405805     ,-0.22617253160756465     )
   19.150585000000000        1.2500000000000000     
 (  13.449546097762351     ,  2.4601510305072622     ) (  13.548511158812511     ,  2.5867486411536285     )
 ( 0.55745308950031924     , 0.24230487279057264     ) (  6.2802852474516052E-009,  2.1592864434442388E-009) (  6.2802849923888991E-009,  2.1592862517246670E-009) (-0.60221799494377315     ,-0.23638226246207289     )
   19.200580000000002        1.2500000000000000     
 (  13.554023967727021     ,  2.4880848606346180     ) (  13.653330695764959     ,  2.6157246538760264     )
 ( 0.56447041195981329     , 0.25124978231009765     ) (  6.3671215044632961E-009,  2.2633179274166245E-009) (  6.3671212698229539E-009,  2.2633177233934681E-009) (-0.60983572674673259     ,-0.24656402903400837     )
   19.250575000000001        1.2500000000000000     
 (  13.659014086351961     ,  2.5162522485927568     ) (  13.758657784044047     ,  2.6449360868050498     )
 ( 0.57116521291306377     , 0.26013331037325482     ) (  6.4503890002449147E-009,  2.3671481233842531E-009) (  6.4503887745521786E-009,  2.3671479068502088E-009) (-0.61710229503545888     ,-0.25670952532642183     )
   19.300570000000000        1.2500000000000000     
 (  13.764517363216322     ,  2.5446541394590794     ) (  13.864493658377873     ,  2.6743833505697521     )
 ( 0.57753310141222580     , 0.26894799842834383     ) (  6.5300251151003286E-009,  2.4706995605083193E-009) (  6.5300249182085747E-009,  2.4706993304227516E-009) (-0.62401104031038657     ,-0.26681095578888864     )
   19.350565000000000        1.2500000000000000     
 (  13.870534858678081     ,  2.5732914178839659     ) (  13.970839244406385     ,  2.7040672371903147     )
 ( 0.58356816313138671     , 0.27768652428672558     ) (  6.6059523212977570E-009,  2.5738900680281662E-009) (  6.6059521233396638E-009,  2.5738898249424386E-009) (-0.63055565959071269     ,-0.27686010480375089     )
   19.400560000000002        1.2500000000000000     
 (  13.977067494236920     ,  2.6021647539202153     ) (  14.077695823893295     ,  2.7339882557848916     )
 ( 0.58926562543883088     , 0.28634135811820932     ) (  6.6781159409762677E-009,  2.6766370139812171E-009) (  6.6781158167358267E-009,  2.6766367558879851E-009) (-0.63673021163575738     ,-0.28684869802419871     )
   19.450555000000001        1.2500000000000000     
 (  14.084116100261067     ,  2.6312750254442934     ) (  14.185063931979744     ,  2.7641469699634804     )
 ( 0.59462063421949052     , 0.29490511964554267     ) (  6.7464368382272255E-009,  2.7788577850293186E-009) (  6.7464366941729434E-009,  2.7788575116504556E-009) (-0.64252944610670759     ,-0.29676871874350097     )
   19.500550000000000        1.2500000000000000     
 (  14.191681593985273     ,  2.6606231151738862     ) (  14.292944898289591     ,  2.7945439083448633     )
 ( 0.59962880685733744     , 0.30337035475740531     ) (  6.8108650113836949E-009,  2.8804705447268653E-009) (  6.8108649234066261E-009,  2.8804702550507410E-009) (-0.64794733349266953     ,-0.30661177678021156     )
   19.550545000000000        1.2500000000000000     
 (  14.299765319902415     ,  2.6902097017083246     ) (  14.401340159425871     ,  2.8251799356558265     )
 ( 0.60428631236846675     , 0.31172951968849760     ) (  6.8713452290164793E-009,  2.9813915906085117E-009) (  6.8713451521191837E-009,  2.9813912845149823E-009) (-0.65297906461566224     ,-0.31636952070795193     )
   19.600540000000002        1.2500000000000000     
 (  14.408367748060076     ,  2.7200357920018461     ) (  14.510250770251076     ,  2.8560553466551126     )
 ( 0.60858868404171973     , 0.31997523483083123     ) (  6.9278031390163172E-009,  3.0815366904391808E-009) (  6.9278030958322821E-009,  3.0815363669248050E-009) (-0.65761985885025132     ,-0.32603372556220211     )
   19.650535000000001        1.2500000000000000     
 (  14.517490081611845     ,  2.7501021058072017     ) (  14.619677603035402     ,  2.8871710692848009     )
 ( 0.61253239195115994     , 0.32810004554878824     ) (  6.9802104707366689E-009,  3.1808234905707143E-009) (  6.9802104486373973E-009,  3.1808231476576722E-009) (-0.66186444774523734     ,-0.33559603576952024     )
   19.700530000000001        1.2500000000000000     
 (  14.627133724827836     ,  2.7804094807277133     ) (  14.729622031230504     ,  2.9185275286757228     )
 ( 0.61611365678464136     , 0.33609649140793257     ) (  7.0285021409786282E-009,  3.2791635277938256E-009) (  7.0285021556547437E-009,  3.2791631654909648E-009) (-0.66570920794376931     ,-0.34504796256480447     )
   19.750525000000000        1.2500000000000000     
 (  14.737299090517693     ,  2.8109588218709129     ) (  14.840085421456264     ,  2.9501254909949917     )
 ( 0.61932966448116555     , 0.34395710608580776     ) (  7.0726321719017169E-009,  3.3764766606866430E-009) (  7.0726322114884610E-009,  3.3764762784228862E-009) (-0.66914955859842629     ,-0.35438124871931653     )
   19.800520000000002        1.2500000000000000     
 (  14.847987938418015     ,  2.8417508415878721     ) (  14.951069210277444     ,  2.9819655520707515     )
 ( 0.62217715371039295     , 0.35167462281431305     ) (  7.1125544689645515E-009,  3.4726741741109412E-009) (  7.1125545473355065E-009,  3.4726737701818232E-009) (-0.67218141503653828     ,-0.36358734313387980     )
   19.850515000000001        1.2500000000000000     
 (  14.959200941656031     ,  2.8727864414757276     ) (  15.062574202429445     ,  3.0140485545820948     )
 ( 0.62465344442240400     , 0.35924169081108231     ) (  7.1482245981839624E-009,  3.5676743422983741E-009) (  7.1482244331667249E-009,  3.5676739154453773E-009) (-0.67480147472635554     ,-0.37265800555364414     )
   19.900510000000001        1.2500000000000000     
 (  15.070939043791522     ,  2.9040665759506816     ) (  15.174601975672093     ,  3.0463750159853795     )
 ( 0.62675604982951838     , 0.36665083953190908     ) (  7.1796067607310405E-009,  3.6613894098172551E-009) (  7.1796069584245376E-009,  3.6613889606307308E-009) (-0.67700694217278934     ,-0.38158480314382670     )
   19.950505000000000        1.2500000000000000     
 (  15.183203967525966     ,  2.9355920343572488     ) (  15.287153929419494     ,  3.0789457421753101     )
 ( 0.62848225956422221     , 0.37389495680336093     ) (  7.2066597686867681E-009,  3.7537361795663124E-009) (  7.2066599789671284E-009,  3.7537357046984853E-009) (-0.67879383950179872     ,-0.39035930394403706     )
   20.000500000000002        1.2500000000000000     
 (  15.295996363675357     ,  2.9673636262052496     ) (  15.400231538035188     ,  3.1117615154321689     )
 ( 0.62983095214339324     , 0.38096676111425970     ) (  7.2293663189647193E-009,  3.8446301200284921E-009) (  7.2293665794416360E-009,  3.8446296191936550E-009) (-0.68016013697529587     ,-0.39897322808816443     )
   20.050495000000002        1.2500000000000000     
 (  15.409317174175072     ,  2.9993823571586824     ) (  15.513835682719192     ,  3.1448230540706055     )
 ( 0.63079986025636681     , 0.38785931154757047     ) (  7.2476716678549427E-009,  3.9339860519872803E-009) (  7.2476720190743468E-009,  3.9339855241296941E-009) (-0.68110286758098293     ,-0.40741829148017872     )
   20.100490000000001        1.2500000000000000     
 (  15.523168164118497     ,  3.0316489581378572     ) (  15.627968501727029     ,  3.1781311757903339     )
 ( 0.63138765118845885     , 0.39456527100228056     ) (  7.2615551044691150E-009,  4.0217180703006549E-009) (  7.2615555020000000E-009,  4.0217175144835848E-009) (-0.68162020923531785     ,-0.41568614293656092     )
   20.150485000000000        1.2500000000000000     
 (  15.637549472297573     ,  3.0641644844245106     ) (  15.742630883320841     ,  3.2116867317069544     )
 ( 0.63159315430167540     , 0.40107769074601313     ) (  7.2709974707862235E-009,  4.1077399962766890E-009) (  7.2709979336784795E-009,  4.1077394111843289E-009) (-0.68171036278194275     ,-0.42376858870323508     )
   20.200480000000002        1.2500000000000000     
 (  15.752463761915520     ,  3.0969297935990352     ) (  15.857824814446531     ,  3.2454904667430808     )
 ( 0.63141552456496786     , 0.40738984127789335     ) (  7.2759839977532608E-009,  4.1919778159168120E-009) (  7.2759845386947573E-009,  4.1919771992851602E-009) (-0.68137151798560325     ,-0.43165755184795207     )
   20.250475000000002        1.2500000000000000     
 (  15.867910983449368     ,  3.1299459345369125     ) (  15.973551007628204     ,  3.2795434422898158     )
 ( 0.63085420739148323     , 0.41349474524808194     ) (  7.2764746563452736E-009,  4.2743392761610432E-009) (  7.2764752337738127E-009,  4.2743386277165578E-009) (-0.68060297954249094     ,-0.43934471464441943     )
   20.300470000000001        1.2500000000000000     
 (  15.983892833765111     ,  3.1632136436194136     ) (  16.089811713092491     ,  3.3138463996107146     )
 ( 0.62990820716286910     , 0.41938563540529039     ) (  7.2724738026854454E-009,  4.3547463339437809E-009) (  7.2724745032584228E-009,  4.3547456517625357E-009) (-0.67940320216577965     ,-0.44682229080004437     )
   20.350465000000000        1.2500000000000000     
 (  16.100410656731203     ,  3.1967338483794241     ) (  16.206608068774834     ,  3.3484002265676041     )
 ( 0.62857824372761861     , 0.42505590416672884     ) (  7.2639559504867376E-009,  4.4331118223873926E-009) (  7.2639566973227712E-009,  4.4331111054762646E-009) (-0.67777152753605829     ,-0.45408208925578147     )
   20.400459999999999        1.2500000000000000     
 (  16.217465104070229     ,  3.2305077317708433     ) (  16.323941468724321     ,  3.3832061243483662     )
 ( 0.62686433371938621     , 0.43049921200656260     ) (  7.2509156334672489E-009,  4.5093617908469276E-009) (  7.2509163644308305E-009,  4.5093610353058786E-009) (-0.67570778157252387     ,-0.46111637917785520     )
   20.450454999999998        1.2500000000000000     
 (  16.335058066549138     ,  3.2645362836924674     ) (  16.441813705564606     ,  3.4182648498866457     )
 ( 0.62476643676542098     , 0.43570894520205383     ) (  7.2333454979028914E-009,  4.5834090442741244E-009) (  7.2333464481717147E-009,  4.5834082505724907E-009) (-0.67321213687269987     ,-0.46791710706559064     )
   20.500450000000001        1.2500000000000000     
 (  16.453190982185042     ,  3.2988203468636623     ) (  16.560226362597781     ,  3.4535775232867794     )
 ( 0.62228567545478042     , 0.44067886226016156     ) (  7.2112602336999745E-009,  4.6551799864342517E-009) (  7.2112612802436792E-009,  4.6551791531515509E-009) (-0.67028500344109443     ,-0.47447700347639643     )
   20.550445000000000        1.2500000000000000     
 (  16.571863736225339     ,  3.3333609403285052     ) (  16.679180740998095     ,  3.4891452576141488     )
 ( 0.61942337735285924     , 0.44540279388115739     ) (  7.1846207388067625E-009,  4.7245918110360649E-009) (  7.1846218615237432E-009,  4.7245909369330845E-009) (-0.66692641513168816     ,-0.48078798349453972     )
   20.600439999999999        1.2500000000000000     
 (  16.691079436786609     ,  3.3681591770988470     ) (  16.798678361106795     ,  3.5249690977597274     )
 ( 0.61617982604337851     , 0.44987481612022057     ) (  7.1534798033199518E-009,  4.7915678481399475E-009) (  7.1534810326830772E-009,  4.7915669296028230E-009) (-0.66313795073769199     ,-0.48684301575166850     )
   20.650434999999998        1.2500000000000000     
 (  16.810837719827486     ,  3.4032159710582288     ) (  16.918721448058623     ,  3.5610501347816204     )
 ( 0.61255750113906693     , 0.45408892006008789     ) (  7.1178052265076905E-009,  4.8560336637147031E-009) (  7.1178066065392350E-009,  4.8560326998644684E-009) (-0.65892025102743124     ,-0.49263446281666917     )
   20.700430000000001        1.2500000000000000     
 (  16.931140616672693     ,  3.4385326951272823     ) (  17.039310497579340     ,  3.5973896394176164     )
 ( 0.60855726894904782     , 0.45803962928082548     ) (  7.0776220380589779E-009,  4.9179127393530375E-009) (  7.0776235032893942E-009,  4.9179117268958204E-009) (-0.65427483143876974     ,-0.49815511479287405     )
   20.750425000000000        1.2500000000000000     
 (  17.051989260089801     ,  3.4741099921602316     ) (  17.160447715121368     ,  3.6339886244171353     )
 ( 0.60418245786679980     , 0.46172086911540783     ) (  7.0329426939856607E-009,  4.9771285290111722E-009) (  7.0329443492702104E-009,  4.9771274677940188E-009) (-0.64920407160970672     ,-0.50339783363478252     )
   20.800419999999999        1.2500000000000000     
 (  17.173385640951896     ,  3.5099493453178079     ) (  17.282135105593696     ,  3.6708484663836569     )
 ( 0.59943443214873093     , 0.46512780852559721     ) (  6.9837776547997082E-009,  5.0336137531053815E-009) (  6.9837793765846078E-009,  5.0336126442238064E-009) (-0.64370982558947598     ,-0.50835576358983559     )
   20.850414999999998        1.2500000000000000     
 (  17.295329685265838     ,  3.5460515953738905     ) (  17.404372874374751     ,  3.7079703298417823     )
 ( 0.59431622039547871     , 0.46825466522957115     ) (  6.9301576882945676E-009,  5.0872906892490653E-009) (  6.9301596263674369E-009,  5.0872895225966585E-009) (-0.63779433448599299     ,-0.51302204566960774     )
   20.900410000000001        1.2500000000000000     
 (  17.417823760827979     ,  3.5824180723466643     ) (  17.527164138773998     ,  3.7453556529176897     )
 ( 0.58883087634432019     , 0.47109668911882918     ) (  6.8721041107235392E-009,  5.1380941512021843E-009) (  6.8721061719515878E-009,  5.1380929292581518E-009) (-0.63146132742558614     ,-0.51738997240587981     )
   20.950405000000000        1.2500000000000000     
 (  17.540868357509588     ,  3.6190497933290300     ) (  17.650509497085881     ,  3.7830056334801019     )
 ( 0.58298097684913086     , 0.47364885459674150     ) (  6.8096378038962471E-009,  5.1859532487278980E-009) (  6.8096401651219648E-009,  5.1859519688406040E-009) (-0.62471266615485377     ,-0.52145314091997719     )
   21.000399999999999        1.2500000000000000     
 (  17.664466096079547     ,  3.6559479976484934     ) (  17.774411579570501     ,  3.8209216847224110     )
 ( 0.57677020176294036     , 0.47590645495495204     ) (  6.7427759016499872E-009,  5.2308009440585090E-009) (  6.7427782626384430E-009,  5.2307996019117819E-009) (-0.61755224732481506     ,-0.52520516806882378     )
   21.050394999999998        1.2500000000000000     
 (  17.788616927070226     ,  3.6931138442735763     ) (  17.898869911223564     ,  3.8591052819171661     )
 ( 0.57020249515926225     , 0.47786492479461717     ) (  6.6715757438340093E-009,  5.2725756416467595E-009) (  6.6715783558797856E-009,  5.2725742378987631E-009) (-0.60998395247914172     ,-0.52863977329936962     )
   21.100390000000001        1.2500000000000000     
 (  17.913322284600181     ,  3.7305485030238206     ) (  18.023887986285136     ,  3.8975577153377636     )
 ( 0.56328133699409777     , 0.47951996848927686     ) (  6.5960466581549834E-009,  5.3112094006195352E-009) (  6.5960494376968928E-009,  5.3112079298214828E-009) (-0.60201223150309757     ,-0.53175108907656821     )
   21.150385000000000        1.2500000000000000     
 (  18.038584045907793     ,  3.7682532835335216     ) (  18.149466118574125     ,  3.9362805046690283     )
 ( 0.55601120371613899     , 0.48086738272492180     ) (  6.5162557852670968E-009,  5.3466452900091571E-009) (  6.5162587190814983E-009,  5.3466437577053533E-009) (-0.59363956752584934     ,-0.53453333835218964     )
   21.200379999999999        1.2500000000000000     
 (  18.164403132858620     ,  3.8062293064953931     ) (  18.275606364773541     ,  3.9752752818272588     )
 ( 0.54839646352513483     , 0.48190314471655121     ) (  6.4322218062603061E-009,  5.3788185242881492E-009) (  6.4322249232554011E-009,  5.3788169167474172E-009) (-0.58487251631343606     ,-0.53698091407822557     )
   21.250374999999998        1.2500000000000000     
 (  18.290781640073877     ,  3.8444779516606964     ) (  18.402310532479415     ,  4.0145432490410640     )
 ( 0.54044158123729524     , 0.48262367707932635     ) (  6.3440133397852861E-009,  5.4076760188110678E-009) (  6.3440167082562658E-009,  5.4076743384284256E-009) (-0.57571541855418573     ,-0.53908833846163273     )
   21.300370000000001        1.2500000000000000     
 (  18.417719461790732     ,  3.8830004898294876     ) (  18.529579583762089     ,  4.0540864367057665     )
 ( 0.53215184206133725     , 0.48302543832097605     ) (  6.2516542644540359E-009,  5.4331621493045853E-009) (  6.2516578113130006E-009,  5.4331603900307527E-009) (-0.56617365565125977     ,-0.54085070444036776     )
   21.350365000000000        1.2500000000000000     
 (  18.545218518145774     ,  3.9217980216790576     ) (  18.657414802357387     ,  4.0939059468076655     )
 ( 0.52353181537920213     , 0.48310502542062067     ) (  6.1551949350689297E-009,  5.4552188284895232E-009) (  6.1551987556700237E-009,  5.4552169903120933E-009) (-0.55625206982273878     ,-0.54226263563195354     )
   21.400359999999999        1.2500000000000000     
 (  18.673280061016378     ,  3.9608719917466511     ) (  18.785818334674545     ,  4.1340037819526758     )
 ( 0.51458791220160849     , 0.48285945006928477     ) (  6.0547234773413201E-009,  5.4737961674881916E-009) (  6.0547275098358966E-009,  5.4737942486544341E-009) (-0.54595694914699455     ,-0.54331961022893038     )
   21.450354999999998        1.2500000000000000     
 (  18.801905945215786     ,  4.0002236906587871     ) (  18.914790860339682     ,  4.1743814802430999     )
 ( 0.50532503053419897     , 0.48228573693148385     ) (  5.9502605666239255E-009,  5.4888464181568380E-009) (  5.9502648144391965E-009,  5.4888444141326939E-009) (-0.53529423077556171     ,-0.54401716949809020     )
   21.500350000000001        1.2500000000000000     
 (  18.931097025702545     ,  4.0398546179232682     ) (  19.044334402528197     ,  4.2150404928926610     )
 ( 0.49574894415502374     , 0.48138122797436017     ) (  5.8418764914436502E-009,  5.5003231542026210E-009) (  5.8418810450544364E-009,  5.5003210600356358E-009) (-0.52427032323007405     ,-0.54435081339517455     )
   21.550345000000000        1.2500000000000000     
 (  19.060854101416538     ,  4.0797659101231512     ) (  19.174450163141692     ,  4.2559828398523853     )
 ( 0.48586567989947682     , 0.48014381375609894     ) (  5.7296461533031121E-009,  5.5081774704207012E-009) (  5.7296510662836876E-009,  5.5081752833655220E-009) (-0.51289168090826809     ,-0.54431666733473105     )
   21.600339999999999        1.2500000000000000     
 (  19.191179197632714     ,  4.1199590507130726     ) (  19.305139140066537     ,  4.2972101025997054     )
 ( 0.47568182959781447     , 0.47857115087547897     ) (  5.6136261721041708E-009,  5.5123730666900040E-009) (  5.6136313473141162E-009,  5.5123707844179802E-009) (-0.50116615432381528     ,-0.54391072796945272     )
   21.650334999999998        1.2500000000000000     
 (  19.322072934069542     ,  4.1604355002487070     ) (  19.436402842693752     ,  4.3387241200499105     )
 ( 0.46520480801669478     , 0.47666129428315340     ) (  5.4938906502712409E-009,  5.5128665370182299E-009) (  5.4938960661732084E-009,  5.5128641567891817E-009) (-0.48909966574153196     ,-0.54312957684998320     )
   21.700330000000001        1.2500000000000000     
 (  19.453537098124858     ,  4.2011965371105022     ) (  19.568243004525662     ,  4.3805264687472256     )
 ( 0.45443909407745692     , 0.47441266059954729     ) (  5.3704862946010490E-009,  5.5096225094106475E-009) (  5.3704920160410594E-009,  5.5096200237735412E-009) (-0.47669994315392950     ,-0.54196986319699181     )
   21.750325000000000        1.2500000000000000     
 (  19.585572560010121     ,  4.2422436121991867     ) (  19.700660322555176     ,  4.4226190437457902     )
 ( 0.44339346385436340     , 0.47182381570809395     ) (  5.2435259955378924E-009,  5.5026040101801664E-009) (  5.2435321223915875E-009,  5.5026014254847697E-009) (-0.46397542662816682     ,-0.54042855414264834     )
   21.800319999999999        1.2500000000000000     
 (  19.718180849089507     ,  4.2835780912227133     ) (  19.833656189368607     ,  4.4650038227904316     )
 ( 0.43207500953044992     , 0.46889345693025031     ) (  5.1130595351555929E-009,  5.4917768121931034E-009) (  5.1130660169684815E-009,  5.4917741125374430E-009) (-0.45093328678622097     ,-0.53850285657626651     )
   21.850314999999998        1.2500000000000000     
 (  19.851362707976193     ,  4.3252017409110808     ) (  19.967231981220031     ,  4.5076823183978867     )
 ( 0.42048949652210849     , 0.46562099629496134     ) (  4.9791696662963917E-009,  5.4771170140145994E-009) (  4.9791765514614531E-009,  5.4771142035954754E-009) (-0.43758225420853997     ,-0.53619011179562304     )
   21.900310000000001        1.2500000000000000     
 (  19.985120113550298     ,  4.3671156725900691     ) (  20.101389061759832     ,  4.5506567526763124     )
 ( 0.40864649017741889     , 0.46200549336630259     ) (  4.8419615124587749E-009,  5.4585932658105322E-009) (  4.8419681962564802E-009,  5.4585903373507131E-009) (-0.42392986632741808     ,-0.53348821089757636     )
   21.950305000000000        1.2500000000000000     
 (  20.119453854113118     ,  4.4093214851353935     ) (  20.236128011352189     ,  4.5939287065500922     )
 ( 0.39655178730373375     , 0.45804666803732275     ) (  4.7014921921059937E-009,  5.4361842746223294E-009) (  4.7014997928390659E-009,  5.4361812244755031E-009) (-0.40998657091266194     ,-0.53039510564288406     )
   22.000299999999999        1.2500000000000000     
 (  20.254364195376493     ,  4.4518208061137843     ) (  20.371450599261252     ,  4.6375002408144343     )
 ( 0.38421522614454751     , 0.45374423678633580     ) (  4.5578888945665081E-009,  5.4098521589930689E-009) (  4.5578900775996917E-009,  5.4098521527115222E-009) (-0.39576009504716142     ,-0.52690921417354875     )
   22.050295000000002        1.2500000000000000     
 (  20.389854274804073     ,  4.4946150073724391     ) (  20.507357155539399     ,  4.6813730415159380     )
 ( 0.37164296210288850     , 0.44909857039674078     ) (  4.4111937633706395E-009,  5.3796056003475342E-009) (  4.4111949559635659E-009,  5.3796055996405164E-009) (-0.38125926205550731     ,-0.52302896613296812     )
   22.100290000000001        1.2500000000000000     
 (  20.525923929762332     ,  4.5377055551719048     ) (  20.643849266206221     ,  4.7255492558464143     )
 ( 0.35884349325424542     , 0.44411010948104851     ) (  4.2614868395702688E-009,  5.3454183738205652E-009) (  4.2614880676919616E-009,  5.3454183790368703E-009) (-0.36649369799914233     ,-0.51875338908083912     )
   22.150285000000000        1.2500000000000000     
 (  20.662574365761063     ,  4.5810942518798603     ) (  20.780928065248936     ,  4.7700306218590951     )
 ( 0.34582613317959127     , 0.43877931904555140     ) (  4.1089287792835157E-009,  5.3072723295316721E-009) (  4.1089300529302499E-009,  5.3072723408848278E-009) (-0.35147347280433439     ,-0.51408138887893484     )
   22.200279999999999        1.2500000000000000     
 (  20.799807646837071     ,  4.6247823399309071     ) (  20.918594800042115     ,  4.8148189744801257     )
 ( 0.33259880217917021     , 0.43310726230966179     ) (  3.9535553442448114E-009,  5.2651613666978331E-009) (  3.9535566056432192E-009,  5.2651613832854522E-009) (-0.33620857408199956     ,-0.50901273854753248     )
   22.250275000000002        1.2500000000000000     
 (  20.937623854434715     ,  4.6687714982042445     ) (  21.056849636806099     ,  4.8599164350737452     )
 ( 0.31917017671451886     , 0.42709491748732725     ) (  3.7955131698814341E-009,  5.2190797910043356E-009) (  3.7955144772331519E-009,  5.2190798186158693E-009) (-0.32070843942231964     ,-0.50354697997122511     )
   22.300270000000001        1.2500000000000000     
 (  21.076024835674691     ,  4.7130633938067090     ) (  21.195693514017673     ,  4.9053248866048325     )
 ( 0.30554907135262432     , 0.42074418053061485     ) (  3.6348706106350248E-009,  5.1690206061195911E-009) (  3.6348719590604340E-009,  5.1690206383046883E-009) (-0.30498321834844205     ,-0.49768431560309973     )
   22.350265000000000        1.2500000000000000     
 (  21.215011584386993     ,  4.7576595722824839     ) (  21.335128016332682     ,  4.9510462237237283     )
 ( 0.29174428774595879     , 0.41405652010982297     ) (  3.4717301770665544E-009,  5.1149866746637793E-009) (  3.4717315571116543E-009,  5.1149867158761533E-009) (-0.28904306705863242     ,-0.49142519597563039     )
   22.400259999999999        1.2500000000000000     
 (  21.354584861759179     ,  4.8025615056977760     ) (  21.475153554309301     ,  4.9970823193358962     )
 ( 0.27776471143515907     , 0.40703394531878051     ) (  3.3062251113422180E-009,  5.0569730244120445E-009) (  3.3062265148913456E-009,  5.0569730772362839E-009) (-0.27289937950873017     ,-0.48476995609843498     )
   22.450255000000002        1.2500000000000000     
 (  21.494745558327896     ,  4.8477709253110950     ) (  21.615771256032382     ,  5.0434352644604372     )
 ( 0.26361992469799150     , 0.39967879065808321     ) (  3.1384184783946193E-009,  4.9949906101309637E-009) (  3.1384199030238609E-009,  4.9949906702158423E-009) (-0.25656245571102165     ,-0.47771979496523043     )
   22.500250000000001        1.2500000000000000     
 (  21.635495732073089     ,  4.8932894695949845     ) (  21.756981498279785     ,  5.0901067237819779     )
 ( 0.24931899498996588     , 0.39199356637356236     ) (  2.9684751266166184E-009,  4.9290416840675558E-009) (  2.9684765704949256E-009,  4.9290417555046387E-009) (-0.24004289718464070     ,-0.47027600392079327     )
   22.550245000000000        1.2500000000000000     
 (  21.776835853312278     ,  4.9391186639534075     ) (  21.898785613223890     ,  5.1370989957307698     )
 ( 0.23487115087550381     , 0.38398114536561906     ) (  2.7964356009105263E-009,  4.8591453156388353E-009) (  2.7964370954940939E-009,  4.8591453971248533E-009) (-0.22335200684746054     ,-0.46244018185248942     )
   22.600239999999999        1.2500000000000000     
 (  21.918766758427175     ,  4.9852603348441864     ) (  22.041183572518289     ,  5.1844136579494986     )
 ( 0.22028521409177598     , 0.37564495203879039     ) (  2.6224666223464916E-009,  4.7853122861721514E-009) (  2.6224681346776792E-009,  4.7853123798953444E-009) (-0.20650059090060263     ,-0.45421416459121150     )
   22.650235000000002        1.2500000000000000     
 (  22.061289487322956     ,  5.0317158859295539     ) (  22.184177291256496     ,  5.2320527501264547     )
 ( 0.20557193349559263     , 0.36698770277898712     ) (  2.4466650918773559E-009,  4.7075575615744044E-009) (  2.4466666271158262E-009,  4.7075576677782863E-009) (-0.18950104593690453     ,-0.44560025622944960     )
   22.700230000000001        1.2500000000000000     
 (  22.204406148665168     ,  5.0784871547591166     ) (  22.327765979352296     ,  5.2800181290932464     )
 ( 0.19074105799086569     , 0.35801359740726951     ) (  2.2691325461367505E-009,  4.6259047770331870E-009) (  2.2691341239886378E-009,  4.6259048942383328E-009) (-0.17236329913637555     ,-0.43660102640871251     )
   22.750225000000000        1.2500000000000000     
 (  22.348116217464799     ,  5.1255756410066597     ) (  22.471951019956077     ,  5.3283118863195238     )
 ( 0.17580053632906803     , 0.34872633231792749     ) (  2.0899975427115868E-009,  4.5403775380007237E-009) (  2.0899991666536518E-009,  4.5403776720702649E-009) (-0.15509974294324164     ,-0.42721920389215723     )
   22.800219999999999        1.2500000000000000     
 (  22.492421953712100     ,  5.1729832497733801     ) (  22.616733452161231     ,  5.3769357226188168     )
 ( 0.16076135404446612     , 0.33913008589454829     ) (  1.9093907020705873E-009,  4.4509973994938379E-009) (  1.9093923582994460E-009,  4.4509975491479598E-009) (-0.13772232990490163     ,-0.41745811858963883     )
   22.850215000000002        1.2500000000000000     
 (  22.637323805602659     ,  5.2207115032322964     ) (  22.762113347562291     ,  5.4258914729343282     )
 ( 0.14563343220564354     , 0.32922925316561458     ) (  1.7273991371445985E-009,  4.3578038298913447E-009) (  1.7274008254325695E-009,  4.3578039944776095E-009) (-0.12024202811115953     ,-0.40732118975779369     )
   22.900210000000001        1.2500000000000000     
 (  22.782822319375541     ,  5.2687620513278475     ) (  22.908091097817763     ,  5.4751810848085132     )
 ( 0.13042597636276815     , 0.31902872492787310     ) (  1.5441528525800325E-009,  4.2608218512081895E-009) (  1.5441545577194198E-009,  4.2608220342442835E-009) (-0.10267148924688059     ,-0.39681236162162220     )
   22.950205000000000        1.2500000000000000     
 (  22.928919292464194     ,  5.3171367323439771     ) (  23.054667439780886     ,  5.5248063547731894     )
 ( 0.11514919754428396     , 0.30853329381307998     ) (  1.3597908752155310E-009,  4.1600914274368281E-009) (  1.3597925802347074E-009,  4.1600916286927398E-009) ( -8.5022138607921627E-002,-0.38593533879261871     )
   23.000200000000000        1.2500000000000000     
 (  23.075615410810620     ,  5.3658371280128545     ) (  23.201843129008829     ,  5.5747692617674529     )
 (  9.9813305435713984E-002, 0.29774813049150972     ) (  1.1744032676375642E-009,  4.0556512454234493E-009) (  1.1744050016391801E-009,  4.0556514666755457E-009) ( -6.7306460369305390E-002,-0.37469510677537265     )
   23.050195000000002        1.2500000000000000     
 (  23.222911230023946     ,  5.4148649998908915     ) (  23.349618244388257     ,  5.6250712421921953     )
 (  8.4427932137037850E-002, 0.28667879344130920     ) (  9.8813992737404852E-010,  3.9475427199184105E-009) (  9.8814178999090243E-010,  3.9475429630604911E-009) ( -4.9536425419786936E-002,-0.36309609767840023     )
   23.100190000000001        1.2500000000000000     
 (  23.370808113701816     ,  5.4642220842769778     ) (  23.497994278419085     ,  5.6757144233525043     )
 (  6.9002722522779739E-002, 0.27533106276096636     ) (  8.0110305364198659E-010,  3.8358141947887273E-009) (  8.0110485603634168E-010,  3.8358144573149087E-009) ( -3.1723570384411752E-002,-0.35114343390062830     )
   23.150185000000000        1.2500000000000000     
 (  23.519306125851823     ,  5.5139099973475165     ) (  23.646969943869639     ,  5.7267005460866951     )
 (  5.3548128723151310E-002, 0.26371081155060550     ) (  6.1343741848922253E-010,  3.7205093551324483E-009) (  6.1343923633684454E-010,  3.7205096436825291E-009) ( -1.3881124381443994E-002,-0.33884264654936863     )
   23.200180000000000        1.2500000000000000     
 (  23.668406942747751     ,  5.5639308162731558     ) (  23.796546755288560     ,  5.7780311496918957     )
 (  3.8073743794530220E-002, 0.25182427513303191     ) (  4.2525010517843558E-010,  3.6016859402488985E-009) (  4.2525194905434175E-010,  3.6016862542997231E-009) (  3.9795031881984071E-003,-0.32619918029813533     )
   23.250175000000002        1.2500000000000000     
 (  23.818111881481290     ,  5.6142856814679494     ) (  23.946725288811969     ,  5.8297082248451764     )
 (  2.2589827653602814E-002, 0.23967799346928348     ) (  2.3664697575253596E-010,  3.4793968665506867E-009) (  2.3664882280482250E-010,  3.4793972057718026E-009) (  2.1845970750894644E-002,-0.31321931431368177     )
   23.300170000000001        1.2500000000000000     
 (  23.968420804674306     ,  5.6649769220989263     ) (  24.097504845162913     ,  5.8817332980519748     )
 (  7.1064564451637060E-003, 0.22727850816407419     ) (  4.7808773463047665E-011,  3.3536984321256800E-009) (  4.7810665913987334E-011,  3.3536988001441521E-009) (  3.9705255076679040E-002,-0.29990910758529504     )
   23.350165000000001        1.2500000000000000     
 (  24.119335336619084     ,  5.7160057573049876     ) (  24.248887519378304     ,  5.9341081133028304     )
 ( -8.3669273961752277E-003, 0.21463282234726280     ) ( -1.4116577831825032E-010,  3.2246487835978857E-009) ( -1.4116383659960800E-010,  3.2246491818987870E-009) (  5.7545787756320001E-002,-0.28627529011905584     )
   23.400160000000003        1.2500000000000000     
 (  24.270855696054042     ,  5.7673742978696927     ) (  24.400872046649614     ,  5.9868342852903593     )
 ( -2.3819667896281930E-002, 0.20174800880348359     ) ( -3.3017338860191764E-010,  3.0923213831427088E-009) ( -3.3017149513581489E-010,  3.0923218131805995E-009) (  7.5354458993873275E-002,-0.27232489923502479     )
   23.450154999999999        1.2500000000000000     
 (  24.422982621983628     ,  5.8190841838682212     ) (  24.553459691436675     ,  6.0399136306427836     )
 ( -3.9242449929269271E-002, 0.18863178967856253     ) ( -5.1907499170635888E-010,  2.9567715296898018E-009) ( -5.1907304906484501E-010,  2.9567719914780443E-009) (  9.3120208098284724E-002,-0.25806488293340124     )
   23.500149999999998        1.2500000000000000     
 (  24.575717230340899     ,  5.8711372495575951     ) (  24.706650159439782     ,  6.0933474774180318     )
 ( -5.4625693458576784E-002, 0.17529133912856962     ) ( -7.0774034083730690E-010,  2.8180793286027500E-009) ( -7.0773840875681684E-010,  2.8180798242373020E-009) ( 0.11082992786312251     ,-0.24350290507817732     )
   23.550145000000001        1.2500000000000000     
 (  24.729060804238873     ,  5.9235349449295969     ) (  24.860444289530296     ,  6.1471377103147073     )
 ( -6.9958821927349299E-002, 0.16173475705832968     ) ( -8.9604216861216535E-010,  2.6763092029078120E-009) ( -8.9604022432147151E-010,  2.6763097365890731E-009) ( 0.12847167561706097     ,-0.22864684776194691     )
   23.600140000000000        1.2500000000000000     
 (  24.883012849210616     ,  5.9762792988576656     ) (  25.014842294022145     ,  6.2012855969490781     )
 ( -8.5232953439489306E-002, 0.14796980062010301     ) ( -1.0838559885577365E-009,  2.5315439401688647E-009) ( -1.0838540531387093E-009,  2.5315445119540369E-009) ( 0.14603254570961893     ,-0.21350457650878857     )
   23.650134999999999        1.2500000000000000     
 (  25.037575335353523     ,  6.0293720453032824     ) (  25.169844883658019     ,  6.2557929315838843     )
 (-0.10043740929295418     , 0.13400493384561712     ) ( -1.2710833589554665E-009,  2.3838580643156872E-009) ( -1.2710813569661381E-009,  2.3838586781170499E-009) ( 0.16350114524836803     ,-0.19808464729562261     )
   23.700129999999998        1.2500000000000000     
 (  25.192747772515979     ,  6.0828148503173969     ) (  25.325450997346607     ,  6.3106612486747657     )
 (-0.11556411825157929     , 0.11984850741923513     ) ( -1.4575567795560743E-009,  2.2333294140349153E-009) ( -1.4575547837220708E-009,  2.2333300704441140E-009) ( 0.18086516890024237     ,-0.18239565349288647     )
   23.750125000000001        1.2500000000000000     
 (  25.348532067520235     ,  6.1366095596195516     ) (  25.481662178396007     ,  6.3658918373098636     )
 (-0.13060214464225692     , 0.10550885069259443     ) ( -1.6431850365723524E-009,  2.0800423668799258E-009) ( -1.6431830580566625E-009,  2.0800430671101966E-009) ( 0.19811299983416295     ,-0.16644641604287230     )
   23.800120000000000        1.2500000000000000     
 (  25.504928880065524     ,  6.1907578093780575     ) (  25.638478119791092     ,  6.4214862213986725     )
 (-0.14554276605233421     ,  9.0995407083298480E-002) ( -1.8278266366750204E-009,  1.9240883726318862E-009) ( -1.8278246303314564E-009,  1.9240891137073678E-009) ( 0.21523161539041127     ,-0.15024625127590938     )
   23.850114999999999        1.2500000000000000     
 (  25.661937937767000     ,  6.2452615524829254     ) (  25.795899750079574     ,  6.4774460083172727     )
 (-0.16037589475086148     ,  7.6316570956458649E-002) ( -2.0113692614768543E-009,  1.7655562174394814E-009) ( -2.0113672341158478E-009,  1.7655570144735857E-009) ( 0.23221003335241808     ,-0.13380464179697091     )
   23.900109999999998        1.2500000000000000     
 (  25.819560093335625     ,  6.3001222542652604     ) (  25.953926684994073     ,  6.5337724077362349     )
 (-0.17509323973819624     ,  6.1481962674121558E-002) ( -2.1937018890966997E-009,  1.6045386446441663E-009) ( -2.1936999132695722E-009,  1.6045394943027077E-009) ( 0.24903622583544377     ,-0.11713127492863921     )
   23.950105000000001        1.2500000000000000     
 (  25.977796820768543     ,  6.3553419854244151     ) (  26.112559966540008     ,  6.5904670128970277     )
 (-0.18968569824796874     ,  4.6500437731652064E-002) ( -2.3746790307882278E-009,  1.4411174671927121E-009) ( -2.3746768934871891E-009,  1.4411183703651809E-009) ( 0.26569886785972080     ,-0.10023587375600257     )
   24.000100000000000        1.2500000000000000     
 (  26.136647844694014     ,  6.4109223083671871     ) (  26.271798889444611     ,  6.6475310860804644     )
 (-0.20414394762792440     ,  3.1381856019174606E-002) ( -2.5542049646920028E-009,  1.2754076191812996E-009) ( -2.5542029930233940E-009,  1.2754085803746373E-009) ( 0.28218563846701816     , -8.3129017972168026E-002)
   24.050094999999999        1.2500000000000000     
 (  26.296113975662784     ,  6.4668650405547039     ) (  26.431644066229953     ,  6.7049659291400063     )
 (-0.21845861764186478     ,  1.6135678864693033E-002) ( -2.7321406678042039E-009,  1.1074994686585123E-009) ( -2.7321387537504374E-009,  1.1075004932184287E-009) ( 0.29848607261249105     , -6.5820974734622117E-002)
   24.100089999999998        1.2500000000000000     
 (  26.456196554003682     ,  6.5231716420358170     ) (  26.592096628264201     ,  6.7627728614711549     )
 (-0.23262149680950228     ,  7.7193122114826550E-004) ( -2.9083414995766299E-009,  9.3749409414487844E-010) ( -2.9083395744227915E-009,  9.3749516745164069E-010) ( 0.31458765523746451     , -4.8322480452257961E-002)
   24.150085000000001        1.2500000000000000     
 (  26.616895358164701     ,  6.5798444904186333     ) (  26.753155261306784     ,  6.8209534886863805     )
 (-0.24662385181506333     , -1.4699815191572548E-002) ( -3.0827731385710794E-009,  7.6548969404487750E-010) ( -3.0827712608838561E-009,  7.6549084708599725E-010) ( 0.33047992964789508     , -3.0644371085404062E-002)
   24.200080000000000        1.2500000000000000     
 (  26.778211262223618     ,  6.6368846790048330     ) (  26.914821907054055     ,  6.8795087282236880     )
 (-0.26045727696823451     , -3.0269289340286529E-002) ( -3.2552638214379487E-009,  5.9160484881894583E-010) ( -3.2552619415419198E-009,  5.9160607430233124E-010) ( 0.34615217791587177     , -1.2797790344213932E-002)
   24.250074999999999        1.2500000000000000     
 (  26.940144353005682     ,  6.6942944597917116     ) (  27.077096164708671     ,  6.9384400941106792     )
 (-0.27411286050238204     , -4.5926103360072343E-002) ( -3.4257038382695303E-009,  4.1593708567559998E-010) ( -3.4257020293498836E-009,  4.1593838216069976E-010) ( 0.36159312248179498     ,  5.2058375045934370E-003)
   24.300069999999998        1.2500000000000000     
 (  27.102695604173423     ,  6.7520752441020253     ) (  27.239978189605313     ,  6.9977486761781194     )
 (-0.28758294155307784     , -6.1660204704692911E-002) ( -3.5939754488100265E-009,  2.3859929717326956E-010) ( -3.5939736631827175E-009,  2.3860067130662119E-010) ( 0.37679224466264594     ,  2.3355029700145857E-002)
   24.350065000000001        1.2500000000000000     
 (  27.265865883705903     ,  6.8102289386608552     ) (  27.403468657979630     ,  7.0574357881498093     )
 (-0.30085977569037275     , -7.7461242063184929E-002) ( -3.7599997175434314E-009,  5.9707671656360423E-011) ( -3.7599979290089623E-009,  5.9709124725419462E-011) ( 0.39173925662703635     ,  4.1638046352902511E-002)
   24.400060000000000        1.2500000000000000     
 (  27.429654452613224     ,  6.8687568879408794     ) (  27.567567964049744     ,  7.1175026403439272     )
 (-0.31393505724779380     , -9.3318373057788381E-002) ( -3.9236194659803614E-009, -1.2062873289520765E-010) ( -3.9236177281251970E-009, -1.2062719497907062E-010) ( 0.40642330752509170     ,  6.0042790545885322E-002)
   24.450054999999999        1.2500000000000000     
 (  27.594063125587397     ,  6.9276613818488944     ) (  27.732276313647649     ,  7.1779503208730171     )
 (-0.32680055030302035     ,-0.10922118346209082     ) ( -4.0847851451954885E-009, -3.0229450404847031E-010) ( -4.0847835125967956E-009, -3.0229284005197562E-010) ( 0.42083446755729181     ,  7.8557353727578924E-002)
   24.500049999999998        1.2500000000000000     
 (  27.759092037379968     ,  6.9869435762947889     ) (  27.897593704681949     ,  7.2387802843753484     )
 (-0.33944957074569676     ,-0.12515904005689141     ) ( -4.2433455027340657E-009, -4.8516600907545547E-010) ( -4.2433439971233239E-009, -4.8516429534011311E-010) ( 0.43496368369971095     ,  9.7169372740278412E-002)
   24.550045000000001        1.2500000000000000     
 (  27.924740763831831     ,  7.0466057041515207     ) (  28.063521565197277     ,  7.2999932195637873     )
 (-0.35187448792685189     ,-0.14112084665320634     ) ( -4.3992253236098358E-009, -6.6913472414504525E-010) ( -4.3992238397743962E-009, -6.6913295738589430E-010) ( 0.44879993762981235     , 0.11586645040960471     )
   24.600040000000000        1.2500000000000000     
 (  28.091011195970452     ,  7.1066488713910028     ) (  28.230059541119793     ,  7.3615907439336823     )
 (-0.36406879324465147     ,-0.15709573033379479     ) ( -4.5523033513492250E-009, -8.5406097038465390E-010) ( -4.5523019310306263E-009, -8.5405906335830293E-010) ( 0.46233418100107054     , 0.13463561715532885     )
   24.650034999999999        1.2500000000000000     
 (  28.257902942888016     ,  7.1670752170707894     ) (  28.397208174639086     ,  7.4235737247143563     )
 (-0.37602366683276206     ,-0.17307314505730631     ) ( -4.7024592814805557E-009, -1.0398450570155867E-009) ( -4.7024578918923066E-009, -1.0398430363383439E-009) ( 0.47555761234711574     , 0.15346475209920185     )
   24.700029999999998        1.2500000000000000     
 (  28.425416008699873     ,  7.2278862055132880     ) (  28.564967377418196     ,  7.4859434068951591     )
 (-0.38773341444497283     ,-0.18904179549613537     ) ( -4.8496416916881215E-009, -1.2263494565065506E-009) ( -4.8496404313916820E-009, -1.2263473229746975E-009) ( 0.48846055659496174     , 0.17234034915823288     )
   24.750025000000001        1.2500000000000000     
 (  28.593551332797887     ,  7.2890835068250412     ) (  28.733337774332984     ,  7.5487008483520510     )
 (-0.39919174718418360     ,-0.20499075096587918     ) ( -4.9937263227144362E-009, -1.4134525072153562E-009) ( -4.9937251828936452E-009, -1.4134502605211296E-009) ( 0.50103452015447214     , 0.19124971214463932     )
   24.800020000000000        1.2500000000000000     
 (  28.762308991506863     ,  7.3506689559370404     ) (  28.902320897438280     ,  7.6118472535407129     )
 (-0.41039174740259077     ,-0.22090883525869792     ) ( -5.1346649154147085E-009, -1.6010264155508356E-009) ( -5.1346638080715115E-009, -1.6010240597250528E-009) ( 0.51327078825895012     , 0.21017968775680945     )
   24.850014999999999        1.2500000000000000     
 (  28.931689774517121     ,  7.4126439605568661     ) (  29.071916742866144     ,  7.6753837402670797     )
 (-0.42132790248435914     ,-0.23678497608057694     ) ( -5.2723126082829759E-009, -1.7889460458074962E-009) ( -5.2723116917709799E-009, -1.7889435543135185E-009) ( 0.52516220167635475     , 0.22911673644563665     )
   24.900009999999998        1.2500000000000000     
 (  29.101693956315753     ,  7.4750102798430795     ) (  29.242125225743415     ,  7.7393110857117389     )
 (-0.43199321134640989     ,-0.25260816137752645     ) ( -5.4066320473951448E-009, -1.9770825593399489E-009) ( -5.4066319862390955E-009, -1.9770799350910922E-009) ( 0.53669867389397119     , 0.24804775729510758     )
   24.950005000000001        1.2500000000000000     
 (  29.272321014020807     ,  7.5377693590190029     ) (  29.412947303191878     ,  7.8036308079934988     )
 (-0.44238249327479379     ,-0.26836697674820476     ) ( -5.5374538676522304E-009, -2.1652991033965087E-009) ( -5.5374531777021661E-009, -2.1652963989568674E-009) ( 0.54787411398143326     , 0.26695939028691940     )
   25.000000000000000        1.2500000000000000     
 (  29.443572365715465     ,  7.6009231454673643     ) (  29.584383517131172     ,  7.8683438183495520     )
 (-0.45248939980216107     ,-0.28405049640470970     ) ( -5.6647897539355894E-009, -2.3534739899061302E-009) ( -5.6647892331452781E-009, -2.3534710884406941E-009) ( 0.55868012923635635     , 0.28583778727885767     )
