   31.557105263157897     
   243.16000000000000     
   1.0705463513684064        3.6110392961402240E-005
         501           1
 
   51.000000000000000        51.000000000000000     
   2.5000000000000001E-003   1.2500000000000000     
 (  2.8661279500209141E-011,  1.4417585545284850E-014) (  2.8882104869074058E-011,  1.4640035774508990E-014)
 (  2.8661276617230833E-011,  1.4417584064738103E-014) (  1.8176093455612553E-018,  9.2132709566289904E-022) (  1.8176093455612549E-018,  9.2132709566289923E-022) ( -2.8882101968936928E-011, -1.4640034276428339E-014)
   5.2495000000000000E-002   1.2500000000000000     
 (  2.6535744463393627E-007,  1.3349363859456493E-010) (  2.6740195605514071E-007,  1.3555335045951555E-010)
 (  2.6534567603368630E-007,  1.3348759485037705E-010) (  1.6827404149780588E-014,  8.5302638022008277E-018) (  1.6827404149780588E-014,  8.5302638022008277E-018) ( -2.6739011741075170E-007, -1.3554723513986244E-010)
  0.10249000000000000        1.2500000000000000     
 (  1.9748192129619583E-006,  9.9393468592855861E-010) (  1.9900351804281723E-006,  1.0092710165161874E-009)
 (  1.9744853832130410E-006,  9.9376324765927107E-010) (  1.2521584845366208E-013,  6.3504585614300726E-017) (  1.2521584845366208E-013,  6.3504585614300726E-017) ( -1.9896993637547869E-006, -1.0090975478704504E-009)
  0.15248500000000001        1.2500000000000000     
 (  6.5038886176197657E-006,  3.2774096500994545E-009) (  6.5540041256224293E-006,  3.3279827371852327E-009)
 (  6.5014551568002724E-006,  3.2761599393240228E-009) (  4.1230292674768581E-013,  2.0935733334079522E-016) (  4.1230292674768551E-013,  2.0935733334079507E-016) ( -6.5515561805071084E-006, -3.3267182252062915E-009)
  0.20247999999999999        1.2500000000000000     
 (  1.5228265955803323E-005,  7.6915966438911256E-009) (  1.5345617413016278E-005,  7.8102938761462861E-009)
 (  1.5218220740357783E-005,  7.6864378531799750E-009) (  9.6509572314517607E-013,  4.9118997696429314E-016) (  9.6509572314517466E-013,  4.9118997696429166E-016) ( -1.5335512403867710E-005, -7.8050739827305647E-009)
  0.25247500000000000        1.2500000000000000     
 (  2.9523986639546520E-005,  1.4968664981692944E-008) (  2.9751526108128634E-005,  1.5199689395590618E-008)
 (  2.9493711300264190E-005,  1.4953116698422700E-008) (  1.8704096820800660E-012,  9.5555971518755577E-016) (  1.8704096820800563E-012,  9.5555971518754452E-016) ( -2.9721070541631288E-005, -1.5183956938823570E-008)
  0.30247000000000002        1.2500000000000000     
 (  5.0767529691579095E-005,  2.5883136992208936E-008) (  5.1158843221253212E-005,  2.6282672705241732E-008)
 (  5.0692825340135050E-005,  2.5844771078926775E-008) (  3.2148064128734871E-012,  1.6515850092570751E-015) (  3.2148064128734329E-012,  1.6515850092570202E-015) ( -5.1083694123624537E-005, -2.6243852295736977E-008)
  0.35246499999999997        1.2500000000000000     
 (  8.0335925032446213E-005,  4.1274688443903204E-008) (  8.0955244737304112E-005,  4.1911931306202059E-008)
 (  8.0175437873927991E-005,  4.1192265507874038E-008) (  5.0845304864243552E-012,  2.6323675284328878E-015) (  5.0845304864241347E-012,  2.6323675284326603E-015) ( -8.0793802031311885E-005, -4.1828531847280853E-008)
  0.40245999999999998        1.2500000000000000     
 (  1.1960685428476475E-004,  6.2075848760599797E-008) (  1.2052907796175237E-004,  6.3034475157895276E-008)
 (  1.1929540412148199E-004,  6.1915890404225611E-008) (  7.5654468832474225E-012,  3.9567271134401305E-015) (  7.5654468832467133E-012,  3.9567271134393724E-015) ( -1.2021577319305274E-004, -6.2872621400181389E-008)
  0.45245499999999994        1.2500000000000000     
 (  1.6995878229450687E-004,  8.9344562589135869E-008) (  1.7126951186668157E-004,  9.0724714840851560E-008)
 (  1.6939959764436735E-004,  8.9057360619896758E-008) (  1.0742981317463392E-011,  5.6912476863144387E-015) (  1.0742981317461353E-011,  5.6912476863122795E-015) ( -1.7070699695126250E-004, -9.0434109170969126E-008)
  0.50244999999999995        1.2500000000000000     
 (  2.3277102139753749E-004,  1.2430151290875269E-007) (  2.3456655923631469E-004,  1.2622239301193901E-007)
 (  2.3182688534426163E-004,  1.2381657662035025E-007) (  1.4702052756011660E-011,  7.9126286544704617E-015) (  1.4702052756006338E-011,  7.9126286544650675E-015) ( -2.3361679947790569E-004, -1.2573170851017073E-007)
  0.55244499999999985        1.2500000000000000     
 (  3.0942384506444043E-004,  1.6837218373992338E-007) (  3.1181126847743072E-004,  1.7097535170775226E-007)
 (  3.0790715685856672E-004,  1.6759312596652721E-007) (  1.9527016927412859E-011,  1.0710340692253665E-014) (  1.9527016927400832E-011,  1.0710340692240846E-014) ( -3.1028554466683370E-004, -1.7018705723664174E-007)
  0.60243999999999998        1.2500000000000000     
 (  4.0129864822026443E-004,  2.2323354387852681E-007) (  4.0439576976060985E-004,  2.2668696024653888E-007)
 (  3.9896040566264189E-004,  2.2203240594739388E-007) (  2.5301600976252048E-011,  1.4189574819337626E-014) (  2.5301600976225875E-011,  1.4189574819310016E-014) ( -4.0204359465472643E-004, -2.2547157749957259E-007)
  0.65243499999999988        1.2500000000000000     
 (  5.0977791512919789E-004,  2.9086532308069814E-007) (  5.1371343518127736E-004,  2.9536827771682463E-007)
 (  5.0629562463833826E-004,  2.8907633792407567E-007) (  3.2108845754951736E-011,  1.8474489389989247E-014) (  3.2108845754897601E-011,  1.8474489389932136E-014) ( -5.1021039124102480E-004, -2.9355806932210003E-007)
  0.70242999999999989        1.2500000000000000     
 (  6.3624546805769288E-004,  3.7360566002282844E-007) (  6.4115887332192906E-004,  3.7939463958209825E-007)
 (  6.3120998742165538E-004,  3.7101845077433564E-007) (  4.0031037949374182E-011,  2.3711735344237806E-014) (  4.0031037949269046E-011,  2.3711735344126169E-014) ( -6.3609337606805756E-004, -3.7677672595978335E-007)
  0.75242499999999990        1.2500000000000000     
 (  7.8208638502882141E-004,  4.7421119201787154E-007) (  7.8812813872152464E-004,  4.8156675643187211E-007)
 (  7.7498770839258492E-004,  4.7056340289559118E-007) (  4.9149656421205442E-011,  3.0074265168124744E-014) (  4.9149656421011132E-011,  3.0074265167917444E-014) ( -7.8098713682747418E-004, -4.7787565692210411E-007)
  0.80241999999999991        1.2500000000000000     
 (  9.4868739697562732E-004,  5.9592132483005580E-007) (  9.5601885887782465E-004,  6.0517632599880413E-007)
 (  9.3889938651980963E-004,  5.9089067694891141E-007) (  5.9545313551306010E-011,  3.7765425429779199E-014) (  5.9545313550952687E-011,  3.7765425429411659E-014) ( -9.4617247382798402E-004, -6.0008591743573411E-007)
  0.85241499999999992        1.2500000000000000     
 (  1.1374364383679723E-003,  7.4252664999102705E-007) (  1.1462299453107161E-003,  7.5407525020970684E-007)
 (  1.1242005145424901E-003,  7.3572241227689252E-007) (  7.1297671220102895E-011,  4.7023275562525511E-014) (  7.1297671222116911E-011,  4.7023275561893514E-014) ( -1.1329150630585622E-003, -7.4719013251773821E-007)
  0.90240999999999982        1.2500000000000000     
 (  1.3497233630346067E-003,  9.1844122541290072E-007) (  1.3601624534646129E-003,  9.3274981085608491E-007)
 (  1.3321311603296084E-003,  9.0939508768073782E-007) (  8.4485429419025492E-011,  5.8125217835953627E-014) (  8.4485429418015608E-011,  5.8125217834896881E-014) ( -1.3424652755437900E-003, -9.2359606524236371E-007)
  0.95240499999999984        1.2500000000000000     
 (  1.5869395868028529E-003,  1.1287789936542032E-006) (  1.5992187403495069E-003,  1.1463980926045683E-006)
 (  1.5639145840560490E-003,  1.1169353219116223E-006) (  9.9186208575480943E-011,  7.1392830485004844E-014) (  9.9186208573834297E-011,  7.1392830483295817E-014) ( -1.5760563030863745E-003, -1.1344134143561522E-006)
   1.0024000000000000        1.2500000000000000     
 (  1.8504784094792114E-003,  1.3794335711659869E-006) (  1.8648034283099434E-003,  1.4010115679931183E-006)
 (  1.8207565438888888E-003,  1.3641390236150124E-006) (  1.1547654568840952E-010,  8.7196961210273747E-014) (  1.1547654568582837E-010,  8.7196961207545803E-014) ( -1.8349040995095990E-003, -1.3855347466405608E-006)
   1.0523950000000000        1.2500000000000000     
 (  2.1417347470741597E-003,  1.6771615874924318E-006) (  2.1583223884553281E-003,  1.7034598039638278E-006)
 (  2.1038440287900369E-003,  1.6576540559554558E-006) (  1.3343176738216077E-010,  1.0596301487452568E-013) (  1.3343176737812320E-010,  1.0596301487031383E-013) ( -2.1202053583070073E-003, -1.6837195167629939E-006)
   1.1023899999999998        1.2500000000000000     
 (  2.4621055769643921E-003,  2.0296699467750668E-006) (  2.4811843582688582E-003,  2.0615799492204876E-006)
 (  2.4143447034418483E-003,  2.0050667848289787E-006) (  1.5312602815606086E-010,  1.2817654002893091E-013) (  1.5312602814992390E-010,  1.2817654002252939E-013) ( -2.4331381222678734E-003, -2.0366828337460889E-006)
   1.1523849999999998        1.2500000000000000     
 (  2.8129900154116008E-003,  2.4457053901349739E-006) (  2.8347994756747247E-003,  2.4842678049376826E-006)
 (  2.7534060126381326E-003,  2.4149908831270493E-006) (  1.7463215691404145E-010,  1.5438891128383128E-013) (  1.7463215690489630E-010,  1.5438891127428892E-013) ( -2.7748593408752726E-003, -2.4531857485868410E-006)
   1.2023800000000000        1.2500000000000000     
 (  3.1957888552248898E-003,  2.9351480180033983E-006) (  3.2205801243778724E-003,  2.9815733108505646E-006)
 (  3.1221537402869462E-003,  2.8971600241101268E-006) (  1.9802164778305301E-010,  1.8522328594481396E-013) (  1.9802164776969257E-010,  1.8522328593079864E-013) ( -3.1465047246394800E-003, -2.9431299037674627E-006)
   1.2523750000000000        1.2500000000000000     
 (  3.6119055285120491E-003,  3.5091070542803530E-006) (  3.6399412099401697E-003,  3.5647990705269087E-006)
 (  3.5216920201112203E-003,  3.4625227572959331E-006) (  2.2336461806102696E-010,  2.2138074723952663E-013) (  2.2336461804166897E-010,  2.2138074721931614E-013) ( -3.5491880776526760E-003, -3.5176551395045777E-006)
   1.3023699999999998        1.2500000000000000     
 (  4.0627450004903478E-003,  4.1800193226128997E-006) (  4.0942995759487497E-003,  4.2466000949427001E-006)
 (  3.9531012843536349E-003,  4.1233399931134292E-006) (  2.5072971046606320E-010,  2.6364651853675502E-013) (  2.5072971043858706E-010,  2.6364651850811591E-013) ( -3.9839997378339374E-003, -4.1892382344029133E-006)
   1.3523649999999998        1.2500000000000000     
 (  4.5497148972801840E-003,  4.9617509242543504E-006) (  4.5850740414525980E-003,  5.0410886391237726E-006)
 (  4.4174384712417063E-003,  4.8932855980425819E-006) (  2.8018403885985350E-010,  3.1289649095919511E-013) (  2.8018403882145179E-010,  3.1289649091885309E-013) ( -4.4520057182691978E-003, -4.9717966173958298E-006)
   1.4023599999999998        1.2500000000000000     
 (  5.0742250150409242E-003,  5.8696996059451457E-006) (  5.1136863593523266E-003,  5.9639388761254741E-006)
 (  4.9157355835486990E-003,  5.7875475575618612E-006) (  3.1179318714651812E-010,  3.7010373418050249E-013) (  3.1179318709314635E-010,  3.7010373412459888E-013) ( -4.9542476829010831E-003, -5.8807918121225335E-006)
   1.4523549999999998        1.2500000000000000     
 (  5.6376868653264609E-003,  6.9209011433444804E-006) (  5.6815603576712004E-003,  7.0324961619713155E-006)
 (  5.4489984009979163E-003,  6.8229329707300029E-006) (  3.4562110181567259E-010,  4.3634528353922669E-013) (  3.4562110174272767E-010,  4.3634528346255557E-013) ( -5.4917412425912904E-003, -6.9333372831676024E-006)
   1.5023499999999999        1.2500000000000000     
 (  6.2415154193653710E-003,  8.1341366180073161E-006) (  6.2901224393971155E-003,  8.2658857088298002E-006)
 (  6.0182072359405330E-003,  8.0179738619602678E-006) (  3.8173006412399734E-010,  5.1280888524985444E-013) (  3.8173006402446368E-010,  5.1280888514575439E-013) ( -6.0654755183136540E-003, -8.1483055873344988E-006)
   1.5523449999999999        1.2500000000000000     
 (  6.8871270700284733E-003,  9.5300397616964770E-006) (  6.9408011641549352E-003,  9.6851265502897308E-006)
 (  6.6243141395225229E-003,  9.3930327525035288E-006) (  4.2018061225919338E-010,  6.0080005390942042E-013) (  4.2018061212585538E-010,  6.0080005376948180E-013) ( -6.6764118831886118E-003, -9.5464405130259282E-006)
   1.6023399999999999        1.2500000000000000     
 (  7.5759408650440093E-003,  1.1131210081997858E-005) (  7.6350281800369006E-003,  1.1313242140485592E-005)
 (  7.2682431973799125E-003,  1.0970413886279473E-005) (  4.6103154201603467E-010,  7.0174891215603634E-013) (  4.6103154183926499E-010,  7.0174891196975945E-013) ( -7.3254839845541602E-003, -1.1150465729828804E-005)
   1.6523349999999999        1.2500000000000000     
 (  8.3093778382590730E-003,  1.2962321001026064E-005) (  8.3742364733330171E-003,  1.3175377531797006E-005)
 (  7.9508890429610696E-003,  1.2774469164635219E-005) (  5.0433974645549578E-010,  8.1721742318421502E-013) (  5.0433974622356209E-010,  8.1721742293859003E-013) ( -8.0135951923724132E-003, -1.2985199707323822E-005)
   1.7023299999999999        1.2500000000000000     
 (  9.0888633158465234E-003,  1.5050234459726726E-005) (  9.1598634680663937E-003,  1.5298914150424424E-005)
 (  8.6731183494058919E-003,  1.4831710274447286E-005) (  5.5016035608757792E-010,  9.4890645425534687E-013) (  5.5016035578364384E-010,  9.4890645393406071E-013) ( -8.7416208536225913E-003, -1.5077667897190153E-005)
   1.7523250000000001        1.2500000000000000     
 (  9.9158216689567927E-003,  1.7424115558149781E-005) (  9.9933471001649090E-003,  1.7713586831456327E-005)
 (  9.4357637835145499E-003,  1.7170920553938009E-005) (  5.9854644319414328E-010,  1.0986629636397848E-012) (  5.9854644280180387E-010,  1.0986629632219229E-012) ( -9.5104035409739034E-003, -1.7457216944647443E-005)
   1.8023199999999997        1.2500000000000000     
 (  1.0791682772982482E-002,  2.0115540992538249E-005) (  1.0876127982832990E-002,  2.0451600240573836E-005)
 (  1.0239629655340433E-002,  1.9823260227739103E-005) (  6.4954911085247234E-010,  1.2684871230024115E-012) (  6.4954911034658181E-010,  1.2684871224629837E-012) ( -1.0320754494499155E-002, -2.0155627776803211E-005)
   1.8523149999999997        1.2500000000000000     
 (  1.1717877298689047E-002,  2.3158618022247589E-005) (  1.1809651656322875E-002,  2.3547748039733814E-005)
 (  1.1085486504062467E-002,  2.2822381868317735E-005) (  7.0321758009123611E-010,  1.4605395887033052E-012) (  7.0321757944514725E-010,  1.4605395880120871E-012) ( -1.1173454989772296E-002, -2.3207231134735029E-005)
   1.9023099999999997        1.2500000000000000     
 (  1.2695838489621997E-002,  2.6590095784622870E-005) (  1.2795362864170972E-002,  2.7039531436046489E-005)
 (  1.1974072002822300E-002,  2.6204537636791334E-005) (  7.5959878162130563E-010,  1.6771487036314243E-012) (  7.5959878080328800E-010,  1.6771487027519683E-012) ( -1.2069249892832487E-002, -2.6649021949790586E-005)
   1.9523049999999997        1.2500000000000000     
 (  1.3727002869310797E-002,  3.0449478846301172E-005) (  1.3834712074774169E-002,  3.0967271177690305E-005)
 (  1.2906091027743408E-002,  3.0008688282861205E-005) (  8.1873772785031613E-010,  1.9208172521412006E-012) (  8.1873772681496796E-010,  1.9208172510267645E-012) ( -1.3008853532942035E-002, -3.0520766620076474E-005)
   2.0023000000000000        1.2500000000000000     
 (  1.4812808730977864E-002,  3.4779141667266365E-005) (  1.4929149798557442E-002,  3.5374236868866559E-005)
 (  1.3882213510629023E-002,  3.4276612681465791E-005) (  8.8067710776349052E-010,  2.1942302803080901E-012) (  8.8067710647042648E-010,  2.1942302789077343E-012) ( -1.3992943231784788E-002, -3.4865127195119182E-005)
   2.0522950000000000        1.2500000000000000     
 (  1.5954696682539023E-002,  3.9624439624382375E-005) (  1.6080129689132389E-002,  4.0306751085274748E-005)
 (  1.4903074002107115E-002,  3.9053012950437760E-005) (  9.4545742513492140E-010,  2.5002612664749288E-012) (  9.4545742352223208E-010,  2.5002612645558096E-012) ( -1.5022161603036330E-002, -3.9727759433138264E-005)
   2.1022900000000000        1.2500000000000000     
 (  1.7154107949640476E-002,  4.5033821342006093E-005) (  1.7289107965456192E-002,  4.5814314214784853E-005)
 (  1.5969269656957399E-002,  4.4385620529627481E-005) (  1.0131169398792607E-009,  2.8419795821071323E-012) (  1.0131169378795863E-009,  2.8419795799250694E-012) ( -1.6097115497925193E-002, -4.5157431114890980E-005)
   2.1522849999999996        1.2500000000000000     
 (  1.8412490481062180E-002,  5.1058934941772776E-005) (  1.8557544741774325E-002,  5.1949710944685894E-005)
 (  1.7081365576262851E-002,  5.0325295358249858E-005) (  1.0836917014751936E-009,  3.2226567295613106E-012) (  1.0836916990033219E-009,  3.2226567268585683E-012) ( -1.7218376583173729E-002, -5.1206121254518217E-005)
   2.2022799999999996        1.2500000000000000     
 (  1.9731290347053246E-002,  5.7754743254345097E-005) (  1.9886900088924162E-002,  5.8769137726291817E-005)
 (  1.8239885283600692E-002,  5.6926133002667592E-005) (  1.1572152485235256E-009,  3.6457738514074340E-012) (  1.1572152454898207E-009,  3.6457738480727313E-012) ( -1.8386476649429422E-002, -5.7929139161876413E-005)
   2.2522749999999996        1.2500000000000000     
 (  2.1111958054999831E-002,  6.5179623604692645E-005) (  2.1278637791801686E-002,  6.6332296401327379E-005)
 (  1.9445316853757146E-002,  6.4245555764370294E-005) (  1.2337188334004803E-009,  4.1150270609831002E-012) (  1.2337188296952924E-009,  4.1150270568846408E-012) ( -1.9601911043035040E-002, -6.5385209100215372E-005)
   2.3022699999999996        1.2500000000000000     
 (  2.2555943402399720E-002,  7.3395473709065461E-005) (  2.2734222380205317E-002,  7.4702522619142750E-005)
 (  2.0698107025969241E-002,  7.2344408729893366E-005) (  1.3132311742371325E-009,  4.6343348890470019E-012) (  1.3132311697231140E-009,  4.6343348840351760E-012) ( -2.0865134760888110E-002, -7.3636588521259962E-005)
   2.3522650000000001        1.2500000000000000     
 (  2.4064703319662373E-002,  8.2467821088742416E-005) (  2.4255124669212948E-002,  8.3946880534447018E-005)
 (  2.1998668274863967E-002,  8.1287058373082771E-005) (  1.3957787759102841E-009,  5.2078435537167929E-012) (  1.3957787697834276E-009,  5.2078435476151581E-012) ( -2.2176567605315795E-002, -8.2749151579657737E-005)
   2.4022600000000001        1.2500000000000000     
 (  2.5639691198877938E-002,  9.2465909795146097E-005) (  2.5842813352826541E-002,  9.4136271844083114E-005)
 (  2.3347367891355424E-002,  9.1141467296396145E-005) (  1.4813853683253677E-009,  5.8399330396246569E-012) (  1.4813853610717113E-009,  5.8399330348372287E-012) ( -2.3536585242085808E-002, -9.2792485583117757E-005)
   2.4522550000000001        1.2500000000000000     
 (  2.7282366174188458E-002,  1.0346281770453362E-004) (  2.7498758873474926E-002,  1.0534555907267227E-004)
 (  2.4744536480351652E-002,  1.0197929843034906E-004) (  1.5700721104246239E-009,  6.5352240293456903E-012) (  1.5700721020078508E-009,  6.5352240203881555E-012) ( -2.4945522525210366E-002, -1.0384000091718951E-004)
   2.5022500000000001        1.2500000000000000     
 (  2.8994189074381751E-002,  1.1553552314511772E-004) (  2.9224439123803937E-002,  1.1765362110967513E-004)
 (  2.6190463732595402E-002,  1.1387596699492253E-004) (  1.6618579295312239E-009,  7.2985804357115241E-012) (  1.6618579195632190E-009,  7.2985804275455034E-012) ( -2.6403678486451827E-002, -1.1596897134751240E-004)
   2.5522449999999997        1.2500000000000000     
 (  3.0776620401763832E-002,  1.2876501544191771E-004) (  3.1021330800126340E-002,  1.3114349851065223E-004)
 (  2.7685395713455793E-002,  1.2691073529196392E-004) (  1.7567589400597287E-009,  8.1351175577688314E-012) (  1.7567589287733501E-009,  8.1351175448000660E-012) ( -2.7911307660253393E-002, -1.2926066295258117E-004)
   2.6022399999999997        1.2500000000000000     
 (  3.2631122595815319E-002,  1.4323638111756655E-004) (  3.2890906503188731E-002,  1.4590244386956385E-004)
 (  2.9229536440131244E-002,  1.4116678129072525E-004) (  1.8547882230267640E-009,  9.0502040862512003E-012) (  1.8547882096091049E-009,  9.0502040707194545E-012) ( -2.9468616173426495E-002, -1.4380036600987600E-004)
   2.6522349999999997        1.2500000000000000     
 (  3.4559162488705088E-002,  1.5903888717132400E-004) (  3.4834654148739333E-002,  1.6202206849190909E-004)
 (  3.0823050304189217E-002,  1.5673126302572808E-004) (  1.9559570236772702E-009,  1.0049470142421129E-011) (  1.9559570074603893E-009,  1.0049470123882830E-011) ( -3.1075781113303148E-002, -1.5967752260317379E-004)
   2.7022299999999997        1.2500000000000000     
 (  3.6562206581822763E-002,  1.7626603086699330E-004) (  3.6854051134731204E-002,  1.7959836049148079E-004)
 (  3.2466056803879810E-002,  1.7369534721000196E-004) (  2.0602731021192335E-009,  1.1138807045285521E-011) (  2.0602730833548539E-009,  1.1138807023177513E-011) ( -3.2732923971474592E-002, -1.7698572231387489E-004)
   2.7522249999999997        1.2500000000000000     
 (  3.8641723924045829E-002,  1.9501567459476491E-004) (  3.8950581915270059E-002,  1.9873183343236162E-004)
 (  3.4158633199943791E-002,  1.9215432187491915E-004) (  2.1677418518577806E-009,  1.2324375220452300E-011) (  2.1677418297699002E-009,  1.2324375194218464E-011) ( -3.4440128367494355E-002, -1.9582282783504599E-004)
   2.8022199999999997        1.2500000000000000     
 (  4.0799182886649639E-002,  2.1539006742245947E-004) (  4.1125731624149217E-002,  2.1952755282016295E-004)
 (  3.5900810393241105E-002,  2.1220759283213837E-004) (  2.2783657939877843E-009,  1.3612604300058620E-011) (  2.2783657680810239E-009,  1.3612604268969421E-011) ( -3.6197432644960982E-002, -2.1629097597572223E-004)
   2.8522149999999997        1.2500000000000000     
 (  4.3036053410745644E-002,  2.3749591906924161E-004) (  4.3380986197033303E-002,  2.4209523260262792E-004)
 (  3.7692575120870236E-002,  2.3395873125224380E-004) (  2.3921446259685787E-009,  1.5010197432561353E-011) (  2.3921445956337050E-009,  1.5010197401083231E-011) ( -3.8004829939768343E-002, -2.3849664598702845E-004)
   2.9022099999999997        1.2500000000000000     
 (  4.5353810391284527E-002,  2.6144446758833058E-004) (  4.5717836063491626E-002,  2.6654929151118161E-004)
 (  3.9533873737343968E-002,  2.5751551164970632E-004) (  2.5090754297260699E-009,  1.6524132960364904E-011) (  2.5090753943781848E-009,  1.6524132917056496E-011) ( -3.9862271802032431E-002, -2.6255068554071725E-004)
   2.9522049999999997        1.2500000000000000     
 (  4.7753924222707425E-002,  2.8735156110987572E-004) (  4.8137766186808012E-002,  2.9300900619029459E-004)
 (  4.1424600959763504E-002,  2.8298996297732243E-004) (  2.6291519891280567E-009,  1.8161672050883616E-011) (  2.6291519479411189E-009,  1.8161671999937762E-011) ( -4.1769657345695835E-002, -2.8856843218662346E-004)
   3.0021999999999998        1.2500000000000000     
 (  5.0237869990527796E-002,  3.1533766030386715E-004) (  5.0642270029643360E-002,  3.2159837834265075E-004)
 (  4.3364610423504910E-002,  3.1049833695930392E-004) (  2.7523657010652986E-009,  1.9930348174395545E-011) (  2.7523656533096666E-009,  1.9930348114628398E-011) ( -4.3726847586863592E-002, -3.1666954450106918E-004)
   3.0521949999999998        1.2500000000000000     
 (  5.2807122188805650E-002,  3.4552793083245060E-004) (  5.3232839695136015E-002,  3.5244637332380971E-004)
 (  4.5353707760866745E-002,  3.4016116347976473E-004) (  2.8787048907534719E-009,  2.1837979718722192E-011) (  2.8787048327322808E-009,  2.1837979648641363E-011) ( -4.5733654538134626E-002, -3.4697820288986237E-004)
   3.1021899999999998        1.2500000000000000     
 (  5.5463158703940765E-002,  3.7805223908975096E-004) (  5.5910965474154431E-002,  3.8568691320088242E-004)
 (  4.7391655131640481E-002,  3.7210320736191506E-004) (  3.0081548162157949E-009,  2.3892667024429163E-011) (  3.0081547523279746E-009,  2.3892666942464153E-011) ( -4.7789841954198407E-002, -3.7962306186648903E-004)
   3.1521849999999998        1.2500000000000000     
 (  5.8207453735656646E-002,  4.1304522165360916E-004) (  5.8678140472299752E-002,  4.2145884426428331E-004)
 (  4.9478164626039850E-002,  4.0645349543369345E-004) (  3.1406979105269824E-009,  2.6102787618092995E-011) (  3.1406978369523494E-009,  2.6102787533045949E-011) ( -4.9895127933211103E-002, -4.1473717359298779E-004)
   3.2021799999999998        1.2500000000000000     
 (  6.1041485443908049E-002,  4.5064630547414248E-004) (  6.1535860390823108E-002,  4.5990615270478539E-004)
 (  5.1612903433505289E-002,  4.4334529131559317E-004) (  3.2763137407192653E-009,  2.8477006862873160E-011) (  3.2763136561852047E-009,  2.8477006751528133E-011) ( -5.2049185530226784E-002, -4.5245815596089517E-004)
   3.2521749999999998        1.2500000000000000     
 (  6.3966733491364974E-002,  4.9099972087803933E-004) (  6.4485619722767173E-002,  5.0117774308571417E-004)
 (  5.3795493917277497E-002,  4.8291605967484862E-004) (  3.4149788833230109E-009,  3.1024260912696661E-011) (  3.4149787862784701E-009,  3.1024260780537510E-011) ( -5.4251639693505216E-002, -4.9292792149012682E-004)
   3.3021699999999998        1.2500000000000000     
 (  6.6984669237054859E-002,  5.3425452426813277E-004) (  6.7528913319562525E-002,  5.4542774084473183E-004)
 (  5.6025502113698764E-002,  5.2530743609876379E-004) (  3.5566668137489893E-009,  3.3753772259655929E-011) (  3.5566667028223751E-009,  3.3753772109305765E-011) ( -5.6502066270593856E-002, -5.3629292382916926E-004)
   3.3521649999999998        1.2500000000000000     
 (  7.0096777970244759E-002,  5.8056459273235700E-004) (  7.0667231748516357E-002,  5.9281521878322494E-004)
 (  5.8302460328148280E-002,  5.7066516729345029E-004) (  3.7013477518917914E-009,  3.6675029122081670E-011) (  3.7013476251857859E-009,  3.6675028947720960E-011) ( -5.8799989519403476E-002, -5.8270382848527133E-004)
   3.4021599999999999        1.2500000000000000     
 (  7.3304531163175063E-002,  6.3008869534079037E-004) (  7.3902072644227351E-002,  6.4350453064268890E-004)
 (  6.0625839201084532E-002,  6.1913912164299504E-004) (  3.8489893645422307E-009,  3.9797802461758803E-011) (  3.8489892180661028E-009,  3.9797802260005852E-011) ( -6.1144892529090805E-002, -6.3231578326259253E-004)
   3.4521549999999999        1.2500000000000000     
 (  7.6609407572629684E-002,  6.8299040196104699E-004) (  7.7234933561356384E-002,  6.9766507040740287E-004)
 (  6.2995068474040308E-002,  6.7088313557879271E-004) (  3.9995562964879659E-009,  4.3132126780640320E-011) (  3.9995561321783575E-009,  4.3132126547442143E-011) ( -6.3536210473901747E-002, -6.8528811158671170E-004)
   3.5021500000000003        1.2500000000000000     
 (  8.0012890385627811E-002,  7.3943811036904076E-004) (  8.0667312795254020E-002,  7.5547136246510531E-004)
 (  6.5409535388704990E-002,  7.2605497188540013E-004) (  4.1530100955249925E-009,  4.6688301428258859E-011) (  4.1530099090045168E-009,  4.6688301128092521E-011) ( -6.5973330133182323E-002, -7.4178433277994704E-004)
   3.5521449999999994        1.2500000000000000     
 (  8.3516450093643640E-002,  7.9960505320540102E-004) (  8.4200694696383402E-002,  8.1710309893646439E-004)
 (  6.7868566187420029E-002,  7.8481625628706202E-004) (  4.3093085726076980E-009,  5.0476888431191382E-011) (  4.3093083638420418E-009,  5.0476888089800811E-011) ( -6.8455576788069850E-002, -8.0197212499211429E-004)
   3.6021399999999995        1.2500000000000000     
 (  8.7121566680265841E-002,  8.6366920591522830E-004) (  8.7836585732581088E-002,  8.8274501660558051E-004)
 (  7.0371448340092416E-002,  8.4733230835517181E-004) (  4.4684077201389966E-009,  5.4508699601299488E-011) (  4.4684074810466021E-009,  5.4508699244056925E-011) ( -7.0982248852134139E-002, -8.6602312247775824E-004)
   3.6521349999999995        1.2500000000000000     
 (  9.0829715283736095E-002,  9.3181342215524141E-004) (  9.1576478490952073E-002,  9.5258699262337602E-004)
 (  7.2917417852555386E-002,  9.1377219586515838E-004) (  4.6302598112662901E-009,  5.8794797652071667E-011) (  4.6302595320559196E-009,  5.8794797241211161E-011) ( -7.3552583842900518E-002, -9.3411292758094713E-004)
   3.7021299999999995        1.2500000000000000     
 (  9.4642367855548151E-002,  1.0042251257430298E-003) (  9.5421852827951625E-002,  1.0268238723945633E-003)
 (  7.5505657623264458E-002,  9.8430834069145761E-004) (  4.7948131088107756E-009,  6.3346479615472494E-011) (  4.7948128101872851E-009,  6.3346479144143172E-011) ( -7.6165757798795766E-002, -1.0064208478403989E-003)
   3.7521249999999995        1.2500000000000000     
 (  9.8561010011832609E-002,  1.0810965894877381E-003) (  9.9374224701980110E-002,  1.1056558440272093E-003)
 (  7.8135319924843447E-002,  1.0591167092860693E-003) (  4.9620153585555042E-009,  6.8175294676333230E-011) (  4.9620150122829537E-009,  6.8175294135498144E-011) ( -7.8820934781949445E-002, -1.0831301800190544E-003)
   3.8021199999999995        1.2500000000000000     
 ( 0.10258710511620256     ,  1.1626245379194990E-003) ( 0.10343506905986770     ,  1.1892876142496054E-003)
 (  8.0805484665929211E-002,  1.1383763180807661E-003) (  5.1318084717641611E-009,  7.3292986025114319E-011) (  5.1318080870862623E-009,  7.3292985343003518E-011) ( -8.1517190278416904E-002, -1.1644272820373804E-003)
   3.8521149999999995        1.2500000000000000     
 ( 0.10672212700270735     ,  1.2490104889869012E-003) ( 0.10760587635786732     ,  1.2779291715570736E-003)
 (  8.3515196511115775E-002,  1.2222694709234318E-003) (  5.3041325451253717E-009,  7.8711532516049625E-011) (  5.3041321198702901E-009,  7.8711531806706384E-011) ( -8.4253567126278892E-002, -1.2505022339107876E-003)
   3.9021099999999995        1.2500000000000000     
 ( 0.11096754859029612     ,  1.3404604070880713E-003) ( 0.11188815199446991     ,  1.3717955186533430E-003)
 (  8.6263451558569904E-002,  1.3109813104220807E-003) (  5.4789255230835355E-009,  8.4443124663697749E-011) (  5.4789250364564096E-009,  8.4443123853096370E-011) ( -8.7029076469895286E-002, -1.3415484534411656E-003)
   3.9521050000000000        1.2500000000000000     
 ( 0.11532484339233059     ,  1.4371846380802288E-003) ( 0.11628336856296555     ,  1.4711060677713647E-003)
 (  8.9049199355815498E-002,  1.4046996387948054E-003) (  5.6561202976974615E-009,  9.0500119805796386E-011) (  5.6561197543336807E-009,  9.0500118817544037E-011) ( -8.9842647911607607E-002, -1.4377619843515001E-003)
   4.0021000000000004        1.2500000000000000     
 ( 0.11979547548148269     ,  1.5393979683140371E-003) ( 0.12079302646985271     ,  1.5760853648899950E-003)
 (  9.1871335712978439E-002,  1.5036148562025235E-003) (  5.8356488114454366E-009,  9.6895079569706332E-011) (  5.8356482090254839E-009,  9.6895078512949185E-011) ( -9.2693195071211112E-002, -1.5393420892401081E-003)
   4.0520950000000004        1.2500000000000000     
 ( 0.12438091282031107     ,  1.6473194688700437E-003) ( 0.12541860842832692     ,  1.6869626067565337E-003)
 (  9.4728709968486244E-002,  1.6079196864605906E-003) (  6.0174385778371979E-009,  1.0364073195129978E-010) (  6.0174378954056784E-009,  1.0364073083099350E-010) ( -9.5579563868811751E-002, -1.6464906391353202E-003)
   4.1020900000000005        1.2500000000000000     
 ( 0.12908262062790898     ,  1.7611725186651363E-003) ( 0.13016159170884523     ,  1.8039716009251880E-003)
 (  9.7620125839071259E-002,  1.7178090595103656E-003) (  6.2014140005493778E-009,  1.1074995972512213E-010) (  6.2014132428268632E-009,  1.1074995835335015E-010) ( -9.8500548373095853E-002, -1.7594119391819208E-003)
   4.1520850000000005        1.2500000000000000     
 ( 0.13390206802508442     ,  1.8811844170268741E-003) ( 0.13502346845177213     ,  1.9273505056619680E-003)
 ( 0.10054434412993012     ,  1.8334796025525370E-003) (  6.3874976735253229E-009,  1.1823577629376819E-010) (  6.3874968349504074E-009,  1.1823577460986703E-010) (-0.10145491294554328     , -1.8783123255828092E-003)
   4.2020800000000005        1.2500000000000000     
 ( 0.13884071533720468     ,  2.0075866294701730E-003) ( 0.14000571869228959     ,  2.0573423513033941E-003)
 ( 0.10350007246397230     ,  1.9551297217907239E-003) (  6.5756083178767127E-009,  1.2611134761980152E-010) (  6.5756073921161170E-009,  1.2611134582662975E-010) (-0.10444136396589866     , -2.0034005338867705E-003)
   4.2520750000000005        1.2500000000000000     
 ( 0.14390000943972628     ,  2.1406147990956975E-003) ( 0.14510981763529845     ,  2.1941944587922568E-003)
 ( 0.10648595984228890     ,  2.0829594806796269E-003) (  6.7656617422249089E-009,  1.3438994741328341E-010) (  6.7656607118360225E-009,  1.3438994537929680E-010) (-0.10745855635139107     , -2.1348869614206357E-003)
   4.3020699999999996        1.2500000000000000     
 ( 0.14908143088264172     ,  2.2805077980801074E-003) ( 0.15033724255471664     ,  2.3381577512481965E-003)
 ( 0.10950063977699620     ,  2.2171694928810504E-003) (  6.9575706776028779E-009,  1.4308490336192766E-010) (  6.9575695275370050E-009,  1.4308490124562874E-010) (-0.11050510159017501     , -2.2729828225489302E-003)
   4.3520649999999996        1.2500000000000000     
 ( 0.15438642367261160     ,  2.4275085295467685E-003) ( 0.15568948409865271     ,  2.4894881639475346E-003)
 ( 0.11254267607956224     ,  2.3579615436648839E-003) (  7.1512464614571866E-009,  1.5220967495047645E-010) (  7.1512452203638055E-009,  1.5220967223707095E-010) (-0.11357958491660362     , -2.4179013784070389E-003)
   4.4020599999999996        1.2500000000000000     
 ( 0.15981644047996765     ,  2.5818635791908166E-003) ( 0.16116799725522862     ,  2.6484456361053456E-003)
 ( 0.11561058440775396     ,  2.5055380909146103E-003) (  7.3465947456790900E-009,  1.6177777848254455E-010) (  7.3465933629533653E-009,  1.6177777571869561E-010) (-0.11668050206929242     , -2.5698567507372876E-003)
   4.4520549999999997        1.2500000000000000     
 ( 0.16537292745721047     ,  2.7438228225491750E-003) ( 0.16677424712266053     ,  2.8152933280033107E-003)
 ( 0.11870284042572296     ,  2.6601016776219648E-003) (  7.5435198006568480E-009,  1.7180272770008444E-010) (  7.5435182677925581E-009,  1.7180272438116577E-010) (-0.11980632699423986     , -2.7290629593435863E-003)
   4.5020499999999997        1.2500000000000000     
 ( 0.17105735527208543     ,  2.9136395574430891E-003) ( 0.17250973391819552     ,  2.9902988197979545E-003)
 ( 0.12181789565118689     ,  2.8218548886710607E-003) (  7.7419246108823235E-009,  1.8229809557490707E-010) (  7.7419229224652057E-009,  1.8229809177947594E-010) (-0.12295551453372761     , -2.8957349133514258E-003)
   4.5520449999999997        1.2500000000000000     
 ( 0.17687115393912706     ,  3.0915700373914628E-003) ( 0.17837589915593849     ,  3.1737331117371310E-003)
 ( 0.12495412345591196     ,  2.9909996799200298E-003) (  7.9417065444902252E-009,  1.9327744020480653E-010) (  7.9417046836565533E-009,  1.9327743592261883E-010) (-0.12612642697133383     , -3.0700872291213113E-003)
   4.6020399999999997        1.2500000000000000     
 ( 0.18281577686674713     ,  3.2778739997008427E-003) ( 0.18437421822456171     ,  3.3658711800348116E-003)
 ( 0.12810987514475475     ,  3.1677377197915574E-003) (  8.1427616893312203E-009,  2.0475432589988663E-010) (  8.1427596323149455E-009,  2.0475432099419722E-010) (-0.12931740978702153     , -3.2523345500577957E-003)
   4.6520349999999997        1.2500000000000000     
 ( 0.18889266266276042     ,  3.4728137737159125E-003) ( 0.19050614997120538     ,  3.5669912046927005E-003)
 ( 0.13128344915585627     ,  3.3522692695937420E-003) (  8.3449833049789201E-009,  2.1674226155008154E-010) (  8.3449810550756739E-009,  2.1674225590444785E-010) (-0.13252675882953599     , -3.4426905731101388E-003)
   4.7020300000000006        1.2500000000000000     
 ( 0.19510325261890327     ,  3.6766543774087450E-003) ( 0.19677315615573054     ,  3.7773740277634925E-003)
 ( 0.13447310341033977     ,  3.5447930757028460E-003) (  8.5482617171419357E-009,  2.2925465213805322E-010) (  8.5482592443719894E-009,  2.2925464580531776E-010) (-0.13575272875587294     , -3.6413672796228452E-003)
   4.7520250000000006        1.2500000000000000     
 ( 0.20144898939026912     ,  3.8896639471850585E-003) ( 0.20317668586743887     ,  3.9973050332634775E-003)
 ( 0.13767706230305315     ,  3.7455065537931368E-003) (  8.7524842377106596E-009,  2.4230490214199665E-010) (  8.7524815527797636E-009,  2.4230489520643111E-010) (-0.13899352177749730     , -3.8485765656807044E-003)
   4.8020200000000006        1.2500000000000000     
 ( 0.20793130175764923     ,  4.1121125652093752E-003) ( 0.20971820769966046     ,  4.2270714191175399E-003)
 ( 0.14089348693434800     ,  3.9546044152278500E-003) (  8.9575361956486123E-009,  2.5590623000215574E-010) (  8.9575332447431555E-009,  2.5590622262749461E-010) (-0.14224731155661430     , -4.0645272756415773E-003)
   4.8520150000000006        1.2500000000000000     
 ( 0.21455161834770764     ,  4.3442731833523030E-003) ( 0.21639915666790208     ,  4.4669636438382978E-003)
 ( 0.14412051316146043     ,  4.1722793216539544E-003) (  9.1632994341108359E-009,  2.7007174271150433E-010) (  9.1632961920636082E-009,  2.7007173395746328E-010) (-0.14551221266106498     , -4.2894263995359467E-003)
   4.9020100000000006        1.2500000000000000     
 ( 0.22131138482044677     ,  4.5864201530397180E-003) ( 0.22322099899351242     ,  4.7172748920077789E-003)
 ( 0.14735624504910139     ,  4.3987201638615884E-003) (  9.3696547994369229E-009,  2.8481438521147846E-010) (  9.3696512484280899E-009,  2.8481437488819653E-010) (-0.14878632863374036     , -4.5234782888342161E-003)
   4.9520050000000007        1.2500000000000000     
 ( 0.22821132640263031     ,  4.8388290573168763E-003) ( 0.23018507268304103     ,  4.9783013022285496E-003)
 ( 0.15059942032863449     ,  4.6341146802268843E-003) (  9.5765087580414711E-009,  3.0014700004207683E-010) (  9.5765089398610240E-009,  3.0014700127418955E-010) (-0.15206776530485494     , -4.7668850369036566E-003)
   5.0020000000000007        1.2500000000000000     
 ( 0.23525419862945376     ,  5.1017817074727797E-003) ( 0.23729301753488183     ,  5.2503409557043464E-003)
 ( 0.15384674355180489     ,  4.8786424636948714E-003) (  9.7836796521570237E-009,  3.1608201041397931E-010) (  9.7836798548936582E-009,  3.1608201179173687E-010) (-0.15535438946209990     , -5.0198434166624827E-003)
   5.0519950000000007        1.2500000000000000     
 ( 0.24244078182132875     ,  5.3755569679093838E-003) ( 0.24454616670267415     ,  5.5336939636862073E-003)
 ( 0.15709681500396025     ,  5.1324825366781028E-003) (  9.9910658403956905E-009,  3.3263175186420227E-010) (  9.9910660615611547E-009,  3.3263175290263530E-010) (-0.15864421863878508     , -5.2825473252153567E-003)
   5.1019899999999998        1.2500000000000000     
 ( 0.24977250044378549     ,  5.6604368470052988E-003) ( 0.25194598688621433     ,  5.8286637118715430E-003)
 ( 0.16034758343882966     ,  5.3958080935656407E-003) (  1.0198539690995871E-008,  3.4980830536017926E-010) (  1.0198539936406806E-008,  3.4980830707011063E-010) (-0.16193521624207022     , -5.5551869552251422E-003)
   5.1519849999999998        1.2500000000000000     
 ( 0.25725078310689065     ,  5.9567048580825314E-003) ( 0.25949391068598188     ,  6.1355544304042458E-003)
 ( 0.16359695829294083     ,  5.6687873463812273E-003) (  1.0405968153624108E-008,  3.6762338618176621E-010) (  1.0405968408824572E-008,  3.6762338808616274E-010) (-0.16522526240605706     , -5.8379465361872726E-003)
   5.2019799999999998        1.2500000000000000     
 ( 0.26487703207250074     ,  6.2646458296347551E-003) ( 0.26719134938625527     ,  6.4546722424502490E-003)
 ( 0.16684279605347033     ,  5.9515829219266283E-003) (  1.0613215758605963E-008,  3.8608838462599680E-010) (  1.0613216018478050E-008,  3.8608838625006383E-010) (-0.16851219734235900     , -6.1310050152441698E-003)
   5.2519749999999998        1.2500000000000000     
 ( 0.27265266966327834     ,  6.5845454741057059E-003) ( 0.27503976153886833     ,  6.7863261757268182E-003)
 ( 0.17008294954432163     ,  6.2443512370746667E-003) (  1.0820147301875161E-008,  4.0521441473119195E-010) (  1.0820147614495190E-008,  4.0521441659106181E-010) (-0.17179386573675637     , -6.4345368581669171E-003)
   5.3019699999999998        1.2500000000000000     
 ( 0.28057910088342469     ,  6.9166903837282624E-003) ( 0.28304056238441083     ,  7.1308248809537197E-003)
 ( 0.17331520475860970     ,  6.5472420344779734E-003) (  1.1026622902254559E-008,  4.2501208270260919E-010) (  1.1026623265766423E-008,  4.2501208481037892E-010) (-0.17506803887184302     , -6.7487082551477813E-003)
   5.3519649999999999        1.2500000000000000     
 ( 0.28865774869154337     ,  7.2613685375887069E-003) ( 0.29119518847903403     ,  7.4884807298384003E-003)
 ( 0.17653735306816218     ,  6.8603986655467507E-003) (  1.1232503194046676E-008,  4.4549172470038852E-010) (  1.1232503561828597E-008,  4.4549172660614343E-010) (-0.17833249179463695     , -7.0736809954097804E-003)
   5.4019599999999999        1.2500000000000000     
 ( 0.29689001469463050     ,  7.6188681649380051E-003) ( 0.29950506092335977     ,  7.8596051581639251E-003)
 ( 0.17974711714797600     ,  7.1839566180449911E-003) (  1.1437643667402515E-008,  4.6666309466434081E-010) (  1.1437644081543614E-008,  4.6666309786925861E-010) (-0.18158492691217121     , -7.4096074317097282E-003)
   5.4519549999999999        1.2500000000000000     
 ( 0.30527729123770941     ,  7.9894776713937739E-003) ( 0.30797157121975594     ,  8.2445110704234374E-003)
 ( 0.18294220334726241     ,  7.5180430382927174E-003) (  1.1641898759927172E-008,  4.8853548990172828E-010) (  1.1641899244829484E-008,  4.8853549246921221E-010) (-0.18482301834575776     , -7.7566325328486604E-003)
   5.5019499999999999        1.2500000000000000     
 ( 0.31382101252990480     ,  8.3734869407152430E-003) ( 0.31659621795966486     ,  8.6435143326236835E-003)
 ( 0.18612032055215824     ,  7.8627776905317599E-003) (  1.1845126464137188E-008,  5.1111782409926971E-010) (  1.1845126962898440E-008,  5.1111782636670371E-010) (-0.18804449963958067     , -8.1148949561726334E-003)
   5.5519449999999999        1.2500000000000000     
 ( 0.32252255071716113     ,  8.7711853289112254E-003) ( 0.32538033567552421     ,  9.0569300223743900E-003)
 ( 0.18927908580999914     ,  8.2182706280355920E-003) (  1.2047173000227186E-008,  5.3441836628804838E-010) (  1.2047173582119827E-008,  5.3441837063239724E-010) (-0.19124692924706951     , -8.4845229875306783E-003)
   5.6019399999999999        1.2500000000000000     
 ( 0.33138332984348257     ,  9.1828623256396524E-003) ( 0.33432537995463429     ,  9.4850730978269376E-003)
 ( 0.19241615795134989     ,  8.5846224424188829E-003) (  1.2247890514348215E-008,  5.5844476220878233E-010) (  1.2247891117968977E-008,  5.5844476599599589E-010) (-0.19442793966552760     , -8.8656347318656053E-003)
   5.6519349999999999        1.2500000000000000     
 ( 0.34040475167815459     ,  9.6088076664103371E-003) ( 0.34343279600197557     ,  9.9282611795642028E-003)
 ( 0.19552913429467181     ,  8.9619240721758725E-003) (  1.2447129145017249E-008,  5.8320418122656277E-010) (  1.2447129815378777E-008,  5.8320418648775200E-010) (-0.19758514677421088     , -9.2583406090913246E-003)
   5.7019299999999999        1.2500000000000000     
 ( 0.34958819518280587     ,  1.0049311316243098E-002) ( 0.35270394246150577     ,  1.0386811293445477E-002)
 ( 0.19861557048071121     ,  9.3502562491081104E-003) (  1.2644732107539899E-008,  6.0870308948604155E-010) (  1.2644732843895237E-008,  6.0870309427807896E-010) (-0.20071605511042354     , -9.6627396052588795E-003)
   5.7519250000000000        1.2500000000000000     
 ( 0.35893506739065739     ,  1.0504662429427217E-002) ( 0.36214026736067206     ,  1.0861040066220417E-002)
 ( 0.20167303362916397     ,  9.7496882627878586E-003) (  1.2840546491522908E-008,  6.3494723487278112E-010) (  1.2840547304833451E-008,  6.3494724026644302E-010) (-0.20381822055966251     , -1.0078919100945428E-002)
   5.8019200000000000        1.2500000000000000     
 ( 0.36844679143110537     ,  1.0975150388114818E-002) ( 0.37174317407245339     ,  1.1351265715781622E-002)
 ( 0.20469908843616966     ,  1.0160278408484456E-002) (  1.3034416593156986E-008,  6.6194174856576346E-010) (  1.3034417484047471E-008,  6.6194175459723920E-010) (-0.20688916150285144     , -1.0506956399097579E-002)
   5.8519150000000009        1.2500000000000000     
 ( 0.37812472133235075     ,  1.1461064141034850E-002) ( 0.38151407447885999     ,  1.1857806534586892E-002)
 ( 0.20769120389032847     ,  1.0582073077327654E-002) (  1.3226184331790600E-008,  6.8969101589362306E-010) (  1.3226185306143495E-008,  6.8969102258803236E-010) (-0.20992635982183155     , -1.0946916794029234E-002)
   5.9019100000000000        1.2500000000000000     
 ( 0.38797028134005679     ,  1.1962691735545671E-002) ( 0.39145434439579141     ,  1.2380980160826159E-002)
 ( 0.21064689727295741     ,  1.1015105738805035E-002) (  1.3415688957020567E-008,  7.1819861833396510E-010) (  1.3415690016542235E-008,  7.1819862478864092E-010) (-0.21292725253882594     , -1.1398852465009218E-002)
   5.9519050000000000        1.2500000000000000     
 ( 0.39798487567293633     ,  1.2480321212539674E-002) ( 0.40156546537535592     ,  1.2921104790433782E-002)
 ( 0.21356366506910185     ,  1.1459397592076146E-002) (  1.3602775518664683E-008,  7.4746736948238002E-010) (  1.3602776683550368E-008,  7.4746737672389526E-010) (-0.21588936823451138     , -1.1862803114765213E-002)
   6.0019000000000000        1.2500000000000000     
 ( 0.40816987035625840     ,  1.3014240008852922E-002) ( 0.41184878182943607     ,  1.3478498501516334E-002)
 ( 0.21643893506899800     ,  1.1914956205008369E-002) (  1.3787278628879490E-008,  7.7749923809287717E-010) (  1.3787279888632817E-008,  7.7749924823952114E-010) (-0.21881006795557464     , -1.2338794961559773E-002)
   6.0518950000000000        1.2500000000000000     
 ( 0.41852667288586326     ,  1.3564733947185145E-002) ( 0.42230570270226248     ,  1.4053477663020342E-002)
 ( 0.21927016839153518     ,  1.2381774575198141E-002) (  1.3969037253617799E-008,  8.0829525494868683E-010) (  1.3969038640993000E-008,  8.0829526404055516E-010) (-0.22168679205336606     , -1.2826838674419231E-002)
   6.1018900000000000        1.2500000000000000     
 ( 0.42905668746121589     ,  1.4132089705447569E-002) ( 0.43293767683559042     ,  1.4646361673627820E-002)
 ( 0.22205482217939088     ,  1.2859832636935372E-002) (  1.4147891146445330E-008,  8.3985573467052451E-010) (  1.4147892661670165E-008,  8.3985574477417432E-010) (-0.22451697119851910     , -1.3326933632619928E-002)
   6.1518850000000000        1.2500000000000000     
 ( 0.43976130228065180     ,  1.4716592638510634E-002) ( 0.44374607663319293     ,  1.5257466966599664E-002)
 ( 0.22479029847435172     ,  1.3349095064321959E-002) (  1.4323674313966746E-008,  8.7217991568400642E-010) (  1.4323675924391747E-008,  8.7217992692648344E-010) (-0.22729797871819546     , -1.3839061439484084E-002)
   6.2018800000000001        1.2500000000000000     
 ( 0.45064192475245790     ,  1.5318526303296855E-002) ( 0.45473233325308393     ,  1.5887110091553188E-002)
 ( 0.22747403404695365     ,  1.3849510073570425E-002) (  1.4496224987228025E-008,  9.0526607795707485E-010) (  1.4496226741274484E-008,  9.0526608911459567E-010) (-0.23002721744788454     , -1.4363188390372955E-002)
   6.2518750000000001        1.2500000000000000     
 ( 0.46169995107668860     ,  1.5938175804298016E-002) ( 0.46589784346931939     ,  1.6535609381920897E-002)
 ( 0.23010342404377865     ,  1.4361012245431874E-002) (  1.4665376891436813E-008,  9.3911166068773102E-010) (  1.4665378801116963E-008,  9.3911167442225590E-010) (-0.23270204490740717     , -1.4899267085889321E-002)
   6.3018700000000001        1.2500000000000000     
 ( 0.47293678149818724     ,  1.6575822326266358E-002) ( 0.47724401435067471     ,  1.7203280254451628E-002)
 ( 0.23267589390685714     ,  1.4883517092907429E-002) (  1.4830966135725024E-008,  9.7371291958579750E-010) (  1.4830968212905085E-008,  9.7371293470638695E-010) (-0.23531984313873489     , -1.5447230806422563E-002)
   6.3518650000000001        1.2500000000000000     
 ( 0.48435380282952839     ,  1.7231750396784356E-002) ( 0.48877223319706231     ,  1.7890438867596541E-002)
 ( 0.23518880012330956     ,  1.5416927310531920E-002) (  1.4992824503222996E-008,  1.0090651189155361E-009) (  1.4992826766657536E-008,  1.0090651336429098E-009) (-0.23787793441469476     , -1.6006996835722643E-002)
   6.4018600000000001        1.2500000000000000     
 ( 0.49595242855496363     ,  1.7906237963609201E-002) ( 0.50048394274814978     ,  1.8597399697192856E-002)
 ( 0.23763957824705670     ,  1.5961122527742639E-002) (  1.5150789862105373E-008,  1.0451623570510750E-009) (  1.5150792318052392E-008,  1.0451623753682040E-009) (-0.24037373563810882     , -1.6578463645375078E-002)
   6.4518550000000001        1.2500000000000000     
 ( 0.50773405647805891     ,  1.8599569169676793E-002) ( 0.51238054494543372     ,  1.9324481091433043E-002)
 ( 0.24002558017877379     ,  1.6515971954545388E-002) (  1.5304694375819849E-008,  1.0819979016134455E-009) (  1.5304697045504075E-008,  1.0819979197408679E-009) (-0.24280456770003495     , -1.7161515911382090E-002)
   6.5018500000000001        1.2500000000000000     
 ( 0.51970011129154181     ,  1.9312023495442726E-002) ( 0.52446343363842152     ,  2.0071998588433865E-002)
 ( 0.24234426347699331     ,  1.7081322689238801E-002) (  1.5454372896324299E-008,  1.1195637125244868E-009) (  1.5454375786526880E-008,  1.1195637344499454E-009) (-0.24516779753085544     , -1.7756017195406967E-002)
   6.5518450000000001        1.2500000000000000     
 ( 0.53185198298906322     ,  2.0043878493086333E-002) ( 0.53673403822925747     ,  2.0840263360165066E-002)
 ( 0.24459298442055591     ,  1.7657001892217996E-002) (  1.5599660687957676E-008,  1.1578503142373756E-009) (  1.5599663815215097E-008,  1.1578503363517898E-009) (-0.24746079177465691     , -1.8361808031785033E-002)
   6.6018400000000002        1.2500000000000000     
 ( 0.54419108817681017     ,  2.0795415730714157E-002) ( 0.54919379184038120     ,  2.1629594770642638E-002)
 ( 0.24676914517965073     ,  1.8242822738055348E-002) (  1.5740390565596727E-008,  1.1968475798743267E-009) (  1.5740393898990180E-008,  1.1968476013739934E-009) (-0.24968089522146591     , -1.8978717963915946E-002)
   6.6518350000000002        1.2500000000000000     
 ( 0.55671883891082730     ,  2.1566911839080310E-002) ( 0.56184407303324002     ,  2.2440304785254918E-002)
 ( 0.24887016807988727     ,  1.8838574608255311E-002) (  1.5876398672383479E-008,  1.2365437093023339E-009) (  1.5876402281227546E-008,  1.2365437358857569E-009) (-0.25182548577132752     , -1.9606549518266035E-002)
   6.7018300000000002        1.2500000000000000     
 ( 0.56943665708874147     ,  2.2358645902327418E-002) ( 0.57468631601213471     ,  2.3272709035207513E-002)
 ( 0.25089346353279279     ,  1.9444030056118854E-002) (  1.6007518610621799E-008,  1.2769258636287086E-009) (  1.6007522496727890E-008,  1.2769258928010070E-009) (-0.25389192501958097     , -2.0245088462045532E-002)
   6.7518250000000002        1.2500000000000000     
 ( 0.58234595211054674     ,  2.3170896428509002E-002) ( 0.58772195313770403     ,  2.4127123145211999E-002)
 ( 0.25283645638886609     ,  2.0058941405578637E-002) (  1.6133588036085352E-008,  1.3179799670911016E-009) (  1.6133592325397593E-008,  1.3179799988281798E-009) (-0.25587761228417077     , -2.0894100115832925E-002)
   6.8018200000000002        1.2500000000000000     
 ( 0.59544816325194716     ,  2.4003940371624542E-002) ( 0.60095238472542156     ,  2.5003861552929173E-002)
 ( 0.25469659301909869     ,  2.0683039582637973E-002) (  1.6254441302138974E-008,  1.3596905509727301E-009) (  1.6254445834908058E-008,  1.3596905817495457E-009) (-0.25777990628167802     , -2.1553327503791759E-002)
   6.8518150000000002        1.2500000000000000     
 ( 0.60874470850031936     ,  2.4858055964120371E-002) ( 0.61437907124591695     ,  2.5903239672846020E-002)
 ( 0.25647132483938490     ,  2.1316035415574610E-002) (  1.6369917814245533E-008,  1.4020408519838098E-009) (  1.6369922723210966E-008,  1.4020408860251247E-009) (-0.25959625826899174     , -2.2222492436977985E-002)
   6.9018100000000002        1.2500000000000000     
 ( 0.62223701873373194     ,  2.5733523907251289E-002) ( 0.62800344159995947     ,  2.6825575315917970E-002)
 ( 0.25815810800022942     ,  2.1957621849935140E-002) (  1.6479855871673042E-008,  1.4450129317757744E-009) (  1.6479861185429152E-008,  1.4450129689913051E-009) (-0.26132407409177089     , -2.2901297728445427E-002)
   6.9518050000000002        1.2500000000000000     
 ( 0.63592653541205690     ,  2.6630619374552463E-002) ( 0.64182689767673751     ,  2.7771184395618386E-002)
 ( 0.25975443999482567     ,  2.2607464816768806E-002) (  1.6584092863819917E-008,  1.4885873337274026E-009) (  1.6584098603602421E-008,  1.4885873784797564E-009) (-0.26296077349582286     , -2.3589421062976512E-002)
   7.0018000000000011        1.2500000000000000     
 ( 0.64981465968619423     ,  2.7549624028234247E-002) ( 0.65585086672952830     ,  2.8740382562771661E-002)
 ( 0.26125779036161961     ,  2.3265213997257742E-002) (  1.6682467967064914E-008,  1.5327431320079904E-009) (  1.6682474067394840E-008,  1.5327431768037064E-009) (-0.26450378651055867     , -2.4286516873438087E-002)
   7.0517949999999994        1.2500000000000000     
 ( 0.66390290278442565     ,  2.8490817065443784E-002) ( 0.67007685756311119     ,  2.9733490670871093E-002)
 ( 0.26266575527779024     ,  2.3930494880012941E-002) (  1.6774828573565714E-008,  1.5774583186963772E-009) (  1.6774835142157212E-008,  1.5774583621782362E-009) (-0.26595067474451489     , -2.4992221455520651E-002)
   7.1017899999999994        1.2500000000000000     
 ( 0.67819265112332239     ,  2.9454478581315217E-002) ( 0.68450622727053045     ,  3.0750826410680575E-002)
 ( 0.26397582541698017     ,  2.4602910912972103E-002) (  1.6861011281912402E-008,  1.6227091914969198E-009) (  1.6861018425061694E-008,  1.6227092406918820E-009) (-0.26729885241544388     , -2.5706143888634472E-002)
   7.1517849999999994        1.2500000000000000     
 ( 0.69268538887529063     ,  3.0440892725076572E-002) ( 0.69914047861682560     ,  3.1792711972413144E-002)
 ( 0.26518557811470783     ,  2.5282046023123075E-002) (  1.6940862117618884E-008,  1.6684707952955875E-009) (  1.6940869734578253E-008,  1.6684708491054606E-009) (-0.26854585559867855     , -2.6427872501872427E-002)
   7.2017799999999994        1.2500000000000000     
 ( 0.70738188079547615     ,  3.1450349900530930E-002) ( 0.71398091111515605     ,  3.2859465659086588E-002)
 ( 0.26629197988460307     ,  2.5967467261614859E-002) (  1.7014218620887878E-008,  1.7147179937292526E-009) (  1.7014218136451594E-008,  1.7147179908629249E-009) (-0.26968918045395440     , -2.7156967925898456E-002)
   7.2517749999999994        1.2500000000000000     
 ( 0.72228489904471682     ,  3.2483120412809707E-002) ( 0.72902922764003730     ,  3.3951421096019771E-002)
 ( 0.26729390427707445     ,  2.6658696729258413E-002) (  1.7080945844768241E-008,  1.7614205012141550E-009) (  1.7080945310134534E-008,  1.7614204980257073E-009) (-0.27072651417401883     , -2.7892980008494980E-002)
   7.3017699999999994        1.2500000000000000     
 ( 0.73739529281478089     ,  3.3539496216805575E-002) ( 0.74428682832073512     ,  3.5068894396558241E-002)
 ( 0.26818844786056434     ,  2.7355254014926427E-002) (  1.7140888871177964E-008,  1.8085497526690058E-009) (  1.7140888298698273E-008,  1.8085497492255565E-009) (-0.27165546348326197     , -2.8635415142884688E-002)
   7.3517649999999994        1.2500000000000000     
 ( 0.75271451840772208     ,  3.4619770420142956E-002) ( 0.75975509692993426     ,  3.6212222343602996E-002)
 ( 0.26897324318811527     ,  2.8056635332544540E-002) (  1.7193896519630061E-008,  1.8560754856597949E-009) (  1.7193895894518615E-008,  1.8560754817828062E-009) (-0.27247362563511490     , -2.9383775249551942E-002)
   7.4017599999999995        1.2500000000000000     
 ( 0.76824410246853114     ,  3.5724231212051830E-002) ( 0.77543559397429296     ,  3.7381728487105664E-002)
 ( 0.26964608706233123     ,  2.8762306619540469E-002) (  1.7239823667160267E-008,  1.9039648959198192E-009) (  1.7239822997062649E-008,  1.9039648915628091E-009) (-0.27317869007460288     , -3.0137521279998348E-002)
   7.4517549999999995        1.2500000000000000     
 ( 0.78398544632130773     ,  3.6853177084501233E-002) ( 0.79132970428388916     ,  3.8577750357244443E-002)
 ( 0.27020468215246884     ,  2.9471718132661077E-002) (  1.7278525410622220E-008,  1.9521844426687205E-009) (  1.7278524700532719E-008,  1.9521844381344485E-009) (-0.27376833502771991     , -3.0896101398793088E-002)
   7.5017499999999995        1.2500000000000000     
 ( 0.79994012190737851     ,  3.8006901403781851E-002) ( 0.80743891604256257     ,  3.9800625980015249E-002)
 ( 0.27064687045747354     ,  3.0184288852999699E-002) (  1.7309858704535961E-008,  2.0006989214008933E-009) (  1.7309857919239715E-008,  2.0006989161735970E-009) (-0.27424029946757950     , -3.1658937059125161E-002)
   7.5517449999999995        1.2500000000000000     
 ( 0.81610956248978339     ,  3.9185708987678286E-002) ( 0.82376475552246320     ,  4.1050694160441083E-002)
 ( 0.27097052607536271     ,  3.0899423558982557E-002) (  1.7333689563481530E-008,  2.0494714526285786E-009) (  1.7333688723910082E-008,  2.0494714470787265E-009) (-0.27459242820394347     , -3.2425422989363170E-002)
   7.6017399999999995        1.2500000000000000     
 ( 0.83249530365554214     ,  4.0389904904681563E-002) ( 0.84030871401773988     ,  4.2328301415609310E-002)
 ( 0.27117347320295987     ,  3.1616500984404008E-002) (  1.7349879364928499E-008,  2.0984639895079715E-009) (  1.7349878455374409E-008,  2.0984639834601310E-009) (-0.27482254528160377     , -3.3194933582218533E-002)
   7.6517349999999995        1.2500000000000000     
 ( 0.84909884620954035     ,  4.1619791414206270E-002) ( 0.85707222033810071     ,  4.3633788593537275E-002)
 ( 0.27125370785616393     ,  3.2334869569838783E-002) (  1.7358291522874169E-008,  2.1476363223200766E-009) (  1.7358290535461273E-008,  2.1476363153053050E-009) (-0.27492846210952276     , -3.3966809107158075E-002)
   7.7017299999999995        1.2500000000000000     
 ( 0.86592172481880525     ,  4.2875688033803497E-002) ( 0.87405686762100665     ,  4.4967515744236186E-002)
 ( 0.27120921900144107     ,  3.3053867566774114E-002) (  1.7358802923435418E-008,  2.1969476520646991E-009) (  1.7358801853960985E-008,  2.1969476445951428E-009) (-0.27490820275252953     , -3.4740379698994968E-002)
   7.7517249999999995        1.2500000000000000     
 ( 0.88296540089724762     ,  4.4157909909710281E-002) ( 0.89126409295791209     ,  4.6329832881761138E-002)
 ( 0.27103798145525582     ,  3.3772802758382958E-002) (  1.7351281148523112E-008,  2.2463549126104794E-009) (  1.7351279991279562E-008,  2.2463549044605844E-009) (-0.27475967244479244     , -3.5514938257194130E-002)
   7.8017199999999995        1.2500000000000000     
 ( 0.90023148195643776     ,  4.5466776587685429E-002) ( 0.90869542141324766     ,  4.7721103300274778E-002)
 ( 0.27073816061379297     ,  3.4490958485042064E-002) (  1.7335603143680455E-008,  2.2958139146615701E-009) (  1.7335601890806620E-008,  2.2958139056770941E-009) (-0.27448093259567619     , -3.6289760220880651E-002)
   7.8517150000000004        1.2500000000000000     
 ( 0.91772141563491882     ,  4.6802623534970431E-002) ( 0.92635236604608773     ,  4.9141698207225221E-002)
 ( 0.27030780042706476     ,  3.5207607073061781E-002) (  1.7311646496176167E-008,  2.3452792915701645E-009) (  1.7311645145430944E-008,  2.3452792817086008E-009) (-0.27407001019496485     , -3.7064100937696930E-002)
   7.9017100000000005        1.2500000000000000     
 ( 0.93543681351826036     ,  4.8165777542885146E-002) ( 0.94423649991476888     ,  5.0591984699371151E-002)
 ( 0.26974518221226745     ,  3.5921983512734977E-002) (  1.7279298455532295E-008,  2.3947035009355432E-009) (  1.7279297008454091E-008,  2.3947034904498895E-009) (-0.27352513221207497     , -3.7837180500861496E-002)
   7.9517050000000005        1.2500000000000000     
 ( 0.95337918959889523     ,  4.9556580703648968E-002) ( 0.96234924218626572     ,  5.2072341670820470E-002)
 ( 0.26904851961215193     ,  3.6633310195301666E-002) (  1.7238439116893977E-008,  2.4440379752049873E-009) (  1.7238437565633953E-008,  2.4440379631395282E-009) (-0.27284439000826399     , -3.8608202724569399E-002)
   8.0016999999999996        1.2500000000000000     
 ( 0.97155009946437743     ,  5.0975378788656961E-002) ( 0.98069218869937058     ,  5.3583154154746446E-002)
 ( 0.26821617112254126     ,  3.7340785575201492E-002) (  1.7188962758929643E-008,  2.4932326715329330E-009) (  1.7188961109805748E-008,  2.4932326589956455E-009) (-0.27202608692467961     , -3.9376347163421817E-002)
   8.0516949999999987        1.2500000000000000     
 ( 0.98995108305730617     ,  5.2422525693007246E-002) ( 0.99926687608893361     ,  5.5124816587062135E-002)
 ( 0.26724642823668859     ,  3.8043588365824464E-002) (  1.7130759392505743E-008,  2.5422363332454015E-009) (  1.7130757598724615E-008,  2.5422363194436448E-009) (-0.27106850509524616     , -4.0140772367913330E-002)
   8.1016899999999996        1.2500000000000000     
 (  1.0085837112970883     ,  5.3898378830135936E-002) (  1.0180748638529449     ,  5.6697718673828668E-002)
 ( 0.26613777319324872     ,  3.8740868962122511E-002) (  1.7063731470653384E-008,  2.5909954544949719E-009) (  1.7063729522919955E-008,  2.5909954390613988E-009) (-0.26997008125445249     , -4.0900602805328971E-002)
   8.1516849999999987        1.2500000000000000     
 (  1.0274495748931491     ,  5.5403311200233119E-002) (  1.0371176460418352     ,  5.8302273610214769E-002)
 ( 0.26488874198244816     ,  3.9431770246299853E-002) (  1.6987779008630235E-008,  2.6394563099761778E-009) (  1.6987776944059361E-008,  2.6394562932577356E-009) (-0.26872922930150872     , -4.1654956475834802E-002)
   8.2016799999999996        1.2500000000000000     
 (  1.0465501998766407     ,  5.6937692004737320E-002) (  1.0563967710774287     ,  5.9938887159178625E-002)
 ( 0.26349782882068301     ,  4.0115398568634580E-002) (  1.6902801633553412E-008,  2.6875626913433227E-009) (  1.6902799386629143E-008,  2.6875626734218269E-009) (-0.26734437181893161     , -4.2402913222067941E-002)
   8.2516749999999988        1.2500000000000000     
 (  1.0658871938795362     ,  5.8501906960800966E-002) (  1.0759138052790103     ,  6.1607984566069696E-002)
 ( 0.26196372105820914     ,  4.0790850396029754E-002) (  1.6808715900018918E-008,  2.7352578713192933E-009) (  1.6808713492857532E-008,  2.7352578514322703E-009) (-0.26581417771482807     , -4.3143543190848531E-002)
   8.3016699999999997        1.2500000000000000     
 (  1.0854621792663781     ,  6.0096350849512481E-002) (  1.0956703801945700     ,  6.3309994173959716E-002)
 ( 0.26028512570638951     ,  4.1457203030721659E-002) (  1.6705436064512845E-008,  2.7824834409770228E-009) (  1.6705433499132702E-008,  2.7824834190803100E-009) (-0.26413730511726335     , -4.3875889463618707E-002)
   8.3516649999999988        1.2500000000000000     
 (  1.1052766750333953     ,  6.1721421795783299E-002) (  1.1156679399967295     ,  6.5045347301522782E-002)
 ( 0.25846081351875988     ,  4.2113508517775712E-002) (  1.6592878043103653E-008,  2.8291793259804730E-009) (  1.6592875250338862E-008,  2.8291793027005906E-009) (-0.26231240734003425     , -4.4598967573192878E-002)
   8.4016599999999997        1.2500000000000000     
 (  1.1253323248755811     ,  6.3377530174456562E-002) (  1.1359080771462480     ,  6.6814497995482697E-002)
 ( 0.25648962413512422     ,  4.2758802696335141E-002) (  1.6470963546656417E-008,  2.8752850760897079E-009) (  1.6470960555059373E-008,  2.8752850509263889E-009) (-0.26033826877122435     , -4.5311788239722858E-002)
   8.4516549999999988        1.2500000000000000     
 (  1.1456307026896348     ,  6.5065099018148387E-002) (  1.1563924468223405     ,  6.8617896894216643E-002)
 ( 0.25437053319175196     ,  4.3392107479347311E-002) (  1.6339629740932499E-008,  2.9207381953189293E-009) (  1.6339626594775643E-008,  2.9207381681871265E-009) (-0.25821388611963791     , -4.6013327184974182E-002)
   8.5016499999999997        1.2500000000000000     
 (  1.1661734033592339     ,  6.6784555026925332E-002) (  1.1771224969848704     ,  7.0456008224238170E-002)
 ( 0.25210249717566563     ,  4.4012418765073391E-002) (  1.6198799734782851E-008,  2.9654751176442100E-009) (  1.6198796290239432E-008,  2.9654750878165292E-009) (-0.25593805156452493     , -4.6702544443237619E-002)
   8.5516450000000006        1.2500000000000000     
 (  1.1869620339622415     ,  6.8536339943696886E-002) (  1.1980999045353635     ,  7.2329311184748987E-002)
 ( 0.24968463382659534     ,  4.4618722103671460E-002) (  1.6048420688536527E-008,  3.0094316364566059E-009) (  1.6048416997688361E-008,  3.0094316038752354E-009) (-0.25350994212721278     , -4.7378388543827983E-002)
   8.6016399999999980        1.2500000000000000     
 (  1.2079982674728709     ,  7.0320905577916454E-002) (  1.2193262174860799     ,  7.4238286139077070E-002)
 ( 0.24711614891271330     ,  4.5209985239758131E-002) (  1.5888428994928159E-008,  3.0525416238921533E-009) (  1.5888425141203079E-008,  3.0525415883684604E-009) (-0.25092858081660985     , -4.8039777105852770E-002)
   8.6516349999999989        1.2500000000000000     
 (  1.2292836138399799     ,  7.2138706506015560E-002) (  1.2408029726250647     ,  7.6183421122283407E-002)
 ( 0.24439619329037876     ,  4.5785154593930129E-002) (  1.5718773788853762E-008,  3.0947379161929395E-009) (  1.5718769609231937E-008,  3.0947378775786923E-009) (-0.24819314589709318     , -4.8685610313734633E-002)
   8.7016299999999980        1.2500000000000000     
 (  1.2508198213035813     ,  7.3990223689964135E-002) (  1.2625318308795541     ,  7.8165235674590217E-002)
 ( 0.24152422626952422     ,  4.6343169054931702E-002) (  1.5539411756968109E-008,  3.1359532499124656E-009) (  1.5539407264206082E-008,  3.1359532079951046E-009) (-0.24530297059341469     , -4.9314790093450973E-002)
   8.7516249999999989        1.2500000000000000     
 (  1.2726084118388443     ,  7.5875940435132502E-002) (  1.2845143425472259     ,  8.0184243341228950E-002)
 ( 0.23849959580872507     ,  4.6882953307030878E-002) (  1.5350300786165052E-008,  3.1761187032504736E-009) (  1.5350295960832631E-008,  3.1761186584551544E-009) (-0.24225743212936507     , -4.9926187145605157E-002)
   8.8016199999999980        1.2500000000000000     
 (  1.2946509683998728     ,  7.7796348873638843E-002) (  1.3067520150997460     ,  8.2240961043558908E-002)
 ( 0.23532178888171440     ,  4.7403410945628423E-002) (  1.5151400946935755E-008,  3.2151636480538159E-009) (  1.5151395777125625E-008,  3.2151635994798719E-009) (-0.23905589140523442     , -5.0518646263216255E-002)
   8.8516149999999989        1.2500000000000000     
 (  1.3169492776648846     ,  7.9751961133469607E-002) (  1.3292465739168404     ,  8.4335942538672576E-002)
 ( 0.23199055420643941     ,  4.7903439304220842E-002) (  1.4942694879412914E-008,  3.2530180424285377E-009) (  1.4942689382703115E-008,  3.2530179903692223E-009) (-0.23569807809609447     , -5.1091022738706277E-002)
   8.9016099999999980        1.2500000000000000     
 (  1.3395048109844174     ,  8.1743291542401064E-002) (  1.3519994664492883     ,  8.6469721093298299E-002)
 ( 0.22850537989119662     ,  4.8381917436211688E-002) (  1.4724140323620200E-008,  3.2896091360006343E-009) (  1.4724134410464063E-008,  3.2896090798798134E-009) (-0.23218340925772352     , -5.1642128838193066E-002)
   8.9516049999999989        1.2500000000000000     
 (  1.3623192537308741     ,  8.3770878309740712E-002) (  1.3750124313651251     ,  8.8642874279913367E-002)
 ( 0.22486620337117139     ,  4.8837720885128610E-002) (  1.4495735337531230E-008,  3.3248653105923456E-009) (  1.4495729028711387E-008,  3.3248652512494853E-009) (-0.22851181059723183     , -5.2170793643735253E-002)
   9.0015999999999980        1.2500000000000000     
 (  1.3853942496253102     ,  8.5835263212229812E-002) (  1.3982869125862671     ,  9.0855968015711497E-002)
 ( 0.22107282925174870     ,  4.9269708126820168E-002) (  1.4257456291328151E-008,  3.3587126627214885E-009) (  1.4257449621404765E-008,  3.3587125992336708E-009) (-0.22468299680372028     , -5.2675808524581862E-002)
   9.0515949999999989        1.2500000000000000     
 (  1.4087313948557203     ,  8.7937004014992007E-002) (  1.4218246055384134     ,  9.3109587181536863E-002)
 ( 0.21712525445773087     ,  4.9676732462377499E-002) (  1.4009303191190061E-008,  3.3910771753663254E-009) (  1.4009296032603183E-008,  3.3910771057111620E-009) (-0.22069692130974719     , -5.3155966693312712E-002)
   9.1015899999999981        1.2500000000000000     
 (  1.4323323312691687     ,  9.0076670648002607E-002) (  1.4456270634193298     ,  9.5404334765302384E-002)
 ( 0.21302354548937713     ,  5.0057633708818619E-002) (  1.3751273474510724E-008,  3.4218841855539750E-009) (  1.3751265863569259E-008,  3.4218841071321918E-009) (-0.21655363660658880     , -5.3610049263268372E-002)
   9.1515849999999990        1.2500000000000000     
 (  1.4561987448507452     ,  9.2254853549831484E-002) (  1.4696958507224180     ,  9.7740818499848559E-002)
 ( 0.20876786146990414     ,  5.0411256319068863E-002) (  1.3483368752578234E-008,  3.4510583405843865E-009) (  1.3483360610866215E-008,  3.4510582584950292E-009) (-0.21225320517930052     , -5.4036826160737836E-002)
   9.2015799999999981        1.2500000000000000     
 (  1.4803321808150447     ,  9.4472140264386578E-002) (  1.4940325850049503     , 0.10011965964107486     )
 ( 0.20435848068057991     ,  5.0736420686559779E-002) (  1.3205609195987054E-008,  3.4785237674292117E-009) (  1.3205600560318076E-008,  3.4785236793715325E-009) (-0.20779591436682648     , -5.4435060880088669E-002)
   9.2515749999999990        1.2500000000000000     
 (  1.5047343323834175     ,  9.6729146894787330E-002) (  1.5186388516722691     , 0.10254149219254696     )
 ( 0.19979571964202938     ,  5.1031953586647159E-002) (  1.2918003777067769E-008,  3.5042035305856312E-009) (  1.2917994556404708E-008,  3.5042034340760889E-009) (-0.20318200992193111     , -5.4803497996309097E-002)
   9.3015699999999981        1.2500000000000000     
 (  1.5294067400108842     ,  9.9026496029214220E-002) (  1.5435161571923210     , 0.10500696877603623     )
 ( 0.19508011802416347     ,  5.1296676402548341E-002) (  1.2620585185557826E-008,  3.5280215358604658E-009) (  1.2620575320790577E-008,  3.5280214314668414E-009) (-0.19841198695110668     , -5.5140899104550785E-002)
   9.3515649999999990        1.2500000000000000     
 (  1.5543510856074396     , 0.10136482813441058     ) (  1.5686661132428295     , 0.10751675375538393     )
 ( 0.19021211922139125     ,  5.1529405095563856E-002) (  1.2313372713850783E-008,  3.5499006523099955E-009) (  1.2313362228944183E-008,  3.5499005440375520E-009) (-0.19348628240633003     , -5.5446007949922486E-002)
   9.4015599999999999        1.2500000000000000     
 (  1.5795689831256567     , 0.10374478630566358     ) (  1.5940903589205757     , 0.11007150824557964     )
 ( 0.18519256247945615     ,  5.1728947407818464E-002) (  1.1996417847863034E-008,  3.5697627611671467E-009) (  1.1996406670765067E-008,  3.5697626425078888E-009) (-0.18840565839244455     , -5.5717552444342192E-002)
   9.4515549999999990        1.2500000000000000     
 (  1.6050620416544870     , 0.10616703954125631     ) (  1.6197903476150566     , 0.11267191873271061     )
 ( 0.18002206331011322     ,  5.1894123765744926E-002) (  1.1669749317933910E-008,  3.5875303265996093E-009) (  1.1669737479517165E-008,  3.5875302007946724E-009) (-0.18317069187281751     , -5.5954271485170501E-002)
   9.5015499999999999        1.2500000000000000     
 (  1.6308319186686850     , 0.10863226609321104     ) (  1.6457677573773282     , 0.11531868526710430     )
 ( 0.17470155770884579     ,  5.2023743793415594E-002) (  1.1333431134423505E-008,  3.6031255204791026E-009) (  1.1333418519408642E-008,  3.6031253831589571E-009) (-0.17778242951941925     , -5.6154899895353071E-002)
   9.5515449999999991        1.2500000000000000     
 (  1.6568801190059270     , 0.11114115552444993     ) (  1.6720240667763788     , 0.11801252348194441     )
 ( 0.16923200194864255     ,  5.2116621449082454E-002) (  1.0987509985462441E-008,  3.6164708167104205E-009) (  1.0987496566144931E-008,  3.6164706712797980E-009) (-0.17224161847036368     , -5.6318180406916052E-002)
   9.6015400000000000        1.2500000000000000     
 (  1.6832082984944836     , 0.11369441030279583     ) (  1.6985608022364056     , 0.12075414680429045     )
 ( 0.16361455531429836     ,  5.2171574746006637E-002) (  1.0632054625334280E-008,  3.6274879297124376E-009) (  1.0632040761956185E-008,  3.6274877714308587E-009) (-0.16654942251733607     , -5.6442838457546760E-002)
   9.6515349999999991        1.2500000000000000     
 (  1.7098181039784262     , 0.11629275361319684     ) (  1.7253795924939459     , 0.12354429914210539     )
 ( 0.15785032838854671     ,  5.2187424201011773E-002) (  1.0267129232608103E-008,  3.6360994007450404E-009) (  1.0267114193420439E-008,  3.6360992312153111E-009) (-0.16070698348070103     , -5.6527623133335238E-002)
   9.7015300000000000        1.2500000000000000     
 (  1.7367110566645163     , 0.11893690550525726     ) (  1.7524819166055694     , 0.12638371333016671     )
 ( 0.15194067194853991     ,  5.2162990070690210E-002) (  9.8928216708390088E-009,  3.6422268489711006E-009) (  9.8928055756828973E-009,  3.6422266701892072E-009) (-0.15471560665553455     , -5.6571261813827822E-002)
   9.7515249999999991        1.2500000000000000     
 (  1.7638887620071870     , 0.12162762218675706     ) (  1.7798693457211674     , 0.12927315930401109     )
 ( 0.14588695192858422     ,  5.2097114604446257E-002) (  9.5092057445866236E-009,  3.6457935761060385E-009) (  9.5091886830233255E-009,  3.6457933826374553E-009) (-0.14857666838045244     , -5.6572511321988914E-002)
   9.8015200000000000        1.2500000000000000     
 (  1.7913518843096741     , 0.12436564806782174     ) (  1.8075431005465405     , 0.13221338778766267     )
 ( 0.13969158038193391     ,  5.1988636653995716E-002) (  9.1163651118682130E-009,  3.6467202396012562E-009) (  9.1163661248204605E-009,  3.6467202276086320E-009) (-0.14229189617018201     , -5.6530120973350931E-002)
   9.8515149999999991        1.2500000000000000     
 (  1.8191037743343035     , 0.12715176190346444     ) (  1.8355052210545928     , 0.13520520014320178     )
 ( 0.13335451935082007     ,  5.1836396794410503E-002) (  8.7144210273682562E-009,  3.6449335686665701E-009) (  8.7144221154917595E-009,  3.6449335561272862E-009) (-0.13586245622991816     , -5.6442847003006745E-002)
   9.9015100000000000        1.2500000000000000     
 (  1.8471451473257323     , 0.12998674559680715     ) (  1.8637569995774177     , 0.13824938177282112     )
 ( 0.12687822136116916     ,  5.1639262665245537E-002) (  8.3034598142035821E-009,  3.6403559821126213E-009) (  8.3034609899810376E-009,  3.6403559692761517E-009) (-0.12929021477837319     , -5.6309469612284523E-002)
   9.9515049999999992        1.2500000000000000     
 (  1.8754775215217732     , 0.13287138320449579     ) (  1.8922998458042670     , 0.14134672606365087     )
 ( 0.12026460419016846     ,  5.1396100476758133E-002) (  7.8836009346194970E-009,  3.6329112450666353E-009) (  7.8836022057632918E-009,  3.6329112314223713E-009) (-0.12257709343573586     , -5.6128755091116860E-002)
   10.001500000000000        1.2500000000000000     
 (  1.9041024543409644     , 0.13580648984333701     ) (  1.9211353391806489     , 0.14449805728433524     )
 ( 0.11351563375478371     ,  5.1105796107265913E-002) (  7.4549588013817784E-009,  3.6225248039481789E-009) (  7.4549601405003494E-009,  3.6225247897730399E-009) (-0.11572499543860003     , -5.5899508813185957E-002)
   10.051494999999999        1.2500000000000000     
 (  1.9330215090184644     , 0.13879287525852843     ) (  1.9502648849438720     , 0.14770418986811992     )
 ( 0.10663327377438553     ,  5.0767253734466514E-002) (  7.0176523346500073E-009,  3.6091223348257728E-009) (  7.0176537719343682E-009,  3.6091223203282931E-009) (-0.10873592531642759     , -5.5620530401027456E-002)
   10.101490000000000        1.2500000000000000     
 (  1.9622361373446406     , 0.14183137290986744     ) (  1.9796899886771198     , 0.15096595877475930     )
 (  9.9619758894464686E-002,  5.0379384195652348E-002) (  6.5718238640259790E-009,  3.5926301399563232E-009) (  6.5718254077272539E-009,  3.5926301249636229E-009) (-0.10161216959022018     , -5.5290641755565605E-002)
   10.151484999999999        1.2500000000000000     
 (  1.9917479060618166     , 0.14492281619795228     ) (  2.0094121036225108     , 0.15428420347266375     )
 (  9.2477410642619107E-002,  4.9941122802443914E-002) (  6.1176121543765830E-009,  3.5729760390228771E-009) (  6.1176138175951093E-009,  3.5729760233354679E-009) ( -9.4355983319836620E-002, -5.4908686955083323E-002)
   10.201479999999998        1.2500000000000000     
 (  2.0215583572486993     , 0.14806805211430660     ) (  2.0394326545366415     , 0.15765977259137712     )
 (  8.5208502733859035E-002,  4.9451421992544910E-002) (  5.6551555146087516E-009,  3.5500884365796270E-009) (  5.6551572991514530E-009,  3.5500884206729276E-009) ( -8.6969676576502578E-002, -5.4473516170872066E-002)
   10.251474999999999        1.2500000000000000     
 (  2.0516688699784837     , 0.15126795498405032     ) (  2.0697530530409773     , 0.16109352673162233     )
 (  7.7815601391752476E-002,  4.8909258959733366E-002) (  5.1846086812936793E-009,  3.5238968676205489E-009) (  5.1846105873513973E-009,  3.5238968513488322E-009) ( -7.9455766922358270E-002, -5.3984010332182975E-002)
   10.301469999999998        1.2500000000000000     
 (  2.0820810091692898     , 0.15452337428788607     ) (  2.1003747610948227     , 0.16458633627825872     )
 (  7.0301230237536566E-002,  4.8313622586522921E-002) (  4.7061331352930086E-009,  3.4943325390504566E-009) (  4.7061351953275266E-009,  3.4943325539842654E-009) ( -7.1816922779221151E-002, -5.3439071002078224E-002)
   10.351464999999999        1.2500000000000000     
 (  2.1127962902130606     , 0.15783520173260726     ) (  2.1312991706784117     , 0.16813907091220578     )
 (  6.2668197530179964E-002,  4.7663539393350871E-002) (  4.2198983870746501E-009,  3.4613273421851351E-009) (  4.2199005698938150E-009,  3.4613273248975326E-009) ( -6.4055838262032386E-002, -5.2837614741921231E-002)
   10.401459999999998        1.2500000000000000     
 (  2.1438160270372366     , 0.16120432254957809     ) (  2.1625276754072624     , 0.17175261028168284     )
 (  5.4919261237580598E-002,  4.6958050657608434E-002) (  3.7260705137488220E-009,  3.4248147821366241E-009) (  3.7260728486156237E-009,  3.4248147644830062E-009) ( -5.6175333102128445E-002, -5.2178594263133066E-002)
   10.451454999999999        1.2500000000000000     
 (  2.1751417640990289     , 0.16463162618040586     ) (  2.1940616837594771     , 0.17542784648763102     )
 (  4.7057373981327394E-002,  4.6196227274440081E-002) (  3.2248355027038231E-009,  3.3847301224332104E-009) (  3.2248380172711573E-009,  3.3847301042208278E-009) ( -4.8178391268960223E-002, -5.1460978808534771E-002)
   10.501449999999998        1.2500000000000000     
 (  2.2067748623762964     , 0.16811801822664735     ) (  2.2259024683301827     , 0.17916566227049918     )
 (  3.9085498242199132E-002,  4.5377175362371125E-002) (  2.7163773303467247E-009,  3.3410098724267778E-009) (  2.7163800212912304E-009,  3.3410098538860161E-009) ( -4.0067997058166521E-002, -5.0683766425247113E-002)
   10.551444999999999        1.2500000000000000     
 (  2.2387168103765775     , 0.17166440116154991     ) (  2.2580514375940681     , 0.18296696044580213     )
 (  3.1006892178309386E-002,  4.4500016053482506E-002) (  2.2008971437334766E-009,  3.2935923941671784E-009) (  2.2008999953373844E-009,  3.2935923752875329E-009) ( -3.1847449298296603E-002, -4.9845994004563098E-002)
   10.601439999999998        1.2500000000000000     
 (  2.2709689865550224     , 0.17527170444986059     ) (  2.2905099212531925     , 0.18683264787857742     )
 (  2.2824589557553537E-002,  4.3563917671594586E-002) (  1.6785794678178693E-009,  3.2424178498025940E-009) (  1.6785825343868381E-009,  3.2424178310472066E-009) ( -2.3519840455223383E-002, -4.8946726902264016E-002)
   10.651434999999999        1.2500000000000000     
 (  2.3035327435915707     , 0.17894084430746587     ) (  2.3232792888460621     , 0.19076362081611264     )
 (  1.4542162398259629E-002,  4.2568071541011776E-002) (  1.1496475396868636E-009,  3.1874278339880525E-009) (  1.1496508075117230E-009,  3.1874278146536379E-009) ( -1.5088634663396907E-002, -4.7985045575278253E-002)
   10.701429999999998        1.2500000000000000     
 (  2.3364094782215594     , 0.18267274135324660     ) (  2.3563607938519064     , 0.19476079691156573     )
 (  6.1628555260697234E-003,  4.1511709459366636E-002) (  6.1430584823778450E-010,  3.1285672896201163E-009) (  6.1430932688222065E-010,  3.1285672698466020E-009) ( -6.5573533379465285E-003, -4.6960100092772947E-002)
   10.751424999999999        1.2500000000000000     
 (  2.3696005820482231     , 0.18646833818156597     ) (  2.3897557856953431     , 0.19882508957658129     )
 ( -2.3096180548761607E-003,  4.0394093569362979E-002) (  7.2776711470420084E-011,  3.0657817734861225E-009) (  7.2780439348442137E-011,  3.0657817537451345E-009) (  2.0704846619292623E-003, -4.5871049192282132E-002)
   10.801419999999998        1.2500000000000000     
 (  2.4031072837409599     , 0.19032856899996714     ) (  2.4234654262539261     , 0.20295741066583364     )
 ( -1.0871697445644382E-002,  3.9214535609161466E-002) ( -4.7470759605875897E-010,  2.9990197147091909E-009) ( -4.7470366358852032E-010,  2.9990196948122699E-009) (  1.0791130630794222E-002, -4.4717102672878803E-002)
   10.851414999999999        1.2500000000000000     
 (  2.4369311006181271     , 0.19425435751042769     ) (  2.4574911982813545     , 0.20715865653982735     )
 ( -1.9519679147076616E-002,  3.7972361429555443E-002) ( -1.0279196708238991E-009,  2.9282306274564796E-009) ( -1.0279154335534910E-009,  2.9282306073015288E-009) (  1.9600804091214931E-002, -4.3497478447116808E-002)
   10.901409999999998        1.2500000000000000     
 (  2.4710731949024476     , 0.19824667065028595     ) (  2.4918341526556729     , 0.21142977530545753     )
 ( -2.8249707949042097E-002,  3.6666974389344298E-002) ( -1.5866214626896058E-009,  2.8533692932063783E-009) ( -1.5866171223460354E-009,  2.8533692736798241E-009) (  2.8495680454274277E-002, -4.2211505272929717E-002)
   10.951404999999999        1.2500000000000000     
 (  2.5055348672852849     , 0.20230643973415513     ) (  2.5264955439686387     , 0.21577167387188512     )
 ( -3.7057756714357612E-002,  3.5297796514809000E-002) ( -2.1505650578335477E-009,  2.7743905751665331E-009) ( -2.1505602842444954E-009,  2.7743905553169533E-009) (  3.7471695584244305E-002, -4.0858490456743557E-002)
   11.001399999999999        1.2500000000000000     
 (  2.5403174644611455     , 0.20643461283039299     ) (  2.5614766710309627     , 0.22018524776662030     )
 ( -4.5939865524919819E-002,  3.3864284440111657E-002) ( -2.7194977436222030E-009,  2.6912515084481481E-009) ( -2.7194926524475841E-009,  2.6912514884332455E-009) (  4.6524797259205629E-002, -3.9437804391717318E-002)
   11.051394999999999        1.2500000000000000     
 (  2.5754222444183235     , 0.21063214341614020     ) (  2.5967786822452745     , 0.22467143941109835     )
 ( -5.4891892676655174E-002,  3.2365975150753297E-002) ( -3.2931626948316331E-009,  2.6039141821927598E-009) ( -3.2931572573175402E-009,  2.6039141629138093E-009) (  5.5650771664394784E-002, -3.7948877043231903E-002)
   11.101389999999999        1.2500000000000000     
 (  2.6108505299314007     , 0.21489996573998729     ) (  2.6324028781384508     , 0.22923113735465656     )
 ( -6.3909726897320107E-002,  3.0802409242058962E-002) ( -3.8712967561531681E-009,  2.5123407608362991E-009) ( -3.8712909292746478E-009,  2.5123407416327019E-009) (  6.4845324325025419E-002, -3.6391161291942420E-002)
   11.151384999999999        1.2500000000000000     
 (  2.6466034037364659     , 0.21923903856324548     ) (  2.6683503054390227     , 0.23386525834710861     )
 ( -7.2988866638340449E-002,  2.9173216683032945E-002) ( -4.4536256329346613E-009,  2.4164984825284317E-009) ( -4.4536194911583690E-009,  2.4164984640860636E-009) (  7.4104064796702188E-002, -3.4764190046169756E-002)
   11.201379999999999        1.2500000000000000     
 (  2.6826821636013793     , 0.22365030410766371     ) (  2.7046221315825689     , 0.23857471459407120     )
 ( -8.2125043266226619E-002,  2.7478043415913846E-002) ( -5.0398757305979916E-009,  2.3163563692728055E-009) ( -5.0398691896387684E-009,  2.3163563524235798E-009) (  8.3422542855436557E-002, -3.3067525943994099E-002)
   11.251374999999999        1.2500000000000000     
 (  2.7190880837662430     , 0.22813470485093409     ) (  2.7412196049338031     , 0.24336040390105806     )
 ( -9.1313804582697861E-002,  2.5716617199017210E-002) ( -5.6297739559675974E-009,  2.2118875498458966E-009) ( -5.6297669818326777E-009,  2.2118875329416609E-009) (  9.2796313736463881E-002, -3.1300800322336064E-002)
   11.301369999999999        1.2500000000000000     
 (  2.7558221936653200     , 0.23269318352949722     ) (  2.7781437956676363     , 0.24822322066116170     )
 (-0.10055044343731914     ,  2.3888701127330592E-002) ( -6.2230168508581363E-009,  2.1030669264857232E-009) ( -6.2230094583024857E-009,  2.1030669101024032E-009) ( 0.10222055245074999     , -2.9463674096131435E-002)
   11.351364999999999        1.2500000000000000     
 (  2.7928858223580169     , 0.23732667548049710     ) (  2.8153958060145019     , 0.25316404988814317     )
 (-0.10983045804665367     ,  2.1994099896918570E-002) ( -6.8193293776766085E-009,  1.9898724927482261E-009) ( -6.8193215094144656E-009,  1.9898724777203392E-009) ( 0.11169067857570902     , -2.7555871314753247E-002)
   11.401359999999999        1.2500000000000000     
 (  2.8302800620042730     , 0.24203611825726895     ) (  2.8529766869638413     , 0.25818377931226555     )
 (-0.11914918590823574     ,  2.0032708800694531E-002) ( -7.4184093507605343E-009,  1.8722877225142756E-009) ( -7.4184009832324884E-009,  1.8722877093471662E-009) ( 0.12120182381987110     , -2.5577199581563844E-002)
   11.451355000000000        1.2500000000000000     
 (  2.8680061143587436     , 0.24682244442447090     ) (  2.8908877032465319     , 0.26328331122733478     )
 (-0.12850162370987969     ,  1.8004451208887721E-002) ( -8.0199484577538712E-009,  1.7502986666114624E-009) ( -8.0199396276136569E-009,  1.7502986546159377E-009) ( 0.13074905059164330     , -2.3527506768460060E-002)
   11.501349999999999        1.2500000000000000     
 (  2.9060651393187187     , 0.25168657293844349     ) (  2.9291299221965583     , 0.26846347876220017     )
 (-0.13788305060139566     ,  1.5909326867537953E-002) ( -8.6236434402639565E-009,  1.6238931049673943E-009) ( -8.6236340564462996E-009,  1.6238930945751328E-009) ( 0.14032746729778578     , -2.1406682282657494E-002)
   11.551345000000000        1.2500000000000000     
 (  2.9444581201401370     , 0.25662942249977150     ) (  2.9677042409637755     , 0.27372516611347886     )
 (-0.14728847094377132     ,  1.3747373631080823E-002) ( -9.2291869236643481E-009,  1.4930649643719138E-009) ( -9.2291769745393804E-009,  1.4930649567268103E-009) ( 0.14993207044546600     , -1.9214707947178746E-002)
   11.601339999999999        1.2500000000000000     
 (  2.9831863348706227     , 0.26165191185940373     ) (  3.0066119187875802     , 0.27906922325131894     )
 (-0.15671295630311052     ,  1.1518714218413930E-002) ( -9.8362535830757003E-009,  1.3578094450947897E-009) ( -9.8362429664938094E-009,  1.3578094396080505E-009) ( 0.15955767081112648     , -1.6951599174542649E-002)
   11.651335000000000        1.2500000000000000     
 (  3.0222507855395144     , 0.26675493612952644     ) (  3.0458538036390528     , 0.28449648407245626     )
 (-0.16615132579463612     ,  9.2235005395701914E-003) ( -1.0444529104637369E-008,  1.2181268412795702E-009) ( -1.0444517865180954E-008,  1.2181268396352859E-009) ( 0.16919912159107925     , -1.4617449072517474E-002)
   11.701330000000000        1.2500000000000000     
 (  3.0616525244517256     , 0.27193940574304903     ) (  3.0854309578464072     , 0.29000780373125862     )
 (-0.17559834210580771     ,  6.8620059602323129E-003) ( -1.1053678555522030E-008,  1.0740230773436739E-009) ( -1.1053666676517857E-008,  1.0740230763980679E-009) ( 0.17885111246789812     , -1.2212443491169121E-002)
   11.751324999999998        1.2500000000000000     
 (  3.1013927113467559     , 0.27720619403246094     ) (  3.1253445720324433     , 0.29560398043234398     )
 (-0.18504907965136469     ,  4.4345067108366946E-003) ( -1.1663381360033608E-008,  9.2550435633569498E-010) ( -1.1663368706507064E-008,  9.2550435941111259E-010) ( 0.18850837505254883     , -9.7367726839564690E-003)
   11.801319999999999        1.2500000000000000     
 (  3.1414724394364426     , 0.28255620006734333     ) (  3.1655957061312594     , 0.30128585064613533     )
 (-0.19449806027014810     ,  1.9413788297348493E-003) ( -1.2273299969938939E-008,  7.7258397047904866E-010) ( -1.2273286619076150E-008,  7.7258397696145178E-010) ( 0.19816556264000901     , -7.1907625038506034E-003)
   11.851314999999998        1.2500000000000000     
 (  3.1818926624973369     , 0.28799027607284217     ) (  3.2061851025413430     , 0.30705419916961624     )
 (-0.20394006871047757     , -6.1695545931610000E-004) ( -1.2883096718160366E-008,  6.1527639809537751E-010) ( -1.2883082561533058E-008,  6.1527640918148245E-010) ( 0.20781718598590390     , -4.5747394287704276E-003)
   11.901309999999999        1.2500000000000000     
 (  3.2226543801784238     , 0.29350930475295145     ) (  3.2471138809871936     , 0.31290982172530601     )
 (-0.21336981621720585     , -3.2399726143251145E-003) ( -1.3492443947678441E-008,  4.5360398335664574E-010) ( -1.3492428979929133E-008,  4.5360399784249867E-010) ( 0.21745797649945298     , -1.8891646294243961E-003)
   11.951304999999998        1.2500000000000000     
 (  3.2637587458629866     , 0.29911411678235406     ) (  3.2883830811058390     , 0.31885349705434352     )
 (-0.22278170782702847     , -5.9271230740397729E-003) ( -1.4100971728024008E-008,  2.8759016985067613E-010) ( -1.4100955885046056E-008,  2.8759018988319223E-010) ( 0.22708210100666443     ,  8.6547887192761164E-004)
   12.001299999999999        1.2500000000000000     
 (  3.3052067932323399     , 0.30480556492379496     ) (  3.3299938024931013     , 0.32488599267765012     )
 (-0.23217032872999077     , -8.6777685374764407E-003) ( -1.4708344749925117E-008,  1.1726392744333747E-010) ( -1.4708328016337411E-008,  1.1726395238897574E-010) ( 0.23668404527501657     ,  3.6886027602646729E-003)
   12.051294999999998        1.2500000000000000     
 (  3.3469994201022684     , 0.31058447279734325     ) (  3.3719467019564413     , 0.33100804340879880     )
 (-0.24153022252903272     , -1.1491185092540037E-002) ( -1.5314211189330762E-008, -5.7341486451944724E-011) ( -1.5314193451192371E-008, -5.7341456498510399E-011) ( 0.24625824591869511     ,  6.5795792602342286E-003)
   12.101289999999999        1.2500000000000000     
 (  3.3891378176779305     , 0.31645166182591500     ) (  3.4142429948790731     , 0.33722040650546081     )
 (-0.25085590442706340     , -1.4366608062608024E-002) ( -1.5918227941213562E-008, -2.3618862095636931E-010) ( -1.5918209158368616E-008, -2.3618858520925110E-010) ( 0.25579910129230815     ,  9.5376843882418808E-003)
   12.151284999999998        1.2500000000000000     
 (  3.4316226576700175     , 0.32240794075085488     ) (  3.4568835118429218     , 0.34352380273425709     )
 (-0.26014175744461410     , -1.7303184212963448E-002) ( -1.6520028852016536E-008, -4.1923547304343847E-010) ( -1.6520009071615926E-008, -4.1923542882948924E-010) ( 0.26530087894073123     ,  1.2562119160627881E-002)
   12.201279999999999        1.2500000000000000     
 (  3.4744552661553008     , 0.32845409660194569     ) (  3.4998693812589297     , 0.34991892834927757     )
 (-0.26938204327715776     , -2.0299988130314622E-002) ( -1.7119243535942049E-008, -6.0643502775075314E-010) ( -1.7119222510953660E-008, -6.0643497558762216E-010) ( 0.27475758463871564     ,  1.5652024080368376E-002)
   12.251274999999998        1.2500000000000000     
 (  3.5176363832371069     , 0.33459091098477722     ) (  3.5432014025976639     , 0.35640648428196503     )
 (-0.27857133048700905     , -2.3356027555987799E-002) ( -1.7715532281085836E-008, -7.9773629028229564E-010) ( -1.7715510034270302E-008, -7.9773622997498289E-010) ( 0.28416374447374138     ,  1.8806449359461033E-002)
   12.301269999999999        1.2500000000000000     
 (  3.5611672660082498     , 0.34081915595236645     ) (  3.5868807009725785     , 0.36298717315200035     )
 (-0.28770387495209454     , -2.6470214187598175E-002) ( -1.8308518595746893E-008, -9.9308252312391180E-010) ( -1.8308495127012259E-008, -9.9308248035466230E-010) ( 0.29351344877355817     ,  2.2024381466996340E-002)
   12.351264999999998        1.2500000000000000     
 (  3.6050486488284563     , 0.34713958408017631     ) (  3.6309082530330006     , 0.36966162867769170     )
 (-0.29677393665417801     , -2.9641430669975544E-002) ( -1.8897845235924744E-008, -1.1924151266426004E-009) ( -1.8897820449803725E-008, -1.1924150471833263E-009) ( 0.30280090527952375     ,  2.5304725392821730E-002)
   12.401259999999999        1.2500000000000000     
 (  3.6492816012780693     , 0.35355293475859667     ) (  3.6752847104783237     , 0.37643053674374582     )
 (-0.30577603963827604     , -3.2868452417759604E-002) ( -1.9483150911940776E-008, -1.3956680518947689E-009) ( -1.9483125146325888E-008, -1.3956679621024144E-009) ( 0.31202031586355344     ,  2.8646316189405201E-002)
   12.451254999999998        1.2500000000000000     
 (  3.6938670009913879     , 0.36005993730078367     ) (  3.7200113637383354     , 0.38329450055019443     )
 (-0.31470422091215755     , -3.6149985544828282E-002) ( -2.0064057152118983E-008, -1.6027710340067362E-009) ( -2.0064029556768282E-008, -1.6027709312906785E-009) ( 0.32116572826666878     ,  3.2047892775098001E-002)
   12.501249999999999        1.2500000000000000     
 (  3.7388060410827069     , 0.36666130519502194     ) (  3.7650889855707517     , 0.39025416834880144     )
 (-0.32355292426472670     , -3.9484676205544640E-002) ( -2.0640198806388566E-008, -1.8136494459375403E-009) ( -2.0640169641367189E-008, -1.8136493598160393E-009) ( 0.33023126016975923     ,  3.5508145034215996E-002)
   12.551245000000000        1.2500000000000000     
 (  3.7840994621864410     , 0.37335774035387187     ) (  3.8105186371437711     , 0.39731013491277012     )
 (-0.33231638620967491     , -4.2871074736122769E-002) ( -2.1211208132613388E-008, -2.0282254001489354E-009) ( -2.1211177387334109E-008, -2.0282252699421589E-009) ( 0.33921115219114190     ,  3.9025668678294829E-002)
   12.601239999999999        1.2500000000000000     
 (  3.8297472074988179     , 0.38014994019353476     ) (  3.8563009808981654     , 0.40446302210078444     )
 (-0.34098980386768252     , -4.6307661091296297E-002) ( -2.1776671533793895E-008, -2.2464104208390652E-009) ( -2.1776673105986846E-008, -2.2464103676106430E-009) ( 0.34809980161648224     ,  4.2598961572055401E-002)
   12.651235000000000        1.2500000000000000     
 (  3.8757522254552859     , 0.38703854706454560     ) (  3.9024374158100255     , 0.41171335839178719     )
 (-0.34956564358556430     , -4.9792845992107072E-002) ( -2.2336310531893673E-008, -2.4681197651282664E-009) ( -2.2336312216815360E-008, -2.4681197091311532E-009) ( 0.35689076315154689     ,  4.6226488175986083E-002)
   12.701229999999999        1.2500000000000000     
 (  3.9221148128410044     , 0.39402426552932879     ) (  3.9489289479197942     , 0.41906174445917854     )
 (-0.35803917051673945     , -5.3324970734793219E-002) ( -2.2889705498188851E-008, -2.6932585130300135E-009) ( -2.2889707301968673E-008, -2.6932584541420467E-009) ( 0.36557837295103746     ,  4.9906588018760842E-002)
   12.751225000000000        1.2500000000000000     
 (  3.9688356764197730     , 0.40110769948311520     ) (  3.9957762482982160     , 0.42650872703807713     )
 (-0.36640442051005112     , -5.6902296153393400E-002) ( -2.3436483748946258E-008, -2.9217263524011486E-009) ( -2.3436485696206781E-008, -2.9217262903822735E-009) ( 0.37415661992187033     ,  5.3637554453479792E-002)
   12.801219999999999        1.2500000000000000     
 (  4.0159158913680750     , 0.40828951675120767     ) (  4.0429804769560471     , 0.43405483196453293     )
 (-0.37465607118376126     , -6.0523019399397568E-002) ( -2.3976282826240303E-008, -3.1534226019049234E-009) ( -2.3976284888116011E-008, -3.1534225366533896E-009) ( 0.38261991011449703     ,  5.7417618943693405E-002)
   12.851215000000000        1.2500000000000000     
 (  4.0633563025489794     , 0.41557030764062980     ) (  4.0905425681831797     , 0.44170059601336209     )
 (-0.38278818855937902     , -6.4185245546190775E-002) ( -2.4508728793073859E-008, -3.3882359362447522E-009) ( -2.4508731029805887E-008, -3.3882358675266670E-009) ( 0.39096238263785116     ,  6.1244893063519407E-002)
   12.901209999999999        1.2500000000000000     
 (  4.1111581233473231     , 0.42295069049589545     ) (  4.1384636176820901     , 0.44944652929237028     )
 (-0.39079530889259212     , -6.7886989509657394E-002) ( -2.5033471840349174E-008, -3.6260539677536004E-009) ( -2.5033474204592492E-008, -3.6260538951689458E-009) ( 0.39917813209802011     ,  6.5117424744810207E-002)
   12.951205000000000        1.2500000000000000     
 (  4.1593219525286171     , 0.43043126984699676     ) (  4.1867442866091764     , 0.45729311344183043     )
 (-0.39867167219277494     , -7.1626244682110429E-002) ( -2.5550118554516013E-008, -3.8667582656751047E-009) ( -2.5550121071009915E-008, -3.8667581901498314E-009) ( 0.40726142163415058     ,  6.9033184705530298E-002)
   13.001199999999999        1.2500000000000000     
 (  4.2078490930581900     , 0.43801261479963349     ) (  4.2353860349370089     , 0.46524085305216190     )
 (-0.40641169793269832     , -7.5400914805012278E-002) ( -2.6058319060381028E-008, -4.1102282141537551E-009) ( -2.6058321768406645E-008, -4.1102281337079450E-009) ( 0.41520637683430572     ,  7.2990119629973135E-002)
   13.051195000000000        1.2500000000000000     
 (  4.2567405421176856     , 0.44569529233035443     ) (  4.2843897383311216     , 0.47329021077686634     )
 (-0.41400987356772884     , -7.9208805016993636E-002) ( -2.6557712696733535E-008, -4.3563328870382259E-009) ( -2.6557715582633823E-008, -4.3563328033723215E-009) ( 0.42300745296346204     ,  7.6986010785860121E-002)
   13.101189999999999        1.2500000000000000     
 (  4.3059971159801576     , 0.45347986160497666     ) (  4.3337564098342680     , 0.48144164450949944     )
 (-0.42146064272602179     , -8.3047661300379355E-002) ( -2.7047929802126310E-008, -4.6049425335498877E-009) ( -2.7047932863523180E-008, -4.6049424452735268E-009) ( 0.43065877294656502     ,  8.1018624619973459E-002)
   13.151185000000000        1.2500000000000000     
 (  4.3556200814921828     , 0.46136687570491103     ) (  4.3834869929195985     , 0.48969562322530447     )
 (-0.42875876812373581     , -8.6915181089010127E-002) ( -2.7528624009902845E-008, -4.8559188922725610E-009) ( -2.7528627283496420E-008, -4.8559187996548088E-009) ( 0.43815499929368823     ,  8.5085647399095660E-002)
   13.201179999999999        1.2500000000000000     
 (  4.4056102557127295     , 0.46935684922312776     ) (  4.4335828735829708     , 0.49805256691643618     )
 (-0.43589859882599841     , -9.0808961057788407E-002) ( -2.7999430971255047E-008, -5.1091191826419974E-009) ( -2.7999434449715366E-008, -5.1091190856030384E-009) ( 0.44549022947863137     ,  8.9184663387643637E-002)
   13.251175000000000        1.2500000000000000     
 (  4.4559686422578215     , 0.47745032790182557     ) (  4.4840447203552900     , 0.50651292900456180     )
 (-0.44287490411524688     , -9.4726551591912705E-002) ( -2.8459991060627460E-008, -5.3643992081857396E-009) ( -2.8459994755891947E-008, -5.3643991065183610E-009) ( 0.45265890848847451     ,  9.3313235160910890E-002)
   13.301169999999999        1.2500000000000000     
 (  4.5066964485695458     , 0.48564781284394060     ) (  4.5348739218226441     , 0.51507711686231383     )
 (-0.44968214715951155     , -9.8665413359536130E-002) ( -2.8909964609775681E-008, -5.6216044376534330E-009) ( -2.8909968542393738E-008, -5.6216043568854335E-009) ( 0.45965579824686975     ,  9.7468778996882860E-002)
   13.351165000000000        1.2500000000000000     
 (  4.5577947375212391     , 0.49394981372847352     ) (  4.5860716494719815     , 0.52374554854386901     )
 (-0.45631556596842304     ,-0.10262298766737832     ) ( -2.9349017552816347E-008, -5.8805836855847833E-009) ( -2.9349021751839603E-008, -5.8805835735344310E-009) ( 0.46647532716216539     , 0.10164873786595675     )
   13.401159999999999        1.2500000000000000     
 (  4.6092643127216615     , 0.50235681763970741     ) (  4.6376386859117273     , 0.53251863176662750     )
 (-0.46276937217903380     ,-0.10659659641495844     ) ( -2.9776775730252568E-008, -6.1411747356934213E-009) ( -2.9776780187302637E-008, -6.1411746185569538E-009) ( 0.47311209372869212     , 0.10585041275458723     )
   13.451155000000000        1.2500000000000000     
 (  4.6611065939560188     , 0.51086930006018028     ) (  4.6895764406245624     , 0.54139676802211867     )
 (-0.46903894743596408     ,-0.11058352395249627     ) ( -3.0192921201560307E-008, -6.4032124972412801E-009) ( -3.0192925945806065E-008, -6.4032123746159754E-009) ( 0.47956077057564994     , 0.11007104797746795     )
   13.501149999999999        1.2500000000000000     
 (  4.7133224413490433     , 0.51948779180751825     ) (  4.7418860959107665     , 0.55038037628002523     )
 (-0.47511894740429544     ,-0.11458100632826761     ) ( -3.0597109364958298E-008, -6.6665296889161976E-009) ( -3.0597114377801347E-008, -6.6665295606643152E-009) ( 0.48581619353792943     , 0.11430784443012645     )
   13.551145000000000        1.2500000000000000     
 (  4.7659129845192298     , 0.52821270961936273     ) (  4.7945686280340443     , 0.55946980809589886     )
 (-0.48100452770300872     ,-0.11858615538493043     ) ( -3.0989022357217518E-008, -6.9309517121246410E-009) ( -3.0989027739711847E-008, -6.9309515776444791E-009) ( 0.49187325886373312     , 0.11855791421279105     )
   13.601139999999999        1.2500000000000000     
 (  4.8188793398474248     , 0.53704453797460261     ) (  4.8476252957134314     , 0.56866547154535352     )
 (-0.48669080159469141     ,-0.12259613151009637     ) ( -3.1368329223479713E-008, -7.1963032238089996E-009) ( -3.1368334924144174E-008, -7.1963030833098190E-009) ( 0.49772684452668936     , 0.12281834816695693     )
   13.651135000000000        1.2500000000000000     
 (  4.8722227353678704     , 0.54598374462640675     ) (  4.9010574432106964     , 0.57796775351117502     )
 (-0.49217306797842225     ,-0.12660792924266118     ) ( -3.1734705485936503E-008, -7.4624003818957506E-009) ( -3.1734711540319779E-008, -7.4624002343663264E-009) ( 0.50337185166684228     , 0.12708610147397836     )
   13.701129999999999        1.2500000000000000     
 (  4.9259441541435445     , 0.55503077086483443     ) (  4.9548661963148977     , 0.58737701373425877     )
 (-0.49744640415024766     ,-0.13061855978801451     ) ( -3.2087833952555391E-008, -7.7290606385705903E-009) ( -3.2087840291379266E-008, -7.7290604855044178E-009) ( 0.50880351411175040     , 0.13135812872233399     )
   13.751125000000000        1.2500000000000000     
 (  4.9800450376725660     , 0.56418608651837332     ) (  5.0090527520576185     , 0.59689365642287662     )
 (-0.50250644205627504     ,-0.13462496998404169     ) ( -3.2427413221711005E-008, -7.9960942745532405E-009) ( -3.2427420089122151E-008, -7.9960941704510649E-009) ( 0.51401702121727955     , 0.13563134196286461     )
   13.801119999999999        1.2500000000000000     
 (  5.0345260909854401     , 0.57345011392633116     ) (  5.0636183345652226     , 0.60651803371547075     )
 (-0.50734842501054589     ,-0.13862399377678913     ) ( -3.2753128707128472E-008, -8.2633064972041206E-009) ( -3.2753135948850962E-008, -8.2633063271980602E-009) ( 0.51900755317106928     , 0.13990251974806972     )
   13.851115000000000        1.2500000000000000     
 (  5.0893890101870065     , 0.58282332780801538     ) (  5.1185644483586827     , 0.61625057006181982     )
 (-0.51196828011408357     ,-0.14261252036541816     ) ( -3.3064690299096643E-008, -8.5305035772815268E-009) ( -3.3064697981196486E-008, -8.5305034029100372E-009) ( 0.52377062583919110     , 0.14416848006789537     )
   13.901109999999999        1.2500000000000000     
 (  5.1446345565270368     , 0.59230613864829162     ) (  5.1738922648624550     , 0.62609159971603001     )
 (-0.51636147764573470     ,-0.14658729257515599     ) ( -3.3361816385503500E-008, -8.7974826708176794E-009) ( -3.3361824536800104E-008, -8.7974824891387505E-009) ( 0.52830171666622894     , 0.14842587619114822     )
   13.951105000000000        1.2500000000000000     
 (  5.2002642901445544     , 0.60189902469350787     ) (  5.2296031086867298     , 0.63604155335674428     )
 (-0.52052381651245661     ,-0.15054505917163077     ) ( -3.3644196830491197E-008, -9.0640401505192971E-009) ( -3.3644205434905086E-008, -9.0640399613341674E-009) ( 0.53259623113924437     , 0.15267142249232230     )
   14.001100000000001        1.2500000000000000     
 (  5.2562790981113592     , 0.61160240399012766     ) (  5.2856981213694514     , 0.64610077219196571     )
 (-0.52445114841383866     ,-0.15448250406372763     ) ( -3.3911567696725115E-008, -9.3299709904706201E-009) ( -3.3911576855103758E-008, -9.3299707933944471E-009) ( 0.53665005614094397     , 0.15690170051915484     )
   14.051095000000000        1.2500000000000000     
 (  5.3126808278305768     , 0.62141672176715890     ) (  5.3421790948507848     , 0.65626969447635608     )
 (-0.52813979133521982     ,-0.15839630149010506     ) ( -3.4163665235537314E-008, -9.5950627237714331E-009) ( -3.4163674943564537E-008, -9.5950625177360817E-009) ( 0.54045907554627182     , 0.16111332024173505     )
   14.101089999999997        1.2500000000000000     
 (  5.3694699676070838     , 0.63134243017037817     ) (  5.3990470267711972     , 0.66654868902739495     )
 (-0.53158555926937745     ,-0.16228305022929151     ) ( -3.4400216005477907E-008, -9.8591044102278064E-009) ( -3.4400226279415486E-008, -9.8591041969223960E-009) ( 0.54401915517504862     , 0.16530278445509278     )
   14.151084999999997        1.2500000000000000     
 (  5.4266485187133187     , 0.64137995751051735     ) (  5.4563035909492337     , 0.67693814092663973     )
 (-0.53478495752011912     ,-0.16613934669463595     ) ( -3.4620962638921204E-008, -1.0121878415794501E-008) ( -3.4620973547916011E-008, -1.0121878192795633E-008) ( 0.54732630070056054     , 0.16946657921981206     )
   14.201079999999997        1.2500000000000000     
 (  5.4842172324955358     , 0.65152978523006977     ) (  5.5139499036372497     , 0.68743851913189902     )
 (-0.53773427638773352     ,-0.16996171671021060     ) ( -3.4825659843477259E-008, -1.0383165132105064E-008) ( -3.4825671425804999E-008, -1.0383164900246110E-008) ( 0.55037671528528487     , 0.17360114564900817     )
   14.251074999999998        1.2500000000000000     
 (  5.5421776593636149     , 0.66179235590446051     ) (  5.5719875566849710     , 0.69805022428744179     )
 (-0.54043022352871561     ,-0.17374666972852931     ) ( -3.5014067367206904E-008, -1.0642742812330181E-008) ( -3.5014079604955444E-008, -1.0642742571467391E-008) ( 0.55316693699945518     , 0.17770288928151262     )
   14.301069999999998        1.2500000000000000     
 (  5.6005311186296503     , 0.67216814362657062     ) (  5.6304181318479900     , 0.70877367685424930     )
 (-0.54286919193117567     ,-0.17749072401354704     ) ( -3.5185954406982126E-008, -1.0900390783554312E-008) ( -3.5185967327025816E-008, -1.0900390534186960E-008) ( 0.55569313673889376     , 0.18176821342410371     )
   14.351064999999998        1.2500000000000000     
 (  5.6592789656425131     , 0.68265758130236198     ) (  5.6892428147748371     , 0.71960930497860753     )
 (-0.54504826062344613     ,-0.18119029586318192     ) ( -3.5341095174850231E-008, -1.1155877655842811E-008) ( -3.5341108841549719E-008, -1.1155877394544755E-008) ( 0.55795216365093125     , 0.18579340468307770     )
   14.401059999999998        1.2500000000000000     
 (  5.7184226806740126     , 0.69326115426501678     ) (  5.7484633628162607     , 0.73055760443035478     )
 (-0.54696421676557982     ,-0.18484184241084725     ) ( -3.5479277632828349E-008, -1.1408977330911500E-008) ( -3.5479292102305265E-008, -1.1408977061259905E-008) ( 0.55994052361772917     , 0.18977482231835066     )
   14.451054999999998        1.2500000000000000     
 (  5.7779633875644434     , 0.70397935337003115     ) (  5.8080810745801008     , 0.74161900470391817     )
 (-0.54861407638243209     ,-0.18844176971423113     ) ( -3.5600280533048115E-008, -1.1659458857810680E-008) ( -3.5600295861307132E-008, -1.1659458578295078E-008) ( 0.56165519288929688     , 0.19370873351377046     )
   14.501049999999998        1.2500000000000000     
 (  5.8379027712973590     , 0.71481267967655648     ) (  5.8680977150673908     , 0.75279401998042494     )
 (-0.54999533706236914     ,-0.19198649819327074     ) ( -3.5703935807606451E-008, -1.1907090769355274E-008) ( -3.5703952011129084E-008, -1.1907090480774745E-008) ( 0.56309324580012421     , 0.19759140995013916     )
   14.551044999999998        1.2500000000000000     
 (  5.8982419148383194     , 0.72576161818883700     ) (  5.9285145874973635     , 0.76408313125507454     )
 (-0.55110532347075147     ,-0.19547238783861157     ) ( -3.5790042276809710E-008, -1.2151639123466769E-008) ( -3.5790059418528026E-008, -1.2151638822590571E-008) ( 0.56425202146004183     , 0.20141907075427518     )
   14.601039999999998        1.2500000000000000     
 (  5.9589824204955635     , 0.73682666749095072     ) (  5.9893333054575146     , 0.77548683646568117     )
 (-0.55194131710830396     ,-0.19889580658011724     ) ( -3.5858393656271888E-008, -1.2392864690509046E-008) ( -3.5858411679441534E-008, -1.2392864379293210E-008) ( 0.56512824162971509     , 0.20518794776663588     )
   14.651034999999998        1.2500000000000000     
 (  6.0201258362996271     , 0.74800834206675992     ) (  6.0505555360047216     , 0.78700564577484844     )
 (-0.55250113417257396     ,-0.20225311924967909     ) ( -3.5908863174981734E-008, -1.2630532577853130E-008) ( -3.5908882175505514E-008, -1.2630532255775765E-008) ( 0.56572004960697742     , 0.20889422690646947     )
   14.701029999999998        1.2500000000000000     
 (  6.0816733029004739     , 0.75930718501018368     ) (  6.1121825606221547     , 0.79864015623831308     )
 (-0.55278278122853053     ,-0.20554068974630155     ) ( -3.5941279850952225E-008, -1.2864405934228475E-008) ( -3.5941299923958180E-008, -1.2864405600579338E-008) ( 0.56602482802548504     , 0.21253413951766173     )
   14.751024999999998        1.2500000000000000     
 (  6.1436265068546030     , 0.77072377175675877     ) (  6.1742164044959180     , 0.81039091252156026     )
 (-0.55278401914588959     ,-0.20875488030192435     ) ( -3.5955467422855814E-008, -1.3094245294745655E-008) ( -3.5955488614081142E-008, -1.3094244949208743E-008) ( 0.56604021771826385     , 0.21610384988293116     )
   14.801019999999998        1.2500000000000000     
 (  6.2059870324269646     , 0.78225858879352195     ) (  6.2366583790806258     , 0.82225844276150017     )
 (-0.55250331399452479     ,-0.21189202202684027     ) ( -3.5951341651153172E-008, -1.3319807799618651E-008) ( -3.5951364074099004E-008, -1.3319807443225492E-008) ( 0.56576451425219565     , 0.21959950757043178     )
   14.851014999999999        1.2500000000000000     
 (  6.2687561683498148     , 0.79391228568388117     ) (  6.2995102854019240     , 0.83424343617061725     )
 (-0.55193874646541286     ,-0.21494851827750119     ) ( -3.5928725001334856E-008, -1.3540859516766741E-008) ( -3.5928748617736069E-008, -1.3540859148366481E-008) ( 0.56519562380889576     , 0.22301734516443936     )
   14.901009999999998        1.2500000000000000     
 (  6.3319354331231770     , 0.80568538737947359     ) (  6.3627735316832448     , 0.84634642744126687     )
 (-0.55108885338593705     ,-0.21792067243963059     ) ( -3.5887518449082014E-008, -1.3757155280311788E-008) ( -3.5887543062001674E-008, -1.3757154900840826E-008) ( 0.56433184777891954     , 0.22635348059585800     )
   14.951004999999999        1.2500000000000000     
 (  6.3955264965450045     , 0.81757850676831079     ) (  6.4264501119864557     , 0.85856812210335687     )
 (-0.54995255236893714     ,-0.22080488837583681     ) ( -3.5827628681167944E-008, -1.3968453373902483E-008) ( -3.5827654921129884E-008, -1.3968452983287994E-008) ( 0.56317185723179186     , 0.22960411993604221     )
   15.000999999999998        1.2500000000000000     
 (  6.4595306344041168     , 0.82959225782079160     ) (  6.4905414425890475     , 0.87090912623604833     )
 (-0.54852817263106601     ,-0.22359755968451470     ) ( -3.5748937549886392E-008, -1.4174513647703398E-008) ( -3.5748965207083730E-008, -1.4174513244928411E-008) ( 0.56171390401226162     , 0.23276541269873896     )
   15.050994999999999        1.2500000000000000     
 (  6.5239496402709554     , 0.84172731026890046     ) (  6.5550490427678278     , 0.88337018139471313     )
 (-0.54681531187547783     ,-0.22629508960140413     ) ( -3.5651376661207716E-008, -1.4375100086576172E-008) ( -3.5651405803704730E-008, -1.4375099673107463E-008) ( 0.55995719324547821     , 0.23583358486235695     )
   15.100989999999998        1.2500000000000000     
 (  6.5887847658323606     , 0.85398427761805606     ) (  6.6199748643876717     , 0.89595197149379491     )
 (-0.54481275978842458     ,-0.22889392080863863     ) ( -3.5534862073743386E-008, -1.4569968953582566E-008) ( -3.5534892807202049E-008, -1.4569968525443287E-008) ( 0.55790053480592794     , 0.23880483951732603     )
   15.150984999999999        1.2500000000000000     
 (  6.6540379797868692     , 0.86636380995881557     ) (  6.6853205521929144     , 0.90865519266189987     )
 (-0.54252002510687791     ,-0.23139049464692957     ) ( -3.5399337325239406E-008, -1.4758882839644759E-008) ( -3.5399369648093853E-008, -1.4758882400961188E-008) ( 0.55554320323659390     , 0.24167537481978302     )
   15.200979999999998        1.2500000000000000     
 (  6.7197103358178625     , 0.87886664128759762     ) (  6.7510873896978811     , 0.92148066553975350     )
 (-0.53993663999785024     ,-0.23378124130291569     ) ( -3.5244751978388182E-008, -1.4941598819348691E-008) ( -3.5244786025967906E-008, -1.4941598366430334E-008) ( 0.55288445092869098     , 0.24444142818183465     )
   15.250974999999999        1.2500000000000000     
 (  6.7858036833996964     , 0.89149340810008149     ) (  6.8172777492137708     , 0.93442910431540793     )
 (-0.53706222049756092     ,-0.23606274281431794     ) ( -3.5071068477619312E-008, -1.5117886296086385E-008) ( -3.5071104408731994E-008, -1.5117885831222389E-008) ( 0.54992379477303899     , 0.24709928407217896     )
   15.300969999999998        1.2500000000000000     
 (  6.8523196216261208     , 0.90424489823955101     ) (  6.8838927294560817     , 0.94750135175034034     )
 (-0.53389672221446494     ,-0.23823149418540943     ) ( -3.4878245471257009E-008, -1.5287504026165306E-008) ( -3.4878283309473563E-008, -1.5287503551092796E-008) ( 0.54666104274589711     , 0.24964517544249407     )
   15.350964999999999        1.2500000000000000     
 (  6.9192596796488619     , 0.91712178162837121     ) (  6.9509343097758807     , 0.96069820383384441     )
 (-0.53044030016943422     ,-0.24028406177641054     ) ( -3.4666278745672879E-008, -1.5450218163082780E-008) ( -3.4666318476323674E-008, -1.5450217667311507E-008) ( 0.54309601497210513     , 0.25207545980818213     )
   15.400959999999998        1.2500000000000000     
 (  6.9866253853989866     , 0.93012488243259739     ) (  7.0184042196816963     , 0.97402052983397402     )
 (-0.52669309556024813     ,-0.24221709772619221     ) ( -3.4435168883775110E-008, -1.5605799180822575E-008) ( -3.4435210914835266E-008, -1.5605798677717436E-008) ( 0.53922883625282925     , 0.25438647269173670     )
   15.450954999999999        1.2500000000000000     
 (  7.0544184405587593     , 0.94325494708691693     ) (  7.0863040080851487     , 0.98746922947220062     )
 (-0.52265556037673133     ,-0.24402726475882602     ) ( -3.4184925414602998E-008, -1.5754017039058180E-008) ( -3.4184969452822012E-008, -1.5754016530501237E-008) ( 0.53505985826449409     , 0.25657462438187073     )
   15.500949999999998        1.2500000000000000     
 (  7.1226403472728830     , 0.95651275239812450     ) (  7.1546354298141379     ,  1.0010451475693027     )
 (-0.51832846558791301     ,-0.24571122635800444     ) ( -3.3915555474817313E-008, -1.5894637769478440E-008) ( -3.3915601870641859E-008, -1.5894637248954591E-008) ( 0.53058937168912357     , 0.25863626235028053     )
   15.550944999999999        1.2500000000000000     
 (  7.1912925926372093     , 0.96989911317084843     ) (  7.2234001599936200     ,  1.0147492302952581     )
 (-0.51371236803360720     ,-0.24726577713332609     ) ( -3.3627089165682575E-008, -1.6027439669209824E-008) ( -3.3627137841521312E-008, -1.6027439134579665E-008) ( 0.52581818561832361     , 0.26056791062466522     )
   15.600939999999998        1.2500000000000000     
 (  7.2603760252586564     , 0.98341500147704175     ) (  7.2925997345407199     ,  1.0285824911712018     )
 (-0.50880768348843608     ,-0.24868780620899442     ) ( -3.3319641275085111E-008, -1.6152202222491328E-008) ( -3.3319639133285224E-008, -1.6152202317280691E-008) ( 0.52074628871278617     , 0.26236605840684668     )
   15.650934999999999        1.2500000000000000     
 (  7.3298940569565678     , 0.99706106406599815     ) (  7.3622361779548466     ,  1.0425458510949148     )
 (-0.50361703967310867     ,-0.24997402331010316     ) ( -3.2993144994655288E-008, -1.6268697524442614E-008) ( -3.2993142699178934E-008, -1.6268697624625744E-008) ( 0.51537630136618418     , 0.26402728378420404     )
   15.700930000000000        1.2500000000000000     
 (  7.3998471519812892     ,  1.0108382873139807     ) (  7.4323111004942106     ,  1.0566402666457215     )
 (-0.49814092533121324     ,-0.25112146802452950     ) ( -3.2647722697205524E-008, -1.6376713662571329E-008) ( -3.2647720243037138E-008, -1.6376713769180312E-008) ( 0.50970843731004922     , 0.26554815473049281     )
   15.750924999999999        1.2500000000000000     
 (  7.4702372586098420     ,  1.0247475371900061     ) (  7.5028261176915496     ,  1.0708668140015631     )
 (-0.49238105230699303     ,-0.25212709300681257     ) ( -3.2283476202029089E-008, -1.6476033655274815E-008) ( -3.2283473590889318E-008, -1.6476033767667742E-008) ( 0.50374466297360543     , 0.26692538527470283     )
   15.800920000000000        1.2500000000000000     
 (  7.5410655787094729     ,  1.0387897467925693     ) (  7.5737828758751036     ,  1.0852265763927451     )
 (-0.48633899784402840     ,-0.25298797234111720     ) ( -3.1900467381948465E-008, -1.6566448789644481E-008) ( -3.1900464577276078E-008, -1.6566448908083010E-008) ( 0.49748608835645303     , 0.26815567594787060     )
   15.850914999999999        1.2500000000000000     
 (  7.6123340473055139     ,  1.0529658327908376     ) (  7.6451828295967195     ,  1.0997205644049202     )
 (-0.48001693780708415     ,-0.25370123278176010     ) ( -3.1498814199805977E-008, -1.6647750089149534E-008) ( -3.1498811218538821E-008, -1.6647750214138956E-008) ( 0.49093465908423739     , 0.26923581493914067     )
   15.900910000000000        1.2500000000000000     
 (  7.6840437888093653     ,  1.0672767761094868     ) (  7.7170279604957628     ,  1.1143499128593992     )
 (-0.47341650783706879     ,-0.25426412193859921     ) ( -3.1078633160717694E-008, -1.6719740141978134E-008) ( -3.1078629960375227E-008, -1.6719740273519313E-008) ( 0.48409238075838323     , 0.27016270180399710     )
   15.950904999999999        1.2500000000000000     
 (  7.7561969868931255     ,  1.0817235144617283     ) (  7.7893199231803223     ,  1.1291157453281866     )
 (-0.46654047227171319     ,-0.25467386613407267     ) ( -3.0640065499897656E-008, -1.6782216150313117E-008) ( -3.0640062096662707E-008, -1.6782216289491857E-008) ( 0.47696142735704544     , 0.27093321149381910     )
   16.000900000000001        1.2500000000000000     
 (  7.8287948802576741     ,  1.0963070728817115     ) (  7.8620600511941490     ,  1.1440191878400094     )
 (-0.45939111565740909     ,-0.25492786099380854     ) ( -3.0183231667423572E-008, -1.6834982654356668E-008) ( -3.0183228039480788E-008, -1.6834982800869095E-008) ( 0.46954408913084111     , 0.27154433613392315     )
   16.050895000000001        1.2500000000000000     
 (  7.9018389375765317     ,  1.1110284729279720     ) (  7.9352501098665753     ,  1.1590614337243004     )
 (-0.45197084013340422     ,-0.25502359033994643     ) ( -2.9708293718287315E-008, -1.6877857317390579E-008) ( -2.9708289851394399E-008, -1.6877857471827115E-008) ( 0.46184321687929086     , 0.27199320052877374     )
   16.100890000000000        1.2500000000000000     
 (  7.9753308422645199     ,  1.1258887289190820     ) (  8.0088918311422930     ,  1.1742436469823068     )
 (-0.44428279130758086     ,-0.25495855592781352     ) ( -2.9215440467109632E-008, -1.6910648833975566E-008) ( -2.9215436307086068E-008, -1.6910648996179268E-008) ( 0.45386134651184062     , 0.27227692643145046     )
   16.150885000000002        1.2500000000000000     
 (  8.0492720646913227     ,  1.1408889039728369     ) (  8.0829864864743897     ,  1.1895670876849596     )
 (-0.43632975413410163     ,-0.25473036834859836     ) ( -2.8704805089474127E-008, -1.6933178360585725E-008) ( -2.8704800686687963E-008, -1.6933178531396371E-008) ( 0.44560145818665403     , 0.27239273558925597     )
   16.200880000000002        1.2500000000000000     
 (  8.1236643129026973     ,  1.1560300559649059     ) (  8.1575360361682918     ,  1.2050329352413132     )
 (-0.42811496578082975     ,-0.25433680261391706     ) ( -2.8176607257505843E-008, -1.6945277224565930E-008) ( -2.8176602584678726E-008, -1.6945277404779773E-008) ( 0.43706653979616666     , 0.27233801631406507     )
   16.250875000000001        1.2500000000000000     
 (  8.1985091648599937     ,  1.1713132423850927     ) (  8.2325418749954125     ,  1.2206424782505669     )
 (-0.41964189466323615     ,-0.25377560723114378     ) ( -2.7631038390076447E-008, -1.6946770824207370E-008) ( -2.7631033419801005E-008, -1.6946771013774423E-008) ( 0.42826018992660492     , 0.27211012570034687     )
   16.300870000000000        1.2500000000000000     
 (  8.2738077173928328     ,  1.1867395855031893     ) (  8.3080055194355733     ,  1.2363969439386042     )
 (-0.41091384337745435     ,-0.25304473136946709     ) ( -2.7068328047801007E-008, -1.6937501159445818E-008) ( -2.7068322748107498E-008, -1.6937501358052499E-008) ( 0.41918586607392011     , 0.27170660959887860     )
   16.350865000000002        1.2500000000000000     
 (  8.3495619077635137     ,  1.2023102175860962     ) (  8.3839284275126804     ,  1.2522976880496106     )
 (-0.40193478107456715     ,-0.25214218372589942     ) ( -2.6488678342048222E-008, -1.6917307424928382E-008) ( -2.6488672739053297E-008, -1.6917307635628185E-008) ( 0.40984700633905302     , 0.27112504222402983     )
   16.400860000000002        1.2500000000000000     
 (  8.4257730589942224     ,  1.2180262893635616     ) (  8.4603122209283264     ,  1.2683459918414290     )
 (-0.39270825784027152     ,-0.25106612626729685     ) ( -2.5892336272088244E-008, -1.6886040406909932E-008) ( -2.5892330280928615E-008, -1.6886040627569870E-008) ( 0.40024765573047266     , 0.27036313982226945     )
   16.450855000000001        1.2500000000000000     
 (  8.5024426439962468     ,  1.2338889097502210     ) (  8.5371582892808764     ,  1.2845431238620415     )
 (-0.38323870194845000     ,-0.24981474090492872     ) ( -2.5279566442532158E-008, -1.6843557837481826E-008) ( -2.5279560112159339E-008, -1.6843558069719920E-008) ( 0.39039209653126911     , 0.26941870846219867     )
   16.500850000000000        1.2500000000000000     
 (  8.5795724093420773     ,  1.2498992751115854     ) (  8.6144684132386118     ,  1.3008905426112227     )
 (-0.37353003423186193     ,-0.24838636070599249     ) ( -2.4650603234073948E-008, -1.6789716572519352E-008) ( -2.4650596528096969E-008, -1.6789716816686598E-008) ( 0.38028412202397821     , 0.26828966124857540     )
   16.550845000000002        1.2500000000000000     
 (  8.6571634025668747     ,  1.2660585797815342     ) (  8.6922434788962715     ,  1.3173895663699573     )
 (-0.36358663001179120     ,-0.24677950458038905     ) ( -2.4005723091359019E-008, -1.6724394465527857E-008) ( -2.4005715971145491E-008, -1.6724394722292183E-008) ( 0.36992860863438576     , 0.26697404499120553     )
   16.600840000000002        1.2500000000000000     
 (  8.7352173441456422     ,  1.2823679759699125     ) (  8.7704853313927593     ,  1.3340415176924476     )
 (-0.35341315845109983     ,-0.24499268230634083     ) ( -2.3345235626140092E-008, -1.6647458557980238E-008) ( -2.3345228030478186E-008, -1.6647458827516313E-008) ( 0.35932994481432112     , 0.26546995065747592     )
   16.650835000000001        1.2500000000000000     
 (  8.8137355278863616     ,  1.2988287228827045     ) (  8.8491952966656680     ,  1.3508478534566033     )
 (-0.34301433233148998     ,-0.24302459838359153     ) ( -2.2669408831780601E-008, -1.6558794435884071E-008) ( -2.2669400810828993E-008, -1.6558794718565677E-008) ( 0.34849282507071622     , 0.26377562720857889     )
   16.700830000000000        1.2500000000000000     
 (  8.8927193524059973     ,  1.3154419754649980     ) (  8.9283745561930647     ,  1.3678099156599235     )
 (-0.33239512259687176     ,-0.24087403520703388     ) ( -2.1978557860369639E-008, -1.6458292080028266E-008) ( -2.1978549356097872E-008, -1.6458292377624789E-008) ( 0.33742231202753570     , 0.26188945880915432     )
   16.750825000000003        1.2500000000000000     
 (  8.9721704641890661     ,  1.3322090435286451     ) (  9.0080246335669472     ,  1.3849291462742606     )
 (-0.32156003659201260     ,-0.23853998591771108     ) ( -2.1272997031607895E-008, -1.6345852454149657E-008) ( -2.1272988067282587E-008, -1.6345852766433460E-008) ( 0.32612362179228754     , 0.25980992676847092     )
   16.800820000000002        1.2500000000000000     
 (  9.0520899446718808     ,  1.3491311107674213     ) (  9.0881469324261737     ,  1.4022069413305893     )
 (-0.31051494974334859     ,-0.23602146353892248     ) ( -2.0553053714528181E-008, -1.6221380747658257E-008) ( -2.0553044148847816E-008, -1.6221381073817968E-008) ( 0.31460187758689451     , 0.25753564893037728     )
   16.850815000000001        1.2500000000000000     
 (  9.1324797271607032     ,  1.3662094496992678     ) (  9.1687427062685618     ,  1.4196447666274294     )
 (-0.29926462716269919     ,-0.23331763257807039     ) ( -1.9819071784515612E-008, -1.6084784015572084E-008) ( -1.9819061669259492E-008, -1.6084784358875722E-008) ( 0.30286274528069940     , 0.25506532021184164     )
   16.900810000000000        1.2500000000000000     
 (  9.2133402343717847     ,  1.3834453440388321     ) (  9.2498129185589857     ,  1.4372439927754013     )
 (-0.28781484634033011     ,-0.23042784954080595     ) ( -1.9071393699409701E-008, -1.5935990915772501E-008) ( -1.9071382975792009E-008, -1.5935991275998203E-008) ( 0.29091155047411038     , 0.25239782694263879     )
   16.950805000000003        1.2500000000000000     
 (  9.2946736651379780     ,  1.4008401012074236     ) (  9.3313593836638002     ,  1.4550062123489187     )
 (-0.27617110324125826     ,-0.22735155678918248     ) ( -1.8310355521155401E-008, -1.5774926169001129E-008) ( -1.8310344202114334E-008, -1.5774926546869323E-008) ( 0.27875411718570431     , 0.24953219043530112     )
   17.000800000000002        1.2500000000000000     
 (  9.3764810356547841     ,  1.4183949219491472     ) (  9.4133830070408138     ,  1.4729326866853880     )
 (-0.26433917031847076     ,-0.22408831265931431     ) ( -1.7536375691854535E-008, -1.5601529418601679E-008) ( -1.7536363677839296E-008, -1.5601529814308691E-008) ( 0.26639670628115525     , 0.24646747475174291     )
   17.050795000000001        1.2500000000000000     
 (  9.4587633833661187     ,  1.4361111604746661     ) (  9.4958849595499011     ,  1.4910250342783853     )
 (-0.25232478080808185     ,-0.22063783662159206     ) ( -1.6749776750209447E-008, -1.5415747063727754E-008) ( -1.6749764071958104E-008, -1.5415747479398327E-008) ( 0.25384501859742298     , 0.24320300407576245     )
   17.100790000000003        1.2500000000000000     
 (  9.5415226549239378     ,  1.4539900744684984     ) (  9.5788665651872655     ,  1.5092845883294461     )
 (-0.24013432391868816     ,-0.21699999102148182     ) ( -1.5951005437889074E-008, -1.5217532935997050E-008) ( -1.5950992036439347E-008, -1.5217533370936590E-008) ( 0.24110581751027912     , 0.23973815409558080     )
   17.150785000000003        1.2500000000000000     
 (  9.6247595403641366     ,  1.4720330158296591     ) (  9.6623289886956538     ,  1.5277128935945774     )
 (-0.22777380221832710     ,-0.21317474337964015     ) ( -1.5140413568037564E-008, -1.5006852615308508E-008) ( -1.5140399445187315E-008, -1.5006852997297984E-008) ( 0.22818489565067065     , 0.23607244332087793     )
   17.200779999999998        1.2500000000000000     
 (  9.7084754530847626     ,  1.4902412857093217     ) (  9.7462732825984482     ,  1.5463114326967251     )
 (-0.21524918241299101     ,-0.20916229135633127     ) ( -1.4318392932754154E-008, -1.4783676582798099E-008) ( -1.4318377983729597E-008, -1.4783677059963960E-008) ( 0.21508892147617900     , 0.23220558935195759     )
   17.250774999999997        1.2500000000000000     
 (  9.7926718681903644     ,  1.5086161252797232     ) (  9.8307006075779739     ,  1.5650815906193216     )
 (-0.20256727825275248     ,-0.20496281452895726     ) ( -1.3485418556601096E-008, -1.4547986208047474E-008) ( -1.3485402719090270E-008, -1.4547986707442021E-008) ( 0.20182472619889827     , 0.22813740696608537     )
   17.300770000000000        1.2500000000000000     
 (  9.8773494954984979     ,  1.5271589609591252     ) (  9.9156118711730183     ,  1.5840248489086850     )
 (-0.18973432823954686     ,-0.20057674740612383     ) ( -1.2641867122211388E-008, -1.4299772505101900E-008) ( -1.2641850460945310E-008, -1.4299773028724802E-008) ( 0.18839918249826196     , 0.22386786544537027     )
   17.350764999999999        1.2500000000000000     
 (  9.9625101082487060     ,  1.5458710827066433     ) (  10.001008209725930     ,  1.6031426562518891     )
 (-0.17675722492906848     ,-0.19600476490642746     ) ( -1.1788179812406806E-008, -1.4039038886736869E-008) ( -1.1788162180868824E-008, -1.4039039435747853E-008) ( 0.17481907051333453     , 0.21939712135503478     )
   17.400759999999998        1.2500000000000000     
 (  10.048154631294727     ,  1.5647537677024410     ) (  10.086890971985873     ,  1.6224365531715073     )
 (-0.16364254776226766     ,-0.19124741918787619     ) ( -1.0924799460721032E-008, -1.3765790992851494E-008) ( -1.0924780842933693E-008, -1.3765791566032219E-008) ( 0.16109167991534321     , 0.21472541127051892     )
   17.450755000000001        1.2500000000000000     
 (  10.134284271737332     ,  1.5838084223919195     ) (  10.173260983188971     ,  1.6419079160077541     )
 (-0.15039740297010729     ,-0.18630563503478634     ) ( -1.0052202524386879E-008, -1.3480045026659075E-008) ( -1.0052182888119066E-008, -1.3480045626234589E-008) ( 0.14722419555509783     , 0.20985313096428709     )
   17.500750000000000        1.2500000000000000     
 (  10.220900208437218     ,  1.6030363066368216     ) (  10.260119124858639     ,  1.6615582185193138     )
 (-0.13702838684041932     ,-0.18118042654516370     ) ( -9.1708018110312819E-009, -1.3181836285435920E-008) ( -9.1707811502804610E-009, -1.3181836910764418E-008) ( 0.13322353387589395     , 0.20478092616550694     )
   17.550744999999999        1.2500000000000000     
 (  10.308003488136665     ,  1.6224387330486465     ) (  10.347466208115186     ,  1.6813888557934957     )
 (-0.12354252454021460     ,-0.17587285266828864     ) ( -8.2810694982276254E-009, -1.2871191112835558E-008) ( -8.2810476503515114E-009, -1.2871191693064623E-008) ( 0.11909732362075467     , 0.19950942189848506     )
   17.600739999999998        1.2500000000000000     
 (  10.395595332463886     ,  1.6420172085790719     ) (  10.435303548219656     ,  1.7014013643704156     )
 (-0.10994721621863603     ,-0.17038435575234678     ) ( -7.3834824082100618E-009, -1.2548170792264342E-008) ( -7.3834594242121414E-009, -1.2548171476524455E-008) ( 0.10485312999167892     , 0.19403965129684911     )
   17.650735000000001        1.2500000000000000     
 (  10.483676893200933     ,  1.6617728976684196     ) (  10.523632024454463     ,  1.7215971344717231     )
 ( -9.6250124692932482E-002,-0.16471630406948276     ) ( -6.4785430983369207E-009, -1.2212830042888473E-008) ( -6.4785187821220810E-009, -1.2212830751912539E-008) (  9.0499110517557768E-002, 0.18837264187426891     )
   17.700730000000000        1.2500000000000000     
 (  10.572249098385770     ,  1.6817071007136273     ) (  10.612452232615027     ,  1.7419774747935364     )
 ( -8.2457507956568393E-002,-0.15887024862970728     ) ( -5.5666671673445573E-009, -1.1865225083474173E-008) ( -5.5666415677798661E-009, -1.1865225827872125E-008) (  7.6041948693705078E-002, 0.18250947712301840     )
   17.750724999999999        1.2500000000000000     
 (  10.661313080127178     ,  1.7018212648125322     ) (  10.701765279448109     ,  1.7625439543066477     )
 ( -6.8577649004051819E-002,-0.15284802942130321     ) ( -4.6484303765938637E-009, -1.1505445826563412E-008) ( -4.6484034222581854E-009, -1.1505446605603913E-008) (  6.1490623230545480E-002, 0.17645164678578226     )
   17.800719999999998        1.2500000000000000     
 (  10.750870093964068     ,  1.7221166917032296     ) (  10.791572128312881     ,  1.7832978425650508     )
 ( -5.4617713952917195E-002,-0.14665153148460608     ) ( -3.7242632515391386E-009, -1.1133577600244566E-008) ( -3.7242349199574627E-009, -1.1133578414700245E-008) (  4.6852189477967425E-002, 0.17020062334006433     )
   17.850715000000001        1.2500000000000000     
 (  10.840921127752162     ,  1.7425946538503780     ) (  10.881873321077768     ,  1.8042405811174931     )
 ( -4.0585018983090963E-002,-0.14028271661576341     ) ( -2.7947001351714677E-009, -1.0749708797068859E-008) ( -2.7946702580139647E-009, -1.0749709641256980E-008) (  3.2135126045047133E-002, 0.16375807346029969     )
   17.900710000000000        1.2500000000000000     
 (  10.931466864478615     ,  1.7632565705379004     ) (  10.972669783867481     ,  1.8253735266553295     )
 ( -2.6487746101874106E-002,-0.13374392515065339     ) ( -1.8602266802282934E-009, -1.0353959196106661E-008) ( -1.8601951522311495E-009, -1.0353960078712515E-008) (  1.7347651983021576E-002, 0.15712592300040321     )
   17.950704999999999        1.2500000000000000     
 (  11.022508834935204     ,  1.7841036162999686     ) (  11.063962525922641     ,  1.8466980351218119     )
 ( -1.2333009526093510E-002,-0.12703734899498009     ) ( -9.2135573729997097E-010, -9.9464366604999672E-009) ( -9.2132261390868081E-010, -9.9464375814078840E-009) (  2.4974295040465031E-003, 0.15030608083080396     )
   18.000699999999998        1.2500000000000000     
 (  11.114047621205291     ,  1.8051371727097154     ) (  11.155752152850503     ,  1.8682154371437556     )
 (  1.8712844844556516E-003,-0.12016557409289580     ) (  2.1394723099323139E-011, -9.5272727439222788E-009) (  2.1429504523335633E-011, -9.5272737042999837E-009) ( -1.2406792157517934E-002, 0.14330080528999264     )
   18.050695000000001        1.2500000000000000     
 (  11.206084270899531     ,  1.8263585885379849     ) (  11.248039298941478     ,  1.8899270668412036     )
 (  1.6117248618941742E-002,-0.11313125902077181     ) (  9.6748343364440664E-010, -9.0966057466588450E-009) (  9.6752016402197452E-010, -9.0966067446935899E-009) ( -2.7356943415068998E-002, 0.13611242614410765     )
   18.100690000000000        1.2500000000000000     
 (  11.298620226054220     ,  1.8477690920713203     ) (  11.340825011217195     ,  1.9118342821913763     )
 (  3.0397223244961084E-002,-0.10593718940461574     ) (  1.9164228418005262E-009, -8.6545829752315256E-009) (  1.9164614219210773E-009, -8.6545840158873190E-009) ( -4.2344462806600452E-002, 0.12874337530851010     )
   18.150684999999999        1.2500000000000000     
 (  11.391655924841091     ,  1.8693699776659580     ) (  11.434109909437517     ,  1.9339382908719673     )
 (  4.4702862071470902E-002, -9.8586242930713872E-002) (  2.8676483304338462E-009, -8.2013551777532281E-009) (  2.8676888457370967E-009, -8.2013562608763087E-009) ( -5.7361173863574526E-002, 0.12119636352833077     )
   18.200679999999998        1.2500000000000000     
 (  11.485192522675705     ,  1.8911626028154180     ) (  11.527894656702843     ,  1.9562404196369165     )
 (  5.9026890679595247E-002, -9.1081584286871436E-002) (  3.8206493113189822E-009, -7.7371005565422838E-009) (  3.8206918645456246E-009, -7.7371016830817967E-009) ( -7.2398152839822774E-002, 0.11347422179741833     )
   18.250675000000001        1.2500000000000000     
 (  11.579230875651634     ,  1.9131481771005627     ) (  11.622179969452578     ,  1.9787419409874027     )
 (  7.3361286993916336E-002, -8.3426408421732323E-002) (  4.7748992386541011E-009, -7.2619904417704010E-009) (  4.7749441022152949E-009, -7.2619916177296980E-009) ( -8.7447356932362136E-002, 0.10557990833841642     )
   18.300670000000000        1.2500000000000000     
 (  11.673772030123056     ,  1.9353280459400373     ) (  11.716966809871334     ,  2.0014440522013754     )
 (  8.7697667442515337E-002, -7.5624145771208379E-002) (  5.7298397884324946E-009, -6.7762177716293227E-009) (  5.7298868085149155E-009, -6.7762189980658640E-009) (-0.10249977604803241     ,  9.7516615176370849E-002)
   18.350664999999999        1.2500000000000000     
 (  11.768816993055967     ,  1.9577034803660029     ) (  11.812255520511883     ,  2.0243480346012772     )
 ( 0.10202872144226621     , -6.7678387097197187E-002) (  6.6849571261191447E-009, -6.2799836317669123E-009) (  6.6850065221884685E-009, -6.2799849068483846E-009) (-0.11754737330723672     ,  8.9287677060493661E-002)
   18.400659999999998        1.2500000000000000     
 (  11.864366169359476     ,  1.9802756370222325     ) (  11.908046785332646     ,  2.0474550303871442     )
 ( 0.11634613124067709     , -5.9592595992212054E-002) (  7.6397318375996848E-009, -5.7734831209630116E-009) (  7.6397838123981633E-009, -5.7734844432185843E-009) (-0.13258114095215262     ,  8.0896460434942183E-002)
   18.450655000000001        1.2500000000000000     
 (  11.960420992763680     ,  2.0030458718674731     ) (  12.004341512363284     ,  2.0707662631504102     )
 ( 0.13064181578724993     , -5.1370804833397891E-002) (  8.5935562536882171E-009, -5.2569479908468035E-009) (  8.5936106945700282E-009, -5.2569493631136565E-009) (-0.14759223056106155     ,  7.2346722240897998E-002)
   18.500650000000000        1.2500000000000000     
 (  12.056982232698912     ,  2.0260153822940876     ) (  12.101140415185013     ,  2.0942828444695825     )
 ( 0.14490779213675362     , -4.3016770202164628E-002) (  9.5459411553409598E-009, -4.7305963441496128E-009) (  9.5459984841582202E-009, -4.7305977713343531E-009) (-0.16257242576325528     ,  6.3642098400286312E-002)
   18.550644999999999        1.2500000000000000     
 (  12.154050643126645     ,  2.0491854020222720     ) (  12.198443926780497     ,  2.1180059949192276     )
 ( 0.15913627148607523     , -3.4534694033661287E-002) (  1.0496316411524160E-008, -4.1946648643227253E-009) (  1.0496376560619314E-008, -4.1946663457996067E-009) (-0.17751275065213137     ,  5.4786690511326744E-002)
   18.600639999999999        1.2500000000000000     
 (  12.251627197878697     ,  2.0725571472672302     ) (  12.296252811462937     ,  2.1419368412173259     )
 ( 0.17331895724602397     , -2.5928772696380716E-002) (  1.1444135405636329E-008, -3.6494050580168233E-009) (  1.1444198595603335E-008, -3.6494065982587611E-009) (-0.19240441849294390     ,  4.5784517227051111E-002)
   18.650635000000001        1.2500000000000000     
 (  12.349712502604309     ,  2.0961319409506083     ) (  12.394567579409131     ,  2.1660764608016616     )
 ( 0.18744822368559613     , -1.7203453438366247E-002) (  1.2388892702342206E-008, -3.0950792128677926E-009) (  1.2388958860477492E-008, -3.0950808091997194E-009) (-0.20723925725033421     ,  3.6639841874512878E-002)
   18.700630000000000        1.2500000000000000     
 (  12.448307575781890     ,  2.1199110110360739     ) (  12.493388876973579     ,  2.1904259741887198     )
 ( 0.20151586528874382     , -8.3629581053958468E-003) (  1.3330136739166879E-008, -2.5319433205344527E-009) (  1.3330134385777085E-008, -2.5319431911359715E-009) (-0.22200741690858924     ,  2.7357145696646296E-002)
   18.750624999999999        1.2500000000000000     
 (  12.547413585864771     ,  2.1438952958797954     ) (  12.592717728615197     ,  2.2149863683439284     )
 ( 0.21551414814796904     ,  5.8786274934055508E-004) (  1.4267094930026375E-008, -1.9602744719038639E-009) (  1.4267092405379707E-008, -1.9602743347551929E-009) (-0.23670194686852014     ,  1.7940900243915130E-002)
   18.800620000000002        1.2500000000000000     
 (  12.647030843241389     ,  2.1680862495813455     ) (  12.692554432965453     ,  2.2397587356975639     )
 ( 0.22943526579838278     ,  9.6441523598405476E-003) (  1.5199335545751825E-008, -1.3803665106304641E-009) (  1.5199332827342812E-008, -1.3803663666841293E-009) (-0.25131346085203027     ,  8.3959063702458547E-003)
   18.850615000000001        1.2500000000000000     
 (  12.747160796997390     ,  2.1924848472077270     ) (  12.792899941085647     ,  2.2647441031435567     )
 ( 0.24327090906874657     ,  1.8801305118618470E-002) (  1.6126325451055979E-008, -7.9250079985965759E-010) (  1.6126322561712415E-008, -7.9250064783092244E-010) (-0.26583317717486882     , -1.2730622609613326E-003)
   18.900610000000000        1.2500000000000000     
 (  12.847803677660174     ,  2.2170924585559737     ) (  12.893754357031957     ,  2.2899435387013991     )
 ( 0.25701367458897889     ,  2.8054208456337718E-002) (  1.7047516773260993E-008, -1.9698592678834414E-010) (  1.7047513619305633E-008, -1.9698576719821815E-010) (-0.28025266489955059     , -1.1060964496694293E-002)
   18.950604999999999        1.2500000000000000     
 (  12.948960666449947     ,  2.2419101633231207     ) (  12.995119038030079     ,  2.3153580144913177     )
 ( 0.27065594591219988     ,  3.7397739446917717E-002) (  1.7962426307910825E-008,  4.0586249026684786E-010) (  1.7962422986272016E-008,  4.0586265689237171E-010) (-0.29456366340924112     , -2.0962603647946138E-002)
   19.000600000000002        1.2500000000000000     
 (  13.050632375502428     ,  2.2669390767601190     ) (  13.096994138269951     ,  2.3409884374527179     )
 ( 0.28418959329941540     ,  4.6826663140370345E-002) (  1.8870434253159042E-008,  1.0157287141952008E-009) (  1.8870430679434814E-008,  1.0157288908888064E-009) (-0.30875716968978223     , -3.0972780657030265E-002)
   19.050595000000001        1.2500000000000000     
 (  13.152819991117191     ,  2.2921804552136238     ) (  13.199380570646943     ,  2.3668358107788663     )
 ( 0.29760694418951050     ,  5.6335661667884132E-002) (  1.9771078243668139E-008,  1.6322838047307775E-009) (  1.9771074419043815E-008,  1.6322839910932111E-009) (-0.32282518472309457     , -4.1086008958416499E-002)
   19.100590000000000        1.2500000000000000     
 (  13.255523823317125     ,  2.3176353536454428     ) (  13.302278692440956     ,  2.3929010944184643     )
 ( 0.31090047516534441     ,  6.5919333978923147E-002) (  2.0663788927713032E-008,  2.2551950313287141E-009) (  2.0663784857876765E-008,  2.2551952271951446E-009) (-0.33675873304809756     , -5.1296757483436844E-002)
   19.150585000000000        1.2500000000000000     
 (  13.358745135006981     ,  2.3433048651811008     ) (  13.405689453535709     ,  2.4191851390973609     )
 ( 0.32406310633690327     ,  7.5572085192174288E-002) (  2.1548106083920444E-008,  2.8841159898135786E-009) (  2.1548101712942776E-008,  2.8841161963071921E-009) (-0.35055060156605589     , -6.1599321784458393E-002)
   19.200580000000002        1.2500000000000000     
 (  13.462484387702695     ,  2.3691902633274724     ) (  13.509613553049656     ,  2.4456888762500202     )
 ( 0.33708666446934743     ,  8.5288227070166714E-002) (  2.2423448521687948E-008,  3.5186853328141760E-009) (  2.2423443841879758E-008,  3.5186855502866700E-009) (-0.36419131016259482     , -7.1987907603953266E-002)
   19.250575000000001        1.2500000000000000     
 (  13.566742496729891     ,  2.3952924704903844     ) (  13.614051444238948     ,  2.4724132296306878     )
 ( 0.34996401759985479     ,  9.5062010996327106E-002) (  2.3289299314081650E-008,  4.1585458032561280E-009) (  2.3289294355420966E-008,  4.1585460321015307E-009) (-0.37767342149439842     , -8.2456477614127902E-002)
   19.300570000000000        1.2500000000000000     
 (  13.671520419734822     ,  2.4216126930712591     ) (  13.719004000088502     ,  2.4993590505304346     )
 ( 0.36268824109782860     , 0.10488757323756837     ) (  2.4145215403807252E-008,  4.8033364801615849E-009) (  2.4145210094903076E-008,  4.8033367210752706E-009) (-0.39098895300215930     , -9.2999127286582411E-002)
   19.350565000000000        1.2500000000000000     
 (  13.776818670259878     ,  2.4481520830792061     ) (  13.824471834884436     ,  2.5265272237637606     )
 ( 0.37525180747859466     , 0.11475901756397330     ) (  2.4990631583100439E-008,  5.4526770828618481E-009) (  2.4990625938623789E-008,  5.4526773361329174E-009) (-0.40412937501691920     ,-0.10360953244014852     )
   19.400560000000002        1.2500000000000000     
 (  13.882638424581764     ,  2.4749116615668894     ) (  13.930456066641488     ,  2.5539186072062883     )
 ( 0.38764747888678019     , 0.12467018129250657     ) (  2.5825080783366437E-008,  6.1061818654227489E-009) (  2.5825074741409558E-008,  6.1061821314367994E-009) (-0.41708720868288618     ,-0.11428138735012840     )
   19.450555000000001        1.2500000000000000     
 (  13.988980055348083     ,  2.5018924382708643     ) (  14.036956555678263     ,  2.5815339106596791     )
 ( 0.39986838314830647     , 0.13461505355816547     ) (  2.6648042801830245E-008,  6.7634634778767580E-009) (  2.6648036400051963E-008,  6.7634637580639196E-009) (-0.42985435703386243     ,-0.12500835929178233     )
   19.500550000000000        1.2500000000000000     
 (  14.095844572737064     ,  2.5290955638987755     ) (  14.143974775120066     ,  2.6093740376354559     )
 ( 0.41190731076687392     , 0.14458740507469725     ) (  2.7459062146460296E-008,  7.4241302854082463E-009) (  2.7459055335377116E-008,  7.4241305798530181E-009) (-0.44242330695820037     ,-0.13578390666930587     )
   19.550545000000000        1.2500000000000000     
 (  14.203233013669696     ,  2.5565220248728044     ) (  14.251511275600855     ,  2.6374398489439010     )
 ( 0.42375802443071586     , 0.15458089463242208     ) (  2.8257642634217411E-008,  8.0877713610346457E-009) (  2.8257635374466665E-008,  8.0877716698196364E-009) (-0.45478634739938895     ,-0.14660133083815460     )
   19.600540000000002        1.2500000000000000     
 (  14.311145744416192     ,  2.5841729957642454     ) (  14.359567037092582     ,  2.6657320258510890     )
 ( 0.43541343171813884     , 0.16458920843316868     ) (  2.9043318857702263E-008,  8.7539822057748252E-009) (  2.9043311159071700E-008,  8.7539825304257489E-009) (-0.46693627429675566     ,-0.15745401508662765     )
   19.650535000000001        1.2500000000000000     
 (  14.419583779929937     ,  2.6120494713984694     ) (  14.468142276559242     ,  2.6942514337488688     )
 ( 0.44686689574974670     , 0.17460591524725644     ) (  2.9815603802206061E-008,  9.4223493962456990E-009) (  2.9815595637376544E-008,  9.4223497386912347E-009) (-0.47886531547328715     ,-0.16833509783553138     )
   19.700530000000001        1.2500000000000000     
 (  14.528548108003477     ,  2.6401524286630251     ) (  14.577238423559011     ,  2.7229987993385616     )
 ( 0.45811179927342605     , 0.18462451738133009     ) (  3.0574064609524605E-008,  1.0092447520971018E-008) (  3.0574055942744548E-008,  1.0092447880121535E-008) (-0.49056640876926039     ,-0.17923764068073184     )
   19.750525000000000        1.2500000000000000     
 (  14.638039113542995     ,  2.6684829536593142     ) (  14.686855733451592     ,  2.7519749325471361     )
 ( 0.46914237957460986     , 0.19463844711665598     ) (  3.1318252021288622E-008,  1.0763863246472832E-008) (  3.1318242845352937E-008,  1.0763863622727935E-008) (-0.50203278422894571     ,-0.19015468296281318     )
   19.800520000000002        1.2500000000000000     
 (  14.748057960480665     ,  2.6970420691295440     ) (  14.796995642889222     ,  2.7811805188889149     )
 ( 0.47995185160269654     , 0.20464106609280563     ) (  3.2047722064971233E-008,  1.1436150360007231E-008) (  3.2047712323518521E-008,  1.1436150756003922E-008) (-0.51325685703814095     ,-0.20107913512318129     )
   19.850515000000001        1.2500000000000000     
 (  14.858605510589717     ,  2.7258307473924761     ) (  14.907658435000085     ,  2.8106163784757148     )
 ( 0.49053434910723581     , 0.21462589383976105     ) (  3.2762014669183872E-008,  1.2108886172570704E-008) (  3.2762004071698752E-008,  1.2108886588736256E-008) (-0.52423219264439513     ,-0.21200383531484496     )
   19.900510000000001        1.2500000000000000     
 (  14.969681973137565     ,  2.7548500288568714     ) (  15.018845214869149     ,  2.8402832302057002     )
 ( 0.50088406033763377     , 0.22458599840595017     ) (  3.3460755533026070E-008,  1.2781620383182038E-008) (  3.3460744553747619E-008,  1.2781620819316355E-008) (-0.53495234227740174     ,-0.22292155417871620     )
   19.950505000000000        1.2500000000000000     
 (  15.081288985341279     ,  2.7841009454380528     ) (  15.130556834184105     ,  2.8701818364456733     )
 ( 0.51099459810701842     , 0.23451472303985227     ) (  3.4143461768526798E-008,  1.3453917886149093E-008) (  3.4143450148273767E-008,  1.3453918344051677E-008) (-0.54541020458348288     ,-0.23382501396769917     )
   20.000500000000002        1.2500000000000000     
 (  15.193426946812341     ,  2.8135844538042876     ) (  15.242794153508020     ,  2.9003129148148594     )
 ( 0.52086109825030202     , 0.24440526923254746     ) (  3.4809784121162646E-008,  1.4125325879613426E-008) (  3.4809771812183135E-008,  1.4125326360649594E-008) (-0.55559960655294249     ,-0.24470682082797982     )
   20.050495000000002        1.2500000000000000     
 (  15.306096417712258     ,  2.8433015021601782     ) (  15.355558078254390     ,  2.9306772240614132     )
 ( 0.53047756826259629     , 0.25425096697227778     ) (  3.5459312131329653E-008,  1.4795402460623861E-008) (  3.5459299121990704E-008,  1.4795402965175250E-008) (-0.56551467484998397     ,-0.25555971227078672     )
   20.100490000000001        1.2500000000000000     
 (  15.419298864043730     ,  2.8732531447549010     ) (  15.468849832516387     ,  2.9612753851001079     )
 ( 0.53983858807064034     , 0.26404473987030280     ) (  3.6091639420934192E-008,  1.5463675146397189E-008) (  3.6091625649343365E-008,  1.5463675675701731E-008) (-0.57514900485625053     ,-0.26637596843050887     )
   20.150485000000000        1.2500000000000000     
 (  15.533034063115210     ,  2.9034403367614763     ) (  15.582669497274166     ,  2.9921082840550079     )
 ( 0.54893918322611790     , 0.27377977283250970     ) (  3.6706421414628884E-008,  1.6129689610481894E-008) (  3.6706406870296907E-008,  1.6129690166222497E-008) (-0.58449668378970654     ,-0.27714820133409479     )
   20.200480000000002        1.2500000000000000     
 (  15.647304215220855     ,  2.9338640391695012     ) (  15.697019171203049     ,  3.0231765360125218     )
 ( 0.55777411263735921     , 0.28344933888626189     ) (  3.7303264969679471E-008,  1.6793010663096619E-008) (  3.7303249538156033E-008,  1.6793011246368884E-008) (-0.59355230221713062     ,-0.28786897691798918     )
   20.250475000000002        1.2500000000000000     
 (  15.762109040180784     ,  2.9645253171984280     ) (  15.811898862671988     ,  3.0544810376353126     )
 ( 0.56633882889138332     , 0.29304644043241745     ) (  3.7881855258869155E-008,  1.7453150271267492E-008) (  3.7881838762134407E-008,  1.7453150883087354E-008) (-0.60231019227557336     ,-0.29853049619715477     )
   20.300470000000001        1.2500000000000000     
 (  15.877449889166172     ,  2.9954249597198239     ) (  15.927310224006376     ,  3.0860223044401094     )
 ( 0.57462806471301586     , 0.30256410725599020     ) (  3.8441784996633595E-008,  1.8109651269542334E-008) (  3.8441767798757618E-008,  1.8109651909857635E-008) (-0.61076499184425570     ,-0.30912525408359570     )
   20.350465000000000        1.2500000000000000     
 (  15.993327437141069     ,  3.0265639164155220     ) (  16.043254052010802     ,  3.1178011138425359     )
 ( 0.58263742099267890     , 0.31199551940259701     ) (  3.8982782150793003E-008,  1.8762039096372019E-008) (  3.8982763982423196E-008,  1.8762039766386353E-008) (-0.61891164042354485     ,-0.31964558732992215     )
   20.400459999999999        1.2500000000000000     
 (  16.109742533244059     ,  3.0579433552801856     ) (  16.159731154558390     ,  3.1498183457231224     )
 ( 0.59036308827575401     , 0.32133384734802406     ) (  3.9504493447710225E-008,  1.9409867734409740E-008) (  3.9504473836868125E-008,  1.9409868437908845E-008) (-0.62674487618430230     ,-0.33008384402100532     )
   20.450454999999998        1.2500000000000000     
 (  16.226696267254489     ,  3.0895640748712165     ) (  16.276742624043589     ,  3.1820746855578705     )
 ( 0.59779993543924070     , 0.33057202089772114     ) (  4.0006605699758494E-008,  2.0052647494092388E-008) (  4.0006585457193728E-008,  2.0052648231486754E-008) (-0.63426007565556630     ,-0.34043227567843087     )
   20.500450000000001        1.2500000000000000     
 (  16.344189500615844     ,  3.1214270474971557     ) (  16.394289996739939     ,  3.2145707856219277     )
 ( 0.60494486746109466     , 0.33970331138582877     ) (  4.0488869018798990E-008,  2.0689926228148445E-008) (  4.0488847713520696E-008,  2.0689927000356067E-008) (-0.64145289605138056     ,-0.35068329391425729     )
   20.550445000000000        1.2500000000000000     
 (  16.462222383752721     ,  3.1535331599431009     ) (  16.512373704871123     ,  3.2473075169936476     )
 ( 0.61179330849306979     , 0.34872079271268530     ) (  4.0950934376056602E-008,  2.1321222137875574E-008) (  4.0950911827174004E-008,  2.1321222947311425E-008) (-0.64831903770801558     ,-0.36082908154394278     )
   20.600439999999999        1.2500000000000000     
 (  16.580796744491732     ,  3.1858834491932413     ) (  16.630995069743847     ,  3.2802855481499837     )
 ( 0.61834190605922679     , 0.35761766034184644     ) (  4.1392575702032228E-008,  2.1946075823357378E-008) (  4.1392551946022787E-008,  2.1946076670491483E-008) (-0.65485383323244128     ,-0.37086211666946761     )
   20.650434999999998        1.2500000000000000     
 (  16.699912799220400     ,  3.2184786465610919     ) (  16.750155473861970     ,  3.3135056891608490     )
 ( 0.62458717834703881     , 0.36638710323339801     ) (  4.1813510564744840E-008,  2.2564016832736290E-008) (  4.1813485514722332E-008,  2.2564017719840582E-008) (-0.66105363276031559     ,-0.38077462711796700     )
   20.700430000000001        1.2500000000000000     
 (  16.819571590612629     ,  3.2513200147268675     ) (  16.869855515755898     ,  3.3469687664803218     )
 ( 0.63052552728329425     , 0.37502242448131873     ) (  4.2213472051850831E-008,  2.3174581437570967E-008) (  4.2213445646974917E-008,  2.3174582366292526E-008) (-0.66691425789309089     ,-0.39055892735461012     )
   20.750425000000000        1.2500000000000000     
 (  16.939773895122531     ,  3.2844080961126165     ) (  16.990096438257922     ,  3.3806754937388179     )
 ( 0.63615438330579810     , 0.38351665812965008     ) (  4.2592274219565204E-008,  2.3777283994689278E-008) (  4.2592246386629235E-008,  2.3777284966542606E-008) (-0.67243276072668301     ,-0.40020737305639725     )
   20.800419999999999        1.2500000000000000     
 (  17.060521236754248     ,  3.3177441170039215     ) (  17.110880047451868     ,  3.4146266891326826     )
 ( 0.64147043769687706     , 0.39186346239295000     ) (  4.2949664587131663E-008,  2.4371691884672205E-008) (  4.2949635324704055E-008,  2.4371692897405595E-008) (-0.67760559549082955     ,-0.40971247067175615     )
   20.850414999999998        1.2500000000000000     
 (  17.181813374267200     ,  3.3513287530453209     ) (  17.232206590531142     ,  3.4488230762993379     )
 ( 0.64647093199167305     , 0.40005595452321036     ) (  4.3285442096712960E-008,  2.4957318780971731E-008) (  4.3285411251696557E-008,  2.4957319845406467E-008) (-0.68242956287265188     ,-0.41906644876545995     )
   20.900410000000001        1.2500000000000000     
 (  17.303652110172138     ,  3.3851631556491211     ) (  17.354077948403390     ,  3.4832657252940415     )
 ( 0.65115403216523804     , 0.40808769346978158     ) (  4.3599467883668041E-008,  2.5533713359400096E-008) (  4.3599435472799797E-008,  2.5533714471987048E-008) (-0.68690217232595807     ,-0.42826196561579455     )
   20.950405000000000        1.2500000000000000     
 (  17.426037826603196     ,  3.4192480047208078     ) (  17.476494644953117     ,  3.5179551839839149     )
 ( 0.65551637524582296     , 0.41595208227194341     ) (  4.3891435858149655E-008,  2.6100418012759853E-008) (  4.3891401768816215E-008,  2.6100419176241265E-008) (-0.69102004337980649     ,-0.43729143120443897     )
   21.000399999999999        1.2500000000000000     
 (  17.548972425748179     ,  3.4535844160775233     ) (  17.599458725472179     ,  3.5528924045249224     )
 ( 0.65955638536472605     , 0.42364283141059061     ) (  4.4161277940047402E-008,  2.6656974994536049E-008) (  4.4161241069552127E-008,  2.6656976213722762E-008) (-0.69478101849121920     ,-0.44614740629031124     )
   21.050394999999998        1.2500000000000000     
 (  17.672455333919164     ,  3.4881731037008175     ) (  17.722970273989549     ,  3.5880782814013639     )
 ( 0.66327213210782188     , 0.43115346020633477     ) (  4.4408792537495732E-008,  2.7202939750724056E-008) (  4.4408754735312668E-008,  2.7202941022854729E-008) (-0.69818309657278954     ,-0.45482243106115144     )
   21.100390000000001        1.2500000000000000     
 (  17.796488527705431     ,  3.5230150839383896     ) (  17.847031424706536     ,  3.6235135662710523     )
 ( 0.66666160353723758     , 0.43847768164210238     ) (  4.4633871580061109E-008,  2.7737860054066978E-008) (  4.4633831811132280E-008,  2.7737861385042042E-008) (-0.70122442357574766     ,-0.46330926187376825     )
   21.150385000000000        1.2500000000000000     
 (  17.921072348506922     ,  3.5581112599458322     ) (  17.971643170770928     ,  3.6591992323975728     )
 ( 0.66972338201135395     , 0.44560929153846890     ) (  4.4836368042450972E-008,  2.8261294769025238E-008) (  4.4836326243702936E-008,  2.8261296153340776E-008) (-0.70390239808219601     ,-0.47160064746584185     )
   21.200379999999999        1.2500000000000000     
 (  18.046208024057744     ,  3.5934624918265277     ) (  18.096806032679801     ,  3.6951362793039326     )
 ( 0.67245636719437829     , 0.45254219628393055     ) (  4.5016157847679238E-008,  2.8772803321172413E-008) (  4.5016113980120389E-008,  2.8772804775675867E-008) (-0.70621598000929864     ,-0.47968944817889492     )
   21.250374999999998        1.2500000000000000     
 (  18.171896829814692     ,  3.6290696839214833     ) (  18.222522755939814     ,  3.7313253181076171     )
 ( 0.67485893010071640     , 0.45927035879913958     ) (  4.5173179939010215E-008,  2.9271958337174487E-008) (  4.5173133736602691E-008,  2.9271959854947100E-008) (-0.70816405939812022     ,-0.48756844598225707     )
   21.300370000000001        1.2500000000000000     
 (  18.298139182621426     ,  3.6649338955128559     ) (  18.348793297107775     ,  3.7677676394288486     )
 ( 0.67693064490341659     , 0.46578797426376306     ) (  4.5307336820797522E-008,  2.9758333795556443E-008) (  4.5307288246620997E-008,  2.9758335370191232E-008) (-0.70974597493915415     ,-0.49523083346393348     )
   21.350365000000000        1.2500000000000000     
 (  18.424935853677471     ,  3.7010556882959174     ) (  18.475618878745870     ,  3.8044638597708071     )
 ( 0.67867025851689722     , 0.47208900569728074     ) (  4.5418510001595440E-008,  3.0231494302113802E-008) (  4.5418459114428401E-008,  3.0231495957823212E-008) (-0.71095934968427998     ,-0.50266945685999309     )
   21.400359999999999        1.2500000000000000     
 (  18.552288413439946     ,  3.7374361985719022     ) (  18.603001581052055     ,  3.8414150600033183     )
 ( 0.68007783762830243     , 0.47816792153801618     ) (  4.5506732102063532E-008,  3.0691031897556345E-008) (  4.5506678460761659E-008,  3.0691033625366530E-008) (-0.71180499188693025     ,-0.50987759033803548     )
   21.450354999999998        1.2500000000000000     
 (  18.680197487807195     ,  3.7740762529863199     ) (  18.730942458063968     ,  3.8786221775972365     )
 ( 0.68115260636837316     , 0.48401910576795293     ) (  4.5571903856726364E-008,  3.1136532767625719E-008) (  4.5571847624356741E-008,  3.1136534570042883E-008) (-0.71228215177847232     ,-0.51684854474399367     )
   21.500350000000001        1.2500000000000000     
 (  18.808664298352586     ,  3.8109768172975587     ) (  18.859442133298156     ,  3.9160863419575218     )
 ( 0.68189433568944102     , 0.48963691510010127     ) (  4.5613965954087674E-008,  3.1567593933738715E-008) (  4.5613906958054830E-008,  3.1567595818289892E-008) (-0.71239021189589269     ,-0.52357577424401402     )
   21.550345000000000        1.2500000000000000     
 (  18.937689518072030     ,  3.8481386638777613     ) (  18.988502761607915     ,  3.9538083764139169     )
 ( 0.68230318334236162     , 0.49501628784871815     ) (  4.5632972805404547E-008,  3.1983825770741865E-008) (  4.5632911027065162E-008,  3.1983827736462217E-008) (-0.71212989166250218     ,-0.53005267155063940     )
   21.600339999999999        1.2500000000000000     
 (  19.067274574128181     ,  3.8855628228327648     ) (  19.118124666114344     ,  3.9917893309076224     )
 ( 0.68237969589194136     , 0.50015183823190246     ) (  4.5628893792056717E-008,  3.2384833807247351E-008) (  4.5628828905530402E-008,  3.2384835859562946E-008) (-0.71150119547294366     ,-0.53627290051849608     )
   21.650334999999998        1.2500000000000000     
 (  19.197419637767322     ,  3.9232501626916956     ) (  19.248309843776973     ,  4.0300303674334996     )
 ( 0.68212438969808675     , 0.50503850359754010     ) (  4.5601790050931098E-008,  3.2770235125931406E-008) (  4.5601722047002260E-008,  3.2770237261061220E-008) (-0.71050489657179805     ,-0.54223028823119468     )
   21.700330000000001        1.2500000000000000     
 (  19.328126653342778     ,  3.9612014410230962     ) (  19.379059492512777     ,  4.0685324281820989     )
 ( 0.68153709749689007     , 0.50967134413954418     ) (  4.5551567997860082E-008,  3.3139664286323530E-008) (  4.5551496686234186E-008,  3.3139666519812834E-008) (-0.70914096048630315     ,-0.54791881398714815     )
   21.750325000000000        1.2500000000000000     
 (  19.459396224000272     ,  3.9994176721834247     ) (  19.510374705531898     ,  4.1072965376195230     )
 ( 0.68061936445386284     , 0.51404557805569551     ) (  4.5478383766072511E-008,  3.3492750115437820E-008) (  4.5478308901447208E-008,  3.3492752437693715E-008) (-0.70741169508694002     ,-0.55333235533566327     )
   21.800319999999999        1.2500000000000000     
 (  19.591229265889336     ,  4.0378997215804846     ) (  19.642256923689477     ,  4.1463237993883499     )
 ( 0.67937258239478349     , 0.51815642564376885     ) (  4.5382292733300519E-008,  3.3829126795592105E-008) (  4.5382214413306971E-008,  3.3829129222432913E-008) (-0.70531760314384173     ,-0.55846511912917651     )
   21.850314999999998        1.2500000000000000     
 (  19.723627098954985     ,  4.0766485233819081     ) (  19.774706745423266     ,  4.1856153527849127     )
 ( 0.67779693539987818     , 0.52199962371623387     ) (  4.5263270479478279E-008,  3.4148472811262647E-008) (  4.5263188313924876E-008,  3.4148475337647157E-008) (-0.70285971686634507     ,-0.56331150019949883     )
   21.900310000000001        1.2500000000000000     
 (  19.856590557474949     ,  4.1156649803751666     ) (  19.907726649957109     ,  4.2251723586083534     )
 ( 0.67589464838460800     , 0.52557061915142178     ) (  4.5121502482058738E-008,  3.4450424141997143E-008) (  4.5121415900714468E-008,  3.4450426774544481E-008) (-0.70004069723294227     ,-0.56786596389897459     )
   21.950305000000000        1.2500000000000000     
 (  19.990120891299050     ,  4.1549499307594493     ) (  20.041317147212983     ,  4.2649957596547488     )
 ( 0.67366707288232253     , 0.52886529136493243     ) (  4.4957040061101704E-008,  3.4734670605657377E-008) (  4.4956949833676770E-008,  3.4734673349986666E-008) (-0.69686199777113378     ,-0.57212311465719645     )
   22.000299999999999        1.2500000000000000     
 (  20.124219337813994     ,  4.1945045230113012     ) (  20.175479197465936     ,  4.3050868313515185     )
 ( 0.67111546225295582     , 0.53187944108475871     ) (  4.4769865056283509E-008,  3.5000870219108757E-008) (  4.4769867338170351E-008,  3.5000869988173602E-008) (-0.69332684527172828     ,-0.57607781359457155     )
   22.050295000000002        1.2500000000000000     
 (  20.258886420435580     ,  4.2343293213671647     ) (  20.310214963577867     ,  4.3454467116455282     )
 ( 0.66824299981419744     , 0.53460960732045104     ) (  4.4560387506981106E-008,  3.5248746018063400E-008) (  4.4560390011736887E-008,  3.5248745778629519E-008) (-0.68943573995373753     ,-0.57972506196751039     )
   22.100290000000001        1.2500000000000000     
 (  20.394123358708214     ,  4.2744253682410900     ) (  20.445525043196149     ,  4.3860765991892192     )
 ( 0.66505100861163469     , 0.53705199361454992     ) (  4.4328532001570203E-008,  3.5477990229566243E-008) (  4.4328534725700609E-008,  3.5477989979311265E-008) (-0.68519156313517382     ,-0.58306007839441409     )
   22.150285000000000        1.2500000000000000     
 (  20.529931013503074     ,  4.3147937207253637     ) (  20.581410593653633     ,  4.4269777039835043     )
 ( 0.66154233596187284     , 0.53920289630376550     ) (  4.4074569997759060E-008,  3.5688304079368237E-008) (  4.4074572959066109E-008,  3.5688303818486477E-008) (-0.68059786983172355     ,-0.58607803890221621     )
   22.200279999999999        1.2500000000000000     
 (  20.666311518961173     ,  4.3554350889901094     ) (  20.717873531653677     ,  4.4681509415506859     )
 ( 0.65771945596108150     , 0.54105918234138306     ) (  4.3798624658305133E-008,  3.5879424903736002E-008) (  4.3798627341460353E-008,  3.5879424629558233E-008) (-0.67565761376858813     ,-0.58877460136084314     )
   22.250275000000002        1.2500000000000000     
 (  20.803264970458304     ,  4.3963504492294758     ) (  20.854914796048821     ,  4.5095979505996642     )
 ( 0.65358475707687613     , 0.54261749583754681     ) (  4.3500880394898534E-008,  3.6051086701982754E-008) (  4.3500883875464726E-008,  3.6051086417856200E-008) (-0.67037411995090423     ,-0.59114547760986891     )
   22.300270000000001        1.2500000000000000     
 (  20.940792689146367     ,  4.4375408869982129     ) (  20.992535281671330     ,  4.5513196866884167     )
 ( 0.64914136020079827     , 0.54387521163440955     ) (  4.3181514046268559E-008,  3.6203036535128359E-008) (  4.3181517802657656E-008,  3.6203036237873449E-008) (-0.66475057571579110     ,-0.59318657160248478     )
   22.350265000000000        1.2500000000000000     
 (  21.078896367690920     ,  4.4790072563584014     ) (  21.130736908691926     ,  4.5933174030207304     )
 ( 0.64439196620906114     , 0.54482933060223737     ) (  4.2840697409891498E-008,  3.6335042398451784E-008) (  4.2840701464488397E-008,  3.6335042087381938E-008) (-0.65879050012141582     ,-0.59489404015462255     )
   22.400259999999999        1.2500000000000000     
 (  21.217576263945002     ,  4.5207503667382172     ) (  21.269520407646578     ,  4.6355924249365623     )
 ( 0.63934042325160101     , 0.54547726443197009     ) (  4.2478703392482722E-008,  3.6446857276428361E-008) (  4.2478707754630284E-008,  3.6446856952161577E-008) (-0.65249823595722523     ,-0.59626405035090280     )
   22.450255000000002        1.2500000000000000     
 (  21.356834165390179     ,  4.5627713944828345     ) (  21.408886743884793     ,  4.6781459737177880     )
 ( 0.63398980560560048     , 0.54581671612547467     ) (  4.2095720418832440E-008,  3.6538278165217683E-008) (  4.2095725121835615E-008,  3.6538277825478558E-008) (-0.64587776659389973     ,-0.59729323454234351     )
   22.500250000000001        1.2500000000000000     
 (  21.496670944168056     ,  4.6050711364409338     ) (  21.548837844127821     ,  4.7209793415182002     )
 ( 0.62834355867884062     , 0.54584540348328570     ) (  4.1692046686671288E-008,  3.6609084194565772E-008) (  4.1692051762002427E-008,  3.6609083840346956E-008) (-0.63893308900711787     ,-0.59797825435898555     )
   22.550245000000000        1.2500000000000000     
 (  21.637088222511959     ,  4.6476506549991381     ) (  21.689374463483901     ,  4.7640938513316211     )
 ( 0.62240541577838548     , 0.54556138725836356     ) (  4.1267839066305707E-008,  3.6659110384837647E-008) (  4.1267844499027065E-008,  3.6659110014073207E-008) (-0.63166865192306498     ,-0.59831616770222695     )
   22.600239999999999        1.2500000000000000     
 (  21.778086488621387     ,  4.6905109651234440     ) (  21.830497929459703     ,  4.8074907109473832     )
 ( 0.61617910966459322     , 0.54496315867260881     ) (  4.0823423726383460E-008,  3.6688173994608040E-008) (  4.0823429556907158E-008,  3.6688173607671577E-008) (-0.62408915670347376     ,-0.59830411932665617     )
   22.650235000000002        1.2500000000000000     
 (  21.919667391239365     ,  4.7336528688651578     ) (  21.972209595517967     ,  4.8511712209262008     )
 ( 0.60966898440749351     , 0.54404873700160539     ) (  4.0359111944057140E-008,  3.6696095231436057E-008) (  4.0359118174752428E-008,  3.6696094827185175E-008) (-0.61620014182386418     ,-0.59793934043181796     )
   22.700230000000001        1.2500000000000000     
 (  22.061832231395062     ,  4.7770774883336031     ) (  22.114510449940401     ,  4.8951367965579156     )
 ( 0.60287963399605282     , 0.54281703034787654     ) (  3.9875158474518209E-008,  3.6682744126479512E-008) (  3.9875165148986717E-008,  3.6682743690897649E-008) (-0.60800604456346441     ,-0.59721965864328463     )
   22.750225000000000        1.2500000000000000     
 (  22.204581507778155     ,  4.8207857824610638     ) (  22.257401611201956     ,  4.9393887404392496     )
 ( 0.59581392381487752     , 0.54126666608437657     ) (  3.9371809943976496E-008,  3.6647963122813540E-008) (  3.9371817063757587E-008,  3.6647962681204714E-008) (-0.59951181236997630     ,-0.59614274931417977     )
   22.800219999999999        1.2500000000000000     
 (  22.347917637592577     ,  4.8647788642050562     ) (  22.400884397601466     ,  4.9839284440646079     )
 ( 0.58847776408901875     , 0.53939689588088635     ) (  3.8849454348433394E-008,  3.6591642741675104E-008) (  3.8849461932881057E-008,  3.6591642281598631E-008) (-0.59072298919326227     ,-0.59470688321347487     )
   22.850215000000002        1.2500000000000000     
 (  22.491841150167538     ,  4.9090576964530364     ) (  22.544960079714130     ,  5.0287570618881734     )
 ( 0.58087495469476402     , 0.53720686152133790     ) (  3.8308365972931499E-008,  3.6513666973409818E-008) (  3.8308374114780351E-008,  3.6513666491649956E-008) (-0.58164586776010962     ,-0.59291017450178340     )
   22.900210000000001        1.2500000000000000     
 (  22.636352719028153     ,  4.9536232360230281     ) (  22.689629411829539     ,  5.0738760507173355     )
 ( 0.57301060851592722     , 0.53469614984493541     ) (  3.7748869150260036E-008,  3.6413950867330313E-008) (  3.7748877833712421E-008,  3.6413950365799855E-008) (-0.57228509676584394     ,-0.59075128468690363     )
   22.950205000000000        1.2500000000000000     
 (  22.781454636485115     ,  4.9984766431151195     ) (  22.834894181918617     ,  5.1192868580015203     )
 ( 0.56488919164670137     , 0.53186436323210462     ) (  3.7171355241654509E-008,  3.6292398262047237E-008) (  3.7171364488601816E-008,  3.6292397736829556E-008) (-0.56264762410647340     ,-0.58822889900332387     )
   23.000200000000000        1.2500000000000000     
 (  22.927147666331123     ,  5.0436189924600701     ) (  22.980754887032560     ,  5.1649907793438175     )
 ( 0.55651612249810689     , 0.52871146732579655     ) (  3.6576151630588370E-008,  3.6148950412142772E-008) (  3.6576161466323789E-008,  3.6148949865897121E-008) (-0.55273876586367021     ,-0.58534210215403415     )
   23.050195000000002        1.2500000000000000     
 (  23.073432830736330     ,  5.0890511844831172     ) (  23.127212982543945     ,  5.2109891133180275     )
 ( 0.54789647385316187     , 0.52523745368838570     ) (  3.5963607811410024E-008,  3.5983553210987992E-008) (  3.5963618297820226E-008,  3.5983552639007514E-008) (-0.54256549920295982     ,-0.58209021257832205     )
   23.100190000000001        1.2500000000000000     
 (  23.220312309941555     ,  5.1347745066462966     ) (  23.274269745361639     ,  5.2572833169584197     )
 ( 0.53903478752098477     , 0.52144286355554303     ) (  3.5334063080193156E-008,  3.5796176109950331E-008) (  3.5334074241603206E-008,  3.5796175500157402E-008) (-0.53213294557683344     ,-0.57847257215283299     )
   23.150185000000000        1.2500000000000000     
 (  23.367786001130764     ,  5.1807899992911928     ) (  23.421925503598050     ,  5.3038748063415548     )
 ( 0.52993729906161691     , 0.51732819890523074     ) (  3.4687947680965083E-008,  3.5586778732037195E-008) (  3.4687959520995377E-008,  3.5586778108149671E-008) (-0.52144895033407712     ,-0.57448912609331160     )
   23.200180000000000        1.2500000000000000     
 (  23.515855947310143     ,  5.2270988515252812     ) (  23.570182095428919     ,  5.3507651344061360     )
 ( 0.52060833105018889     , 0.51289412020476666     ) (  3.4025625613623045E-008,  3.5355373972523682E-008) (  3.4025638223159492E-008,  3.5355373321874113E-008) (-0.51051927282044374     ,-0.57013985497327457     )
   23.250175000000002        1.2500000000000000     
 (  23.664523912379309     ,  5.2737020289777776     ) (  23.719041163413678     ,  5.3979552617764464     )
 ( 0.51105470530612906     , 0.50814177191732879     ) (  3.3347454948801388E-008,  3.5101956966630338E-008) (  3.3347468040598022E-008,  3.5101956288356060E-008) (-0.49935113185795338     ,-0.56542496488019389     )
   23.300170000000001        1.2500000000000000     
 (  23.813790592178581     ,  5.3206008844190480     ) (  23.868502051898368     ,  5.4454470899237579     )
 ( 0.50128093999743395     , 0.50307227619194261     ) (  3.2653953728510973E-008,  3.4826550059022348E-008) (  3.2653967911747729E-008,  3.4826549348499414E-008) (-0.48795153877305941     ,-0.56034506408713192     )
   23.350165000000001        1.2500000000000000     
 (  23.963657787335180     ,  5.3677964125725017     ) (  24.018567970419646     ,  5.4932416227560372     )
 ( 0.49129350666434357     , 0.49768707109831062     ) (  3.1945426094815534E-008,  3.4529179819446347E-008) (  3.1945441155371370E-008,  3.4529179078400098E-008) (-0.47632696035560818     ,-0.55490076303008251     )
   23.400160000000003        1.2500000000000000     
 (  24.114125989803050     ,  5.4152898743762226     ) (  24.169237797638896     ,  5.5413405087888963     )
 ( 0.48109820491881367     , 0.49198790215158383     ) (  3.1222337407642280E-008,  3.4209919455050680E-008) (  3.1222353373058221E-008,  3.4209918681845198E-008) (-0.46448532937169962     ,-0.54909323780142805     )
   23.450154999999999        1.2500000000000000     
 (  24.265197000357109     ,  5.4630826209771062     ) (  24.320514349307548     ,  5.5897452116744866     )
 ( 0.47070043918919191     , 0.48597658576628533     ) (  3.0485073358861209E-008,  3.3868816341467229E-008) (  3.0485090232080033E-008,  3.3868815535426435E-008) (-0.45243336566237174     ,-0.54292371232933989     )
   23.500149999999998        1.2500000000000000     
 (  24.416872009017776     ,  5.5111756479834524     ) (  24.472397612765185     ,  5.6384570045926985     )
 ( 0.46010606079184874     , 0.47965518218183339     ) (  2.9734090751102157E-008,  3.3505969366254825E-008) (  2.9734108602450759E-008,  3.3505968524880502E-008) (-0.44017838963921840     ,-0.53639368430321543     )
   23.550145000000001        1.2500000000000000     
 (  24.569152953301732     ,  5.5595702891208321     ) (  24.624889494201035     ,  5.6874773312936471     )
 ( 0.44932168726867011     , 0.47302603305438695     ) (  2.8969845184963753E-008,  3.3121448602382992E-008) (  2.8969864097651315E-008,  3.3121447724958006E-008) (-0.42772800439116254     ,-0.52950496066928165     )
   23.600140000000000        1.2500000000000000     
 (  24.722040326479206     ,  5.6082677936738232     ) (  24.777990289319124     ,  5.7368076729614064     )
 ( 0.43835337678853098     , 0.46609152229718626     ) (  2.8192791077387338E-008,  3.2715390657795468E-008) (  2.8192810889210621E-008,  3.2715389740734753E-008) (-0.41509061434029509     ,-0.52225954770637495     )
   23.650134999999999        1.2500000000000000     
 (  24.875536051667929     ,  5.6572695447458852     ) (  24.931701530348079     ,  5.7864495536040161     )
 ( 0.42720762311682814     , 0.45885457114979838     ) (  2.7403295489664399E-008,  3.2287914869904045E-008) (  2.7403316740323656E-008,  3.2287913915133152E-008) (-0.40227278904432812     ,-0.51465985327252317     )
   23.700129999999998        1.2500000000000000     
 (  25.029640771492485     ,  5.7065767808640349     ) (  25.086023813612314     ,  5.8364043997651907     )
 ( 0.41588913540443845     , 0.45131797511651467     ) (  2.6601885966667496E-008,  3.1839146875326625E-008) (  2.6601908314816017E-008,  3.1839145875370522E-008) (-0.38928256398209421     ,-0.50670835443457718     )
   23.750125000000001        1.2500000000000000     
 (  25.184356242851290     ,  5.7561907733252351     ) (  25.240958350351139     ,  5.8866734669334511     )
 ( 0.40440583886235837     , 0.44348481561830222     ) (  2.5789012050201258E-008,  3.1369250496389181E-008) (  2.5789035634507227E-008,  3.1369249453475392E-008) (-0.37612732293102613     ,-0.49840771042733883     )
   23.800120000000000        1.2500000000000000     
 (  25.339684377266043     ,  5.8061128788766796     ) (  25.396506466061233     ,  5.9372584272489277     )
 ( 0.39276354401267533     , 0.43535879884019663     ) (  2.4965154868120053E-008,  3.0878413651873806E-008) (  2.4965179789898206E-008,  3.0878412552212760E-008) (-0.36281607718281506     ,-0.48976135462880160     )
   23.850114999999999        1.2500000000000000     
 (  25.495625839075807     ,  5.8563446149752920     ) (  25.552668857872440     ,  5.9881607508170696     )
 ( 0.38096884233030065     , 0.42694312833787501     ) (  2.4130768013606104E-008,  3.0366801665361932E-008) (  2.4130794296675060E-008,  3.0366800531919253E-008) (-0.34935645457328490     ,-0.48077224271134550     )
   23.900109999999998        1.2500000000000000     
 (  25.652181592901066     ,  5.9068871936075800     ) (  25.709445853929726     ,  6.0393816098419730     )
 ( 0.36902766348014920     , 0.41824172355677675     ) (  2.3286311800666130E-008,  2.9834632841123136E-008) (  2.3286339644289814E-008,  2.9834631656727561E-008) (-0.33575591103246821     ,-0.47144418742865551     )
   23.950105000000001        1.2500000000000000     
 (  25.809353934523518     ,  5.9577421400845658     ) (  25.866839850433472     ,  6.0909227903470526     )
 ( 0.35694689436616645     , 0.40925851948351455     ) (  2.2432232089427270E-008,  2.9282092172082290E-008) (  2.2432261053238994E-008,  2.9282090937762011E-008) (-0.32202256686663411     ,-0.46178064288916065     )
   24.000100000000000        1.2500000000000000     
 (  25.967143331640017     ,  6.0089108474241835     ) (  26.024851066166498     ,  6.1427856268983012     )
 ( 0.34473285891184363     , 0.39999769816999320     ) (  2.1569089041353414E-008,  2.8709447001327968E-008) (  2.1569119921281507E-008,  2.8709445713343195E-008) (-0.30816504584408039     ,-0.45178605794406873     )
   24.050094999999999        1.2500000000000000     
 (  26.125551156435286     ,  6.0603947342999511     ) (  26.183480252565648     ,  6.1949715741121523     )
 ( 0.33239216506976038     , 0.39046362976702903     ) (  2.0697331047237614E-008,  2.8116912633813388E-008) (  2.0697363642581038E-008,  2.8116911291411039E-008) (-0.29419162673286986     ,-0.44146460648910207     )
   24.100089999999998        1.2500000000000000     
 (  26.284579791007971     ,  6.1121952137903657     ) (  26.342728877530323     ,  6.2474819372268584     )
 ( 0.31993152642474770     , 0.38066088129342252     ) (  1.9817467885015666E-008,  2.7504765528240922E-008) (  1.9817502235490452E-008,  2.7504764137815564E-008) (-0.28010975608606764     ,-0.43082074175717650     )
   24.150085000000001        1.2500000000000000     
 (  26.444229286162663     ,  6.1643142029547846     ) (  26.502597313838187     ,  6.3003186961404296     )
 ( 0.30735717377576316     , 0.37059411742422455     ) (  1.8929976517092369E-008,  2.6873252597247758E-008) (  1.8930012621316195E-008,  2.6873251135293862E-008) (-0.26592848376630290     ,-0.41985932689269062     )
   24.200080000000000        1.2500000000000000     
 (  26.604501221530860     ,  6.2167526122873227     ) (  26.663087366740832     ,  6.3534827993218235     )
 ( 0.29467628750815095     , 0.36026831082696575     ) (  1.8035275329646986E-008,  2.6222688820660162E-008) (  1.8035313389857270E-008,  2.6222687295964494E-008) (-0.25165543264318568     ,-0.40858540142402155     )
   24.250074999999999        1.2500000000000000     
 (  26.765397366335957     ,  6.2695125607993223     ) (  26.824199277722048     ,  6.4069761065778259     )
 ( 0.28189497413811093     , 0.34968871859830036     ) (  1.7133972501742813E-008,  2.5553354467337476E-008) (  1.7134012569898117E-008,  2.5553352876953109E-008) (-0.23729939228429303     ,-0.39700417493020657     )
   24.300069999999998        1.2500000000000000     
 (  26.926918552281741     ,  6.3225952744911673     ) (  26.985933866731564     ,  6.4607998475428516     )
 ( 0.26902002458428753     , 0.33886051480473239     ) (  1.6226502491622856E-008,  2.4865581966204188E-008) (  1.6226544652243239E-008,  2.4865580314138746E-008) (-0.22286851245438313     ,-0.38512116101688076     )
   24.350065000000001        1.2500000000000000     
 (  27.089066555059517     ,  6.3760024829250170     ) (  27.148292636517557     ,  6.5149556504646799     )
 ( 0.25605753515297991     , 0.32778908954713326     ) (  1.5313361798558812E-008,  2.4159669471518108E-008) (  1.5313406190565697E-008,  2.4159667743086985E-008) (-0.20837058971681685     ,-0.37294214155145100     )
   24.400060000000000        1.2500000000000000     
 (  27.251841643402603     ,  6.4297357133801967     ) (  27.311276755206421     ,  6.5694450382875722     )
 ( 0.24301478014436204     , 0.31648020019039108     ) (  1.4395066328016849E-008,  2.3435985249357828E-008) (  1.4395113002965509E-008,  2.3435983444233890E-008) (-0.19381476923022919     ,-0.36047322635971030     )
   24.450054999999999        1.2500000000000000     
 (  27.415246204687332     ,  6.4837966424780387     ) (  27.474886073183566     ,  6.6242694351587597     )
 ( 0.22989839682630422     , 0.30493980831572171     ) (  1.3472097068848890E-008,  2.2694866663218661E-008) (  1.3472146097960373E-008,  2.2694864742370680E-008) (-0.17920856093717230     ,-0.34772020419449878     )
   24.500049999999998        1.2500000000000000     
 (  27.579280771685593     ,  6.5381869651266440     ) (  27.639122337447397     ,  6.6794303610847283     )
 ( 0.21671445292328526     , 0.29317358100267255     ) (  1.2544938036689953E-008,  2.1936681896634476E-008) (  1.2544989683984270E-008,  2.1936679941796555E-008) (-0.16456045532389807     ,-0.33468975094447745     )
   24.550045000000001        1.2500000000000000     
 (  27.743946565281664     ,  6.5929083738745335     ) (  27.803986511729221     ,  6.7349293218537545     )
 ( 0.20347012900742931     , 0.28118793741971149     ) (  1.1614100857977403E-008,  2.1161806964589701E-008) (  1.1614155030108404E-008,  2.1161804894084018E-008) (-0.14987901432292355     ,-0.32138838195349784     )
   24.600040000000000        1.2500000000000000     
 (  27.909245368995141     ,  6.6479624656645955     ) (  27.969479516611941     ,  6.7907677777610909     )
 ( 0.19017101978909418     , 0.26898930572267049     ) (  1.0680072112264668E-008,  2.0370664511266982E-008) (  1.0680129141784486E-008,  2.0370662373778268E-008) (-0.13517195093698076     ,-0.30782313774584541     )
   24.650034999999999        1.2500000000000000     
 (  28.075177889227437     ,  6.7033510896406536     ) (  28.135601792613489     ,  6.8469474656824358     )
 ( 0.17682474992937849     , 0.25658376128714544     ) (  9.7433851991005953E-009,  1.9563604598601210E-008) (  9.7434449753032617E-009,  1.9563602377676183E-008) (-0.12044813829359788     ,-0.29400083284868322     )
   24.700029999999998        1.2500000000000000     
 (  28.241744717582129     ,  6.7590759537452856     ) (  28.302354152776935     ,  6.9034697051898730     )
 ( 0.16343763060320615     , 0.24397813324948209     ) (  8.8044629547751881E-009,  1.8741076605217065E-008) (  8.8045257076571624E-009,  1.8741074299579790E-008) (-0.10571538897098325     ,-0.27992880898920153     )
   24.750025000000001        1.2500000000000000     
 (  28.408948172719082     ,  6.8151387870378910     ) (  28.469737894861534     ,  6.9603360478320031     )
 ( 0.15001524659749590     , 0.23117917254946518     ) (  7.8638790729161410E-009,  1.7903498677142207E-008) (  7.8639450160408477E-009,  1.7903496264098448E-008) ( -9.0981889554527448E-002,-0.26561446365155872     )
   24.800020000000000        1.2500000000000000     
 (  28.576788419364235     ,  6.8715414387678209     ) (  28.637753752629528     ,  7.0175481209987920     )
 ( 0.13656491399529613     , 0.21819372732085657     ) (  6.9220875905167536E-009,  1.7051313137798065E-008) (  6.9221566897385277E-009,  1.7051310614403499E-008) ( -7.6255709032606769E-002,-0.25106535998535745     )
   24.850014999999999        1.2500000000000000     
 (  28.745266919740136     ,  6.9282857857596518     ) (  28.806403313685877     ,  7.0751074480047711     )
 ( 0.12309260752560147     , 0.20502889633562574     ) (  5.9794859927530305E-009,  1.6184967226820367E-008) (  5.9795584427970356E-009,  1.6184964589963230E-008) ( -6.1544333199930537E-002,-0.23628963595912258     )
   24.900009999999998        1.2500000000000000     
 (  28.914385366110409     ,  6.9853734178390292     ) (  28.975686181525184     ,  7.1330154853714403     )
 ( 0.10960476684348158     , 0.19169180273096992     ) (  5.0366841385599053E-009,  1.5304916284460134E-008) (  5.0367596684290300E-009,  1.5304913554515925E-008) ( -4.6856865175848243E-002,-0.22129511976738001     )
   24.950005000000001        1.2500000000000000     
 (  29.084144031071876     ,  7.0428063800843921     ) (  29.145603657081118     ,  7.1912739116909004     )
 (  9.6107313335003081E-002, 0.17818983400128213     ) (  4.0941197195891410E-009,  1.4411637768136390E-008) (  4.0941996035148518E-009,  1.4411634887764551E-008) ( -3.2199904143007420E-002,-0.20608985429031454     )
   25.000000000000000        1.2500000000000000     
 (  29.254544012889298     ,  7.1005865068537926     ) (  29.316156997290054     ,  7.2498841545827561     )
 (  8.2607569741860620E-002, 0.16453028118349355     ) (  3.1522772277154716E-009,  1.3505606933649275E-008) (  3.1523608342956877E-009,  1.3505603975100178E-008) ( -1.7582747325557761E-002,-0.19068250397549963     )
