   99.930833333333339     
   243.16000000000000     
   1.7645502664406869        1.9259504124427822E-004
         501           1
 
   29.000000000000000        29.000000000000000     
   2.5000000000000001E-003   1.2500000000000000     
 (  2.5878197519689185E-011,  4.9587506921987149E-015) (  2.6537190899296777E-011,  5.2035353231654702E-015)
 (  2.5878197235117719E-011,  4.9587506140183693E-015) (  2.3209948583839341E-018,  4.5511142162039737E-022) (  2.3209948583839333E-018,  4.5511142162039699E-022) ( -2.6537190608183682E-011, -5.2035352418368234E-015)
   5.2495000000000000E-002   1.2500000000000000     
 (  2.3959055106854908E-007,  4.5912691371074401E-011) (  2.4569180304388562E-007,  4.8179141808605978E-011)
 (  2.3958938940328752E-007,  4.5912372226049267E-011) (  2.1488584927893977E-014,  4.2138138445788771E-018) (  2.1488584927893968E-014,  4.2138138445788748E-018) ( -2.4569061467470269E-007, -4.8178809811676320E-011)
  0.10249000000000000        1.2500000000000000     
 (  1.7830582494188787E-006,  3.4180727094179230E-010) (  1.8284649833643068E-006,  3.5868055696692604E-010)
 (  1.7830252961035682E-006,  3.4179821760745187E-010) (  1.5991821567763234E-013,  3.1370095024184362E-017) (  1.5991821567763226E-013,  3.1370095024184343E-017) ( -1.8284312725248384E-006, -3.5867113905385352E-010)
  0.15248500000000001        1.2500000000000000     
 (  5.8723370752716515E-006,  1.1267438694478026E-009) (  6.0218829619714361E-006,  1.1823665076596216E-009)
 (  5.8720968449318252E-006,  1.1266778698650580E-009) (  5.2666438965595863E-013,  1.0340618250667965E-016) (  5.2666438965595833E-013,  1.0340618250667962E-016) ( -6.0216372091964895E-006, -1.1822978502318464E-009)
  0.20247999999999999        1.2500000000000000     
 (  1.3749531550830119E-005,  2.6427954646896836E-009) (  1.4099689679366594E-005,  2.7732625397983244E-009)
 (  1.3748539797447985E-005,  2.6425229923463619E-009) (  1.2330985102978271E-012,  2.4253056748597190E-016) (  1.2330985102978265E-012,  2.4253056748597175E-016) ( -1.4098675127086780E-005, -2.7729790946158588E-009)
  0.25247500000000000        1.2500000000000000     
 (  2.6657039749045156E-005,  5.1383959668409662E-009) (  2.7335937534770319E-005,  5.3920717828450278E-009)
 (  2.6654050335687203E-005,  5.1375746482480467E-009) (  2.3905893777790016E-012,  4.7152757020840269E-016) (  2.3905893777790004E-012,  4.7152757020840259E-016) ( -2.7332879397903102E-005, -5.3912173878339623E-009)
  0.30247000000000002        1.2500000000000000     
 (  4.5837643459461435E-005,  8.8729793617961004E-009) (  4.7005082572871725E-005,  9.3110441932119845E-009)
 (  4.5830265999332173E-005,  8.8709524210715892E-009) (  4.1105018147658668E-012,  8.1418052210690189E-016) (  4.1105018147658651E-012,  8.1418052210690159E-016) ( -4.6997535508161568E-005, -9.3089356204541584E-009)
  0.35246499999999997        1.2500000000000000     
 (  7.2534619222007742E-005,  1.4122917002082174E-008) (  7.4382103134079599E-005,  1.4820207792835044E-008)
 (  7.2518767486497829E-005,  1.4118561671771133E-008) (  6.5041973439140418E-012,  1.2958140697207159E-015) (  6.5041973439140370E-012,  1.2958140697207149E-015) ( -7.4365886962812885E-005, -1.4815677052070584E-008)
  0.40245999999999998        1.2500000000000000     
 (  1.0799180623547895E-004,  2.1188752810871075E-008) (  1.1074256816993942E-004,  2.2234962646057673E-008)
 (  1.0796103732270490E-004,  2.1180298695044863E-008) (  9.6830304622080764E-012,  1.9439556650875463E-015) (  9.6830304622080683E-012,  1.9439556650875432E-015) ( -1.1071109184496233E-004, -2.2226168028171393E-008)
  0.45245499999999994        1.2500000000000000     
 (  1.5345374069382619E-004,  3.0403737412218574E-008) (  1.5736277947601368E-004,  3.1905037413575525E-008)
 (  1.5339848494899303E-004,  3.0388554786102696E-008) (  1.3758351379810104E-011,  2.7891162283752535E-015) (  1.3758351379810085E-011,  2.7891162283752472E-015) ( -1.5730625328656058E-004, -3.1889243257164321E-008)
  0.50244999999999995        1.2500000000000000     
 (  2.1016572408595347E-004,  4.2143661282186225E-008) (  2.1551984884754475E-004,  4.4224811702540618E-008)
 (  2.1007240576322953E-004,  4.2118019303224067E-008) (  1.8841503065652105E-011,  3.8656902633801687E-015) (  1.8841503065652073E-011,  3.8656902633801529E-015) ( -2.1542438484635425E-004, -4.4198136855817347E-008)
  0.55244499999999985        1.2500000000000000     
 (  2.7937389833669200E-004,  5.6838000601700444E-008) (  2.8649176168376824E-004,  5.9645012164143861E-008)
 (  2.7922394701177747E-004,  5.6796795410527852E-008) (  2.5043817108551194E-011,  5.2129761217407688E-015) (  2.5043817108551126E-011,  5.2129761217407341E-015) ( -2.8633836233729962E-004, -5.9602147118881634E-008)
  0.60243999999999998        1.2500000000000000     
 (  3.6232539218543304E-004,  7.4982351514599044E-008) (  3.7155755453266285E-004,  7.8685764334831527E-008)
 (  3.6209414486816735E-004,  7.4918804189810516E-008) (  3.2476619539467867E-011,  6.8763148398451236E-015) (  3.2476619539467712E-011,  6.8763148398450581E-015) ( -3.7132098955331848E-004, -7.8619656993987309E-008)
  0.65243499999999988        1.2500000000000000     
 (  4.6026841614713650E-004,  9.7152183958594251E-008) (  4.7199740042652802E-004,  1.0195103620228013E-007)
 (  4.5992391011532815E-004,  9.7057508278658907E-008) (  4.1251228591038995E-011,  8.9083506945526760E-015) (  4.1251228591038711E-011,  8.9083506945525403E-015) ( -4.7164497180831444E-004, -1.0185254623159016E-007)
  0.70242999999999989        1.2500000000000000     
 (  5.7445230134279992E-004,  1.2401789612020553E-007) (  5.8909265084972746E-004,  1.3014442870166766E-007)
 (  5.7395395769076511E-004,  1.2388093611958618E-007) (  5.1478948661900814E-011,  1.1370409562212848E-014) (  5.1478948661900271E-011,  1.1370409562212588E-014) ( -5.8858284606882777E-004, -1.3000195043984315E-007)
  0.75242499999999990        1.2500000000000000     
 (  7.0612763282410179E-004,  1.5636119357876450E-007) (  7.2412596452506924E-004,  1.6408638231895930E-007)
 (  7.0542483065001119E-004,  1.5616803076742199E-007) (  6.3271071870175312E-011,  1.4334001122218873E-014) (  6.3271071870174329E-011,  1.4334001122218400E-014) ( -7.2340699787817051E-004, -1.6388543612601900E-007)
  0.80241999999999991        1.2500000000000000     
 (  8.5654628206389863E-004,  1.9509274674664251E-007) (  8.7838137112314742E-004,  2.0473270732925172E-007)
 (  8.5557682338799725E-004,  1.9482627700434438E-007) (  7.6738873918219685E-011,  1.7882436829264902E-014) (  7.6738873918217927E-011,  1.7882436829264040E-014) ( -8.7738961319282487E-004, -2.0445549937593064E-007)
  0.85241499999999992        1.2500000000000000     
 (  1.0269617688201383E-003,  2.4127124779693896E-007) (  1.0531446387662105E-003,  2.5319459435339935E-007)
 (  1.0256502340826449E-003,  2.4091072777740509E-007) (  9.1993636521349079E-011,  2.2112577339522038E-014) (  9.1993636521346080E-011,  2.2112577339520568E-014) ( -1.0518029340193479E-003, -2.5281954464115063E-007)
  0.90240999999999982        1.2500000000000000     
 (  1.2186288979210333E-003,  2.9612362834369046E-007) (  1.2497028604279701E-003,  3.1075983529306196E-007)
 (  1.2168848921702122E-003,  2.9564419136592255E-007) (  1.0914660152533403E-010,  2.7136685801279569E-014) (  1.0914660152532901E-010,  2.7136685801277120E-014) ( -1.2479187329242868E-003, -3.1026107394960160E-007)
  0.95240499999999984        1.2500000000000000     
 (  1.4328041851200354E-003,  3.6106682792408057E-007) (  1.4693449518114157E-003,  3.7891568956858229E-007)
 (  1.4305204746364189E-003,  3.6043896906210751E-007) (  1.2830900471490495E-010,  3.3084425017289043E-014) (  1.2830900471489657E-010,  3.3084425017285067E-014) ( -1.4670086987245044E-003, -3.7826252105514998E-007)
   1.0024000000000000        1.2500000000000000     
 (  1.6707460094172073E-003,  4.3773068715441346E-007) (  1.7133618450351049E-003,  4.5937292965790055E-007)
 (  1.6677965495296824E-003,  4.3691971768007169E-007) (  1.4959208309355862E-010,  4.0104957761602982E-014) (  1.4959208309354577E-010,  4.0104957761596716E-014) ( -1.7103445188612800E-003, -4.5852926498499878E-007)
   1.0523950000000000        1.2500000000000000     
 (  1.9337142681846410E-003,  5.2798226988155633E-007) (  1.9830458587609869E-003,  5.5409135268271881E-007)
 (  1.9299521203867860E-003,  5.2694774037896344E-007) (  1.7310700996464506E-010,  4.8369175271665240E-014) (  1.7310700996462511E-010,  4.8369175271655534E-014) ( -1.9791971363564945E-003, -5.5301510917572917E-007)
   1.1023899999999998        1.2500000000000000     
 (  2.2229712368530374E-003,  6.3395147489259393E-007) (  2.2796921499811779E-003,  6.6530671597561458E-007)
 (  2.2182263779221036E-003,  6.3264656722547893E-007) (  1.9896501232859230E-010,  5.8072050279835641E-014) (  1.9896501232856191E-010,  5.8072050279820836E-014) ( -2.2748380911344224E-003, -6.6394918435922870E-007)
   1.1523849999999998        1.2500000000000000     
 (  2.5397806822866757E-003,  7.5805807471581828E-007) (  2.6045972164507646E-003,  7.9555913919815167E-007)
 (  2.5338577032478038E-003,  7.5642896275467163E-007) (  2.2727723005634085E-010,  6.9435118318338016E-014) (  2.2727723005629559E-010,  6.9435118318316041E-014) ( -2.5985379088526886E-003, -7.9386431823036287E-007)
   1.2023800000000000        1.2500000000000000     
 (  2.8854088965677175E-003,  9.0303990960365625E-007) (  2.9590601751601341E-003,  9.4772265645785071E-007)
 (  2.8780845918706132E-003,  9.0102508760268722E-007) (  2.5815481805630015E-010,  8.2709059504994957E-014) (  2.5815481805623345E-010,  8.2709059504962923E-014) ( -2.9515672686545357E-003, -9.4562655385997907E-007)
   1.2523750000000000        1.2500000000000000     
 (  3.2611240356361674E-003,  1.0719827802332035E-006) (  3.3443823062707253E-003,  1.1250366809708043E-006)
 (  3.2521448827130708E-003,  1.0695123590425779E-006) (  2.9170889655846143E-010,  9.8176447612352779E-014) (  2.9170889655836537E-010,  9.8176447612306369E-014) ( -3.3351964332579780E-003, -1.1224665807851656E-006)
   1.3023699999999998        1.2500000000000000     
 (  3.6681967231479884E-003,  1.2683511745104783E-006) (  3.7618672899191867E-003,  1.3311383235618724E-006)
 (  3.6572762533468592E-003,  1.2653461455363758E-006) (  3.2805056222971030E-010,  1.1615457380537462E-013) (  3.2805056222957382E-010,  1.1615457380530861E-013) ( -3.7506953758476647E-003, -1.3280120197440618E-006)
   1.3523649999999998        1.2500000000000000     
 (  4.1079003082845726E-003,  1.4960209165277297E-006) (  4.2128217915900186E-003,  1.5700965830766499E-006)
 (  4.0947163681090640E-003,  1.4923923821602277E-006) (  3.6729092958743378E-010,  1.3699843399066187E-013) (  3.6729092958724332E-010,  1.3699843399056918E-013) ( -4.1993342516553856E-003, -1.5663215781146496E-006)
   1.4023599999999998        1.2500000000000000     
 (  4.5815097867800397E-003,  1.7593127834495150E-006) (  4.6985541382688406E-003,  1.8464477732388982E-006)
 (  4.5657016867057358E-003,  1.7549611535262524E-006) (  4.0954100526831810E-010,  1.6110382427238454E-013) (  4.0954100526805428E-010,  1.6110382427225656E-013) ( -4.6823819609882241E-003, -1.8419204414103864E-006)
   1.4523549999999998        1.2500000000000000     
 (  5.0903032715444631E-003,  2.0630276063013349E-006) (  5.2203761169106553E-003,  2.1652323135924507E-006)
 (  5.0714688298497844E-003,  2.0578417604586432E-006) (  4.5491183595929623E-010,  1.8891055568681488E-013) (  4.5491183595893310E-010,  1.8891055568663883E-013) ( -5.2011078383393441E-003, -2.1598370285374654E-006)
   1.5023499999999999        1.2500000000000000     
 (  5.6355621193028829E-003,  2.4124826123387672E-006) (  5.7796026927718876E-003,  2.5320331403730164E-006)
 (  5.6132545921321730E-003,  2.4063390268958674E-006) (  5.0351447372617436E-010,  2.2090581048421587E-013) (  5.0351447372568342E-010,  2.2090581048397773E-013) ( -5.7567812559836205E-003, -2.5256413651815700E-006)
   1.5523449999999999        1.2500000000000000     
 (  6.2185690116605963E-003,  2.8135496314769977E-006) (  6.3775503377662864E-003,  2.9530154822959745E-006)
 (  6.1922939166053920E-003,  2.8063114700678393E-006) (  5.5545982013816500E-010,  2.5762761776673764E-013) (  5.5545982013750387E-010,  2.5762761776641800E-013) ( -6.3506698400800131E-003, -2.9454848222627210E-006)
   1.6023399999999999        1.2500000000000000     
 (  6.8406107162982373E-003,  3.2726941713998052E-006) (  7.0155398702536611E-003,  3.4349683420047966E-006)
 (  6.8098225434510377E-003,  3.2642103393808357E-006) (  6.1085886512039811E-010,  2.9966847823482474E-013) (  6.1085886511951985E-010,  2.9966847823439989E-013) ( -6.9840422021501024E-003, -3.4261415586502124E-006)
   1.6523349999999999        1.2500000000000000     
 (  7.5029763938349254E-003,  3.7970162405029786E-006) (  7.6948944419542795E-003,  3.9853473460399666E-006)
 (  7.4670752068301096E-003,  3.7871203988487721E-006) (  6.6982250030863933E-010,  3.4767910829777091E-013) (  6.6982250030747900E-010,  3.4767910829721212E-013) ( -7.6581658021348826E-003, -3.9750513292627634E-006)
   1.7023299999999999        1.2500000000000000     
 (  8.2069587441896113E-003,  4.3942914203590922E-006) (  8.4169413312231607E-003,  4.6123176045367518E-006)
 (  8.1652866734773389E-003,  4.3828009619533908E-006) (  7.3246166728669928E-010,  4.0237218525705148E-013) (  7.3246166728518482E-010,  4.0237218525632038E-013) ( -8.3743086437754570E-003, -4.6003623048519378E-006)
   1.7523250000000001        1.2500000000000000     
 (  8.9538528841269852E-003,  5.0730158228005134E-006) (  9.1830099283849373E-003,  5.3248013316931221E-006)
 (  8.9056905101368902E-003,  5.0597308056893644E-006) (  7.9888717089850336E-010,  4.6452650846326142E-013) (  7.9888717089654770E-010,  4.6452650846231145E-013) ( -9.1337371394438656E-003, -5.3109786480513210E-006)
   1.8023199999999997        1.2500000000000000     
 (  9.7449571510354743E-003,  5.8424501023018478E-006) (  9.9944331922885970E-003,  6.1325241232212472E-006)
 (  9.6895197723238079E-003,  5.8271521422338320E-006) (  8.6920979643650745E-010,  5.3499104300718254E-013) (  8.6920979643398145E-010,  5.3499104300596116E-013) ( -9.9377174475179537E-003, -6.1166067460233575E-006)
   1.8523149999999997        1.2500000000000000     
 (  1.0581574546649902E-002,  6.7126658981515307E-006) (  1.0852549091361572E-002,  7.0460636216611323E-006)
 (  1.0518008352077541E-002,  6.6951170133456634E-006) (  9.4354042779063810E-010,  6.1468917195583217E-013) (  9.4354042778740568E-010,  6.1468917195426899E-013) ( -1.0787516825166862E-002, -7.0278038284414420E-006)
   1.9023099999999997        1.2500000000000000     
 (  1.1465010360557070E-002,  7.6945931685406033E-006) (  1.1758697908996734E-002,  8.0768995528872134E-006)
 (  1.1392388474711706E-002,  7.6745345805876770E-006) (  1.0219897994351074E-009,  7.0462306846772263E-013) (  1.0219897994310046E-009,  7.0462306846573708E-013) ( -1.1684400786021325E-002, -8.0560279542091147E-006)
   1.9523049999999997        1.2500000000000000     
 (  1.2396572029675588E-002,  8.8000697372385876E-006) (  1.2714221601666112E-002,  9.2374658134799243E-006)
 (  1.2313890444933417E-002,  8.7772206205003833E-006) (  1.1046684316984569E-009,  8.0587824698638190E-013) (  1.1046684316932659E-009,  8.0587824698387047E-013) ( -1.2629632368566060E-002, -9.2136900476796613E-006)
   2.0023000000000000        1.2500000000000000     
 (  1.3377574375590591E-002,  1.0041891934530453E-005) (  1.3720471501259534E-002,  1.0541203254862408E-005)
 (  1.3283747808121841E-002,  1.0015948114019357E-005) (  1.1916872956813041E-009,  9.1962817498775763E-013) (  1.1916872956748029E-009,  9.1962817498461108E-013) ( -1.3624479727430200E-002, -1.0514206625676417E-005)
   2.0522950000000000        1.2500000000000000     
 (  1.4409332008697897E-002,  1.1433866193870677E-005) (  1.4778797277018075E-002,  1.2002614855425506E-005)
 (  1.4303189599540321E-002,  1.1404498789366423E-005) (  1.2831568363006234E-009,  1.0471390936991199E-012) (  1.2831568362925018E-009,  1.0471390936951926E-012) ( -1.4670204969432938E-002, -1.1972054914526629E-005)
   2.1022900000000000        1.2500000000000000     
 (  1.5493165916747150E-002,  1.2990863225312733E-005) (  1.5890555330918342E-002,  1.3637322273696365E-005)
 (  1.5373446848717541E-002,  1.2957717235024434E-005) (  1.3791876972543619E-009,  1.1897749588175001E-012) (  1.3791876972442821E-009,  1.1897749588126214E-012) ( -1.5768072438124382E-002, -1.3602829339034008E-005)
   2.1522849999999996        1.2500000000000000     
 (  1.6630399776864251E-002,  1.4728873280544902E-005) (  1.7057106082453078E-002,  1.5462124450590643E-005)
 (  1.6495748771908156E-002,  1.4691566106429428E-005) (  1.4798904742677471E-009,  1.3490025605795553E-012) (  1.4798904742553020E-009,  1.3490025605735289E-012) ( -1.6919345894054760E-002, -1.5423300060259891E-005)
   2.2022799999999996        1.2500000000000000     
 (  1.7822360907429790E-002,  1.6665059136533571E-005) (  1.8279812646037102E-002,  1.7495052172327789E-005)
 (  1.7671323632339513E-002,  1.6623179039329227E-005) (  1.5853755895800240E-009,  1.5263962897349329E-012) (  1.5853755895647201E-009,  1.5263962897275363E-012) ( -1.8125287074815161E-002, -1.7451467468158864E-005)
   2.2522749999999996        1.2500000000000000     
 (  1.9070381822868753E-002,  1.8817819344418267E-005) (  1.9560043678776107E-002,  1.9755436886741316E-005)
 (  1.8901400143681850E-002,  1.8770923831432291E-005) (  1.6957535298088475E-009,  1.7236441500591316E-012) (  1.6957535297901247E-009,  1.7236441500500871E-012) ( -1.9387158419536730E-002, -1.9706630923299103E-005)
   2.3022699999999996        1.2500000000000000     
 (  2.0375799297532065E-002,  2.1206844208645762E-005) (  2.0899173438174507E-002,  2.2263966667719487E-005)
 (  2.0187206471403690E-002,  2.1154458350514282E-005) (  1.8111348433507955E-009,  1.9425526466436855E-012) (  1.8111348433279536E-009,  1.9425526466326608E-012) ( -2.0706223030573453E-002, -2.2209444644669046E-005)
   2.3522650000000001        1.2500000000000000     
 (  2.1739951499956212E-002,  2.3853176982400317E-005) (  2.2298576292944558E-002,  2.5042754409785976E-005)
 (  2.1529967225137382E-002,  2.3794791641372975E-005) (  1.9316296493938931E-009,  2.1850527422953775E-012) (  1.9316296493661536E-009,  2.1850527422820101E-012) ( -2.2083739068116805E-002, -2.4981985812794461E-005)
   2.4022600000000001        1.2500000000000000     
 (  2.3164184113494208E-002,  2.6779276999845681E-005) (  2.3759635139548582E-002,  2.8115400620959385E-005)
 (  2.2930909456877927E-002,  2.6714346975974440E-005) (  2.0573483618122641E-009,  2.4532053423555312E-012) (  2.0573483617787641E-009,  2.4532053423393729E-012) ( -2.3520968017067295E-002, -2.8047817277260615E-005)
   2.4522550000000001        1.2500000000000000     
 (  2.4649847916392791E-002,  3.0009081871679507E-005) (  2.5283738658181985E-002,  3.1507061669453529E-005)
 (  2.4391260193392793E-002,  2.9937023965158750E-005) (  2.1884014447657016E-009,  2.7492072551568909E-012) (  2.1884014447253820E-009,  2.7492072551462551E-012) ( -2.5019171895797967E-002, -3.1432055703433673E-005)
   2.5022500000000001        1.2500000000000000     
 (  2.6198293895451624E-002,  3.3568079069996171E-005) (  2.6872274450595965E-002,  3.5244524847016220E-005)
 (  2.5912241373029065E-002,  3.3488270036438816E-005) (  2.3248987992132989E-009,  3.0753977483493574E-012) (  2.3248987991650544E-009,  3.0753977483260856E-012) ( -2.6579606242811769E-002, -3.5161446532246391E-005)
   2.5522449999999997        1.2500000000000000     
 (  2.7810880841834355E-002,  3.7483362769141949E-005) (  2.8526640247121808E-002,  3.9356265830168283E-005)
 (  2.7495077303446379E-002,  3.7395137153394175E-005) (  2.4669507283441654E-009,  3.4342635631995734E-012) (  2.4669507282864625E-009,  3.4342635631717753E-012) ( -2.8203531153019615E-002, -3.9264421311618231E-005)
   2.6022399999999997        1.2500000000000000     
 (  2.9488971998584267E-002,  4.1783709528868340E-005) (  3.0248236967187304E-002,  4.3872533280878789E-005)
 (  2.9140991339344335E-002,  4.1686357430864203E-005) (  2.6146673323771350E-009,  3.8284463071761369E-012) (  2.6146673323083355E-009,  3.8284463071430748E-012) ( -2.9892204348856127E-002, -4.3771182213968020E-005)
   2.6522349999999997        1.2500000000000000     
 (  3.1233934208714738E-002,  4.6499648321972926E-005) (  3.2038468822795506E-002,  4.8825417248359135E-005)
 (  3.0851204779116653E-002,  4.6392412987438524E-005) (  2.7681584995248207E-009,  4.2607484211064551E-012) (  2.7681584994433137E-009,  4.2607484210672020E-012) ( -3.1646881089093533E-002, -4.8713770258250865E-005)
   2.7022299999999997        1.2500000000000000     
 (  3.3047142711391919E-002,  5.1663528786403143E-005) (  3.3898751727770127E-002,  5.4248925687900363E-005)
 (  3.2626941580410129E-002,  5.1545604095865184E-005) (  2.9275346304015617E-009,  4.7341398623210618E-012) (  2.9275346303050695E-009,  4.7341398622746403E-012) ( -3.3468822443259751E-002, -5.4126141724854200E-005)
   2.7522249999999997        1.2500000000000000     
 (  3.4929970393189520E-002,  5.7309596578434734E-005) (  3.5830496674410940E-002,  6.0179061080361635E-005)
 (  3.4469417548856823E-002,  5.7180124386134725E-005) (  3.0929051794792297E-009,  5.2517647916082969E-012) (  3.0929051793655900E-009,  5.2517647915624231E-012) ( -3.5359278614823901E-002, -6.0044244599016060E-005)
   2.8022199999999997        1.2500000000000000     
 (  3.6883801934521759E-002,  6.3474068404041541E-005) (  3.7835126466554993E-002,  6.6653902439700821E-005)
 (  3.6379854323741127E-002,  6.3332135742220655E-005) (  3.2643801068902510E-009,  5.8169487337899373E-012) (  3.2643801067566005E-009,  5.8169487337257185E-012) ( -3.7319505541529872E-002, -6.6506100446006930E-005)
   2.8522149999999997        1.2500000000000000     
 (  3.8910026337948822E-002,  7.0195203326937184E-005) (  3.9914070256051516E-002,  7.3713676606703123E-005)
 (  3.8359471815741689E-002,  7.0039839401555559E-005) (  3.4420693864582846E-009,  6.4332047943287819E-012) (  3.4420693863013912E-009,  6.4332047943575377E-012) ( -3.9350759265946618E-002, -7.3551875477989435E-005)
   2.9022099999999997        1.2500000000000000     
 (  4.1010034886616246E-002,  7.7513388726422092E-005) (  4.2068760797128367E-002,  8.1400851189342046E-005)
 (  4.0409486071903207E-002,  7.7343561766770195E-005) (  3.6260827642345516E-009,  7.1042417743798127E-012) (  3.6260827640514957E-009,  7.1042417743095581E-012) ( -4.1454293170570276E-002, -8.1223973338994301E-005)
   2.9522049999999997        1.2500000000000000     
 (  4.3185224309235486E-002,  8.5471220921516766E-005) (  4.4300631769631275E-002,  8.9760222177710482E-005)
 (  4.2531112260146921E-002,  8.5285834860438750E-005) (  3.8165295039133254E-009,  7.8339718177392281E-012) (  3.8165295037716542E-009,  7.8339718176367757E-012) ( -4.3631355083785524E-002, -8.9567122530269627E-005)
   3.0021999999999998        1.2500000000000000     
 (  4.5437000292129048E-002,  9.4113572435081661E-005) (  4.6611131713287637E-002,  9.8838979903708826E-005)
 (  4.4725568111495077E-002,  9.3911463330080970E-005) (  4.0135196025004019E-009,  8.6265161570040215E-012) (  4.0135196022520343E-009,  8.6265161569026078E-012) ( -4.5883201156948668E-002, -9.8628442100033304E-005)
   3.0521949999999998        1.2500000000000000     
 (  4.7766772092778291E-002,  1.0348769281333378E-004) (  4.9001710202527714E-002,  1.0868682387027285E-004)
 (  4.6994068513157336E-002,  1.0326762509167409E-004) (  4.2171625727814643E-009,  9.4862151393206738E-012) (  4.2171625724935012E-009,  9.4862151392003529E-012) ( -4.8211081944888108E-002, -1.0845755627700219E-004)
   3.1021899999999998        1.2500000000000000     
 (  5.0175950080018718E-002,  1.1364326862047800E-004) (  5.1473817922346218E-002,  1.1935601249888558E-004)
 (  4.9337822747940206E-002,  1.1340393104771948E-004) (  4.4275674344338103E-009,  1.0417632554096258E-011) (  4.4275674341004639E-009,  1.0417632553936677E-011) ( -5.0616242321620673E-002, -1.1910664393862654E-004)
   3.1521849999999998        1.2500000000000000     
 (  5.2665956832945074E-002,  1.2463255469424118E-004) (  5.4028917856523036E-002,  1.3090151604088036E-004)
 (  5.1758045660528253E-002,  1.2437255612347901E-004) (  4.6448436845336129E-009,  1.1425568983725584E-011) (  4.6448436841493593E-009,  1.1425568983576719E-011) ( -5.3099932558769318E-002, -1.3063059124828334E-004)
   3.2021799999999998        1.2500000000000000     
 (  5.5238217785884593E-002,  1.3651039916442136E-004) (  5.6668479767629718E-002,  1.4338103393222011E-004)
 (  5.4255948070905016E-002,  1.3622826402820765E-004) (  4.8691008090247104E-009,  1.2515063300205402E-011) (  4.8691008085813705E-009,  1.2515063300028678E-011) ( -5.5663402731149024E-002, -1.4308700875768955E-004)
   3.2521749999999998        1.2500000000000000     
 (  5.7894162762641713E-002,  1.4933438245768292E-004) (  5.9393972020522524E-002,  1.5685514778021197E-004)
 (  5.6832738188502360E-002,  1.4902854585855687E-004) (  5.1004475409288261E-009,  1.3691406007208935E-011) (  5.1004475404193284E-009,  1.3691406006965771E-011) ( -5.8307894268636681E-002, -1.5653638397709196E-004)
   3.3021699999999998        1.2500000000000000     
 (  6.0635235167904505E-002,  1.6316490277646495E-004) (  6.2206883715772376E-002,  1.7138740931992393E-004)
 (  5.9489630756230163E-002,  1.6283370540112174E-004) (  5.3389938125010139E-009,  1.4960146919865534E-011) (  5.3389938119169598E-009,  1.4960146919586997E-011) ( -6.1034662253458140E-002, -1.7104216911778712E-004)
   3.3521649999999998        1.2500000000000000     
 (  6.3462871086926539E-002,  1.7806523412163046E-004) (  6.5108691561775581E-002,  1.8704439597308725E-004)
 (  6.2227826141194958E-002,  1.7770691674098447E-004) (  5.5848478316098513E-009,  1.6327099978572296E-011) (  5.5848478309415142E-009,  1.6327099978253796E-011) ( -6.3844941956989726E-002, -1.8667083617792445E-004)
   3.4021599999999999        1.2500000000000000     
 (  6.6378524974413461E-002,  1.9410167833851881E-004) (  6.8100893228268261E-002,  2.0389588563873352E-004)
 (  6.5048535646310912E-002,  1.9371437590949382E-004) (  5.8381189862185132E-009,  1.7798358511037716E-011) (  5.8381189855983022E-009,  1.7798358510709215E-011) ( -6.6739982106793244E-002, -2.0349205139651863E-004)
   3.4521549999999999        1.2500000000000000     
 (  6.9383649977457912E-002,  2.1134359255646363E-004) (  7.1184985148190882E-002,  2.2201486900079854E-004)
 (  6.7952961978628892E-002,  2.1092532800236644E-004) (  6.0989159071977363E-009,  1.9380296266736962E-011) (  6.0989159063274381E-009,  1.9380296266322897E-011) ( -6.9721022718752190E-002, -2.2157868709946242E-004)
   3.5021500000000003        1.2500000000000000     
 (  7.2479702482566924E-002,  2.2986353057998651E-004) (  7.4362468325522554E-002,  2.4147771364985894E-004)
 (  7.0942303248092642E-002,  2.2941220816860637E-004) (  6.3673469309365878E-009,  2.1079581744301448E-011) (  6.3673469299460018E-009,  2.1079581744282275E-011) ( -7.2789300363613751E-002, -2.4100698546578207E-004)
   3.5521449999999994        1.2500000000000000     
 (  7.5668162304757314E-002,  2.4973736624817137E-004) (  7.7634864729689446E-002,  2.6236428500011174E-004)
 (  7.4017773930578012E-002,  2.4925076436175717E-004) (  6.6435215879084660E-009,  2.2903188705485835E-011) (  6.6435215867837841E-009,  2.2903188704952235E-011) ( -7.5946065187181153E-002, -2.6185667876332000E-004)
   3.6021399999999995        1.2500000000000000     
 (  7.8950493496022761E-002,  2.7104432828209353E-004) (  8.1003684391335817E-002,  2.8475799117158725E-004)
 (  7.7180564403243584E-002,  2.7052009195564563E-004) (  6.9275476420796073E-009,  2.4858400082429181E-011) (  6.9275476408038235E-009,  2.4858400081895329E-011) ( -7.9192547106126998E-002, -2.8421103397743911E-004)
   3.6521349999999995        1.2500000000000000     
 (  8.2328181159417341E-002,  2.9386716531048238E-004) (  8.4470458553475861E-002,  3.0874595834881889E-004)
 (  8.0431878609735122E-002,  2.9330279804639243E-004) (  7.2195340347622733E-009,  2.6952823243395516E-011) (  7.2195340333189325E-009,  2.6952823242782827E-011) ( -8.2529989406079057E-002, -3.0815702737904216E-004)
   3.7021299999999995        1.2500000000000000     
 (  8.5802709244835199E-002,  3.1829218984423047E-004) (  8.8036712106036794E-002,  3.3441905415038033E-004)
 (  8.3772911202212613E-002,  3.1768504500300968E-004) (  7.5195884313752319E-009,  2.9194392004636251E-011) (  7.5195884297440649E-009,  2.9194392003936100E-011) ( -8.5959620726017857E-002, -3.3378536746942817E-004)
   3.7521249999999995        1.2500000000000000     
 (  8.9375575218682529E-002,  3.4440945121769407E-004) (  9.1703991377473190E-002,  3.6187210653978910E-004)
 (  8.7204862305729672E-002,  3.4375672267891906E-004) (  7.8278196525426211E-009,  3.1591385704944523E-011) (  7.8278196509898360E-009,  3.1591385704076985E-011) ( -8.9482682830900620E-002, -3.6119071309301698E-004)
   3.8021199999999995        1.2500000000000000     
 (  9.3048279665781275E-002,  3.7231281260587053E-004) (  9.5473841933610457E-002,  3.9120397061409578E-004)
 (  9.0728927040399768E-002,  3.7161152510741056E-004) (  8.1443357352381881E-009,  3.4152435014602436E-011) (  8.1443357333788713E-009,  3.4152435013696582E-011) ( -9.3100408459916267E-002, -3.9047173981587315E-004)
   3.8521149999999995        1.2500000000000000     
 (  9.6822322690360965E-002,  4.0210001726411599E-004) (  9.9347808883984284E-002,  4.2251757434466430E-004)
 (  9.4346291287948317E-002,  4.0134701562353261E-004) (  8.4692439034520129E-009,  3.6886525840004825E-011) (  8.4692439013322104E-009,  3.6886525838908527E-011) ( -9.6814020986099730E-002, -4.2173118456755417E-004)
   3.9021099999999995        1.2500000000000000     
 ( 0.10069923145985103     ,  4.3387293410759691E-004) ( 0.10332746979852317     ,  4.5592024572447095E-004)
 (  9.8058160367624783E-002,  4.3306487218867327E-004) (  8.8026535229641334E-009,  3.9803027909546641E-011) (  8.8026535203457875E-009,  3.9803027908388368E-011) (-0.10062476817226895     , -4.5507617243208570E-004)
   3.9521050000000000        1.2500000000000000     
 ( 0.10468051175969313     ,  4.6773747211892509E-004) ( 0.10741437426350071     ,  4.9152352010129634E-004)
 ( 0.10186570879343552     ,  4.6687080072280868E-004) (  9.1446706952849260E-009,  4.2911677822071508E-011) (  9.1446706923508618E-009,  4.2911677820767244E-011) (-0.10453386047338034     , -4.9061802281726062E-004)
   4.0021000000000004        1.2500000000000000     
 ( 0.10876769498123878     ,  5.0380391187057443E-004) ( 0.11161009894779057     ,  5.2944361955555388E-004)
 ( 0.10577012876731069     ,  5.0287486591329901E-004) (  9.4954031752652097E-009,  4.6222620910257932E-011) (  9.4954031721209754E-009,  4.6222620910384025E-011) (-0.10854252702592350     , -5.2847272817219430E-004)
   4.0520950000000004        1.2500000000000000     
 ( 0.11296232251509943     ,  5.4218684400254488E-004) ( 0.11591623706031946     ,  5.6980123834104491E-004)
 ( 0.10977261316812530     ,  5.4119142901348197E-004) (  9.8549593354755131E-009,  4.9746392408985793E-011) (  9.8549593318062872E-009,  4.9746392407272004E-011) (-0.11265200407336144     , -5.6876073847154571E-004)
   4.1020900000000005        1.2500000000000000     
 ( 0.11726593238981980     ,  5.8300536101508105E-004) ( 0.12033437594622096     ,  6.1272189261699030E-004)
 ( 0.11387434268001245     ,  5.8193933844346126E-004) (  1.0223446252358258E-008,  5.3493947941558706E-011) (  1.0223446248260437E-008,  5.3493947939792236E-011) (-0.11686351290518553     , -6.1160730991437705E-004)
   4.1520850000000005        1.2500000000000000     
 ( 0.12168007040544035     ,  6.2638326638036980E-004) ( 0.12486610808754826     ,  6.5833605329250445E-004)
 ( 0.11807649698658454     ,  6.2524213798707449E-004) (  1.0600970679559239E-008,  5.7476675042686337E-011) (  1.0600970675417101E-008,  5.7476675042366502E-011) (-0.12117827107504275     , -6.5714263659864705E-004)
   4.2020800000000005        1.2500000000000000     
 ( 0.12620630477163458     ,  6.7244901351569799E-004) ( 0.12951305382194375     ,  7.0677910515258612E-004)
 ( 0.12238026888364596     ,  6.7122800503766457E-004) (  1.0987640959558541E-008,  6.1706389523573988E-011) (  1.0987640954475133E-008,  6.1706389521353021E-011) (-0.12559751417757303     , -7.0550180892203838E-004)
   4.2520750000000005        1.2500000000000000     
 ( 0.13084617511896088     ,  7.2133600235809077E-004) ( 0.13427679448117125     ,  7.5819165360465225E-004)
 ( 0.12678681332568642     ,  7.2003004554119731E-004) (  1.1383561210020561E-008,  6.6195362153519551E-011) (  1.1383561204369724E-008,  6.6195362151040297E-011) (-0.13012242940542079     , -7.5682511861519994E-004)
   4.3020699999999996        1.2500000000000000     
 ( 0.13560127754123816     ,  7.7318260527502332E-004) ( 0.13915898343189825     ,  8.1271957118387098E-004)
 ( 0.13129733243690977     ,  7.7178631946190083E-004) (  1.1788841040906703E-008,  7.0956322672772038E-011) (  1.1788841035050792E-008,  7.0956322667758070E-011) (-0.13475426677491892     , -8.1125810461584933E-004)
   4.3520649999999996        1.2500000000000000     
 ( 0.14047317699897488     ,  8.2813225683147317E-004) ( 0.14416123538838854     ,  8.7051408695110633E-004)
 ( 0.13591298770368487     ,  8.2663992855026543E-004) (  1.2203585808669066E-008,  7.6002467443137862E-011) (  1.2203585802128445E-008,  7.6002467440207781E-011) (-0.13949422747254914     , -8.6895164047917314E-004)
   4.4020599999999996        1.2500000000000000     
 ( 0.14546345792920362     ,  8.8633373795899567E-004) ( 0.14928518198200250     ,  9.3173205065234940E-004)
 ( 0.14063495041803079     ,  8.8473929984022150E-004) (  1.2627901493215397E-008,  8.1347482473604279E-011) (  1.2627901486071072E-008,  8.1347482473663021E-011) (-0.14434351967557543     , -9.3006219770949911E-004)
   4.4520549999999997        1.2500000000000000     
 ( 0.15057371351302695     ,  9.4794123060058680E-004) ( 0.15453247138252166     ,  9.9653610928158130E-004)
 ( 0.14546439119017479     ,  9.4623823846516468E-004) (  1.3061894693838251E-008,  8.7005558715061696E-011) (  1.3061894686302658E-008,  8.7005558711423277E-011) (-0.14930335868715253     , -9.9475202029482789E-004)
   4.5020499999999997        1.2500000000000000     
 ( 0.15580554837707647     ,  1.0131144277661164E-003) ( 0.15990475805551060     ,  1.0650946236969566E-003)
 ( 0.15040248136290749     ,  1.0112960365686186E-003) (  1.3505671604759079E-008,  9.2991384633926811E-011) (  1.3505671595319863E-008,  9.2991384629886641E-011) (-0.15437495514842162     , -1.0631890402802797E-003)
   4.5520449999999997        1.2500000000000000     
 ( 0.16116057820192878     ,  1.0820186706257467E-003) ( 0.16540371297186574     ,  1.1375820197455627E-003)
 ( 0.15545039469114297     ,  1.0800776089101732E-003) (  1.3959339090769778E-008,  9.9320176804446068E-011) (  1.3959339081494906E-008,  9.9320176799971292E-011) (-0.15955952700705614     , -1.1355472269607193E-003)
   4.6020399999999997        1.2500000000000000     
 ( 0.16664039988069143     ,  1.1548250643960165E-003) ( 0.17103098047923515     ,  1.2141787918767963E-003)
 ( 0.16060927441661457     ,  1.1527536064416207E-003) (  1.4423000644549848E-008,  1.0600768001375495E-010) (  1.4423000634213457E-008,  1.0600768000880709E-010) (-0.16485825383313524     , -1.2120065884562085E-003)
   4.6520349999999997        1.2500000000000000     
 ( 0.17224665200288627     ,  1.2317107016089879E-003) ( 0.17678825456983427     ,  1.2950717673199390E-003)
 ( 0.16588029708995486     ,  1.2295006388603638E-003) (  1.4896763348773816E-008,  1.1307019028429127E-010) (  1.4896763337531663E-008,  1.1307019027910999E-010) (-0.17027235597133786     , -1.2927534345588537E-003)
   4.7020300000000006        1.2500000000000000     
 ( 0.17798096609475242     ,  1.3128588859176891E-003) ( 0.18267722483316612     ,  1.3804543704952256E-003)
 ( 0.17126462063788270     ,  1.3105014959743444E-003) (  1.5380732893276110E-008,  1.2052457778965395E-010) (  1.5380732880490578E-008,  1.2052457778363763E-010) (-0.17580303777787629     , -1.3779806389230651E-003)
   4.7520250000000006        1.2500000000000000     
 ( 0.18384496788603119     ,  1.3984588499775955E-003) ( 0.18869956476343822     ,  1.4705262801108024E-003)
 ( 0.17676338704365810     ,  1.3959448638303619E-003) (  1.5875012634986870E-008,  1.2838825668643569E-010) (  1.5875012619086450E-008,  1.2838825667981031E-010) (-0.18145147687225235     , -1.4678872941073550E-003)
   4.8020200000000006        1.2500000000000000     
 ( 0.18984032043027740     ,  1.4887065471668607E-003) ( 0.19485699820046323     ,  1.5654943019007851E-003)
 ( 0.18237776552466101     ,  1.4860261139377504E-003) (  1.6379709447620455E-008,  1.3667926123025257E-010) (  1.6379709430792995E-008,  1.3667926122990585E-010) (-0.18721889110752721     , -1.5626795816642209E-003)
   4.8520150000000006        1.2500000000000000     
 ( 0.19596867084780634     ,  1.5838041547165834E-003) ( 0.20115122296600904     ,  1.6655718517915416E-003)
 ( 0.18810889720704868     ,  1.5809468055696442E-003) (  1.6894926835106948E-008,  1.4541620049653112E-010) (  1.6894926817489291E-008,  1.4541620049548272E-010) (-0.19310645946707231     , -1.6625702541840507E-003)
   4.9020100000000006        1.2500000000000000     
 ( 0.20223168592455987     ,  1.6839606404339537E-003) ( 0.20758396423339992     ,  1.7709794816025703E-003)
 ( 0.19395793440068232     ,  1.6809152483944977E-003) (  1.7420769955542811E-008,  1.5461830396438040E-010) (  1.7420769935300487E-008,  1.5461830395591513E-010) (-0.19911537985903643     , -1.7677791570291385E-003)
   4.9520050000000007        1.2500000000000000     
 ( 0.20863102545115192     ,  1.7893920180529900E-003) ( 0.21415693261818067     ,  1.8819453182546196E-003)
 ( 0.19992600935978924     ,  1.7861467572267071E-003) (  1.7957341516403770E-008,  1.6430545987357381E-010) (  1.7957341495083703E-008,  1.6430545987093913E-010) (-0.20524682196768862     , -1.8785336662245139E-003)
   5.0020000000000007        1.2500000000000000     
 ( 0.21516838679933589     ,  1.9003209223546224E-003) ( 0.22087188918412448     ,  1.9987043734788360E-003)
 ( 0.20601428146765996     ,  1.8968632233254679E-003) (  1.8504747730404234E-008,  1.7449815452381297E-010) (  1.8504747707301480E-008,  1.7449815451362800E-010) (-0.21150199578529380     , -1.9950679947151788E-003)
   5.0519950000000007        1.2500000000000000     
 ( 0.22184546147243298     ,  2.0169773722813695E-003) ( 0.22773057915351461     ,  2.1214995927402096E-003)
 ( 0.21222389443622214     ,  2.0132938757513132E-003) (  1.9063092520078901E-008,  1.8521756382683715E-010) (  1.9063092495552787E-008,  1.8521756381572608E-010) (-0.21788208459915556     , -2.1176242388792504E-003)
   5.1019899999999998        1.2500000000000000     
 ( 0.22866390404723083     ,  2.1395985694735806E-003) ( 0.23473471069258428     ,  2.2505815105107615E-003)
 ( 0.21855594183286917     ,  2.1356750761980449E-003) (  1.9632475418075907E-008,  1.9648552282845625E-010) (  1.9632475389108681E-008,  1.9648552281689395E-010) (-0.22438822158703228     , -2.2464520301414825E-003)
   5.1519849999999998        1.2500000000000000     
 ( 0.23562546848316684     ,  2.2684293858119650E-003) ( 0.24188610992888215     ,  2.3862087796935544E-003)
 ( 0.22501160560757413     ,  2.2642508055644595E-003) (  2.0213005264178173E-008,  2.0832457190305587E-010) (  2.0213005234573574E-008,  2.0832457190367346E-010) (-0.23102164622288437     , -2.3818090628100054E-003)
   5.2019799999999998        1.2500000000000000     
 ( 0.24273183516667310     ,  2.4037218885467641E-003) ( 0.24918649804249721     ,  2.5286476546029211E-003)
 ( 0.23159198362141573     ,  2.3992721826041059E-003) (  2.0804780812222020E-008,  2.2075791098913277E-010) (  2.0804780780611865E-008,  2.2075791098859823E-010) (-0.23778348249682030     , -2.5239605710205616E-003)
   5.2519749999999998        1.2500000000000000     
 ( 0.24998474917891533     ,  2.5457362241952095E-003) ( 0.25663769227294447     ,  2.6781730394800662E-003)
 ( 0.23829822634206402     ,  2.5409983487648829E-003) (  2.1407908140763610E-008,  2.3380949130358220E-010) (  2.1407908103218415E-008,  2.3380949127046179E-010) (-0.24467493810873167     , -2.6731803769310379E-003)
   5.3019699999999998        1.2500000000000000     
 ( 0.25738591712024222     ,  2.6947405339171398E-003) ( 0.26424145095567331     ,  2.8350683213391615E-003)
 ( 0.24513143300636211     ,  2.6896963771988257E-003) (  2.2022486999877236E-008,  2.4750400013603570E-010) (  2.2022486961298363E-008,  2.4750400013341922E-010) (-0.25169714824505030     , -2.8297507177482343E-003)
   5.3519649999999999        1.2500000000000000     
 ( 0.26493708124223303     ,  2.8510109079764564E-003) ( 0.27199958334031549     ,  2.9996252029308515E-003)
 ( 0.25209272710469527     ,  2.8456412241395054E-003) (  2.2648620648470300E-008,  2.6186684607221085E-010) (  2.2648620604569056E-008,  2.6186684606759296E-010) (-0.25885128808954255     , -2.9939620748325258E-003)
   5.4019599999999999        1.2500000000000000     
 ( 0.27264000082461726     ,  3.0148321079977963E-003) ( 0.27991390598002197     ,  3.1721447500732435E-003)
 ( 0.25918323776841456     ,  3.0091164488251867E-003) (  2.3286411897845252E-008,  2.7692425025774118E-010) (  2.3286411851840517E-008,  2.7692425025159073E-010) (-0.26613852753561185     , -3.1661142188658328E-003)
   5.4519549999999999        1.2500000000000000     
 ( 0.28049642044271045     ,  3.1864965512921044E-003) ( 0.28798622046128669     ,  3.3529360110948932E-003)
 ( 0.26640406671025352     ,  3.1804131922099493E-003) (  2.3935961150410672E-008,  2.9270312513416962E-010) (  2.3935961099649741E-008,  2.9270312511307290E-010) (-0.27356000891869015     , -3.3465148225183686E-003)
   5.5019499999999999        1.2500000000000000     
 ( 0.28850809855095605     ,  3.3663061687665185E-003) ( 0.29621835811429836     ,  3.5423182798917318E-003)
 ( 0.27375631707590647     ,  3.3598320324786887E-003) (  2.4597370311612338E-008,  3.0923127225250395E-010) (  2.4597370255811448E-008,  3.0923127223080157E-010) (-0.28111689152204677     , -3.5354817217066376E-003)
   5.5519449999999999        1.2500000000000000     
 ( 0.29667681651628536     ,  3.5545713472317458E-003) ( 0.30461215748922932     ,  3.7406197156412435E-003)
 ( 0.28124110238182398     ,  3.5476819211643883E-003) (  2.5270740811704836E-008,  3.2653726080419558E-010) (  2.5270740751659951E-008,  3.2653726080722818E-010) (-0.28881032927680844     , -3.7333415281375435E-003)
   5.6019399999999999        1.2500000000000000     
 ( 0.30500434080997718     ,  3.7516113488153019E-003) ( 0.31316944288603349     ,  3.9481780438986010E-003)
 ( 0.28885950897866913     ,  3.7442806000559997E-003) (  2.5956171682173332E-008,  3.4465048897800564E-010) (  2.5956171619268884E-008,  3.4465048896102812E-010) (-0.29664144813120491     , -3.9404303275712418E-003)
   5.6519349999999999        1.2500000000000000     
 ( 0.31349247834748545     ,  3.9577546422333377E-003) ( 0.32189208923894946     ,  4.1653405654192332E-003)
 ( 0.29661265305633688     ,  3.9499549265872170E-003) (  2.6653765473728887E-008,  3.6360118381088720E-010) (  2.6653765402987756E-008,  3.6360118380983968E-010) (-0.30461141457946106     , -4.1570936824494803E-003)
   5.7019299999999999        1.2500000000000000     
 ( 0.32214300693551529     ,  4.1733393844680762E-003) ( 0.33078193724747229     ,  4.3924652056518375E-003)
 ( 0.30450160333686116     ,  4.1650413502981043E-003) (  2.7363620128827994E-008,  3.8342049290912211E-010) (  2.7363620052139898E-008,  3.8342049287925800E-010) (-0.31272134214696451     , -4.3836876758199901E-003)
   5.7519250000000000        1.2500000000000000     
 ( 0.33095773265362538     ,  4.3987128105169417E-003) ( 0.33984085566668359     ,  4.6299191333356634E-003)
 ( 0.31252744746473160     ,  4.3898852983861722E-003) (  2.8085835255330245E-008,  4.0414036282727724E-010) (  2.8085835172296095E-008,  4.0414036282277029E-010) (-0.32097236342561364     , -4.6205775253430528E-003)
   5.8019200000000000        1.2500000000000000     
 ( 0.33993849645834440     ,  4.6342320891312860E-003) ( 0.34907076533973308     ,  4.8780805081575463E-003)
 ( 0.32069129766369131     ,  4.6248420251292690E-003) (  2.8820513901288777E-008,  4.2579369179880643E-010) (  2.8820513813744533E-008,  4.2579369179176749E-010) (-0.32936564962828452     , -4.8681393240723927E-003)
   5.8519150000000009        1.2500000000000000     
 ( 0.34908707502138703     ,  4.8802641777408303E-003) ( 0.35847348500518356     ,  5.1373374464113311E-003)
 ( 0.32899418396694302     ,  4.8702764627497142E-003) (  2.9567748791601761E-008,  4.4841423840845603E-010) (  2.9567748696726391E-008,  4.4841423840001310E-010) (-0.33790225448824973     , -5.1267590008699715E-003)
   5.9019100000000000        1.2500000000000000     
 ( 0.35840534351640280     ,  5.1371866751049582E-003) ( 0.36805097412836069     ,  5.4080897638770871E-003)
 ( 0.33743722312763519     ,  5.1265640665449771E-003) (  3.0327643864220980E-008,  4.7203677365950797E-010) (  3.0327643761528797E-008,  4.7203677364823030E-010) (-0.34658335944683161     , -5.3968340568139855E-003)
   5.9519050000000000        1.2500000000000000     
 ( 0.36789512179355144     ,  5.4053866687510544E-003) ( 0.37780511151855783     ,  5.6907472562956873E-003)
 ( 0.34602146412505536     ,  5.3940896560286519E-003) (  3.1100294831985905E-008,  4.9669692992824397E-010) (  3.1100294716918438E-008,  4.9669692988748464E-010) (-0.35541005144823951     , -5.6787718374684748E-003)
   6.0019000000000000        1.2500000000000000     
 ( 0.37755825119610864     ,  5.6852625770710246E-003) ( 0.38773780707274857     ,  5.9857317859535724E-003)
 ( 0.35474796043013040     ,  5.6732492521045048E-003) (  3.1885798677656540E-008,  5.2243138291741346E-010) (  3.1885798558286900E-008,  5.2243138289067826E-010) (-0.36438343301524345     , -5.9729916142847138E-003)
   6.0518950000000000        1.2500000000000000     
 ( 0.38739663459087292     ,  5.9772220597630208E-003) ( 0.39785104404339200     ,  6.2934748653616576E-003)
 ( 0.36361781865178555     ,  5.9644479803603106E-003) (  3.2684257952594854E-008,  5.4927763969146869E-010) (  3.2684257827073975E-008,  5.4927763969976427E-010) (-0.37350466890620476     , -6.2799221607955265E-003)
   6.1018900000000000        1.2500000000000000     
 ( 0.39741206598290435     ,  6.2816862556868344E-003) ( 0.40814665949883056     ,  6.6144228748668170E-003)
 ( 0.37263201895105996     ,  6.2681042991973657E-003) (  3.3495761015909712E-008,  5.7727449424553185E-010) (  3.3495760880165158E-008,  5.7727449425042090E-010) (-0.38277476135460464     , -6.6000069602360923E-003)
   6.1518850000000000        1.2500000000000000     
 ( 0.40760645610156720     ,  6.5990841330357420E-003) ( 0.41862665453765885     ,  6.9490297814691158E-003)
 ( 0.38179164431975504     ,  6.5846443494212868E-003) (  3.4320409192096869E-008,  6.0646139039930757E-010) (  3.4320409038629758E-008,  6.0646139036466865E-010) (-0.39219486204129084     , -6.9336969216513712E-003)
   6.2018800000000001        1.2500000000000000     
 ( 0.41798171092237846     ,  6.9298586123167387E-003) ( 0.42929299426607548     ,  7.2977651358452928E-003)
 ( 0.39109775836961447     ,  6.9145080621224415E-003) (  3.5158299464424184E-008,  6.3687912008847398E-010) (  3.5158299306214933E-008,  6.3687912008622023E-010) (-0.40176607211929521     , -7.2814583630794781E-003)
   6.2518750000000001        1.2500000000000000     
 ( 0.42853967826318023     ,  7.2744631013546834E-003) ( 0.44014760737575165     ,  7.6611092281495020E-003)
 ( 0.40055135543251386     ,  7.2581456878048111E-003) (  3.6009524500638641E-008,  6.6856939884650244E-010) (  3.6009524330054974E-008,  6.6856939884040178E-010) (-0.41148944265523019     , -7.6437681596651895E-003)
   6.3018700000000001        1.2500000000000000     
 ( 0.43928228020946597     ,  7.6333621634990375E-003) ( 0.45119247573768057     ,  8.0395544826856388E-003)
 ( 0.41015348805835172     ,  7.6160184596733354E-003) (  3.6874180283930865E-008,  7.0157498759621850E-010) (  3.6874180097894365E-008,  7.0157498758592889E-010) (-0.42136606326424242     , -8.0211151324028149E-003)
   6.3518650000000001        1.2500000000000000     
 ( 0.45021139899895224     ,  8.0070332421782013E-003) ( 0.46242954650197815     ,  8.4336068603074483E-003)
 ( 0.41990515225457009     ,  7.9886003050383941E-003) (  3.7752358290338080E-008,  7.3593981391488798E-010) (  3.7752358087963658E-008,  7.3593981389803376E-010) (-0.43139697117684267     , -8.4140014378961975E-003)
   6.4018600000000001        1.2500000000000000     
 ( 0.46132902162357819     ,  8.3959651248413699E-003) ( 0.47386090815031384     ,  8.8437844853811939E-003)
 ( 0.42980743530618032     ,  8.3763763058806312E-003) (  3.8644161138270903E-008,  7.7170885166410878E-010) (  3.8644160929001063E-008,  7.7170885170066851E-010) (-0.44158333189563698     , -8.8229411890985935E-003)
   6.4518550000000001        1.2500000000000000     
 ( 0.47263699387833846     ,  8.8006598749610903E-003) ( 0.48548843607312531     ,  9.2706197412437980E-003)
 ( 0.43986127023003563     ,  8.7798446125264655E-003) (  3.9549671538743366E-008,  8.0892830275584443E-010) (  3.9549671310189181E-008,  8.0892830273465755E-010) (-0.45192608230507758     , -9.2484625332302714E-003)
   6.5018500000000001        1.2500000000000000     
 ( 0.48413729864222688     ,  9.2216303878503523E-003) ( 0.49731423636236483     ,  9.7146565003746813E-003)
 ( 0.45006771193956557     ,  9.1995140005251223E-003) (  4.0468991121860430E-008,  8.4764535460950597E-010) (  4.0468990879843728E-008,  8.4764535456937500E-010) (-0.46242637513733398     , -9.6911048828924370E-003)
   6.5518450000000001        1.2500000000000000     
 ( 0.49583187979231730     ,  9.6594049504520503E-003) ( 0.50934029166527617     ,  1.0176455014887710E-002)
 ( 0.46042775708041295     ,  9.6359084103005612E-003) (  4.1402209109872958E-008,  8.8790860626869837E-010) (  4.1402208849849176E-008,  8.8790860622357040E-010) (-0.47308522252595675     , -1.0151423782302828E-002)
   6.6018400000000002        1.2500000000000000     
 ( 0.50772264796043520     ,  1.0114521854324912E-002) ( 0.52156859515568255     ,  1.0656586354486266E-002)
 ( 0.47094235531357481     ,  1.0089561556505844E-002) (  4.2349414226093784E-008,  9.2976758168696389E-010) (  4.2349413948190440E-008,  9.2976758170889172E-010) (-0.48390362909411350     , -1.0629985344475575E-002)
   6.6518350000000002        1.2500000000000000     
 ( 0.51981160826588502     ,  1.0587534268149684E-002) ( 0.53400123385965925     ,  1.1155637300149866E-002)
 ( 0.48161254176793317     ,  1.0561021787523816E-002) (  4.3310702668918370E-008,  9.7327315618520546E-010) (  4.3310702366132626E-008,  9.7327315620184089E-010) (-0.49488268539435060     , -1.1127371126616459E-002)
   6.7018300000000002        1.2500000000000000     
 ( 0.53210071025069383     ,  1.1079008716741551E-002) ( 0.54664021876904823     ,  1.1674208960032776E-002)
 ( 0.49243927425440065     ,  1.1050850548550281E-002) (  4.4286162007627369E-008,  1.0184774345017114E-009) (  4.4286161691492921E-008,  1.0184774345473039E-009) (-0.50602338357764187     , -1.1644176735051467E-002)
   6.7518250000000002        1.2500000000000000     
 ( 0.54459192647456023     ,  1.1589525973144575E-002) ( 0.55948761506571221     ,  1.2212918179089292E-002)
 ( 0.50342351630422844     ,  1.1559623267959706E-002) (  4.5275883127178973E-008,  1.0654338728289666E-009) (  4.5275882783599494E-008,  1.0654338727671826E-009) (-0.51732675270020223     , -1.2181013221410297E-002)
   6.8018200000000002        1.2500000000000000     
 ( 0.55728722453370649     ,  1.2119677658530096E-002) ( 0.57254545187918060     ,  1.2772391998979811E-002)
 ( 0.51456621273746916     ,  1.2087925945058298E-002) (  4.6279952418377537E-008,  1.1141967936760480E-009) (  4.6279952050645125E-008,  1.1141967935365411E-009) (-0.52879377144415363     , -1.2738501533852751E-002)
   6.8518150000000002        1.2500000000000000     
 ( 0.57018863688681209     ,  1.2670073239144373E-002) ( 0.58581585548682336     ,  1.3353278091870046E-002)
 ( 0.52586836225268563     ,  1.2636362125743752E-002) (  4.7298463843695416E-008,  1.1648222961030177E-009) (  4.7298463450471394E-008,  1.1648222960648390E-009) (-0.54042550277770962     , -1.3317282926093401E-002)
   6.9018100000000002        1.2500000000000000     
 ( 0.58329814212709497     ,  1.3241335543847221E-002) ( 0.59930087645624730     ,  1.3956237827862272E-002)
 ( 0.53733088305513710     ,  1.3205548417482853E-002) (  4.8331502374497022E-008,  1.2173676492849104E-009) (  4.8331501958661767E-008,  1.2173676493849085E-009) (-0.55222290950078634     , -1.3918012021658283E-002)
   6.9518050000000002        1.2500000000000000     
 ( 0.59661774273366319     ,  1.3834098873900866E-002) ( 0.61300257006537873     ,  1.4581944219146417E-002)
 ( 0.54895471497923731     ,  1.3796112576599321E-002) (  4.9379153064243062E-008,  1.2718911113165146E-009) (  4.9379152615050102E-008,  1.2718911112758513E-009) (-0.56418695237807437     , -1.4541354736639225E-002)
   7.0018000000000011        1.2500000000000000     
 ( 0.61014947456086999     ,  1.4449016437371577E-002) ( 0.62692309713404237     ,  1.5231091654688157E-002)
 ( 0.56074079881968553     ,  1.4408700933895187E-002) (  5.0441507489364551E-008,  1.3284527778477866E-009) (  5.0441507016481310E-008,  1.3284527778012612E-009) (-0.57631866845844770     , -1.5187997997051060E-002)
   7.0517949999999994        1.2500000000000000     
 ( 0.62389536267835155     ,  1.5086755239148399E-002) ( 0.64106453465214264     ,  1.5904388969786867E-002)
 ( 0.57269005687133401     ,  1.5043973262473047E-002) (  5.1518649165253425E-008,  1.3871139763007647E-009) (  5.1518648662610489E-008,  1.3871139763543542E-009) (-0.58861900198965078     , -1.5858642796685737E-002)
   7.1017899999999994        1.2500000000000000     
 ( 0.63785741968855880     ,  1.5747994288854227E-002) ( 0.65542897040022741     ,  1.6602556701615069E-002)
 ( 0.58480338537926291     ,  1.5702600975861056E-002) (  5.2610661130226778E-008,  1.4479370231785772E-009) (  5.2610660593626952E-008,  1.4479370233336899E-009) (-0.60108889048834280     , -1.6554001427340745E-002)
   7.1517849999999994        1.2500000000000000     
 ( 0.65203769591222682     ,  1.6433432792648708E-002) ( 0.67001854789655035     ,  1.7326338203662736E-002)
 ( 0.59708169325908900     ,  1.6385275310709730E-002) (  5.3717629347262944E-008,  1.5109861963504159E-009) (  5.3717628781360291E-008,  1.5109861965091897E-009) (-0.61372930682247495     , -1.7274808595519331E-002)
   7.2017799999999994        1.2500000000000000     
 ( 0.66643826856819444     ,  1.7143783146682891E-002) ( 0.68483541959980754     ,  1.8076491343093054E-002)
 ( 0.60952590674801654     ,  1.7092700280986035E-002) (  5.4839639541769275E-008,  1.5763270042331755E-009) (  5.4839638937974187E-008,  1.5763270043858532E-009) (-0.62654121812351560     , -1.8021813070016636E-002)
   7.2517749999999994        1.2500000000000000     
 ( 0.68106112970290011     ,  1.7879773983651686E-002) ( 0.69988166089458126     ,  1.8853789910887115E-002)
 ( 0.62213684163009608     ,  1.7825595736398133E-002) (  5.5976768655290758E-008,  1.6440263111509714E-009) (  5.5976768002075639E-008,  1.6440263112986616E-009) (-0.63952549386651547     , -1.8795779104174230E-002)
   7.3017699999999994        1.2500000000000000     
 ( 0.69590841222132305     ,  1.8642149295207161E-002) ( 0.71515949180217186     ,  1.9659025026107682E-002)
 ( 0.63491544296643576     ,  1.8584696434138615E-002) (  5.7129104786720610E-008,  1.7141524552369554E-009) (  5.7129104095637261E-008,  1.7141524553881861E-009) (-0.65268312792253136     , -1.9597487793888788E-002)
   7.3517649999999994        1.2500000000000000     
 ( 0.71098217190378921     ,  1.9431671538997865E-002) ( 0.73067105178370528     ,  2.0493007942082770E-002)
 ( 0.64786255748146648     ,  1.9370755157365114E-002) (  5.8296727573336688E-008,  1.7867754940676539E-009) (  5.8296726855761365E-008,  1.7867754942140895E-009) (-0.66601502092617981     , -2.0427739883677885E-002)
   7.4017599999999995        1.2500000000000000     
 ( 0.72628444735131981     ,  2.0249117442807968E-002) ( 0.74641844575930050     ,  2.1356564503010697E-002)
 ( 0.66097900518138830     ,  2.0184538479934164E-002) (  5.9479712463856267E-008,  1.8619667179676660E-009) (  5.9479711690197635E-008,  1.8619667179753189E-009) (-0.67952202078786306     , -2.1287350191872809E-002)
   7.4517549999999995        1.2500000000000000     
 ( 0.74181738655067142     ,  2.1095282244248680E-002) ( 0.76240392728202988     ,  2.2250540736761731E-002)
 ( 0.67426568330754044     ,  2.1026830999219377E-002) (  6.0678145253312369E-008,  1.9397991359863656E-009) (  6.0678144427362138E-008,  1.9397991362595688E-009) (-0.69320509749324710     , -2.2177153182514620E-002)
   7.5017499999999995        1.2500000000000000     
 ( 0.75758300435664894     ,  2.1970977950787448E-002) ( 0.77862957739132033     ,  2.3175800103373986E-002)
 ( 0.68772335281663810     ,  2.1898433558772648E-002) (  6.1892096248587693E-008,  2.0203472347897999E-009) (  6.1892095381655268E-008,  2.0203472350022753E-009) (-0.70706504089057898     , -2.3098000189461555E-002)
   7.5517449999999995        1.2500000000000000     
 ( 0.77358349885845956     ,  2.2877033817624827E-002) ( 0.79509771303734345     ,  2.4133226271797856E-002)
 ( 0.70135293448127090     ,  2.2800163714045918E-002) (  6.3121654155996764E-008,  2.1036872178233423E-009) (  6.3121653224551293E-008,  2.1036872180327699E-009) (-0.72110285196336155     , -2.4050762169055700E-002)
   7.6017399999999995        1.2500000000000000     
 ( 0.78982086868422618     ,  2.3814297530479357E-002) ( 0.81181035506293386     ,  2.5123720395371456E-002)
 ( 0.71515511827331213     ,  2.3732856899277972E-002) (  6.4366879363588689E-008,  2.1898967663576218E-009) (  6.4366878380617660E-008,  2.1898967665828639E-009) (-0.73531920926643313     , -2.5036326953564211E-002)
   7.6517349999999995        1.2500000000000000     
 ( 0.80629730750085971     ,  2.4783629512603395E-002) ( 0.82876983799727078     ,  2.6148198345264974E-002)
 ( 0.72913079322479146     ,  2.4697360708534830E-002) (  6.5627859679716043E-008,  2.2790547958611358E-009) (  6.5627858635363144E-008,  2.2790547960854048E-009) (-0.74971510213509995     , -2.6055596470718020E-002)
   7.7017299999999995        1.2500000000000000     
 ( 0.82301495753201093     ,  2.5785919386395260E-002) ( 0.84597838068694819     ,  2.7207608802792393E-002)
 ( 0.74328076257060549     ,  2.5694551311221066E-002) (  6.6904669929774110E-008,  2.3712430336910265E-009) (  6.6904668820762660E-008,  2.3712430337201574E-009) (-0.76429137260594726     , -2.7109504775571201E-002)
   7.7517249999999995        1.2500000000000000     
 ( 0.83997588202667084     ,  2.6822060559842365E-002) ( 0.86343812362133610     ,  2.8302901333282286E-002)
 ( 0.75760573444215629     ,  2.6725308048141754E-002) (  6.8197376642917739E-008,  2.4665432264694639E-009) (  6.8197375474878099E-008,  2.4665432269248533E-009) (-0.77904876733440709     , -2.8198986134332468E-002)
   7.8017199999999995        1.2500000000000000     
 ( 0.85718223067747823     ,  2.7892978523358401E-002) ( 0.88115130569102806     ,  2.9435062514426305E-002)
 ( 0.77210648864160936     ,  2.7790541666391378E-002) (  6.9506053441157914E-008,  2.5650402962895235E-009) (  6.9506052201661740E-008,  2.5650402967460884E-009) (-0.79398811288698279     , -2.9325011093918468E-002)
   7.8517150000000004        1.2500000000000000     
 ( 0.87463616805713285     ,  2.8999609840206057E-002) ( 0.89912017863625970     ,  3.0605091002233440E-002)
 ( 0.78678379558460809     ,  2.8891173324653231E-002) (  7.0830773217759907E-008,  2.6668201595198262E-009) (  7.0830771909738410E-008,  2.6668201599797816E-009) (-0.80911022891737083     , -3.0488561546208791E-002)
   7.9017100000000005        1.2500000000000000     
 ( 0.89233979156850896     ,  3.0142909968844504E-002) ( 0.91734691921521483     ,  3.1814003072953123E-002)
 ( 0.80163833814546781     ,  3.0028142348531735E-002) (  7.2171600163049499E-008,  2.7719702061775444E-009) (  7.2171598775609690E-008,  2.7719702070857155E-009) (-0.82441583504563853     , -3.1690636218467350E-002)
   7.9517050000000005        1.2500000000000000     
 ( 0.91029533884323177     ,  3.1323858537547725E-002) ( 0.93583388493920616     ,  3.3062843803170948E-002)
 ( 0.81667093384899536     ,  3.1202411494444519E-002) (  7.3528614028093249E-008,  2.8805802767495107E-009) (  7.3528612570988435E-008,  2.8805802772384861E-009) (-0.83990582669841829     , -3.2932261826594464E-002)
   8.0016999999999996        1.2500000000000000     
 ( 0.92850488634938022     ,  3.2543450403012299E-002) ( 0.95458319094694521     ,  3.4352673174070529E-002)
 ( 0.83188219886399983     ,  3.2414957977729690E-002) (  7.4901869507161102E-008,  2.9927414433374094E-009) (  7.4901867967491950E-008,  2.9927414442967177E-009) (-0.85558081380590545     , -3.4214479154531116E-002)
   8.0516949999999987        1.2500000000000000     
 ( 0.94697067868434559     ,  3.3802701695496276E-002) ( 0.97359722249584957     ,  3.5684574479393279E-002)
 ( 0.84727290854931803     ,  3.3666779469918064E-002) (  7.6291444499206875E-008,  3.1085467410316985E-009) (  7.6291442867899902E-008,  3.1085467422533106E-009) (-0.87144167244736348     , -3.5538351396613072E-002)
   8.1016899999999996        1.2500000000000000     
 ( 0.96569478765397598     ,  3.5102649217778982E-002) ( 0.99287811225642653     ,  3.7059654312464538E-002)
 ( 0.86284364851016049     ,  3.4958893522634246E-002) (  7.7697392781995643E-008,  3.2280911698071166E-009) (  7.7697391067844970E-008,  3.2280911709285758E-009) (-0.88748900035324185     , -3.6904964191646045E-002)
   8.1516849999999987        1.2500000000000000     
 ( 0.98467943755951715     ,  3.6444348191862749E-002) (  1.0124281841855565     ,  3.8479037074342554E-002)
 ( 0.87859512768311898     ,  3.6292335190619023E-002) (  7.9119782798299581E-008,  3.3514712017457889E-009) (  7.9119780964110959E-008,  3.3514712028831031E-009) (-0.90372356409804355     , -3.8315419979651107E-002)
   8.2016799999999996        1.2500000000000000     
 (  1.0039268816973004     ,  3.7828875212619940E-002) (  1.0322497732500437     ,  3.9943870570292556E-002)
 ( 0.89452806945626595     ,  3.7668160013433025E-002) (  8.0558682238008236E-008,  3.4787852727271656E-009) (  8.0558680306796026E-008,  3.4787852739188306E-009) (-0.92014612052060063     , -3.9770843634825463E-002)
   8.2516749999999988        1.2500000000000000     
 (  1.0234391903589601     ,  3.9257329728720688E-002) (  1.0523450518433830     ,  4.1455328761933405E-002)
 ( 0.91064298758900741     ,  3.9087445478651762E-002) (  8.2014142322456345E-008,  3.6101340218819640E-009) (  8.2014140280134827E-008,  3.6101340230949880E-009) (-0.93675723915827780     , -4.1272385190645890E-002)
   8.3016699999999997        1.2500000000000000     
 (  1.0432186885022308     ,  4.0730831244835820E-002) (  1.0727164680106283     ,  4.3014606353344004E-002)
 ( 0.92694063597512866     ,  4.0551288127156103E-002) (  8.3486237178051246E-008,  3.7456198117024050E-009) (  8.3486235018576335E-008,  3.7456198129414910E-009) (-0.95355774939705040     , -4.2821214336935781E-002)
   8.3516649999999988        1.2500000000000000     
 (  1.0632673910036414     ,  4.2250517090941818E-002) (  1.0933660353610126     ,  4.4622915973142968E-002)
 ( 0.94342144312466925     ,  4.2060801290864459E-002) (  8.4975001471971267E-008,  3.8853464728995350E-009) (  8.4974999189929074E-008,  3.8853464740174448E-009) (-0.97054802993401823     , -4.4418517549279002E-002)
   8.4016599999999997        1.2500000000000000     
 (  1.0835876809292124     ,  4.3817549079059714E-002) (  1.1142963222471325     ,  4.6281499312800775E-002)
 ( 0.96008616298667049     ,  4.3617121783776427E-002) (  8.6480514604507287E-008,  4.0294202870610564E-009) (  8.6480512193405357E-008,  4.0294202892519328E-009) (-0.98772897323171405     , -4.6065509280183367E-002)
   8.4516549999999988        1.2500000000000000     
 (  1.1041816284142336     ,  4.5433108277092120E-002) (  1.1355094620161739     ,  4.7991616119412918E-002)
 ( 0.97693522953740197     ,  4.5221404563489373E-002) (  8.8002817329754964E-008,  4.1779490107959442E-009) (  8.8002814802353995E-008,  4.1779490130238633E-009) ( -1.0051010239001170     , -4.7763420799727188E-002)
   8.5016499999999997        1.2500000000000000     
 (  1.1250514875841853     ,  4.7098407986612530E-002) (  1.1570077712534599     ,  4.9754563636095137E-002)
 ( 0.99396925019238480     ,  4.6874835685809794E-002) (  8.9541965237723662E-008,  4.3310435752637692E-009) (  8.9541962564977517E-008,  4.3310435775714343E-009) ( -1.0226648008395776     , -4.9513519656457103E-002)
   8.5516450000000006        1.2500000000000000     
 (  1.1461994931387698     ,  4.8814667604128059E-002) (  1.1787935888406347     ,  5.1571643296922251E-002)
 (  1.0111887711025471     ,  4.8578606091125402E-002) (  9.1098012495044399E-008,  4.4888151653226791E-009) (  9.1098009692131935E-008,  4.4888151671429281E-009) ( -1.0404209028436966     , -5.1317076250419182E-002)
   8.6016399999999980        1.2500000000000000     
 (  1.1676278483302369     ,  5.0583136518652067E-002) (  1.2008692653649162     ,  5.3444188591084317E-002)
 (  1.0285942905872165     ,  5.0333935554340944E-002) (  9.2671012462833732E-008,  4.6513776612369047E-009) (  9.2671009505713056E-008,  4.6513776631102810E-009) ( -1.0583699226797767     , -5.3175391777549555E-002)
   8.6516349999999989        1.2500000000000000     
 (  1.1893388040594857     ,  5.2405093043726654E-002) (  1.2232370740757976     ,  5.5373567857775668E-002)
 (  1.0461863354246910     ,  5.2142071464777555E-002) (  9.4261010277138562E-008,  4.8188478699882879E-009) (  9.4261007171921720E-008,  4.8188478719978372E-009) ( -1.0765123544878064     , -5.5089800836668798E-002)
   8.7016299999999980        1.2500000000000000     
 (  1.2113345016503227     ,  5.4281830646828629E-002) (  1.2458993035007586     ,  5.7361162084490908E-002)
 (  1.0639652955699823     ,  5.4004275074675728E-002) (  9.5868049833179221E-008,  4.9913435830549762E-009) (  9.5868046558832280E-008,  4.9913435851385457E-009) ( -1.0948486825674275     , -5.7061649258715444E-002)
   8.7516249999999989        1.2500000000000000     
 (  1.2336172800659202     ,  5.6214664661874469E-002) (  1.2688583348872251     ,  5.9408376144981546E-002)
 (  1.0819317519082567     ,  5.5921828115826307E-002) (  9.7492182878494036E-008,  5.1689845547590752E-009) (  9.7492179445079972E-008,  5.1689845577729747E-009) ( -1.1133794774422097     , -5.9092305257457733E-002)
   8.8016199999999980        1.2500000000000000     
 (  1.2561892449881633     ,  5.8204940031787444E-002) (  1.2921164039894304     ,  6.1516649828024655E-002)
 (  1.1000860004349424     ,  5.7896040545197841E-002) (  9.9133443241846261E-008,  5.3518934621636227E-009) (  9.9133439623329940E-008,  5.3518934653388060E-009) ( -1.1321051042568995     , -6.1183170428253289E-002)
   8.8516149999999989        1.2500000000000000     
 (  1.2790526972525715     ,  6.0254020670967842E-002) (  1.3156759192678193     ,  6.3687441330900735E-002)
 (  1.1184285416951787     ,  5.9928239771164911E-002) (  1.0079188086605935E-007,  5.5401944528020969E-009) (  1.0079187705375414E-007,  5.5401944560734416E-009) ( -1.1510261143158855     , -6.3335663135880516E-002)
   8.9016099999999980        1.2500000000000000     
 (  1.3022099147202097     ,  6.2363297960286952E-002) (  1.3395392245867404     ,  6.5922238399451244E-002)
 (  1.1369598098202980     ,  6.2019779201824547E-002) (  1.0246753643139822E-007,  5.7340141193541782E-009) (  1.0246753242999476E-007,  5.7340141225082386E-009) ( -1.1701429490326676     , -6.5551229632911420E-002)
   8.9516049999999989        1.2500000000000000     
 (  1.3256630118592443     ,  6.4534186538858021E-002) (  1.3637085002175426     ,  6.8222552751918492E-002)
 (  1.1556800496045838     ,  6.4172033891598451E-002) (  1.0416043382209201E-007,  5.9334810019322728E-009) (  1.0416042960886485E-007,  5.9334810072110698E-009) ( -1.1894558621244558     , -6.7831338421892498E-002)
   9.0015999999999980        1.2500000000000000     
 (  1.3494143637781124     ,  6.6768114264596598E-002) (  1.3881862969927488     ,  7.0589914664495781E-002)
 (  1.1745897493080315     ,  6.6386390471969259E-002) (  1.0587062727185577E-007,  6.1387251155455887E-009) (  1.0587062286567188E-007,  6.1387251190175519E-009) ( -1.2089654499041946     , -7.0177474749468491E-002)
   9.0515949999999989        1.2500000000000000     
 (  1.3734660639906064     ,  6.9066556486088185E-002) (  1.4129747273596058     ,  7.3025900714109068E-002)
 (  1.1936890900377524     ,  6.8664281453605869E-002) (  1.0759813188431061E-007,  6.3498803661690737E-009) (  1.0759812726429690E-007,  6.3498803706435037E-009) ( -1.2286718637504492     , -7.2591168373974918E-002)
   9.1015899999999981        1.2500000000000000     
 (  1.3978204664588727     ,  7.1430992079756769E-002) (  1.4380762808521301     ,  7.5532095038077826E-002)
 (  1.2129784921435041     ,  7.1007140971471788E-002) (  1.0934299226112870E-007,  6.5670811499350527E-009) (  1.0934298740033512E-007,  6.5670811557905525E-009) ( -1.2485755904607065     , -7.5073954565729795E-002)
   9.1515849999999990        1.2500000000000000     
 (  1.4224797984751991     ,  7.3862938052311297E-002) (  1.4634932766981079     ,  7.8110122620132727E-002)
 (  1.2324582404517261     ,  7.3416439641659517E-002) (  1.1110523758764970E-007,  6.7904652807919755E-009) (  1.1110523246690916E-007,  6.7904652857455565E-009) ( -1.2686769368750175     , -7.7627407571115803E-002)
   9.2015799999999981        1.2500000000000000     
 (  1.4474462346102199     ,  7.6363927138258375E-002) (  1.4892279750645501     ,  8.0761621665313088E-002)
 (  1.2521284930583478     ,  7.5893661745986427E-002) (  1.1288488622671936E-007,  7.0201715363619451E-009) (  1.1288488086997787E-007,  7.0201715432091824E-009) ( -1.2889760937328703     , -8.0253112674673083E-002)
   9.2515749999999990        1.2500000000000000     
 (  1.4727220485476105     ,  7.8935519546636079E-002) (  1.5152827225411367     ,  8.3488265865168387E-002)
 (  1.2719895348898016     ,  7.8440317227628717E-002) (  1.1468196547596965E-007,  7.2563416292165448E-009) (  1.1468195984617732E-007,  7.2563416364269210E-009) ( -1.3094733469758495     , -8.2952688559099874E-002)
   9.3015699999999981        1.2500000000000000     
 (  1.4983094743203698     ,  8.1579312031679646E-002) (  1.5416598889175639     ,  8.6291764234866355E-002)
 (  1.2920415671169452     ,  8.1057950487096755E-002) (  1.1649650107298613E-007,  7.4991201667746927E-009) (  1.1649649517360923E-007,  7.4991201742168350E-009) ( -1.3301689626843540     , -8.5727787014198878E-002)
   9.3515649999999990        1.2500000000000000     
 (  1.5242108085360464     ,  8.4296907929560627E-002) (  1.5683618568145410     ,  8.9173833874508418E-002)
 (  1.3122848166533896     ,  8.3748110422576391E-002) (  1.1832851729565678E-007,  7.7486522692642271E-009) (  1.1832851108886841E-007,  7.7486522769561498E-009) ( -1.3510631979773162     , -8.8580065603994465E-002)
   9.4015599999999999        1.2500000000000000     
 (  1.5504282166381584     ,  8.7089956019005266E-002) (  1.5953908498523937     ,  9.2136243949989954E-002)
 (  1.3327193706820482     ,  8.6512389242151461E-002) (  1.2017802207603170E-007,  8.0050874106959922E-009) (  1.2017801559473882E-007,  8.0050874192186293E-009) ( -1.3721561162515061     , -9.1511231551387684E-002)
   9.4515549999999990        1.2500000000000000     
 (  1.5769639146317287     ,  8.9960116894076875E-002) (  1.6227491950704738     ,  9.5180771665662217E-002)
 (  1.3533453245025446     ,  8.9352388637117738E-002) (  1.2204503028218112E-007,  8.2685755556533202E-009) (  1.2204502347634119E-007,  8.2685755646277021E-009) ( -1.3934478585701158     , -9.4522997658639682E-002)
   9.5015499999999999        1.2500000000000000     
 (  1.6038202798101697     ,  9.2909075794142038E-002) (  1.6504394048273305     ,  9.8309224308227125E-002)
 (  1.3741629280253007     ,  9.2269732743621991E-002) (  1.2392957169339303E-007,  8.5392690873943988E-009) (  1.2392956455075533E-007,  8.5392690968379889E-009) ( -1.4149387432951843     , -9.7617104275582872E-002)
   9.5515449999999991        1.2500000000000000     
 (  1.6309993745960820     ,  9.5938562339325337E-002) (  1.6784635760989695     , 0.10152345627873742     )
 (  1.3951720706121815     ,  9.5266087545903919E-002) (  1.2583163525378072E-007,  8.8173242821913205E-009) (  1.2583162779540439E-007,  8.8173242926786968E-009) ( -1.4366286142757472     ,-0.10079533621603168     )
   9.6015400000000000        1.2500000000000000     
 (  1.6585035396980925     ,  9.9050321123903148E-002) (  1.7068241669393920     , 0.10482534107624329     )
 (  1.4163729079948613     ,  9.8343131620875907E-002) (  1.2775124086176670E-007,  9.1028988544865140E-009) (  1.2775123306497332E-007,  9.1028988676747045E-009) ( -1.4585176705340719     ,-0.10405949460794177     )
   9.6515349999999991        1.2500000000000000     
 (  1.6863350226693699     , 0.10224611685081435     ) (  1.7355235579832333     , 0.10821676591300683     )
 (  1.4377654754290572     , 0.10150256103479106     ) (  1.2968839996063320E-007,  9.3961514844771953E-009) (  1.2968839178094040E-007,  9.3961514999309905E-009) ( -1.4806060153681817     ,-0.10741139154936108     )
   9.7015300000000000        1.2500000000000000     
 (  1.7144960170286698     , 0.10552775671845945     ) (  1.7645639814224208     , 0.11169967639696200     )
 (  1.4593497175817836     , 0.10474611162193703     ) (  1.3164310597296599E-007,  9.6972457022632403E-009) (  1.3164309737628818E-007,  9.6972457158546697E-009) ( -1.5028935463756823     ,-0.11085289445092145     )
   9.7515249999999991        1.2500000000000000     
 (  1.7429886727727462     , 0.10889705231361051     ) (  1.7939476855506873     , 0.11527600963917045     )
 (  1.4811255032985053     , 0.10807552097553338     ) (  1.3361535196533618E-007,  1.0006344040921956E-008) (  1.3361534301933511E-007,  1.0006344056717976E-008) ( -1.5253801518352830     ,-0.11438585935312399     )
   9.8015200000000000        1.2500000000000000     
 (  1.7718152964767269     , 0.11235587872764484     ) (  1.8236770941980274     , 0.11894778341312941     )
 (  1.5030928565319139     , 0.11149258730242582     ) (  1.3560514622353533E-007,  1.0323615831355087E-008) (  1.3560513684631434E-007,  1.0323615847967158E-008) ( -1.5480658998466867     ,-0.11801221974210523     )
   9.8515149999999991        1.2500000000000000     
 (  1.8009779609417778     , 0.11590609223426507     ) (  1.8537543124145262     , 0.12271698513957655     )
 (  1.5252515008136640     , 0.11499908698386820     ) (  1.3761246355807731E-007,  1.0649227464922643E-008) (  1.3761245373272813E-007,  1.0649227479821948E-008) ( -1.5709504728670989     ,-0.12173387550687280     )
   9.9015100000000000        1.2500000000000000     
 (  1.8304791376456755     , 0.11954962494270605     ) (  1.8841819845086423     , 0.12658569404583137     )
 (  1.5476015786557764     , 0.11859686930401744     ) (  1.3963732595528491E-007,  1.0983353080582251E-008) (  1.3963731568985717E-007,  1.0983353097812314E-008) ( -1.5940340836950764     ,-0.12555281500763349     )
   9.9515049999999992        1.2500000000000000     
 (  1.8603208992008597     , 0.12328839888001007     ) (  1.9149622357495568     , 0.13055597020277313     )
 (  1.5701427693819230     , 0.12228777008528875     ) (  1.4167970609493987E-007,  1.1326164841486411E-008) (  1.4167969538028525E-007,  1.1326164859691738E-008) ( -1.6173163961128476     ,-0.12947100383448493     )
   10.001500000000000        1.2500000000000000     
 (  1.8905053208074112     , 0.12712437294639206     ) (  1.9460972207952087     , 0.13462992138008911     )
 (  1.5928747246760393     , 0.12607365903802747     ) (  1.4373957592428310E-007,  1.1677838793514927E-008) (  1.4373956470758109E-007,  1.1677838816739879E-008) ( -1.6407970568092658     ,-0.13349045193054782     )
   10.051494999999999        1.2500000000000000     
 (  1.9210347889449795     , 0.13105955594410834     ) (  1.9775894534953109     , 0.13880970274222887     )
 (  1.6157974044551464     , 0.12995645233805292     ) (  1.4581693827912989E-007,  1.2038554814023572E-008) (  1.4581692656331488E-007,  1.2038554838028705E-008) ( -1.6644760607380058     ,-0.13761321275739069     )
   10.101490000000000        1.2500000000000000     
 (  1.9519113202096010     , 0.13509595730705240     ) (  2.0094409433569207     , 0.14309747315925636     )
 (  1.6389103311854709     , 0.13393806324574500     ) (  1.4791174630213357E-007,  1.2408492767054487E-008) (  1.4791173406939553E-007,  1.2408492789610894E-008) ( -1.6883528470681086     ,-0.14184133969768289     )
   10.151484999999999        1.2500000000000000     
 (  1.9831372500622564     , 0.13923562028852079     ) (  2.0416542408238261     , 0.14749542795819329     )
 (  1.6622133599532671     , 0.13802043518782509     ) (  1.5002400102911353E-007,  1.2787835363160963E-008) (  1.5002398830138134E-007,  1.2787835390342733E-008) ( -1.7124273840142956     ,-0.14617691848015713     )
   10.201479999999998        1.2500000000000000     
 (  2.0147147967987422     , 0.14348064154739340     ) (  2.0742315590949558     , 0.15200582156457876     )
 (  1.6857061721445801     , 0.14220556145103116     ) (  1.5215366970402011E-007,  1.3176770161043141E-008) (  1.5215365635054400E-007,  1.3176770190605760E-008) ( -1.7366992670368344     ,-0.15062209003233257     )
   10.251474999999999        1.2500000000000000     
 (  2.0466458831234915     , 0.14783309904111741     ) (  2.1071749532219322     , 0.15663088988039428     )
 (  1.7093881435806479     , 0.14649541258788179     ) (  1.5430070360976055E-007,  1.3575482715841107E-008) (  1.5430068971870807E-007,  1.3575482746456491E-008) ( -1.7611679033953946     ,-0.15517897233955635     )
   10.301469999999998        1.2500000000000000     
 (  2.0789329938911845     , 0.15229514895864557     ) (  2.1404870296516059     , 0.16137294996154963     )
 (  1.7332591542580202     , 0.15089203373256524     ) (  1.5646509863411248E-007,  1.3984165339163848E-008) (  1.5646508407153469E-007,  1.3984165371206274E-008) ( -1.7858332107184265     ,-0.15984976041756011     )
   10.351464999999999        1.2500000000000000     
 (  2.1115779073262311     , 0.15686894273557450     ) (  2.1741695309862936     , 0.16623431174131270     )
 (  1.7573183531878196     , 0.15539746081959216     ) (  1.5864677152529793E-007,  1.4403009309817183E-008) (  1.5864675639175231E-007,  1.4403009346799716E-008) ( -1.8106942029351105     ,-0.16463663733567752     )
   10.401459999999998        1.2500000000000000     
 (  2.1445830531941836     , 0.16155666915945344     ) (  2.2082250929369449     , 0.17121733350399085     )
 (  1.7815655163387374     , 0.16001376308386067     ) (  1.6084571694705987E-007,  1.4832209747602455E-008) (  1.6084570112849679E-007,  1.4832209786165522E-008) ( -1.8357507798806685     ,-0.16954182993851291     )
   10.451454999999999        1.2500000000000000     
 (  2.1779504109969983     , 0.16636054555209251     ) (  2.2426556667735098     , 0.17632439943552794     )
 (  1.8059999543005607     , 0.16474303382882349     ) (  1.6306186510996975E-007,  1.5271963636458377E-008) (  1.6306184861750389E-007,  1.5271963676734287E-008) ( -1.8610021053856716     ,-0.17456758616279502     )
   10.501449999999998        1.2500000000000000     
 (  2.2116822649780179     , 0.17128282949790352     ) (  2.2774637547194896     , 0.18155794249179610     )
 (  1.8306212368959454     , 0.16958740241151080     ) (  1.6529519230800003E-007,  1.5722471812336871E-008) (  1.6529517507672970E-007,  1.5722471857528332E-008) ( -1.8864478647587930     ,-0.17971619788877660     )
   10.551444999999999        1.2500000000000000     
 (  2.2457804572328315     , 0.17632579293117762     ) (  2.3126511506003142     , 0.18692039964083337     )
 (  1.8554284642783030     , 0.17454900727732367     ) (  1.6754561137607490E-007,  1.6183934996185960E-008) (  1.6754559347022345E-007,  1.6183935041825693E-008) ( -1.9120870294859014     ,-0.18498995533052923     )
   10.601439999999998        1.2500000000000000     
 (  2.2802473593577459     , 0.18149173763408499     ) (  2.3482204107265772     , 0.19241425650005173     )
 (  1.8804212075381155     , 0.17963001255196337     ) (  1.6981309453630681E-007,  1.6656557751429536E-008) (  1.6981307579888497E-007,  1.6656557802789001E-008) ( -1.9379192387831263     ,-0.19039119267681978     )
   10.651434999999999        1.2500000000000000     
 (  2.3150849890409932     , 0.18678300215973018     ) (  2.3841735568146589     , 0.19804202534461948     )
 (  1.9055986692877469     , 0.18483261387057362     ) (  1.7209756705662797E-007,  1.7140546489764712E-008) (  1.7209754753118991E-007,  1.7140546548216712E-008) ( -1.9639435997568540     ,-0.19592226489603334     )
   10.701429999999998        1.2500000000000000     
 (  2.3502953235296942     , 0.19220195780289454     ) (  2.4205126190400765     , 0.20380626726578560     )
 (  1.9309600079182394     , 0.19015903457747294     ) (  1.7439895427171519E-007,  1.7636111426001707E-008) (  1.7439893398165602E-007,  1.7636111485246252E-008) ( -1.9901592133872570     ,-0.20158557013588424     )
   10.751424999999999        1.2500000000000000     
 (  2.3858806119800100     , 0.19775097649182719     ) (  2.4572400281025333     , 0.20970952602157109     )
 (  1.9565045704780863     , 0.19561149299782368     ) (  1.7671720895541062E-007,  1.8143460737257279E-008) (  1.7671718777850163E-007,  1.8143460799223916E-008) ( -2.0165654989789110     ,-0.20738348333909890     )
   10.801419999999998        1.2500000000000000     
 (  2.4218426119611620     , 0.20343248224005472     ) (  2.4943575030482155     , 0.21575441625328118     )
 (  1.9822312029507414     , 0.20119225470122937     ) (  1.7905222166961196E-007,  1.8662808327981707E-008) (  1.7905219961125591E-007,  1.8662808396223859E-008) ( -2.0431611624772024     ,-0.21331844435919267     )
   10.851414999999999        1.2500000000000000     
 (  2.4581837679787704     , 0.20924894301035143     ) (  2.5318676732298906     , 0.22194360230623120     )
 (  2.0081394179566376     , 0.20690362305257587     ) (  1.8140395932373799E-007,  1.9194371894023065E-008) (  1.8140393640337221E-007,  1.9194371963532339E-008) ( -2.0699457830633134     ,-0.21939293640187954     )
   10.901409999999998        1.2500000000000000     
 (  2.4949057026727925     , 0.21520281932000149     ) (  2.5697721371291431     , 0.22827973084479961     )
 (  2.0342278458245202     , 0.21274788828168212     ) (  1.8377229362583105E-007,  1.9738367044113339E-008) (  1.8377226971707224E-007,  1.9738367116263162E-008) ( -2.0969178437935332     ,-0.22560941852111974     )
   10.951404999999999        1.2500000000000000     
 (  2.5320107598582697     , 0.22129661274507287     ) (  2.6080733756582850     , 0.23476549812863362     )
 (  2.0604958318776014     , 0.21872737616638027     ) (  1.8615717383518993E-007,  2.0295013204037378E-008) (  1.8615714894404241E-007,  2.0295013286984995E-008) ( -2.1240767228112007     ,-0.23197039307085368     )
   11.001399999999999        1.2500000000000000     
 (  2.5695007058258295     , 0.22753288887504278     ) (  2.6467732037750724     , 0.24140367256693013     )
 (  2.0869420555651979     , 0.22484446940141078     ) (  1.8855848331526748E-007,  2.0864535473329835E-008) (  1.8855845741630132E-007,  2.0864535559812879E-008) ( -2.1514210415414134     ,-0.23847842706680542     )
   11.051394999999999        1.2500000000000000     
 (  2.6073776817901133     , 0.23391418075735504     ) (  2.6858737903741439     , 0.24819698277015695     )
 (  2.1135656147472122     , 0.23110151274961926     ) (  1.9097613822404937E-007,  2.1447154932651146E-008) (  1.9097611126714470E-007,  2.1447155018379129E-008) ( -2.1789497912807216     ,-0.24513604119931151     )
   11.101389999999999        1.2500000000000000     
 (  2.6456435824785207     , 0.24044308834410033     ) (  2.7253771725103118     , 0.25514823006903575     )
 (  2.1403652507588755     , 0.23750091031216738     ) (  1.9341003436693052E-007,  2.2043098333257330E-008) (  1.9341000632499146E-007,  2.2043098433799906E-008) ( -2.2066617317873964     ,-0.25194582107573354     )
   11.151384999999999        1.2500000000000000     
 (  2.6843002889563903     , 0.24712223072204409     ) (  2.7652852039969189     , 0.26226024329126202     )
 (  2.1673396988534437     , 0.24404507951251075     ) (  1.9586005320425717E-007,  2.2652594290492584E-008) (  1.9586002398294069E-007,  2.2652594397454415E-008) ( -2.2345554604037683     ,-0.25891037284061308     )
   11.201379999999999        1.2500000000000000     
 (  2.7233499255758780     , 0.25395425964896601     ) (  2.8056001286866734     , 0.26953587916062288     )
 (  2.1944879153943937     , 0.25073646255087823     ) (  1.9832610523258988E-007,  2.3275873122965896E-008) (  1.9832607491732607E-007,  2.3275873227637751E-008) ( -2.2626298971706840     ,-0.26603232198637183     )
   11.251374999999999        1.2500000000000000     
 (  2.7627943216392272     , 0.26094186879744852     ) (  2.8463238610459722     , 0.27697804475493643     )
 (  2.2218084466634385     , 0.25757753678709627     ) (  2.0080806589119066E-007,  2.3913168899642744E-008) (  2.0080803431852859E-007,  2.3913169022667467E-008) ( -2.2908835806329999     ,-0.27331433679971545     )
   11.301369999999999        1.2500000000000000     
 (  2.8026352269397390     , 0.26808773470312974     ) (  2.8874581388773120     , 0.28458963057234021     )
 (  2.2492998066255545     , 0.26457075522544787     ) (  2.0330579776938632E-007,  2.4564713606270548E-008) (  2.0330576502020272E-007,  2.4564713733674902E-008) ( -2.3193148763874656     ,-0.28075906094142844     )
   11.351364999999999        1.2500000000000000     
 (  2.8428747018983800     , 0.27539458421205693     ) (  2.9290050959129452     , 0.29237357832884425     )
 (  2.2769607532331317     , 0.27171861307645317     ) (  2.0581919016973791E-007,  2.5230742910481704E-008) (  2.0581915606703335E-007,  2.5230743039208917E-008) ( -2.3479224649611563     ,-0.28836918027068148     )
   11.401359999999999        1.2500000000000000     
 (  2.8835145651636598     , 0.28286521081205523     ) (  2.9709666951543681     , 0.30033290194023765     )
 (  2.3047897624249511     , 0.27902366434433373     ) (  2.0834811612015539E-007,  2.5911498074413624E-008) (  2.0834808061680233E-007,  2.5911498211528091E-008) ( -2.3767048459825788     ,-0.29614744406526577     )
   11.451355000000000        1.2500000000000000     
 (  2.9245565665263125     , 0.29050236975370491     ) (  3.0133445892402340     , 0.30847057762150915     )
 (  2.3327851735567080     , 0.28648841665077623     ) (  2.1089241464162650E-007,  2.6607216314179810E-008) (  2.1089237782391517E-007,  2.6607216460048704E-008) ( -2.4056601222441492     ,-0.30409655488752291     )
   11.501349999999999        1.2500000000000000     
 (  2.9660027374540774     , 0.29830890555507200     ) (  3.0561409624168778     , 0.31678967714694395     )
 (  2.3609456100394990     , 0.29411545851236975     ) (  2.1345197166239922E-007,  2.7318142407164101E-008) (  2.1345193334715973E-007,  2.7318142567929231E-008) ( -2.4347869322425710     ,-0.31221930160835792     )
   11.551345000000000        1.2500000000000000     
 (  3.0078547313877624     , 0.30628763471747977     ) (  3.0993574917252262     , 0.32529323414739403     )
 (  2.3892692617734279     , 0.30190734221152216     ) (  2.1602662450448231E-007,  2.8044517037194906E-008) (  2.1602658477343484E-007,  2.8044517211989079E-008) ( -2.4640833621373210     ,-0.32051842553124787     )
   11.601339999999999        1.2500000000000000     
 (  3.0501141822143594     , 0.31444142562491817     ) (  3.1429958550573258     , 0.33398435639771351     )
 (  2.4177543346461481     , 0.30986666197802476     ) (  2.1861621065179386E-007,  2.8786586411127868E-008) (  2.1861616937339669E-007,  2.8786586591076378E-008) ( -2.4935474901533357     ,-0.32899673096303911     )
   11.651335000000000        1.2500000000000000     
 (  3.0927831984431018     , 0.32277320305054014     ) (  3.1870581848202439     , 0.34286620267255291     )
 (  2.4463992796247909     , 0.31799605986702406     ) (  2.2122059036255645E-007,  2.9544600448012328E-008) (  2.2122054750441025E-007,  2.9544600642827656E-008) ( -2.5231776595556639     ,-0.33765706420059333     )
   11.701330000000000        1.2500000000000000     
 (  3.1358632319251880     , 0.33128584141795214     ) (  3.2315460088620340     , 0.35194187224512152     )
 (  2.4752020557255978     , 0.32629811850402118     ) (  2.2383958409218611E-007,  3.0318802987090492E-008) (  2.2383953964916877E-007,  3.0318803189195921E-008) ( -2.5529717581750542     ,-0.34650220131313714     )
   11.751324999999998        1.2500000000000000     
 (  3.1793561701492896     , 0.33998233426932051     ) (  3.2764612993300597     , 0.36121460539222089     )
 (  2.5041608968612872     , 0.33477552877064221     ) (  2.2647303607439270E-007,  3.1109449164034857E-008) (  2.2647298985077779E-007,  3.1109449383109295E-008) ( -2.5829279384475941     ,-0.35553504756816495     )
   11.801319999999999        1.2500000000000000     
 (  3.2232635504069971     , 0.34886561421512746     ) (  3.3218054913983130     , 0.37068756093827748     )
 (  2.5332736497030348     , 0.34343091098780432     ) (  2.2912074229817227E-007,  3.1916786123713998E-008) (  2.2912069432528183E-007,  3.1916786357772680E-008) ( -2.6130438192584364     ,-0.36475841596180780     )
   11.851314999999998        1.2500000000000000     
 (  3.2675872224454841     , 0.35793871701635727     ) (  3.3675805589397521     , 0.38036403870754931     )
 (  2.5625385176120088     , 0.35226697910527333     ) (  2.3178254859873504E-007,  3.2741072425702346E-008) (  2.3178249892306303E-007,  3.2741072684450576E-008) ( -2.6433175592427327     ,-0.37417524959711473     )
   11.901309999999999        1.2500000000000000     
 (  3.3123286807329366     , 0.36720463375872797     ) (  3.4137880104989815     , 0.39024725754874801     )
 (  2.5919532258902662     , 0.36128639038592858     ) (  2.3445824653371992E-007,  3.3582558457884023E-008) (  2.3445819490999514E-007,  3.3582558730310148E-008) ( -2.6737467163361335     ,-0.38378839745303883     )
   11.951304999999998        1.2500000000000000     
 (  3.3574897126121934     , 0.37666640756617475     ) (  3.4604296915290522     , 0.40034051089860934     )
 (  2.6215157637531918     , 0.37049184390080020     ) (  2.3714766080145401E-007,  3.4441500151977025E-008) (  2.3714760731194345E-007,  3.4441500422902002E-008) ( -2.7043292145678626     ,-0.39360077166817709     )
   12.001299999999999        1.2500000000000000     
 (  3.4030714094930503     , 0.38632716862222832     ) (  3.5075066223479436     , 0.41064719014012863     )
 (  2.6512233685682132     , 0.37988611403021122     ) (  2.3985053335548718E-007,  3.5318160880445509E-008) (  2.3985047790066845E-007,  3.5318161181111917E-008) ( -2.7350620423447269     ,-0.40361536877067106     )
   12.051294999999998        1.2500000000000000     
 (  3.4490761828930094     , 0.39618994060963736     ) (  3.5550213920354068     , 0.42117056059581748     )
 (  2.6810746664803360     , 0.38947185751190061     ) (  2.4256675006502523E-007,  3.6212791987688708E-008) (  2.4256669245877634E-007,  3.6212792300619644E-008) ( -2.7659438150593356     ,-0.41383504704894936     )
   12.101289999999999        1.2500000000000000     
 (  3.4955047133463295     , 0.40625788445385136     ) (  3.6029745455338875     , 0.43191403027001546     )
 (  2.7110663232747729     , 0.39925185586828654     ) (  2.4529600055124528E-007,  3.7125656137979438E-008) (  2.4529594080733373E-007,  3.7125656479698886E-008) ( -2.7969709241873120     ,-0.42426279365794656     )
   12.151284999999998        1.2500000000000000     
 (  3.5423591759339903     , 0.41653410318089523     ) (  3.6513683970369448     , 0.44288097228284151     )
 (  2.7411965720248750     , 0.40922881932455285     ) (  2.4803813231209902E-007,  3.8057011662334900E-008) (  2.4803807053799015E-007,  3.8057012016528622E-008) ( -2.8281415484925816     ,-0.43490154571730233     )
   12.201279999999999        1.2500000000000000     
 (  3.5896406049609046     , 0.42702181164171871     ) (  3.7002038581746404     , 0.45407485608364712     )
 (  2.7714624449787792     , 0.41940555927487350     ) (  2.5079286710662208E-007,  3.9007124344025475E-008) (  2.5079280297870119E-007,  3.9007124718112024E-008) ( -2.8594524321704915     ,-0.44575432472734666     )
   12.251274999999998        1.2500000000000000     
 (  3.6373508236507002     , 0.43772418419945974     ) (  3.7494829346985190     , 0.46549911772384306     )
 (  2.8018617302792497     , 0.42978483210911000     ) (  2.5356001743723138E-007,  3.9976255643572237E-008) (  2.5355995097863977E-007,  3.9976256031770024E-008) ( -2.8909013569211948     ,-0.45682410199080625     )
   12.301269999999999        1.2500000000000000     
 (  3.6854909151532782     , 0.44864440289100754     ) (  3.7992065780132416     , 0.47715720128095995     )
 (  2.8323914184436636     , 0.44036938841844120     ) (  2.5633930098182096E-007,  4.0964666496384146E-008) (  2.5633923216070078E-007,  4.0964666917579366E-008) ( -2.9224850270645955     ,-0.46811384232686382     )
   12.351264999999998        1.2500000000000000     
 (  3.7340625429030756     , 0.45978573745658224     ) (  3.8493765256981707     , 0.48905265060404923     )
 (  2.8630490003474258     , 0.45116205262589965     ) (  2.5913049346684920E-007,  4.1972625299656246E-008) (  2.5913042223492587E-007,  4.1972625729741149E-008) ( -2.9542007872182774     ,-0.47962659500370169     )
   12.401259999999999        1.2500000000000000     
 (  3.7830670600119860     , 0.47115139262006861     ) (  3.8999941392925868     , 0.50118893001376708     )
 (  2.8938316492528582     , 0.46216557002566133     ) (  2.6193334056526676E-007,  4.3000392104334276E-008) (  2.6193326666837798E-007,  4.3000392557768106E-008) ( -2.9860456464913927     ,-0.49136531311943626     )
   12.451254999999998        1.2500000000000000     
 (  3.8325055976423483     , 0.48274469966641098     ) (  3.9510604829237814     , 0.51356964750036671     )
 (  2.9247362259029486     , 0.47338279803403677     ) (  2.6474755006870982E-007,  4.4048238180616688E-008) (  2.6474747348916383E-007,  4.4048238667554681E-008) ( -3.0180161985863618     ,-0.50333307713543629     )
   12.501249999999999        1.2500000000000000     
 (  3.8823795171895630     , 0.49456892190324503     ) (  4.0025769590424654     , 0.52619833318815501     )
 (  2.9557598193212020     , 0.48481650874578536     ) (  2.6757286460863628E-007,  4.5116426452888772E-008) (  2.6757278528792841E-007,  4.5116426974552926E-008) ( -3.0501094147241230     ,-0.51553287175259133     )
   12.551245000000000        1.2500000000000000     
 (  3.9326905988990863     , 0.50662732524606457     ) (  4.0545453759202141     , 0.53907852686789359     )
 (  2.9868998839304313     , 0.49646946372603201     ) (  2.7040905262566936E-007,  4.6205219388094803E-008) (  2.7040897055695769E-007,  4.6205219936043189E-008) ( -3.0823225718260328     ,-0.52796767454573545     )
   12.601239999999999        1.2500000000000000     
 (  3.9834393941917177     , 0.51892331308706618     ) (  4.1069661519552882     , 0.55221391282810350     )
 (  3.0181526132802379     , 0.50834454526786865     ) (  2.7325575851793478E-007,  4.7314890489482257E-008) (  2.7325567349695447E-007,  4.7314891090483023E-008) ( -3.1146514913919296     ,-0.54064058954697725     )
   12.651235000000000        1.2500000000000000     
 (  4.0346273849954359     , 0.53146018847650445     ) (  4.1598408158922515     , 0.56560805435773931     )
 (  3.0495149738628697     , 0.52044451744092013     ) (  2.7611271220213954E-007,  4.8445701121088584E-008) (  2.7611262425216684E-007,  4.8445701743998334E-008) ( -3.1470930273871143     ,-0.55355457985381895     )
   12.701229999999999        1.2500000000000000     
 (  4.0862556926948175     , 0.54424134278759329     ) (  4.2131705416765461     , 0.57926465823397311     )
 (  3.0809836631638952     , 0.53277221702418065     ) (  2.7897961670073512E-007,  4.9597923593910806E-008) (  2.7897952572655183E-007,  4.9597924242373350E-008) ( -3.1796436669440218     ,-0.56671273423843116     )
   12.751225000000000        1.2500000000000000     
 (  4.1383256691991930     , 0.55727011919775860     ) (  4.2669565136831249     , 0.59318731000698222     )
 (  3.1125554943418470     , 0.54533041371948021     ) (  2.8185617041432658E-007,  5.0771817959534829E-008) (  2.8185607619934499E-007,  5.0771818645912254E-008) ( -3.2122998891287540     ,-0.58011799929662911     )
   12.801219999999999        1.2500000000000000     
 (  4.1908383565334342     , 0.57054996518367929     ) (  4.3211999745805132     , 0.60737978542656146     )
 (  3.1442269132262681     , 0.55812196456612695     ) (  2.8474206944781921E-007,  5.1967659255529663E-008) (  2.8474197190391745E-007,  5.1967659986251911E-008) ( -3.2450581240855834     ,-0.59377349171003746     )
   12.851215000000000        1.2500000000000000     
 (  4.2437949653724454     , 0.58408425544659626     ) (  4.3759018415844100     , 0.62184569468988260     )
 (  3.1759944919491199     , 0.57114963455299450     ) (  2.8763697667257110E-007,  5.3185706262527231E-008) (  2.8763687582480717E-007,  5.3185707036563500E-008) ( -3.2779144113283936     ,-0.60768214178176161     )
   12.901209999999999        1.2500000000000000     
 (  4.2971962658480258     , 0.59787642442128985     ) (  4.4310630535104236     , 0.63658879331418383     )
 (  3.2078542384406759     , 0.58441622948884830     ) (  2.9054054925477585E-007,  5.4426228685227367E-008) (  2.9054044504074062E-007,  5.4426229499536500E-008) ( -3.3108647683509225     ,-0.62184700346684474     )
   12.951205000000000        1.2500000000000000     
 (  4.3510434927715638     , 0.61192992675215119     ) (  4.4866845682696477     , 0.65161280627386431     )
 (  3.2398027033475230     , 0.59792455506272491     ) (  2.9345244840475661E-007,  5.5689491656349523E-008) (  2.9345234061417686E-007,  5.5689492519379237E-008) ( -3.3439051925485548     ,-0.63627107727561227     )
   13.001199999999999        1.2500000000000000     
 (  4.4053376637812374     , 0.62624823034818089     ) (  4.5427677180446384     , 0.66692151482934636     )
 (  3.2718361917594452     , 0.61167741034860090     ) (  2.9637236357487930E-007,  5.6975763394578275E-008) (  2.9637225202559232E-007,  5.6975764321851209E-008) ( -3.3770320263318130     ,-0.65095739765079741     )
   13.051195000000000        1.2500000000000000     
 (  4.4600794576182112     , 0.64083477864499061     ) (  4.5993128451102994     , 0.68251862601644941     )
 (  3.3039503857581343     , 0.62567754800066078     ) (  2.9929988091191072E-007,  5.8285303546496535E-008) (  2.9929976573383560E-007,  5.8285304512860840E-008) ( -3.4102404627650942     ,-0.66590889999739189     )
   13.101189999999999        1.2500000000000000     
 (  4.5152701625944154     , 0.65569307385619369     ) (  4.6563212894706751     , 0.69840794877457590     )
 (  3.3361418220877148     , 0.63992776029040432     ) (  3.0223469040341542E-007,  5.9618378879063399E-008) (  3.0223457111383295E-007,  5.9618379894838067E-008) ( -3.4435268278910849     ,-0.68112859990598829     )
   13.151185000000000        1.2500000000000000     
 (  4.5709103777523055     , 0.67082657320338623     ) (  4.7137935287991892     , 0.71459321817179977     )
 (  3.3684059316350399     , 0.65443077062624300     ) (  3.0517636732108286E-007,  6.0975247425060162E-008) (  3.0517624410394107E-007,  6.0975248510339959E-008) ( -3.4768861871464627     ,-0.69661941100150915     )
   13.201179999999999        1.2500000000000000     
 (  4.6270010889251552     , 0.68623883790277751     ) (  4.7717305929717329     , 0.73107831693066205     )
 (  3.4007388419565245     , 0.66918938318223964     ) (  3.0812456715556780E-007,  6.2356178033954073E-008) (  3.0812443987282313E-007,  6.2356179191527510E-008) ( -3.5103144713705525     ,-0.71238437017640843     )
   13.251175000000000        1.2500000000000000     
 (  4.6835430956513884     , 0.70193330650899366     ) (  4.8301332551103968     , 0.74786696406787279     )
 (  3.4331363204038734     , 0.68420625721279404     ) (  3.1107890386110984E-007,  6.3761423131359309E-008) (  3.1107877214865835E-007,  6.3761424331205090E-008) ( -3.5438071496445542     ,-0.72842632389272477     )
   13.301169999999999        1.2500000000000000     
 (  4.7405372212691406     , 0.71791355237728383     ) (  4.8890020435891008     , 0.76496302799298266     )
 (  3.4655939012493926     , 0.69948416170869132     ) (  3.1403894807053902E-007,  6.5191245787640976E-008) (  3.1403881228903888E-007,  6.5191247049783369E-008) ( -3.5773592278016038     ,-0.74474824071360646     )
   13.351165000000000        1.2500000000000000     
 (  4.7979840792150918     , 0.73418307403049310     ) (  4.9483377745113843     , 0.78237030282630060     )
 (  3.4981070517847277     , 0.71502576740571777     ) (  3.1700431262802937E-007,  6.6645900425559962E-008) (  3.1700417215159347E-007,  6.6645901766738034E-008) ( -3.6109661547227616     ,-0.76135298652836880     )
   13.401159999999999        1.2500000000000000     
 (  4.8558845446661465     , 0.75074546275101095     ) (  5.0081409860140962     , 0.80009268912946019     )
 (  3.5306714052914914     , 0.73083380917621077     ) (  3.1997456936082325E-007,  6.8125648167470488E-008) (  3.1997442430604071E-007,  6.8125649576299652E-008) ( -3.6446229083923254     ,-0.77824350446531432     )
   13.451155000000000        1.2500000000000000     
 (  4.9142392816580678     , 0.76760423496832519     ) (  5.0684125375985376     , 0.81813401280752174     )
 (  3.5632823770563293     , 0.74691092448925600     ) (  3.2294932553498172E-007,  6.9630741403326315E-008) (  3.2294917574699972E-007,  6.9630742900607715E-008) ( -3.6783248868832121     ,-0.79542263356656251     )
   13.501149999999999        1.2500000000000000     
 (  4.9730487605606619     , 0.78476291755048011     ) (  5.1291526644959253     , 0.83649807348980543     )
 (  3.5959351351730411     , 0.76325973221887000     ) (  3.2592811951437840E-007,  7.1161427574116521E-008) (  3.2592796473435415E-007,  7.1161429112720913E-008) ( -3.7120666818036692     ,-0.81289315674347495     )
   13.551145000000000        1.2500000000000000     
 (  5.0323138204950011     , 0.80222508935383863     ) (  5.1903620489794164     , 0.85518877679252581     )
 (  3.6286248715587588     , 0.77988287608842344     ) (  3.2891050982484422E-007,  7.2717960684068815E-008) (  3.2891035003287038E-007,  7.2717962312422766E-008) ( -3.7458431399530583     ,-0.83065792900373547     )
   13.601139999999999        1.2500000000000000     
 (  5.0920349427637808     , 0.81999422965622371     ) (  5.2520412817299196     , 0.87420986661989442     )
 (  3.6613467802842750     , 0.79678287069712672     ) (  3.3189606816715076E-007,  7.4300578055932209E-008) (  3.3189590335570742E-007,  7.4300579781909236E-008) ( -3.7796492101560331     ,-0.84871961346535629     )
   13.651135000000000        1.2500000000000000     
 (  5.1522127255556285     , 0.83807402758327176     ) (  5.3141907290520534     , 0.89356537373864109     )
 (  3.6940957559114551     , 0.81396241151587867     ) (  3.3488431784071052E-007,  7.5909539260622288E-008) (  3.3488414756901026E-007,  7.5909541064067652E-008) ( -3.8134793561965430     ,-0.86708112444378271     )
   13.701129999999999        1.2500000000000000     
 (  5.2128475524173332     , 0.85646797133860708     ) (  5.3768107287061904     , 0.91325907906820047     )
 (  3.7268667039431751     , 0.83142396294693810     ) (  3.3787478975456628E-007,  7.7545079157882765E-008) (  3.3787461401295971E-007,  7.7545081078792421E-008) ( -3.8473280460321115     ,-0.88574509334764573     )
   13.751125000000000        1.2500000000000000     
 (  5.2739398558979156     , 0.87517965323314550     ) (  5.4399016598586316     , 0.93329486997369759     )
 (  3.7596543517181638     , 0.84917006629854130     ) (  3.4086700977152966E-007,  7.9207439416999925E-008) (  3.4086682843909546E-007,  7.9207441422242815E-008) ( -3.8811897339576999     ,-0.90471422575649774     )
   13.801119999999999        1.2500000000000000     
 (  5.3354900931351565     , 0.89421259017436849     ) (  5.5034636526756451     , 0.95367656947727197     )
 (  3.7924533333636323     , 0.86720314366644602     ) (  3.4386046264806739E-007,  8.0896852076812791E-008) (  3.4386027563662806E-007,  8.0896854193149306E-008) ( -3.9150583998775397     ,-0.92399111614208917     )
   13.851115000000000        1.2500000000000000     
 (  5.3974986016982127     , 0.91357040492365227     ) (  5.5674970988187908     , 0.97440810221727481     )
 (  3.8252582746278248     , 0.88552570460618651     ) (  3.4685467184883158E-007,  8.2613556072056344E-008) (  3.4685447899747294E-007,  8.2613558330736653E-008) ( -3.9489284622173431     ,-0.94357843497732496     )
   13.901109999999999        1.2500000000000000     
 (  5.4599662498653698     , 0.93325657690203423     ) (  5.6320028979077916     , 0.99549323935656198     )
 (  3.8580641607435631     , 0.90414007386801942     ) (  3.4984918369966676E-007,  8.4357773346190059E-008) (  3.4984898458503030E-007,  8.4357775691644420E-008) ( -3.9827945571451306     ,-0.96347865592895676     )
   13.951105000000000        1.2500000000000000     
 (  5.5228925772382063     , 0.95327474838283810     ) (  5.6969801465317929     ,  1.0169359509386595     )
 (  3.8908645825983075     , 0.92304870246732074     ) (  3.5284338454220646E-007,  8.6129739563525670E-008) (  3.5284317938343839E-007,  8.6129742032628445E-008) ( -4.0166495656991676     ,-0.98369440837313504     )
   14.001100000000001        1.2500000000000000     
 (  5.5862783270891123     , 0.97362844246369828     ) (  5.7624297376201286     ,  1.0387400484940545     )
 (  3.9236543026875785     , 0.94225389250593561     ) (  3.5583681967294051E-007,  8.7929673805782508E-008) (  3.5583660776735649E-007,  8.7929676429814147E-008) ( -4.0504881245732687     , -1.0042281277222840     )
   14.051095000000000        1.2500000000000000     
 (  5.6501237623189242     , 0.99432127262564851     ) (  5.8283516255079872     ,  1.0609094571772044     )
 (  3.9564274442095089     , 0.96175799214582502     ) (  3.5882892551776489E-007,  8.9757801072867103E-008) (  3.5882870719350972E-007,  8.9757803792572662E-008) ( -4.0843036616189199     , -1.0250823155005602     )
   14.101089999999997        1.2500000000000000     
 (  5.7144290988621398     ,  1.0153566302078287     ) (  5.8947460211039449     ,  1.0834478533403302     )
 (  3.9891782023165039     , 0.98156309758049243     ) (  3.6181918454291249E-007,  9.1614321530711632E-008) (  3.6181895946680486E-007,  9.1614324415338939E-008) ( -4.1180900735408725     , -1.0462591861075567     )
   14.151084999999997        1.2500000000000000     
 (  5.7791942052332734     ,  1.0367381742507515     ) (  5.9616125729970681     ,  1.1063592045665467     )
 (  4.0219002119746605     ,  1.0016715309105662     ) (  3.6480700061024538E-007,  9.3499457164614923E-008) (  3.6480676820625641E-007,  9.3499460227689322E-008) ( -4.1518403933813222     , -1.0677612022904870     )
   14.201079999999997        1.2500000000000000     
 (  5.8444198452600267     ,  1.0584694860649626     ) (  6.0289520035080368     ,  1.1296474163439427     )
 (  4.0545878398918918     ,  1.0220854921210518     ) (  3.6779186656240185E-007,  9.5413420118433586E-008) (  3.6779162715751558E-007,  9.5413423357028273E-008) ( -4.1855487084462633     , -1.0895907092133350     )
   14.251074999999998        1.2500000000000000     
 (  5.9101055817116057     ,  1.0805539430957196     ) (  6.0967635930729198     ,  1.1533161473706648     )
 (  4.0872344755070138     ,  1.0428069393583270     ) (  3.7077316112115706E-007,  9.7356397823963687E-008) (  3.7077291438351922E-007,  9.7356401151552062E-008) ( -4.2192077100634924     , -1.1117497670942935     )
   14.301069999999998        1.2500000000000000     
 (  5.9762515953284447     ,  1.1029951175797277     ) (  6.1650474706795144     ,  1.1773692613867144     )
 (  4.1198338087391830     ,  1.0638379866877592     ) (  3.7375030840595608E-007,  9.9328591361529809E-008) (  3.7375005403875399E-007,  9.9328594885052033E-008) ( -4.2528106406090540     , -1.1342405895137873     )
   14.351064999999998        1.2500000000000000     
 (  6.0428583953778894     ,  1.1257965838594350     ) (  6.2338040382964177     ,  1.2018106437943927     )
 (  4.1523798908898515     ,  1.0851807013866175     ) (  3.7672276841190295E-007,  1.0133019959255912E-007) (  3.7672250627666075E-007,  1.0133020331785423E-007) ( -4.2863511989949812     , -1.1570653612035591     )
   14.401059999999998        1.2500000000000000     
 (  6.1099252956447652     ,  1.1489617839451314     ) (  6.3030324061913294     ,  1.2266440315113767     )
 (  4.1848655055190394     ,  1.1068369752324154     ) (  3.7968987167783519E-007,  1.0336140433435005E-007) (  3.7968960168907418E-007,  1.0336140822221595E-007) ( -4.3198215282589301     , -1.1802260683800962     )
   14.451054999999998        1.2500000000000000     
 (  6.1774527716217227     ,  1.1724941572108167     ) (  6.3727328153180558     ,  1.2518731870963253     )
 (  4.2172843677433454     ,  1.1288086556084507     ) (  3.8265103183440886E-007,  1.0542238542581704E-007) (  3.8265075350910924E-007,  1.0542238949163266E-007) ( -4.3532147779211998     , -1.2037246720357311     )
   14.501049999999998        1.2500000000000000     
 (  6.2454410427175890     ,  1.1963972539827150     ) (  6.4429054422835605     ,  1.2775019022467964     )
 (  4.2496301013137963     ,  1.1510976449990165     ) (  3.8560566938065638E-007,  1.0751332015234189E-007) (  3.8560538263685872E-007,  1.0751332448610146E-007) ( -4.3865241246881750     , -1.2275631003084377     )
   14.551044999999998        1.2500000000000000     
 (  6.3138892217874538     ,  1.2206744522452768     ) (  6.5135491514059378     ,  1.3035339020414118     )
 (  4.2818949744778152     ,  1.1737056313120073     ) (  3.8855307396149849E-007,  1.0963437633619777E-007) (  3.8855277900492252E-007,  1.0963438085354796E-007) ( -4.4197412689483269     , -1.2517431673544857     )
   14.601039999999998        1.2500000000000000     
 (  6.3827979659811014     ,  1.2453293050258301     ) (  6.5846645632053153     ,  1.3299730336792350     )
 (  4.3140728731542692     ,  1.1966344287905761     ) (  3.9149268605877347E-007,  1.1178572734862580E-007) (  3.9149238233709447E-007,  1.1178573210293136E-007) ( -4.4528596567346606     , -1.2762667503930893     )
   14.651034999999998        1.2500000000000000     
 (  6.4521669233585976     ,  1.2703650774968651     ) (  6.6562509636515106     ,  1.3568228168212024     )
 (  4.3461565672058518     ,  1.2198855092653376     ) (  3.9442382335520380E-007,  1.1396751313386368E-007) (  3.9442351064007022E-007,  1.1396751815097349E-007) ( -4.4858712462783279     , -1.3011353368449980     )
   14.701029999999998        1.2500000000000000     
 (  6.5219956223998512     ,  1.2957853358179861     ) (  6.7283077855712801     ,  1.3840871586222805     )
 (  4.3781382396374209     ,  1.2434605865145254     ) (  3.9734578061619650E-007,  1.1617990205081114E-007) (  3.9734545843669512E-007,  1.1617990728482091E-007) ( -4.5187678448828512     , -1.3263507375339696     )
   14.751024999999998        1.2500000000000000     
 (  6.5922843576090688     ,  1.3215933244518570     ) (  6.8008352889544383     ,  1.4117695484146209     )
 (  4.4100116085772241     ,  1.2673610130489159     ) (  4.0025797641129800E-007,  1.1842302188527227E-007) (  4.0025764481326787E-007,  1.1842302739906477E-007) ( -4.5515425574827786     , -1.3519142941021836     )
   14.801019999999998        1.2500000000000000     
 (  6.6630326624096075     ,  1.3477925711605687     ) (  6.8738325998128280     ,  1.4398738664171302     )
 (  4.4417686721276892     ,  1.2915883571728113     ) (  4.0315967284471821E-007,  1.2069702855291101E-007) (  4.0315933113449896E-007,  1.2069703429255295E-007) ( -4.5841867926402076     , -1.3778276651778425     )
   14.851014999999999        1.2500000000000000     
 (  6.7342407301498746     ,  1.3743863320294973     ) (  6.9472999444179759     ,  1.4684035781485172     )
 (  4.4734023594938996     ,  1.3161438615377627     ) (  4.0605022405706432E-007,  1.2300203660986277E-007) (  4.0604987278261723E-007,  1.2300204263897169E-007) ( -4.6166929734104905     , -1.4040920326579283     )
   14.901009999999998        1.2500000000000000     
 (  6.8059076717296669     ,  1.4013779426570345     ) (  7.0212359925250185     ,  1.4973623613527400     )
 (  4.5049046935866075     ,  1.3410287929992994     ) (  4.0892887776761768E-007,  1.2533817381994176E-007) (  4.0892851611238588E-007,  1.2533818011179051E-007) ( -4.6490522451801111     , -1.4307087240140708     )
   14.951004999999999        1.2500000000000000     
 (  6.8780337547356467     ,  1.4287707428813650     ) (  7.0956410232143208     ,  1.5267538431062633     )
 (  4.5362683728269904     ,  1.3662443555187889     ) (  4.1179498033924201E-007,  1.2770555710098269E-007) (  4.1179460783721175E-007,  1.2770556376777467E-007) ( -4.6812569685101160     , -1.4576789364740563     )
   15.000999999999998        1.2500000000000000     
 (  6.9506180506634081     ,  1.4565680323148202     ) (  7.1705138897307892     ,  1.5565815895800135     )
 (  4.5674851204067890     ,  1.3917916499335405     ) (  4.1464776318132763E-007,  1.3010429271417277E-007) (  4.1464737963507136E-007,  1.3010429969522758E-007) ( -4.7132981026272969     , -1.4850037455319738     )
   15.050994999999999        1.2500000000000000     
 (  7.0236611859955769     ,  1.4847730521774103     ) (  7.2458549606960698     ,  1.5868491159657609     )
 (  4.5985477740328529     ,  1.4176716654920769     ) (  4.1748656281456076E-007,  1.3253447695021172E-007) (  4.1748616866903452E-007,  1.3253448428770090E-007) ( -4.7451679316215509     , -1.5126841008700673     )
   15.100989999999998        1.2500000000000000     
 (  7.0971619343533545     ,  1.5133890061045041     ) (  7.3216627697533863     ,  1.6175598895641887     )
 (  4.6294476346197113     ,  1.4438852802044135     ) (  4.2031058005056185E-007,  1.3499619491535782E-007) (  4.2031017411052068E-007,  1.3499620264408893E-007) ( -4.7768569980609081     , -1.5407208215248391     )
   15.150984999999999        1.2500000000000000     
 (  7.1711206029744803     ,  1.5424192936397902     ) (  7.3979377228180052     ,  1.6487176769541327     )
 (  4.6601773658943078     ,  1.4704334998721744     ) (  4.2311915198405041E-007,  1.3748955197339976E-007) (  4.2311873460386494E-007,  1.3748955993935984E-007) ( -4.8083575605007871     , -1.5691149528051613     )
   15.200979999999998        1.2500000000000000     
 (  7.2455365628705328     ,  1.5718668923939416     ) (  7.4746786130119611     ,  1.6803256644899229     )
 (  4.6907281607737179     ,  1.4973168380179340     ) (  4.2591144811382306E-007,  1.4001459570915273E-007) (  4.2591101872404527E-007,  1.4001460420065146E-007) ( -4.8396598904032819     , -1.5978668758429542     )
   15.250974999999999        1.2500000000000000     
 (  7.3204092300071846     ,  1.6017351260552923     ) (  7.5518848007843351     ,  1.7123874341756542     )
 (  4.7210917689769065     ,  1.5245360822984380     ) (  4.2868671509964189E-007,  1.4257140197630890E-007) (  4.2868627371286191E-007,  1.4257141084041626E-007) ( -4.8707551482930498     , -1.6269772841125916     )
   15.300969999999998        1.2500000000000000     
 (  7.3957386240625267     ,  1.6320270882728751     ) (  7.6295560889520413     ,  1.7449064280041005     )
 (  4.7512602051202908     ,  1.5520917256340483     ) (  4.3144422305704986E-007,  1.4516002775975092E-007) (  4.3144376904799058E-007,  1.4516003706721475E-007) ( -4.9016347433630010     , -1.6564466525856842     )
   15.350964999999999        1.2500000000000000     
 (  7.4715238190304003     ,  1.6627460152102234     ) (  7.7076913570863752     ,  1.7778861327733018     )
 (  4.7812244561605777     ,  1.5799843245888880     ) (  4.3418313433226474E-007,  1.4778052675608460E-007) (  4.3418266747048734E-007,  1.4778053653916419E-007) ( -4.9322888715065085     , -1.6862754086512668     )
   15.400959999999998        1.2500000000000000     
 (  7.5477651793584526     ,  1.6938947118203034     ) (  7.7862909309004635     ,  1.8113295460213570     )
 (  4.8109765788458958     ,  1.6082139132935347     ) (  4.3690273699662630E-007,  1.5043290163078175E-007) (  4.3690225691428226E-007,  1.5043291186890911E-007) ( -4.9627091466254347     , -1.7164633947570123     )
   15.450954999999999        1.2500000000000000     
 (  7.6244613704227895     ,  1.7254765597142969     ) (  7.8653529063538619     ,  1.8452404175263382     )
 (  4.8405072021620965     ,  1.6367810407202497     ) (  4.3960213738834408E-007,  1.5311721469053672E-007) (  4.3960164392159447E-007,  1.5311722536172741E-007) ( -4.9928851117190920     , -1.7470111237601775     )
   15.500949999999998        1.2500000000000000     
 (  7.7016127581790332     ,  1.7574945512817532     ) (  7.9448777277318552     ,  1.8796220119872826     )
 (  4.8698082242585938     ,  1.6656857744619156     ) (  4.4228061449671268E-007,  1.5583347720133955E-007) (  4.4228010676449618E-007,  1.5583348839670882E-007) ( -5.0228082493053803     , -1.7779185222894855     )
   15.550944999999999        1.2500000000000000     
 (  7.7792186476516525     ,  1.7899514655071371     ) (  8.0248644644680098     ,  1.9144772825175251     )
 (  4.8988703823936808     ,  1.6949278906936793     ) (  4.4493731085615919E-007,  1.5858166582748998E-007) (  4.4493678957937288E-007,  1.5858167750729468E-007) ( -5.0524685657245314     , -1.8091851074709244     )
   15.600939999999998        1.2500000000000000     
 (  7.8572957364696983     ,  1.8228510469017138     ) (  8.1053342330683247     ,  1.9498096440178394     )
 (  4.9276709072832547     ,  1.7245072395543395     ) (  4.4757028064000088E-007,  1.6136177244858490E-007) (  4.4757038082678773E-007,  1.6136179516726292E-007) ( -5.0818324683271143     , -1.8408103725745812     )
   15.650934999999999        1.2500000000000000     
 (  7.9358090922964868     ,  1.8561951735143059     ) (  8.1862425026314849     ,  1.9856225616594871     )
 (  4.9562275281303769     ,  1.7544240945374168     ) (  4.5018085054551827E-007,  1.6417383535777251E-007) (  4.5018095327469489E-007,  1.6417385890798942E-007) ( -5.1109366252904724     , -1.8727949111322963     )
   15.700930000000000        1.2500000000000000     
 (  8.0147761247118865     ,  1.8899872556162776     ) (  8.2676113205663597     ,  2.0219190258258553     )
 (  4.9845188138473899     ,  1.7846778063679365     ) (  4.5276721458351507E-007,  1.6701779170368888E-007) (  4.5276732068714618E-007,  1.6701781622210566E-007) ( -5.1397493911765970     , -1.9051375821564176     )
   15.750924999999999        1.2500000000000000     
 (  8.0941953787827234     ,  1.9242301678121825     ) (  8.3494386520686064     ,  2.0587021867044792     )
 (  5.0125341006687476     ,  1.8152679008674395     ) (  4.5532836584987833E-007,  1.6989360259807531E-007) (  4.5532847487366733E-007,  1.6989362781419321E-007) ( -5.1682590222788800     , -1.9378376918228470     )
   15.800920000000000        1.2500000000000000     
 (  8.1740670921066396     ,  1.9589268397158737     ) (  8.4317249477863871     ,  2.0959752477479325     )
 (  5.0402652213559938     ,  1.8461938406273746     ) (  4.5786358370573824E-007,  1.7280122297933833E-007) (  4.5786369580244938E-007,  1.7280124928468800E-007) ( -5.1964569836434924     , -1.9708944768088994     )
   15.850914999999999        1.2500000000000000     
 (  8.2543905631058241     ,  1.9940800961922722     ) (  8.5144689220977856     ,  2.1337413052799392     )
 (  5.0677021756584999     ,  1.8774548798384900     ) (  4.6037192090022674E-007,  1.7574058872053157E-007) (  4.6037203598400634E-007,  1.7574061588146186E-007) ( -5.2243321931473163     , -2.0043069365148418     )
   15.900910000000000        1.2500000000000000     
 (  8.3351652410649280     ,  2.0296928357154727     ) (  8.5976699822193865     ,  2.1720034876966432     )
 (  5.0948352429663446     ,  1.9090502678021499     ) (  4.6285250026468266E-007,  1.7871163104929348E-007) (  4.6285261925549162E-007,  1.7871165927808393E-007) ( -5.2518743184035328     , -2.0380740163797650     )
   15.950904999999999        1.2500000000000000     
 (  8.4163905468654114     ,  2.0657676440187496     ) (  8.6813273752870721     ,  2.2107646459047636     )
 (  5.1216550362531077     ,  1.9409788082402089     ) (  4.6530446001936650E-007,  1.8171424468246061E-007) (  4.6530458201333835E-007,  1.8171427396793953E-007) ( -5.2790731692226700     , -2.0721942305259646     )
   16.000900000000001        1.2500000000000000     
 (  8.4980665075139630     ,  2.1023073149914109     ) (  8.7654407161097048     ,  2.2500278464925558     )
 (  5.1481517906451213     ,  1.9732394387271823     ) (  4.6772689391071206E-007,  1.8474833583598727E-007) (  4.6772701917687203E-007,  1.8474836613641904E-007) ( -5.3059182315372402     , -2.1066662150704656     )
   16.050895000000001        1.2500000000000000     
 (  8.5801925844768565     ,  2.1393147802586863     ) (  8.8500094326766341     ,  2.2897962442783300     )
 (  5.1743158982904411     ,  2.0058310909285337     ) (  4.7011892416144262E-007,  1.8781380509205797E-007) (  4.7011905332821704E-007,  1.8781383635838872E-007) ( -5.3323990887547490     , -2.1414885287550023     )
   16.100890000000000        1.2500000000000000     
 (  8.6627678773020325     ,  2.1767923865135903     ) (  8.9350323369756985     ,  2.3300725030616678     )
 (  5.2001370862276133     ,  2.0387520214996675     ) (  4.7247960578164052E-007,  1.9091050130513295E-007) (  4.7247973823398518E-007,  1.9091053382501121E-007) ( -5.3585046005307619     , -2.1766591350921045     )
   16.150885000000002        1.2500000000000000     
 (  8.7457929632948890     ,  2.2147431998610432     ) (  9.0205098917273272     ,  2.3708598911998178     )
 (  5.2256059049126522     ,  2.0720010804082727     ) (  4.7480807992997502E-007,  1.9403831462408406E-007) (  4.7480821618017417E-007,  1.9403834835398838E-007) ( -5.3842247825388379     , -2.2121764501405226     )
   16.200880000000002        1.2500000000000000     
 (  8.8292668601608213     ,  2.2531695615905711     ) (  9.1064408887702921     ,  2.4121610374556322     )
 (  5.2507121508338068     ,  2.1055762538808276     ) (  4.7710340952397409E-007,  1.9719706694032155E-007) (  4.7710354960597670E-007,  1.9719710183796814E-007) ( -5.4095484842043406     , -2.2480381079453822     )
   16.250875000000001        1.2500000000000000     
 (  8.9131890785630645     ,  2.2920743673871584     ) (  9.1928244733237410     ,  2.4539791500911754     )
 (  5.2754450962034669     ,  2.1394760139503446     ) (  4.7936460268008047E-007,  2.0038662294238756E-007) (  4.7936474695886283E-007,  2.0038665896434109E-007) ( -5.4344642049597329     , -2.2842422127034272     )
   16.300870000000000        1.2500000000000000     
 (  8.9975598870561999     ,  2.3314598895940573     ) (  9.2796610214616972     ,  2.4963166505096095     )
 (  5.2997956501969128     ,  2.1736980180540315     ) (  4.8159083901751292E-007,  2.0360676139201414E-007) (  4.8159098687885978E-007,  2.0360679871906873E-007) ( -5.4589620510566172     , -2.3207858762545093     )
   16.350865000000002        1.2500000000000000     
 (  9.0823784052684520     ,  2.3713288369726109     ) (  9.3669489914075932     ,  2.5391765353366353     )
 (  5.3237525385585354     ,  2.2082402845687978     ) (  4.8378105879579405E-007,  2.0685730398074509E-007) (  4.8378121077075080E-007,  2.0685734253453849E-007) ( -5.4830297908088266     , -2.3576666877092167     )
   16.400860000000002        1.2500000000000000     
 (  9.1676443983146996     ,  2.4116839152524991     ) (  9.4546883334171437     ,  2.5825618951178249     )
 (  5.3473054217417468     ,  2.2431006632637898     ) (  4.8593434608595336E-007,  2.1013806503275079E-007) (  4.8593450198118579E-007,  2.1013810506650030E-007) ( -5.5066565430093393     , -2.3948821417259856     )
   16.450855000000001        1.2500000000000000     
 (  9.2533581007422310     ,  2.4525273274400794     ) (  9.5428788988981488     ,  2.6264749987004623     )
 (  5.3704444537248994     ,  2.2782763730417739     ) (  4.8804977887034845E-007,  2.1344877488158061E-007) (  4.8804993927647242E-007,  2.1344881621147251E-007) ( -5.5298314895485765     , -2.4324287535785420     )
   16.500850000000000        1.2500000000000000     
 (  9.3395188761643482     ,  2.4938617289425538     ) (  9.6315199344240465     ,  2.6709189066073784     )
 (  5.3931588815359515     ,  2.3137649385903893     ) (  4.9012637974010282E-007,  2.1678921969855461E-007) (  4.9012654405129528E-007,  2.1678926236121944E-007) ( -5.5525430676587657     , -2.4703036750544602     )
   16.550845000000002        1.2500000000000000     
 (  9.4261266080014199     ,  2.5356896351738158     ) (  9.7206108499134452     ,  2.7158963937613900     )
 (  5.4154378627039153     ,  2.3495636289438355     ) (  4.9216313986949503E-007,  2.2015914890737064E-007) (  4.9216330903085754E-007,  2.2015919323045098E-007) ( -5.5747795082427789     , -2.5085036094748929     )
   16.600840000000002        1.2500000000000000     
 (  9.5131811121234922     ,  2.5780133823370188     ) (  9.8101517451085254     ,  2.7614099803499363     )
 (  5.4372709206288219     ,  2.3856693411117180     ) (  4.9415912971429964E-007,  2.2355827269800118E-007) (  4.9415930297735313E-007,  2.2355831835752089E-007) ( -5.5965297576223509     , -2.5470248048066750     )
   16.650835000000001        1.2500000000000000     
 (  9.6006828184878259     ,  2.6208354125278981     ) (  9.9001427786887533     ,  2.8074624330710733     )
 (  5.4586477144085750     ,  2.4220789528049149     ) (  4.9611340476518545E-007,  2.2698631017278877E-007) (  4.9611358313582866E-007,  2.2698635756904678E-007) ( -5.6177827574342167     , -2.5858636009105735     )
   16.700830000000000        1.2500000000000000     
 (  9.6886311077669411     ,  2.6641580950654080     ) (  9.9905826200219412     ,  2.8540564254668475     )
 (  5.4795571155599321     ,  2.4587891356901630     ) (  4.9802490433074568E-007,  2.3044295938960933E-007) (  4.9802508782191936E-007,  2.3044300830860671E-007) ( -5.6385260378777993     , -2.6250160600240373     )
   16.750825000000003        1.2500000000000000     
 (  9.7770253883524134     ,  2.7079839972489679     ) (  10.081470896298995     ,  2.9011947480777862     )
 (  5.4999876738834912     ,  2.4957965163865983     ) (  4.9989261622434872E-007,  2.3392790711588529E-007) (  4.9989280419956310E-007,  2.3392795766768344E-007) ( -5.6587476483664902     , -2.6644781283662118     )
   16.800820000000002        1.2500000000000000     
 (  9.8658668145094861     ,  2.7523154388084579     ) (  10.172808696266920     ,  2.9488800546398153     )
 (  5.5199294321317511     ,  2.5330974322936965     ) (  5.0171563575461685E-007,  2.3744082270850789E-007) (  5.0171582860909581E-007,  2.3744087500476407E-007) ( -5.6784369914557011     , -2.7042455154362708     )
   16.850815000000001        1.2500000000000000     
 (  9.9551552268558616     ,  2.7971546049342013     ) (  10.264595623387015     ,  2.9971147916694734     )
 (  5.5393715113820496     ,  2.5706878014710925     ) (  5.0349296224960887E-007,  2.4098133152076262E-007) (  5.0349316061145910E-007,  2.4098138557081913E-007) ( -5.6975821364725201     , -2.7443134186532427     )
   16.900810000000000        1.2500000000000000     
 (  10.044890262326689     ,  2.8425039481627938     ) (  10.356830801691292     ,  3.0459016441101046     )
 (  5.5583018533866895     ,  2.6085636987688345     ) (  5.0522347644960030E-007,  2.4454906922065718E-007) (  5.0522367948646920E-007,  2.4454912496104110E-007) ( -5.7161701690649913     , -2.7846771356922462     )
   16.950805000000003        1.2500000000000000     
 (  10.135072016248586     ,  2.8883658598691908     ) (  10.449514440177133     ,  3.0952434217959710     )
 (  5.5767101628629305     ,  2.6467209177854172     ) (  5.0690625877687279E-007,  2.4814366137598389E-007) (  5.0690646756510377E-007,  2.4814371906985792E-007) ( -5.7341899944109169     , -2.8253318312406392     )
   17.000800000000002        1.2500000000000000     
 (  10.225701651015083     ,  2.9347426654323208     ) (  10.542647416173432     ,  3.1451426423035604     )
 (  5.5945853193991253     ,  2.6851550794348120     ) (  5.0854029331987376E-007,  2.5176469771625770E-007) (  5.0854050746083078E-007,  2.5176475725702804E-007) ( -5.7516298279612865     , -2.8662722312542441     )
   17.050795000000001        1.2500000000000000     
 (  10.316778640883538     ,  2.9816365247219458     ) (  10.636229330405083     ,  3.1956017871750482     )
 (  5.6119162085301824     ,  2.7238613752261291     ) (  5.1012457348467975E-007,  2.5541174083658918E-007) (  5.1012479311885200E-007,  2.5541180227252608E-007) ( -5.7684777309458539     , -2.9074927529437655     )
   17.100790000000003        1.2500000000000000     
 (  10.408303180019086     ,  3.0290498423251306     ) (  10.730259668959937     ,  3.2466236173106364     )
 (  5.6286906057589556     ,  2.7628350638166137     ) (  5.1165796299656516E-007,  2.5908435985575357E-007) (  5.1165818822813992E-007,  2.5908442345351025E-007) ( -5.7847204645520103     , -2.9489878472203981     )
   17.150785000000003        1.2500000000000000     
 (  10.500276116967813     ,  3.0769851141899931     ) (  10.824739693362552     ,  3.2982109880796240     )
 (  5.6448984566371285     ,  2.8020713234534487     ) (  5.1313956831504773E-007,  2.6278211681925490E-007) (  5.1313979999611388E-007,  2.6278218241152979E-007) ( -5.8003473029653367     , -2.9907518712414278     )
   17.200779999999998        1.2500000000000000     
 (  10.592697197465965     ,  3.1254443918189061     ) (  10.919668637705376     ,  3.3503661669413205     )
 (  5.6605276849621644     ,  2.8415646698461452     ) (  5.1456828020087221E-007,  2.6650450214377853E-007) (  5.1456851767072341E-007,  2.6650456985205280E-007) ( -5.8153453135389928     , -3.0327783528753041     )
   17.250774999999997        1.2500000000000000     
 (  10.685568174821462     ,  3.1744302769630104     ) (  11.015048222900006     ,  3.4030922495907134     )
 (  5.6755676903629100     ,  2.8813099446015258     ) (  5.1594314379083244E-007,  2.7025105581999623E-007) (  5.1594338713648851E-007,  2.7025112577339141E-007) ( -5.8297032295881879     , -3.0750613481733464     )
   17.300770000000000        1.2500000000000000     
 (  10.778888614257241     ,  3.2239448001599293     ) (  11.110877901107775     ,  3.4563913970828644     )
 (  5.6900062457449083     ,  2.9213012211211717     ) (  5.1726303778127129E-007,  2.7402121947809159E-007) (  5.1726328763989657E-007,  2.7402129158106168E-007) ( -5.8434079369163596     , -3.1175937757954042     )
   17.350764999999999        1.2500000000000000     
 (  10.872659100768811     ,  3.2739901310502768     ) (  11.207157852401249     ,  3.5102662224762047     )
 (  5.7038317914736476     ,  2.9615324808556673     ) (  5.1852690945709962E-007,  2.7781445142056427E-007) (  5.1852716549124815E-007,  2.7781452593416889E-007) ( -5.8564469719335381     , -3.1603687249180830     )
   17.400759999999998        1.2500000000000000     
 (  10.966880978018908     ,  3.3245692273671490     ) (  11.303889647306557     ,  3.5647201939181667     )
 (  5.7170338501914193     ,  3.0019983033014332     ) (  5.1973382167771598E-007,  2.8163026672490771E-007) (  5.1973408377623152E-007,  2.8163034349320022E-007) ( -5.8688092510718901     , -3.2033798945060887     )
   17.450755000000001        1.2500000000000000     
 (  11.061554984975448     ,  3.3756840553900256     ) (  11.401073602293899     ,  3.6197554777523968     )
 (  5.7296007887203491     ,  3.0426920031974132     ) (  5.2088269921853322E-007,  2.8546804147302011E-007) (  5.2088296820079319E-007,  2.8546812076338583E-007) ( -5.8804822260949425     , -3.2466193967193231     )
   17.500750000000000        1.2500000000000000     
 (  11.156681503169107     ,  3.4273371394376095     ) (  11.498710230868406     ,  3.6753751099595418     )
 (  5.7415202747560876     ,  3.0836072079300285     ) (  5.2197245498035664E-007,  2.8932720404421060E-007) (  5.2197273082870444E-007,  2.8932728570133477E-007) ( -5.8914531017654221     , -3.2900798878347328     )
   17.550744999999999        1.2500000000000000     
 (  11.252262037431295     ,  3.4795306227473475     ) (  11.596800544752913     ,  3.7315815066497207     )
 (  5.7527816292329295     ,  3.1247369842895076     ) (  5.2300207966655366E-007,  2.9320711220174760E-007) (  5.2300236191917739E-007,  2.9320719665269067E-007) ( -5.9017100132788167     , -3.3337532114519961     )
   17.600739999999998        1.2500000000000000     
 (  11.348296922553946     ,  3.5322670295216674     ) (  11.695345011683239     ,  3.7883776363403805     )
 (  5.7633726343085492     ,  3.1660744409795609     ) (  5.2397049502138864E-007,  2.9710713997604405E-007) (  5.2397078538803976E-007,  2.9710722675953427E-007) ( -5.9112402399045330     , -3.3776313596981744     )
   17.650735000000001        1.2500000000000000     
 (  11.444787505178549     ,  3.5855489154402052     ) (  11.794344921212272     ,  3.8457665542884589     )
 (  5.7732817607039957     ,  3.2076125500739363     ) (  5.2487666008411914E-007,  3.0102665196471353E-007) (  5.2487695739770981E-007,  3.0102674151059165E-007) ( -5.9200316536709705     , -3.4217061950459020     )
   17.700730000000000        1.2500000000000000     
 (  11.541735452107698     ,  3.6393787552683765     ) (  11.893801455585196     ,  3.9037511650654810     )
 (  5.7824982085841032     ,  3.2493438410349471     ) (  5.2571956459413425E-007,  3.0496496816702952E-007) (  5.2571986900341563E-007,  3.0496506068083358E-007) ( -5.9280722412074587     , -3.4659690543437915     )
   17.750724999999999        1.2500000000000000     
 (  11.639141295385988     ,  3.6937588708884013     ) (  11.993715331243402     ,  3.9623341371009060     )
 (  5.7910092417041232     ,  3.2912604881327727     ) (  5.2649809584181822E-007,  3.0892136640846006E-007) (  5.2649840792637241E-007,  3.0892146181229739E-007) ( -5.9353490880749646     , -3.5104107357394159     )
   17.800719999999998        1.2500000000000000     
 (  11.737007225671524     ,  3.7486921471435433     ) (  12.094088567373582     ,  4.0215189752803067     )
 (  5.7988042888132600     ,  3.3333550149493383     ) (  5.2721128383335693E-007,  3.1289517752648771E-007) (  5.2721160336182385E-007,  3.1289527572938988E-007) ( -5.9418507526963191     , -3.5550226280461676     )
   17.850715000000001        1.2500000000000000     
 (  11.835333542377390     ,  3.8041808700441022     ) (  12.194921129559749     ,  4.0813083572209230     )
 (  5.8058707668910809     ,  3.3756188979304840     ) (  5.2785797085584480E-007,  3.1688561946291348E-007) (  5.2785829830086344E-007,  3.1688572046961604E-007) ( -5.9475636457140304     , -3.5997948016709720     )
   17.900710000000000        1.2500000000000000     
 (  11.934122797574839     ,  3.8602279670892199     ) (  12.296215894344135     ,  4.1417057872381191     )
 (  5.8121978743900895     ,  3.4180440422829657     ) (  5.2843723286182792E-007,  3.2089196194570125E-007) (  5.2843756852005049E-007,  3.2089206647836391E-007) ( -5.9524769484251427     , -3.6447179080609602     )
   17.950704999999999        1.2500000000000000     
 (  12.033376540088641     ,  3.9168359178127252     ) (  12.397973749145915     ,  4.2027142161704285     )
 (  5.8177738999383850     ,  3.4606216855346670     ) (  5.2894795175486519E-007,  3.2491340324245050E-007) (  5.2894829523647200E-007,  3.2491351063446128E-007) ( -5.9565775937318799     , -3.6897816934401724     )
   18.000699999999998        1.2500000000000000     
 (  12.133095778965599     ,  3.9740073565690457     ) (  12.500196087543072     ,  4.2643367783305743     )
 (  5.8225867247318197     ,  3.5033428252605625     ) (  5.2938909047109896E-007,  3.2894912391526027E-007) (  5.2938944247600307E-007,  3.2894923474725651E-007) ( -5.9598533996080736     , -3.7349757343358445     )
   18.050695000000001        1.2500000000000000     
 (  12.233282693428444     ,  4.0317453993983614     ) (  12.602884514668188     ,  4.3265771811834606     )
 (  5.8266251504388773     ,  3.5461985824948119     ) (  5.2975959343486879E-007,  3.3299831996459601E-007) (  5.2975995404185782E-007,  3.3299843408765903E-007) ( -5.9622920758542266     , -3.7802897121088224     )
   18.100690000000000        1.2500000000000000     
 (  12.333939421262412     ,  4.0900528542095076     ) (  12.706041395215946     ,  4.3894389134770879     )
 (  5.8298777040440815     ,  3.5891795613703437     ) (  5.3005846356979896E-007,  3.3706014549359005E-007) (  5.3005883298014584E-007,  3.3706026284480422E-007) ( -5.9638818584230915     , -3.8257127902602024     )
   18.150684999999999        1.2500000000000000     
 (  12.435067330966190     ,  4.1489328535966283     ) (  12.809667513610730     ,  4.4529256581312833     )
 (  5.8323322858091160     ,  3.6322762912904496     ) (  5.3028458243146451E-007,  3.4113373867886503E-007) (  5.3028496092694024E-007,  3.4113385961399307E-007) ( -5.9646098891338175     , -3.8712339529593489     )
   18.200679999999998        1.2500000000000000     
 (  12.536669249384083     ,  4.2083879604855312     ) (  12.913766294731428     ,  4.5170405969126568     )
 (  5.8339778244975724     ,  3.6754784137594587     ) (  5.3043699079964946E-007,  3.4521815962240093E-007) (  5.3043737777707702E-007,  3.4521828407393516E-007) ( -5.9644648114564456     , -3.9168412100945380     )
   18.250675000000001        1.2500000000000000     
 (  12.638746576196660     ,  4.2684216336790026     ) (  13.018338347607695     ,  4.5817877984847550     )
 (  5.8348025270763371     ,  3.7187760975816562     ) (  5.3051459332804553E-007,  3.4931251530789236E-007) (  5.3051498966820534E-007,  3.4931264356825884E-007) ( -5.9634339521920907     , -3.9625231095539020     )
   18.300670000000000        1.2500000000000000     
 (  12.741302410906806     ,  4.3290370654730621     ) (  13.123386876489146     ,  4.6471711744608406     )
 (  5.8347954812871201     ,  3.7621589547152419     ) (  5.3051643925909792E-007,  3.5341586887112515E-007) (  5.3051684505712957E-007,  3.5341600081418564E-007) ( -5.9615062412509507     , -4.0082676333746949     )
   18.350664999999999        1.2500000000000000     
 (  12.844338124180695     ,  4.3902372857129279     ) (  13.228913196718352     ,  4.7131945230756944     )
 (  5.8339442282014566     ,  3.8056159561040657     ) (  5.3044138305054978E-007,  3.5752723034601101E-007) (  5.3044179845512133E-007,  3.5752736603710288E-007) ( -5.9586682550983037     , -4.0540621414115812     )
   18.400659999999998        1.2500000000000000     
 (  12.947856965090082     ,  4.4520260533178249     ) (  13.334920174959102     ,  4.7798621947924556     )
 (  5.8322381132068006     ,  3.8491365092339134     ) (  5.3028848757576872E-007,  3.6164562736837360E-007) (  5.3028891306001964E-007,  3.6164576725142078E-007) ( -5.9549093591885134     , -4.0998941271872154     )
   18.450655000000001        1.2500000000000000     
 (  13.051860948810498     ,  4.5144067107325236     ) (  13.441409869312418     ,  4.8471783564936306     )
 (  5.8296651427355259     ,  3.8927092376548433     ) (  5.3005667340243867E-007,  3.6577004106546084E-007) (  5.3005710866093564E-007,  3.6577018495011607E-007) ( -5.9502168272315341     , -4.1457505416057119     )
   18.500650000000000        1.2500000000000000     
 (  13.156353282195541     ,  4.5773829110842152     ) (  13.548385176610722     ,  4.9151474862937556     )
 (  5.8262150488393170     ,  3.9363225953663110     ) (  5.2974501356563262E-007,  3.6989943180649141E-007) (  5.2974545923493743E-007,  3.6989957990562037E-007) ( -5.9445799951425791     , -4.1916180405041015     )
   18.550644999999999        1.2500000000000000     
 (  13.261336044878817     ,  4.6409583643356012     ) (  13.655848267289445     ,  4.9837742091715223     )
 (  5.8218751600874956     ,  3.9799647919263013     ) (  5.2935239597978733E-007,  3.7403274535151039E-007) (  5.2935285125755321E-007,  3.7403289777951298E-007) ( -5.9379860888559692     , -4.2374830708342186     )
   18.600639999999999        1.2500000000000000     
 (  13.366812731762920     ,  4.7051369900526430     ) (  13.763802301536099     ,  5.0530630659132312     )
 (  5.8166352647133666     ,  4.0236237598432218     ) (  5.2887788497757243E-007,  3.7816887548309921E-007) (  5.2887835082153721E-007,  3.7816903222653837E-007) ( -5.9304241955392101     , -4.2833314572535386     )
   18.650635000000001        1.2500000000000000     
 (  13.472785911196615     ,  4.7699226069237053     ) (  13.872249454215348     ,  5.1230188044537437     )
 (  5.8104839944607249     ,  4.0672870108723158     ) (  5.2832047787512939E-007,  3.8230670145428774E-007) (  5.2832095527579126E-007,  3.8230686247424907E-007) ( -5.9218829693555666     , -4.3291487907117636     )
   18.700630000000000        1.2500000000000000     
 (  13.579258719530127     ,  4.8353193395526306     ) (  13.981192775536263     ,  5.1936464892544096     )
 (  5.8034098369666252     ,  4.1109417536644823     ) (  5.2767912620344093E-007,  3.8644507594506600E-007) (  5.2767961456382918E-007,  3.8644524177122283E-007) ( -5.9123502883464809     , -4.3749203418147937     )
   18.750624999999999        1.2500000000000000     
 (  13.686234120002418     ,  4.9013317137547396     ) (  14.090635200077072     ,  5.2649517347391912     )
 (  5.7954021407489797     ,  4.1545752957451416     ) (  5.2695290630104022E-007,  3.9058286927577955E-007) (  5.2695340603055381E-007,  3.9058303977103070E-007) ( -5.9018154805468059     , -4.4206315187037708     )
   18.800620000000002        1.2500000000000000     
 (  13.793715652402335     ,  4.9679637141735347     ) (  14.200579960624175     ,  5.3369393043460045     )
 (  5.7864500485096881     ,  4.1981740123365503     ) (  5.2614084623402850E-007,  3.9471884155060647E-007) (  5.2614135759488354E-007,  3.9471901645809162E-007) ( -5.8902676416076556     , -4.4662664275405177     )
   18.850615000000001        1.2500000000000000     
 (  13.901705669878513     ,  5.0352204770780382     ) (  14.311028888819349     ,  5.4096153962279967     )
 (  5.7765417661062948     ,  4.2417247444514468     ) (  5.2524187423247278E-007,  3.9885181491719122E-007) (  5.2524239723593470E-007,  3.9885199504924240E-007) ( -5.8776944641633442     , -4.5118098529050199     )
   18.900610000000000        1.2500000000000000     
 (  14.010208785645803     ,  5.1031064595568205     ) (  14.421986611632684     ,  5.4829856674041695     )
 (  5.7656675875855035     ,  4.2852134068099392     ) (  5.2425515087514072E-007,  4.0298053982758451E-007) (  5.2425568562506529E-007,  4.0298072492630121E-007) ( -5.8640865177859220     , -4.5572456924535381     )
   18.950604999999999        1.2500000000000000     
 (  14.119227822224266     ,  5.1716264698625825     ) (  14.533455516915478     ,  5.5570557653869850     )
 (  5.7538167005860092     ,  4.3286256394339828     ) (  5.2317968085515822E-007,  4.0710370671640764E-007) (  5.2318022762517033E-007,  4.0710389711459089E-007) ( -5.8494324032087750     , -4.6025571162297858     )
   19.000600000000002        1.2500000000000000     
 (  14.228765936935925     ,  5.2407858332694301     ) (  14.645438225965917     ,  5.6318322787436239     )
 (  5.7409769444207210     ,  4.3719471769377947     ) (  5.2201440735172789E-007,  4.1122005124401952E-007) (  5.2201496715735788E-007,  4.1122024658322241E-007) ( -5.8337204273666758     , -4.6477277616064434     )
   19.050595000000001        1.2500000000000000     
 (  14.338827879616867     ,  5.3105894998405772     ) (  14.757939893466158     ,  5.7073214063374351     )
 (  5.7271400360019005     ,  4.4151628186251921     ) (  5.2075860511714458E-007,  4.1532822024705749E-007) (  5.2075917740860127E-007,  4.1532842110347592E-007) ( -5.8169422319839894     , -4.6927402076806333     )
   19.100590000000000        1.2500000000000000     
 (  14.449416011870852     ,  5.3810432783251168     ) (  14.870961647772253     ,  5.7835299583073390     )
 (  5.7122945377407728     ,  4.4582577193343971     ) (  5.1941122191752059E-007,  4.1942687155551922E-007) (  5.1941180681033239E-007,  4.1942707757252320E-007) ( -5.7990862163178933     , -4.7375771270483096     )
   19.150585000000000        1.2500000000000000     
 (  14.560534854153634     ,  5.4521525522378571     ) (  14.984508005294440     ,  5.8604646968812890     )
 (  5.6964295622337007     ,  4.5012162257581103     ) (  5.1797131005086249E-007,  4.2351461370229224E-007) (  5.1797190791227249E-007,  4.2351482556116308E-007) ( -5.7801417972372873     , -4.7822205201505952     )
   19.200580000000002        1.2500000000000000     
 (  14.672188751805942     ,  5.5239232796802611     ) (  15.098582811099853     ,  5.9381327606485543     )
 (  5.6795361618161131     ,  4.5440224181932916     ) (  5.1643809372870568E-007,  4.2759001902413731E-007) (  5.1643870478624028E-007,  4.2759023672305309E-007) ( -5.7601004326226262     , -4.8266519653397246     )
   19.250575000000001        1.2500000000000000     
 (  14.784380482353100     ,  5.5963617590012662     ) (  15.213188500268412     ,  6.0165418343118953     )
 (  5.6616030254226581     ,  4.5866603975140752     ) (  5.1481054873326506E-007,  4.3165167669592462E-007) (  5.1481117302111760E-007,  4.3165190031777377E-007) ( -5.7389508631901673     , -4.8708532090251841     )
   19.300570000000000        1.2500000000000000     
 (  14.897114755144514     ,  5.6694743443944349     ) (  15.328329170240131     ,  6.0956996646510415     )
 (  5.6426212170196228     ,  4.6291136617100284     ) (  5.1308787511968000E-007,  4.3569811692384979E-007) (  5.1308851427668358E-007,  4.3569834660287311E-007) ( -5.7166843065312456     , -4.9148052390604260     )
   19.350565000000000        1.2500000000000000     
 (  15.010395640875693     ,  5.7432671967270119     ) (  15.444008308571428     ,  6.1756138595058694     )
 (  5.6225807269496917     ,  4.6713651167976034     ) (  5.1126920350045848E-007,  4.3972781883719895E-007) (  5.1126985645485553E-007,  4.3972805425740396E-007) ( -5.6932913300348957     , -4.9584883588454112     )
   19.400560000000002        1.2500000000000000     
 (  15.124226315605735     ,  5.8177476416945382     ) (  15.560228366004546     ,  6.2562931796526096     )
 (  5.6014712713284256     ,  4.7133979941753719     ) (  5.0935360221096582E-007,  4.4373928949961200E-007) (  5.0935426933041428E-007,  4.4373953194309392E-007) ( -5.6687620240883545     , -5.0018832221964225     )
   19.450555000000001        1.2500000000000000     
 (  15.238611951631057     ,  5.8929223037630445     ) (  15.676994370636551     ,  6.3377455783024068     )
 (  5.5792840857395749     ,  4.7551943423300900     ) (  5.0734033239733678E-007,  4.4773092152649260E-007) (  5.0734101358616026E-007,  4.4773117005911131E-007) ( -5.6430883146535402     , -5.0449691060740491     )
   19.500550000000000        1.2500000000000000     
 (  15.353556404039468     ,  5.9687986348072055     ) (  15.794309110527657     ,  6.4199801786585713     )
 (  5.5560103435142230     ,  4.7967363214003864     ) (  5.0522856319179632E-007,  4.5170113758718722E-007) (  5.0522926018479971E-007,  4.5170139266348643E-007) ( -5.6162614861287299     , -5.0877255336106959     )
   19.550545000000000        1.2500000000000000     
 (  15.469063503186018     ,  6.0453842944850820     ) (  15.912175625803417     ,  6.5030062089531571     )
 (  5.5316397129557862     ,  4.8380059981696384     ) (  5.0301742558780666E-007,  4.5564834660447147E-007) (  5.0301813712598972E-007,  4.5564860832456403E-007) ( -5.5882725075288562     , -5.1301318585725504     )
   19.600540000000002        1.2500000000000000     
 (  15.585137729467021     ,  6.1226867548240609     ) (  16.030597918689349     ,  6.5868327797340456     )
 (  5.5061636553883808     ,  4.8789842047352039     ) (  5.0070612982726185E-007,  4.5957085094451653E-007) (  5.0070685791890054E-007,  4.5957111946655995E-007) ( -5.5591130007084359     , -5.1721661574740256     )
   19.650535000000001        1.2500000000000000     
 (  15.701783179118721     ,  6.2007148310230882     ) (  16.149578926114479     ,  6.6714703235188813     )
 (  5.4795737000003069     ,  4.9196527253660660     ) (  4.9829394178067914E-007,  4.6346702846325473E-007) (  4.9829468503479722E-007,  4.6346730389766192E-007) ( -5.5287755867126096     , -5.2138073050250906     )
   19.700530000000001        1.2500000000000000     
 (  15.819004741397370     ,  6.2794764620035206     ) (  16.269123026286682     ,  6.7569286085454809     )
 (  5.4518613937660572     ,  4.9599917200973973     ) (  4.9578013367897527E-007,  4.6733513209759966E-007) (  4.9578089374733941E-007,  4.6733541457327565E-007) ( -5.4972529130714411     , -5.2550326949047772     )
   19.750525000000000        1.2500000000000000     
 (  15.936805986677982     ,  6.3589804539946160     ) (  16.389232573584948     ,  6.8432180942850147     )
 (  5.4230177816002589     ,  4.9999815159394947     ) (  4.9316389288431191E-007,  4.7117341405182603E-007) (  4.9316466860678311E-007,  4.7117370416896184E-007) ( -5.4645368840639064     , -5.2958196834729350     )
   19.800520000000002        1.2500000000000000     
 (  16.055191523737815     ,  6.4392360971339775     ) (  16.509911115958534     ,  6.9303499854065302     )
 (  5.3930356684613248     ,  5.0396023003632058     ) (  4.9044456468407691E-007,  4.7498013120816172E-007) (  4.9044535771555680E-007,  4.7498042862626334E-007) ( -5.4306209705902502     , -5.3361456256777577     )
   19.850515000000001        1.2500000000000000     
 (  16.174165431881519     ,  6.5202519823728249     ) (  16.631161729787760     ,  7.0183343870639270     )
 (  5.3619058029049178     ,  5.0788329500370528     ) (  4.8762138032656100E-007,  4.7875338910687330E-007) (  4.8762219015642012E-007,  4.7875369469516314E-007) ( -5.3954978429902427     , -5.3759860701789011     )
   19.900510000000001        1.2500000000000000     
 (  16.293732616863771     ,  6.6020391580625590     ) (  16.752988096188876     ,  7.1071847519541276     )
 (  5.3296222079172946     ,  5.1176538737089432     ) (  4.8469377349885048E-007,  4.8249150234527712E-007) (  4.8469460033749286E-007,  4.8249181525641561E-007) ( -5.3591623408514097     , -5.4153189274533480     )
   19.950505000000000        1.2500000000000000     
 (  16.413896323067604     ,  6.6846063759743108     ) (  16.875392199806488     ,  7.1969113353029570     )
 (  5.2961760295930960     ,  5.1560425077933392     ) (  4.8166096233781403E-007,  4.8619244462462646E-007) (  4.8166180661052401E-007,  4.8619276559383035E-007) ( -5.3216068643970047     , -5.4541181694302328     )
   20.000500000000002        1.2500000000000000     
 (  16.534661105524545     ,  6.7679644735475541     ) (  16.998377407621053     ,  7.2875271606331697     )
 (  5.2615604665369728     ,  5.1939779628847962     ) (  4.7852237783203455E-007,  4.8985439035790318E-007) (  4.7852324057064586E-007,  4.8985471949540451E-007) ( -5.2828266579229188     , -5.4923599700951522     )
   20.050495000000002        1.2500000000000000     
 (  16.656030560769924     ,  6.8521238022727822     ) (  17.121945428262737     ,  7.3790444275637377     )
 (  5.2257686890050730     ,  5.2314374837770314     ) (  4.7527736991754351E-007,  4.9347532789304726E-007) (  4.7527824979673635E-007,  4.9347566520924704E-007) ( -5.2428158371927722     , -5.5300184352674622     )
   20.100490000000001        1.2500000000000000     
 (  16.778009976347004     ,  6.9370960294542776     ) (  17.246100566345749     ,  7.4714769230176534     )
 (  5.1887943663377385     ,  5.2683996800955377     ) (  4.7192540241567270E-007,  4.9705337311863070E-007) (  4.7192630196992360E-007,  4.9705371909356009E-007) ( -5.2015702009936051     , -5.5670689474294184     )
   20.150485000000000        1.2500000000000000     
 (  16.900602690717506     ,  7.0228920912269475     ) (  17.370844472913959     ,  7.5648376833692570     )
 (  5.1506311805800111     ,  5.3048408545319683     ) (  4.6846593227936605E-007,  5.0058645003204685E-007) (  4.6846685037759174E-007,  5.0058680432448859E-007) ( -5.1590854654709739     , -5.6034847749376295     )
   20.200480000000002        1.2500000000000000     
 (  17.023812982033050     ,  7.1095244403294213     ) (  17.496179406970246     ,  7.6591413696902668     )
 (  5.1112725834304022     ,  5.3407385989552658     ) (  4.6489835477923516E-007,  5.0407259591801788E-007) (  4.6489929226969832E-007,  5.0407295915861277E-007) ( -5.1153566427763133     , -5.6392403918561618     )
   20.250475000000002        1.2500000000000000     
 (  17.147644018162222     ,  7.1970047177633143     ) (  17.622106945298530     ,  7.7544017358259323     )
 (  5.0707136255477048     ,  5.3760688231080627     ) (  4.6122223427909572E-007,  5.0750968520966807E-007) (  4.6122319095016358E-007,  5.0751005755936877E-007) ( -5.0703810109513263     , -5.6743083021977752     )
   20.300470000000001        1.2500000000000000     
 (  17.272099952822515     ,  7.2853452583675393     ) (  17.748628911105012     ,  7.8506329359475249     )
 (  5.0289476363085885     ,  5.4108070296098871     ) (  4.5743697568729941E-007,  5.1089554551102884E-007) (  4.5743795178768831E-007,  5.1089592713263043E-007) ( -5.0241541392543114     , -5.7086605959433809     )
   20.350465000000000        1.2500000000000000     
 (  17.397184526829669     ,  7.3745594281860720     ) (  17.875747698370567     ,  7.9478509868120932     )
 (  4.9859713252509801     ,  5.4449292277568366     ) (  4.5354230742468075E-007,  5.1422810671614039E-007) (  4.5354330404216301E-007,  5.1422849805123016E-007) ( -4.9766753534782708     , -5.7422703790290122     )
   20.400459999999999        1.2500000000000000     
 (  17.522900502143621     ,  7.4646608715255747     ) (  18.003463353293707     ,  8.0460715123144517     )
 (  4.9417787477146105     ,  5.4784108049343363     ) (  4.4953767105777994E-007,  5.1750519541037372E-007) (  4.4953868887888667E-007,  5.1750559664729368E-007) ( -4.9279406796132648     , -5.7751096399343167     )
   20.450454999999998        1.2500000000000000     
 (  17.649252036383974     ,  7.5556627633026743     ) (  18.131777913992863     ,  8.1453100060744088     )
 (  4.8963666121662319     ,  5.5112259251940001     ) (  4.4542277574828911E-007,  5.2072454622937837E-007) (  4.4542381443819639E-007,  5.2072495693400189E-007) ( -4.8779498150465033     , -5.8071491413398517     )
   20.500450000000001        1.2500000000000000     
 (  17.776241410773437     ,  7.6475798672927784     ) (  18.260691145081445     ,  8.2455836754866194     )
 (  4.8497299541599563     ,  5.5433494513346586     ) (  4.4119718455799540E-007,  5.2388397702725760E-007) (  4.4119824408927626E-007,  5.2388439767293763E-007) ( -4.8267006509079318     , -5.8383606954995537     )
   20.550445000000000        1.2500000000000000     
 (  17.903872317065773     ,  7.7404264811789423     ) (  18.390204474340518     ,  8.3469088760095609     )
 (  4.8018662920788415     ,  5.5747546924549001     ) (  4.3686067779349520E-007,  5.2698113465936725E-007) (  4.3686176013484562E-007,  5.2698156501255465E-007) ( -4.7741935612344699     , -5.8687141630364037     )
   20.600439999999999        1.2500000000000000     
 (  18.032147189602004     ,  7.8342176212899979     ) (  18.520317233022681     ,  8.4493029503409236     )
 (  4.7527720981948134     ,  5.6054151236008414     ) (  4.3241292342289232E-007,  5.3001370341967238E-007) (  4.3241402856096805E-007,  5.3001414449593087E-007) ( -4.7204282725008397     , -5.8981797651995658     )
   20.650434999999998        1.2500000000000000     
 (  18.161068604306166     ,  7.9289694074906238     ) (  18.651029338425975     ,  8.5527843634974037     )
 (  4.7024446760083114     ,  5.6353045850263559     ) (  4.2785367809863012E-007,  5.3297940024588037E-007) (  4.2785480478009100E-007,  5.3297985179034335E-007) ( -4.6654054261077214     , -5.9267280920458054     )
   20.700430000000001        1.2500000000000000     
 (  18.290639453394121     ,  8.0246965753620270     ) (  18.782340682977107     ,  8.6573700364496702     )
 (  4.6508825326798364     ,  5.6643942900419253     ) (  4.2318281608609090E-007,  5.3587569915909668E-007) (  4.2318396598533103E-007,  5.3587616182930905E-007) ( -4.6091270560131239     , -5.9543269253883837     )
   20.750425000000000        1.2500000000000000     
 (  18.420860307841924     ,  8.1214166887611512     ) (  18.914248559552220     ,  8.7630800133104767     )
 (  4.5980829757078991     ,  5.6926574958908427     ) (  4.1840004128932208E-007,  5.3870028961626254E-007) (  4.1840121367435109E-007,  5.3870076273176705E-007) ( -4.5515936640312606     , -5.9809466463092873     )
   20.800419999999999        1.2500000000000000     
 (  18.551734067254461     ,  8.2191459480088298     ) (  19.046752925746876     ,  8.8699326739202320     )
 (  4.5440456097037627     ,  5.7200653605636589     ) (  4.1350533312292027E-007,  5.4145064157273236E-007) (  4.1350653062765561E-007,  5.4145112677827089E-007) ( -4.4928087692444549     , -6.0065549876966884     )
   20.850414999999998        1.2500000000000000     
 (  18.683262582445149     ,  8.3179017896742256     ) (  19.179851522827601     ,  8.9779475454320536     )
 (  4.4887702141371113     ,  5.7465892432981551     ) (  4.0849866361777549E-007,  5.4412424495900411E-007) (  4.0849988405227272E-007,  5.4412474084246370E-007) ( -4.4327766971440905     , -6.0311199907936528     )
   20.900410000000001        1.2500000000000000     
 (  18.815446025230543     ,  8.4177020585011864     ) (  19.313541261489867     ,  9.0871450942253347     )
 (  4.4322555454629544     ,  5.7722004480650542     ) (  4.0337988643527346E-007,  5.4671862725173905E-007) (  4.0338113142062431E-007,  5.4671913535688764E-007) ( -4.3714999036542146     , -6.0546101037553441     )
   20.950405000000000        1.2500000000000000     
 (  18.948285654399175     ,  8.5185645880926160     ) (  19.447819625700838     ,  9.1975450173850124     )
 (  4.3745028788390705     ,  5.7968686580119622     ) (  3.9814911516885863E-007,  5.4923112592129731E-007) (  3.9815038579786954E-007,  5.4923164576477079E-007) ( -4.3089844846505052     , -6.0769917643450686     )
   21.000399999999999        1.2500000000000000     
 (  19.081782070518276     ,  8.6205090884978830     ) (  19.582682829615283     ,  9.3091694120264457     )
 (  4.3155126873313350     ,  5.8205650674073377     ) (  3.9280633875705712E-007,  5.5165924626252020E-007) (  3.9280763463765432E-007,  5.5165977801293922E-007) ( -4.2452349354352927     , -6.0982332127728194     )
   21.050394999999998        1.2500000000000000     
 (  19.215934628646611     ,  8.7235532376365850     ) (  19.718126158673741     ,  9.4220378938941796     )
 (  4.2552867555479050     ,  5.8432578709979612     ) (  3.8735172148847668E-007,  5.5400020333824250E-007) (  3.8735304196797644E-007,  5.5400074773059998E-007) ( -4.1802583750725084     , -6.1182994893918181     )
   21.100390000000001        1.2500000000000000     
 (  19.350744044964625     ,  8.8277175296424772     ) (  19.854146044265626     ,  9.5361732281884777     )
 (  4.1938275418241053     ,  5.8649173137758632     ) (  3.8178543663428908E-007,  5.5625142927313421E-007) (  3.8178678445621619E-007,  5.5625198605558715E-007) ( -4.1140620846572586     , -6.1371581777709991     )
   21.150385000000000        1.2500000000000000     
 (  19.486209249716225     ,  8.9330220356396772     ) (  19.990736691400219     ,  9.6515974270726694     )
 (  4.1311378782281798     ,  5.8855116431210597     ) (  3.7610771256436266E-007,  5.5841015999590569E-007) (  3.7610908631377162E-007,  5.5841072942813596E-007) ( -4.0466541883804759     , -6.1547747332645883     )
   21.200379999999999        1.2500000000000000     
 (  19.622328572484957     ,  9.0394868429628374     ) (  20.127891690967953     ,  9.7683323542185914     )
 (  4.0672212802466419     ,  5.9050094954002050     ) (  3.7031882167840394E-007,  5.6047364850357770E-007) (  3.7032022317968280E-007,  5.6047423141290102E-007) ( -3.9780434579685644     , -6.1711147528165418     )
   21.250374999999998        1.2500000000000000     
 (  19.759100650022248     ,  9.1471331771677438     ) (  20.265604766384797     ,  9.8864013572087064     )
 (  4.0020824408571443     ,  5.9233787284685375     ) (  3.6441914342500110E-007,  5.6243912940071547E-007) (  3.6442057294033091E-007,  5.6243972582890550E-007) ( -3.9082401556624609     , -6.1861438030368996     )
   21.300370000000001        1.2500000000000000     
 (  19.896523526563499     ,  9.2559829960924649     ) (  20.403868689044032     ,  10.005828057934259     )
 (  3.9357260496135589     ,  5.9405871024014925     ) (  3.5840907419732715E-007,  5.6430379523353783E-007) (  3.5841053047498062E-007,  5.6430440526056622E-007) ( -3.8372552912785700     , -6.1998271070303890     )
   21.350365000000000        1.2500000000000000     
 (  20.034593819998584     ,  9.3660576497565131     ) (  20.542674270188627     ,  10.126635336626185     )
 (  3.8681566990857150     ,  5.9566017707207060     ) (  3.5228894178117959E-007,  5.6606478010683775E-007) (  3.5229042783083048E-007,  5.6606540384276585E-007) ( -3.7650992597309596     , -6.2121292200470499     )
   21.400359999999999        1.2500000000000000     
 (  20.173308339318986     ,  9.4773791601399502     ) (  20.682013042399653     ,  10.248846754341423     )
 (  3.7993831034704679     ,  5.9713886666633069     ) (  3.4605951115444041E-007,  5.6771913589127405E-007) (  3.4606102594803636E-007,  5.6771977380836857E-007) ( -3.6917873523105915     , -6.2230140590968475     )
   21.450354999999998        1.2500000000000000     
 (  20.312663751608198     ,  9.5899714814869945     ) (  20.821875872458474     ,  10.372488020300009     )
 (  3.7294108931676995     ,  5.9849159039553310     ) (  3.3972120654428363E-007,  5.6926410866868659E-007) (  3.3972275293656460E-007,  5.6926476089320563E-007) ( -3.6173313282210429     , -6.2324476023720168     )
   21.500350000000001        1.2500000000000000     
 (  20.452655886223248     ,  9.7038563667288642     ) (  20.962252254330146     ,  10.497581605385186     )
 (  3.6582484277213463     ,  5.9971476682617766     ) (  3.3327475459231167E-007,  5.7069655969993541E-007) (  3.3327632837943153E-007,  5.7069722713736915E-007) ( -3.5417472633232059     , -6.2403919170279547     )
   21.550345000000000        1.2500000000000000     
 (  20.593277664748644     ,  9.8190587137049690     ) (  21.103128961104716     ,  10.624153894556935     )
 (  3.5859059606198866     ,  6.0080507419017009     ) (  3.2672094824211526E-007,  5.7201363602610757E-007) (  3.2672255294814909E-007,  5.7201431803610419E-007) ( -3.4650510184912728     , -6.2468123328696148     )
   21.600339999999999        1.2500000000000000     
 (  20.734524741779733     ,  9.9356023685973138     ) (  21.244495054892013     ,  10.752229742463742     )
 (  3.5123916657715593     ,  6.0175908005062331     ) (  3.2006050106225707E-007,  5.7321235759493732E-007) (  3.2006213958270440E-007,  5.7321305553980817E-007) ( -3.3872592387768741     , -6.2516728100896177     )
   21.650334999999998        1.2500000000000000     
 (  20.876390858295636     ,  10.053511379632337     ) (  21.386337046880222     ,  10.881833768267295     )
 (  3.4377161754653640     ,  6.0257318908850657     ) (  3.1329424737456424E-007,  5.7428960170282508E-007) (  3.1329591417441333E-007,  5.7429031412369875E-007) ( -3.3083896585580552     , -6.2549361237209178     )
   21.700330000000001        1.2500000000000000     
 (  21.018867730783153     ,  10.172811262020179     ) (  21.528640517869128     ,  11.012992044777384     )
 (  3.3618934296628074     ,  6.0324393859906511     ) (  3.0642339640694496E-007,  5.7524236175192898E-007) (  3.0642509565325205E-007,  5.7524309065223416E-007) ( -3.2284638443545064     , -6.2565664326927282     )
   21.750325000000000        1.2500000000000000     
 (  21.161948314614143     ,  10.293527024608306     ) (  21.671390553247619     ,  11.145729852749881     )
 (  3.2849345343166840     ,  6.0376777732022404     ) (  2.9944883058790735E-007,  5.7606755557993637E-007) (  2.9945056267383845E-007,  5.7606830065836332E-007) ( -3.1475010169614053     , -6.2565273099254313     )
   21.800319999999999        1.2500000000000000     
 (  21.305621718679632     ,  10.415683975537140     ) (  21.814569228613085     ,  11.280072849718620     )
 (  3.2068536871561810     ,  6.0414105542267231     ) (  2.9237175057264977E-007,  5.7676203870234190E-007) (  2.9237351663922227E-007,  5.7676280023370516E-007) ( -3.0655235103077132     , -6.2547818476478216     )
   21.850314999999998        1.2500000000000000     
 (  21.449879999922185     ,  10.539309507657201     ) (  21.958160622094269     ,  11.416048122135509     )
 (  3.1276644331352044     ,  6.0436029606596531     ) (  2.8519323903018087E-007,  5.7732277919641509E-007) (  2.8519503697603271E-007,  5.7732355748776876E-007) ( -2.9825531517702624     , -6.2512946443873769     )
   21.900310000000001        1.2500000000000000     
 (  21.594712733821851     ,  10.664427932844657     ) (  22.102146918570043     ,  11.553679607704321     )
 (  3.0473841945207267     ,  6.0442169757326321     ) (  2.7791480570863739E-007,  5.7774648314995580E-007) (  2.7791663854005447E-007,  5.7774727898297186E-007) ( -2.8986165431818547     , -6.2460276606434020     )
   21.950305000000000        1.2500000000000000     
 (  21.740107328294897     ,  10.791067695248660     ) (  22.246506496662882     ,  11.692995137543479     )
 (  2.9660277660684407     ,  6.0432175085480067     ) (  2.7053761843832121E-007,  5.7803011824678760E-007) (  2.7053948788159240E-007,  5.7803093133907183E-007) ( -2.8137369736296032     , -6.2389461609680117     )
   22.000299999999999        1.2500000000000000     
 (  21.886051689654849     ,  10.919254800804239     ) (  22.391220092583005     ,  11.834019565314160     )
 (  2.8836160290614945     ,  6.0405666033059360     ) (  2.6306345171288034E-007,  5.7817037941841431E-007) (  2.6306535367331482E-007,  5.7817121129067015E-007) ( -2.7279439933583980     , -6.2300126011280339     )
   22.050295000000002        1.2500000000000000     
 (  22.032532773653909     ,  11.049017635938306     ) (  22.536265575735854     ,  11.976780261293955     )
 (  2.8001657971095475     ,  6.0362288647416307     ) (  2.5549369005521216E-007,  5.7816422114441186E-007) (  2.5549562887269884E-007,  5.7816507005194202E-007) ( -2.6412644241824355     , -6.2191927078198379     )
   22.100290000000001        1.2500000000000000     
 (  22.179535690765075     ,  11.180381965843807     ) (  22.681619283173834     ,  12.121301043575984     )
 (  2.7156977477686555     ,  6.0301654563015585     ) (  2.4783006358086140E-007,  5.7800824509036842E-007) (  2.4783203848665468E-007,  5.7800911190700524E-007) ( -2.5537281380294998     , -6.2064485662115008     )
   22.150285000000000        1.2500000000000000     
 (  22.327044946605998     ,  11.313376712623221     ) (  22.827257024737499     ,  12.267609014497712     )
 (  2.6302344004227969     ,  6.0223404687212554     ) (  2.4007441776555964E-007,  5.7769935225381985E-007) (  2.4007643021763859E-007,  5.7770023812717470E-007) ( -2.4653668295935933     , -6.1917461157513483     )
   22.200279999999999        1.2500000000000000     
 (  22.475044217880132     ,  11.448029900551147     ) (  22.973153663420241     ,  12.415729757929503     )
 (  2.5437979372048094     ,  6.0127163713675689     ) (  2.3222866140721942E-007,  5.7723428958999829E-007) (  2.3223070968820801E-007,  5.7723519523972413E-007) ( -2.3762133790313280     , -6.1750499759639608     )
   22.250275000000002        1.2500000000000000     
 (  22.623514807830368     ,  11.584369154048931     ) (  23.119281336427211     ,  12.565688157260537     )
 (  2.4564133027514456     ,  6.0012560171535085     ) (  2.2429482326955858E-007,  5.7660983544083227E-007) (  2.2429691268614612E-007,  5.7661075990002320E-007) ( -2.2863019635749393     , -6.1563254209990541     )
   22.300270000000001        1.2500000000000000     
 (  22.772440102471016     ,  11.722422674010648     ) (  23.265613262887811     ,  12.717509142765842     )
 (  2.3681042815385291     ,  5.9879220299489528     ) (  2.1627489716262622E-007,  5.7582272471071804E-007) (  2.1627702329988402E-007,  5.7582366938988138E-007) ( -2.1956670925694342     , -6.1355377273807106     )
   22.350265000000000        1.2500000000000000     
 (  22.921797364322540     ,  11.862218997368036     ) (  23.412118075156506     ,  12.871217826711669     )
 (  2.2788986736579147     ,  5.9726770787445442     ) (  2.0817121133297034E-007,  5.7486974434568255E-007) (  2.0817337716771052E-007,  5.7487070903834554E-007) ( -2.1043465857634245     , -6.1126533596065533     )
   22.400259999999999        1.2500000000000000     
 (  23.071567950920702     ,  12.003786095298869     ) (  23.558766963576861     ,  13.026837869476951     )
 (  2.1888243396225757     ,  5.9554843564595510     ) (  1.9998606181827788E-007,  5.7374766152221942E-007) (  1.9998826988306311E-007,  5.7374864852317284E-007) ( -2.0123786543249316     , -6.0876388272252839     )
   22.450255000000002        1.2500000000000000     
 (  23.221727487405349     ,  12.147152852689722     ) (  23.705526489061810     ,  13.184393622352077     )
 (  2.0979106563975387     ,  5.9363065058778126     ) (  1.9172193969539972E-007,  5.7245324431962993E-007) (  1.9172418493185206E-007,  5.7245425127872634E-007) ( -1.9198031553761865     , -6.0604614267331298     )
   22.500250000000001        1.2500000000000000     
 (  23.372253692021633     ,  12.292347343625867     ) (  23.852364180647157     ,  13.343908243450972     )
 (  2.0061889368606631     ,  5.9151070065145959     ) (  1.8338144282707299E-007,  5.7098332077629190E-007) (  1.8338372989533460E-007,  5.7098434899699832E-007) ( -1.8266621054406962     , -6.0310895399153530     )
   22.550245000000000        1.2500000000000000     
 (  23.523120467159004     ,  12.439397148980763     ) (  23.999243791518222     ,  13.505403679546900     )
 (  1.9136913788267274     ,  5.8918487328082945     ) (  1.7496725061795801E-007,  5.6933465697452266E-007) (  1.7496958173514455E-007,  5.6933570608511519E-007) ( -1.7329983009742218     , -5.9994914202876934     )
   22.600239999999999        1.2500000000000000     
 (  23.674301893415929     ,  12.588331100352555     ) (  24.146130214435217     ,  13.668902820333932     )
 (  1.8204518539528960     ,  5.8664961285086754     ) (  1.6648221488489511E-007,  5.6750414592862389E-007) (  1.6648458498474044E-007,  5.6750521785510342E-007) ( -1.6388565342016308     , -5.9656372047564448     )
   22.650235000000002        1.2500000000000000     
 (  23.825770737273317     ,  12.739176669975011     ) (  24.292985752357026     ,  13.834426228103354     )
 (  1.7265059377314411     ,  5.8390121474643601     ) (  1.5792928274073839E-007,  5.6548855039210500E-007) (  1.5793169723318330E-007,  5.6548964415898369E-007) ( -1.5442826084814369     , -5.9294964586187646     )
   22.700230000000001        1.2500000000000000     
 (  23.977497307048608     ,  12.891961987236664     ) (  24.439771315335470     ,  14.001994896513951     )
 (  1.6318901800895944     ,  5.8093616262459875     ) (  1.4931152885548376E-007,  5.6328480753039447E-007) (  1.4931398652878958E-007,  5.6328592446356382E-007) ( -1.4493238677639884     , -5.8910412277185156     )
   22.750225000000000        1.2500000000000000     
 (  24.129450865727225     ,  13.046714266091055     ) (  24.586445383279518     ,  14.171628321354202     )
 (  1.5366435809008823     ,  5.7775088674195088     ) (  1.4063220293522636E-007,  5.6088980403208642E-007) (  1.4063470510034374E-007,  5.6089094414795619E-007) ( -1.3540303032231786     , -5.8502436369515571     )
   22.800219999999999        1.2500000000000000     
 (  24.281615803140504     ,  13.203450305333741     ) (  24.733004600305346     ,  14.343349599437589     )
 (  1.4408118344639094     ,  5.7434080852204588     ) (  1.3189657574929456E-007,  5.5830058789832262E-007) (  1.3189627736878661E-007,  5.5830059423308107E-007) ( -1.2584950687614085     , -5.8070835110606236     )
   22.850215000000002        1.2500000000000000     
 (  24.433927424395932     ,  13.362216789864819     ) (  24.879332589989474     ,  14.517167639126631     )
 (  1.3444250982715571     ,  5.7070479015422411     ) (  1.2310428144546501E-007,  5.5551407482664225E-007) (  1.2310397544716503E-007,  5.5551408147493250E-007) ( -1.1626846133676645     , -5.7615238113330696     )
   22.900210000000001        1.2500000000000000     
 (  24.586365743513070     ,  13.523029948823487     ) (  25.025420229025478     ,  14.693103392382396     )
 (  1.2475318080014832     ,  5.6683835007319674     ) (  1.1426083480526906E-007,  5.5252736381761735E-007) (  1.1426052102627806E-007,  5.5252737067547593E-007) ( -1.0666949865174995     , -5.7135464463882482     )
   22.950205000000000        1.2500000000000000     
 (  24.738895679695425     ,  13.685915616735075     ) (  25.171223363509952     ,  14.871171846657937     )
 (  1.1501774909500238     ,  5.6273811439763604     ) (  1.0537003254685859E-007,  5.4933746446314632E-007) (  1.0536971069602671E-007,  5.4933747162355406E-007) (-0.97058170240242392     , -5.6631278976932808     )
   23.000200000000000        1.2500000000000000     
 (  24.891477949844578     ,  13.850898347300042     ) (  25.316693513876952     ,  15.051387780882054     )
 (  1.0524088349509035     ,  5.5840096835763600     ) (  9.6435740885605611E-008,  5.4594167751214981E-007) (  9.6435411497393005E-008,  5.4594168493666126E-007) (-0.87440044017300778     , -5.6102479082969241     )
   23.050195000000002        1.2500000000000000     
 (  25.044073440669770     ,  14.018002594802509     ) (  25.461782858281044     ,  15.233763253809052     )
 ( 0.95427441169373139     ,  5.5382368085744140     ) (  8.7462101612416800E-008,  5.4233712597346095E-007) (  8.7461764034721558E-008,  5.4233713452866630E-007) (-0.77821063932969303     , -5.5548860169453418     )
   23.100190000000001        1.2500000000000000     
 (  25.196642200219912     ,  14.187251909985903     ) (  25.606441932251208     ,  15.418310142552707     )
 ( 0.85582205555481972     ,  5.4900333248105015     ) (  7.8453061186814431E-008,  5.3852122348898473E-007) (  7.8452714653637501E-008,  5.3852123174380944E-007) (-0.68206914583493738     , -5.4970247626578770     )
   23.150185000000000        1.2500000000000000     
 (  25.349140472250596     ,  14.358668860857813     ) (  25.750619591042732     ,  15.605038059866324     )
 ( 0.75710607559776189     ,  5.4393681395804983     ) (  6.9413197795760191E-008,  5.3449121804689274E-007) (  6.9412842448060521E-008,  5.3449122629376497E-007) (-0.58603881070848929     , -5.4366461828429351     )
   23.200180000000000        1.2500000000000000     
 (  25.501525294661402     ,  14.532275232545569     ) (  25.894264419452121     ,  15.793955260158684     )
 ( 0.65817741560959353     ,  5.3862138189921369     ) (  6.0346761662689035E-008,  5.3024466399075701E-007) (  6.0346398563892403E-008,  5.3024467254668086E-007) (-0.49017990708581988     , -5.3737364242048384     )
   23.250175000000002        1.2500000000000000     
 (  25.653750865086344     ,  14.708092065914382     ) (  26.037323088957155     ,  15.985068787861856     )
 ( 0.55909178584277153     ,  5.3305433557494171     ) (  5.1258453033752308E-008,  5.2577915912123022E-007) (  5.1258079936780373E-008,  5.2577916799596520E-007) (-0.39455621488592452     , -5.3082829030299097     )
   23.300170000000001        1.2500000000000000     
 (  25.805770295625173     ,  14.886138690898639     ) (  26.179741371006738     ,  16.178383310170538     )
 ( 0.45990506458021074     ,  5.2723306000378143     ) (  4.2152899954318635E-008,  5.2109234929750546E-007) (  4.2152517730372597E-008,  5.2109235849444298E-007) (-0.29923107579987379     , -5.2402739781021062     )
   23.350165000000001        1.2500000000000000     
 (  25.957533780456558     ,  15.066434224545077     ) (  26.321463760618748     ,  16.373902703940587     )
 ( 0.36067712330934532     ,  5.2115501565296665     ) (  3.3035201266861011E-008,  5.1618196852163852E-007) (  3.3034811472400446E-008,  5.1618197805713913E-007) (-0.20427193358622409     , -5.1697002448149485     )
   23.400160000000003        1.2500000000000000     
 (  26.108993249892812     ,  15.248994964346849     ) (  26.462434976318058     ,  16.571626925996419     )
 ( 0.26146547132952130     ,  5.1481792813732312     ) (  2.3910145941852334E-008,  5.1104592892709102E-007) (  2.3909744207748209E-008,  5.1104593923716091E-007) (-0.10974322882440180     , -5.0965548042600330     )
   23.450154999999999        1.2500000000000000     
 (  26.260095936972693     ,  15.433837553633094     ) (  26.602597509357626     ,  16.771556452052963     )
 ( 0.16233306161515113     ,  5.0821964154813459     ) (  1.4782980602687936E-008,  5.0568228333054019E-007) (  1.4782568648191043E-008,  5.0568229472176188E-007) ( -1.5713364221106359E-002, -5.0208330612794088     )
   23.500149999999998        1.2500000000000000     
 (  26.410789527059983     ,  15.620976236999768     ) (  26.741893961039963     ,  16.973688117428768     )
 (  6.3341551713456304E-002,  5.0135802632986612     ) (  5.6589548900262442E-009,  5.0008907949033167E-007) (  5.6585325328657670E-009,  5.0008909004026721E-007) (  7.7749568828406196E-002, -4.9425312590079686     )
   23.550145000000001        1.2500000000000000     
 (  26.561018823531992     ,  15.810424035040995     ) (  26.880264712602678     ,  17.178017069700232     )
 ( -3.5442895859376614E-002,  4.9423135506264000     ) ( -3.4564165234423023E-009,  4.9426469845600699E-007) ( -3.4568497126723913E-009,  4.9426471052777074E-007) ( 0.17057519745534064     , -4.8616500959727320     )
   23.600140000000000        1.2500000000000000     
 (  26.710727598509255     ,  16.002192783268786     ) (  27.017650657771590     ,  17.384536846749221     )
 (-0.13395538548654246     ,  4.8683787675512189     ) ( -1.2557683574545089E-008,  4.8820749797640042E-007) ( -1.2558126904647243E-008,  4.8820750921136709E-007) ( 0.26269482694461699     , -4.7781905296685867     )
   23.650134999999999        1.2500000000000000     
 (  26.859859952567348     ,  16.196290870516922     ) (  27.153992313631647     ,  17.593237320725663     )
 (-0.23212910414743973     ,  4.7917612052820306     ) ( -2.1639230665399411E-008,  4.8191609769703701E-007) ( -2.1639684237006888E-008,  4.8191610924684910E-007) ( 0.35403794238878800     , -4.6921572264571072     )
   23.700129999999998        1.2500000000000000     
 (  27.008355938587332     ,  16.392727556895242     ) (  27.289228928212161     ,  17.804108134241062     )
 (-0.32989322938466475     ,  4.7124477361312227     ) ( -3.0695074602663004E-008,  4.7538919750994991E-007) ( -3.0695540456088548E-008,  4.7538920946727484E-007) ( 0.44453126901497847     , -4.6035564364237080     )
   23.750125000000001        1.2500000000000000     
 (  27.156156463680400     ,  16.591507739417800     ) (  27.423299716701809     ,  18.017134835938943     )
 (-0.42717973791542402     ,  4.6304270801209118     ) ( -3.9719537086478592E-008,  4.6862569568970911E-007) ( -3.9720014257374202E-008,  4.6862570797824907E-007) ( 0.53410567254547070     , -4.5123970999621177     )
   23.800120000000000        1.2500000000000000     
 (  27.303200068236475     ,  16.792635965908474     ) (  27.556143618432838     ,  18.232301463207595     )
 (-0.52391451962806468     ,  4.5456919332215957     ) ( -4.8706331319239064E-008,  4.6162479438395892E-007) ( -4.8706820114261902E-008,  4.6162480715176606E-007) ( 0.62268618432198175     , -4.4186925593825226     )
   23.850114999999999        1.2500000000000000     
 (  27.449425377814300     ,  16.996113549222546     ) (  27.687699730540722     ,  18.449588890266604     )
 (-0.62002621128078506     ,  4.4582338960674353     ) ( -5.7649466813325654E-008,  4.5438559417092922E-007) ( -5.7649967704221779E-008,  4.5438560958402497E-007) ( 0.71020158683913803     , -4.3224550289993191     )
   23.900109999999998        1.2500000000000000     
 (  27.594768330221751     ,  17.201939581036946     ) (  27.817905809927716     ,  18.668975355409167     )
 (-0.71544132313577447     ,  4.3680493439183721     ) ( -6.6542770934515743E-008,  4.4690761088141537E-007) ( -6.6543282462791174E-008,  4.4690762422500147E-007) ( 0.79658004772277458     , -4.2237022367336081     )
   23.950105000000001        1.2500000000000000     
 (  27.739164560488710     ,  17.410113721737819     ) (  27.946700915078321     ,  18.890439330087720     )
 (-0.81008218652886166     ,  4.2751365402479182     ) ( -7.5379677027752198E-008,  4.3919052897381410E-007) ( -7.5380200022646698E-008,  4.3919054329395073E-007) ( 0.88174606738942263     , -4.1224545056813886     )
   24.000100000000000        1.2500000000000000     
 (  27.882548443159472     ,  17.620628791323576     ) (  28.074022696857760     ,  19.113952361869440     )
 (-0.90387550377656689     ,  4.1794959732612895     ) ( -8.4154033497832220E-008,  4.3123416900466743E-007) ( -8.4154572234901093E-008,  4.3123418332555167E-007) ( 0.96563008463254596     , -4.0187333729938182     )
   24.050094999999999        1.2500000000000000     
 (  28.024854782627123     ,  17.833478413468196     ) (  28.199811601027427     ,  19.339486756153509     )
 (-0.99674255971311487     ,  4.0811319961521244     ) ( -9.2859174886288683E-008,  4.2303872707276240E-007) ( -9.2859724764831328E-008,  4.2303874216210077E-007) (  1.0481578907018714     , -3.9125654526858855     )
   24.100089999999998        1.2500000000000000     
 (  28.166016387232442     ,  18.048651904758710     ) (  28.324006035898172     ,  19.567010050224329     )
 ( -1.0886047004488282     ,  3.9800493218002124     ) ( -1.0148844934561730E-007,  4.1460439480167198E-007) ( -1.0148901239768164E-007,  4.1460440967362341E-007) (  1.1292562446909227     , -3.8039776783392245     )
   24.150085000000001        1.2500000000000000     
 (  28.305964007453017     ,  18.266137997485774     ) (  28.446544494167604     ,  19.796489158999336     )
 ( -1.1793836652611431     ,  3.8762564730627167     ) ( -1.1003528617504137E-007,  4.0593167759701416E-007) ( -1.1003586582906724E-007,  4.0593169543116194E-007) (  1.2088545554212893     , -3.6930006075323223     )
   24.200080000000000        1.2500000000000000     
 (  28.444631974316341     ,  18.485919814263745     ) (  28.567369558192311     ,  20.027886308712500     )
 ( -1.2690000900892937     ,  3.7697668833220219     ) ( -1.1849293409497581E-007,  3.9702152201499323E-007) ( -1.1849352426121965E-007,  3.9702153760789491E-007) (  1.2868806591402477     , -3.5796694424680724     )
   24.250074999999999        1.2500000000000000     
 (  28.581949858828409     ,  18.707980960438960     ) (  28.686420289067261     ,  20.261162674856880     )
 ( -1.3573739535858369     ,  3.6605927663024000     ) ( -1.2685468433397043E-007,  3.8787472042738679E-007) ( -1.2685529256373572E-007,  3.8787473880668562E-007) (  1.3632644143247394     , -3.4640190296038171     )
   24.300069999999998        1.2500000000000000     
 (  28.717850341063077     ,  18.932299189697829     ) (  28.803640219571861     ,  20.496275259929622     )
 ( -1.4444252330315388     ,  3.5487529884681908     ) ( -1.3511371442992091E-007,  3.7849267648476396E-007) ( -1.3511433764065144E-007,  3.7849269286900834E-007) (  1.4379359471452182     , -3.3460898248234838     )
   24.350065000000001        1.2500000000000000     
 (  28.852262203777876     ,  19.158851420783822     ) (  28.918971138206462     ,  20.733179965766567     )
 ( -1.5300710558265658     ,  3.4342678798224919     ) ( -1.4326301874495816E-007,  3.6887686386125501E-007) ( -1.4326365711166825E-007,  3.6887688145996294E-007) (  1.5108246027408780     , -3.2259234146763491     )
   24.400060000000000        1.2500000000000000     
 (  28.985117500277443     ,  19.387611548120880     ) (  29.032357095574312     ,  20.971829219220307     )
 ( -1.6142336149932857     ,  3.3171601412483698     ) ( -1.5129603304351750E-007,  3.5902898656271705E-007) ( -1.5129668694721048E-007,  3.5902900369414963E-007) (  1.5818651725496282     , -3.1035648244991969     )
   24.450054999999999        1.2500000000000000     
 (  29.116347198263245     ,  19.618548932055155     ) (  29.143744069449866     ,  21.212172738473360     )
 ( -1.6968290634503289     ,  3.1974573739135637     ) ( -1.5920560821228211E-007,  3.4895114504992146E-007) ( -1.5920627833886604E-007,  3.4895116256473687E-007) (  1.6509881906484860     , -2.9790618135215152     )
   24.500049999999998        1.2500000000000000     
 (  29.245881195148648     ,  19.851630342842299     ) (  29.253077758937675     ,  21.454157265292782     )
 ( -1.7777782920696419     ,  3.0751901150334056     ) ( -1.6698506043649968E-007,  3.3864567703767054E-007) ( -1.6698574618742154E-007,  3.3864569608083943E-007) (  1.7181297675270213     , -2.8524652380891959     )
   24.550045000000001        1.2500000000000000     
 (  29.373651765891022     ,  20.086821101232488     ) (  29.360307111493011     ,  21.697728236557140     )
 ( -1.8569993449374880     ,  2.9503897007428384     ) ( -1.7462739638986994E-007,  3.2811499562596519E-007) ( -1.7462809888064303E-007,  3.2811501370785920E-007) (  1.7832248289318369     , -2.7238271151368463     )
   24.600040000000000        1.2500000000000000     
 (  29.499590726427311     ,  20.324081869927756     ) (  29.465382133751209     ,  21.942828104031932     )
 ( -1.9344132235784597     ,  2.8230938482015095     ) ( -1.8212593592615086E-007,  3.1736204285700139E-007) ( -1.8212665575110754E-007,  3.1736206212124937E-007) (  1.8462120981414072     , -2.5932039946931513     )
   24.650034999999999        1.2500000000000000     
 (  29.623629370044384     ,  20.563370208884756     ) (  29.568252822119845     ,  22.189396291981865     )
 ( -2.0099393520983879     ,  2.6933428030765851     ) ( -1.8947381512911229E-007,  3.0639000777876787E-007) ( -1.8947455242697738E-007,  3.0639002650488973E-007) (  1.9070302401721262     , -2.4606554290408154     )
   24.700029999999998        1.2500000000000000     
 (  29.745702575988517     ,  20.804641112304306     ) (  29.668875086078380     ,  22.437370515892820     )
 ( -2.0834992928094533     ,  2.5611791897562948     ) ( -1.9666432732300097E-007,  2.9520220863632880E-007) ( -1.9666508023368958E-007,  2.9520222760244697E-007) (  1.9656207686495153     , -2.3262412494765603     )
   24.750025000000001        1.2500000000000000     
 (  29.865742807886136     ,  21.047844303732948     ) (  29.767202610251619     ,  22.686684131150756     )
 ( -2.1550150535858568     ,  2.4266489556766886     ) ( -2.0369084783004286E-007,  2.8380226766852748E-007) ( -2.0369161715344844E-007,  2.8380228680892104E-007) (  2.0219271449674601     , -2.1900243327836963     )
   24.800020000000000        1.2500000000000000     
 (  29.983687618716221     ,  21.292931968232196     ) (  29.863194961434111     ,  22.937273937398690     )
 ( -2.2244084337925822     ,  2.2898027360215929     ) ( -2.1054666757494486E-007,  2.7219427036181386E-007) ( -2.1054745838035409E-007,  2.7219429051316724E-007) (  2.0758930695109896     , -2.0520726063648231     )
   24.850014999999999        1.2500000000000000     
 (  30.099471629123197     ,  21.539844479784907     ) (  29.956810527302032     ,  23.189065689281712     )
 ( -2.2916049673340857     ,  2.1506920964038954     ) ( -2.1722544869298968E-007,  2.6038221977393677E-007) ( -2.1722625758969171E-007,  2.6038223933231943E-007) (  2.1274678893883205     , -1.9124507702155706     )
   24.900009999999998        1.2500000000000000     
 (  30.213033927857328     ,  21.788527401485098     ) (  30.048012458911714     ,  23.441991707712315     )
 ( -2.3565303556825579     ,  2.0093761801782168     ) ( -2.2372083257385489E-007,  2.4837095549521269E-007) ( -2.2372166261206671E-007,  2.4837097519035417E-007) (  2.1766014839615635     , -1.7712341526738571     )
   24.950005000000001        1.2500000000000000     
 (  30.324314686167543     ,  22.038918150648492     ) (  30.136766636654464     ,  23.695977095908958     )
 ( -2.4191102504461850     ,  1.8659117525651181     ) ( -2.3002641938561141E-007,  2.3616494593102776E-007) ( -2.3002727086021752E-007,  2.3616496571692043E-007) (  2.2232447222847771     , -1.6284910960236070     )
   25.000000000000000        1.2500000000000000     
 (  30.433254448293745     ,  22.290952519518424     ) (  30.223039460127453     ,  23.950946801225555     )
 ( -2.4792741844262727     ,  1.7203634226051068     ) ( -2.3613617937294880E-007,  2.2376942844633037E-007) ( -2.3613705084475876E-007,  2.2376944929647179E-007) (  2.2673534611666910     , -1.4842985826836836     )
