   3.1892819148936171     
   243.16000000000000     
   1.3851079263357315        1.0626815200159730E-003
         501           1
 
   60.000000000000000        60.000000000000000     
   2.5000000000000001E-003   1.2500000000000000     
 (  1.3854340681582164E-008,  3.3157302194521956E-011) (  1.4527717889365464E-008,  3.6430122731980341E-011)
 (  1.3854180161285672E-008,  3.3156856915840609E-011) (  7.2637751227500576E-016,  1.8214823768138434E-018) (  7.2637751227500626E-016,  1.8214823768138445E-018) ( -1.4527551252258085E-008, -3.6429644782260697E-011)
   5.2495000000000000E-002   1.2500000000000000     
 (  1.2855007240928661E-004,  3.2997621256948912E-007) (  1.3481573313173258E-004,  3.6263814215779086E-007)
 (  1.2789540522963042E-004,  3.2815866536883787E-007) (  6.7071125783070357E-012,  1.8036205254506641E-014) (  6.7071125782819142E-012,  1.8036205254364813E-014) ( -1.3413608328053839E-004, -3.6068703463177135E-007)
  0.10249000000000000        1.2500000000000000     
 (  9.6249611010574133E-004,  3.5180724507185597E-006) (  1.0097798847861991E-003,  3.8698510418681458E-006)
 (  9.4397240811193157E-004,  3.4664362679315646E-006) (  4.9536115166480965E-011,  1.9077313496352118E-013) (  4.9536115156195071E-011,  1.9077313490495695E-013) ( -9.9054639919794437E-004, -3.8144010651467715E-006)
  0.15248500000000001        1.2500000000000000     
 (  3.2005042394556054E-003,  2.0711726419163214E-005) (  3.3597503559207845E-003,  2.2826142806058264E-005)
 (  3.0660193923509795E-003,  2.0330928362458153E-005) (  1.6106827322538123E-010,  1.1212417317356249E-012) (  1.6106827286063113E-010,  1.1212417296299377E-012) ( -3.2200766341157162E-003, -2.2416866164317303E-005)
  0.20247999999999999        1.2500000000000000     
 (  7.5890993509269145E-003,  8.9082500746473527E-005) (  7.9732850741661473E-003,  9.8457767918728399E-005)
 (  7.0369505437886349E-003,  8.7443877746352336E-005) (  3.7024894047034438E-010,  4.8364377359776091E-012) (  3.7024893597321387E-010,  4.8364377073257553E-012) ( -7.3996191415226856E-003, -9.6693091405297858E-005)
  0.25247500000000000        1.2500000000000000     
 (  1.4935704259635226E-002,  2.9941448342529471E-004) (  1.5707965830843381E-002,  3.3215437545965840E-004)
 (  1.3282534173378430E-002,  2.9394596443120590E-004) (  7.0029172930330663E-010,  1.6318497891995399E-011) (  7.0029169597969873E-010,  1.6318497673625334E-011) ( -1.3989507393564332E-002, -3.2624206996826450E-004)
  0.30247000000000002        1.2500000000000000     
 (  2.6108679605810869E-002,  8.3074246042678717E-004) (  2.7491439433193425E-002,  9.2572305554012950E-004)
 (  2.2060247794991123E-002,  8.1442079318406395E-004) (  1.1660635285126550E-009,  4.5419531457165022E-011) (  1.1660633625328705E-009,  4.5419530319738785E-011) ( -2.3280371883187108E-002, -9.0796774465373459E-004)
  0.35246499999999997        1.2500000000000000     
 (  4.2019837222722019E-002,  1.9861193146898633E-003) (  4.4302253386125812E-002,  2.2246779054720502E-003)
 (  3.3394406971986791E-002,  1.9395315807914110E-003) (  1.7706297479745879E-009,  1.0874823565466428E-010) (  1.7706291008130960E-009,  1.0874823041104914E-010) ( -3.5322896759152060E-002, -2.1736078703172988E-003)
  0.40245999999999998        1.2500000000000000     
 (  6.3587375889512590E-002,  4.2194173222716682E-003) (  6.7126500389245267E-002,  4.7533145333598266E-003)
 (  4.6994423953360634E-002,  4.0903727298960135E-003) (  2.5006971831821544E-009,  2.3074758704997816E-010) (  2.5006951006327240E-009,  2.3074756671739465E-010) ( -4.9834978698294015E-002, -4.6107216802130629E-003)
  0.45245499999999994        1.2500000000000000     
 (  9.1683833250473259E-002,  8.1393825048179796E-003) (  9.6893456370613223E-002,  9.2247052758631948E-003)
 (  6.2159538419258267E-002,  7.7959108398000391E-003) (  3.3210464134256562E-009,  4.4274723334709413E-010) (  3.3210405696269703E-009,  4.4274715926880880E-010) ( -6.6087753754740186E-002, -8.8422700634006660E-003)
  0.50244999999999995        1.2500000000000000     
 ( 0.12708523456860288     ,  1.4478211117956585E-002) ( 0.13440766983427047     ,  1.6507857659664706E-002)
 (  7.7686693377458954E-002,  1.3609959118615478E-002) (  4.1688302207202743E-009,  7.7851442065290904E-010) (  4.1688305743168060E-009,  7.7851440253598210E-010) ( -8.2787731883962185E-002, -1.5534046366317868E-002)
  0.55244499999999985        1.2500000000000000     
 ( 0.17045284847147826     ,  2.4024090872680565E-002) ( 0.18031409411727722     ,  2.7546998547484134E-002)
 (  9.1813861002022448E-002,  2.1950953465722050E-002) (  4.9497750760633385E-009,  1.2651809147192884E-009) (  4.9497761440611148E-009,  1.2651808639420302E-009) ( -9.7995433142949395E-002, -2.5204994617453579E-002)
  0.60243999999999998        1.2500000000000000     
 ( 0.22237911263433369     ,  3.7544316995539492E-002) ( 0.23514135084311294     ,  4.3261783488164611E-002)
 ( 0.10224873570990889     ,  3.2868736521324250E-002) (  5.5392528949857093E-009,  1.9097798278178643E-009) (  5.5392557672251219E-009,  1.9097796959825044E-009) (-0.10914296005297938     , -3.7940731578368463E-002)
  0.65243499999999988        1.2500000000000000     
 ( 0.28351441704667307     ,  5.5760412818755586E-002) ( 0.29944584209053282     ,  6.4505020635817298E-002)
 ( 0.10632368803230574     ,  4.5772115786520864E-002) (  5.7910419579591026E-009,  2.6837412546210880E-009) (  5.7910489353409652E-009,  2.6837409588237089E-009) (-0.11321308069270992     , -5.3051349643684180E-002)
  0.70242999999999989        1.2500000000000000     
 ( 0.35472997193153077     ,  7.9454522917404943E-002) ( 0.37400346546097341     ,  9.2182329463592311E-002)
 ( 0.10130138590645035     ,  5.9172359911034117E-002) (  5.5547087224977730E-009,  3.5092850023658458E-009) (  5.5547245913082217E-009,  3.5092844195688180E-009) (-0.10711705068638235     , -6.8748859460420336E-002)
  0.75242499999999990        1.2500000000000000     
 ( 0.43719897998126434     , 0.10975442096607958     ) ( 0.45988934762769795     , 0.12759404680298708     )
 (  8.4831041932542109E-002,  7.0497242417033368E-002) (  4.7002979668131604E-009,  4.2512861761031108E-009) (  4.7002968355598677E-009,  4.2512861641459595E-009) ( -8.8277499340141299E-002, -8.1927584300211201E-002)
  0.80241999999999991        1.2500000000000000     
 ( 0.53222413729824969     , 0.14854281427092733     ) ( 0.55821163979721589     , 0.17290655543613501     )
 (  5.5564740567627988E-002,  7.6027918528404903E-002) (  3.1485260229315162E-009,  4.7164445044375577E-009) (  3.1485233484928885E-009,  4.7164444761695255E-009) ( -5.5423690827298956E-002, -8.8140224627368854E-002)
  0.85241499999999992        1.2500000000000000     
 ( 0.64066024895323914     , 0.19877422213803092     ) ( 0.66933266272784253     , 0.23141299538254606     )
 (  1.3963101080031348E-002,  7.1069089275410169E-002) (  9.0713491286183358E-010,  4.6622412170131206E-009) (  9.0712902932992742E-010,  4.6622411518203786E-009) ( -9.6031356583552007E-003, -8.1954655373093571E-002)
  0.90240999999999982        1.2500000000000000     
 ( 0.76196850033276331     , 0.26430140537515534     ) ( 0.79175987436759554     , 0.30702482863663627     )
 ( -3.6748164262641797E-002,  5.0608941211941379E-002) ( -1.8866682350720422E-009,  3.8241731679374527E-009) ( -1.8866806091834796E-009,  3.8241730413727095E-009) (  4.4774712882374397E-002, -5.8048202412103768E-002)
  0.95240499999999984        1.2500000000000000     
 ( 0.89335651567631058     , 0.34878602218429255     ) ( 0.92155055895682003     , 0.40261711471377720     )
 ( -8.9847512612243080E-002,  1.0816583042632369E-002) ( -4.9289339509414840E-009,  1.9764867287789062E-009) ( -4.9289586542221258E-009,  1.9764865091589964E-009) (  9.9585434790554428E-002, -1.3299734138844365E-002)
   1.0024000000000000        1.2500000000000000     
 (  1.0299849527638369     , 0.45375766026164283     ) (  1.0534752251448878     , 0.51791594437592714     )
 (-0.13550169980109811     , -4.8666560463337082E-002) ( -7.7510483253050976E-009, -9.6914480283848072E-010) ( -7.7510465308446379E-009, -9.6914494067463601E-010) ( 0.14443493224166568     ,  5.0787834258979828E-002)
   1.0523950000000000        1.2500000000000000     
 (  1.1670837568869170     , 0.57705564856722313     ) (  1.1840481718819738     , 0.64897124504444759     )
 (-0.16307995560742733     ,-0.12277401707766046     ) ( -9.8000337021243479E-009, -4.8645070115696826E-009) ( -9.8000297857049869E-009, -4.8645071845840543E-009) ( 0.16995764141750891     , 0.12726056241944808     )
   1.1023899999999998        1.2500000000000000     
 (  1.3031813169885367     , 0.71361381803884782     ) (  1.3141569493109078     , 0.79058563680952820     )
 (-0.16469351939726570     ,-0.20123025109521880     ) ( -1.0584173895854255E-008, -9.2993218394324652E-009) ( -1.0584165826233005E-008, -9.2993219962973769E-009) ( 0.17077160386817930     , 0.20571051250297431     )
   1.1523849999999998        1.2500000000000000     
 (  1.4417773221960994     , 0.85898478123846733     ) (  1.4487700513627904     , 0.94006819328816627     )
 (-0.13754393987141375     ,-0.27124929527621189     ) ( -9.7969966968607923E-009, -1.3678146237063116E-008) ( -9.7969808920418199E-009, -1.3678146238295051E-008) ( 0.14579284068058232     , 0.27538175949011212     )
   1.2023800000000000        1.2500000000000000     
 (  1.5895863096994798     ,  1.0132152313079159     ) (  1.5940767228045341     ,  1.0994314471326652     )
 ( -8.3667118652138106E-002,-0.32044554669135006     ) ( -7.3551449362927680E-009, -1.7328830148109181E-008) ( -7.3551150991831201E-009, -1.7328829667825159E-008) (  9.6642530812883889E-002, 0.32659044367749629     )
   1.2523750000000000        1.2500000000000000     
 (  1.7523749959796282     ,  1.1823107705615044     ) (  1.7542264827359937     ,  1.2751954600427728     )
 ( -8.6835220108298378E-003,-0.33784019248082808     ) ( -3.3945991815853019E-009, -1.9562862183060539E-008) ( -3.3945447697903160E-009, -1.9562860566896400E-008) (  2.6794437378172508E-002, 0.35011728125554720     )
   1.3023699999999998        1.2500000000000000     
 (  1.9306902808154291     ,  1.3765181418816046     ) (  1.9288011054428531     ,  1.4766070176206609     )
 (  7.7999573611752054E-002,-0.31381820131905108     ) (  1.6902516877619023E-009, -1.9713376772125926E-008) (  1.6902488491833472E-009, -1.9713375368631035E-008) ( -5.7222962577329665E-002, 0.33661604603358986     )
   1.3523649999999998        1.2500000000000000     
 (  2.1172743353208561     ,  1.6058149363016532     ) (  2.1112042843493968     ,  1.7125383951933666     )
 ( 0.16157950978605598     ,-0.24182060890413168     ) (  7.1716766013150087E-009, -1.7253920334785595E-008) (  7.1716700626863412E-009, -1.7253918149474118E-008) (-0.14358707972597892     , 0.27821382182642762     )
   1.4023599999999998        1.2500000000000000     
 (  2.2982678921023343     ,  1.8735877955413671     ) (  2.2891181086282475     ,  1.9869093152793003     )
 ( 0.22208863035536863     ,-0.12304665522997597     ) (  1.2016757138728068E-008, -1.2038011564446863E-008) (  1.2016743573134198E-008, -1.2038008346062748E-008) (-0.21462683851650935     , 0.17292575535068577     )
   1.4523549999999998        1.2500000000000000     
 (  2.4600614823128031     ,  2.1721893847043030     ) (  2.4490476762982243     ,  2.2944903076880703     )
 ( 0.23992806871460132     ,  2.9124365875603155E-002) (  1.5153038322528175E-008, -4.5006312293308865E-009) (  1.5153012069441770E-008, -4.5006269196290450E-009) (-0.25080126132325942     ,  2.9498247508560862E-002)
   1.5023499999999999        1.2500000000000000     
 (  2.5986680702438525     ,  2.4860518455101999     ) (  2.5841432805710203     ,  2.6215777666094291     )
 ( 0.20451269778631267     , 0.19110339646010718     ) (  1.5840700396570969E-008,  4.4367326430824700E-009) (  1.5840651337198023E-008,  4.4367378839019472E-009) (-0.23853652678218204     ,-0.13231457777774008     )
   1.5523449999999999        1.2500000000000000     
 (  2.7230562224473420     ,  2.8020760576548986     ) (  2.6993336601100704     ,  2.9535364584988271     )
 ( 0.11794668287474812     , 0.33760332587677028     ) (  1.3792810743449390E-008,  1.3704175933144371E-008) (  1.3792723694274073E-008,  1.3704181066442245E-008) (-0.17592078510688838     ,-0.28821285130740815     )
   1.6023399999999999        1.2500000000000000     
 (  2.8488915864862911     ,  3.1185147840652370     ) (  2.8084939892737220     ,  3.2840039925714368     )
 ( -9.2262652860865425E-003, 0.44829708351474540     ) (  8.9955322677749903E-009,  2.2265502025846862E-008) (  8.9955326926788824E-009,  2.2265497875502222E-008) ( -7.1160251222556592E-002,-0.41736923011056243     )
   1.6523349999999999        1.2500000000000000     
 (  2.9886628454674282     ,  3.4461306309090420     ) (  2.9259359417984294     ,  3.6186123875514591     )
 (-0.16320087748606074     , 0.50741205956568003     ) (  1.6121767419727601E-009,  2.8997115770700246E-008) (  1.6121806182568064E-009,  2.8997108778644029E-008) (  6.3386193719200984E-002,-0.50510390789212745     )
   1.7023299999999999        1.2500000000000000     
 (  3.1441002812501440     ,  3.8032916372616454     ) (  3.0585821383884122     ,  3.9720218862041241     )
 (-0.32644153022295802     , 0.50081420978696578     ) ( -7.7760968643171893E-009,  3.2591295450159348E-008) ( -7.7760855310367170E-009,  3.2591284148991608E-008) ( 0.21455163854231368     ,-0.54008526782013544     )
   1.7523250000000001        1.2500000000000000     
 (  3.3022709880424350     ,  4.2073479651082213     ) (  3.2019149351088187     ,  4.3616055625614214     )
 (-0.47309060645435907     , 0.41805155661528420     ) ( -1.7810372761988234E-008,  3.1883776166758332E-008) ( -1.7810345949464889E-008,  3.1883758795241255E-008) ( 0.36624363876889587     ,-0.51183210621425768     )
   1.8023199999999997        1.2500000000000000     
 (  3.4381160213345612     ,  4.6629659661515195     ) (  3.3395776944892890     ,  4.7998682049347945     )
 (-0.56840500151455275     , 0.26176948544979223     ) ( -2.6464983171167194E-008,  2.6596269996513449E-008) ( -2.6464930118235466E-008,  2.6596244273659114E-008) ( 0.49537431596366144     ,-0.41354385119683063     )
   1.8523149999999997        1.2500000000000000     
 (  3.5278305800535597     ,  5.1539090400095953     ) (  3.4477448199485985     ,  5.2863814889140510     )
 (-0.57992211349697498     ,  5.6525036929242253E-002) ( -3.1965602199437205E-008,  1.7719537761735370E-008) ( -3.1965501043399480E-008,  1.7719502299057594E-008) ( 0.57230206084694468     ,-0.25004130137340774     )
   1.9023099999999997        1.2500000000000000     
 (  3.5667229217460754     ,  5.6501368630386590     ) (  3.5061651550930701     ,  5.8032271655313989     )
 (-0.49450080084823345     ,-0.15666017186788381     ) ( -3.3618621803632468E-008,  6.7597867246219579E-009) ( -3.3618615899976951E-008,  6.7597923382233781E-009) ( 0.56997973240453070     , -4.4396611266170026E-002)
   1.9523049999999997        1.2500000000000000     
 (  3.5736119686706731     ,  6.1282414867906514     ) (  3.5121749478122939     ,  6.3211291919687733     )
 (-0.32300592398586386     ,-0.33846853770777141     ) ( -3.1366409321954377E-008, -5.2336169436281932E-009) ( -3.1366403317087754E-008, -5.2336065853263232E-009) ( 0.47795021401972321     , 0.16578254086238955     )
   2.0023000000000000        1.2500000000000000     
 (  3.5772152542785669     ,  6.5861539432068694     ) (  3.4855081044164891     ,  6.8171824129011149     )
 ( -8.8770265426220116E-002,-0.46283106412924752     ) ( -2.4883486661401949E-008, -1.7424422258267592E-008) ( -2.4883483859878096E-008, -1.7424404253882156E-008) ( 0.30844728769593194     , 0.34384557819786515     )
   2.0522950000000000        1.2500000000000000     
 (  3.5988710964964468     ,  7.0425319210083934     ) (  3.4557720130317064     ,  7.2903792435242121     )
 ( 0.18360624380451460     ,-0.51314074929495668     ) ( -1.3696038787817474E-008, -2.8282347520224905E-008) ( -1.3696045395662356E-008, -2.8282316955498404E-008) (  8.6596541548814493E-002, 0.46760245157275920     )
   2.1022900000000000        1.2500000000000000     
 (  3.6414586238675581     ,  7.5272936977131062     ) (  3.4432724864824853     ,  7.7607673243244193     )
 ( 0.46702760491542944     ,-0.47423606539271435     ) (  1.7630251877729623E-009, -3.5358377217385258E-008) (  1.7629992544162341E-009, -3.5358327235549155E-008) (-0.16372163570922099     , 0.52738049984808943     )
   2.1522849999999996        1.2500000000000000     
 (  3.6840984281979563     ,  8.0678300617821908     ) (  3.4487391574336121     ,  8.2565402471858818     )
 ( 0.72252991444247927     ,-0.33437277945248578     ) (  1.9182116496891751E-008, -3.6324709772120287E-008) (  1.9182049744643775E-008, -3.6324631791765809E-008) (-0.42229650038275490     , 0.51545785811652400     )
   2.2022799999999996        1.2500000000000000     
 (  3.6865530161305777     ,  8.6702094004783472     ) (  3.4535889189601985     ,  8.8006396966531675     )
 ( 0.89721213977307757     ,-0.10096134748771232     ) (  3.4880012411581405E-008, -3.0860963233770935E-008) (  3.4879871273278082E-008, -3.0860847737681234E-008) (-0.66413623026617641     , 0.42237366388598380     )
   2.2522749999999996        1.2500000000000000     
 (  3.6116777847822785     ,  9.3061868110149000     ) (  3.4255866125694872     ,  9.4003333523897794     )
 ( 0.94282029684065838     , 0.18515623178752588     ) (  4.6294155614607210E-008, -2.1110489905197828E-008) (  4.6294137027372728E-008, -2.1110498528864345E-008) (-0.85227425016950997     , 0.24536872898823900     )
   2.3022699999999996        1.2500000000000000     
 (  3.4540150395877545     ,  9.9258450807194549     ) (  3.3297416114149700     ,  10.038423102728624     )
 ( 0.84276048659879277     , 0.45992171810371324     ) (  5.3329150012275376E-008, -9.1329524661735932E-009) (  5.3329126640203411E-008, -9.1329691829993522E-009) (-0.94233985514783636     ,  3.3155198271941320E-003)
   2.3522650000000001        1.2500000000000000     
 (  3.2461276164561608     ,  10.490021585283019     ) (  3.1491072560423365     ,  10.671800464125102     )
 ( 0.61819075785718480     , 0.66513332564327465     ) (  5.6098840696036804E-008,  4.8877452027737479E-009) (  5.6098815121886984E-008,  4.8877145746538440E-009) (-0.90360906299667609     ,-0.25559594094333998     )
   2.4022600000000001        1.2500000000000000     
 (  3.0378757179077884     ,  10.994060212252442     ) (  2.9057442881147399     ,  11.253159603825246     )
 ( 0.30953897216235088     , 0.76708900997405516     ) (  5.2971425491729445E-008,  2.0772997426618850E-008) (  5.2971402303379568E-008,  2.0772942903098824E-008) (-0.74291986894550543     ,-0.47179140195518648     )
   2.4522550000000001        1.2500000000000000     
 (  2.8680648529867421     ,  11.468751254504333     ) (  2.6515677841463563     ,  11.767413701046676     )
 ( -4.3485148907230757E-002, 0.75172080755780113     ) (  4.1865400465807498E-008,  3.6118722073864481E-008) (  4.1865391025569404E-008,  3.6118629555340262E-008) (-0.49938764353182608     ,-0.60823735922454247     )
   2.5022500000000001        1.2500000000000000     
 (  2.7443500923859676     ,  11.964806113957046     ) (  2.4305241745445709     ,  12.242430236450147     )
 (-0.40341204348478987     , 0.60963372485436418     ) (  2.2862499605043592E-008,  4.6478310595872909E-008) (  2.2862526286493518E-008,  4.6478156342026092E-008) (-0.21248816587685990     ,-0.65952933344194675     )
   2.5522449999999997        1.2500000000000000     
 (  2.6344029695592690     ,  12.528529478139069     ) (  2.2522782627891713     ,  12.725750722892014     )
 (-0.72060983123250055     , 0.33469079471763397     ) ( -1.9682352623097941E-010,  4.7970974453986894E-008) ( -1.9671525504884044E-010,  4.7970728161129621E-008) (  9.5345114396231959E-002,-0.63031064334808296     )
   2.6022399999999997        1.2500000000000000     
 (  2.4750666592707620     ,  13.170983314495230     ) (  2.0933463588618659     ,  13.257095473682345     )
 (-0.92807505823517655     , -5.4739704366866475E-002) ( -2.1519598074111235E-008,  4.0914016761160175E-008) ( -2.1519557092012079E-008,  4.0914023465902944E-008) ( 0.40813078448715223     ,-0.51602201799282388     )
   2.6522349999999997        1.2500000000000000     
 (  2.2086244785383240     ,  13.850037310045108     ) (  1.9097617093182329     ,  13.854057613029610     )
 (-0.96666637712576875     ,-0.49667224837473023     ) ( -3.8591637301008920E-008,  2.9387941066808264E-008) ( -3.8591582833831236E-008,  2.9387958363912801E-008) ( 0.69647560659255692     ,-0.30414340414263125     )
   2.7022299999999997        1.2500000000000000     
 (  1.8238179007600033     ,  14.489635835316255     ) (  1.6484285220871984     ,  14.502967532908411     )
 (-0.82013854619181403     ,-0.89961464738231700     ) ( -5.3015251648454370E-008,  1.5315283143433925E-008) ( -5.3015183060455359E-008,  1.5315319512535779E-008) ( 0.90629965530202394     ,  4.4730710248229669E-003)
   2.7522249999999997        1.2500000000000000     
 (  1.3684735662188887     ,  15.025052263169488     ) (  1.2699955691151088     ,  15.147846829162107     )
 (-0.52539688683132946     , -1.1807532304364874     ) ( -6.4771885544545953E-008, -3.2842489065983074E-009) ( -6.4771804185832805E-008, -3.2841791878404192E-009) ( 0.97675917680856339     , 0.36547001862224404     )
   2.8022199999999997        1.2500000000000000     
 ( 0.92321487057914142     ,  15.443811653426348     ) ( 0.79011274630470996     ,  15.707134767928892     )
 (-0.14836229928966171     , -1.2971623489636592     ) ( -6.9525445755991790E-008, -2.7298828432141612E-008) ( -6.9525358788136864E-008, -2.7298702444738639E-008) ( 0.88900037833338097     , 0.69378573740908789     )
   2.8522149999999997        1.2500000000000000     
 ( 0.55428095812646172     ,  15.792407956937575     ) ( 0.28884762121373736     ,  16.134802204514560     )
 ( 0.25134954165024886     , -1.2414939001753609     ) ( -6.2306288567035964E-008, -5.2506492593150285E-008) ( -6.2306207917542629E-008, -5.2506273786425111E-008) ( 0.68753906423962696     , 0.91884504182561499     )
   2.9022099999999997        1.2500000000000000     
 ( 0.27855349443176075     ,  16.150757370005035     ) (-0.14631336766476308     ,  16.462455937049679     )
 ( 0.62719227102667363     , -1.0147120569588302     ) ( -4.2802712229088415E-008, -7.0933605676142450E-008) ( -4.2802678332492791E-008, -7.0933236908905713E-008) ( 0.43590949782180666     ,  1.0269495752344935     )
   2.9522049999999997        1.2500000000000000     
 (  5.0727869465515996E-002,  16.591791014147589     ) (-0.48220351085869351     ,  16.770104345721670     )
 ( 0.92305379114125874     ,-0.61853265808453062     ) ( -1.7483421729474740E-008, -7.6561968232286250E-008) ( -1.7483492212020426E-008, -7.6561961155258808E-008) ( 0.16671614002774329     ,  1.0385862937854333     )
   3.0021999999999998        1.2500000000000000     
 (-0.21891615880346946     ,  17.135885487440671     ) (-0.74626376814509343     ,  17.130968566743697     )
 (  1.0631471854187817     , -8.3058286818042351E-002) (  5.3499444491241353E-009, -7.1335611053083359E-008) (  5.3498480215707564E-009, -7.1335614204708514E-008) (-0.11799175669014456     , 0.96394016744505517     )
   3.0521949999999998        1.2500000000000000     
 (-0.61357115326287315     ,  17.730150965943338     ) ( -1.0014286829847208     ,  17.584823861577359     )
 ( 0.98166724476234746     , 0.50917551622586943     ) (  2.4511031858387322E-008, -6.1661425801970826E-008) (  2.4510902848285565E-008, -6.1661450411004490E-008) (-0.41355000286820492     , 0.78441567214833896     )
   3.1021899999999998        1.2500000000000000     
 ( -1.1566010478980493     ,  18.269595412847750     ) ( -1.3291775143023989     ,  18.127952634606178     )
 ( 0.66625037591329506     ,  1.0343271237039384     ) (  4.4208056897048799E-008, -4.8480850552510705E-008) (  4.4207890727622583E-008, -4.8480913028119923E-008) (-0.67678992954214612     , 0.47224131281243931     )
   3.1521849999999998        1.2500000000000000     
 ( -1.7826097791018656     ,  18.658955311366309     ) ( -1.8038658453956282     ,  18.694586520139225     )
 ( 0.18413953493148491     ,  1.3790401377306933     ) (  6.4740026108088231E-008, -2.6336060995203968E-008) (  6.4739819404581411E-008, -2.6336189918385371E-008) (-0.82589400413848146     ,  4.2154026417030935E-002)
   3.2021799999999998        1.2500000000000000     
 ( -2.3772020424216493     ,  18.881557386082335     ) ( -2.4349883121985347     ,  19.162920424334828     )
 (-0.35627955316211585     ,  1.4982228080606299     ) (  7.7775875744900842E-008,  8.2839030487267222E-009) (  7.7775629530390537E-008,  8.2836620028434629E-009) (-0.79895506814934469     ,-0.41819618432270428     )
   3.2521749999999998        1.2500000000000000     
 ( -2.8510298039940309     ,  19.002552125699506     ) ( -3.1236941843030657     ,  19.429371736929760     )
 (-0.86891437767880564     ,  1.4034244221081502     ) (  7.3362819883665294E-008,  4.8404428617252680E-008) (  7.3362549223842748E-008,  4.8404002812673686E-008) (-0.61953368787320318     ,-0.79643593046643213     )
   3.3021699999999998        1.2500000000000000     
 ( -3.1821484864892828     ,  19.127778239563526     ) ( -3.7172228197838808     ,  19.504745842685107     )
 ( -1.2987050003016702     ,  1.1141896354694827     ) (  5.1004464301787265E-008,  8.0289815260573318E-008) (  5.1004561541544025E-008,  8.0289774068578660E-008) (-0.37507603436690329     , -1.0457154763589283     )
   3.3521649999999998        1.2500000000000000     
 ( -3.4279049840933298     ,  19.351075249017271     ) ( -4.1283307463441261     ,  19.507395490676434     )
 ( -1.5868347917629317     , 0.64404748710229287     ) (  2.1625509360811598E-008,  9.5375940106008966E-008) (  2.1625652596364352E-008,  9.5375902813989102E-008) (-0.12458536237297667     , -1.1947920248107937     )
   3.4021599999999999        1.2500000000000000     
 ( -3.6980165701147398     ,  19.700495660984213     ) ( -4.3764985063501891     ,  19.566662481440318     )
 ( -1.6546940342586676     ,  3.2056907288651897E-002) ( -3.8567386172123452E-009,  9.8306810797129638E-008) ( -3.8565396074299454E-009,  9.8306789603305487E-008) ( 0.13746973382246702     , -1.2743812355973847     )
   3.4521549999999999        1.2500000000000000     
 ( -4.0995392923251037     ,  20.116063631884746     ) ( -4.5484341543802724     ,  19.763403739171732     )
 ( -1.4271035826391476     ,-0.62572773412714267     ) ( -2.5900568479299499E-008,  9.7419408732904315E-008) ( -2.5900299862478854E-008,  9.7419425025535807E-008) ( 0.43578338863476723     , -1.2633581634818005     )
   3.5021500000000003        1.2500000000000000     
 ( -4.6636480644478278     ,  20.459589267735513     ) ( -4.7628009205703838     ,  20.113242457662150     )
 (-0.89461173380407399     , -1.1669762557938719     ) ( -5.1966881558131525E-008,  9.3512886607183308E-008) ( -5.1966530681075331E-008,  9.3512969622321199E-008) ( 0.75046961605485585     , -1.1030012396573514     )
   3.5521449999999994        1.2500000000000000     
 ( -5.2923131558110059     ,  20.615432776833721     ) ( -5.1360312993964774     ,  20.550610522207496     )
 (-0.16997010883638244     , -1.4498317449339955     ) ( -8.5107763172923574E-008,  7.4913286819424089E-008) ( -8.5107316620659002E-008,  7.4913488705136533E-008) ( 0.99509713772030939     ,-0.75937500892671639     )
   3.6021399999999995        1.2500000000000000     
 ( -5.8417524700664636     ,  20.587490547511191     ) ( -5.7231410732467145     ,  20.925536603162126     )
 ( 0.58873434154212989     , -1.4425815077942683     ) ( -1.0943297248395553E-007,  3.1982579804539697E-008) ( -1.0943241898885215E-007,  3.1982972128864258E-008) (  1.0602865094366880     ,-0.28700102813033368     )
   3.6521349999999995        1.2500000000000000     
 ( -6.2243547199325020     ,  20.470267490143772     ) ( -6.4415255878937234     ,  21.063751580600556     )
 (  1.2704353891906941     , -1.1859985142251193     ) ( -1.0644143492358739E-007, -2.2782845071011705E-008) ( -1.0644153608116847E-007, -2.2782742243032536E-008) ( 0.91386856903008595     , 0.17610766723771498     )
   3.7021299999999995        1.2500000000000000     
 ( -6.4357058316851274     ,  20.383626130544780     ) ( -7.0785511943664678     ,  20.909205301217796     )
 (  1.8078124999372769     ,-0.72400391895572802     ) ( -7.7176870874916685E-008, -6.6615229811167191E-008) ( -7.7177039736705939E-008, -6.6615115737706284E-008) ( 0.64731725942754215     , 0.52611309324642952     )
   3.7521249999999995        1.2500000000000000     
 ( -6.5507146840453814     ,  20.420395032683938     ) ( -7.4543650208076171     ,  20.596195090791927     )
 (  2.1357463755078032     , -9.5339136441741759E-002) ( -3.9811718197578682E-008, -8.9424213716102511E-008) ( -3.9811974440342020E-008, -8.9424098581883847E-008) ( 0.36386802488264569     , 0.78571547024976840     )
   3.8021199999999995        1.2500000000000000     
 ( -6.6906815991878306     ,  20.603440851397970     ) ( -7.5516751417630292     ,  20.329098095774665     )
 (  2.1779828784082307     , 0.64425584740454189     ) ( -7.5041747226557408E-009, -9.9525017027331485E-008) ( -7.5045400068492960E-009, -9.9524923092240311E-008) (  6.2697191855845297E-002,  1.0172704403382999     )
   3.8521149999999995        1.2500000000000000     
 ( -6.9824113633939451     ,  20.852782081708089     ) ( -7.4812150890831530     ,  20.251085957840953     )
 (  1.8466549495228592     ,  1.3769213033382779     ) (  1.9718351943814873E-008, -1.0871817719346532E-007) (  1.9717848611564987E-008, -1.0871813895294484E-007) (-0.31183783718337249     ,  1.2076451647135440     )
   3.9021099999999995        1.2500000000000000     
 ( -7.4346527398244522     ,  20.984850470158836     ) ( -7.4030821244638112     ,  20.404081864170685     )
 (  1.1528776670961292     ,  1.8907107979816917     ) (  5.8203348105901519E-008, -1.2134637033524243E-007) (  5.8202681844959870E-008, -1.2134644417563869E-007) (-0.77360871008251897     ,  1.2707742155291364     )
   3.9521050000000000        1.2500000000000000     
 ( -7.8891818355230603     ,  20.890338901011937     ) ( -7.4753581385319121     ,  20.730619660329832     )
 ( 0.26844926392511120     ,  2.0352175579331528     ) (  1.1673856492672368E-007, -1.1029604433655014E-007) (  1.1673771010515967E-007, -1.1029631004958274E-007) ( -1.2431701559549200     ,  1.1114295376532966     )
   4.0021000000000004        1.2500000000000000     
 ( -8.1754163688303780     ,  20.631556701453114     ) ( -7.7994106612922174     ,  21.068865247360392     )
 (-0.60928930948884796     ,  1.8142999571726690     ) (  1.6265458811089957E-007, -5.6726982036599847E-008) (  1.6265350372008509E-007, -5.6727559301023219E-008) ( -1.5650301432147771     , 0.72339029145706712     )
   4.0520950000000004        1.2500000000000000     
 ( -8.2395489753410196     ,  20.355241484485592     ) ( -8.3373403809353448     ,  21.198383359024319     )
 ( -1.3686433714884436     ,  1.3018043165750701     ) (  1.6447874974801881E-007,  1.4631807759147490E-008) (  1.6447887839265166E-007,  1.4631588150408697E-008) ( -1.6184331587502871     , 0.23566030698509993     )
   4.1020900000000005        1.2500000000000000     
 ( -8.1270769442885324     ,  20.187037198393845     ) ( -8.8659279326118217     ,  20.968255216601023     )
 ( -1.9354244988977358     , 0.55279482483890952     ) (  1.2908065884018902E-007,  6.7319805026719791E-008) (  1.2908090619772803E-007,  6.7319539032386323E-008) ( -1.4443852931587575     ,-0.17151454881416947     )
   4.1520850000000005        1.2500000000000000     
 ( -7.9440827209554747     ,  20.200009925522650     ) ( -9.0961144189570096     ,  20.474399531993047     )
 ( -2.2305973270902029     ,-0.36690679605525306     ) (  8.4752992288130647E-008,  9.2103914435599393E-008) (  8.4753398562873027E-008,  9.2103630285037661E-008) ( -1.1990604763396775     ,-0.47009811826117537     )
   4.2020800000000005        1.2500000000000000     
 ( -7.8380562550710184     ,  20.398424848995237     ) ( -8.9355791183733260     ,  20.000044597317178     )
 ( -2.1688708213611716     , -1.3769480597696719     ) (  4.8895164035359425E-008,  1.0015123103734127E-007) (  4.8895775455004600E-008,  1.0015096569688539E-007) (-0.91806236137868291     ,-0.76176328111271741     )
   4.2520750000000005        1.2500000000000000     
 ( -7.9561210664563635     ,  20.632800670824214     ) ( -8.5161698080063033     ,  19.765806767314402     )
 ( -1.6511462453686874     , -2.2943744488877993     ) (  2.4612910039122369E-008,  1.1751416564802681E-007) (  2.4613771779840108E-008,  1.1751397847938382E-007) (-0.51441942332380353     , -1.0721594450504077     )
   4.3020699999999996        1.2500000000000000     
 ( -8.2326804708500916     ,  20.662329888529992     ) ( -8.0406547016261491     ,  19.844073566636943     )
 (-0.75588188473959339     , -2.8513859730545548     ) ( -3.0094550479255498E-008,  1.5057327060566512E-007) ( -3.0093403759669165E-008,  1.5057325961832700E-007) (  8.3086494453104134E-002, -1.2990583353015348     )
   4.3520649999999996        1.2500000000000000     
 ( -8.4202285728310837     ,  20.402099698014176     ) ( -7.7118842284655100     ,  20.180454302518616     )
 ( 0.26919088413542963     , -2.9064801734944798     ) ( -1.2522972450567094E-007,  1.4249021123275134E-007) ( -1.2522823407837926E-007,  1.4249047843456810E-007) ( 0.81492812406826209     , -1.2825746700905143     )
   4.4020599999999996        1.2500000000000000     
 ( -8.3084576323294730     ,  20.016518323414530     ) ( -7.6547701131648331     ,  20.597371298036375     )
 (  1.1886345410432813     , -2.5310156382318221     ) ( -2.0046442733101360E-007,  6.5387485723719853E-008) ( -2.0046252246025152E-007,  6.5388188482846523E-008) (  1.4990763796533135     ,-0.94637450611656926     )
   4.4520549999999997        1.2500000000000000     
 ( -7.9092743231238263     ,  19.730302834849265     ) ( -7.8631531555855716     ,  20.872901970432409     )
 (  1.9270621841276971     , -1.8353654423178725     ) ( -2.0655084710315960E-007, -3.3044207888532001E-008) ( -2.0655095780286024E-007, -3.3043782616350298E-008) (  1.9230920321486140     ,-0.36313399658903955     )
   4.5020499999999997        1.2500000000000000     
 ( -7.3410497142298787     ,  19.668178429878242     ) ( -8.1651152338367456     ,  20.788626120496939     )
 (  2.4177717173779159     ,-0.86209926336139842     ) ( -1.6479914709637027E-007, -9.8010735151895621E-008) ( -1.6479946271797993E-007, -9.8010201665780897E-008) (  2.0009894907997849     , 0.22695288683553791     )
   4.5520449999999997        1.2500000000000000     
 ( -6.7466826065386636     ,  19.886426413379301     ) ( -8.1929994828262700     ,  20.339648635616101     )
 (  2.5670554619507784     , 0.31961750453222071     ) ( -1.1450659683549825E-007, -1.2278160890862940E-007) ( -1.1450718063645381E-007, -1.2278101657973584E-007) (  1.9056693429630722     , 0.66398743864387977     )
   4.6020399999999997        1.2500000000000000     
 ( -6.3472327588649353     ,  20.363376261013187     ) ( -7.7387308020223609     ,  19.867545180049611     )
 (  2.2406575134538431     ,  1.6038851594077761     ) ( -8.9108274857791186E-008, -1.2238366728004638E-007) ( -8.9109200513743169E-008, -1.2238306513171136E-007) (  1.7678985587788645     ,  1.0579949272890941     )
   4.6520349999999997        1.2500000000000000     
 ( -6.2926610462717401     ,  20.818911527643287     ) ( -6.9422094063548894     ,  19.688766782703620     )
 (  1.3585814277043360     ,  2.6919649561497638     ) ( -8.1310848734056775E-008, -1.5886502136100228E-007) ( -8.1312201143979079E-008, -1.5886453313860380E-007) (  1.4793449622353072     ,  1.5117604126196060     )
   4.7020300000000006        1.2500000000000000     
 ( -6.4287986412950104     ,  20.957490583570749     ) ( -6.0673649015967808     ,  19.919545938855787     )
 (  8.7722028957609985E-002,  3.2783820760159759     ) ( -1.0257957424471781E-008, -2.1852455620971216E-007) ( -1.0259784146545934E-008, -2.1852428992869864E-007) ( 0.89121107680747946     ,  1.9100451163344003     )
   4.7520250000000006        1.2500000000000000     
 ( -6.3737760833173649     ,  20.703361130094521     ) ( -5.3784276973313538     ,  20.478401976506774     )
 ( -1.2063462738274906     ,  3.2282250081111767     ) (  1.2651113130616468E-007, -2.1066821112813138E-007) (  1.2650874637733636E-007, -2.1066833704508650E-007) (  3.5184104443365560E-002,  2.0369352953832758     )
   4.8020200000000006        1.2500000000000000     
 ( -5.8751719430522602     ,  20.372903028595644     ) ( -4.9941503700138830     ,  21.144561374024789     )
 ( -2.2560353199061272     ,  2.7319261703997673     ) (  2.2779908949724036E-007, -9.3474702154846688E-008) (  2.2779891244338708E-007, -9.3475177883670022E-008) (-0.90884047025484238     ,  1.7497384062720895     )
   4.8520150000000006        1.2500000000000000     
 ( -5.0349393208556465     ,  20.269368387856954     ) ( -4.8868338061809871     ,  21.713524108273234     )
 ( -3.0482792087137556     ,  1.9308966696047107     ) (  2.2344812806677419E-007,  4.1497367526113497E-008) (  2.2344813302487221E-007,  4.1496633247379046E-008) ( -1.6711936340955911     ,  1.0356478662017863     )
   4.9020100000000006        1.2500000000000000     
 ( -4.0401776245750129     ,  20.501802624109885     ) ( -4.9518122442637518     ,  21.980577857840970     )
 ( -3.5335756781995076     , 0.84066202902513243     ) (  1.6261241663901420E-007,  1.2168069078023847E-007) (  1.6261272862846578E-007,  1.2167973494314276E-007) ( -2.0019222009379933     , 0.12952393735885567     )
   4.9520050000000007        1.2500000000000000     
 ( -3.0651692295434425     ,  21.142730517194462     ) ( -4.8332628234249206     ,  21.818628493335705     )
 ( -3.5931850388719981     ,-0.50921020920902749     ) (  9.9027267571530617E-008,  1.3721035654947169E-007) (  9.9027994977869716E-008,  1.3720923107958940E-007) ( -2.0062797645782533     ,-0.61718403410363809     )
   5.0020000000000007        1.2500000000000000     
 ( -2.4499200389468476     ,  22.110296584367386     ) ( -4.1797604415064340     ,  21.549932364659838     )
 ( -2.9923488967561487     , -1.9477012750291256     ) (  1.0207382428684335E-007,  1.3294968678636388E-007) (  1.0207512512041716E-007,  1.3294851109789253E-007) ( -1.9746026478784517     , -1.2519474147554925     )
   5.0519950000000007        1.2500000000000000     
 ( -2.3066230291912260     ,  23.015118330429342     ) ( -3.0857335512832016     ,  21.622805453599501     )
 ( -1.7215265123752079     , -3.0791834804782199     ) (  1.0861387246071997E-007,  2.0635543144776835E-007) (  1.0861583501569492E-007,  2.0635439387324554E-007) ( -1.8055475170764272     , -1.9874784016840588     )
   5.1019899999999998        1.2500000000000000     
 ( -2.4414189056294120     ,  23.450897369481048     ) ( -1.9194094714531147     ,  22.223753091846650     )
 ( -1.3229107939300019E-003, -3.5177401746918009     ) (  2.0020180221212264E-008,  3.0733620802213081E-007) (  2.0022903933990394E-008,  3.0733546520256836E-007) ( -1.2683398199252196     , -2.7029932596376702     )
   5.1519849999999998        1.2500000000000000     
 ( -2.2584616132319462     ,  23.386359958346183     ) ( -1.0191921726446178     ,  23.216323334380746     )
 (  1.6013891588812947     , -3.1902748649940471     ) ( -1.7411405775317462E-007,  3.0075422910696452E-007) ( -1.7411049905982935E-007,  3.0075400012949354E-007) (-0.35066430284213507     , -3.1239498504615129     )
   5.2019799999999998        1.2500000000000000     
 ( -1.5102874302171403     ,  23.306374895646773     ) (-0.50304523710994054     ,  24.304745752123246     )
 (  2.8337896146951613     , -2.4367367859657274     ) ( -2.9265219784610761E-007,  1.3106194735581869E-007) ( -2.9265171994449960E-007,  1.3106264228303258E-007) ( 0.76686686250562863     , -3.0348760562735935     )
   5.2519749999999998        1.2500000000000000     
 (-0.41119246158671180     ,  23.574389059360691     ) (-0.25900837351343037     ,  25.275852665459535     )
 (  3.7607696049997932     , -1.4346416238983071     ) ( -2.5876960588414663E-007, -3.9466591140131024E-008) ( -2.5876932068494171E-007, -3.9465445114430355E-008) (  1.7884164326853045     , -2.3357678276806575     )
   5.3019699999999998        1.2500000000000000     
 ( 0.81661235624287487     ,  24.250936550128742     ) (-0.20614745405746560     ,  26.016761076366468     )
 (  4.3662106124871736     ,-0.15731797580640983     ) ( -1.5580848263572625E-007, -1.2374840931382484E-007) ( -1.5580861513486622E-007, -1.2374681091428046E-007) (  2.3094960274131191     , -1.1991055252764351     )
   5.3519649999999999        1.2500000000000000     
 (  1.9441460857315320     ,  25.454493525409024     ) (-0.11178742136580265     ,  26.336378424825686     )
 (  4.4557328003650643     ,  1.4327708853569809     ) ( -8.1610402642047589E-008, -1.0033578487740759E-007) ( -8.1611199427179662E-008, -1.0033388585579202E-007) (  2.2911003054343331     ,-0.15050161090645037     )
   5.4019599999999999        1.2500000000000000     
 (  2.5904999410691629     ,  26.978066009062573     ) ( 0.50128129302827451     ,  26.396522265770223     )
 (  3.7427134967053632     ,  3.0289648551805679     ) ( -1.1822147684934646E-007, -1.0710361296777841E-007) ( -1.1822312074539884E-007, -1.0710155344697399E-007) (  2.1823457334407887     , 0.70010343257388830     )
   5.4519549999999999        1.2500000000000000     
 (  2.6025996066486670     ,  28.456263936695599     ) (  1.6762731721329944     ,  26.814392240459838     )
 (  2.1958044908057954     ,  4.2439515694279750     ) ( -1.3502120033383743E-007, -2.1233262816112152E-007) ( -1.3502386450687933E-007, -2.1233064735485470E-007) (  1.9866094576730633     ,  1.6777774476162803     )
   5.5019499999999999        1.2500000000000000     
 (  2.2868175438442164     ,  29.238507333960460     ) (  2.9197022074452215     ,  27.863114845824487     )
 ( 0.16989183629608462     ,  4.4631582214601035     ) ( -9.9310035867793303E-009, -3.7841174007865328E-007) ( -9.9348032378156861E-009, -3.7841017168533658E-007) (  1.3858990806067188     ,  2.7338979074164000     )
   5.5519449999999999        1.2500000000000000     
 (  2.4024414599365329     ,  29.451350471502746     ) (  3.8096978936900010     ,  29.377789889518706     )
 ( -1.6105224003059881     ,  3.7847031661573625     ) (  2.6371199968640625E-007, -3.5237851481173681E-007) (  2.6370699051987379E-007, -3.5237761049976367E-007) ( 0.29204854269242331     ,  3.5137519283011032     )
   5.6019399999999999        1.2500000000000000     
 (  3.2011326510456564     ,  29.725186509362754     ) (  4.2018276775081400     ,  30.939279962365678     )
 ( -2.8818421930202733     ,  2.6776008955526414     ) (  3.9489867318762005E-007, -1.1933070393424635E-007) (  3.9489768670644061E-007, -1.1933159373822956E-007) ( -1.1052263433303284     ,  3.7306497753446863     )
   5.6519349999999999        1.2500000000000000     
 (  4.2991198150681447     ,  30.449539777879870     ) (  4.3381218264078889     ,  32.318771605940988     )
 ( -3.8343394626652092     ,  1.3666663923247884     ) (  3.1572221678497324E-007,  8.5716346360762115E-008) (  3.1572140374152359E-007,  8.5714707854211108E-008) ( -2.4804311937014822     ,  3.1811709755433633     )
   5.7019299999999999        1.2500000000000000     
 (  5.4927135603856083     ,  31.643296930920773     ) (  4.3241859920844927     ,  33.524860903761365     )
 ( -4.4781582576211161     ,-0.24996095764909843     ) (  1.5345596737228089E-007,  1.4104924216951658E-007) (  1.5345568733398644E-007,  1.4104684654571165E-007) ( -3.2936498427690197     ,  1.9848491923258536     )
   5.7519250000000000        1.2500000000000000     
 (  6.4234779810266165     ,  33.386947591366123     ) (  4.2029049687243427     ,  34.404652051820513     )
 ( -4.4885329786697712     , -2.1777824364825640     ) (  1.0747942961607827E-007,  6.2342191696096131E-008) (  1.0748008536454606E-007,  6.2339189341175591E-008) ( -3.3515129035637847     , 0.73913670814568400     )
   5.8019200000000000        1.2500000000000000     
 (  6.8762029866381429     ,  35.445174360865735     ) (  4.4732340545263769     ,  34.855303269816382     )
 ( -3.7196942444378167     , -4.0965099501724564     ) (  1.5923006228055665E-007,  7.3699524524798134E-008) (  1.5923194877723182E-007,  7.3696190030282911E-008) ( -3.1132605546602190     ,-0.19549611509153572     )
   5.8519150000000009        1.2500000000000000     
 (  6.4446661762333264     ,  37.364142075816297     ) (  5.3935552657366292     ,  35.573881382895721     )
 ( -1.8756986561623037     , -5.4978878840570538     ) (  2.1965508695515661E-007,  2.2112230281817551E-007) (  2.1965841967638051E-007,  2.2111896628102977E-007) ( -2.8577008626317206     , -1.1953908821923989     )
   5.9019100000000000        1.2500000000000000     
 (  5.7684844291892050     ,  38.448746505730234     ) (  6.4433994718231888     ,  36.970152718712960     )
 ( 0.34577546781396268     , -5.7137395983806263     ) (  6.6296147665124243E-009,  4.4384862490170626E-007) (  6.6345421206095441E-009,  4.4384576395940857E-007) ( -2.1634183401810447     , -2.3835586613671325     )
   5.9519050000000000        1.2500000000000000     
 (  5.6078681295651451     ,  38.840685123371721     ) (  7.0468940030448000     ,  38.902236467445718     )
 (  2.2266316573779159     , -4.8355254119395816     ) ( -3.4157689210170877E-007,  3.6922499369166172E-007) ( -3.4157022622352377E-007,  3.6922289727351609E-007) (-0.86814482605747456     , -3.3478152283768647     )
   6.0019000000000000        1.2500000000000000     
 (  6.2275820507290751     ,  39.425858621296435     ) (  7.0808012849182882     ,  40.781609363336273     )
 (  3.4543962380097772     , -3.5507474580358158     ) ( -4.7884728652890016E-007,  4.1445757975173036E-008) ( -4.7884552418148088E-007,  4.1446805865382289E-008) ( 0.87805755383024131     , -3.7286064510477526     )
   6.0518950000000000        1.2500000000000000     
 (  7.0937546950763952     ,  40.502991930276231     ) (  6.9023404691464876     ,  42.403331469172450     )
 (  4.3509484295704972     , -2.0342034896793297     ) ( -3.2253907276238158E-007, -1.9714427170725916E-007) ( -3.2253740276387589E-007, -1.9714208467241866E-007) (  2.6757397884117231     , -3.2241086236844856     )
   6.1018900000000000        1.2500000000000000     
 (  7.9775537699830856     ,  42.146043089637772     ) (  6.6603185663086393     ,  43.901821556308896     )
 (  4.8434441947691127     , -9.2084863605713246E-002) ( -1.1585492283054344E-007, -1.7637196214233413E-007) ( -1.1585387999366783E-007, -1.7636852817769085E-007) (  3.8906276292481539     , -1.9506595551576125     )
   6.1518850000000000        1.2500000000000000     
 (  8.4958269325627516     ,  44.195113224585761     ) (  6.2450653469310851     ,  45.221530828514517     )
 (  4.6279379767893518     ,  2.0139599296017350     ) ( -1.1499579309808416E-007, -8.3171676029958484E-008) ( -1.1499598287162726E-007, -8.3167241807219335E-008) (  4.2383828657237164     ,-0.47147881009956250     )
   6.2018800000000001        1.2500000000000000     
 (  8.4317362703620304     ,  46.701404315172404     ) (  5.9564240475581407     ,  46.080890944508546     )
 (  3.5555517712879383     ,  4.3065367679116715     ) ( -2.1805417876455649E-007, -4.6377391397037537E-008) ( -2.1805606023730661E-007, -4.6372319685381036E-008) (  4.0126164723228044     , 0.60198596604429322     )
   6.2518750000000001        1.2500000000000000     
 (  7.4820129254497969     ,  48.720662453017027     ) (  6.3139132717059070     ,  46.936068058877510     )
 (  1.4070047700931567     ,  5.7670644908333548     ) ( -3.0199288485483936E-007, -3.1991668609478597E-007) ( -3.0199676152814106E-007, -3.1991156256534638E-007) (  3.7994069865027167     ,  1.5817663211494422     )
   6.3018700000000001        1.2500000000000000     
 (  6.2281443753513015     ,  49.924171760166118     ) (  6.9253459870428689     ,  48.489635091513485     )
 ( -1.1818238125598712     ,  6.0782364204996897     ) ( -2.8072179988606869E-010, -5.3707190068938269E-007) ( -2.8671861692498634E-010, -5.3706713056923578E-007) (  3.1767825572975479     ,  2.7648328287672155     )
   6.3518650000000001        1.2500000000000000     
 (  5.7126725652976580     ,  50.346968642363677     ) (  6.9818114504692002     ,  50.552568436531772     )
 ( -3.2112221679364610     ,  5.1843896990198726     ) (  4.3530172415565299E-007, -4.0536136182595849E-007) (  4.3529329956326858E-007, -4.0535739192720423E-007) (  1.8511221091426011     ,  3.7939259927320697     )
   6.4018600000000001        1.2500000000000000     
 (  5.9287833978688962     ,  51.035062696939491     ) (  6.4920088487763872     ,  52.438831865322278     )
 ( -4.5933117234772931     ,  3.9102867556093863     ) (  5.2243883267771764E-007,  5.8220608690994883E-008) (  5.2243603150233110E-007,  5.8219495936366424E-008) ( -6.1243322045419088E-002,  4.1635902295683014     )
   6.4518550000000001        1.2500000000000000     
 (  6.4188416214995678     ,  52.236251149796125     ) (  5.9024776383192101     ,  53.973195300148276     )
 ( -5.6294385188087830     ,  2.3039502044455786     ) (  2.4582248547211396E-007,  2.9628747847118587E-007) (  2.4581957796459102E-007,  2.9628473891042980E-007) ( -2.1046838357560897     ,  3.5335369699857382     )
   6.5018500000000001        1.2500000000000000     
 (  6.7684139451842631     ,  54.002033258479280     ) (  5.3617856640021282     ,  55.434632927473160     )
 ( -5.9500819599060550     , 0.21827217338908603     ) (  5.2582185618453619E-008,  1.9629368571527569E-007) (  5.2579985870549239E-008,  1.9628918619577237E-007) ( -3.5450718886899546     ,  2.0581133671602716     )
   6.5518450000000001        1.2500000000000000     
 (  6.9250660801043216     ,  56.153125929204478     ) (  4.7386955796840589     ,  56.904978551044749     )
 ( -5.7033241875499083     , -1.9642578909914001     ) (  2.1742572728802342E-008,  6.8005402853962823E-008) (  2.1741845174331240E-008,  6.7999269688810219E-008) ( -4.1150160643055900     , 0.27638007217428839     )
   6.6018400000000002        1.2500000000000000     
 (  6.0707413968957953     ,  58.601867269625636     ) (  3.8741501100660396     ,  58.069234066153541     )
 ( -4.1497613081553322     , -4.2191201988469906     ) (  3.0530990678191528E-007,  6.0833547192819995E-008) (  3.0531146787878472E-007,  6.0826350182769544E-008) ( -3.9522116686846904     , -1.1713285409907366     )
   6.6518350000000002        1.2500000000000000     
 (  4.6965841273585429     ,  60.599847811420034     ) (  3.5674988346065262     ,  58.862236979121697     )
 ( -1.8282071130165005     , -5.7318982073094373     ) (  2.7952409718479960E-007,  4.2853334490938245E-007) (  2.7952814758585464E-007,  4.2852584749441997E-007) ( -3.6861041959835492     , -2.2684530342745912     )
   6.7018300000000002        1.2500000000000000     
 (  2.9830786290692659     ,  61.457610771117288     ) (  3.6061390015512953     ,  60.350631410732866     )
 (  1.0413731387692284     , -5.7870140877411576     ) ( -6.1756915507796845E-008,  6.8242386752533141E-007) ( -6.1750074403247330E-008,  6.8241652545804846E-007) ( -3.2160616061561860     , -3.5572385477529336     )
   6.7518250000000002        1.2500000000000000     
 (  2.0957059058225198     ,  61.842966937187988     ) (  3.0463971012922624     ,  62.201551882274579     )
 (  3.3001591973683548     , -4.9354274373332725     ) ( -6.0959182517659774E-007,  4.0283584267269814E-007) ( -6.0958166689926517E-007,  4.0282904783445228E-007) ( -1.9452166757658667     , -4.7159531818501073     )
   6.8018200000000002        1.2500000000000000     
 (  1.8775134635024888     ,  62.399357243753684     ) (  1.9776535021085857     ,  63.744216535267135     )
 (  5.0228825744850818     , -3.6338539564111900     ) ( -5.6327183627451827E-007, -1.6262550933108441E-007) ( -5.6326767085607556E-007, -1.6262446638353981E-007) ( -5.4838733430269231E-002, -5.1903818966023509     )
   6.8518150000000002        1.2500000000000000     
 (  1.8677404102680926     ,  63.480596868088462     ) (  1.0210695876036988     ,  64.845451299710845     )
 (  6.3923650950286044     , -1.7312127607324159     ) ( -1.6497231951521869E-007, -3.2403885396665248E-007) ( -1.6496780324029380E-007, -3.2403557225648784E-007) (  2.0088612493160447     , -4.4696000450517621     )
   6.9018100000000002        1.2500000000000000     
 (  1.7763178524687302     ,  64.856499055617405     ) ( 0.26453462654394566     ,  65.883940418152108     )
 (  6.7878717364184071     , 0.39429498232382815     ) (  3.4752191829545506E-008, -2.2847999579980046E-007) (  3.4756065681445161E-008, -2.2847433316233884E-007) (  3.3834830271900183     , -2.8689825513378593     )
   6.9518050000000002        1.2500000000000000     
 (  1.4092657187706306     ,  67.024814077624015     ) (-0.41519173022573314     ,  67.189723645707119     )
 (  6.4800539768593914     ,  2.9411695432173959     ) (  3.4910111177394146E-009,  1.0575357000414008E-007) (  3.4931320137616778E-009,  1.0576174895175255E-007) (  3.9552080555389577     ,-0.97852363822749233     )
   7.0018000000000011        1.2500000000000000     
 ( 0.25845811993373607     ,  68.812063827971073     ) ( -1.6025453995940009     ,  68.389626505889268     )
 (  5.0445827892452648     ,  4.8720301700306221     ) ( -3.2705169653010654E-007, -1.4052233082617113E-007) ( -3.2705237139632876E-007, -1.4051261300656393E-007) (  3.6985059471445139     , 0.89944928984673267     )
   7.0517949999999994        1.2500000000000000     
 ( -1.7659984606173500     ,  70.402764999901208     ) ( -2.4567994467672412     ,  68.990384273187473     )
 (  2.3822007799827407     ,  6.3356592601148813     ) ( -2.8187549783187556E-007, -4.6937128053038256E-007) ( -2.8187930272915628E-007, -4.6936083349510369E-007) (  3.1271073304416870     ,  2.1165737743066786     )
   7.1017899999999994        1.2500000000000000     
 ( -3.3691225881709697     ,  70.806500560460492     ) ( -2.9421351360033103     ,  70.143586685799050     )
 (-0.18470737834343726     ,  6.2316791716937932     ) (  2.7055188213439098E-007, -8.0509246490185907E-007) (  2.7054467414776707E-007, -8.0508167202871255E-007) (  2.5140930830826491     ,  3.5466886572239509     )
   7.1517849999999994        1.2500000000000000     
 ( -4.4234539728698561     ,  70.912650782110973     ) ( -3.9345297481967063     ,  71.556895097085572     )
 ( -2.4792470368673007     ,  5.3473978374950892     ) (  7.9156979900515864E-007, -2.8944987051083201E-007) (  7.9155783265802305E-007, -2.8943930666259285E-007) (  1.2277662810088730     ,  4.7891678659555517     )
   7.2017799999999994        1.2500000000000000     
 ( -4.9322601651018214     ,  71.344434173956216     ) ( -5.4133106672180471     ,  72.449853341125959     )
 ( -4.5501807940835928     ,  4.0309455026605683     ) (  5.9884780701408899E-007,  3.2249993991378060E-007) (  5.9883149280637037E-007,  3.2250822841941559E-007) (-0.81954613832508882     ,  5.4443797221319397     )
   7.2517749999999994        1.2500000000000000     
 ( -5.4681314662222782     ,  71.989658250004481     ) ( -6.5402902614671863     ,  72.896035232386566     )
 ( -6.0259765696067102     ,  1.6895282585587721     ) (  1.7378654401114892E-007,  3.7547272437111223E-007) (  1.7378005591362919E-007,  3.7546894356129315E-007) ( -2.8699214302228730     ,  4.7594182060268579     )
   7.3017699999999994        1.2500000000000000     
 ( -5.5656823131203081     ,  72.933745770465308     ) ( -7.2501988599047973     ,  73.308203768552005     )
 ( -6.7306078291225937     ,-0.84859460553434096     ) ( -1.9809555626985232E-007,  1.8298967021343157E-007) ( -1.9810166177365001E-007,  1.8298271951618591E-007) ( -4.1009154402550898     ,  3.2471645413828845     )
   7.3517649999999994        1.2500000000000000     
 ( -6.6393691543147053     ,  74.370052479910370     ) ( -7.8291339631194070     ,  74.209122576424349     )
 ( -5.9729178116601851     , -3.4428864324927564     ) (  1.9424175029489068E-007, -1.5060018392760941E-007) (  1.9423779936448940E-007, -1.5061043189098697E-007) ( -4.7258288307762744     ,  1.5004680555066914     )
   7.4017599999999995        1.2500000000000000     
 ( -7.7262463096353038     ,  75.951416247140173     ) ( -8.9519345679954050     ,  75.210011219423663     )
 ( -4.8055014933019455     , -5.9440694773497782     ) (  3.2251108899023564E-007,  1.0566973079085667E-007) (  3.2251026423300420E-007,  1.0565698833033778E-007) ( -4.3635401055478731     ,-0.46709453844182841     )
   7.4517549999999995        1.2500000000000000     
 ( -9.7462182918516813     ,  76.263623664541797     ) ( -10.093960351312504     ,  75.597338482816710     )
 ( -2.2376826564879368     , -6.9012152642079796     ) (  3.2506857987174568E-007,  6.5511088234656148E-007) (  3.2507148179466350E-007,  6.5509703643509640E-007) ( -3.4722211818470781     , -1.7990262608952177     )
   7.5017499999999995        1.2500000000000000     
 ( -11.202468456567733     ,  76.222864829600780     ) ( -10.844647748504752     ,  76.143728451335221     )
 ( 0.18910765533377952     , -7.0318553453356509     ) ( -5.1007439122860398E-007,  7.5457616311560875E-007) ( -5.1006737461223130E-007,  7.5456089953087830E-007) ( -2.4267924591723067     , -2.9642098478015257     )
   7.5517449999999995        1.2500000000000000     
 ( -11.765512382946371     ,  76.043987346887590     ) ( -12.001655456381581     ,  77.037081020467227     )
 (  2.1305817923699166     , -6.4692762006096487     ) ( -9.2839263031071448E-007,  1.2127760172178705E-007) ( -9.2837960144504253E-007,  1.2126280220093809E-007) ( -1.0455883036076568     , -4.2132613473362523     )
   7.6017399999999995        1.2500000000000000     
 ( -12.421338637931187     ,  76.410360603892769     ) ( -13.455533767796021     ,  77.138082249393108     )
 (  4.4729011289839118     , -5.2171701370559544     ) ( -5.4733253618343886E-007, -4.9925299988253242E-007) ( -5.4731409369974061E-007, -4.9926764318965223E-007) (  1.2599128733917684     , -4.6173357682786573     )
   7.6517349999999995        1.2500000000000000     
 ( -13.030065283480610     ,  76.382328542566910     ) ( -14.388169165841138     ,  76.881343239986009     )
 (  6.0568452068888137     , -2.8771551995734250     ) ( -7.7351413993979748E-008, -5.7840228082395146E-007) ( -7.7342555397455672E-008, -5.7839801990852855E-007) (  3.4296023853989945     , -3.8237598754860791     )
   7.7017299999999995        1.2500000000000000     
 ( -13.316312485716324     ,  77.292000170000520     ) ( -14.723962208064632     ,  76.746248551457754     )
 (  6.3955497704360873     , 0.39353152899346638     ) (  1.9544819313156598E-007,  1.9130311050598671E-008) (  1.9545686192124092E-007,  1.9138764659861398E-008) (  4.6039368967465419     , -2.4380694769288560     )
   7.7517249999999995        1.2500000000000000     
 ( -13.895400736208419     ,  77.666513438302019     ) ( -14.915029431185689     ,  77.242256582293010     )
 (  5.9482718677726085     ,  2.6999161802001499     ) ( -1.7889442522883479E-007,  9.7362281468100369E-009) ( -1.7888758498357345E-007,  9.7486005945280052E-009) (  5.3426096469532300     ,-0.74897681654253456     )
   7.8017199999999995        1.2500000000000000     
 ( -15.690396239359444     ,  78.588224569426316     ) ( -15.676072954730484     ,  77.972931615558480     )
 (  3.7905146884787895     ,  5.3522465746620096     ) ( -5.6804624537578113E-007, -1.6704914175872186E-007) ( -5.6804340042424396E-007, -1.6703312638585127E-007) (  5.2501990456214562     ,  1.0756901388439690     )
   7.8517150000000004        1.2500000000000000     
 ( -16.843139574242393     ,  78.454850957909727     ) ( -16.845753592046375     ,  78.320787714169683     )
 (  1.7134631156488649     ,  6.6839826214835547     ) ( -1.2730291845799567E-007, -9.0638099364458010E-007) ( -1.2730396930313962E-007, -9.0636287794089937E-007) (  4.0754496770383710     ,  2.7004001638982436     )
   7.9017100000000005        1.2500000000000000     
 ( -17.652032939079838     ,  77.425203237910921     ) ( -17.473441374073065     ,  78.248062173042754     )
 (-0.55893629648740717     ,  6.6581207523579593     ) (  6.2956969001536690E-007, -7.2228215316111266E-007) (  6.2956318129848460E-007, -7.2226196633653704E-007) (  2.9826880673532754     ,  3.2978788265689509     )
   7.9517050000000005        1.2500000000000000     
 ( -17.524066885810996     ,  77.318059974672224     ) ( -18.606356394243978     ,  78.506020877215306     )
 ( -2.5528636243983467     ,  6.7800802149532355     ) (  1.0147343872355574E-006,  1.0647775870781321E-007) (  1.0147218680988413E-006,  1.0649885734367538E-007) (  1.2640703270659699     ,  4.3430068906404955     )
   8.0016999999999996        1.2500000000000000     
 ( -18.018646830597987     ,  77.551212384397729     ) ( -19.542302205173812     ,  77.964419170752151     )
 ( -4.9432997964167305     ,  5.8762468282991440     ) (  5.0713801129972982E-007,  6.4756061306548783E-007) (  5.0711379162773604E-007,  6.4758184672357679E-007) (-0.89218805035609350     ,  4.3795612145227940     )
   8.0516949999999987        1.2500000000000000     
 ( -18.078462304223596     ,  77.356185877265204     ) ( -19.851822539972357     ,  77.140300005207678     )
 ( -7.1455516971993021     ,  3.3797835139627743     ) ( -2.3724280525591452E-007,  5.5281429811962436E-007) ( -2.3725462663552110E-007,  5.5280945859047284E-007) ( -2.9627750936965667     ,  3.0678765648906405     )
   8.1016899999999996        1.2500000000000000     
 ( -18.616427541213660     ,  77.447220811025417     ) ( -19.478755923331278     ,  76.672552061549297     )
 ( -6.8766656684688243     , 0.71082189318083344     ) ( -6.4065909742404579E-008,  1.0854946290620525E-007) ( -6.4077451993927711E-008,  1.0854005701671719E-007) ( -4.1029897163523703     ,  1.5933489296815366     )
   8.1516849999999987        1.2500000000000000     
 ( -18.672035466657903     ,  78.443890265565386     ) ( -19.042426094130430     ,  77.105951778283881     )
 ( -6.5055111432720301     , -2.5486658702550824     ) (  1.7834558592237351E-007, -2.1624737844951428E-007) (  1.7833547833770301E-007, -2.1626259879520642E-007) ( -4.7562563744712207     ,-0.11266310216906246     )
   8.2016799999999996        1.2500000000000000     
 ( -19.560274475013689     ,  77.913442072851794     ) ( -19.119978591308602     ,  77.757625980313449     )
 ( -4.6873856406383210     , -4.0514270916774224     ) (  6.0656359007201908E-007,  5.8630426757114820E-007) (  6.0655723583749380E-007,  5.8628475110999968E-007) ( -5.0540687962443123     , -2.1950011505363176     )
   8.2516749999999988        1.2500000000000000     
 ( -20.844722599599461     ,  77.414121611126816     ) ( -20.135269261834342     ,  78.190432570165513     )
 ( -1.8811715168973167     , -5.3714467052947299     ) ( -1.1165932852481216E-007,  9.4819435933148259E-007) ( -1.1166031109865172E-007,  9.4817112995524677E-007) ( -3.5081686851188274     , -4.0057789903150125     )
   8.3016699999999997        1.2500000000000000     
 ( -20.264060149688380     ,  76.307404797078632     ) ( -20.553201075637688     ,  78.068756341992966     )
 (-0.12934323975274062     , -5.6919064515543365     ) ( -9.1891916430105834E-007,  7.4959331258175036E-007) ( -9.1891518370114361E-007,  7.4956740723595101E-007) ( -2.4959400189820715     , -4.7985089747730205     )
   8.3516649999999988        1.2500000000000000     
 ( -19.504630290660106     ,  76.290593635173082     ) ( -21.287094754437291     ,  77.559261141601638     )
 (  2.1189126861971679     , -5.9074315031368592     ) ( -9.9980713399512404E-007, -2.7759891452547931E-007) ( -9.9979438144193880E-007, -2.7763013040392855E-007) (-0.77691728210717848     , -5.1239669114725119     )
   8.4016599999999997        1.2500000000000000     
 ( -19.357442988036336     ,  76.530749248396688     ) ( -21.617758577069370     ,  76.714113324736559     )
 (  5.0403220338990300     , -5.5985114011141563     ) ( -2.9149162930989315E-007, -8.3774788428078665E-007) ( -2.9146778825180789E-007, -8.3777227418301328E-007) (  1.4358042962168773     , -5.0513994258346075     )
   8.4516549999999988        1.2500000000000000     
 ( -19.397042437573553     ,  76.826274213233063     ) ( -20.988177252776506     ,  75.658176633578492     )
 (  6.9941433091257439     , -2.5896495892561986     ) (  1.3585396062938164E-007, -2.6580486991317626E-007) (  1.3589449384008712E-007, -2.6584100858062373E-007) (  2.8755411306478060     , -3.4801077155011555     )
   8.5016499999999997        1.2500000000000000     
 ( -18.520486590832583     ,  76.506405581563840     ) ( -19.639485556555815     ,  75.223146241525072     )
 (  7.9914706301773917     ,-0.32998686313511577     ) (  3.8273429287574021E-007, -4.6398310617538723E-008) (  3.8275015045457953E-007, -4.6387668252046464E-008) (  3.6659153146056567     , -1.8122685699302961     )
   8.5516450000000006        1.2500000000000000     
 ( -19.332825974195636     ,  76.768959078380490     ) ( -18.510856186466842     ,  75.859262845021064     )
 (  6.4690817309505837     ,  2.1933146153828229     ) ( -6.1937141266839053E-007,  7.4993175647206111E-008) ( -6.1935769028293314E-007,  7.5010241562959255E-008) (  4.2395623175030295     ,-0.17912538264077851     )
   8.6016399999999980        1.2500000000000000     
 ( -19.131520165122907     ,  77.455771524237164     ) ( -17.895326582434741     ,  77.010781720777800     )
 (  5.3074339547134901     ,  4.7013406810991958     ) ( -3.5094416073805919E-007, -7.7604379177516823E-007) ( -3.5093380157362083E-007, -7.7601931145754308E-007) (  4.2806597885394906     ,  2.4227245024190771     )
   8.6516349999999989        1.2500000000000000     
 ( -19.151781751738017     ,  75.961713389669697     ) ( -18.157904040721323     ,  77.720822156109335     )
 (  3.3087194099122423     ,  4.9147865530267518     ) (  2.7813464098515550E-007, -1.0825946724412277E-006) (  2.7813919543265815E-007, -1.0825667434498734E-006) (  2.8195319793727105     ,  4.2363303035794324     )
   8.7016299999999980        1.2500000000000000     
 ( -17.979098629221522     ,  75.356742067796034     ) ( -19.020196235557943     ,  77.895485514551908     )
 (  1.4537808044990659     ,  5.4458879711965054     ) (  1.2251671954054038E-006, -4.8887011996014649E-007) (  1.2251662866817057E-006, -4.8883555179149669E-007) ( 0.59650640913728059     ,  5.2792641575598873     )
   8.7516249999999989        1.2500000000000000     
 ( -16.526253456158738     ,  75.726080565931028     ) ( -18.886584530691785     ,  77.333037531385401     )
 (-0.45550825848813842     ,  5.9282960600762822     ) (  1.1040267220296236E-006,  5.4553828994448365E-007) (  1.1040096727992690E-006,  5.4557484724778735E-007) (-0.66744570291358429     ,  5.6958285408401403     )
   8.8016199999999980        1.2500000000000000     
 ( -15.622283123465273     ,  76.598283096804479     ) ( -18.637436837768433     ,  76.193006677387260     )
 ( -3.9590509381617269     ,  5.0507543373037196     ) (  3.7290875291491006E-008,  6.4491350720271577E-007) (  3.7272731640547725E-008,  6.4495537749041957E-007) ( -2.9812661237429179     ,  4.8948670035202735     )
   8.8516149999999989        1.2500000000000000     
 ( -15.510094104174792     ,  76.568130717137819     ) ( -17.194191138845611     ,  75.410991358624543     )
 ( -5.7796081563034924     ,  3.0879845725278665     ) ( -1.4055850063487292E-007,  5.8061586861919354E-007) ( -1.4061053753875388E-007,  5.8064819005615437E-007) ( -4.1886395636045544     ,  3.4739750670906204     )
   8.9016099999999980        1.2500000000000000     
 ( -14.921728741619583     ,  78.000343225004400     ) ( -15.032504724578070     ,  75.470419555467203     )
 ( -6.4291449037704895     ,-0.74862694918325978     ) ( -3.7052649569381276E-008, -5.2348078565089115E-007) ( -3.7072096554088369E-008, -5.2349370882493861E-007) ( -4.5290152382049511     ,  2.1082785995662978     )
   8.9516049999999989        1.2500000000000000     
 ( -13.567892055737344     ,  77.531651335659490     ) ( -13.143417123087259     ,  76.640714750180706     )
 ( -6.6669708111156307     , -2.4607378114450129     ) (  5.9864415020219167E-007,  2.4655866508477183E-007) (  5.9862432346141771E-007,  2.4653891995665434E-007) ( -5.1376203865787478     , 0.43840698770853792     )
   9.0015999999999980        1.2500000000000000     
 ( -14.212008004833097     ,  77.769322583282417     ) ( -12.277973074879229     ,  78.224658094399373     )
 ( -4.4501385219773413     , -4.2306187078684854     ) (  3.1001904591247376E-007,  8.9432558736274389E-007) (  3.1000476166907022E-007,  8.9429732046525431E-007) ( -4.5424335788708428     , -1.9068836430995815     )
   9.0515949999999989        1.2500000000000000     
 ( -13.117367945540162     ,  77.617231244739557     ) ( -11.684724389251159     ,  80.314482541982784     )
 ( -3.2079729056749473     , -5.4399896181543177     ) ( -6.9853387862558649E-007,  1.1107747695863258E-006) ( -6.9854476358054751E-007,  1.1107390044712911E-006) ( -3.1685317435903873     , -4.5189573642393928     )
   9.1015899999999981        1.2500000000000000     
 ( -11.122248005198196     ,  77.517239018753003     ) ( -12.681200764081906     ,  80.341619060524735     )
 ( -2.0874511510325515     , -5.8611224580396160     ) ( -1.3271564833706375E-006,  2.6233458453226989E-007) ( -1.3271555090227912E-006,  2.6228847105760027E-007) (-0.37470436378813288     , -4.4814074901221970     )
   9.1515849999999990        1.2500000000000000     
 ( -9.3175402577402036     ,  78.735364566139879     ) ( -12.719010337850783     ,  80.445204212769340     )
 ( 0.19801964311736092     , -6.8984468967091122     ) ( -7.5805939525813327E-007, -8.7444047097922906E-007) ( -7.5805106635900310E-007, -8.7448395052551731E-007) (  2.1031758900718320     , -5.0666536900483310     )
   9.2015799999999981        1.2500000000000000     
 ( -8.6481021089927914     ,  80.369218743052514     ) ( -11.511136668420685     ,  79.681154340953952     )
 (  2.3979606681776007     , -5.7897461861916755     ) ( -3.9473341037375876E-007, -6.7512805606973021E-007) ( -3.9469142224093754E-007, -6.7518585847412337E-007) (  3.8997679680466617     , -4.0039382056050385     )
   9.2515749999999990        1.2500000000000000     
 ( -7.0583405937828729     ,  81.530356637710270     ) ( -9.6254693780469651     ,  79.372072269156035     )
 (  5.3011324458462710     , -3.6074686385100665     ) (  5.5036983432699093E-007, -2.2778570920764589E-007) (  5.5040996838588694E-007, -2.2783880146562259E-007) (  5.0171457613156196     , -2.2151956834533308     )
   9.3015699999999981        1.2500000000000000     
 ( -7.4513957004998472     ,  81.696873343235623     ) ( -6.9951631242864121     ,  80.142837864237265     )
 (  5.2270733102988984     , -1.5403074675687494     ) ( -3.3818380551669572E-007,  5.5814634863483448E-008) ( -3.3815965660619483E-007,  5.5827487768655117E-008) (  5.6468697407512281     , -1.1732679145875267     )
   9.3515649999999990        1.2500000000000000     
 ( -6.7414453795908109     ,  83.754224223907883     ) ( -5.0079226076416274     ,  82.378408136481738     )
 (  4.4745154723055149     ,  2.1875513152589052     ) ( -8.3443143821434393E-007, -3.7545398872529484E-007) ( -8.3440728796541530E-007, -3.7543002974180072E-007) (  6.1541290616837454     , 0.79843540248557299     )
   9.4015599999999999        1.2500000000000000     
 ( -5.3174897704284598     ,  83.863566914336658     ) ( -3.4538433721784618     ,  84.253635660595535     )
 (  4.0934323119645031     ,  3.4543244301476310     ) ( -1.6733265724775688E-007, -1.2362952444338632E-006) ( -1.6731035695155006E-007, -1.2362629768293754E-006) (  6.0420645069256942     ,  2.7152588038546712     )
   9.4515549999999990        1.2500000000000000     
 ( -4.4495381480239331     ,  83.898192515439433     ) ( -3.6611301372005838     ,  87.416673156556882     )
 (  2.4349022390257717     ,  4.2290858239483278     ) (  9.0631819668028387E-007, -9.2626319113817841E-007) (  9.0633328295126060E-007, -9.2621734742510175E-007) (  3.3487885256409551     ,  5.2162333975728119     )
   9.5015499999999999        1.2500000000000000     
 ( -2.0999679353582739     ,  85.070478019749999     ) ( -3.9844563991674766     ,  88.761028512502051     )
 (  1.6300925452031814     ,  5.7664036234188121     ) (  1.4026226864437352E-006,  1.5733897851253699E-007) (  1.4026256482644172E-006,  1.5738846460775236E-007) (  1.1877503263342917     ,  5.9516271895352100     )
   9.5515449999999991        1.2500000000000000     
 (-0.36152812246851473     ,  87.338325441041221     ) ( -4.1911491795835971     ,  88.314870427430719     )
 (-0.81264898529145724     ,  6.1590444538765468     ) (  5.5679697202477872E-007,  5.1413294721680196E-007) (  5.5679223263164888E-007,  5.1420766759222061E-007) ( -1.6063721960290498     ,  4.6737216222077400     )
   9.6015400000000000        1.2500000000000000     
 ( 0.61261458015731218     ,  88.971875835022843     ) ( -3.1051444194800526     ,  88.647891812801774     )
 ( -3.2133418493205830     ,  6.2622557505521250     ) ( -2.1229037663419031E-007,  9.0713109137556772E-007) ( -2.1231677610848122E-007,  9.0718136047869454E-007) ( -3.9090998571730120     ,  3.4374296670170135     )
   9.6515349999999991        1.2500000000000000     
 ( 0.30895111125010494     ,  92.043817819643522     ) ( -1.0100435365545586     ,  89.131392841721066     )
 ( -3.9207779807873337     ,  4.1405241335474257     ) (  1.7431878330242943E-007,  1.6051104820407154E-008) (  1.7422726844200393E-007,  1.6132519032757373E-008) ( -4.5477030760976787     ,  1.6547088358401303     )
   9.7015300000000000        1.2500000000000000     
 (  1.8749824301997635     ,  93.490767003134280     ) (  1.6533553490906479     ,  90.961780162235343     )
 ( -6.3514721946245887     ,  1.6518176262969744     ) (  2.3455019317001148E-007, -3.0213128744091472E-007) (  2.3444573571633484E-007, -3.0211300483715378E-007) ( -5.5689007114515432     , 0.20597900070404346     )
   9.7515249999999991        1.2500000000000000     
 (  1.7150097984188557     ,  93.833221521264520     ) (  2.9286236715417302     ,  93.542172349764442     )
 ( -4.9402754858130846     , 0.40177981301456872     ) (  7.3170471949089486E-007,  9.1824806583520670E-007) (  7.3167336417332492E-007,  9.1822304533598293E-007) ( -5.8496115475873722     , -1.6479725335474069     )
   9.8015200000000000        1.2500000000000000     
 (  1.9509091690462401     ,  95.731467058274475     ) (  4.6461039008729923     ,  97.099737721324772     )
 ( -3.4325460337588529     , -1.8028301148769934     ) ( -2.1841765770642632E-007,  1.3644171388777480E-006) ( -2.1844756617036428E-007,  1.3643756795989899E-006) ( -5.9210368751146056     , -5.0111840240494701     )
   9.8515149999999991        1.2500000000000000     
 (  3.6585163030667398     ,  96.544517161343833     ) (  4.4879583757106802     ,  99.785321273963092     )
 ( -3.0272461317370429     , -2.6247173846345393     ) ( -1.2051317939820527E-006,  8.2985368416081948E-007) ( -1.2051486639794879E-006,  8.2980148906998301E-007) ( -4.0560631888646617     , -6.2408953201300585     )
   9.9015100000000000        1.2500000000000000     
 (  5.5116662552599900     ,  98.676292621931452     ) (  2.1796764938536497     ,  102.35012782298288     )
 ( -1.3925981279749962     , -4.2583888297315893     ) ( -9.7758128914138395E-007, -3.3154632453694459E-007) ( -9.7759509357316015E-007, -3.3161134565361467E-007) (  8.8422735970408423E-002, -7.4780385410260486     )
   9.9515049999999992        1.2500000000000000     
 (  6.3795040394507465     ,  101.33306712729197     ) (  2.8192759190390642     ,  102.76900613250842     )
 ( 0.46340541199727942     , -5.2135771673714899     ) ( -6.5720052647323607E-007, -1.0836883404156890E-006) ( -6.5717530204564323E-007, -1.0837506519472754E-006) (  1.8527627208681536     , -6.5896166315514133     )
   10.001500000000000        1.2500000000000000     
 (  7.8062702966246071     ,  104.80074393502380     ) (  3.6046738214517853     ,  103.13993638751710     )
 (  3.1458995539689938     , -3.7156168988502931     ) (  2.1729046688731691E-007,  3.1796364456765494E-008) (  2.1730675921940721E-007,  3.1679965709984487E-008) (  3.6368056831298134     , -4.1607602827830767     )
   10.051494999999999        1.2500000000000000     
 (  7.5720868153824892     ,  106.64570001324165     ) (  5.3854979431175112     ,  104.42185456525631     )
 (  4.7487985718203314     , -4.1954590102449218     ) (  3.5244849968703532E-007, -2.3103240338689755E-007) (  3.5253077775292786E-007, -2.3108513127366267E-007) (  4.3822141614546872     , -2.5845011297760374     )
   10.101490000000000        1.2500000000000000     
 (  5.6482658313235605     ,  109.11507782396323     ) (  7.1989308181639400     ,  107.30691674134088     )
 (  4.8122228574699131     , -1.7261317934452456     ) ( -1.0442773531856563E-006, -1.0292154014301851E-007) ( -1.0441398719482277E-006, -1.0297733179165865E-007) (  5.1177703262455259     ,-0.56384956222943394     )
   10.151484999999999        1.2500000000000000     
 (  6.9270490050340534     ,  111.54820627993423     ) (  8.4472804423003307     ,  109.99913041729154     )
 (  5.5282560122258291     , 0.87521710247107565     ) ( -4.9974950768832753E-007, -1.1045248537846333E-006) ( -4.9964232089052115E-007, -1.1044211030914374E-006) (  6.0816271375879536     ,  1.4760806689936039     )
   10.201479999999998        1.2500000000000000     
 (  6.8912281367968911     ,  112.26153315645540     ) (  8.2687852479814694     ,  113.72733679899507     )
 (  4.5594699216309902     ,  1.0663395980578045     ) (  6.1061950259560947E-007, -1.3653747014984451E-006) (  6.1065362172771759E-007, -1.3653249611811620E-006) (  4.3959095508707993     ,  4.4701718880657308     )
   10.251474999999999        1.2500000000000000     
 (  7.7536962023327627     ,  114.01765027338818     ) (  8.3718005863496288     ,  118.45935112840760     )
 (  3.8722851816274075     ,  2.2900446759373883     ) (  1.2411809251946802E-006, -3.9234913044628743E-007) (  1.2412133439141462E-006, -3.9228381097302594E-007) (  3.1585803641850654     ,  7.9335449496795789     )
   10.301469999999998        1.2500000000000000     
 (  8.6057481870577703     ,  116.84194181618132     ) (  5.8669827886966601     ,  119.59449137523696     )
 (  2.9134402099694579     ,  3.3041120260229642     ) (  1.4300110759823487E-006,  1.4132376008708905E-007) (  1.4300020688162060E-006,  1.4141592804275547E-007) (-0.36374206010127064     ,  7.8733507819722268     )
   10.351464999999999        1.2500000000000000     
 (  9.3150945383025103     ,  119.26460878885436     ) (  4.5746175417624739     ,  120.42984868599819     )
 (  1.7285684921743431E-002,  3.8399515637349415     ) ( -2.0192134082867993E-007,  5.6636162574816749E-007) ( -2.0190495421687098E-007,  5.6644231633133236E-007) ( -3.8297690890128817     ,  6.8004732833361548     )
   10.401459999999998        1.2500000000000000     
 (  8.6074153363278576     ,  122.33178661229707     ) (  5.3233394472299214     ,  121.43877743444531     )
 (-0.67631390080996656     ,  3.5866595389012765     ) (  2.0311382906467855E-007,  7.0742090512808114E-007) (  2.0303609089716690E-007,  7.0750055904420159E-007) ( -4.8785627209930160     ,  5.1964288746740204     )
   10.451454999999999        1.2500000000000000     
 (  8.2646242780341748     ,  127.30690669779040     ) (  6.5838856593510569     ,  123.17914657288989     )
 ( -2.6187928031311296     ,  1.4647342990592696     ) (  2.7335771490448214E-007, -8.4714218279811778E-007) (  2.7327824294947390E-007, -8.4702314833724385E-007) ( -5.7428283831245537     ,  3.5598317481873702     )
   10.501449999999998        1.2500000000000000     
 (  7.4172491662594924     ,  127.67657852503862     ) (  7.2772096433202762     ,  126.05460581421454     )
 ( -4.8781801018630828     ,  1.3009746714930799     ) (  7.7375640313217498E-007,  3.3985377945625526E-007) (  7.7358093358390679E-007,  3.3985033547137067E-007) ( -6.3517422004470454     ,  2.0035051658593170     )
   10.551444999999999        1.2500000000000000     
 (  5.8021630919757703     ,  129.52100345103059     ) (  7.5589731424753781     ,  129.84250835604422     )
 ( -3.8830835518125135     ,-0.56764601779413548     ) (  3.1424639975440969E-007,  1.4847945854006556E-006) (  3.1413037033034818E-007,  1.4848191605457219E-006) ( -6.5990573190314148     , -1.5333022861131580     )
   10.601439999999998        1.2500000000000000     
 (  5.6582347467240348     ,  131.46898760862561     ) (  7.8414991386532851     ,  132.59265830529631     )
 ( -3.7548231651727533     , -2.0294379227611281     ) ( -9.8612960322840211E-007,  9.3579369722849244E-007) ( -9.8617644598699178E-007,  9.3574375686041523E-007) ( -6.1239484267388580     , -3.6552464461513150     )
   10.651434999999999        1.2500000000000000     
 (  6.0502140177542039     ,  133.34924088638795     ) (  4.9335216770802424     ,  136.53617079067303     )
 ( -3.4814687122336774     , -2.6214035912084372     ) ( -1.0091124318966234E-006,  4.2013084412578835E-007) ( -1.0091524294013557E-006,  4.2003946456023184E-007) ( -2.6103675516216991     , -5.9481038802005370     )
   10.701429999999998        1.2500000000000000     
 (  5.6056917324514322     ,  136.05607685707881     ) (  2.6833451518133851     ,  139.77624845007080     )
 ( -2.2763215775828280     , -4.3902160924739988     ) ( -6.6648453761956248E-007, -1.1113076022826525E-006) ( -6.6649851859194391E-007, -1.1113850471048501E-006) ( 0.89382568200823187     , -8.4111989283210189     )
   10.751424999999999        1.2500000000000000     
 (  4.8931676942060216     ,  139.13020225156583     ) (  1.3469975869626798     ,  139.28533715647916     )
 ( -1.4356600758281732     , -3.5432223764324702     ) ( -9.2935638496960795E-007, -2.1553557035521206E-007) ( -9.2929634599091602E-007, -2.1568090549130977E-007) (  3.6555353734907783     , -6.0496859853894556     )
   10.801419999999998        1.2500000000000000     
 (  5.4906287262648172     ,  141.48523378729357     ) ( 0.93278924005331521     ,  140.17733576999348     )
 ( 0.89569732516357869     , -3.4673633511736619     ) (  5.4495284781704080E-007, -3.1085628847903219E-008) (  5.4496218316524025E-007, -3.1189331463656576E-008) (  5.5398822827906411     , -4.5168245241448517     )
   10.851414999999999        1.2500000000000000     
 (  2.5504429451042685     ,  143.87165618862593     ) (  1.2559047141105861     ,  141.89196646184888     )
 (  1.0434591198245584     , -3.7345242381515420     ) ( -5.1488832550577326E-007, -2.0516707055717297E-007) ( -5.1473532791329491E-007, -2.0525474851046732E-007) (  6.5188552365309897     , -3.1567253236657864     )
   10.901409999999998        1.2500000000000000     
 ( 0.11092095619763237     ,  146.81085672623996     ) (  1.5425908084357811     ,  144.41937528705307     )
 (  1.8162785448571901     , -1.1963306928935362     ) ( -1.3479266893433992E-006, -5.8745465452440660E-007) ( -1.3478446060194128E-006, -5.8747030023243763E-007) (  8.3869447281894995     , -1.1602724609897270     )
   10.951404999999999        1.2500000000000000     
 (-0.34730986915484530     ,  147.71883329602403     ) ( 0.55274985813077160     ,  146.63091169794967     )
 (  2.9130565707032874     , 0.42442249150738243     ) (  2.3359894845482376E-007, -1.4523121296565432E-006) (  2.3375829822145535E-007, -1.4522064346363393E-006) (  8.1135155697991852     , 0.96230582690234689     )
   11.001399999999999        1.2500000000000000     
 ( -1.4268828399103839     ,  148.68193532715296     ) (-0.44871132840515138     ,  151.32142589735284     )
 (  1.9811312026898338     ,  1.2514504313964074     ) (  7.9775594554039768E-007, -8.0614128461644902E-007) (  7.9792422632662111E-007, -8.0613092948282843E-007) (  6.4224586189053774     ,  5.1415332368820561     )
   11.051394999999999        1.2500000000000000     
 ( -1.7201421226666427     ,  150.58401904152109     ) ( -1.6327337089374303     ,  153.30800150704422     )
 (  2.2041851363717080     ,  2.7027270950921030     ) (  1.4280193938652978E-006,  1.3553324616608007E-007) (  1.4280512775360919E-006,  1.3561411126409385E-007) (  5.4327900166984726     ,  6.5141035756263168     )
   11.101389999999999        1.2500000000000000     
 ( -2.4225297654617481     ,  152.95366945686470     ) ( -5.7609431852030921     ,  154.92386334195319     )
 ( 0.51583853138727465     ,  3.0111213800961196     ) (  2.6700478312346303E-007, -1.1889566218273116E-007) (  2.6705046651025354E-007, -1.1874144521376707E-007) ( 0.48851251518628791     ,  7.2915219147913639     )
   11.151384999999999        1.2500000000000000     
 ( -3.7323990127656970     ,  154.23970746982118     ) ( -7.8086689030321388     ,  155.39184933489622     )
 (-0.20760964011610852     ,  3.8595052858236554     ) ( -3.1307093663817420E-007,  7.9441808055643396E-007) ( -3.1308151651794428E-007,  7.9450077551452151E-007) ( -2.7870615714740437     ,  6.2015653004499081     )
   11.201379999999999        1.2500000000000000     
 ( -5.9730241115068985     ,  157.40355864545683     ) ( -8.3600795962869938     ,  155.83475282218961     )
 ( 0.32477599352556480     ,  3.3643851541219618     ) (  7.6770388807641814E-007,  1.3846282044697380E-007) (  7.6758741413142219E-007,  1.3861842082491889E-007) ( -4.4656292788843608     ,  4.3773860580184891     )
   11.251374999999999        1.2500000000000000     
 ( -6.5942115965637447     ,  160.18842446242516     ) ( -8.7910437665680661     ,  157.04890253047648     )
 ( -2.1672838955663964     ,  2.4271448418062227     ) (  4.8810867424352224E-007, -5.3094496203423497E-007) (  4.8800081887383532E-007, -5.3088141816664813E-007) ( -6.3637330392916223     ,  3.2360637434377524     )
   11.301369999999999        1.2500000000000000     
 ( -9.5617128731661154     ,  160.26817726168287     ) ( -10.187154396332653     ,  159.04633679427141     )
 ( -2.6649420202817953     ,  2.8428732637728231     ) (  6.3948421476316344E-007,  1.4488915253923133E-006) (  6.3926698154698088E-007,  1.4489355052499873E-006) ( -7.0905300223549084     , 0.41535117420118300     )
   11.351364999999999        1.2500000000000000     
 ( -11.848286290476230     ,  160.88370808812169     ) ( -9.5973626403612684     ,  160.70670318083131     )
 ( -2.2334260383944335     , 0.64071393999297588     ) ( -2.9370865636510116E-007,  1.1100525252117667E-006) ( -2.9376511005961276E-007,  1.1100772858796179E-006) ( -8.8743914976996248     , -2.9283257657285882     )
   11.401359999999999        1.2500000000000000     
 ( -12.620655624703947     ,  161.41001757162368     ) ( -11.985531854736474     ,  162.19481789444015     )
 ( -1.9814048806340239     , -3.3798634970533474E-002) ( -1.2182713608808812E-006,  6.7184902000625313E-007) ( -1.2184349722126348E-006,  6.7175502718532381E-007) ( -7.0186337125270368     , -4.5857151311190254     )
   11.451355000000000        1.2500000000000000     
 ( -13.369170735710908     ,  162.51793153056940     ) ( -15.050712372505110     ,  165.27347591307958     )
 (-0.72937033671258344     , -1.2122267210493731     ) ( -2.3907294764806801E-007, -1.4021885865270954E-007) ( -2.3913561848893695E-007, -1.4032656704634956E-007) ( -4.1604631683015922     , -7.9328936985202487     )
   11.501349999999999        1.2500000000000000     
 ( -15.010014695694487     ,  163.78982910277068     ) ( -16.466524622643846     ,  166.31612383652794     )
 (  9.2524872007111666E-002, -1.8736681503933506     ) ( -7.9728194448934535E-007, -1.0992894713777839E-006) ( -7.9725900499845144E-007, -1.0993880623313268E-006) ( -1.9174079484210462     , -9.1519991773917333     )
   11.551345000000000        1.2500000000000000     
 ( -15.394020606622572     ,  166.17253706139809     ) ( -19.075379436936242     ,  165.46458725134602     )
 ( 0.78101262429177876     ,-0.59150394076849355     ) ( -2.9760670056930193E-007,  7.4776042135627155E-007) ( -2.9758704229675473E-007,  7.4752217737104122E-007) (  1.4602588138078521     , -7.3244299325138487     )
   11.601339999999999        1.2500000000000000     
 ( -16.585282645547753     ,  166.30424469706719     ) ( -19.915207891868061     ,  165.59062159798779     )
 (  1.9461575668759812     , -2.2178914739972493     ) (  3.6609400790651260E-007, -8.2170444751733108E-008) (  3.6616457402921540E-007, -8.2264460462315270E-008) (  3.2221786662692096     , -6.2674798057661176     )
   11.651335000000000        1.2500000000000000     
 ( -19.667039950605592     ,  167.52893467910795     ) ( -20.461114022676657     ,  166.60920058059276     )
 (  1.7122458870957997     , -2.2056625462169963     ) ( -1.3142808894389832E-006, -5.6427051193183101E-007) ( -1.3141543112155915E-006, -5.6441668243167796E-007) (  5.6983744586088374     , -3.7918651171628466     )
   11.701330000000000        1.2500000000000000     
 ( -21.794824454163578     ,  169.12947802595045     ) ( -21.717202424437968     ,  166.43187464802730     )
 (  2.6455929690776308     , -1.1793019458207525     ) ( -1.8919760957758010E-007, -1.1095943684523696E-006) ( -1.8913474706936722E-007, -1.1095588425945556E-006) (  7.2933468990851553     , -1.7852970045460836     )
   11.751324999999998        1.2500000000000000     
 ( -23.502305172162934     ,  168.09764944798837     ) ( -23.346374458526988     ,  167.86263128589556     )
 (  3.0220824934384156     ,-0.25826718315869557     ) (  7.1467490705730712E-007, -1.2656773593354404E-006) (  7.1490152139203664E-007, -1.2656596312289323E-006) (  6.1898404627693662     ,  1.8569561726044790     )
   11.801319999999999        1.2500000000000000     
 ( -24.223529528340595     ,  167.88763288058095     ) ( -23.100888078441717     ,  170.01256704712276     )
 (  2.3168566737387026     , 0.65125702017991571     ) (  8.9121910927384142E-007,  1.4091487050653573E-007) (  8.9142631306429584E-007,  1.4097156725755439E-007) (  6.5323794738363654     ,  5.8094054867002276     )
   11.851314999999998        1.2500000000000000     
 ( -24.976412868468366     ,  168.38663762738773     ) ( -25.424855857289696     ,  169.21452005011534     )
 (  1.9840815966556695     , 0.96595860677403222     ) (  1.4514293089367054E-006, -1.6653776412575239E-007) (  1.4514185317705001E-006, -1.6639771833387295E-007) (  4.3188088908721456     ,  6.8918046298528282     )
   11.901309999999999        1.2500000000000000     
 ( -25.149361810588331     ,  168.20035099628046     ) ( -27.756095970237489     ,  170.06933159388953     )
 (  6.4938306807586195E-003, 0.48407522823627691     ) ( -4.2855127737612830E-007, -1.3680032998354521E-008) ( -4.2847441574600399E-007, -1.3528817402987925E-008) ( 0.71080649386439598     ,  8.5533419070235031     )
   11.951304999999998        1.2500000000000000     
 ( -26.439528241569619     ,  168.66169980404339     ) ( -29.170627494462565     ,  169.45478571772577     )
 ( 0.31191592186829636     , 0.93854688986435164     ) (  1.5218048447602821E-007,  7.0538196866854603E-007) (  1.5210075967502397E-007,  7.0548966922679071E-007) ( -1.7155702950553919     ,  8.1941607237656733     )
   12.001299999999999        1.2500000000000000     
 ( -28.124890350233823     ,  170.44017939312238     ) ( -29.551057564554842     ,  169.14856911963801     )
 ( 0.39679861197403371     ,  7.2902477535983765E-002) (  1.0261269864288001E-006, -5.9610004158456056E-007) (  1.0260255359902332E-006, -5.9593630679171828E-007) ( -4.2233390412231104     ,  7.6035134131183231     )
   12.051294999999998        1.2500000000000000     
 ( -28.122918445324224     ,  170.76704041092313     ) ( -30.657250742421738     ,  169.38183974598635     )
 ( -1.7404873883593446     ,-0.37695208385232198     ) (  6.2841721580036691E-007,  5.2857076510409648E-007) (  6.2824143646710006E-007,  5.2858641034815770E-007) ( -5.9757822110964094     ,  6.1660458685185100     )
   12.101289999999999        1.2500000000000000     
 ( -30.442922148300010     ,  170.75241471345100     ) ( -30.997772956966944     ,  170.06693168254483     )
 ( -1.9122381081718172     ,-0.21023337099380329     ) (  8.3941177351298634E-008,  1.4896130393424572E-006) (  8.3797798318548937E-008,  1.4897705333278996E-006) ( -7.3330778133571242     ,  1.9149044774296804     )
   12.151284999999998        1.2500000000000000     
 ( -32.073172942914901     ,  169.65020844122148     ) ( -30.743111809944573     ,  169.01131164829036     )
 ( -2.2885995436307587     , -1.7348668395013545     ) ( -9.2072833251313584E-007,  4.2552716664071030E-007) ( -9.2085181799582653E-007,  4.2554295455410731E-007) ( -7.8756963025833473     ,-0.14180199499440643     )
   12.201279999999999        1.2500000000000000     
 ( -32.141166253646560     ,  168.92395661107042     ) ( -32.802497365600708     ,  169.40292816318166     )
 ( -1.6209899268730035     , -1.6798225711624586     ) ( -6.4691165240064258E-007,  7.4159951509404063E-007) ( -6.4715030557168060E-007,  7.4141528449900603E-007) ( -5.6528651576514344     , -2.6783126925128227     )
   12.251274999999998        1.2500000000000000     
 ( -32.628714974470377     ,  168.24048862586548     ) ( -33.462337455965191     ,  170.19082016258449     )
 (-0.37542079098938336     , -2.2028329120008823     ) ( -7.4995372500934958E-008, -7.5498747556044916E-007) ( -7.5054533038192205E-008, -7.5510485166342521E-007) ( -3.4896118585439702     , -6.1185865798777597     )
   12.301269999999999        1.2500000000000000     
 ( -32.674329686973394     ,  168.02896275095040     ) ( -33.489779059952959     ,  169.54979271925455     )
 (-0.73756619417536184     , -1.4453705947832836     ) ( -1.0882592715180282E-006, -6.4771769087528940E-007) ( -1.0881840545988879E-006, -6.4787151813586715E-007) ( -1.4437360753272701     , -6.8477106393088087     )
   12.351264999999998        1.2500000000000000     
 ( -31.548422988161843     ,  169.32537498889559     ) ( -34.378512739185020     ,  168.72341664813445     )
 ( 0.15296587925989000     ,-0.21135650676056170     ) (  1.4832214202129376E-007,  6.2212457320103759E-007) (  1.4832387487029328E-007,  6.2189548767186131E-007) (  1.6445600397703819     , -7.3058201724138883     )
   12.401259999999999        1.2500000000000000     
 ( -32.037459963797708     ,  168.29456633234591     ) ( -34.262111605127856     ,  168.66205673187136     )
 ( 0.41301665082541966     , -1.1421321109335907     ) ( -3.6996237334343950E-007, -3.6513622627356106E-007) ( -3.6981195299577261E-007, -3.6527153954672839E-007) (  3.8869282155520093     , -6.7813213800829919     )
   12.451254999999998        1.2500000000000000     
 ( -32.699636428930177     ,  168.83623218114056     ) ( -33.914120044802807     ,  168.33550659256085     )
 (  3.2787145994753249E-002,-0.27750856032413185     ) ( -1.0332429479273314E-006, -8.4741694277490785E-007) ( -1.0331821179739470E-006, -8.4752913018733323E-007) (  7.4974556628629001     , -5.0485752595703275     )
   12.501249999999999        1.2500000000000000     
 ( -33.456528338612330     ,  169.40093903005470     ) ( -34.422007067756809     ,  167.34475501411231     )
 ( 0.55741440466061254     , 0.45042738612882166     ) (  7.0469403007141224E-007, -8.7912091467836564E-007) (  7.0479728079994955E-007, -8.7914165487966922E-007) (  8.3101910337720870     , -3.0773056091731035     )
   12.551245000000000        1.2500000000000000     
 ( -34.210732917616497     ,  168.15558554107781     ) ( -34.767332970350338     ,  168.61136530961417     )
 ( 0.35656812285757178     ,  1.6623025331419543     ) (  2.3314790432059812E-007, -4.4813812267907601E-007) (  2.3344710146986133E-007, -4.4817945275601429E-007) (  7.2070580161496043     , 0.68074791693597825     )
   12.601239999999999        1.2500000000000000     
 ( -33.586557950723829     ,  167.49906183974036     ) ( -33.059981873949972     ,  168.22913911430055     )
 (-0.31873746975372563     ,  2.9552080633169733     ) (  9.5409431007600385E-007,  4.9629362524732195E-007) (  9.5433582097955383E-007,  4.9644170739882993E-007) (  7.9356000395067667     ,  2.9959040525061207     )
   12.651235000000000        1.2500000000000000     
 ( -33.157445784390823     ,  167.18818810945825     ) ( -33.457759589404951     ,  167.28212042259287     )
 (-0.77414771531047244     ,  2.0621477616994031     ) (  1.0963018243965178E-006, -4.4957408934378164E-007) (  1.0962574932220569E-006, -4.4932654431726146E-007) (  5.2406020749358122     ,  4.1632922408570892     )
   12.701229999999999        1.2500000000000000     
 ( -31.153010305993032     ,  166.12308399263580     ) ( -32.979141278395254     ,  167.66671718497901     )
 ( -1.7159493251861331     ,  1.8981695625973787     ) ( -3.7114315689558338E-007,  3.4340159136140553E-007) ( -3.7109378677826705E-007,  3.4354474169778618E-007) (  3.0396304294236627     ,  5.6081639682078048     )
   12.751225000000000        1.2500000000000000     
 ( -31.033493988943007     ,  166.60466826488783     ) ( -32.317398483987084     ,  167.56739980009044     )
 ( -1.1189965739115191     ,  2.1890060149324788     ) (  6.0471336903286796E-007,  7.2416989027901586E-007) (  6.0463079124416147E-007,  7.2433031258244330E-007) (  6.0084856575742931E-002,  5.9089352399280477     )
   12.801219999999999        1.2500000000000000     
 ( -30.432381343524280     ,  167.48630752079174     ) ( -31.689557329666982     ,  167.60828480523756     )
 (-0.97978585081462743     ,  1.0812711682448104     ) (  8.7476012797751749E-007, -3.9420388826965919E-008) (  8.7467551322989064E-007, -3.9297118607277177E-008) ( -3.1185911601557290     ,  6.2191180863398934     )
   12.851215000000000        1.2500000000000000     
 ( -29.036994827071307     ,  168.11418892614824     ) ( -31.841772624014411     ,  167.81656648550890     )
 ( -1.3281080917659593     , 0.36380437847762359     ) ( -9.4377829001533912E-008,  1.4997784958449804E-006) ( -9.4562746306073836E-008,  1.4998210766416942E-006) ( -5.0737038732135984     ,  4.4813273809048759     )
   12.901209999999999        1.2500000000000000     
 ( -29.133631336466422     ,  168.59587277931698     ) ( -29.501120028717466     ,  168.35441198745616     )
 (-0.76009685937235183     ,-0.14577961972699965     ) ( -4.1321151545088582E-007,  6.3074286450724664E-007) ( -4.1332473482878883E-007,  6.3094417942970397E-007) ( -7.7902868536634298     , 0.61208770595093531     )
   12.951205000000000        1.2500000000000000     
 ( -29.168423525867709     ,  167.96833892814763     ) ( -29.049888146159201     ,  167.26640429302358     )
 (-0.80710989564742319     ,-0.98403763551601786     ) ( -1.0053702913543042E-006,  3.5231333391500467E-007) ( -1.0055249410086722E-006,  3.5231585932814012E-007) ( -7.7405220804831858     ,-0.52355685970164367     )
   13.001199999999999        1.2500000000000000     
 ( -27.581817949477436     ,  167.48417717442510     ) ( -28.844532486185479     ,  167.67760788097470     )
 (  1.1282921651423423     , -1.1038618290048907     ) ( -2.2812904780275806E-007,  8.3368733903112399E-007) ( -2.2836173618266801E-007,  8.3344583192605239E-007) ( -6.3004017985278171     , -3.1487767419599817     )
   13.051195000000000        1.2500000000000000     
 ( -26.404729547986175     ,  166.85358582300546     ) ( -26.878798354850954     ,  168.22354900861083     )
 (  2.1485312468727411     , -1.1445555675951928     ) ( -1.4624367549635597E-007, -9.2993130598748090E-007) ( -1.4626856973776654E-007, -9.3004923784239394E-007) ( -5.2381643444650257     , -5.1567308963946443     )
   13.101189999999999        1.2500000000000000     
 ( -24.397935932543149     ,  167.79865941525736     ) ( -25.069738812152977     ,  168.49839193319431     )
 (  1.7082156053354414     ,-0.74781415986767641     ) ( -8.7147508127866989E-007, -1.9685408463696235E-007) ( -8.7137764983465298E-007, -1.9702593601050497E-007) ( -3.9045960900893490     , -6.0805405507436614     )
   13.151185000000000        1.2500000000000000     
 ( -22.217342726313561     ,  169.36986027748077     ) ( -23.753932726143823     ,  169.51682957210650     )
 (  2.9482702484683068     , 0.22441812680147316     ) (  1.7402218970835851E-007,  8.0335443193070417E-008) (  1.7407062280560023E-007,  8.0157514701902765E-008) ( -1.5932464995835873     , -7.0816060737612085     )
   13.201179999999999        1.2500000000000000     
 ( -20.741230783414721     ,  169.80819125718207     ) ( -22.475007735523349     ,  171.26609822942524     )
 (  3.2679307743939998     ,-0.13458104839778631     ) ( -6.0103599521651482E-007, -1.0413957424443771E-006) ( -6.0087730733562303E-007, -1.0416023336113109E-006) ( 0.83529732910041876     , -5.7695509958319322     )
   13.251175000000000        1.2500000000000000     
 ( -19.644638114712990     ,  171.47507511066172     ) ( -21.217321981644385     ,  171.28922546950548     )
 (  2.8007260180548630     , 0.56493913602093870     ) (  1.5686932648746793E-007, -8.0434173748739934E-007) (  1.5690103606779504E-007, -8.0446072382157740E-007) (  4.1566413916666054     , -4.7740892302159361     )
   13.301169999999999        1.2500000000000000     
 ( -19.015316870934367     ,  172.80370841707864     ) ( -20.789161774846740     ,  171.87097568823333     )
 (  2.2765166574790192     , 0.98834012025515461     ) (  8.5952634922092415E-007, -6.9990154638964729E-007) (  8.5969525205606419E-007, -6.9994045576668675E-007) (  4.6702472800953041     , -2.4810315531315732     )
   13.351165000000000        1.2500000000000000     
 ( -18.740358720157190     ,  173.25658308338532     ) ( -19.787825564735492     ,  173.67616412192240     )
 (  1.4167440705361269     ,  1.3576172409355407     ) ( -1.4206562319814481E-007, -1.7951707432931726E-007) ( -1.4177827302341628E-007, -1.7947121660673237E-007) (  4.6106400806812049     ,  1.1298521504629755     )
   13.401159999999999        1.2500000000000000     
 ( -17.176164743773583     ,  173.49688141246418     ) ( -17.225524036369080     ,  173.62982007964845     )
 (  6.2702397566652940E-002,  1.9849512535790592     ) (  1.4499424150629571E-006,  3.3130481453501290E-007) (  1.4500334955828588E-006,  3.3154550815651092E-007) (  5.0969372941653281     ,  2.8769883851494717     )
   13.451155000000000        1.2500000000000000     
 ( -14.950445930819775     ,  174.28260101470133     ) ( -15.610335362861678     ,  174.57748908102616     )
 (-0.42170422271304064     , 0.27605343737403065     ) (  9.8371860139419180E-007, -2.9746464884538578E-007) (  9.8363844515047838E-007, -2.9716972130070173E-007) (  3.7455830013262306     ,  4.2021017972077059     )
   13.501149999999999        1.2500000000000000     
 ( -11.885162145485207     ,  175.44200618826434     ) ( -13.300250803579004     ,  176.19921868870983     )
 ( -1.7510465572702436     , 0.47982207433224672     ) (  5.1464784601585783E-008,  6.6155686623914172E-007) (  5.1459616454323871E-008,  6.6170126019510575E-007) (  2.9683189300609243     ,  5.8696187031703886     )
   13.551145000000000        1.2500000000000000     
 ( -10.378405553981880     ,  177.24287128049127     ) ( -11.209646500575923     ,  178.43639686801342     )
 ( -2.1401019141803008     , -2.7007327985883442E-002) (  7.0132952827358320E-007,  5.5482751267488782E-007) (  7.0128922448653715E-007,  5.5500234162709153E-007) ( 0.23584102281854624     ,  6.5766445945010741     )
   13.601139999999999        1.2500000000000000     
 ( -8.6527477869399068     ,  179.83790021246477     ) ( -10.169607598192821     ,  180.57163392872982     )
 ( -2.3950672810809652     , -1.4200946142944164     ) (  6.2055972308016438E-008,  6.0498491552448179E-007) (  6.1987982555097854E-008,  6.0508556007045013E-007) ( -1.7296319028958536     ,  6.9786812206557594     )
   13.651135000000000        1.2500000000000000     
 ( -7.1993681058571743     ,  182.64426969300587     ) ( -9.7718846430319122     ,  183.17728360772765     )
 ( -2.3404627774627143     , -2.2868397872699284     ) ( -6.1668511101903648E-007,  1.0897591036374750E-006) ( -6.1690568530647669E-007,  1.0898718832262949E-006) ( -2.7731148237022123     ,  5.3365267413716708     )
   13.701129999999999        1.2500000000000000     
 ( -6.5959991376099181     ,  185.02552851185291     ) ( -7.6871836366993822     ,  185.49013742919635     )
 ( -1.5760689251761972     , -3.1359778983394504     ) ( -5.5611041962253391E-007, -1.1136149576052806E-007) ( -5.5633392403982654E-007, -1.1115572015531928E-007) ( -5.0172984956396425     ,  2.7136377594447292     )
   13.751125000000000        1.2500000000000000     
 ( -6.3259018519724730     ,  186.59068209801904     ) ( -7.3519057421262515     ,  186.00370087088947     )
 ( -1.8434023796072554     , -3.1825673439720239     ) ( -1.2480299365460950E-006,  5.6918625364998999E-007) ( -1.2481878413192010E-006,  5.6920456724946670E-007) ( -4.6811209734733774     ,  1.4041186054940589     )
   13.801119999999999        1.2500000000000000     
 ( -4.7240922922702273     ,  187.43786059548543     ) ( -6.0203150377405068     ,  187.59651953438421     )
 (  4.1216801305055832E-002, -2.7198309493499955     ) ( -6.1065061196427091E-007,  3.9489244655271297E-007) ( -6.1081520896026478E-007,  3.9468818074089587E-007) ( -3.3497672639086642     ,-0.72472928508456547     )
   13.851115000000000        1.2500000000000000     
 ( -2.6182398136416429     ,  188.72762378411869     ) ( -3.8394282792752188     ,  189.58595448507481     )
 ( 0.20150067958200440     , -2.5447879912496352     ) ( -6.6881189097976618E-007, -8.8534130059363649E-007) ( -6.6879760206286206E-007, -8.8548486407145154E-007) ( -2.7562515881297371     , -2.0426101069455038     )
   13.901109999999999        1.2500000000000000     
 (-0.80524996886961542     ,  191.60964945217617     ) ( -1.6007616205470507     ,  191.94369818377805     )
 ( 0.38136445892042004     , -2.1767491141495889     ) ( -8.3004737290737144E-007, -5.0712494919255797E-007) ( -8.2996639440548543E-007, -5.0727197242144714E-007) ( -1.4307879467176998     , -3.8447688915815652     )
   13.951105000000000        1.2500000000000000     
 (  1.2596005637114567     ,  194.91995457973732     ) ( -5.6240412583872480E-003,  195.39274499499535     )
 (  1.3597137557496239     ,-0.54032264024217058     ) (  2.6685169556308603E-008, -6.8468955827081127E-007) (  2.6770647241039834E-008, -6.8482161170516110E-007) ( 0.11080445008591919     , -5.0220683325244675     )
   14.001100000000001        1.2500000000000000     
 (  2.7580013705368871     ,  197.95758763836463     ) (  1.3801852517523647     ,  199.50333716261173     )
 (  1.8160239746293318     , 0.52965619984166068     ) ( -2.2765844705964107E-007, -1.2778001897519679E-006) ( -2.2756430391266167E-007, -1.2780577016705829E-006) (  2.0592114007704296     , -3.9032688561107376     )
   14.051095000000000        1.2500000000000000     
 (  3.3828143078850688     ,  201.69458250538165     ) (  2.1472606050484111     ,  202.00541713426219     )
 (  1.4293279836207633     ,  2.1342803089001023     ) (  6.4733473603201291E-007, -3.9940046549622095E-007) (  6.4879273311344115E-007, -3.9955742160766713E-007) (  4.1792880095690155     , -4.2362061668343856     )
   14.101089999999997        1.2500000000000000     
 (  3.4023103406502884     ,  204.84360918533227     ) (  1.2997215944421570     ,  205.03772818798754     )
 ( 0.46635604491581351     ,  2.4541301182841884     ) (  5.3026931208898133E-007, -1.0320591067313661E-006) (  5.3035983553870271E-007, -1.0320347922574817E-006) (  4.4169340104870507     , -3.0394679947632106     )
   14.151084999999997        1.2500000000000000     
 (  2.9726370379091795     ,  207.47468596395922     ) (  1.2799526356346624     ,  207.67479483030792     )
 (-0.45109995640623268     ,  2.9945184474372057     ) (  2.0276532089226975E-007, -3.7603813090342974E-007) (  2.0295278076288803E-007, -3.7597570888147770E-007) (  4.4278827968660250     ,-0.64547996621535431     )
   14.201079999999997        1.2500000000000000     
 (  3.6073874971123026     ,  208.86442669126268     ) (  2.5287017431516130     ,  209.41459629773436     )
 ( -1.0286319636932506     ,  3.3138937133844921     ) (  1.5279717355783042E-006,  6.4706096427233113E-007) (  1.5280135698610683E-006,  6.4722649535392890E-007) (  4.0935297418470213     , 0.14124505742113261     )
   14.251074999999998        1.2500000000000000     
 (  4.9856068466984658     ,  211.62623832239439     ) (  3.5150541775563049     ,  211.79273451060544     )
 (-0.86849094988650166     ,  2.7603097930122718     ) (  1.0147915761425795E-006,  4.4491390444853159E-007) (  1.0146771503479018E-006,  4.4513907047387162E-007) (  3.3123509168149416     ,  1.0752103453076864     )
   14.301069999999998        1.2500000000000000     
 (  6.7814632882840025     ,  214.67318695226186     ) (  5.0496523236876909     ,  214.81514842336819     )
 ( -2.4368722073520264     ,  2.8732051688393510     ) (  2.0440396677675300E-007,  1.2939146684161298E-006) (  2.0433720168134608E-007,  1.2940906938000114E-006) (  2.4392833187600913     ,  1.7708172067860624     )
   14.351064999999998        1.2500000000000000     
 (  7.4152006830861881     ,  218.25332443086367     ) (  6.4115514810535048     ,  218.55633055580569     )
 ( -2.5824963027153527     ,  2.1654073609131310     ) (  4.1593657519853073E-007,  8.2744716514389671E-007) (  4.1590923748931405E-007,  8.2763298123678872E-007) (  3.0645494935471834E-002,  2.0740073562963337     )
   14.401059999999998        1.2500000000000000     
 (  8.0578788083109796     ,  222.25517808562830     ) (  6.6665973864360275     ,  222.40629814527242     )
 ( -2.7031456327085936     , 0.69453943620212188     ) ( -6.0859316479955025E-007,  7.7230379947965318E-007) ( -6.0863245143508055E-007,  7.7242763046448541E-007) ( -1.0338110212531759     ,  2.3230095686977239     )
   14.451054999999998        1.2500000000000000     
 (  7.5138243119079648     ,  226.34284041223771     ) (  5.7930216275820605     ,  227.25078341613633     )
 ( -1.5157267484380283     ,-0.47576167298585365     ) (  2.1326455648355114E-008,  8.5882698567411942E-007) (  1.8969605553728778E-008,  8.5797225828784915E-007) ( -1.7528225504302601     ,  1.4193009901400537     )
   14.501049999999998        1.2500000000000000     
 (  6.7817442053755528     ,  230.10118603367346     ) (  5.2652944903592331     ,  231.07558038679761     )
 (-0.31198247319966005     , -1.3970265139541094     ) ( -5.5611550913291969E-007,  2.9013442335913559E-007) ( -5.5641295852891318E-007,  2.9019223556426819E-007) ( -3.8893111921981847     ,  8.8796448437392275E-002)
   14.551044999999998        1.2500000000000000     
 (  5.3939020128960857     ,  232.84239784802392     ) (  3.8427094904974601     ,  233.05014306528605     )
 ( 0.23790179335665348     , -1.2810003791411377     ) ( -1.6675105495582787E-006,  7.3510948884992585E-007) ( -1.6676835516152634E-006,  7.3511375822813974E-007) ( -3.6624874562083822     ,-0.71760721379778825     )
   14.601039999999998        1.2500000000000000     
 (  5.5228834025168574     ,  235.10098863318109     ) (  3.5067464963697690     ,  235.54029172527905     )
 (  1.2526149124267307     ,-0.93781770767239836     ) ( -1.1147489212249891E-006,  8.5501570831397575E-008) ( -1.1148845263137447E-006,  8.5389694085448645E-008) ( -3.0954778020159623     , -1.5415242467285717     )
   14.651034999999998        1.2500000000000000     
 (  5.7889235860701636     ,  237.67799571572687     ) (  3.5547308500526329     ,  238.01889287269216     )
 (  1.7415179052132659     , -2.0783566256502941     ) ( -1.0474358247097728E-006, -1.2806673142241250E-006) ( -1.0474279133461206E-006, -1.2808498155890899E-006) ( -2.7167054342026105     , -1.6860993765342254     )
   14.701029999999998        1.2500000000000000     
 (  5.7430963179890586     ,  241.20398606456376     ) (  3.9846367994610925     ,  240.81472892376502     )
 (  2.6997640287345654     , -1.8107317934122487     ) ( -2.6590328141061659E-007, -9.6684391982981845E-007) ( -2.6587452315690447E-007, -9.6698071994520264E-007) ( -1.6265640265929087     , -2.2932307506939891     )
   14.751024999999998        1.2500000000000000     
 (  5.4762782650459387     ,  244.88829890695678     ) (  3.8322925584849976     ,  244.54776681956167     )
 (  3.5499542925725045     , -1.2292963717286538     ) (  5.1551364459729812E-007, -1.2714288634018748E-006) (  5.1560634519701364E-007, -1.2715425103496237E-006) ( -1.1977718680620266     , -2.2363467143888403     )
   14.801019999999998        1.2500000000000000     
 (  4.7914963579212388     ,  249.07752965221857     ) (  3.9098407177046282     ,  249.43523603821879     )
 (  3.6016740104362470     , 0.29486149708928627     ) (  2.4862717215191174E-007, -4.8023724207612165E-007) (  2.4888790933267599E-007, -4.8054335325511703E-007) (-0.52163505813477928     ,-0.72139205917770011     )
   14.851014999999999        1.2500000000000000     
 (  3.5689781172237369     ,  252.44266121659751     ) (  2.7861813458017020     ,  253.19601761040863     )
 (  3.0913455976297795     ,  1.0202228585462667     ) (  5.3783150798095405E-007, -5.9979681376253087E-007) (  5.3962049633310006E-007, -5.9988752122888399E-007) ( 0.53873649683951408     , -1.1267034366511206     )
   14.901009999999998        1.2500000000000000     
 (  1.2879540324615122     ,  255.81922237056270     ) (-0.13271591110591441     ,  256.67082659335330     )
 (  2.0092013425025197     ,  1.0065047534486657     ) (  1.0292413901793260E-006, -1.5279673348606076E-006) (  1.0291987833399723E-006, -1.5280723817871898E-006) ( 0.86044294723553794     ,-0.13630560585693269     )
   14.951004999999999        1.2500000000000000     
 (-0.28956673710728198     ,  258.17271250692625     ) ( -2.3910307099182484     ,  258.96589036311559     )
 ( 0.77480499541518744     , 0.53321115364239247     ) (  1.1344914460102442E-006, -5.6615543461636141E-007) (  1.1345132939296739E-006, -5.6615090925082656E-007) ( 0.84693283535296160     ,  1.4647815050964526     )
   15.000999999999998        1.2500000000000000     
 ( -1.4691111519746165     ,  259.92108690918201     ) ( -3.8293610370453801     ,  260.80942826455498     )
 ( 0.89016391300665765     , 0.56015225034154115     ) (  1.8806143947292074E-006,  5.2503441710824696E-007) (  1.8807489271746613E-006,  5.2515530276405064E-007) ( 0.34295862996288140     ,  2.0835041660821605     )
   15.050994999999999        1.2500000000000000     
 ( -2.0068595406136800     ,  262.68527465744774     ) ( -4.7032879108986920     ,  262.65263125447592     )
 ( 0.26233944826603417     , 0.78967341919941469     ) (  9.5130252899872052E-007,  1.1445278780433460E-006) (  9.5122832259973504E-007,  1.1446652125977281E-006) ( -1.7031756291784977E-002,  2.6613508548186693     )
   15.100989999999998        1.2500000000000000     
 ( -3.1126043662201672     ,  265.91090473640338     ) ( -5.2534375392005357     ,  265.11873888854961     )
 ( -1.0670126620643858     , 0.42193158832447919     ) (  1.8765756547024615E-007,  1.5076638054759964E-006) (  1.8751728356218052E-007,  1.5078443926701810E-006) ( -8.6277058155975694E-002,  2.1045720266785937     )
   15.150984999999999        1.2500000000000000     
 ( -4.1516971991545315     ,  269.05865168851483     ) ( -5.2920074703042390     ,  268.07679227754556     )
 ( -2.4282093881312865     ,-0.22217677333153479     ) ( -3.4085405990560527E-007,  7.8062717797290024E-007) ( -3.4083500102318747E-007,  7.8088849922114612E-007) ( -1.0696401012346202     ,  1.6308674131061132     )
   15.200979999999998        1.2500000000000000     
 ( -6.3771962976477896     ,  272.03331371691866     ) ( -6.5980794183542324     ,  271.55702559562252     )
 ( -2.3762177234407620     , -1.3645665596074474     ) ( -2.6548600392190238E-007,  5.4229609922720877E-007) ( -2.6549097729165152E-007,  5.4245737075356396E-007) (-0.40912379688776884     ,  1.5475688264322849     )
   15.250974999999999        1.2500000000000000     
 ( -8.4055105963335670     ,  275.23925171141877     ) ( -9.1768300512305494     ,  275.56467980621227     )
 ( -1.8911818442255099     , -2.0304349546138125     ) (  1.3320916370472913E-007,  1.3661933566444713E-006) (  1.3079653586570225E-007,  1.3636829243551252E-006) (  6.9137232474156998E-002,  1.0141946243613011     )
   15.300969999999998        1.2500000000000000     
 ( -11.181174732467355     ,  277.02468471101167     ) ( -12.260856365142736     ,  278.75131791606310     )
 ( -1.2062124977093289     , -2.1411621248533543     ) ( -8.7925425284891236E-007,  6.9161672315285828E-007) ( -8.7940460062241914E-007,  6.9158138440426267E-007) (-0.25390275297746995     , 0.14798935564915508     )
   15.350964999999999        1.2500000000000000     
 ( -13.410796319476374     ,  278.59770837791797     ) ( -15.422667738552539     ,  280.06383791258531     )
 ( -1.1109037623886389     , -1.5155990539583124     ) ( -2.1919811657605654E-006,  3.6567032636001281E-007) ( -2.1921269737115323E-006,  3.6575015426501859E-007) ( 0.37482492296184144     ,-0.45665972117894998     )
   15.400959999999998        1.2500000000000000     
 ( -15.009438530214531     ,  279.90717511951408     ) ( -17.947377980015357     ,  280.76456751055537     )
 ( -1.5491105383862993     , -1.2166758285989385     ) ( -1.7826729282078144E-006, -7.0847008163015172E-007) ( -1.7825786920826504E-006, -7.0845502811700764E-007) (  1.2250537945158995     ,-0.95801877755249909     )
   15.450954999999999        1.2500000000000000     
 ( -15.954024043131401     ,  281.99436824487395     ) ( -19.251850266140501     ,  281.50933874254378     )
 (-0.92262065369856772     , -1.5428270533143569     ) ( -1.0576862919058441E-006, -1.6936588043489321E-006) ( -1.0576643278451834E-006, -1.6938986665726703E-006) (  2.3323110146092332     ,-0.56797374595254124     )
   15.500949999999998        1.2500000000000000     
 ( -17.545865731237978     ,  283.84892667877665     ) ( -19.967158055049836     ,  282.39221063102741     )
 (-0.47434763905539118     , -1.5660365740028430     ) (  1.5505017253760362E-007, -1.3240155075904018E-006) (  1.5503520972356167E-007, -1.3241750537730757E-006) (  3.1090137022581033     ,-0.35511976078433344     )
   15.550944999999999        1.2500000000000000     
 ( -19.739050780547458     ,  286.48773471975750     ) ( -20.701334400462482     ,  284.49212279012113     )
 ( 0.19962365201228402     ,-0.20137946293079981     ) (  4.8985932244411949E-007, -6.3400356727899921E-007) (  4.8992155570398646E-007, -6.3406096468533272E-007) (  2.7578250377166276     , 0.18297199793821561     )
   15.600939999999998        1.2500000000000000     
 ( -21.720211640480976     ,  288.21083865458053     ) ( -22.102282932638079     ,  287.88929800253470     )
 ( 0.13366571461335486     , 0.59609514002698283     ) ( -6.0706525961634729E-007, -6.1028823084828759E-007) ( -6.0675612342164287E-007, -6.1031379678729878E-007) (  2.0682164242152470     ,  1.1227328657825428     )
   15.650934999999999        1.2500000000000000     
 ( -24.723076985898739     ,  290.04941022744447     ) ( -24.137103393838863     ,  290.59857051272763     )
 (-0.60323718854535580     ,  1.5826024674740919     ) (  4.6168894756028889E-007, -1.1734654834094129E-006) (  4.6397540619149950E-007, -1.1726692481301479E-006) (  2.0139182551165047     , 0.78469399540238627     )
   15.700930000000000        1.2500000000000000     
 ( -27.299518484591083     ,  290.69318022189645     ) ( -27.741032152710002     ,  292.53676755591886     )
 (-0.75757729800473295     ,  1.5053718816991588     ) (  1.5525207246455341E-006, -1.5878084314827921E-006) (  1.5526201605754774E-006, -1.5880716437631632E-006) (  1.0987464340309541     , 0.89922132463952686     )
   15.750924999999999        1.2500000000000000     
 ( -29.166589674901935     ,  291.17833717803904     ) ( -31.373289539963878     ,  293.31322315581593     )
 ( -1.0193204851979640     , 0.82425501670709012     ) (  1.9511227562920025E-006, -1.3415546623172701E-007) (  1.9510735077935093E-006, -1.3430323414487030E-007) ( 0.33629106364622574     ,  1.0919880044281005     )
   15.800920000000000        1.2500000000000000     
 ( -30.218664175023648     ,  291.40834789619686     ) ( -34.139318966241881     ,  292.58357964438375     )
 (-0.21435842174248415     ,  1.4256447308806424     ) (  1.9717850271450653E-006,  1.1822934690841760E-006) (  1.9721309396083601E-006,  1.1826188352244978E-006) ( -1.1161952236406667     , 0.85989000626210255     )
   15.850914999999999        1.2500000000000000     
 ( -31.936828160177036     ,  292.51835141960021     ) ( -35.562474671251763     ,  291.88190618767544     )
 (  7.3518078929429728E-002,  1.6465502530431364     ) (  6.5286328869738557E-007,  1.9086595314137725E-006) (  6.5281891494324712E-007,  1.9087664163194093E-006) ( -2.4260862689213032     , 0.29592422236392496     )
   15.900910000000000        1.2500000000000000     
 ( -32.995044023864800     ,  293.90557465858677     ) ( -35.986647166567963     ,  291.58451905653391     )
 (-0.54569900583020059     ,  1.6539952099200805     ) ( -5.3578712430904051E-007,  1.4916342685135290E-006) ( -5.3595318124241504E-007,  1.4917715033843951E-006) ( -2.6632124043766816     , -1.2580088173125408     )
   15.950904999999999        1.2500000000000000     
 ( -35.291551489437957     ,  294.58791946971428     ) ( -35.555720711682589     ,  292.99628367662120     )
 (-0.11932675731570257     ,  1.1535492501938664     ) ( -8.1175361713888629E-008,  2.5414427527239586E-007) ( -8.1411759938132003E-008,  2.5450841609466916E-007) ( -3.1958146779506786     , -2.8838643040053582     )
   16.000900000000001        1.2500000000000000     
 ( -36.853959916915450     ,  295.76198225608994     ) ( -36.352582071445376     ,  294.51499566105917     )
 (  8.9531436159385927E-002, 0.28929047613333320     ) (  1.3273322919839008E-007,  1.0210103102445502E-006) (  1.3272768988675650E-007,  1.0213101913846312E-006) ( -2.3490557105489147     , -3.2386093597980858     )
   16.050895000000001        1.2500000000000000     
 ( -39.260561951347562     ,  296.01017969742065     ) ( -38.498503844787145     ,  296.63337186796434     )
 (  1.0046770440211441     , 0.80504516072704413     ) ( -1.6312916635380635E-007,  2.1562585652633975E-006) ( -1.6308380395612037E-007,  2.1522960973034625E-006) ( -1.4381778585057741     , -3.9172444513523366     )
   16.100890000000000        1.2500000000000000     
 ( -41.183483106699960     ,  295.79305018759715     ) ( -41.142032961748043     ,  298.00313909503467     )
 (  1.8704978416984355     , 0.69669532463636441     ) ( -1.6939070286653667E-006,  1.2385651564172329E-006) ( -1.6937813711849654E-006,  1.2383386298229250E-006) (-0.71457160277349718     , -3.9270942629341383     )
   16.150885000000002        1.2500000000000000     
 ( -42.220446796266728     ,  294.85073585592698     ) ( -44.617245267821637     ,  298.13722367121346     )
 (  1.6225386140465747     ,  1.3316944662131607     ) ( -2.2910879487649765E-006,  1.2113627615977326E-007) ( -2.2916338054363223E-006,  1.2124121605961930E-007) ( 0.34005826788454391     , -3.6534321952295885     )
   16.200880000000002        1.2500000000000000     
 ( -42.836433321207963     ,  295.15419350349549     ) ( -46.869505632412867     ,  296.30205923692495     )
 (  1.1673957387931231     ,  1.3164580705439006     ) ( -1.7657555190990656E-006, -1.3570771024685456E-006) ( -1.7656579394984095E-006, -1.3567517789569785E-006) (  1.1859704828407938     , -3.1582715511563046     )
   16.250875000000001        1.2500000000000000     
 ( -43.371453789443571     ,  295.16138691230572     ) ( -47.841992280087020     ,  294.56524755575504     )
 (  1.1009546813353326     , 0.55190187111600253     ) ( -2.7457381486008485E-007, -2.0501619763812004E-006) ( -2.7445799644109814E-007, -2.0504500809115941E-006) (  2.3366546674561897     , -1.2901165164532387     )
   16.300870000000000        1.2500000000000000     
 ( -44.767432680163139     ,  296.17895239810736     ) ( -46.752596349303758     ,  293.15697386537624     )
 (  1.1088008645701943     , 0.76703825708002282     ) (  5.6915718079217156E-007, -6.9473839687679254E-007) (  5.6911843140133599E-007, -6.9495634794316849E-007) (  3.0739714373390203     , 0.30192169024040644     )
   16.350865000000002        1.2500000000000000     
 ( -45.440150484630379     ,  295.59313598026324     ) ( -46.178588992099655     ,  293.35187973586369     )
 (  1.1786903200824137     , 0.39043133686734721     ) (  6.3519772871527468E-008, -5.8217362917537580E-007) (  6.3499054394094932E-008, -5.8231144923614648E-007) (  2.3385155162707516     ,  2.1789789984256518     )
   16.400860000000002        1.2500000000000000     
 ( -46.951609411975831     ,  295.84753225527180     ) ( -45.865231272887087     ,  294.80240612031247     )
 (-0.18530973246973859     , 0.28919764776911777     ) ( -7.7702282362051455E-007, -1.3102083829601337E-006) ( -7.7703057340109020E-007, -1.3101060067267811E-006) (  1.5105248139241056     ,  3.9224474177306226     )
   16.450855000000001        1.2500000000000000     
 ( -47.553837676224894     ,  295.40047721632487     ) ( -46.536504232008426     ,  296.05638823362108     )
 (-0.42180530387162563     ,-0.26008247649156957     ) (  8.8418748146557288E-007, -1.9612506836305814E-006) (  8.8616005439671669E-007, -1.9592929122892060E-006) ( 0.22735426054637209     ,  4.8874678031585210     )
   16.500850000000000        1.2500000000000000     
 ( -48.621184988123353     ,  294.18655899788979     ) ( -47.950690602846912     ,  297.27742444108719     )
 (-0.94613280484825935     , -1.4429085069375061     ) (  2.1555434217784675E-006, -1.1560597143719756E-006) (  2.1556698561945896E-006, -1.1565864953969348E-006) ( -1.3832537672772298     ,  5.4500031472705341     )
   16.550845000000002        1.2500000000000000     
 ( -47.845700580830432     ,  293.60398236071751     ) ( -50.502710729977601     ,  296.91208505460605     )
 (-0.81052964686983220     , -2.5100918337016545     ) (  2.4636738629752420E-006,  1.9264484976537937E-007) (  2.4632225693743852E-006,  1.9257691916207882E-007) ( -2.6007627661828749     ,  4.9169923100072221     )
   16.600840000000002        1.2500000000000000     
 ( -47.590106409349289     ,  293.41925891144047     ) ( -52.001444355761961     ,  295.21131748069325     )
 ( -8.8696915130497933E-002, -2.9056581249454569     ) (  1.7437957774322760E-006,  1.8214429440610158E-006) (  1.7434039401395156E-006,  1.8222451157999527E-006) ( -4.0276317638002270     ,  4.1566712950170537     )
   16.650835000000001        1.2500000000000000     
 ( -46.668188104234211     ,  294.09866384963891     ) ( -51.577087134162547     ,  292.45608146874019     )
 (-0.21586219832050443     , -3.0368259488140512     ) ( -3.2803573707016298E-007,  1.5891648551066349E-006) ( -3.2805712304176283E-007,  1.5892956698595140E-006) ( -4.8169257575800870     ,  3.0385981146642247     )
   16.700830000000000        1.2500000000000000     
 ( -47.741196739379127     ,  293.88506492406640     ) ( -49.856125902925271     ,  291.35891660281885     )
 ( 0.46159254176008535     , -2.9382073535787643     ) ( -2.3346059496313889E-007,  7.2909987439874648E-007) ( -2.3678640879750329E-007,  7.3153368172850159E-007) ( -4.8109270251989669     , 0.85987842303394479     )
   16.750825000000003        1.2500000000000000     
 ( -47.386430592269377     ,  294.34882567653841     ) ( -47.480443463915222     ,  291.68412101516742     )
 ( 0.76980278294932925     , -3.6478218478616928     ) (  3.8152858060679062E-007, -8.7299406917352296E-008) (  3.7429201728259889E-007, -7.9987860025329709E-008) ( -4.3579503258892549     , -1.0812770667728553     )
   16.800820000000002        1.2500000000000000     
 ( -47.252558721873427     ,  293.17795892529188     ) ( -46.363396415043958     ,  292.72856731697902     )
 (  1.4933259052355474     , -2.3834865853140430     ) (  3.9030479723855018E-007,  1.6935822776668116E-006) (  3.9000420505044995E-007,  1.6940291614360481E-006) ( -2.8995177336590263     , -2.9305120135240665     )
   16.850815000000001        1.2500000000000000     
 ( -47.474004577108467     ,  293.18883964290222     ) ( -45.508155553081906     ,  293.82733734626817     )
 (  2.0199455673878632     , -1.5817396798291528     ) ( -1.3131038248698532E-006,  2.0519072820277875E-006) ( -1.3110170438432371E-006,  2.0500492822849543E-006) (-0.99662547478457830     , -4.2402630421756875     )
   16.900810000000000        1.2500000000000000     
 ( -46.102382565387423     ,  291.84829880161050     ) ( -46.044221981596152     ,  295.27673399206492     )
 (  1.8367307173106167     , -7.9449336482363811E-002) ( -2.2855352631015475E-006,  9.6276440407360903E-007) ( -2.2853852012333777E-006,  9.6247270084717309E-007) (  1.6889736316711152     , -4.7146975459379048     )
   16.950805000000003        1.2500000000000000     
 ( -44.263382588213474     ,  291.77546791849119     ) ( -46.776692802577486     ,  295.53040345997243     )
 (  1.3335780550139555     ,  1.4467549175708205     ) ( -2.7097259204752334E-006, -7.2516747857083534E-007) ( -2.7104022554352607E-006, -7.2568158022000578E-007) (  3.9113296108004629     , -4.2271429165930785     )
   17.000800000000002        1.2500000000000000     
 ( -42.228931884748583     ,  291.84535003886685     ) ( -47.536945501623755     ,  293.84972838389905     )
 ( 0.21659260412223086     ,  2.0061435809382138     ) ( -1.1467570209845809E-006, -2.1869228897442672E-006) ( -1.1468295195465605E-006, -2.1870294385271000E-006) (  5.2666066240737406     , -3.2137278166562759     )
   17.050795000000001        1.2500000000000000     
 ( -41.496246391982631     ,  293.79524330905963     ) ( -45.888717078601481     ,  291.97977257783020     )
 (-0.79012296764996548     ,  3.1466818654083255     ) (  1.1943562270883845E-007, -1.3124941952795073E-006) (  1.1957130573649075E-007, -1.3125810426650534E-006) (  6.4550000070804785     , -1.8420477887290019     )
   17.100790000000003        1.2500000000000000     
 ( -40.063438895888240     ,  294.04570750095269     ) ( -42.695371563182505     ,  291.26415091237811     )
 ( -1.2282782443911568     ,  3.3931292781191669     ) (  5.3790152854158334E-007, -3.8308897486586345E-007) (  5.3786132266270074E-007, -3.8913792997131328E-007) (  7.0302076576449952     ,  4.0075418902459345E-002)
   17.150785000000003        1.2500000000000000     
 ( -40.253639783234412     ,  294.25791920375815     ) ( -39.628676460926556     ,  292.31820650773187     )
 ( -3.5047262343140457     ,  3.6095999219556538     ) ( -1.0228090771869126E-006, -5.5726703198012754E-007) ( -1.0273169973517006E-006, -5.6193761119584411E-007) (  6.7459579451640197     ,  1.8897867900099232     )
   17.200779999999998        1.2500000000000000     
 ( -38.442072321874896     ,  295.09017996021015     ) ( -37.741530334340759     ,  293.78379438867643     )
 ( -4.0666557493440569     ,  3.1418126048652493     ) ( -2.8704743240571043E-007, -2.1464882167125759E-006) ( -2.8736208129734036E-007, -2.1376753634587704E-006) (  5.3119426096500018     ,  3.6869105532769617     )
   17.250774999999997        1.2500000000000000     
 ( -37.559715892978836     ,  294.33095783478694     ) ( -35.848165269215613     ,  296.10718672704587     )
 ( -4.9106338941149907     ,  1.6243400085701323     ) (  1.3339292030125579E-006, -1.8974359203870078E-006) (  1.3350047993131615E-006, -1.8953615999765638E-006) (  3.2216847633046699     ,  5.2983324582957350     )
   17.300770000000000        1.2500000000000000     
 ( -35.183707230700890     ,  294.34780431119248     ) ( -35.104388727147530     ,  297.71085513670289     )
 ( -4.9530532264010736     , 0.56266155648203753     ) (  2.6492861948545981E-006, -7.4347277195897075E-007) (  2.6500300682462942E-006, -7.4421549226956335E-007) ( 0.16657749624867435     ,  5.3442739907005992     )
   17.350764999999999        1.2500000000000000     
 ( -32.585382157850852     ,  294.88060708207911     ) ( -35.312071780786049     ,  299.09861273749533     )
 ( -3.8919435838824419     , -1.0253078697595777     ) (  2.3472081429643443E-006,  1.3155480416121133E-006) (  2.3467031446637285E-006,  1.3150609949340688E-006) ( -2.5801840384555881     ,  4.1925428578935042     )
   17.400759999999998        1.2500000000000000     
 ( -29.244752485593267     ,  297.21787314048498     ) ( -34.819825189647396     ,  298.63861530143055     )
 ( -3.0800078169025875     , -2.0556767984258086     ) (  5.6146403501416697E-007,  2.0227595853783821E-006) (  5.5996056294451947E-007,  2.0222516921732794E-006) ( -4.0546086797700989     ,  2.3203601366810696     )
   17.450755000000001        1.2500000000000000     
 ( -27.920020122504912     ,  298.72953755502016     ) ( -32.394275821923465     ,  297.73936119077626     )
 ( -1.3325880475083949     , -2.3725501179750568     ) ( -4.5818705365100438E-007,  1.3485204678510004E-006) ( -4.5826995782461669E-007,  1.3488388063730747E-006) ( -5.6699529079981179     , 0.76392507304597634     )
   17.500750000000000        1.2500000000000000     
 ( -26.848264837120613     ,  301.66593248959254     ) ( -28.713640955183969     ,  298.19355120462615     )
 ( 0.36555572821922860     , -4.1225213870855244     ) ( -8.1688053370061360E-009, -8.2723381020289733E-008) ( -6.5185065222948603E-009, -8.3651535289680670E-008) ( -6.3216904917718235     , -1.1123728379340529     )
   17.550744999999999        1.2500000000000000     
 ( -24.924409648296916     ,  302.18039136309909     ) ( -25.609668417186036     ,  300.76788272106029     )
 (  2.5339940289958536     , -2.9522816434481638     ) (  1.1467214744178307E-006,  1.1253358838090900E-006) (  1.1301318721906667E-006,  1.1225383256505237E-006) ( -6.3866489862197442     , -3.7324667433183243     )
   17.600739999999998        1.2500000000000000     
 ( -24.278970500434529     ,  303.89510713020206     ) ( -22.645399812059480     ,  303.22826725617801     )
 (  5.1451242792180150     , -2.2956622059070013     ) ( -4.8426723593243303E-008,  2.0606981747246396E-006) ( -5.1705279753020937E-008,  2.0816794448419604E-006) ( -5.7821712282462041     , -5.6542250533500926     )
   17.650735000000001        1.2500000000000000     
 ( -22.008737557337330     ,  304.77148185131858     ) ( -21.141188621899399     ,  306.43190944987344     )
 (  5.6817074974845259     ,-0.79913047736158593     ) ( -1.7740363663659427E-006,  2.1008817758504534E-006) ( -1.7658860714504571E-006,  2.1059369447332440E-006) ( -3.3216212045756590     , -7.5990076141666263     )
   17.700730000000000        1.2500000000000000     
 ( -19.617222629892783     ,  306.07159285126437     ) ( -19.628758613867191     ,  309.62281748349415     )
 (  6.4248107480148393     ,  1.2992300541575164     ) ( -2.7180465041965110E-006,  2.1241718672457091E-007) ( -2.7174918176837742E-006,  2.1212490299121544E-007) (-0.67999022253601760     , -7.8943145225744740     )
   17.750724999999999        1.2500000000000000     
 ( -15.936468159180931     ,  307.92720790188412     ) ( -19.465705710475778     ,  311.81717929852567     )
 (  6.1383610960693664     ,  2.5556229577060678     ) ( -1.9286540591098239E-006, -1.5776738751400515E-006) ( -1.9279819082365911E-006, -1.5783496954312024E-006) (  2.2128699993674261     , -6.0265155898966523     )
   17.800719999999998        1.2500000000000000     
 ( -14.114990355324373     ,  311.58403368306512     ) ( -18.695849939842972     ,  312.96582916719763     )
 (  4.7357006285865131     ,  4.1683487917679543     ) ( -2.9685403109892559E-007, -1.8356569618951176E-006) ( -2.9626319953005939E-007, -1.8358275430688091E-006) (  3.4250727955033131     , -4.2283136437141451     )
   17.850715000000001        1.2500000000000000     
 ( -11.322525048385559     ,  315.12796958288294     ) ( -16.579980510799754     ,  313.41368163894197     )
 (  4.5380814494318740     ,  4.9405953299832683     ) (  9.5013728706183061E-007, -8.3626667275371899E-007) (  9.5016247266032725E-007, -8.3619824062725363E-007) (  4.0720787491649748     , -2.2050702435616190     )
   17.900710000000000        1.2500000000000000     
 ( -11.230153958010998     ,  317.64117884762572     ) ( -12.733952003591090     ,  315.84316859585425     )
 (  1.1637088089187011     ,  5.5512906019574366     ) ( -5.6119361525605906E-007, -3.6150192577331897E-008) ( -5.5346701468354231E-007, -5.1296392434494375E-008) (  5.1848830530080035     , 0.16600978130066554     )
   17.950704999999999        1.2500000000000000     
 ( -9.5622730637932989     ,  321.41107054847572     ) ( -10.166033606296535     ,  318.91541735748916     )
 (-0.94472580877456380     ,  5.9758717372278847     ) ( -6.1752379835170560E-007, -1.1939348156051833E-006) ( -6.2595777613478195E-007, -1.2009541719276990E-006) (  4.8413237977561021     ,  2.6240427595451474     )
   18.000699999999998        1.2500000000000000     
 ( -8.5434992266407814     ,  322.93097768585898     ) ( -7.6789862245976961     ,  323.27777482831948     )
 ( -3.1622413390479425     ,  3.3138397783876310     ) (  3.0298822248496755E-007, -2.4213084591522397E-006) (  3.0199935823190373E-007, -2.4128682621974312E-006) (  4.2645835427329493     ,  5.8249499121252057     )
   18.050695000000001        1.2500000000000000     
 ( -6.9652127939243096     ,  325.55394372000944     ) ( -6.1338335274059590     ,  326.91721558600722     )
 ( -5.1099020408200699     ,  1.5739020452852424     ) (  2.3847008055403351E-006, -1.6640146744422056E-006) (  2.4078383719279936E-006, -1.6614337057094757E-006) (  1.8824744123513437     ,  7.5730451554911049     )
   18.100690000000000        1.2500000000000000     
 ( -4.5691502297977813     ,  327.69739878939782     ) ( -5.5386353899044423     ,  331.54391329575316     )
 ( -5.4225969397730189     ,-0.82580046597354040     ) (  2.6557177146723192E-006,  2.4082953605672223E-007) (  2.6619628417529876E-006,  2.2970569859867558E-007) ( -1.5465434997260454     ,  8.5882359683350078     )
   18.150684999999999        1.2500000000000000     
 ( -1.6804460615775334     ,  332.17212072050120     ) ( -5.1080014483087588     ,  334.76020122885956     )
 ( -5.7997568575665790     , -3.6147520013417602     ) (  1.5770878945584230E-006,  1.7409157544667068E-006) (  1.5772665616911622E-006,  1.7408588084630958E-006) ( -3.7818542880849320     ,  7.1527868856254972     )
   18.200679999999998        1.2500000000000000     
 (  1.0828837354443198E-002,  335.74130208364664     ) ( -5.1548656399575643     ,  337.52539071868443     )
 ( -4.8517560367440282     , -4.7294639266548737     ) ( -1.0849047812564057E-007,  1.9120421708169607E-006) ( -1.0814721195689367E-007,  1.9105672356738471E-006) ( -4.9597011011188430     ,  5.0264600652392399     )
   18.250675000000001        1.2500000000000000     
 ( 0.10858994910306909     ,  341.39161150581140     ) ( -3.4770459056127225     ,  339.50634715260526     )
 ( -3.4863184699370953     , -7.8539170970639782     ) ( -3.2474942918077106E-007, -1.3861555679985814E-007) ( -3.2491883202459993E-007, -1.3835284766886266E-007) ( -5.3727544968782386     ,  3.6862453090667766     )
   18.300670000000000        1.2500000000000000     
 (  1.6091884934084526     ,  344.65635383592468     ) ( -1.3640532176314959     ,  343.08674618484503     )
 ( -2.1405178754273617     , -8.3858227778139334     ) (  3.3305891992472523E-007,  4.4434815519076390E-007) (  3.3318240473892106E-007,  4.4449409146963752E-007) ( -5.7442216726310242     ,  1.4687463215189744     )
   18.350664999999999        1.2500000000000000     
 ( 0.52129631207984806     ,  348.50233826355668     ) ( 0.68420351922020628     ,  346.96025122537850     )
 (  1.8359265944804699     , -8.1766666942016304     ) (  9.2246033627050301E-007,  1.4440620312182959E-006) (  9.1017047648939736E-007,  1.4375411751115375E-006) ( -5.8331592217347570     ,-0.61083173757713538     )
   18.400659999999998        1.2500000000000000     
 (  1.4218935930993930     ,  352.08372487026276     ) (  1.1805884522235277     ,  351.74100714239091     )
 (  3.5588125878584980     , -7.1383821624976918     ) ( -9.6643598372106703E-007,  2.4743240287129795E-006) ( -9.7535049947954105E-007,  2.4917292993686862E-006) ( -4.0079619984446699     , -3.7304480738698000     )
   18.450655000000001        1.2500000000000000     
 (  1.8750631617112024     ,  354.56961577517529     ) (  2.5428688907694657     ,  356.56890271460355     )
 (  5.0888907315497951     , -4.2752334205304656     ) ( -2.5817612565675041E-006,  9.9523887395503505E-007) ( -2.5837036296753545E-006,  9.9765048033905536E-007) ( -1.8039969677140766     , -6.1649795372897760     )
   18.500650000000000        1.2500000000000000     
 (  3.9497517100801613     ,  358.10128833922386     ) (  1.9279784126771324     ,  360.76186749639925     )
 (  6.0974651401026900     , -2.0102065959758502     ) ( -2.6564006103523500E-006, -7.5003955877148242E-007) ( -2.6586956323003095E-006, -7.5520142267433993E-007) (  2.1440141036303890     , -6.2982721557458170     )
   18.550644999999999        1.2500000000000000     
 (  4.5287932449997736     ,  362.67376464562216     ) (  1.6567279799962928     ,  365.45019567477590     )
 (  5.2550741666074847     ,  1.0728093335873663     ) ( -1.2710309332157258E-006, -2.1534419384435487E-006) ( -1.2757032315035902E-006, -2.1649530741540459E-006) (  5.0546018655361227     , -5.2988284455861558     )
   18.600639999999999        1.2500000000000000     
 (  6.0308433380755302     ,  368.60929727909883     ) (  1.1812851983342760     ,  368.78470856469562     )
 (  5.6410350418903956     ,  3.7702012382354808     ) (  7.5091815158746422E-007, -1.3256989785364782E-006) (  7.5166018396425058E-007, -1.3255841175657203E-006) (  6.1518833758593807     , -3.2798995198234171     )
   18.650635000000001        1.2500000000000000     
 (  4.7171325790082914     ,  372.38099668949133     ) (  1.3480215411862908     ,  372.16836087946626     )
 (  3.2604199509786436     ,  5.8254030044340013     ) ( -1.4907872730640558E-008, -4.8657885854755915E-007) ( -1.4954673916502919E-008, -4.8667101182781898E-007) (  6.8950187080176510     , -2.0259449295807044     )
   18.700630000000000        1.2500000000000000     
 (  3.6653356503342400     ,  378.36980562540793     ) (  1.4755625073597327     ,  375.87337568761444     )
 ( 0.52033206368695217     ,  9.1460751169653189     ) ( -7.3402747411871274E-007, -2.3950192451948720E-007) ( -7.3387856659531417E-007, -2.3934136322144336E-007) (  6.9274222542634796     ,-0.85002530980884239     )
   18.750624999999999        1.2500000000000000     
 (  3.1365449891358352     ,  381.41662071698272     ) (  1.7681073139059571     ,  380.95894305430932     )
 ( -2.1595688261255135     ,  8.7025343559975123     ) ( -7.1475576119631085E-007, -1.9239447498846797E-006) ( -7.1613293051233088E-007, -1.9324615647253842E-006) (  7.4346746184638937     ,  1.7164484516416925     )
   18.800620000000002        1.2500000000000000     
 (  1.0288073668229876     ,  384.95753231521701     ) (  1.2796012318037102     ,  384.52314492536590     )
 ( -5.7004255936904711     ,  7.8522106790029724     ) (  1.5177074542975720E-006, -2.1380607989511034E-006) (  1.5180900049223266E-006, -2.1387467473417810E-006) (  6.0680707086050161     ,  3.4296122049920656     )
   18.850615000000001        1.2500000000000000     
 (  1.0138451820451846     ,  387.65712712767083     ) ( -1.5325634819157769E-002,  389.64467140236411     )
 ( -7.1277224475843708     ,  6.2076792367252738     ) (  2.5450027806277803E-006, -6.5072396783624872E-007) (  2.5529510524600713E-006, -6.4179468145086284E-007) (  2.8294603896321675     ,  5.8177195455003536     )
   18.900610000000000        1.2500000000000000     
 (  1.2510489599990560     ,  391.82660054783997     ) (-0.38393500439065320     ,  393.63877759861327     )
 ( -8.4109547277068053     ,  3.0557049651374530     ) (  2.5020264300192767E-006,  1.3240232936708455E-006) (  2.5163514731098108E-006,  1.3256712843195556E-006) (-0.34260346951508508     ,  5.5036186273557206     )
   18.950604999999999        1.2500000000000000     
 (  1.7626289656549419     ,  395.64997526875879     ) ( -2.1152954224837832     ,  397.39440762877155     )
 ( -8.3424861324389674     ,  1.3551738639667581     ) (  5.7391479233159445E-007,  2.3221908176374681E-006) (  5.6825882841398541E-007,  2.3122502649252732E-006) ( -3.5144739849132356     ,  3.6701539105576821     )
   19.000600000000002        1.2500000000000000     
 (-0.44391137687244148     ,  401.21935887333336     ) ( -3.1939902738077706     ,  401.26590827951856     )
 ( -7.0421123991617556     , -2.1909026330274446     ) ( -2.4307475776308618E-007,  1.0127360275019064E-006) ( -2.5361949103108672E-007,  1.0181605900006201E-006) ( -4.8448389502111633     ,  1.7855035330777509     )
   19.050595000000001        1.2500000000000000     
 (-0.66631393629405378     ,  406.04356805981746     ) ( -4.6873059422541115     ,  405.38179524461617     )
 ( -6.6677850206623068     , -4.8849369763215620     ) ( -2.6628691116697688E-007,  4.0040887971037057E-007) ( -2.6662314127195835E-007,  4.0047831388645250E-007) ( -5.2276899816175595     ,-0.55791936609414550     )
   19.100590000000000        1.2500000000000000     
 ( -3.8878488975187095     ,  409.36030144325343     ) ( -5.4948441723674737     ,  408.91972880966853     )
 ( -2.2738320960649077     , -6.4275737728261628     ) (  8.7814285332687936E-007,  8.0022547625273882E-007) (  8.7815009047706761E-007,  8.0075795518271101E-007) ( -6.2029986716767338     , -1.3059322821624775     )
   19.150585000000000        1.2500000000000000     
 ( -6.3702854369148980     ,  414.37121172863755     ) ( -8.1088669629721171     ,  412.88570811213748     )
 (  1.2370763238363049     , -8.1706100983354553     ) (  3.7718241238806078E-008,  2.3683802619916472E-006) (  3.5188353972918971E-008,  2.3651808292171369E-006) ( -5.8106473905939398     , -3.6737360977056359     )
   19.200580000000002        1.2500000000000000     
 ( -8.8611396297844980     ,  416.26871580036942     ) ( -9.2332023323896149     ,  416.94229306282307     )
 (  4.4399471487377937     , -6.7872161016100145     ) ( -1.8397180721456196E-006,  1.8473294067776654E-006) ( -1.8571584300148821E-006,  1.8483642701898738E-006) ( -5.7667288347252903     , -6.1698685275701521     )
   19.250575000000001        1.2500000000000000     
 ( -10.282026143944732     ,  418.59812653833046     ) ( -11.725437095429188     ,  419.40475387152514     )
 (  7.9103608111813877     , -5.2939962741116222     ) ( -2.8416557476866544E-006,  2.8159735468589082E-007) ( -2.8417137856374039E-006,  2.8090889010958477E-007) ( -2.5591170888079180     , -6.9362964839679018     )
   19.300570000000000        1.2500000000000000     
 ( -11.540067738907565     ,  421.11724605236077     ) ( -13.978351463907845     ,  423.09076666831027     )
 (  8.9007588883004285     , -2.8260225549866638     ) ( -1.7953968290399438E-006, -1.8749795739952020E-006) ( -1.7956120188793161E-006, -1.8748970362077366E-006) ( 0.45763168431144430     , -7.0902225034224298     )
   19.350565000000000        1.2500000000000000     
 ( -12.293072334298351     ,  425.99555170871957     ) ( -15.565563974465043     ,  425.66989250095213     )
 (  10.394076651381633     , 0.30583188852711940     ) ( -4.4852561360422869E-008, -1.7624306711537486E-006) ( -4.5953535855334376E-008, -1.7712749436810409E-006) (  2.1679439085278909     , -4.7602854937617618     )
   19.400560000000002        1.2500000000000000     
 ( -14.105503789442208     ,  428.46562780057280     ) ( -16.971209075192021     ,  428.87806282208970     )
 (  10.045645911893629     ,  1.8009259761557841     ) (  6.5867412382224260E-007, -1.1142108582056451E-006) (  6.3877309244979232E-007, -1.1166759487231766E-006) (  3.9694934681774368     , -2.3832947981860229     )
   19.450555000000001        1.2500000000000000     
 ( -17.801451235754101     ,  432.95935557935854     ) ( -19.391624601814758     ,  432.15805095299214     )
 (  7.7806407872703982     ,  6.0884374501300176     ) ( -3.0433582606012270E-007, -1.3862105281596543E-007) ( -3.0868626915492832E-007, -1.2700126366981742E-007) (  3.3382464786670325     ,-0.24516896810806377     )
   19.500550000000000        1.2500000000000000     
 ( -19.002857825266027     ,  435.95371690540713     ) ( -21.907988326832957     ,  436.03276204055743     )
 (  6.3156821962653051     ,  7.6550176886262955     ) ( -6.2831147254895780E-007, -1.2847922403697332E-006) ( -6.2814766855761892E-007, -1.2848182397812026E-006) (  3.8361694289884225     ,  1.9957434255045887     )
   19.550545000000000        1.2500000000000000     
 ( -23.361943016279042     ,  438.44220534889809     ) ( -24.512155954071954     ,  437.81349786211985     )
 (  1.8163068816791517     ,  7.9891753643740753     ) (  5.9443556367716157E-007, -2.3624517023245616E-006) (  6.0050437958285736E-007, -2.3739196825885107E-006) (  3.7438627783727205     ,  3.2764337500531870     )
   19.600540000000002        1.2500000000000000     
 ( -26.451542650659757     ,  440.33614041177759     ) ( -28.327144808634614     ,  440.63948525508346     )
 ( -1.7324723874560191     ,  8.1674950957754966     ) (  2.3989053335836398E-006, -1.7263995383728712E-006) (  2.3995345786184310E-006, -1.7262301501527577E-006) (  1.7899667481521973     ,  6.5949982231202320     )
   19.650535000000001        1.2500000000000000     
 ( -28.975251595961442     ,  441.43649463068414     ) ( -30.039586511740360     ,  442.40616741927516     )
 ( -4.9564067473027436     ,  5.3332037960813929     ) (  3.1684130288793302E-006,  5.1765468328808996E-007) (  3.1686242888103416E-006,  5.1703125880883523E-007) ( 0.17009217565412316     ,  7.7377858236834847     )
   19.700530000000001        1.2500000000000000     
 ( -29.645962738077355     ,  442.88694384695441     ) ( -33.077249508786821     ,  443.40097885048516     )
 ( -7.5514389980617116     ,  3.2305316751941295     ) (  1.6239233776699196E-006,  1.8039575813161616E-006) (  1.6239558690031808E-006,  1.8024054334644432E-006) ( -3.0059258591445692     ,  6.7211344738978580     )
   19.750525000000000        1.2500000000000000     
 ( -32.627779440931249     ,  444.84714238289649     ) ( -34.680847683750116     ,  444.94766318805415     )
 ( -7.8337533938209516     ,  9.7654299398433661E-002) (  5.8411299126287761E-008,  1.8644988002925395E-006) (  5.7966234750693338E-008,  1.8644210774825784E-006) ( -4.5620461008042366     ,  5.7814614606853389     )
   19.800520000000002        1.2500000000000000     
 ( -33.846494046116774     ,  448.40190957167141     ) ( -36.245227952452097     ,  447.06093807460513     )
 ( -9.8693914126022175     , -3.9455406395249604     ) ( -6.0676086308688903E-007,  3.9161614217276062E-007) ( -6.1697448115897755E-007,  3.9456362127179579E-007) ( -5.1678276134095364     ,  2.9732014474609691     )
   19.850515000000001        1.2500000000000000     
 ( -36.674331495501967     ,  448.84401720632184     ) ( -37.907720374781945     ,  449.73741283161206     )
 ( -8.2396382349903536     , -5.8936276951453168     ) (  3.7041083798791275E-007,  6.1609388871989910E-007) (  3.5368363328485339E-007,  6.3267264129940525E-007) ( -5.1362663173073955     ,  1.0782394021334567     )
   19.900510000000001        1.2500000000000000     
 ( -39.986361580858834     ,  451.75762121800892     ) ( -42.008525092323438     ,  451.53875888914718     )
 ( -5.4251868299898547     , -9.2987755796885239     ) (  4.3878009433628779E-007,  1.5007223642510236E-006) (  4.3837485365637547E-007,  1.5009409340919668E-006) ( -3.4419908816958835     ,-0.51322898754029711     )
   19.950505000000000        1.2500000000000000     
 ( -42.354974985525729     ,  452.91516654110393     ) ( -44.238202275922959     ,  453.51158141652456     )
 ( -3.5317785664198595     , -10.421506911681567     ) ( -9.8265511152343337E-007,  2.3006688492435400E-006) ( -9.8756845844545210E-007,  2.2995055857633385E-006) ( -3.6186070447298899     , -3.1419007116345048     )
   20.000500000000002        1.2500000000000000     
 ( -45.654863079202180     ,  453.35103944463009     ) ( -47.441652328936748     ,  452.96415624237352     )
 ( 0.87061569476387746     , -10.284630250512866     ) ( -2.8754283192142849E-006,  1.1944630435246582E-006) ( -2.8749111464030926E-006,  1.1948452393726975E-006) ( -1.0760441747597953     , -4.1457633848872693     )
   20.050495000000002        1.2500000000000000     
 ( -47.739677730941594     ,  452.84796240403944     ) ( -50.433210746589516     ,  454.00199303470310     )
 (  3.6233890553190800     , -8.7660992680417955     ) ( -2.5109333409142986E-006, -1.0546518591793397E-006) ( -2.5098048553710602E-006, -1.0541570551180080E-006) (  2.4487459055387819     , -5.7238084552492428     )
   20.100490000000001        1.2500000000000000     
 ( -49.481205907269967     ,  454.18440745090209     ) ( -51.632250647325243     ,  453.54672988316554     )
 (  5.7397861502165730     , -4.9812573081036655     ) ( -1.6134326535385449E-006, -2.0232204029828306E-006) ( -1.6133983777993061E-006, -2.0234314614036142E-006) (  4.3097636261640666     , -4.7117507957891762     )
   20.150485000000000        1.2500000000000000     
 ( -49.847219499740042     ,  454.16354609158992     ) ( -52.751027088457619     ,  453.48055774843056     )
 (  7.4928406674220085     , -3.2979253272256610     ) (  2.7903619558221551E-007, -1.6714545209848367E-006) (  2.7877361428242268E-007, -1.6716695315566092E-006) (  6.7546424871317319     , -3.1620277136052093     )
   20.200480000000002        1.2500000000000000     
 ( -53.065397272935932     ,  454.98087986775488     ) ( -53.337808684507571     ,  454.25828178080894     )
 (  6.7824730159307949     , 0.88836360018932803     ) ( -2.8867199365720866E-007, -8.1050823650336164E-007) ( -2.8740836803970278E-007, -8.0959666439525937E-007) (  7.3561100243374353     , -1.5198614694660610     )
   20.250475000000002        1.2500000000000000     
 ( -53.609899659327382     ,  456.66320225596172     ) ( -54.965490006116113     ,  457.12381656542021     )
 (  7.1215926958222582     ,  5.4040872105223041     ) ( -4.7134725521520698E-007, -8.4823658107803864E-007) ( -4.7629704103876791E-007, -8.4656881324784292E-007) (  7.1609348863494526     ,  1.5746868463978863     )
   20.300470000000001        1.2500000000000000     
 ( -55.831144095146321     ,  456.15560836187137     ) ( -57.374131551096603     ,  457.26631914438138     )
 (  4.8957045374642325     ,  7.0450296485277022     ) ( -1.2487089455254558E-007, -1.8886603490043288E-006) ( -1.2482275667732663E-007, -1.8891534886773482E-006) (  6.3101483209427602     ,  1.9569001808342921     )
   20.350465000000000        1.2500000000000000     
 ( -58.364802854552622     ,  456.92802771203066     ) ( -61.035830456957740     ,  457.48548636688247     )
 (  1.9138315580754643     ,  10.077736483720482     ) (  1.5614703988678041E-006, -2.3262793544040956E-006) (  1.5732835991324225E-006, -2.3283407852657530E-006) (  3.8675807158674318     ,  4.0494904719354627     )
   20.400459999999999        1.2500000000000000     
 ( -60.188100883354409     ,  456.26334199159845     ) ( -62.010538251178737     ,  457.31934709104200     )
 ( -1.1531484891400643     ,  10.715728194627191     ) (  3.1053769378929337E-006, -2.3435463122597624E-007) (  3.1049375099759168E-006, -2.3382635224978514E-007) (  2.4399782299823967     ,  5.5745161574839726     )
   20.450454999999998        1.2500000000000000     
 ( -60.857671727410334     ,  455.64469300293615     ) ( -63.873767304765195     ,  455.22257384376331     )
 ( -5.3816727372881834     ,  9.6101280508108431     ) (  2.4843090833864275E-006,  1.0693118125618754E-006) (  2.4863285482326567E-006,  1.0716749935943858E-006) ( -1.3766064535021540     ,  4.2701157180960037     )
   20.500450000000001        1.2500000000000000     
 ( -61.742902770897082     ,  454.22949499442740     ) ( -64.520919519697117     ,  454.36771469247208     )
 ( -6.4520970868572318     ,  7.7607229288824104     ) (  6.9862249066508193E-007,  2.4222620422375388E-006) (  6.9954627362696888E-007,  2.4222077137236336E-006) ( -4.0149129945556252     ,  3.5531299907124896     )
   20.550445000000000        1.2500000000000000     
 ( -62.297414841757920     ,  455.63297583863402     ) ( -63.854604401321701     ,  453.55053289383358     )
 ( -8.1349307779491724     ,  3.9830751993815730     ) (  8.1537044431957526E-008,  1.0163783280317448E-006) (  8.0616491354570486E-008,  1.0168243805399588E-006) ( -5.3867217976895070     ,  1.1763170748852085     )
   20.600439999999999        1.2500000000000000     
 ( -61.639553318295789     ,  454.52950200461106     ) ( -62.332501703426338     ,  454.13031438813243     )
 ( -9.2052163235638780     ,  2.1683157042877363     ) (  3.8310050508426537E-008,  9.6398840663110337E-007) (  3.8851078991043471E-008,  9.6384900155872513E-007) ( -7.3217263782406725     , -1.1117449345924753     )
   20.650434999999998        1.2500000000000000     
 ( -63.268650595763724     ,  454.69855384177254     ) ( -63.222093946144554     ,  455.61110806588158     )
 ( -6.8895889342111563     , -1.3000654207440230     ) (  5.8449150444421316E-007,  1.6335011771572108E-006) (  5.5439621155816343E-007,  1.6324568497400257E-006) ( -6.3941889140597423     , -3.6183104686770937     )
   20.700430000000001        1.2500000000000000     
 ( -63.023141953229043     ,  455.69649687869475     ) ( -64.882471117343570     ,  457.50197699731541     )
 ( -6.0466089911895686     , -4.8458241038919674     ) ( -1.3779301433787567E-007,  2.2898281008710145E-006) ( -1.4639952622766630E-007,  2.3061505070576463E-006) ( -6.0147507538405502     , -6.7380635203688337     )
   20.750425000000000        1.2500000000000000     
 ( -64.048449983472423     ,  454.85122051915272     ) ( -65.939552267869686     ,  455.70415337862414     )
 ( -3.0078397000187729     , -6.6040035809179187     ) ( -2.3179902159756069E-006,  2.3410969636238343E-006) ( -2.3240854238802850E-006,  2.3409946317304471E-006) ( -4.3550161220731320     , -6.9323523950458643     )
   20.800419999999999        1.2500000000000000     
 ( -64.194118762546410     ,  454.11346353572890     ) ( -68.029706432611235     ,  454.93376786365849     )
 ( 0.92948285997425795     , -8.6763096726699231     ) ( -2.5603427924014039E-006,  2.1067487161825859E-007) ( -2.5608026321621195E-006,  2.1096998061367865E-007) (-0.49875845623588444     , -8.4416133643566962     )
   20.850414999999998        1.2500000000000000     
 ( -64.857779710821831     ,  453.29168915038082     ) ( -67.121848746795337     ,  453.48336578433924     )
 (  4.3016724321253985     , -7.3407943926545727     ) ( -2.6201099421275877E-006, -1.9000469851222613E-006) ( -2.6211093839504684E-006, -1.8991492003153084E-006) (  1.2614841031648092     , -7.3831079445404999     )
   20.900410000000001        1.2500000000000000     
 ( -62.743845385295572     ,  452.68644313303957     ) ( -66.050718390050463     ,  451.38987075039046     )
 (  7.8817201860127790     , -6.0746146045172091     ) ( -4.3980863401215565E-007, -1.6924530873796273E-006) ( -4.3990924782907283E-007, -1.6929117748518975E-006) (  3.9147010948072309     , -4.6817370603662738     )
   20.950405000000000        1.2500000000000000     
 ( -62.253467211931707     ,  451.35574509421861     ) ( -63.620729629012750     ,  450.44750446040979     )
 (  8.4754474666838675     , -4.4933198502003329     ) (  7.8157768391664087E-008, -1.4519848579002046E-006) (  7.8108008878234679E-008, -1.4516453335810646E-006) (  5.1590266543869054     , -2.8949508822574339     )
   21.000399999999999        1.2500000000000000     
 ( -61.321917251603416     ,  453.09473576362677     ) ( -61.217699816385100     ,  451.88632582957484     )
 (  9.3611701220046513     ,-0.32589220261186597     ) ( -6.1912484513116692E-007, -8.6291839240520779E-007) ( -6.1863852069799514E-007, -8.6088591601001334E-007) (  5.7141019003139863     ,  1.0024729171730782     )
   21.050394999999998        1.2500000000000000     
 ( -59.053586432005666     ,  452.33484066523943     ) ( -59.037060627943937     ,  453.84010515229471     )
 (  9.8299938822732376     , 0.91224149411960087     ) (  8.1930897170830430E-009, -1.7108139636924578E-006) (  9.0720745024687063E-009, -1.7109116246991539E-006) (  6.1988587438141582     ,  3.4796240089416184     )
   21.100390000000001        1.2500000000000000     
 ( -58.979389455198856     ,  453.20151358637384     ) ( -60.659021064811441     ,  454.89246937123823     )
 (  7.8348174970533657     ,  3.5970517081938067     ) (  6.6755593644228599E-007, -2.5521442769648758E-006) (  6.7329760060670318E-007, -2.5174741027263019E-006) (  3.3373459479208103     ,  6.6746660806144247     )
   21.150385000000000        1.2500000000000000     
 ( -57.980490327002364     ,  453.36663747814481     ) ( -60.354467435217245     ,  456.27119766483810     )
 (  6.0710146086868866     ,  6.1518357187182344     ) (  2.6527878799418346E-006, -1.4024387431159558E-006) (  2.6529073945765241E-006, -1.4029411170752757E-006) (  1.8895348590662091     ,  9.9243257063557415     )
   21.200379999999999        1.2500000000000000     
 ( -56.856894387371050     ,  454.00638643446615     ) ( -60.100174277434647     ,  454.25638425004871     )
 (  1.8357848778647479     ,  6.7129806774196172     ) (  3.2147962503769130E-006, -2.7583215715934192E-007) (  3.2145875153868055E-006, -2.7711770568547382E-007) ( -1.6358166317374430     ,  9.2504761669103033     )
   21.250374999999998        1.2500000000000000     
 ( -55.445002943016270     ,  453.16999837178793     ) ( -59.558252783271968     ,  453.31058342461580     )
 ( -1.5290709310999042     ,  6.8190734985747872     ) (  1.5649178435556158E-006,  1.5138910881221732E-006) (  1.5651632349468826E-006,  1.5142085241249376E-006) ( -5.2176589851672350     ,  8.7521187709075701     )
   21.300370000000001        1.2500000000000000     
 ( -54.640901018862472     ,  453.20675453301908     ) ( -56.635731422302804     ,  452.16145225535666     )
 ( -3.8051919481857674     ,  4.1718869087519881     ) (  1.0978135259622097E-006,  1.8462937610749966E-006) (  1.0978608402780148E-006,  1.8466782112403688E-006) ( -6.2494778486015248     ,  6.6560981120388698     )
   21.350365000000000        1.2500000000000000     
 ( -50.436804935025279     ,  453.92528089314493     ) ( -52.408700346258335     ,  452.22569780573860     )
 ( -7.4279360427804342     ,  2.3156360148481530     ) (  9.2936597508444630E-008,  7.1933319515186884E-007) (  9.1740870219654522E-008,  7.1869993237684132E-007) ( -8.1826154842877479     ,  3.9745382201903010     )
   21.400359999999999        1.2500000000000000     
 ( -48.838440283786738     ,  453.91645479319601     ) ( -48.612797813730126     ,  453.64354807369460     )
 ( -7.2717401399448303     , 0.56935383229459213     ) (  5.4461956745995518E-007,  1.7252025102196907E-006) (  5.4787822251457597E-007,  1.7283998344605186E-006) ( -7.8678785387663286     ,  1.4055403561817859     )
   21.450354999999998        1.2500000000000000     
 ( -46.445356708397874     ,  456.50313309424280     ) ( -46.565935552226932     ,  457.96556185285840     )
 ( -7.6574477333664648     , -2.7723236040521124     ) (  9.8683267322803237E-008,  1.8516982623017924E-006) (  9.8566294014032019E-008,  1.8521297717232210E-006) ( -7.1941360505323635     , -3.2073809296309981     )
   21.500350000000001        1.2500000000000000     
 ( -44.059912225481590     ,  457.78910516936253     ) ( -44.647202265885191     ,  459.96154430381654     )
 ( -8.0010061766125737     , -4.6409379539665379     ) ( -1.4839203759062734E-006,  2.4397533194596544E-006) ( -1.4984914279244950E-006,  2.4521650380776513E-006) ( -5.8211683639323182     , -5.5472793958509659     )
   21.550345000000000        1.2500000000000000     
 ( -41.980318391123660     ,  459.22923039453701     ) ( -45.410031543134892     ,  461.35491482968359     )
 ( -5.7661178849088737     , -7.3713873698169605     ) ( -2.5491098743138129E-006,  1.4768026398380122E-006) ( -2.5483942820970347E-006,  1.4770098915480388E-006) (-0.69611799481800263     , -7.9888919775570733     )
   21.600339999999999        1.2500000000000000     
 ( -40.240443743762199     ,  460.67687404714934     ) ( -43.973190369666590     ,  462.93313690996951     )
 ( -3.5369438383530056     , -8.1962653581182110     ) ( -2.7071889724274826E-006, -1.1757077742322110E-006) ( -2.7078765521797349E-006, -1.1760739973239372E-006) (  2.8448544917735989     , -9.4323085610251916     )
   21.650334999999998        1.2500000000000000     
 ( -38.360430725408108     ,  463.25542834703941     ) ( -42.134714925139221     ,  462.20918936950585     )
 (  5.9522610295579842E-002, -7.2096406396376631     ) ( -1.9819945113345559E-006, -1.0659580983637793E-006) ( -1.9826877691945580E-006, -1.0664427927300345E-006) (  6.4493592899882550     , -7.0013768366597331     )
   21.700330000000001        1.2500000000000000     
 ( -35.636620327801225     ,  463.03811909278772     ) ( -39.022395847303351     ,  462.27634719724580     )
 (  2.1155203741635886     , -6.7374749028647125     ) ( -3.1578513227604038E-007, -1.6567649304387078E-006) ( -3.1483377943556665E-007, -1.6572387903523230E-006) (  9.1458483020518653     , -5.6473439055696204     )
   21.750325000000000        1.2500000000000000     
 ( -33.775842748195004     ,  465.25974203796420     ) ( -34.864941999598493     ,  463.79873063487855     )
 (  2.8477908087684889     , -3.4909517912087380     ) ( -1.2727916165736145E-006, -1.2124747765069833E-006) ( -1.2723013234144652E-006, -1.2128983994231460E-006) (  10.204515504703568     , -2.7599824088739799     )
   21.800319999999999        1.2500000000000000     
 ( -29.370072962794691     ,  468.01191495380880     ) ( -29.673725701563395     ,  467.50222710803541     )
 (  5.0435139778844871     ,-0.97859031993028966     ) ( -3.5595250176592369E-007, -1.6001616992658763E-006) ( -3.4910848009467279E-007, -1.5994581074962508E-006) (  11.828135722939301     , 0.18462153567699432     )
   21.850314999999998        1.2500000000000000     
 ( -27.182882542304299     ,  470.32250747344648     ) ( -27.452058154790613     ,  471.13750221639253     )
 (  4.7910195688266395     , 0.60877383325046686     ) (  1.0823517261449855E-007, -2.3089537790448686E-006) (  1.0846386172798528E-007, -2.3088895580390000E-006) (  10.306034428922104     ,  2.8931335040360437     )
   21.900310000000001        1.2500000000000000     
 ( -24.981706640236666     ,  473.68859352868117     ) ( -26.318687654194893     ,  476.82959915922828     )
 (  4.9158992752575781     ,  4.0929686786699433     ) (  1.3181470225099401E-006, -1.9370917993522442E-006) (  1.3246737013104141E-006, -1.9222191328585110E-006) (  7.9776825246858030     ,  8.0946861924798714     )
   21.950305000000000        1.2500000000000000     
 ( -22.814215494874198     ,  476.74317863657080     ) ( -24.750425475843532     ,  479.31070142490580     )
 (  3.5097248681500175     ,  6.1142628130786791     ) (  3.3752057091151966E-006, -8.3292271054824303E-007) (  3.3759443400498297E-006, -8.3315217818819895E-007) (  4.5786008853932127     ,  8.9240853229788311     )
   22.000299999999999        1.2500000000000000     
 ( -19.936851838730959     ,  480.30116109866935     ) ( -24.827635359553369     ,  481.50480103539314     )
 ( 0.88366316304809012     ,  7.8323598883733423     ) (  2.0194042309286136E-006,  3.4842280566980544E-007) (  2.0204630701265053E-006,  3.4830584809365754E-007) ( -1.4685187430082505     ,  8.9471009117152072     )
   22.050295000000002        1.2500000000000000     
 ( -19.059057684018182     ,  483.04238936166416     ) ( -23.054235250583332     ,  483.58889292975670     )
 (-0.36952417700363288     ,  8.0088111612020434     ) (  1.5961805778789100E-006,  2.1637107822720755E-006) (  1.5960728257473256E-006,  2.1636392868684658E-006) ( -4.8348805592949189     ,  7.5960982366447336     )
   22.100290000000001        1.2500000000000000     
 ( -16.813068255714239     ,  487.16280908426847     ) ( -19.899434542272701     ,  485.36349846492817     )
 ( -3.2875534572622360     ,  6.0314751694892710     ) (  8.6330451831116003E-007,  6.9847184089619441E-007) (  8.6346175119893853E-007,  6.9922375820845757E-007) ( -8.1261564047620851     ,  4.3028477578131694     )
   22.150285000000000        1.2500000000000000     
 ( -13.848856831564468     ,  489.04758269748680     ) ( -15.764473228819041     ,  487.95543280853690     )
 ( -4.2687344986964684     ,  5.8141749635224222     ) (  7.7376350801006570E-007,  1.7939984968764148E-006) (  7.7459264013676527E-007,  1.7921769220935227E-006) ( -10.292065300015251     ,  1.9141872328698959     )
   22.200279999999999        1.2500000000000000     
 ( -12.173651440359498     ,  493.44874995943496     ) ( -12.953776744402544     ,  493.20779078144875     )
 ( -3.7314633052882304     ,  3.4921384102550999     ) (  5.2761075891142989E-007,  2.1904115018059547E-006) (  5.3046011185278968E-007,  2.1948203548746086E-006) ( -10.657287692504241     , -2.4491842541156341     )
   22.250275000000002        1.2500000000000000     
 ( -9.5100622282132683     ,  498.15827950304219     ) ( -9.4886613118105334     ,  499.07636629812185     )
 ( -4.7726172823022637     ,  1.5598094866427463     ) ( -7.3723155898251304E-007,  2.1959353023203571E-006) ( -7.3723221475658717E-007,  2.1946441917772442E-006) ( -12.156987872455174     , -6.0625863643081113     )
   22.300270000000001        1.2500000000000000     
 ( -8.0378232031764636     ,  502.41195040941454     ) ( -9.1228966494863659     ,  503.96076073725510     )
 ( -3.7942105156551285     ,-0.79392503864729924     ) ( -1.6706959575009016E-006,  2.6501076345513009E-006) ( -1.6706943631950811E-006,  2.6501360167090035E-006) ( -8.8995183753382054     , -9.4806836404140569     )
   22.350265000000000        1.2500000000000000     
 ( -6.1675489256285472     ,  506.32096953945251     ) ( -9.7439299051203854     ,  509.88872753193749     )
 ( -2.3087341984635077     , -3.2886540804217805     ) ( -2.0147060664085750E-006,  1.1379516591631405E-007) ( -2.0153716847604662E-006,  1.1439666321616417E-007) ( -4.4933251398738365     , -13.090840595689610     )
   22.400259999999999        1.2500000000000000     
 ( -5.6063883431959285     ,  511.59065036224894     ) ( -8.9774343409511204     ,  513.08483275745266     )
 (-0.35526044722248129     , -3.6608933655245108     ) ( -2.8986906333223186E-006, -4.8871883171729047E-007) ( -2.8992225564544253E-006, -4.8919370667960201E-007) (-0.61401712479302095     , -12.073312014338054     )
   22.450255000000002        1.2500000000000000     
 ( -3.5818783171212405     ,  516.01222000464895     ) ( -8.6948550228710317     ,  515.82742425863830     )
 (  2.4376438118781678     , -5.0845217829408167     ) ( -8.0138882013098471E-007, -1.1279853224946782E-006) ( -8.0137566306612372E-007, -1.1281272718814233E-006) (  4.0283542136723103     , -10.340612215127919     )
   22.500250000000001        1.2500000000000000     
 ( -3.7006248363906709     ,  519.80047213560533     ) ( -6.9689425113961123     ,  518.80974267574277     )
 (  3.4126497656632306     , -4.6710956280372713     ) ( -1.0841918328052939E-006, -1.5103586953937053E-006) ( -1.0827131129749499E-006, -1.5170420482652271E-006) (  6.4748593405600250     , -7.5274930866762544     )
   22.550245000000000        1.2500000000000000     
 ( -2.1548066906804388     ,  525.17583172411730     ) ( -3.9506972423652269     ,  523.81273303241630     )
 (  5.0054899289765613     , -2.4727170249483748     ) ( -9.7546139720927099E-007, -1.4151469589452586E-006) ( -9.7535003158196215E-007, -1.4150876966520458E-006) (  9.3149327335446550     , -3.0803924723247622     )
   22.600239999999999        1.2500000000000000     
 (-0.69254109434578559     ,  529.43103592380191     ) ( -1.6580673697178669     ,  528.69176170268031     )
 (  5.5810752252636595     , -2.5971835845756255     ) (  1.9727123792718588E-007, -2.3547338423839637E-006) (  2.0274247854251988E-007, -2.3595408406854084E-006) (  9.9896176813347441     ,  4.6062869279207490E-002)
   22.650235000000002        1.2500000000000000     
 (-0.33789275251030038     ,  534.84541413065301     ) ( -1.7462181358337567     ,  535.40366202614246     )
 (  5.7703629592811598     , -1.0074607471657642     ) (  5.2740274819947831E-007, -2.0322433731509636E-006) (  5.2781221954129483E-007, -2.0308299095743333E-006) (  9.1896947463783665     ,  5.7695824044426161     )
   22.700230000000001        1.2500000000000000     
 (-0.46490346397035021     ,  539.72634835508291     ) (-0.54704177721268177     ,  542.31474048555356     )
 (  5.3751979187077445     , 0.61722872842093246     ) (  2.5643488911861302E-006, -1.2685717858422629E-006) (  2.5644034314501449E-006, -1.2686170128402477E-006) (  8.5431154354909271     ,  10.698257766663412     )
   22.750225000000000        1.2500000000000000     
 ( 0.23772407464532327     ,  545.54138446695288     ) ( -2.8077078118895469     ,  547.16351388748933     )
 (  3.1454956800298071     ,  1.4782093985693081     ) (  2.3648715192235567E-006, -1.0463441063110247E-006) (  2.3543556490916068E-006, -1.0012992403005847E-006) (  3.0702489922786778     ,  12.886904056670389     )
   22.800219999999999        1.2500000000000000     
 (-0.12982294215613427     ,  549.86434945515180     ) ( -4.6242745914500940     ,  552.12207822041853     )
 (  2.0478623098979569     ,  2.2359215912338000     ) (  1.6459620620704907E-006,  9.0169963003758647E-007) (  1.6465353752040203E-006,  9.0210184143115874E-007) ( -1.5056377402748216     ,  14.191537657762288     )
   22.850215000000002        1.2500000000000000     
 ( -1.1701672693045098     ,  555.39304029738241     ) ( -5.4347573440137005     ,  555.59203018192784     )
 ( 0.55887966942455491     ,  1.6278761504436907     ) (  1.9762624253326883E-006,  9.4143672376626107E-007) (  1.9762852173048718E-006,  9.4147047766121145E-007) ( -5.1245753097565769     ,  12.463763078546098     )
   22.900210000000001        1.2500000000000000     
 (-0.87268732361628498     ,  560.16180380054095     ) ( -4.8100206853991718     ,  558.71293549025836     )
 ( -2.5576448500404565     ,  1.6722457006838611     ) (  8.0861090844255041E-007,  1.1619740038349010E-006) (  8.0583066949158621E-007,  1.1592247546726901E-006) ( -8.8574660533985963     ,  10.287795173851180     )
   22.950205000000000        1.2500000000000000     
 ( -1.8401136905851814     ,  564.50928719111573     ) ( -4.3868107641420968     ,  563.07050724055136     )
 ( -2.8889668835359501     , 0.53852786742439285     ) (  8.9005570105435907E-007,  2.1738568011274920E-006) (  8.9011526356813989E-007,  2.1737857864739570E-006) ( -10.074934778479511     ,  6.5172033706335410     )
   23.000200000000000        1.2500000000000000     
 ( -2.4720505600604588     ,  569.95831992202079     ) ( -3.6696444561453947     ,  569.81572613435196     )
 ( -3.7670034525038321     ,-0.53523191680667925     ) ( -3.9277862627819071E-007,  1.8467071463645724E-006) ( -3.9689095811727021E-007,  1.8458193540954414E-006) ( -11.857075837451918     ,  1.4968462998190690     )
   23.050195000000002        1.2500000000000000     
 ( -3.4653216506463091     ,  575.42896698931827     ) ( -3.8753134831974334     ,  574.76338089804131     )
 ( -4.5577435156728079     , -1.6567077950709994     ) ( -1.4082818648950377E-006,  2.2591386615402618E-006) ( -1.4091035910771715E-006,  2.2579692694552828E-006) ( -11.244518220032331     , -2.0060039558425347     )
   23.100190000000001        1.2500000000000000     
 ( -4.4239189179592842     ,  579.78631952437865     ) ( -6.3007684506666894     ,  581.54255345869319     )
 ( -3.9598525696078291     , -3.2471909116613729     ) ( -1.4320982853932431E-006,  1.4122563884936421E-006) ( -1.4321347825252870E-006,  1.4122902514639580E-006) ( -7.7511741636490097     , -7.8117450230592169     )
   23.150185000000000        1.2500000000000000     
 ( -6.3389067851188745     ,  584.83008097575453     ) ( -8.5185273576604548     ,  587.48642797274942     )
 ( -3.1158090542995356     , -3.3602665403460179     ) ( -2.5296162089442950E-006, -5.5975637460019490E-007) ( -2.5217591316001654E-006, -5.5049488535127826E-007) ( -3.9017237758492174     , -11.400449319203354     )
   23.200180000000000        1.2500000000000000     
 ( -7.9899442207470450     ,  590.08868438986758     ) ( -11.697876535703028     ,  591.25029820239808     )
 ( -1.7394217901424087     , -2.6442220614580143     ) ( -1.9098007348230960E-006,  7.9802817136382960E-008) ( -1.9107148949706987E-006,  7.8904276647275895E-008) (  1.5518435646285884     , -11.878600285712579     )
   23.250175000000002        1.2500000000000000     
 ( -9.7604690941015733     ,  593.84620172104121     ) ( -14.588786007307068     ,  594.39775665926550     )
 ( -1.3653713235222598     , -3.3279687289093514     ) ( -1.4407017866703393E-006, -1.3680203638699337E-006) ( -1.4405628641155480E-006, -1.3681467215284254E-006) (  6.1547018496549271     , -11.913011068063827     )
   23.300170000000001        1.2500000000000000     
 ( -12.308098733731414     ,  598.52548565904863     ) ( -16.294722535914541     ,  597.62164218994826     )
 (-0.40570757360757997     , -1.9723728890206840     ) ( -1.5277765314980851E-006, -1.4865936990077313E-006) ( -1.5282031727259277E-006, -1.4934957431821067E-006) (  9.9455790979613461     , -9.0008890218114708     )
   23.350165000000001        1.2500000000000000     
 ( -14.074594459196314     ,  602.85742669628837     ) ( -16.335227501545937     ,  601.14673739424609     )
 ( 0.80216388574014807     ,-0.43309762788218759     ) ( -2.9518822482825672E-007, -2.1774543282391693E-006) ( -2.9519074313249526E-007, -2.1774284040128078E-006) (  13.127159472848618     , -6.4749431072944974     )
   23.400160000000003        1.2500000000000000     
 ( -15.949771785685336     ,  606.68662994846443     ) ( -18.213381202601447     ,  605.20358187260297     )
 (  1.0509906565392311     , 0.56721076698534811     ) (  3.3116631293754613E-007, -2.0466745387436699E-006) (  3.3302839307824107E-007, -2.0505505798099561E-006) (  13.414090592537278     , -2.5687711714495363     )
   23.450154999999999        1.2500000000000000     
 ( -18.947409713009993     ,  610.58149892239146     ) ( -19.623848713920921     ,  611.16843449793021     )
 (  1.2255277111165808     ,  2.3624362773667276     ) (  9.3093789713720895E-007, -9.2846077596409851E-007) (  9.2899701633374305E-007, -9.2863724789565179E-007) (  13.924809145230769     ,  3.1153852389898478     )
   23.500149999999998        1.2500000000000000     
 ( -21.251284735279953     ,  614.74765216692322     ) ( -21.807948324057772     ,  615.46150007982499     )
 ( 0.42890908914253323     ,  3.5477946735825983     ) (  2.5723016055918741E-006, -1.2616112118243228E-006) (  2.5731374532010045E-006, -1.2619111221228399E-006) (  11.656432148384980     ,  6.4102487956106202     )
   23.550145000000001        1.2500000000000000     
 ( -23.324265833931264     ,  618.53436980257993     ) ( -26.231659751234236     ,  620.04202885528480     )
 (-0.86040040558462705     ,  4.0807264759721429     ) (  1.2449421515176867E-006, -2.3837968660966911E-007) (  1.2615938743428251E-006, -1.6432969822648203E-007) (  6.4067138245941342     ,  9.7288556416725651     )
   23.600140000000000        1.2500000000000000     
 ( -26.659647521095049     ,  621.74354365178954     ) ( -29.921840048250854     ,  623.74489173341260     )
 (-0.47547980541177143     ,  3.6497698519826343     ) (  2.0461409558133628E-006,  9.8877622147075592E-007) (  2.0426050677657982E-006,  9.8622472595139332E-007) (  2.1316514298465381     ,  10.982431195902125     )
   23.650134999999999        1.2500000000000000     
 ( -29.352626211323802     ,  625.49639148863162     ) ( -33.373473865000967     ,  626.04307518334281     )
 ( -1.1795615094131198     ,  3.1249448075982880     ) (  1.5796872824681999E-006,  1.0326869006789501E-006) (  1.5777734112071446E-006,  1.0321275825823632E-006) ( -3.7313749584741021     ,  10.280075311909741     )
   23.700129999999998        1.2500000000000000     
 ( -31.899768175750481     ,  628.64768898217051     ) ( -36.175309893499858     ,  627.37078452391734     )
 ( -1.5985780184958476     ,  3.2655204030625220     ) (  1.0471450086564221E-006,  2.0514637147223862E-006) (  1.0471263831519482E-006,  2.0514458107219955E-006) ( -7.8831997642940399     ,  8.4107741544461128     )
   23.750125000000001        1.2500000000000000     
 ( -35.584225122262097     ,  631.05501546174401     ) ( -38.817148873897260     ,  630.09994580345585     )
 ( -1.7005192874965331     ,  2.2105201135141503     ) (  3.5066206487900855E-008,  2.4121976305931056E-006) (  3.5123173359845446E-008,  2.4121201205604062E-006) ( -10.905096023978443     ,  4.0779654656604656     )
   23.800120000000000        1.2500000000000000     
 ( -38.635194138402404     ,  634.21744224431768     ) ( -39.824935699427257     ,  632.65019540132164     )
 ( -1.4186480358710600     , 0.75850639093484840     ) ( -1.2971534190780606E-006,  1.5703874431017461E-006) ( -1.3080704486885543E-006,  1.5667046397338562E-006) ( -13.936635788601462     , 0.85060858456630761     )
   23.850114999999999        1.2500000000000000     
 ( -41.210807134838277     ,  636.14783631623266     ) ( -42.547456733566683     ,  635.17234122391676     )
 (-0.56728154534550024     ,-0.66511953513990030     ) ( -9.1730288324714724E-007,  2.1459400299994399E-006) ( -9.1783883707081024E-007,  2.1463655552834587E-006) ( -13.314052595879113     , -3.5836807707425620     )
   23.900109999999998        1.2500000000000000     
 ( -44.129241787692457     ,  637.95037403444451     ) ( -45.479006549814301     ,  639.33244084739772     )
 (  1.1195832183159362     , -1.8066365307265342     ) ( -1.3416297612750063E-006,  1.4265976128763369E-007) ( -1.3422374921078028E-006,  1.4244281238158115E-007) ( -11.709342554813125     , -8.7873214484470701     )
   23.950105000000001        1.2500000000000000     
 ( -47.056844789067448     ,  640.27572484153256     ) ( -48.640835818900065     ,  641.58771069735838     )
 (  2.3722449959289378     , -1.2202499270357119     ) ( -2.3204369085581506E-006,  3.4036291849804823E-007) ( -2.2767737949771575E-006,  3.4331739046026297E-007) ( -8.6064061721411562     , -10.930167382951003     )
   24.000100000000000        1.2500000000000000     
 ( -49.717716159836293     ,  642.36636869536437     ) ( -52.512630861101719     ,  643.36139925566533     )
 (  3.4534034125952142     , -1.2493842489163083     ) ( -1.7298552180779920E-006, -3.9714740197925016E-007) ( -1.7342059437109068E-006, -4.0198511713517861E-007) ( -4.0973040874536677     , -12.750487067518389     )
   24.050094999999999        1.2500000000000000     
 ( -51.983735438477218     ,  643.52397919047417     ) ( -56.302323581376804     ,  644.56930768762095     )
 (  3.5952023598684826     , -1.2376818495613788     ) ( -1.3616762034108993E-006, -1.6900702709840620E-006) ( -1.3621581086598104E-006, -1.6897009129356750E-006) ( 0.27312715340116556     , -12.292744976641824     )
   24.100089999999998        1.2500000000000000     
 ( -55.471173652062717     ,  646.00377665640497     ) ( -58.847672340797857     ,  645.71585104655924     )
 (  3.6468564188277397     ,-0.91996644392552285     ) ( -8.4467894436574702E-007, -2.0142667479736742E-006) ( -8.4471958088338413E-007, -2.0141961070071524E-006) (  5.4632899797446610     , -9.6581997796736498     )
   24.150085000000001        1.2500000000000000     
 ( -58.012289243035788     ,  647.53733936368508     ) ( -61.071875818898903     ,  645.54591433445421     )
 (  4.5982511501463383     ,-0.25055229917113325     ) (  9.2837763687844692E-007, -2.3554593351988542E-006) (  9.2837682046876991E-007, -2.3554175424006773E-006) (  7.9870369351491783     , -6.6478595033875107     )
   24.200080000000000        1.2500000000000000     
 ( -61.539582040347582     ,  647.68510626408488     ) ( -63.797809843031203     ,  646.79072117696114     )
 (  3.9954857991814752     , 0.59616150405407042     ) (  3.9709320577079204E-007, -1.2377100445935897E-006) (  3.9499430356344077E-007, -1.2377625557978589E-006) (  9.5842855191232630     , -1.5261370662188771     )
   24.250074999999999        1.2500000000000000     
 ( -64.192383122429291     ,  648.49373546792992     ) ( -64.595296601921262     ,  648.14974552295496     )
 (  2.7805987820299931     ,  1.9125506155843157     ) (  2.0277342054327584E-006, -7.7093071046826630E-007) (  2.0282490710327718E-006, -7.7079861442608314E-007) (  11.137575145985041     ,  3.2690478225427304     )
   24.300069999999998        1.2500000000000000     
 ( -66.207516045400993     ,  648.91311265437014     ) ( -67.485105735140181     ,  648.99737053928334     )
 ( 0.36318041867183637     ,  1.5532913008208240     ) (  1.5803082977589615E-006, -1.2583399035655911E-006) (  1.5802364579173483E-006, -1.2582259137706356E-006) (  9.0131026711667932     ,  7.2662584491479407     )
   24.350065000000001        1.2500000000000000     
 ( -68.055615518981895     ,  649.27405506763489     ) ( -70.009037140384393     ,  650.38292301756110     )
 (-0.91409836424819968     , 0.91593077151742675     ) (  1.6618164385795074E-006, -9.2399807635762755E-008) (  1.6630064333539062E-006, -9.4910222681117065E-008) (  6.6175463177559877     ,  11.088949731620273     )
   24.400060000000000        1.2500000000000000     
 ( -70.051361885723310     ,  648.95926296806829     ) ( -72.454115684715134     ,  650.82053180935009     )
 ( -1.7561970122150687     , -2.1976049861097443E-003) (  2.5061168749101247E-006,  1.0944404116273971E-006) (  2.4343201781709260E-006,  1.1194482333834380E-006) (  3.2400786226633773     ,  12.868722233718055     )
   24.450054999999999        1.2500000000000000     
 ( -71.062818830329249     ,  650.46582452058749     ) ( -74.391144784305880     ,  650.86113098459680     )
 ( -2.6817002703539812     , -1.4547180385778116     ) (  1.2212903216946968E-006,  1.6259107847877446E-006) (  1.2212398011475406E-006,  1.6263572522913880E-006) ( -1.3637510076328720     ,  13.835909283174260     )
   24.500049999999998        1.2500000000000000     
 ( -72.560644142117084     ,  650.39028106114540     ) ( -76.950553892310282     ,  650.33573166261203     )
 ( -3.3307538289411305     , -1.3773980384439084     ) (  2.0799810149172058E-007,  2.6541479818721445E-006) (  2.0803025185891293E-007,  2.6541144475090314E-006) ( -4.8546957617880997     ,  11.969531840455348     )
   24.550045000000001        1.2500000000000000     
 ( -75.669040154831919     ,  651.65615742149566     ) ( -78.072574028633326     ,  650.66799525023703     )
 ( -3.7887443609590057     , -2.5475362328458702     ) ( -1.1709900840647477E-006,  1.1235059879070248E-006) ( -1.1714242559995178E-006,  1.1234155978334388E-006) ( -8.3785395995102032     ,  8.2516385563310219     )
   24.600040000000000        1.2500000000000000     
 ( -76.978946720731898     ,  650.95768670259508     ) ( -78.775268180434850     ,  649.48866351067272     )
 ( -4.2922031911755578     , -3.9837055214485009     ) ( -1.6140592249938594E-006,  1.5737404308924955E-006) ( -1.6247315362074421E-006,  1.5708766942273117E-006) ( -9.7304464029091609     ,  5.3203455661682630     )
   24.650034999999999        1.2500000000000000     
 ( -78.657049599277940     ,  650.09839381708332     ) ( -80.095669968356006     ,  649.98305135048167     )
 ( -2.4599133987247566     , -5.2264261179466160     ) ( -7.7885499948265281E-007,  8.7084083002454032E-007) ( -7.7909916633103511E-007,  8.7060057804505131E-007) ( -9.0953669704781746     , 0.22627807535351746     )
   24.700029999999998        1.2500000000000000     
 ( -79.122938175135786     ,  649.39863645470882     ) ( -80.566292596184169     ,  650.06988879017263     )
 (-0.93665936627149438     , -4.8376538901515778     ) ( -1.9162624919633811E-006,  8.2453019833550241E-009) ( -1.9169012241779926E-006,  7.4923704610278379E-009) ( -8.1144585621903857     , -3.8860812431270237     )
   24.750025000000001        1.2500000000000000     
 ( -80.465760149182358     ,  649.01489921950963     ) ( -81.439581690705694     ,  649.72238883037255     )
 ( 0.18895207546680523     , -3.1563550568929539     ) ( -2.6379725626322451E-006,  3.6028165131661202E-007) ( -2.6367704934139009E-006,  3.6103317230888032E-007) ( -5.2755656706244771     , -7.0571966690866637     )
   24.800020000000000        1.2500000000000000     
 ( -79.349888276092926     ,  648.43116136271567     ) ( -82.095014223618946     ,  649.21274759020707     )
 (  1.3202277523002546     , -2.1466151329307426     ) ( -2.0190268755259599E-006, -1.4908089576429890E-006) ( -1.9868023816019675E-006, -1.4261442900562433E-006) ( -2.0448427704902885     , -9.9558879166926424     )
   24.850014999999999        1.2500000000000000     
 ( -79.757360894286791     ,  647.57070395190885     ) ( -82.938085687352199     ,  649.37727602823747     )
 (  1.2159306540413453     , -1.3232650409496471     ) ( -1.6913246217716515E-006, -2.6715638414206920E-006) ( -1.6570821316930606E-006, -2.8697520266099805E-006) (  1.8604903103591568     , -10.640189712660359     )
   24.900009999999998        1.2500000000000000     
 ( -79.134368378795529     ,  649.18414333706653     ) ( -82.598953060087169     ,  648.93649141910828     )
 (  1.5650368465247695     , 0.88386085470205389     ) (  7.3709361145671287E-007, -2.3158052430363055E-006) (  7.3698126227031468E-007, -2.3158457295775415E-006) (  6.4654166239658286     , -10.523997446255272     )
   24.950005000000001        1.2500000000000000     
 ( -80.166096059715230     ,  648.63433037935260     ) ( -83.202112655323603     ,  647.74067261515393     )
 (  2.0363848925833823     ,  1.7317809318059247     ) (  7.6440005374544450E-007, -1.8460542427715255E-006) (  7.6425805812821870E-007, -1.8459643839109334E-006) (  8.7236112267958941     , -8.1527056557482673     )
   25.000000000000000        1.2500000000000000     
 ( -80.621942297229452     ,  648.46144480893076     ) ( -82.287643647589505     ,  647.93877188962688     )
 (  1.8267619461689784     ,  4.6910895915015640     ) (  8.4757505385644822E-007, -1.6470020122050218E-007) (  8.4520828626922493E-007, -1.5980637336298130E-007) (  10.828904811141099     , -4.2724788343566429     )
