   3.1892819148936171     
   243.16000000000000     
   1.1440300717309833        3.7394032001367345E-004
         501           1
 
   22.000000000000000        22.000000000000000     
   2.5000000000000001E-003   1.2500000000000000     
 (  5.6885095620572275E-009,  1.4363511551384417E-011) (  5.7087229163497172E-009,  1.4464652119486746E-011)
 (  5.6884633958657495E-009,  1.4363389464371266E-011) (  5.2929926039412593E-016,  1.3411277683515981E-018) (  5.2929926039412593E-016,  1.3411277683515981E-018) ( -5.7086766144001833E-009, -1.4464529326754485E-011)
   5.2495000000000000E-002   1.2500000000000000     
 (  5.2712319244541358E-005,  1.3685134455206642E-007) (  5.2899965774823994E-005,  1.3781678784863349E-007)
 (  5.2524048566258749E-005,  1.3635333274205490E-007) (  4.8873048007401638E-012,  1.2731779002156550E-014) (  4.8873048007394319E-012,  1.2731779002152796E-014) ( -5.2711140800795642E-005, -1.3731589360171944E-007)
  0.10249000000000000        1.2500000000000000     
 (  3.9323548195061773E-004,  1.1962720823300884E-006) (  3.9464252843270331E-004,  1.2047732614825199E-006)
 (  3.8790962285648604E-004,  1.1821670646179119E-006) (  3.6095725423679406E-011,  1.1039126191555230E-013) (  3.6095725423388097E-011,  1.1039126191401399E-013) ( -3.8930093596758244E-004, -1.1905861850727975E-006)
  0.15248500000000001        1.2500000000000000     
 (  1.3000274245110281E-003,  5.4528623561147088E-006) (  1.3047185569734535E-003,  5.4923292156067540E-006)
 (  1.2613784608941042E-003,  5.3500317677917227E-006) (  1.1737999653186293E-010,  4.9966430262280420E-013) (  1.1737999652156215E-010,  4.9966430256854481E-013) ( -1.2659547625038054E-003, -5.3888905503316083E-006)
  0.20247999999999999        1.2500000000000000     
 (  3.0591634709033568E-003,  1.9408734624645090E-005) (  3.0703331072048827E-003,  1.9553797250531933E-005)
 (  2.9006082351450608E-003,  1.8980941958846425E-005) (  2.6994254180241972E-010,  1.7731525417770923E-012) (  2.6994254167159977E-010,  1.7731525410894756E-012) ( -2.9113028936032649E-003, -1.9123361035010603E-005)
  0.25247500000000000        1.2500000000000000     
 (  5.9662064232089010E-003,  5.8028612592204835E-005) (  5.9883199939933743E-003,  5.8481924347738486E-005)
 (  5.4920748816285640E-003,  5.6705401407642782E-005) (  5.1116749958246470E-010,  5.2990516193976041E-012) (  5.1116749864715214E-010,  5.2990516148452229E-012) ( -5.5127525111225220E-003, -5.7149730279402689E-005)
  0.30247000000000002        1.2500000000000000     
 (  1.0326043149724230E-002,  1.4974488144652498E-004) (  1.0365015485387858E-002,  1.5097941909083631E-004)
 (  9.1671324346351505E-003,  1.4628382508086757E-004) (  8.5332947282619585E-010,  1.3675787088323784E-011) (  8.5332946817381775E-010,  1.3675787063874001E-011) ( -9.2025460186125011E-003, -1.4749089268441186E-004)
  0.35246499999999997        1.2500000000000000     
 (  1.6450342461958131E-002,  3.4133501047614893E-004) (  1.6513736327732394E-002,  3.4432835300063033E-004)
 (  1.3987871029624869E-002,  3.3307807928016869E-004) (  1.3022797271680703E-009,  3.1154496966653954E-011) (  1.3022797091954361E-009,  3.1154496867873829E-011) ( -1.4043574039183227E-002, -3.3599111229527979E-004)
  0.40245999999999998        1.2500000000000000     
 (  2.4652640276639635E-002,  7.0154597131499895E-004) (  2.4749854166017313E-002,  7.0813263205939927E-004)
 (  1.9933041889031354E-002,  6.8275575090787609E-004) (  1.8561352298852543E-009,  6.3899211079076370E-011) (  1.8561351727376268E-009,  6.3899210755035228E-011) ( -2.0015215811607565E-002, -6.8911613305734632E-004)
  0.45245499999999994        1.2500000000000000     
 (  3.5241619314519926E-002,  1.3222494696805023E-003) (  3.5384014542579903E-002,  1.3356088660264891E-003)
 (  2.6884834006923812E-002,  1.2805866140147479E-003) (  2.5040415483657745E-009,  1.1993115436097950E-010) (  2.5040413876681561E-009,  1.1993115352738214E-010) ( -2.6999971295666416E-002, -1.2933389986043472E-003)
  0.50244999999999995        1.2500000000000000     
 (  4.8513913147631454E-002,  2.3160987931887711E-003) (  4.8714850691244586E-002,  2.3413763190983546E-003)
 (  3.4617868925171297E-002,  2.2257164266700808E-003) (  3.2251364293343325E-009,  2.0860474468166616E-010) (  3.2251364945857282E-009,  2.0860474753637052E-010) ( -3.4772186704729251E-002, -2.2494601990149287E-003)
  0.55244499999999985        1.2500000000000000     
 (  6.4747883821275082E-002,  3.8102568033505720E-003) (  6.5022484795823177E-002,  3.8552871691010381E-003)
 (  4.2793012585366455E-002,  3.6192688543391603E-003) (  3.9879517333360820E-009,  3.3950507947700229E-010) (  3.9879518885931879E-009,  3.3950508758585627E-010) ( -4.2991745217843630E-002, -3.6606643959529741E-003)
  0.60243999999999998        1.2500000000000000     
 (  8.4201575666902562E-002,  5.9368445448890906E-003) (  8.4566342929413132E-002,  6.0129104104012544E-003)
 (  5.0957993627198432E-002,  5.5461194803405169E-003) (  4.7504477950457258E-009,  5.2074858412765924E-010) (  4.7504481315941098E-009,  5.2074860481674390E-010) ( -5.1204186167014623E-002, -5.6140954705012035E-003)
  0.65243499999999988        1.2500000000000000     
 ( 0.10711580142867952     ,  8.8221356608008342E-003) ( 0.10758791828970365     ,  8.9446786778099221E-003)
 (  5.8558611141955340E-002,  8.0516340519840666E-003) (  5.4610287980278543E-009,  7.5680469276124140E-010) (  5.4610294978994414E-009,  7.5680474051190655E-010) ( -5.8851766361161885E-002, -8.1572069325732306E-003)
  0.70242999999999989        1.2500000000000000     
 ( 0.13372386777311884     ,  1.2577810884589645E-002) ( 0.13432027126314625     ,  1.2767017119949417E-002)
 (  6.4962037889272253E-002,  1.1116201886676450E-002) (  6.0606900043875720E-009,  1.0461023267357647E-009) (  6.0606913704728514E-009,  1.0461024298720544E-009) ( -6.5296649592236092E-002, -1.1271716063589250E-002)
  0.75242499999999990        1.2500000000000000     
 ( 0.16426658356159174     ,  1.7298134132421206E-002) ( 0.16500303013115336     ,  1.7579373397914128E-002)
 (  6.9493093338730924E-002,  1.4631541552451582E-002) (  6.4863841015139756E-009,  1.3787958419620806E-009) (  6.4863838486079808E-009,  1.3787958382488834E-009) ( -6.9857647186454208E-002, -1.4849229412366965E-002)
  0.80241999999999991        1.2500000000000000     
 ( 0.19900863651589804     ,  2.3066235831172829E-002) ( 0.19989791278965302     ,  2.3470265714985759E-002)
 (  7.1482053500875317E-002,  1.8383130316358871E-002) (  6.6754549228326206E-009,  1.7350984087522325E-009) (  6.6754544145795690E-009,  1.7350983998792002E-009) ( -7.1857718680763794E-002, -1.8672919239147431E-002)
  0.85241499999999992        1.2500000000000000     
 ( 0.23825171774952528     ,  2.9970280930706243E-002) ( 0.23930243818879010     ,  3.0533356768544864E-002)
 (  7.0321178805436507E-002,  2.2042298160320599E-002) (  6.5709148639227731E-009,  2.0845232463494033E-009) (  6.5709138824185925E-009,  2.0845232263287572E-009) ( -7.0682579711084007E-002, -2.2409242573040871E-002)
  0.90240999999999982        1.2500000000000000     
 ( 0.28233769336122994     ,  3.8127296453008323E-002) ( 0.28355221179357443     ,  3.8890939179281221E-002)
 (  6.5525774192830177E-002,  2.5170700148614344E-002) (  6.1271184214626020E-009,  2.3862751878071149E-009) (  6.1271166078789706E-009,  2.3862751442185211E-009) ( -6.5842373706634955E-002, -2.5612348263691936E-002)
  0.95240499999999984        1.2500000000000000     
 ( 0.33163806646649741     ,  4.7708759814416642E-002) ( 0.33300992828501091     ,  4.8718909365490476E-002)
 (  5.6795423075324578E-002,  2.7238602098078470E-002) (  5.3154538330054890E-009,  2.5909210481386789E-009) (  5.3154506064106064E-009,  2.5909209566444551E-009) ( -5.7034360078486612E-002, -2.7743001854002275E-002)
   1.0024000000000000        1.2500000000000000     
 ( 0.38652919745536513     ,  5.8959945066584162E-002) ( 0.38804049314683603     ,  6.0264939837267086E-002)
 (  4.4071197657752012E-002,  2.7658205702679503E-002) (  4.1296564936823015E-009,  2.6434362051167388E-009) (  4.1296571359950790E-009,  2.6434362339069855E-009) ( -4.4200732384608879E-002, -2.8203255087601593E-002)
   1.0523950000000000        1.2500000000000000     
 ( 0.44735644274769137     ,  7.2204819168443332E-002) ( 0.44897440019713841     ,  7.3851562008668659E-002)
 (  2.7583315207931513E-002,  2.5833016596859500E-002) (  2.5902848169555115E-009,  2.4877119022956343E-009) (  2.5902859635660537E-009,  2.4877119506554981E-009) ( -2.7577796296733473E-002, -2.6387759917003446E-002)
   1.1023899999999998        1.2500000000000000     
 ( 0.51439771515012411     ,  8.7830986776829795E-002) ( 0.51607377657591769     ,  8.9859057309396972E-002)
 (  7.8824319755206925E-003,  2.1223363332573839E-002) (  7.4767740313374784E-010,  2.0725408908367362E-009) (  7.4767939488336592E-010,  2.0725409702281140E-009) ( -7.7244912025829209E-003, -2.1751182418540189E-002)
   1.1523849999999998        1.2500000000000000     
 ( 0.58783627857678755     , 0.10625469872846925     ) ( 0.58950723803057814     , 0.10868890287330260     )
 ( -1.4154066790674368E-002,  1.3425511853484163E-002) ( -1.3172778931377212E-009,  1.3588818152832625E-009) ( -1.3172745118113808E-009,  1.3588819426307068E-009) (  1.4472539309002020E-002, -1.3888397731817950E-002)
   1.2023800000000000        1.2500000000000000     
 ( 0.66775520252882992     , 0.12787311784798469     ) ( 0.66934836062270064     , 0.13071604961622593     )
 ( -3.7349698071313123E-002,  2.2569523419645487E-003) ( -3.4954691892358196E-009,  3.2777224941988142E-010) ( -3.4954635777551105E-009,  3.2777245166012843E-010) (  3.7829649772387286E-002, -2.6190233655843361E-003)
   1.2523750000000000        1.2500000000000000     
 ( 0.75415875709027091     , 0.15301734847148446     ) ( 0.75560096008322686     , 0.15624416513508213     )
 ( -6.0295630187291747E-002, -1.2164778015663485E-002) ( -5.6554690472535211E-009, -1.0122201887322738E-009) ( -5.6554599353756505E-009, -1.0122198699617767E-009) (  6.0934791055429871E-002,  1.1936633587438532E-002)
   1.3023699999999998        1.2500000000000000     
 ( 0.84701788003787537     , 0.18192227519117801     ) ( 0.84824753625690097     , 0.18547965646441161     )
 ( -8.1455285309461598E-002, -2.9365689742246678E-002) ( -7.6529858195996686E-009, -2.6194612614831255E-009) ( -7.6529877337971111E-009, -2.6194613547848233E-009) (  8.2250642826731460E-002,  2.9305270267520458E-002)
   1.3523649999999998        1.2500000000000000     
 ( 0.94632631988685245     , 0.21472527776323586     ) ( 0.94730398567938701     , 0.21853533594696425     )
 ( -9.9296199259280363E-002, -4.8495482451629587E-002) ( -9.3430813146356283E-009, -4.4169739574699338E-009) ( -9.3430844534017134E-009, -4.4169741180777642E-009) ( 0.10024524784489350     ,  4.8644096330476963E-002)
   1.4023599999999998        1.2500000000000000     
 (  1.0521500492484550     , 0.25149611430530144     ) (  1.0528696671048556     , 0.25546492014770539     )
 (-0.11243421377785311     , -6.8352711277035488E-002) ( -1.0593578309814003E-008, -6.2942875820209463E-009) ( -1.0593583359710525E-008, -6.2942878510062370E-009) ( 0.11352605950132562     ,  6.8765857826343604E-002)
   1.4523549999999998        1.2500000000000000     
 (  1.1646517014307094     , 0.29228861329972239     ) (  1.1651474579441368     , 0.29631830973663509     )
 (-0.11977067376036928     , -8.7455084807715300E-002) ( -1.1298183883788213E-008, -8.1135454077640377E-009) ( -1.1298191864557440E-008, -8.1135458415691228E-009) ( 0.12097292283356960     ,  8.8204359577789659E-002)
   1.5023499999999999        1.2500000000000000     
 (  1.2840827958308680     , 0.33719602814858401     ) (  1.2844328223496153     , 0.34120014236217555     )
 (-0.12060793063923782     ,-0.10414886963962258     ) ( -1.1387699120466479E-008, -9.7193899303475008E-009) ( -1.1387711524854929E-008, -9.7193906252032863E-009) ( 0.12185016994810786     , 0.10531446172706084     )
   1.5523449999999999        1.2500000000000000     
 (  1.4107480425584982     , 0.38639055096914732     ) (  1.4110729003014320     , 0.39031244934581144     )
 (-0.11473102909876497     ,-0.11674765255074779     ) ( -1.0838173767223000E-008, -1.0951765068121451E-008) ( -1.0838192748958749E-008, -1.0951766142478328E-008) ( 0.11589127765569371     , 0.11839921122190045     )
   1.6023399999999999        1.2500000000000000     
 (  1.5449570744842442     , 0.44013433165860738     ) (  1.5454110539286903     , 0.44396787985787356     )
 (-0.10244561088780987     ,-0.12368874691371132     ) ( -9.6750772364955250E-009, -1.1660555407525216E-008) ( -9.6750731877969361E-009, -1.1660555253795416E-008) ( 0.10334885495952378     , 0.12585633863658263     )
   1.6523349999999999        1.2500000000000000     
 (  1.6869838258907808     , 0.49876153337732088     ) (  1.6877321186357925     , 0.50256991843637078     )
 ( -8.4566968881775895E-002,-0.12369290100067340     ) ( -7.9727281505963872E-009, -1.1720727232715536E-008) ( -7.9727218373118049E-009, -1.1720726970389866E-008) (  8.4996361340611074E-002, 0.12633428983021933     )
   1.7023299999999999        1.2500000000000000     
 (  1.8370497066588269     , 0.56264401946378406     ) (  1.8382368206056046     , 0.56656945309829121     )
 ( -6.2354106428022062E-002,-0.11590840283519009     ) ( -5.8488847425310765E-009, -1.1046284950376886E-008) ( -5.8488750390312954E-009, -1.1046284509804335E-008) (  6.2087602010166720E-002, 0.11888391602416769     )
   1.7523250000000001        1.2500000000000000     
 (  1.9953333981994408     , 0.63216172196977283     ) (  1.9970419337636063     , 0.63641675118970886     )
 ( -3.7399652536091295E-002,-0.10002079224495447     ) ( -3.4547222074200203E-009, -9.6012593188327363E-009) ( -3.4547074859688649E-009, -9.6012585863676011E-009) (  3.6257379562181349E-002, 0.10308691773439597     )
   1.8023199999999997        1.2500000000000000     
 (  2.1619961689408660     , 0.70769463804601207     ) (  2.1642105354377592     , 0.71252971154460165     )
 ( -1.1487734414705185E-002, -7.6312387631285311E-002) ( -9.6163839085368168E-010, -7.4062297290016668E-009) ( -9.6161635647917040E-010, -7.4062285481951998E-009) (  9.3822155634787838E-003,  7.9142044996978148E-002)
   1.8523149999999997        1.2500000000000000     
 (  2.3372002890703341     , 0.78964113166007610     ) (  2.3397902291359762     , 0.79529202038427149     )
 (  1.3557225864727882E-002, -4.5667788837028503E-002) (  1.4532816171879176E-009, -4.5398187683325249E-009) (  1.4533141036026550E-009, -4.5398169007828106E-009) ( -1.6584873451042967E-002,  4.7895632644659382E-002)
   1.9023099999999997        1.2500000000000000     
 (  2.5211019673117803     , 0.87844965568411792     ) (  2.5238384648525649     , 0.88507884616973831     )
 (  3.6013700069008912E-002, -9.5333390071340868E-003) (  3.6215845104076671E-009, -1.1356111129133787E-009) (  3.6215776356656109E-009, -1.1356113579102244E-009) ( -3.9785781237243495E-002,  1.0814389723487493E-002)
   1.9523049999999997        1.2500000000000000     
 (  2.7138147355261761     , 0.97464064240832549     ) (  2.7164140043721647     , 0.98229252977080128     )
 (  5.4394755008370613E-002,  3.0157522324967184E-002) (  5.3966222950771345E-009,  2.6246034320257661E-009) (  5.3966119685386551E-009,  2.6246030489051838E-009) ( -5.8611681925826296E-002, -3.0092548659394015E-002)
   2.0023000000000000        1.2500000000000000     
 (  2.9153537541438710     ,  1.0787964987360414     ) (  2.9175448367819254     ,  1.0873837913962081     )
 (  6.7564232155154058E-002,  7.1084659704463662E-002) (  6.6657291806188824E-009,  6.5206111371173273E-009) (  6.6657137839993777E-009,  6.5206105445047175E-009) ( -7.1848042029524439E-002, -7.2392409850190492E-002)
   2.0522950000000000        1.2500000000000000     
 (  3.1255885657837368     ,  1.1915112588059831     ) (  3.1271762433837909     ,  1.2008382601025129     )
 (  7.4848275855742802E-002, 0.11067342402581044     ) (  7.3609923905848902E-009,  1.0306847698366544E-008) (  7.3609698009046692E-009,  1.0306846769397399E-008) ( -7.8787163910165089E-002,-0.11338346880027625     )
   2.1022900000000000        1.2500000000000000     
 (  3.3442297804154002     ,  1.3133086136452923     ) (  3.3451357594474933     ,  1.3231240578682237     )
 (  7.6127725334175431E-002, 0.14626710507216045     ) (  7.4679415019659062E-009,  1.3729257699630002E-008) (  7.4679085373147147E-009,  1.3729256237843672E-008) ( -7.9315499346747587E-002,-0.15028578088904701     )
   2.1522849999999996        1.2500000000000000     
 (  3.5708677922915930     ,  1.4445524346089336     ) (  3.5711375493173088     ,  1.4546139358173167     )
 (  7.1888228887702493E-002, 0.17534395081861340     ) (  7.0298460116936154E-009,  1.6545901617957254E-008) (  7.0297984806223787E-009,  1.6545899343107357E-008) ( -7.3953087938046530E-002,-0.18046654866006773     )
   2.2022799999999996        1.2500000000000000     
 (  3.8050653484154617     ,  1.5853823472090034     ) (  3.8048414571147946     ,  1.5955120880202696     )
 (  6.3199541632378980E-002, 0.19576093907308911     ) (  6.1454680416173228E-009,  1.8549510079635315E-008) (  6.1454000383596314E-009,  1.8549506561221990E-008) ( -6.3824064790147725E-002,-0.20168468034434930     )
   2.2522749999999996        1.2500000000000000     
 (  4.0464861013087248     ,  1.7357064870761461     ) (  4.0459611588773914     ,  1.7458220450174524     )
 (  5.1603862669159943E-002, 0.20598777997704459     ) (  4.9587833927383282E-009,  1.9588761625253858E-008) (  4.9587981686173087E-009,  1.9588762291151434E-008) ( -5.0539410614874256E-002,-0.21232214329553839     )
   2.3022699999999996        1.2500000000000000     
 (  4.2950238014649891     ,  1.8952707868816332     ) (  4.2943843669687469     ,  1.9053851058505602     )
 (  3.8915248989751676E-002, 0.20528118424038883     ) (  3.6417068520685803E-009,  1.9584255176113599E-008) (  3.6417282378133617E-009,  1.9584256146714131E-008) ( -3.6008317344885334E-002,-0.21155805393267652     )
   2.3522650000000001        1.2500000000000000     
 (  4.5508835510603243     ,  2.0637992237279001     ) (  4.5502744430481830     ,  2.0739961851440376     )
 (  2.6976824628735727E-002, 0.19376233619439229     ) (  2.3723331207049652E-009,  1.8536297033529895E-008) (  2.3723639215015962E-009,  1.8536298431475877E-008) ( -2.2184533057329005E-002,-0.19944781965948177     )
   2.4022600000000001        1.2500000000000000     
 (  4.8145777846514166     ,  2.2411749055702441     ) (  4.8140842861919557     ,  2.2515731285523088     )
 (  1.7407685656730072E-002, 0.17238402615415888     ) (  1.3128923821203349E-009,  1.6523691748469037E-008) (  1.3129361839552914E-009,  1.6523693738417705E-008) ( -1.0826372373189326E-002,-0.17689677088489017     )
   2.4522550000000001        1.2500000000000000     
 (  5.0868190999949574     ,  2.4276057053920113     ) (  5.0864721850176613     ,  2.4383254899740181     )
 (  1.1396568953683284E-002, 0.14280233780559895     ) (  5.9037555519142907E-010,  1.3694442156715672E-008) (  5.9043750443210963E-010,  1.3694445031269796E-008) ( -3.2921247796570451E-003,-0.14554228871272595     )
   2.5022500000000001        1.2500000000000000     
 (  5.3683270264078500     ,  2.6237160921590705     ) (  5.3681223309713317     ,  2.6348601683034643     )
 (  9.5618936964848907E-003, 0.10718440450173093     ) (  2.8175764842074294E-010,  1.0250415455218683E-008) (  2.8184464356033256E-010,  1.0250419594819514E-008) ( -4.0042005070404184E-004,-0.10757944186679082     )
   2.5522449999999997        1.2500000000000000     
 (  5.6595992698129356     ,  2.8305228915009684     ) (  5.6595192125921328     ,  2.8421736991249076     )
 (  1.1885135149214951E-002,  6.7981694904214560E-002) (  4.0477745775928785E-010,  6.4275820240060102E-009) (  4.0489860548649744E-010,  6.4275880409058795E-009) ( -2.3536037845424281E-003, -6.5558692817211522E-002)
   2.6022399999999997        1.2500000000000000     
 (  5.9607169660173547     ,  3.0492861016526249     ) (  5.9607475439479369     ,  3.0615173228820201     )
 (  1.7713777261833253E-002,  2.7688871911498894E-002) (  9.1504834296174015E-010,  2.4732374798878210E-009) (  9.1502089191745072E-010,  2.4732359557908727E-009) ( -8.7175013334073546E-003, -2.2170013023406026E-002)
   2.6522349999999997        1.2500000000000000     
 (  6.2712538855712658     ,  3.2812657614489269     ) (  6.2713806572077013     ,  3.2941606685076370     )
 (  2.5842335188884662E-002, -1.1394063685175695E-002) (  1.7101603652523208E-009, -1.3780090554847040E-009) (  1.7101217801342160E-009, -1.3780112253515878E-009) ( -1.8439305758804505E-002,  1.9984283719471113E-002)
   2.7022299999999997        1.2500000000000000     
 (  6.5903255950282666     ,  3.5274512874919766     ) (  6.5905236277056662     ,  3.5411190847997345     )
 (  3.4653304494975751E-002, -4.7377890317932256E-002) (  2.6423129968375296E-009, -4.9268462800858243E-009) (  2.6422590672185367E-009, -4.9268493514672712E-009) ( -2.9949686925781524E-002,  5.8621095865944009E-002)
   2.7522249999999997        1.2500000000000000     
 (  6.9167895963475132     ,  3.7883506950269275     ) (  6.9169924291828950     ,  3.8029289639736228     )
 (  4.2338138014713936E-002, -7.8944347913762009E-002) (  3.5377494561905646E-009, -8.0267764664917170E-009) (  3.5376745919708991E-009, -8.0267807185379721E-009) ( -4.1320052920070002E-002,  9.1990475430499721E-002)
   2.8022199999999997        1.2500000000000000     
 (  7.2495379268306479     ,  4.0639171362122548     ) (  7.2496046221850587     ,  4.0795501754454202     )
 (  4.7153050490355120E-002,-0.10541987032354640     ) (  4.2208055209947111E-009, -1.0593377806702592E-008) (  4.2207022560214542E-009, -1.0593383647247535E-008) ( -5.0501272131937169E-002, 0.11903091727068919     )
   2.8522149999999997        1.2500000000000000     
 (  7.5877917937981261     ,  4.3536513518750484     ) (  7.5874882359135389     ,  4.3704414619935532     )
 (  4.7671953856686253E-002,-0.12674684269329831     ) (  4.5380102328016013E-009, -1.2604157195043943E-008) (  4.5378685051634914E-009, -1.2604165212050817E-008) ( -5.5604743086045821E-002, 0.13942771424821079     )
   2.9022099999999997        1.2500000000000000     
 (  7.9312960392330467     ,  4.6568559105631193     ) (  7.9303098101462588     ,  4.6747983955218269     )
 (  4.2986876685200903E-002,-0.14336653371271946     ) (  4.3781261987149758E-009, -1.4090320176610990E-008) (  4.3779330956913855E-009, -1.4090331131285371E-008) ( -5.5172244664189532E-002, 0.15355880969792388     )
   2.9522049999999997        1.2500000000000000     
 (  8.2803356885083641     ,  4.9729591301171467     ) (  8.2783394240615529     ,  4.9918854447207952     )
 (  3.2829945730267068E-002,-0.15605078370244510     ) (  3.6859970716590884E-009, -1.5123566700656470E-008) (  3.6860425330304255E-009, -1.5123563991880812E-008) ( -4.8384422051528680E-002, 0.16234579674086405     )
   3.0021999999999998        1.2500000000000000     
 (  8.6355720356902577     ,  5.3017950889024457     ) (  8.6323156643759411     ,  5.3213549160206481     )
 (  1.7607507435483834E-002,-0.16572336675288929     ) (  2.4709195618968654E-009, -1.5800389009279770E-008) (  2.4709823738871939E-009, -1.5800385092293017E-008) ( -3.5197638941653966E-002, 0.16704835187958791     )
   3.0521949999999998        1.2500000000000000     
 (  8.9977399139819720     ,  5.6437368700648847     ) (  8.9931677889737767     ,  5.6634448378667397     )
 ( -1.6045037290348776E-003,-0.17328715115099697     ) (  8.0897195670290233E-010, -1.6224948518899413E-008) (  8.0905790700343968E-010, -1.6224942920216041E-008) ( -1.6366933074580581E-002, 0.16903917138525323     )
   3.1021899999999998        1.2500000000000000     
 (  9.3673327442122947     ,  5.9996362353155419     ) (  9.3616604629686808     ,  6.0189876838160039     )
 ( -2.3128345425976245E-002,-0.17945501793543558     ) ( -1.1591602841489849E-009, -1.6490103720381971E-008) ( -1.1590432949065729E-009, -1.6490095875957711E-008) (  6.5794511768726650E-003, 0.16957386056039742     )
   3.1521849999999998        1.2500000000000000     
 (  9.7443804662890514     ,  6.3705912571173409     ) (  9.7380991317520440     ,  6.3892238870138289     )
 ( -4.4795682298760943E-002,-0.18457497215983570     ) ( -3.2379814947209859E-009, -1.6657141238421600E-008) ( -3.2378233264567479E-009, -1.6657130392152862E-008) (  3.1453442675514573E-002, 0.16956168564713175     )
   3.2021799999999998        1.2500000000000000     
 (  10.128408375625394     ,  6.7576298405451434     ) (  10.122187383239218     ,  6.7754799164201023     )
 ( -6.4141622043623309E-002,-0.18846211940223465     ) ( -5.1963752946450010E-009, -1.6737260319531602E-008) ( -5.1961624139176649E-009, -1.6737245484977977E-008) (  5.5607557810757970E-002, 0.16935477592525605     )
   3.2521749999999998        1.2500000000000000     
 (  10.518595704436507     ,  7.1614364831885515     ) (  10.513095235204879     ,  7.1788250255854136     )
 ( -7.8689714578003084E-002,-0.19028326384608549     ) ( -6.7957650355364819E-009, -1.6679811418502671E-008) ( -6.7954801425784609E-009, -1.6679791462434531E-008) (  7.6232833888691801E-002, 0.16859397099199000     )
   3.3021699999999998        1.2500000000000000     
 (  10.914063979260144     ,  7.5822369625811712     ) (  10.909712950774578     ,  7.5998319676540129     )
 ( -8.6311827350493378E-002,-0.18855176724677558     ) ( -7.8234882213838431E-009, -1.6372054251272125E-008) ( -7.8235573277574705E-009, -1.6372058161441281E-008) (  9.0729099544838779E-002, 0.16616606572184192     )
   3.3521649999999998        1.2500000000000000     
 (  11.314179243106384     ,  8.0198912615544575     ) (  11.310987830394897     ,  8.0385359099405065     )
 ( -8.5576689239913128E-002,-0.18127097072142134     ) ( -8.1251741972519431E-009, -1.5652201008411829E-008) ( -8.1252680185985202E-009, -1.5652206717602097E-008) (  9.7107029321783694E-002, 0.16031629112527837     )
   3.4021599999999999        1.2500000000000000     
 (  11.718709709739549     ,  8.4741545428772760     ) (  11.716224647061001     ,  8.4946081749334663     )
 ( -7.6047328458593078E-002,-0.16622029977415986     ) ( -7.6283452575457043E-009, -1.4332915321302522E-008) ( -7.6284719383958765E-009, -1.4332923588995737E-008) (  9.4282709660651540E-002, 0.14890507901773931     )
   3.4521549999999999        1.2500000000000000     
 (  12.127789621732020     ,  8.9449859317374063     ) (  12.125201227377774     ,  8.9676684796357584     )
 ( -5.8413561069033837E-002,-0.14132346724941042     ) ( -6.3561625592220188E-009, -1.2230377519111003E-008) ( -6.3563324993194306E-009, -1.2230389320599081E-008) (  8.2270124881574980E-002, 0.12975937585556277     )
   3.5021500000000003        1.2500000000000000     
 (  12.541680253713025     ,  9.4327624327076709     ) (  12.538066404861635     ,  9.4576020450005167     )
 ( -3.4482235074191930E-002,-0.10503014623413275     ) ( -4.4301689273257162E-009, -9.1943319128265780E-009) ( -4.4303955404419207E-009, -9.1943485628178491E-009) (  6.2204624655502548E-002, 0.10103686934753089     )
   3.5521449999999994        1.2500000000000000     
 (  12.960438682559905     ,  9.9382888246448964     ) (  12.955058815463920     ,  9.9647356418199280     )
 ( -7.0308947967769823E-003, -5.6656967777192674E-002) ( -2.0639190888527939E-009, -5.1369440535162053E-009) ( -2.0642198724344920E-009, -5.1369672987966320E-009) (  3.6245710637628617E-002,  6.1548140317016622E-002)
   3.6021399999999995        1.2500000000000000     
 (  13.383639680917558     ,  10.462585317691298     ) (  13.376171394451134     ,  10.489793199803476     )
 (  2.0446230517830087E-002,  3.3397108573455870E-003) (  4.5278660955630341E-010, -5.9774398393731739E-011) (  4.5238964227338315E-010, -5.9806224631031626E-011) (  7.3935979687565984E-003,  1.1018376082439888E-002)
   3.6521349999999995        1.2500000000000000     
 (  13.810284146940855     ,  11.006523910774490     ) (  13.800917768094454     ,  11.033637382247127     )
 (  4.4090060553296513E-002,  7.3169845021233221E-002) (  2.7800964372198561E-009,  5.9231014238098219E-009) (  2.7801935039572399E-009,  5.9231064331332607E-009) ( -2.0757403649826468E-002, -4.9703301543581768E-002)
   3.7021299999999995        1.2500000000000000     
 (  14.238971833414233     ,  11.570458360623599     ) (  14.228308993777379     ,  11.596898493961803     )
 (  6.0102606180946275E-002, 0.14962432990172253     ) (  4.5671713591015730E-009,  1.2571056464337979E-008) (  4.5673017946231067E-009,  1.2571063698851438E-008) ( -4.4370942118915097E-002,-0.11849364219218224     )
   3.7521249999999995        1.2500000000000000     
 (  14.668278753941438     ,  12.154013027366830     ) (  14.657100946726841     ,  12.179657268950892     )
 (  6.5274028413631432E-002, 0.22815268964811061     ) (  5.4976980764547923E-009,  1.9518118697746045E-008) (  5.4978723727349124E-009,  1.9518129135915295E-008) ( -5.9769188852417006E-002,-0.19189989363295451     )
   3.8021199999999995        1.2500000000000000     
 (  15.097238051782268     ,  12.756156527549241     ) (  15.086207120850380     ,  12.781340363674364     )
 (  5.7474870582775575E-002, 0.30314129120669769     ) (  5.3376771888005586E-009,  2.6293908353314599E-008) (  5.3379087952750147E-009,  2.6293923352265719E-008) ( -6.3938401769935690E-002,-0.26524356426751045     )
   3.8521149999999995        1.2500000000000000     
 (  15.525702420227926     ,  13.375572073767477     ) (  15.515125867921572     ,  13.400916124344027     )
 (  3.6062608401525219E-002, 0.36839209319564020     ) (  3.9734431789091709E-009,  3.2362185597290688E-008) (  3.9737492834921940E-009,  3.2362207040139586E-008) ( -5.5003319807579852E-002,-0.33292021310410264     )
   3.9021099999999995        1.2500000000000000     
 (  15.954421973875059     ,  14.011209199193356     ) (  15.944172886841525     ,  14.037346185129469     )
 (  2.0923806356648979E-003, 0.41773711285841458     ) (  1.4341118072127220E-009,  3.7170643425558132E-008) (  1.4345138918729851E-009,  3.7170673780003208E-008) ( -3.2593758087848652E-002,-0.38888435970394331     )
   3.9521050000000000        1.2500000000000000     
 (  16.384765108263792     ,  14.662808839125088     ) (  16.374381646926548     ,  14.690125971515403     )
 ( -4.1699026401413916E-002, 0.44567728073271673     ) ( -2.1026835888975851E-009,  4.0203216647143160E-008) ( -2.1021576098299714E-009,  4.0203259178777096E-008) (  1.9756342169275558E-003,-0.42724389741425006     )
   4.0021000000000004        1.2500000000000000     
 (  16.818157907298062     ,  15.331180514914697     ) (  16.807073134137006     ,  15.359679679134546     )
 ( -9.1100117290388735E-002, 0.44795411687137943     ) ( -6.3185835650182893E-009,  4.1029941986158845E-008) ( -6.3178996871974405E-009,  4.1030000847154679E-008) (  4.5726631197233698E-002,-0.44287096770419782     )
   4.0520950000000004        1.2500000000000000     
 (  17.255430247368757     ,  16.018103559424482     ) (  17.243239058067982     ,  16.047430134960873     )
 (-0.14076845767210605     , 0.42201245963841677     ) ( -1.0773115791766357E-008,  3.9353554071716896E-008) ( -1.0773286438628948E-008,  3.9353545087009408E-008) (  9.4205192727014164E-002,-0.43196462969509830     )
   4.1020900000000005        1.2500000000000000     
 (  17.696329233832078     ,  16.725856479144337     ) (  17.682965091234109     ,  16.755480035224387     )
 (-0.18463920447847557     , 0.36736404933802119     ) ( -1.4936332023500117E-008,  3.5052305403667034E-008) ( -1.4936557873442734E-008,  3.5052292917155763E-008) ( 0.14184105679440756     ,-0.39253203571204226     )
   4.1520850000000005        1.2500000000000000     
 (  18.139354180077675     ,  17.456513243907668     ) (  18.125142276149152     ,  17.485990971658659     )
 (-0.21648465545726966     , 0.28584466266182923     ) ( -1.8233857563265376E-008,  2.8215476362609343E-008) ( -1.8234155292947208E-008,  2.8215458901665582E-008) ( 0.18237795339622501     ,-0.32478509573088132     )
   4.2020800000000005        1.2500000000000000     
 (  18.582050504903478     ,  18.211259436223678     ) (  18.567571979256986     ,  18.240479477181033     )
 (-0.23054325239061613     , 0.18172769526196669     ) ( -2.0111332961002425E-008,  1.9162462927721043E-008) ( -2.0111723422780219E-008,  1.9162438326151943E-008) ( 0.20950953663762620     ,-0.23140225218214108     )
   4.2520750000000005        1.2500000000000000     
 (  19.021654145217919     ,  18.989974436438377     ) (  19.007480387694397     ,  19.019272222117149     )
 (-0.22226527846765129     ,  6.1600856314072638E-002) ( -2.0106913388743470E-008,  8.4352853875542925E-009) ( -2.0107423574810274E-008,  8.4352506118744089E-009) ( 0.21762213622350157     ,-0.11757672682893000     )
   4.3020699999999996        1.2500000000000000     
 (  19.455880966286358     ,  19.791258113794271     ) (  19.442271774233443     ,  19.821343598361054     )
 (-0.18903742719976777     , -6.6076724755897376E-002) ( -1.7920003979788056E-008, -3.2404637962393836E-009) ( -1.7920666982635979E-008, -3.2405128436392554E-009) ( 0.20259328893826581     ,  9.2434485588380032E-003)
   4.3520649999999996        1.2500000000000000     
 (  19.883570488479702     ,  20.612917249436450     ) (  19.870266241877538     ,  20.644615679215825     )
 (-0.13072355689550569     ,-0.19172234752107448     ) ( -1.3460319289955511E-008, -1.5020563056539131E-008) ( -1.3461176497185580E-008, -1.5020631881582873E-008) ( 0.16248450852278684     , 0.13995923525295051     )
   4.4020599999999996        1.2500000000000000     
 (  20.304934307736843     ,  21.452742137682350     ) (  20.291144360758793     ,  21.486637922726832     )
 ( -4.9887984170331190E-002,-0.30557067059982246     ) ( -6.8695697791722116E-009, -2.6020646455174305E-008) ( -6.8706730163198590E-009, -2.6020742413876970E-008) (  9.7963350144080044E-002, 0.26469046015606118     )
   4.4520549999999997        1.2500000000000000     
 (  20.721303568159133     ,  22.309286051934166     ) (  20.705932206122913     ,  22.345408676182732     )
 (  4.8346172290356530E-002,-0.39862087850362821     ) (  1.4825819701798156E-009, -3.5393594834973066E-008) (  1.4828612046099038E-009, -3.5393578811925831E-008) (  1.2373231195633631E-002, 0.37374519523694949     )
   4.5020499999999997        1.2500000000000000     
 (  21.134496916618922     ,  23.182358489976306     ) (  21.116511243863801     ,  23.220047110229409     )
 ( 0.15667739201212175     ,-0.46345978493287676     ) (  1.1024186837183969E-008, -4.2399460271198134E-008) (  1.1024551685565939E-008, -4.2399439014282166E-008) ( -8.8569164502415795E-002, 0.45850322136126997     )
   4.5520449999999997        1.2500000000000000     
 (  21.545984256195286     ,  24.073047745786084     ) (  21.524854573385191     ,  24.111075175535557     )
 ( 0.26624754885807905     ,-0.49489524475256136     ) (  2.1014108076506312E-008, -4.6468073209841060E-008) (  2.1014583528310770E-008, -4.6468044646384577E-008) (-0.19719765621954763     , 0.51212632120587342     )
   4.6020399999999997        1.2500000000000000     
 (  21.956231193179416     ,  24.983270898055206     ) (  21.932219926036687     ,  25.020215728341995     )
 ( 0.36729208749679537     ,-0.49044542865438939     ) (  3.0594226781122390E-008, -4.7255558978404205E-008) (  3.0594843775722808E-008, -4.7255520224192696E-008) (-0.30449507735984416     , 0.53009685809798224     )
   4.6520349999999997        1.2500000000000000     
 (  22.364418537166554     ,  25.915020253446119     ) (  22.338608500428794     ,  25.949774613248557     )
 ( 0.44993968480058605     ,-0.45068436620286900     ) (  3.8857696113443790E-008, -4.4691158006191153E-008) (  3.8858493819047056E-008, -4.4691104614226782E-008) (-0.40072400498313077     , 0.51064470036998866     )
   4.7020300000000006        1.2500000000000000     
 (  22.768669581103328     ,  26.869587952445304     ) (  22.742672231930367     ,  26.901821840233701     )
 ( 0.50514410199398041     ,-0.37938820866874434     ) (  4.4937025480620357E-008, -3.9002192200793609E-008) (  4.4938052511314130E-008, -3.9002118799181361E-008) (-0.47617952923632267     , 0.45507020102555701     )
   4.7520250000000006        1.2500000000000000     
 (  23.166700082219162     ,  27.847091180266034     ) (  23.142113219799558     ,  27.877472165370335     )
 ( 0.52571834051188260     ,-0.28335741764149097     ) (  4.8101838875175780E-008, -3.0704964552718980E-008) (  4.8103155593649967E-008, -3.0704862756855687E-008) (-0.52210691901663320     , 0.36787644991995500     )
   4.8020200000000006        1.2500000000000000     
 (  23.556619083840051     ,  28.846500159064117     ) (  23.534434877088039     ,  28.876545078791480     )
 ( 0.50729333217589101     ,-0.17180936964891982     ) (  4.7848905503817414E-008, -2.0555680695289277E-008) (  4.7848571502761865E-008, -2.0555702770739750E-008) (-0.53173010810878119     , 0.25655856383448039     )
   4.8520150000000006        1.2500000000000000     
 (  23.937557867830474     ,  29.866163086589157     ) (  23.917725012001100     ,  29.897744250409819     )
 ( 0.44902842893351413     , -5.5382169493984050E-002) (  4.3960869019339854E-008, -9.4711563196074126E-009) (  4.3960436371695254E-008, -9.4711847467724912E-009) (-0.50115499813010067     , 0.13096721973337622     )
   4.9020100000000006        1.2500000000000000     
 (  24.309781056118787     ,  30.904595578861123     ) (  24.291176683770839     ,  30.939273788726545     )
 ( 0.35377256913371291     ,  5.5059288877341205E-002) (  3.6536656079807015E-008,  1.5639911627817169E-009) (  3.6536097533637392E-008,  1.5639546002933668E-009) (-0.43004873274143157     ,  2.2940435516845283E-003)
   4.9520050000000007        1.2500000000000000     
 (  24.674311404209575     ,  31.961182188601423     ) (  24.655094382297850     ,  31.999625943488073     )
 ( 0.22783639003456216     , 0.14957651060129784     ) (  2.5984547696134533E-008,  1.1587471198874533E-008) (  2.5983828479836771E-008,  1.1587423968329697E-008) (-0.32178214047246617     ,-0.11810930479564832     )
   5.0020000000000007        1.2500000000000000     
 (  25.032170886812182     ,  33.036474931900791     ) (  25.010424988571632     ,  33.078189809483270     )
 (  8.0384354482536780E-002, 0.22009229473858724     ) (  1.2996859295882800E-008,  1.9742048723755244E-008) (  1.2995935969009996E-008,  1.9741987458730216E-008) (-0.18317229011815267     ,-0.21985789183254068     )
   5.0519950000000007        1.2500000000000000     
 (  25.383587851197625     ,  34.131942848414354     ) (  25.358014538697727     ,  34.175431039629302     )
 ( -7.7337642691175906E-002, 0.26107833293069038     ) ( -1.4927853447006427E-009,  2.5352922554785875E-008) ( -1.4939678892390572E-009,  2.5352842164587705E-008) ( -2.3914937030716552E-002,-0.29446474540045192     )
   5.1019899999999998        1.2500000000000000     
 (  25.727516696700185     ,  35.249256899947007     ) (  25.697916090543551     ,  35.292558698749659     )
 (-0.23287605158757776     , 0.27005933470612620     ) ( -1.6374184101408618E-008,  2.8000999258249212E-008) ( -1.6375694220297565E-008,  2.8000892012071903E-008) ( 0.14415531870458367     ,-0.33607129776388611     )
   5.1519849999999998        1.2500000000000000     
 (  26.061711118433657     ,  36.389380997085496     ) (  26.029051164802468     ,  36.430817314769371     )
 (-0.37358096643027355     , 0.24796058026869605     ) ( -3.0454872743323553E-008,  2.7582403256203771E-008) ( -3.0456795034070428E-008,  2.7582258926508872E-008) ( 0.30794796776016137     ,-0.34202695659972576     )
   5.2019799999999998        1.2500000000000000     
 (  26.383383507016106     ,  37.551865431249894     ) (  26.349408840910954     ,  37.590684163196826     )
 (-0.48778586773777804     , 0.19920222316420147     ) ( -4.2582620964021058E-008,  2.4334474635807068E-008) ( -4.2582119776114484E-008,  2.4334513309766261E-008) ( 0.45420153217161374     ,-0.31329574055837867     )
   5.2519749999999998        1.2500000000000000     
 (  26.690260445516351     ,  38.734700459031650     ) (  26.656741339719105     ,  38.771349367918006     )
 (-0.56614860965506975     , 0.13136018146030645     ) ( -5.1770965407258344E-008,  1.8811730709330387E-008) ( -5.1770324516642555E-008,  1.8811780203216782E-008) ( 0.57071537377486115     ,-0.25455605134960863     )
   5.3019699999999998        1.2500000000000000     
 (  26.981506012992625     ,  39.934875691600006     ) (  26.949514561496979     ,  39.970761737784024     )
 (-0.60274207129554136     ,  5.4304182123889433E-002) ( -5.7313979044104380E-008,  1.1810370986064075E-008) ( -5.7313161046003855E-008,  1.1810433349644491E-008) ( 0.64777465532317857     ,-0.17381034565664383     )
   5.3519649999999999        1.2500000000000000     
 (  27.258170823135803     ,  41.149487549806686     ) (  27.227643477055388     ,  41.186318846339553     )
 (-0.59580403882093447     , -2.1110852970731290E-002) ( -5.8847282920408786E-008,  4.2611147867165773E-009) ( -5.8846241002468132E-008,  4.2611934787428989E-009) ( 0.67926243320314861     , -8.1446644276433805E-002)
   5.4019599999999999        1.2500000000000000     
 (  27.522822953334451     ,  42.376930024711136     ) (  27.492641264578019     ,  42.415936435887801     )
 (-0.54780666728877936     , -8.4497814823348186E-002) ( -5.6365198081754289E-008, -2.8821234002325273E-009) ( -5.6363873610700720E-008, -2.8820243001868076E-009) ( 0.66332289377370734     ,  1.1104253133733151E-002)
   5.4519549999999999        1.2500000000000000     
 (  27.778486365997281     ,  43.617647342923249     ) (  27.747026913601392     ,  43.659029099660131     )
 (-0.46496349279702709     ,-0.12720461343043560     ) ( -5.0202149102782869E-008, -8.7389145595149277E-009) ( -5.0200469065081902E-008, -8.7387895558984542E-009) ( 0.60238755192172344     ,  9.2788108143094669E-002)
   5.5019499999999999        1.2500000000000000     
 (  28.027291912358017     ,  44.874097766951095     ) (  27.993195626186921     ,  44.916942504657079     )
 (-0.35638633513005186     ,-0.14320888961833139     ) ( -4.0995259283440561E-008, -1.2582811767229388E-008) ( -4.0993131839822639E-008, -1.2582652235980215E-008) ( 0.50268172145041257     , 0.15412015393385689     )
   5.5519449999999999        1.2500000000000000     
 (  28.269375580314335     ,  46.149894533695139     ) (  28.232208057085920     ,  46.192590082998848     )
 (-0.23311994334468153     ,-0.12966459828114230     ) ( -2.9632510382481272E-008, -1.3912881442494001E-008) ( -2.9629822818875462E-008, -1.3912675461016395E-008) ( 0.37345774235004658     , 0.18802322024157087     )
   5.6019399999999999        1.2500000000000000     
 (  28.502464312450925     ,  47.448409774091481     ) (  28.462995206479256     ,  47.489397337469825     )
 (-0.10715203158722535     , -8.7209616252734518E-002) ( -1.7176822315339783E-008, -1.2519812817487515E-008) ( -1.7177546303997919E-008, -1.2519875647246051E-008) ( 0.22614256032956911     , 0.19038450049263042     )
   5.6519349999999999        1.2500000000000000     
 (  28.722422631665779     ,  48.771362638177060     ) (  28.682327144547038     ,  48.809918250615418     )
 (  9.7536103132434410E-003, -2.0083713494626770E-002) ( -4.7659750794775032E-009, -8.5333866766275620E-009) ( -4.7668917701220634E-009, -8.5334677809733219E-009) (  7.3498974879834020E-002, 0.16046957032968603     )
   5.7019299999999999        1.2500000000000000     
 (  28.924499842619021     ,  50.117925849780917     ) (  28.885654177859589     ,  50.154631550829201     )
 ( 0.10723510111401370     ,  6.4044154913600507E-002) (  6.5280407994670851E-009, -2.4260294243239994E-009) (  6.5268822613932987E-009, -2.4261324660381628E-009) ( -7.1514234436286156E-002, 0.10120016812868574     )
   5.7519250000000000        1.2500000000000000     
 (  29.104995958447457     ,  51.484795396920951     ) (  29.068548945278113     ,  51.521433420073130     )
 ( 0.17768655456221974     , 0.15474210082892451     ) (  1.5824457485852828E-008,  5.0394225070356686E-009) (  1.5822997314014097E-008,  5.0392929855826799E-009) (-0.19698007185549901     ,  1.9153288645591529E-002)
   5.8019200000000000        1.2500000000000000     
 (  29.262559954897519     ,  52.867254747998139     ) (  29.228253635953511     ,  52.906103948352843     )
 ( 0.21729054947229792     , 0.24003541454710281     ) (  2.2531433118793807E-008,  1.2912889677323213E-008) (  2.2529595384386781E-008,  1.2912728748683754E-008) (-0.29342526104354022     , -7.5950956938418399E-002)
   5.8519150000000009        1.2500000000000000     
 (  29.398595176051600     ,  54.260846457769375     ) (  29.364680566971909     ,  54.303662115522982     )
 ( 0.22648515364440883     , 0.30800579178933896     ) (  2.6389620842964586E-008,  2.0179794820696655E-008) (  2.6387312616572690E-008,  2.0179596260864211E-008) (-0.35499142350722923     ,-0.17235616385977343     )
   5.9019100000000000        1.2500000000000000     
 (  29.516556651504935     ,  55.662970748408640     ) (  29.480396020275737     ,  55.710099777822684     )
 ( 0.20972803027225889     , 0.34839921503769317     ) (  2.7470235625241274E-008,  2.5874309140375071E-008) (  2.7467339885550383E-008,  2.5874063199742625E-008) (-0.38005283052731287     ,-0.25778052862926026     )
   5.9519050000000000        1.2500000000000000     
 (  29.620423640595344     ,  57.073725444505172     ) (  29.579542639198742     ,  57.123775930657267     )
 ( 0.17469790822677142     , 0.35390450209196650     ) (  2.6148114804900304E-008,  2.9172636676011025E-008) (  2.6144487467439366E-008,  2.9172331239841089E-008) (-0.37116038560800557     ,-0.32097496780248702     )
   6.0019000000000000        1.2500000000000000     
 (  29.712963708876490     ,  58.495659347902979     ) (  29.666132049147386     ,  58.545890898729525     )
 ( 0.13123792789067892     , 0.32097641874758198     ) (  2.3061312223762782E-008,  2.9475118887780399E-008) (  2.3062325500673604E-008,  2.9475212014005798E-008) (-0.33443647447238395     ,-0.35300478153354731     )
   6.0518950000000000        1.2500000000000000     
 (  29.794545483992231     ,  59.932541918299826     ) (  29.742382419623560     ,  59.979845431086382     )
 (  9.0132926018535564E-002, 0.25026671276603402     ) (  1.9061993779558849E-008,  2.6488363505934247E-008) (  1.9063266802438359E-008,  2.6488486511200330E-008) (-0.27878815369442156     ,-0.34815941839969572     )
   6.1018900000000000        1.2500000000000000     
 (  29.862839269964084     ,  61.387621599272528     ) (  29.807785351723979     ,  61.429733528702045     )
 (  6.1997857746318906E-002, 0.14681170915602562     ) (  1.5109010466901326E-008,  2.0298354377507458E-008) (  1.5110605911054902E-008,  2.0298513562926320E-008) (-0.21483365292759266     ,-0.30455860536209384     )
   6.1518850000000000        1.2500000000000000     
 (  29.913726819301129     ,  62.862082101466605     ) (  29.859229095340886     ,  62.898575052099474     )
 (  5.5860511132484920E-002,  1.9893633353779177E-002) (  1.2135916297540647E-008,  1.1406983978244059E-008) (  1.2137908712387081E-008,  1.1407186650384083E-008) (-0.15385706657249199     ,-0.22457047972684868     )
   6.2018800000000001        1.2500000000000000     
 (  29.942965040505598     ,  64.354339744789783     ) (  29.892177650421949     ,  64.386958878085352     )
 (  7.7712327046610949E-002,-0.11758903405719118     ) (  1.0889053527353112E-008,  6.9682072196233823E-010) (  1.0891538043970689E-008,  6.9707470932780640E-010) (-0.10645386416926834     ,-0.11493091175736714     )
   6.2518750000000001        1.2500000000000000     
 (  29.947974368645156     ,  65.860551978884374     ) (  29.902458710616902     ,  65.892668731958665     )
 ( 0.12920284331199244     ,-0.25043983804120606     ) (  1.1794024477661424E-008, -1.0682046156122113E-008) (  1.1797115272020348E-008, -1.0681732335803658E-008) ( -8.0996673495501631E-002,  1.3642278094578382E-002)
   6.3018700000000001        1.2500000000000000     
 (  29.928939956028891     ,  67.376168889047989     ) (  29.887932244594687     ,  67.411512312554080     )
 ( 0.20692576677142710     ,-0.36308969651163364     ) (  1.4890314332209962E-008, -2.1472624431313146E-008) (  1.4894156090215333E-008, -2.1472241001451906E-008) ( -8.2211563881630340E-002, 0.14755950314854621     )
   6.3518650000000001        1.2500000000000000     
 (  29.888669897904538     ,  68.897884392876875     ) (  29.849285652257361     ,  68.939041733328096     )
 ( 0.30260292780909748     ,-0.44173294056538992     ) (  1.9841748478690829E-008, -3.0470079952180894E-008) (  1.9846518518667332E-008, -3.0469614373812809E-008) (-0.11030202604782896     , 0.27209282729794199     )
   6.4018600000000001        1.2500000000000000     
 (  29.831210132987380     ,  70.425077003287299     ) (  29.789557130779134     ,  70.472412822912773     )
 ( 0.40409905349679853     ,-0.47614584621053013     ) (  2.5995767779065606E-008, -3.6643403033206754E-008) (  2.5994389525930307E-008, -3.6643530208077967E-008) (-0.16094034196789500     , 0.37332584734126284     )
   6.4518550000000001        1.2500000000000000     
 (  29.759882609126361     ,  71.960085736530644     ) (  29.712559463456547     ,  72.011541329779007     )
 ( 0.49703616260859357     ,-0.46084911980177151     ) (  3.2439951620673145E-008, -3.9224436115183320E-008) (  3.2438229894829467E-008, -3.9224607354393582E-008) (-0.22591782482119352     , 0.43983230810014851     )
   6.5018500000000001        1.2500000000000000     
 (  29.675419692546804     ,  73.507128264842990     ) (  29.620925681982243     ,  73.558991706704191     )
 ( 0.56629203793707406     ,-0.39565528121675625     ) (  3.8087508421933090E-008, -3.7782948346181279E-008) (  3.8085364306230829E-008, -3.7783174633488163E-008) (-0.29441091325608221     , 0.46376724005738945     )
   6.5518450000000001        1.2500000000000000     
 (  29.575229771960966     ,  75.070297769373468     ) (  29.514614143784989     ,  75.118657241488407     )
 ( 0.59761071186995929     ,-0.28579026946177183     ) (  4.1758067378148430E-008, -3.2308168532209920E-008) (  4.1755407109285640E-008, -3.2308462635749124E-008) (-0.35407475516164538     , 0.44150363798064157     )
   6.6018400000000002        1.2500000000000000     
 (  29.454022712051650     ,  76.651394457271479     ) (  29.390542483481820     ,  76.693750022731862     )
 ( 0.57912276710233290     ,-0.14173205575138711     ) (  4.2318870937381989E-008, -2.3270459068674963E-008) (  4.2315580533640781E-008, -2.3270835486893412E-008) (-0.39217706474734648     , 0.37402141057217358     )
   6.6518350000000002        1.2500000000000000     
 (  29.305730910996278     ,  78.248515384576905     ) (  29.243562146833341     ,  78.284912295718158     )
 ( 0.50300307849820158     ,  2.1344553587571469E-002) (  3.8868875837406694E-008, -1.1620484656740209E-008) (  3.8864815070461860E-008, -1.1620957404523781E-008) (-0.39683682414142979     , 0.26719779811578165     )
   6.7018300000000002        1.2500000000000000     
 (  29.126047742602328     ,  79.856119716877743     ) (  29.068485239826273     ,  79.889258858451882     )
 ( 0.36711855217006600     , 0.18484063405508985     ) (  3.0919929766464479E-008,  1.3100941439726555E-009) (  3.0914927792536147E-008,  1.3095094844082663E-009) (-0.35857548331144085     , 0.13178027756754848     )
   6.7518250000000002        1.2500000000000000     
 (  28.914510606313129     ,  81.466733200229356     ) (  28.862416556694143     ,  81.500892619508861     )
 ( 0.17620606802398733     , 0.32882790005389761     ) (  1.8511392409813732E-008,  1.3992339123209371E-008) (  1.8505238668542451E-008,  1.3991628790022732E-008) (-0.27207503970378460     , -1.7331372726532037E-002)
   6.8018200000000002        1.2500000000000000     
 (  28.675110487849150     ,  83.073721532186752     ) (  28.626384072173717     ,  83.112860747140118     )
 ( -5.7923197683514942E-002, 0.43470031549974192     ) (  2.2165642330550022E-009,  2.4907979508488960E-008) (  2.2183850171369360E-009,  2.4908140408128421E-008) (-0.13763326180024682     ,-0.16272482273837804     )
   6.8518150000000002        1.2500000000000000     
 (  28.415083768164759     ,  84.673997394894485     ) (  28.365413715779344     ,  84.719879961857330     )
 (-0.31750843298788717     , 0.48769633403255741     ) ( -1.6914242058097817E-008,  3.2721328597901325E-008) ( -1.6911976113184508E-008,  3.2721547890979476E-008) (  3.8127164775994343E-002,-0.28681862140050057     )
   6.9018100000000002        1.2500000000000000     
 (  28.142080964823517     ,  86.269411710733209     ) (  28.086839442044404     ,  86.320627238166125     )
 (-0.58060709344742267     , 0.47873009067122807     ) ( -3.7475523856567561E-008,  3.6386710402206217E-008) ( -3.7472712840734055E-008,  3.6387005862440303E-008) ( 0.24293586620288432     ,-0.37421599502036995     )
   6.9518050000000002        1.2500000000000000     
 (  27.861086678480735     ,  87.866228733111299     ) (  27.797421521462926     ,  87.918578168119453     )
 (-0.82339625168500097     , 0.40528955151616136     ) ( -5.7783154837152921E-008,  3.5231125161803803E-008) ( -5.7779682151497808E-008,  3.5231518435696291E-008) ( 0.46018032242239282     ,-0.41351151642800427     )
   7.0018000000000011        1.2500000000000000     
 (  27.572140136093875     ,  89.472758314383896     ) (  27.500451497162185     ,  89.520888702567419     )
 ( -1.0222323647081992     , 0.27168111040370840     ) ( -7.5969811566462112E-008,  2.9044075348369880E-008) ( -7.5965535521581542E-008,  2.9044589726756510E-008) ( 0.67062342548100828     ,-0.39829794891708348     )
   7.0517949999999994        1.2500000000000000     
 (  27.269872720327520     ,  91.096000845588435     ) (  27.194012911078936     ,  91.135696642749380     )
 ( -1.1556013021853728     ,  8.8962880870757738E-002) ( -9.0126255689910249E-008,  1.8181242744354356E-008) ( -9.0121012544687866E-008,  1.8181904586839890E-008) ( 0.85398017304120577     ,-0.32767768763074895     )
   7.1017899999999994        1.2500000000000000     
 (  26.945171043306022     ,  92.738539898972860     ) (  26.871160805584939     ,  92.768780532456276     )
 ( -1.2062078345024225     ,-0.12541348903927041     ) ( -9.8520430734486988E-008,  3.6243112249521164E-009) ( -9.8514014715428091E-008,  3.6251480956699256E-009) ( 0.99043285272018511     ,-0.20660681485909690     )
   7.1517849999999994        1.2500000000000000     
 (  26.588498924516948     ,  94.396950489767960     ) (  26.522096599576749     ,  94.420835560756629     )
 ( -1.1632983414346294     ,-0.34861639883538670     ) ( -9.9865229801299638E-008, -1.3069927610630613E-008) ( -9.9857401588297500E-008, -1.3068888886842414E-008) (  1.0624049732263121     , -4.6127195868752177E-002)
   7.2017799999999994        1.2500000000000000     
 (  26.193675657577774     ,  96.062540269772086     ) (  26.137708136382489     ,  96.086465857247788     )
 ( -1.0248294705513084     ,-0.55455493423177293     ) ( -9.3545630578734312E-008, -2.9962064974626861E-008) ( -9.3536092850221471E-008, -2.9960796938910016E-008) (  1.0567867638376482     , 0.13695359021257428     )
   7.2517749999999994        1.2500000000000000     
 (  25.760514011354250     ,  97.724340822927687     ) (  25.713211588547033     ,  97.755537114976917     )
 (-0.79871867347882741     ,-0.71710279637262708     ) ( -7.9710829540342335E-008, -4.5009870251807141E-008) ( -7.9713736561405235E-008, -4.5010131667981117E-008) ( 0.96723347734469800     , 0.32145378850767065     )
   7.3017699999999994        1.2500000000000000     
 (  25.295188422178995     ,  99.373239994214842     ) (  25.250358709435773     ,  99.416618210445520     )
 (-0.50229398011799398     ,-0.81372647120907871     ) ( -5.9250086247953614E-008, -5.6338137412047970E-008) ( -5.9253684052780278E-008, -5.6338495189964642E-008) ( 0.79594433624947569     , 0.48445054249612624     )
   7.3517649999999994        1.2500000000000000     
 (  24.807789292882273     ,  101.00544728986002     ) (  24.757124011504484     ,  101.06119125127074     )
 (-0.16047307301276081     ,-0.82856203421888819     ) ( -3.3625141538296122E-008, -6.2413352336978596E-008) ( -3.3629576715227541E-008, -6.2413836621089893E-008) ( 0.55364380505237476     , 0.60448196654242048     )
   7.4017599999999995        1.2500000000000000     
 (  24.308384367831636     ,  102.62389294511314     ) (  24.244799098366535     ,  102.68692797849138     )
 ( 0.19727881523798307     ,-0.75413719051451888     ) ( -4.7590155654807908E-009, -6.2144493769283693E-008) ( -4.7644601035199636E-009, -6.2145142955794523E-008) ( 0.25836453796420433     , 0.66440615993773822     )
   7.4517549999999995        1.2500000000000000     
 (  23.802932479843268     ,  104.23689426434517     ) (  23.723633709985943     ,  104.29854290074030     )
 ( 0.53984202077927956     ,-0.59186644723744208     ) (  2.5073270426677547E-008, -5.4962317480527096E-008) (  2.5066613529964429E-008, -5.4963174581821892E-008) ( -6.6801855232135013E-002, 0.65312992286249483     )
   7.5017499999999995        1.2500000000000000     
 (  23.290785313715499     ,  105.85462260601392     ) (  23.198789472234420     ,  105.90585307009502     )
 ( 0.83694867504378523     ,-0.35184755733349726     ) (  5.3363477897717224E-008, -4.0932360388593339E-008) (  5.3355369388934361E-008, -4.0933474018277057E-008) (-0.39591159038342127     , 0.56625285942012926     )
   7.5517449999999995        1.2500000000000000     
 (  22.764784886378099     ,  107.48468408954191     ) (  22.668211147386288     ,  107.51975796638750     )
 (  1.0614936478873136     , -5.2439506571535920E-002) (  7.7573772876248699E-008, -2.0873907861816652E-008) (  7.7563932817288456E-008, -2.0875325176375835E-008) (-0.70195231813045011     , 0.40624779806321065     )
   7.6017399999999995        1.2500000000000000     
 (  22.214075386099346     ,  109.12853866356262     ) (  22.123288414186693     ,  109.14766561543863     )
 (  1.1921021434804482     , 0.28048396581255103     ) (  9.5445398336637767E-008,  3.6053265861611833E-009) (  9.5433487750879261E-008,  3.6035548753866614E-009) (-0.95849740935154071     , 0.18270708687665010     )
   7.6517349999999995        1.2500000000000000     
 (  21.628653890127044     ,  110.78030115602851     ) (  21.552192093923054     ,  110.79009088825494     )
 (  1.2160187318802853     , 0.61523749069571732     ) (  1.0532802232569988E-007,  3.0243286710358411E-008) (  1.0533165445296128E-007,  3.0243584514650690E-008) ( -1.1417916114809550     , -8.7409842853161987E-002)
   7.7017299999999995        1.2500000000000000     
 (  21.003973904382168     ,  112.42873431492667     ) (  20.944750966126101     ,  112.43994339729028     )
 (  1.1313641250537079     , 0.91744510273184054     ) (  1.0644598141193107E-007,  5.6430130629034266E-008) (  1.0645047119915456E-007,  5.6430538333632768E-008) ( -1.2337611420460268     ,-0.38028464412418012     )
   7.7517249999999995        1.2500000000000000     
 (  20.343183250758809     ,  114.06169493591415     ) (  20.296930784412883     ,  114.08496663459509     )
 ( 0.94826878471228393     ,  1.1544177829840572     ) (  9.8900312033503845E-008,  7.9562945747664926E-008) (  9.8905842776957271E-008,  7.9563503791954518E-008) ( -1.2247344956066066     ,-0.66719365747077608     )
   7.8017199999999995        1.2500000000000000     
 (  19.656237164712607     ,  115.67128086156525     ) (  19.612901186044866     ,  115.71265094800189     )
 ( 0.68747424614027819     ,  1.2995271326747821     ) (  8.3581817380016049E-008,  9.7331910069003266E-008) (  8.3588600523873705E-008,  9.7332668977292866E-008) ( -1.1155018012242419     ,-0.91803886527719658     )
   7.8517150000000004        1.2500000000000000     
 (  18.955847372758871     ,  117.25727138982536     ) (  18.903551964518016     ,  117.31546685160376     )
 ( 0.37737177886839585     ,  1.3353782667049374     ) (  6.2004273367957572E-008,  1.0787417120122802E-007) (  6.2012561389259956E-008,  1.0787519413541183E-007) (-0.91722111435984321     , -1.1054463745742580     )
   7.9017100000000005        1.2500000000000000     
 (  18.252115678469753     ,  118.82736898692599     ) (  18.181986534707011     ,  118.89408984980544     )
 (  5.0413238194087960E-002,  1.2552004884604371     ) (  3.6191358961486744E-008,  1.0985884377896218E-007) (  3.6201437354635084E-008,  1.0986020496594473E-007) (-0.64950703676980570     , -1.2080948580331761     )
   7.9517050000000005        1.2500000000000000     
 (  17.548055730553216     ,  120.39407936697329     ) (  17.457933371467572     ,  120.45713191912411     )
 (-0.26006155080119298     ,  1.0628912213472148     ) (  8.5968857050593484E-009,  1.0260379070929986E-007) (  8.6090906255414219E-009,  1.0260557614575496E-007) (-0.33769403017347255     , -1.2125161417403532     )
   8.0016999999999996        1.2500000000000000     
 (  16.837843786560541     ,  121.96940502639441     ) (  16.733447571281243     ,  122.01748813833152     )
 (-0.52240597597482197     , 0.77258919681272598     ) ( -1.8037839211636113E-008,  8.6249449793735511E-008) ( -1.8023120235308066E-008,  8.6251747977811121E-008) ( -1.0352333603220165E-002, -1.1136459879028491     )
   8.0516949999999987        1.2500000000000000     
 (  16.108610529645890     ,  123.55934611167757     ) (  16.001656134707694     ,  123.58673764599341     )
 (-0.70927306886550445     , 0.40814403515159264     ) ( -4.0962445849841245E-008,  6.1912692168719819E-008) ( -4.0966875933512730E-008,  6.1912356573212778E-008) ( 0.30258437774084623     ,-0.91500964334219481     )
   8.1016899999999996        1.2500000000000000     
 (  15.345536812417034     ,  125.16046560603763     ) (  15.249154009096332     ,  125.16979406036327     )
 (-0.80050868893714844     ,  2.0808200526622697E-003) ( -5.7868496654648371E-008,  3.1667501652052632E-008) ( -5.7873967551288117E-008,  3.1667051191440896E-008) ( 0.57194134358820259     ,-0.62905397376982553     )
   8.1516849999999987        1.2500000000000000     
 (  14.538071609624058     ,  126.76013158455920     ) (  14.461326743884495     ,  126.76184697299669     )
 (-0.78674080165781812     ,-0.40699642815887016     ) ( -6.7219955025942129E-008, -1.7040232945235499E-009) ( -6.7226689694779457E-008, -1.7046348712637909E-009) ( 0.77171737255733996     ,-0.27738722239223401     )
   8.2016799999999996        1.2500000000000000     
 (  13.685145869231448     ,  128.34089370307899     ) (  13.628762258144356     ,  128.34922870931632     )
 (-0.67154298589946260     ,-0.77881639891425636     ) ( -6.8473737375347927E-008, -3.5146239180424572E-008) ( -6.8481997194486738E-008, -3.5147073992482676E-008) ( 0.88275228842393993     , 0.11023053859961846     )
   8.2516749999999988        1.2500000000000000     
 (  12.796526518083592     ,  129.88732338237406     ) (  12.752054341881326     ,  129.91423596398926     )
 (-0.47148673027004379     , -1.0769421583621799     ) ( -6.2006098647319669E-008, -6.5741131860294656E-008) ( -6.2016194055404167E-008, -6.5742270535708298E-008) ( 0.89596514010889516     , 0.49884199916374944     )
   8.3016699999999997        1.2500000000000000     
 (  11.889580678197502     ,  131.39242407790420     ) (  11.842640445667094     ,  131.44222572428907     )
 (-0.21349882487665642     , -1.2736228604171516     ) ( -4.8908580257705238E-008, -9.0955971093240233E-008) ( -4.8920863407661702E-008, -9.0957514290833299E-008) ( 0.81390260631249201     , 0.85287801245947337     )
   8.3516649999999988        1.2500000000000000     
 (  10.982687899267088     ,  132.86077313609275     ) (  10.918923906321425     ,  132.92792172819728     )
 (  6.9371934816589056E-002, -1.3525757820868034     ) ( -3.0816257733447049E-008, -1.0873658383460422E-007) ( -3.0831139497261757E-008, -1.0873865579152959E-007) ( 0.64978593786349959     ,  1.1408666373418006     )
   8.4016599999999997        1.2500000000000000     
 (  10.088004970710083     ,  134.30704441343525     ) (  9.9991703332018549     ,  134.37805072633580     )
 ( 0.34215106103017279     , -1.3095783651931530     ) ( -9.8365356235402829E-009, -1.1757910683760777E-007) ( -9.8544702412321836E-009, -1.1758184976462479E-007) ( 0.42470366626833767     ,  1.3386336364964584     )
   8.4516549999999988        1.2500000000000000     
 (  9.2064505538554258     ,  135.75047379880277     ) (  9.0941711661687172     ,  135.80908859933791     )
 ( 0.57115244482792893     , -1.1518775794895877     ) (  1.1505989778971949E-008, -1.1669909347254370E-007) (  1.1484472477722000E-008, -1.1670266161679532E-007) ( 0.16450230226293563     ,  1.4305657412256210     )
   8.5016499999999997        1.2500000000000000     
 (  8.3268167143609713     ,  137.20724568674544     ) (  8.2026338610375387     ,  137.24101123040995     )
 ( 0.72656188047303349     ,-0.89749461407439357     ) (  3.0445772749521582E-008, -1.0627488917972678E-007) (  3.0452292199207327E-008, -1.0627438337193369E-007) (-0.10241326393593460     ,  1.4097652298459671     )
   8.5516450000000006        1.2500000000000000     
 (  7.4298109500436365     ,  138.68367178644289     ) (  7.3111204309986793     ,  138.68943656765745     )
 ( 0.78496951186722108     ,-0.57459031656458071     ) (  4.4428478993160093E-008, -8.7590533981611415E-008) (  4.4436495790169035E-008, -8.7589868521304511E-008) (-0.34687621949114400     ,  1.2782774733774913     )
   8.6016399999999980        1.2500000000000000     
 (  6.4953408285130756     ,  140.17275681233411     ) (  6.3986514617480372     ,  140.15891810538653     )
 ( 0.73324231310450216     ,-0.21976152387526265     ) (  5.1524980545633200E-008, -6.2933176050576061E-008) (  5.1534813508933964E-008, -6.2932284606409292E-008) (-0.54046846821208594     ,  1.0479579172417777     )
   8.6516349999999989        1.2500000000000000     
 (  5.5110172157182546     ,  141.65615525778725     ) (  5.4446986155239943     ,  141.64015038666557     )
 ( 0.57169682198345273     , 0.12564810941739291     ) (  5.0841390554757178E-008, -3.5175280250251198E-008) (  5.0853412759108219E-008, -3.5174071341847549E-008) (-0.65891906126936006     , 0.74093878018046377     )
   8.7016299999999980        1.2500000000000000     
 (  4.4777483005960237     ,  143.11101874964513     ) (  4.4376632603280299     ,  143.11252895377083     )
 ( 0.31565669680495190     , 0.42138601463194186     ) (  4.2551968474694634E-008, -7.2565137441344124E-009) (  4.2566615989214898E-008, -7.2548664795647337E-009) (-0.68621044561070865     , 0.38833448681146865     )
   8.7516249999999989        1.2500000000000000     
 (  3.4099486725015549     ,  144.51907092327602     ) (  3.3803337730207619     ,  144.55163616521850     )
 ( -6.2768524625509796E-003, 0.63453004503323707     ) (  2.7674860923788654E-008,  1.8191381687957446E-008) (  2.7692631333560556E-008,  1.8193625661605511E-008) (-0.61806011102587288     ,  2.6343088502581304E-002)
   8.8016199999999980        1.2500000000000000     
 (  2.3300738388783699     ,  145.87393799298064     ) (  2.2896067339505524     ,  145.93883427105899     )
 (-0.35676787068574356     , 0.74395737592313804     ) (  7.8038179005743940E-009,  3.8972905869034576E-008) (  7.8252767335427838E-009,  3.8975935926529994E-008) (-0.46285799159033592     ,-0.30930159907295474     )
   8.8516149999999989        1.2500000000000000     
 (  1.2598285612289599     ,  147.18364526274075     ) (  1.1902491697770874     ,  147.26879558529569     )
 (-0.69519248574037151     , 0.74188429109380094     ) ( -1.5018999555491486E-008,  5.3336965453806943E-008) ( -1.4993215160062469E-008,  5.3341015285655438E-008) (-0.23954941146072195     ,-0.58833854096395988     )
   8.9016099999999980        1.2500000000000000     
 ( 0.21162056345531829     ,  148.46733405604724     ) ( 0.10531078535743667     ,  148.55164059710336     )
 (-0.98216247236529941     , 0.63316188271744067     ) ( -3.8287035915754238E-008,  6.0072578334612467E-008) ( -3.8294665558100912E-008,  6.0071970478824106E-008) (  2.6065827837343639E-002,-0.78873716087571399     )
   8.9516049999999989        1.2500000000000000     
 (-0.81622291689552173     ,  149.74761836458498     ) (-0.95276021199964844     ,  149.80894890024825     )
 ( -1.1822384625518567     , 0.43405619248415461     ) ( -5.9165953568530298E-008,  5.8763493617748861E-008) ( -5.9175311438923264E-008,  5.8762736788272780E-008) ( 0.30503222476052622     ,-0.89717904973649754     )
   9.0015999999999980        1.2500000000000000     
 ( -1.8391602119390111     ,  151.04122937497939     ) ( -1.9869489843553538     ,  151.06520765488648     )
 ( -1.2668924028625377     , 0.17132996691252911     ) ( -7.4717522046234758E-008,  5.0102604362368644E-008) ( -7.4728983796503764E-008,  5.0101636593061603E-008) ( 0.56690486258684791     ,-0.90887903086010335     )
   9.0515949999999989        1.2500000000000000     
 ( -2.8801394357182222     ,  152.35167059755886     ) ( -3.0145729022456558     ,  152.33807501733889     )
 ( -1.2176449114458483     ,-0.11872541753258967     ) ( -8.2528101015381105E-008,  3.5958207294135341E-008) ( -8.2542112755678308E-008,  3.5956936234277708E-008) ( 0.78142168081815455     ,-0.82798677039737945     )
   9.1015899999999981        1.2500000000000000     
 ( -3.9599215337020421     ,  153.66697233636785     ) ( -4.0605603679603348     ,  153.63089758253022     )
 ( -1.0303259364311974     ,-0.39310187481232722     ) ( -8.1259635141637727E-008,  1.9049800150791533E-008) ( -8.1276720715755477E-008,  1.9048097089705333E-008) ( 0.92074470913705231     ,-0.66869994471903549     )
   9.1515849999999990        1.2500000000000000     
 ( -5.0877114826120220     ,  154.96406528614813     ) ( -5.1472429560175552     ,  154.93058710408133     )
 (-0.71827850649225822     ,-0.60775648935230475     ) ( -7.0893005086554383E-008,  2.3253202771043182E-009) ( -7.0913770541373070E-008,  2.3230116180994252E-009) ( 0.96348230993112349     ,-0.45552308444766276     )
   9.2015799999999981        1.2500000000000000     
 ( -6.2564585050924642     ,  156.21831599846220     ) ( -6.2845445051134714     ,  156.21229558890207     )
 (-0.31219016230473634     ,-0.72518116332841054     ) ( -5.2535946382514981E-008, -1.1620680427742087E-008) ( -5.2561090530721641E-008, -1.1623824950495835E-008) ( 0.89942805495002232     ,-0.22084914511708251     )
   9.2515749999999990        1.2500000000000000     
 ( -7.4452040697991757     ,  157.41405000383477     ) ( -7.4649741951648876     ,  157.44952986521318     )
 ( 0.14427848337110208     ,-0.72108880880848358     ) ( -2.8011227265027806E-008, -2.0800756019964385E-008) ( -2.8041528172478181E-008, -2.0805028227869110E-008) ( 0.73256522804158752     ,  4.5712520144941098E-004)
   9.3015699999999981        1.2500000000000000     
 ( -8.6275356465647874     ,  158.55133484183401     ) ( -8.6661237651936478     ,  158.62542750483354     )
 ( 0.60149991264971492     ,-0.58765074835197662     ) (  4.1844645242492597E-010, -2.3791426353110292E-008) (  4.2725689292390871E-010, -2.3790628228982954E-008) ( 0.48045073859192938     , 0.17750611021764351     )
   9.3515649999999990        1.2500000000000000     
 ( -9.7821829408923779     ,  159.64626550811863     ) ( -9.8597387439713309     ,  159.74009693375748     )
 (  1.0101361127586372     ,-0.33304153050537239     ) (  3.0169494707974584E-008, -1.9650364832557009E-008) (  3.0180249270213224E-008, -1.9649425108203015E-008) ( 0.16988391646219925     , 0.28791900086289540     )
   9.4015599999999999        1.2500000000000000     
 ( -10.902077644811357     ,  160.72461094939328     ) ( -11.023407484302696     ,  160.81066699708583     )
 (  1.3259395459487564     ,  2.1024348666512527E-002) (  5.8167905552310925E-008, -8.0841864255598822E-009) (  5.8181032188214169E-008, -8.0830556014562265E-009) (-0.16753921087594217     , 0.31912141704484770     )
   9.4515549999999990        1.2500000000000000     
 ( -11.997596181088300     ,  161.81142763869400     ) ( -12.149781606695765     ,  161.86436198841528     )
 (  1.5120788345008820     , 0.44132488047954849     ) (  8.1073511066229336E-008,  1.0199098184161146E-008) (  8.1089531976709840E-008,  1.0200498971100393E-008) (-0.49900569533537975     , 0.26732861253150436     )
   9.5015499999999999        1.2500000000000000     
 ( -13.093073213688381     ,  162.92027567982234     ) ( -13.249887206042674     ,  162.92737813382104     )
 (  1.5419711702994487     , 0.88432481668164575     ) (  9.5786403952645939E-008,  3.3202516183128398E-008) (  9.5805932958620984E-008,  3.3204305285854898E-008) (-0.79171903227995943     , 0.13665830660634623     )
   9.5515449999999991        1.2500000000000000     
 ( -14.217100188487073     ,  164.04642469989878     ) ( -14.349210220699250     ,  164.01375818354609     )
 (  1.4035227949725824     ,  1.2980510065246855     ) (  1.0018738025360011E-007,  5.7773296138648380E-008) (  1.0021113168500118E-007,  5.7775647215130597E-008) ( -1.0138720907449881     , -6.0156729843379941E-002)
   9.6015400000000000        1.2500000000000000     
 ( -15.390111064299131     ,  165.16743414319055     ) ( -15.477590792857274     ,  165.11844165924387     )
 (  1.1038777991104416     ,  1.6268987527410150     ) (  9.3677710075692327E-008,  8.0237333854336167E-008) (  9.3706534880488390E-008,  8.0240483333097719E-008) ( -1.1374489687330749     ,-0.30022930277648285     )
   9.6515349999999991        1.2500000000000000     
 ( -16.614630672450243     ,  166.25166247062657     ) ( -16.656338921671548     ,  166.21779734079107     )
 ( 0.67171356653136238     ,  1.8198971878524983     ) (  7.7175654162381382E-008,  9.7222112005833798E-008) (  7.7210495922881542E-008,  9.7226391787288725E-008) ( -1.1434094945997078     ,-0.55062454251994619     )
   9.7015300000000000        1.2500000000000000     
 ( -17.872952125268505     ,  167.27135459479837     ) ( -17.887843780682491     ,  167.27841595034889     )
 ( 0.15447680857336832     ,  1.8399927304596775     ) (  5.2637789995347603E-008,  1.0618599341535666E-007) (  5.2679726509518797E-008,  1.0619182387267663E-007) ( -1.0271830638631465     ,-0.77230372016961912     )
   9.7515249999999991        1.2500000000000000     
 ( -19.133611112874949     ,  168.21442202956302     ) ( -19.152862284883085     ,  168.27105324113649     )
 (-0.38922132365277140     ,  1.6704574637599088     ) (  2.2569937096124147E-008,  1.0546215217228480E-007) (  2.2557691564775483E-008,  1.0546088210284457E-007) (-0.80117538628908791     ,-0.92746688676395250     )
   9.8015200000000000        1.2500000000000000     
 ( -20.363441066503707     ,  169.08986509165965     ) ( -20.417348010200541     ,  169.18358377941453     )
 (-0.89821425873439886     ,  1.3162784680868100     ) ( -1.0275421770286233E-008,  9.4039555866140529E-008) ( -1.0290279312859773E-008,  9.4038097400435679E-008) (-0.49183283987398052     ,-0.98694455654706581     )
   9.8515149999999991        1.2500000000000000     
 ( -21.540899980944715     ,  169.92461359618466     ) ( -21.646090472478352     ,  170.02674519371493     )
 ( -1.3162936770245461     , 0.80137703978079855     ) ( -4.2627000517194197E-008,  7.1561935524854058E-008) ( -4.2645050517112594E-008,  7.1560235137100560E-008) (-0.13427281924718498     ,-0.93432194485618825     )
   9.9015100000000000        1.2500000000000000     
 ( -22.664590878681256     ,  170.75341396000414     ) ( -22.816902711379878     ,  170.83042554064011     )
 ( -1.5956510339769410     , 0.16505073963708336     ) ( -7.0744996112827344E-008,  3.8652354033547635E-008) ( -7.0766938653403122E-008,  3.8650322581262717E-008) ( 0.23383285704643136     ,-0.76573097893556896     )
   9.9515049999999992        1.2500000000000000     
 ( -23.754511757904229     ,  171.60518254020042     ) ( -23.929730357911062     ,  171.63218169717996     )
 ( -1.6993919823778769     ,-0.54032787464727716     ) ( -9.0773223034325669E-008, -2.5994970876781748E-009) ( -9.0799887537057223E-008, -2.6020061512632460E-009) ( 0.57524471153738999     ,-0.48773890003284687     )
   10.001500000000000        1.2500000000000000     
 ( -24.844727879412986     ,  172.49084066636786     ) ( -25.007329894008457     ,  172.46254768715988     )
 ( -1.6052048414188134     , -1.2508225136200031     ) ( -9.9577144666485107E-008, -4.8474846457427100E-008) ( -9.9609506644675384E-008, -4.8478048800676576E-008) ( 0.85399408616149441     ,-0.11623391162556536     )
   10.051494999999999        1.2500000000000000     
 ( -25.969614165318955     ,  173.39776633271552     ) ( -26.087121556610605     ,  173.33236402466937     )
 ( -1.3109498981912384     , -1.8944712781676840     ) ( -9.5637358703892902E-008, -9.4133328534589782E-008) ( -9.5676564511416203E-008, -9.4137546088863192E-008) (  1.0365991677939981     , 0.32254834744908217     )
   10.101490000000000        1.2500000000000000     
 ( -27.148988631103709     ,  174.29405458628224     ) ( -27.206559155083838     ,  174.22702889762661     )
 (-0.83961540944301283     , -2.3992677360649446     ) ( -7.9411017494458068E-008, -1.3464724020580897E-007) ( -7.9458364580413160E-008, -1.3465291687372022E-007) (  1.0960762784276390     , 0.79063649071381104     )
   10.151484999999999        1.2500000000000000     
 ( -28.378951356162354     ,  175.14151223326647     ) ( -28.387166035808470     ,  175.11088439458638     )
 (-0.23949431800514992     , -2.7046441228050222     ) ( -5.2933805076725717E-008, -1.6595129973803916E-007) ( -5.2990757482095102E-008, -1.6595901735262897E-007) (  1.0184391073693393     ,  1.2399521649147098     )
   10.201479999999998        1.2500000000000000     
 ( -29.633003528256410     ,  175.91162110805985     ) ( -29.624180724464452     ,  175.94115639485929     )
 ( 0.42255629560609259     , -2.7720314364755350     ) ( -1.9090721333585519E-008, -1.8518187255317330E-007) ( -1.9073996274845149E-008, -1.8517985948967407E-007) ( 0.80838980506181168     ,  1.6188836192396652     )
   10.251474999999999        1.2500000000000000     
 ( -30.872453315922080     ,  176.59738775835217     ) ( -30.887220161000908     ,  176.68596207925245     )
 (  1.0716589264264968     , -2.5900303143617065     ) (  1.9037347900240492E-008, -1.9042315266730424E-007) (  1.9057519168632828E-008, -1.9042088367268787E-007) ( 0.48937425942280283     ,  1.8817920902183281     )
   10.301469999999998        1.2500000000000000     
 ( -32.062197773522662     ,  177.21598813512287     ) ( -32.132384268357086     ,  177.33787286273270     )
 (  1.6361306249902920     , -2.1729248324219888     ) (  5.7926941224896688E-008, -1.8047554362134442E-007) (  5.7951313667694941E-008, -1.8047296916582210E-007) (  9.8990222682856829E-002,  1.9969265536636907     )
   10.351464999999999        1.2500000000000000     
 ( -33.184265583351667     ,  177.80200914747078     ) ( -33.319970184473910     ,  177.91706389239494     )
 (  2.0534988436394981     , -1.5559860127743796     ) (  9.3503978279860348E-008, -1.5501612599532726E-007) (  9.3533471721644313E-008, -1.5501315300540284E-007) (-0.31930779999817743     ,  1.9489733274664380     )
   10.401459999999998        1.2500000000000000     
 ( -34.245100590064382     ,  178.39377230788804     ) ( -34.430135595633807     ,  178.46308200096396     )
 (  2.2735107050270980     ,-0.79135648961584304     ) (  1.2120047070548671E-007, -1.1520945136579345E-007) (  1.2123619692517183E-007, -1.1520591687331398E-007) (-0.72195269722678079     ,  1.7370850797376176     )
   10.451454999999999        1.2500000000000000     
 ( -35.273356429703561     ,  179.01767895614390     ) ( -35.470495693523986     ,  179.01923171223314     )
 (  2.2607609022672670     ,  5.3860290550636014E-002) (  1.3670161036644113E-007, -6.4247672859092812E-008) (  1.3674487844580726E-007, -6.4243314331130341E-008) ( -1.0672572187388023     ,  1.3720307986712179     )
   10.501449999999998        1.2500000000000000     
 ( -36.308294240259421     ,  179.67651173524382     ) ( -36.473250127502638     ,  179.61545264378680     )
 (  1.9998821358806511     , 0.89959663482892038     ) (  1.3711633386405972E-007, -7.2107849111299924E-009) (  1.3716866761297261E-007, -7.2051996092955023E-009) ( -1.3154757627589495     , 0.87578907961695229     )
   10.551444999999999        1.2500000000000000     
 ( -37.382705386793695     ,  180.34727000279409     ) ( -37.482643024534198     ,  180.25573522891338     )
 (  1.5024549721819378     ,  1.6588736550435081     ) (  1.2184837066095152E-007,  4.9946284462186791E-008) (  1.2191152843590483E-007,  4.9953664334531001E-008) ( -1.4306687190581342     , 0.28370162592406367     )
   10.601439999999998        1.2500000000000000     
 ( -38.507821712845924     ,  180.99057144439766     ) ( -38.536623877373216     ,  180.91523930771982     )
 ( 0.81090735536619107     ,  2.2495383042671975     ) (  9.2580749303022824E-008,  1.0174571009060994E-007) (  9.2561889020893708E-008,  1.0174290540858496E-007) ( -1.3867369621135075     ,-0.35413433098824620     )
   10.651434999999999        1.2500000000000000     
 ( -39.667276570190161     ,  181.56797340376039     ) ( -39.649637589942166     ,  181.54976079284205     )
 ( -4.4869824333423599E-003,  2.6084727350815684     ) (  5.2226534200671024E-008,  1.4397255810170285E-007) (  5.2204012454222456E-008,  1.4396938632416550E-007) ( -1.1750578427417830     ,-0.97638135207740018     )
   10.701429999999998        1.2500000000000000     
 ( -40.824060474624495     ,  182.05878314060817     ) ( -40.804945856512695     ,  182.11459196772344     )
 (-0.85758104132360391     ,  2.7016157073782923     ) (  4.2846899996238161E-009,  1.7361823227502973E-007) (  4.2577246142713106E-009,  1.7361470114947176E-007) (-0.81047165997755510     , -1.5201361336418311     )
   10.751424999999999        1.2500000000000000     
 ( -41.935650074952399     ,  182.46910363253338     ) ( -41.960911427306911     ,  182.58458904560169     )
 ( -1.6597074387955126     ,  2.5260697350707626     ) ( -4.7534438029757169E-008,  1.8837114947787193E-007) ( -4.7566821513591139E-008,  1.8836722440519282E-007) (-0.32888278038432600     , -1.9324475107958539     )
   10.801419999999998        1.2500000000000000     
 ( -42.971423744129361     ,  182.82964313278822     ) ( -43.068728874926769     ,  182.96548491023037     )
 ( -2.3301785780303699     ,  2.1055340137199661     ) ( -9.8901019750113276E-008,  1.8651610050649610E-007) ( -9.8940014210976593E-008,  1.8651169955943235E-007) ( 0.22081542963177692     , -2.1778034044699925     )
   10.851414999999999        1.2500000000000000     
 ( -43.925297593200639     ,  183.18381407437465     ) ( -44.092963615525775     ,  183.29159183906833     )
 ( -2.8011162738365671     ,  1.4843738276376384     ) ( -1.4458891672053597E-007,  1.6753528516004444E-007) ( -1.4463596228207602E-007,  1.6753024218421653E-007) ( 0.78582237638721697     , -2.2388520392610705     )
   10.901409999999998        1.2500000000000000     
 ( -44.819129394082722     ,  183.57038480006992     ) ( -45.026057880984688     ,  183.61178350140415     )
 ( -3.0195597302904695     , 0.72439716559563427     ) ( -1.7894502928446740E-007,  1.3302740145258070E-007) ( -1.7900186251435150E-007,  1.3302142504473312E-007) (  1.3145821359077903     , -2.1130298097832028     )
   10.951404999999999        1.2500000000000000     
 ( -45.694919345396862     ,  184.00678759860421     ) ( -45.891745902821825     ,  183.96991659407567     )
 ( -2.9515089127390373     , -9.6110688494403698E-002) ( -1.9719104941128463E-007,  8.7129110500952981E-008) ( -1.9725968015548183E-007,  8.7121733925138916E-008) (  1.7575675575470946     , -1.8100717816840157     )
   11.001399999999999        1.2500000000000000     
 ( -46.597560684243113     ,  184.48005429107005     ) ( -46.736459982084874     ,  184.38664696899380     )
 ( -2.5897110477875871     ,-0.88567084803560436     ) ( -1.9686878557478944E-007,  3.5809933398261938E-008) ( -1.9695157202106914E-007,  3.5800435796908468E-008) (  2.0673471190518420     , -1.3532329973177870     )
   11.051394999999999        1.2500000000000000     
 ( -47.554766540076130     ,  184.95071709357552     ) ( -47.611059274903809     ,  184.84916893913069     )
 ( -1.9614440162118003     , -1.5496697990316146     ) ( -1.7846287720342810E-007, -1.4746539035543550E-008) ( -1.7843758477262385E-007, -1.4742200484896790E-008) (  2.2025151360575950     ,-0.78263673087643437     )
   11.101389999999999        1.2500000000000000     
 ( -48.563227334658663     ,  185.36935106021610     ) ( -48.548643578724601     ,  185.31413639461923     )
 ( -1.1304697997549320     , -2.0066594321785263     ) ( -1.4443517526358099E-007, -5.9554932992879882E-008) ( -1.4440521777046024E-007, -5.9550015160663332E-008) (  2.1356663656472405     ,-0.15582997953473079     )
   11.151384999999999        1.2500000000000000     
 ( -49.589267867432241     ,  185.69798996877006     ) ( -49.547945402387619     ,  185.72458840007502     )
 (-0.18691783835361861     , -2.2037553518114619     ) ( -9.8231653832896286E-008, -9.5184821755343352E-008) ( -9.8196067341170544E-008, -9.5179352886246431E-008) (  1.8636878581684451     , 0.45910771417527052     )
   11.201379999999999        1.2500000000000000     
 ( -50.582145044375402     ,  185.92663678697400     ) ( -50.571161084773401     ,  186.03503030693190     )
 ( 0.76844375173161172     , -2.1239181091437276     ) ( -4.3362490360460435E-008, -1.1907066191708953E-007) ( -4.3320054684160851E-008, -1.1906466008376838E-007) (  1.4105356127975746     , 0.99641948797709157     )
   11.251374999999999        1.2500000000000000     
 ( -51.494481330984151     ,  186.07774148311034     ) ( -51.558868899001226     ,  186.23244837916701     )
 (  1.6396521619139985     , -1.7829393491304082     ) (  1.6238431188000430E-008, -1.2892169554994416E-007) (  1.6289226895426316E-008, -1.2891511567115432E-007) ( 0.82153503321031174     ,  1.4049778085738405     )
   11.301369999999999        1.2500000000000000     
 ( -52.300975708987899     ,  186.19793866265852     ) ( -52.454919376316738     ,  186.34292822363224     )
 (  2.3439364879979694     , -1.2213306931391366     ) (  7.5517418946203665E-008, -1.2302146471916270E-007) (  7.5578433233780338E-008, -1.2301416924181565E-007) ( 0.15230290262586796     ,  1.6533323375714999     )
   11.351364999999999        1.2500000000000000     
 ( -53.008955400588633     ,  186.34046808272061     ) ( -53.229545093782356     ,  186.42152085918534     )
 (  2.8139104714538719     ,-0.49807795291846996     ) (  1.2823011764708889E-007, -1.0135632179142180E-007) (  1.2830355972426793E-007, -1.0134801916962588E-007) (-0.54020603354939623     ,  1.7271322003898302     )
   11.401359999999999        1.2500000000000000     
 ( -53.656818278332963     ,  186.54407548347339     ) ( -53.891500812367589     ,  186.53082348635311     )
 (  2.9992936740662914     , 0.31092803269837221     ) (  1.6804774526263601E-007, -6.6679707635104994E-008) (  1.6813626848614417E-007, -6.6669877406306132E-008) ( -1.2004505114001751     ,  1.6243428718841262     )
   11.451355000000000        1.2500000000000000     
 ( -54.299643154789486     ,  186.81602344248697     ) ( -54.485655405708513     ,  186.71664911444373     )
 (  2.8731926399157608     ,  1.1133347031291776     ) (  1.9049915957481923E-007, -2.4439937032498999E-008) (  1.9047050742976969E-007, -2.4445496351270368E-008) ( -1.7731277227576150     ,  1.3541144440988837     )
   11.501349999999999        1.2500000000000000     
 ( -54.985693022890018     ,  187.12742666520967     ) ( -55.076820011483093     ,  186.98904018521134     )
 (  2.4432727566373429     ,  1.8066956759413269     ) (  1.9412615572889693E-007,  1.8735107098320722E-008) (  1.9409255473297553E-007,  1.8728545154676666E-008) ( -2.2028529396867604     , 0.94084474303890031     )
   11.551345000000000        1.2500000000000000     
 ( -55.735020107002931     ,  187.42459488168782     ) ( -55.724295168109876     ,  187.31551138910476     )
 (  1.7580867613843025     ,  2.2939282600328470     ) (  1.8063280905197436E-007,  5.7177593178574527E-008) (  1.8059335040159008E-007,  5.7170084583907399E-008) ( -2.4417858357191453     , 0.42894804307823908     )
   11.601339999999999        1.2500000000000000     
 ( -56.529597234065996     ,  187.65249265899234     ) ( -56.455670654645076     ,  187.63185811688788     )
 ( 0.90357018286361312     ,  2.5035800433515063     ) (  1.5308273468595537E-007,  8.7214570534603143E-008) (  1.5303626301590632E-007,  8.7206192085166875E-008) ( -2.4611095432731904     ,-0.11829309794052122     )
   11.651335000000000        1.2500000000000000     
 ( -57.321023606110955     ,  187.77859433291687     ) ( -57.252201031549731     ,  187.86851601158500     )
 ( -1.3475315101351979E-002,  2.4041010198255233     ) (  1.1451501504666867E-007,  1.0660904779078576E-007) (  1.1446005456026328E-007,  1.0659989450980659E-007) ( -2.2613546441442409     ,-0.62972273203507567     )
   11.701330000000000        1.2500000000000000     
 ( -58.050830359556109     ,  187.80628107554367     ) ( -58.054795326863726     ,  187.98148166922712     )
 (-0.88577583604718968     ,  2.0052066296071214     ) (  6.7867444502962583E-008,  1.1338079859408810E-007) (  6.7802101331853039E-008,  1.1337089278993986E-007) ( -1.8726516787952054     , -1.0425569137907549     )
   11.751324999999998        1.2500000000000000     
 ( -58.673942785630885     ,  187.77333791101569     ) ( -58.788908192010076     ,  187.97222417020507     )
 ( -1.6197736444878184     ,  1.3487519090551845     ) (  1.6994235179282063E-008,  1.0547507550217692E-007) (  1.6916217483832734E-008,  1.0546436594903407E-007) ( -1.3443668097006347     , -1.3140871778964429     )
   11.801319999999999        1.2500000000000000     
 ( -59.176543024310732     ,  187.73735428912531     ) ( -59.395868238946235     ,  187.88714177190192     )
 ( -2.1399712086379652     , 0.49808463119705648     ) ( -3.2522046607695728E-008,  8.1795122819725920E-008) ( -3.2615585939408894E-008,  8.1783376533773534E-008) (-0.73188783917629496     , -1.4229323040557706     )
   11.851314999999998        1.2500000000000000     
 ( -59.582463724973316     ,  187.75324342906234     ) ( -59.856355770714330     ,  187.79845190195894     )
 ( -2.3883466971032949     ,-0.46679266578683520     ) ( -7.3902594154806342E-008,  4.3846322228428551E-008) ( -7.4015026019044033E-008,  4.3833009429356262E-008) ( -8.9255038734578615E-002, -1.3628933752620318     )
   11.901309999999999        1.2500000000000000     
 ( -59.945023446105502     ,  187.85017832041783     ) ( -60.197859445611520     ,  187.77582470562893     )
 ( -2.3269755147674034     , -1.4485909657377047     ) ( -1.0125450980731168E-007, -3.4341441003580360E-009) ( -1.0121646607998404E-007, -3.4260882745939271E-009) ( 0.53054812373369908     , -1.1375425568498676     )
   11.951304999999998        1.2500000000000000     
 ( -60.324772490795645     ,  188.01757370509830     ) ( -60.484701835946275     ,  187.85911938369583     )
 ( -1.9490585118079404     , -2.3344574149150716     ) ( -1.1154839179369867E-007, -5.2688141189945402E-008) ( -1.1150408796667160E-007, -5.2678480746267676E-008) (  1.0716071958759410     ,-0.76147956335443534     )
   12.001299999999999        1.2500000000000000     
 ( -60.762606207352533     ,  188.20788993444251     ) ( -60.793665835557960     ,  188.04071931517467     )
 ( -1.2902987832497059     , -3.0078647183031197     ) ( -1.0586207587000402E-007, -9.6783050589807858E-008) ( -1.0581048780808697E-007, -9.6771828368365192E-008) (  1.4779338131509696     ,-0.26691210634533608     )
   12.051294999999998        1.2500000000000000     
 ( -61.259760116371979     ,  188.35764113124029     ) ( -61.181934623779725     ,  188.26571727184543     )
 (-0.43307453433573839     , -3.3714124958683858     ) ( -8.7638329660904772E-008, -1.3096581713468730E-007) ( -8.7578135370047325E-008, -1.3095317236857142E-007) (  1.7032523440691298     , 0.29122128178950890     )
   12.101289999999999        1.2500000000000000     
 ( -61.776685895347335     ,  188.41620632839499     ) ( -61.659885052279776     ,  188.45307146933624     )
 ( 0.50669103080894418     , -3.3694573878477003     ) ( -6.0432848051829735E-008, -1.5296491719621673E-007) ( -6.0362307721802220E-008, -1.5295105501272608E-007) (  1.7261265930681957     , 0.84032272881773651     )
   12.151284999999998        1.2500000000000000     
 ( -62.250329207055891     ,  188.36817295194572     ) ( -62.183214855839488     ,  188.53147747757285     )
 (  1.4040181738193325     , -2.9977782442203447     ) ( -2.6895708705177823E-008, -1.6137919181839213E-007) ( -2.6812569918458800E-008, -1.6136427980804740E-007) (  1.5585872811907011     ,  1.3065250408918845     )
   12.201279999999999        1.2500000000000000     
 ( -62.620498969509896     ,  188.23985665980788     ) ( -62.671071391781247     ,  188.47278435781942     )
 (  2.1474422231966468     , -2.2966557585138387     ) (  1.0287500984240590E-008, -1.5436565065648812E-007) (  1.0386081884488999E-008, -1.5434978215850332E-007) (  1.2407672082074686     ,  1.6331359934788701     )
   12.251274999999998        1.2500000000000000     
 ( -62.854176128559160     ,  188.08929898403670     ) ( -63.041670498711866     ,  188.30539830038788     )
 (  2.6494689335574684     , -1.3357609680954494     ) (  4.6803023050231558E-008, -1.3008205164569299E-007) (  4.6920569575722000E-008, -1.3006511545326712E-007) ( 0.82538913652006396     ,  1.7891983268978346     )
   12.301269999999999        1.2500000000000000     
 ( -62.959723483102429     ,  187.98425293669021     ) ( -63.247235544599107     ,  188.10213804474316     )
 (  2.8458406092457449     ,-0.20292761800909925     ) (  7.6268328246929550E-008, -8.8629309577499336E-008) (  7.6409129010544684E-008, -8.8610866136126892E-008) ( 0.36399329911013056     ,  1.7651178398264922     )
   12.351264999999998        1.2500000000000000     
 ( -62.986128866503293     ,  187.97495569301680     ) ( -63.293380105625261     ,  187.95045650952406     )
 (  2.6931561070082894     , 0.99766693931494821     ) (  9.1941481286763838E-008, -3.3903379808420137E-008) (  9.1891365221142686E-008, -3.3914711279408118E-008) ( -9.6967130063346244E-002,  1.5630439489579813     )
   12.401259999999999        1.2500000000000000     
 ( -63.004644893269756     ,  188.07138254256520     ) ( -63.237604764822670     ,  187.91817279210088     )
 (  2.1758677077562680     ,  2.1435265252482965     ) (  8.9263978982576401E-008,  2.6359908238321828E-008) (  8.9205946931912439E-008,  2.6346046535040472E-008) (-0.51033596477711951     ,  1.1925448640363896     )
   12.451254999999998        1.2500000000000000     
 ( -63.078965550821160     ,  188.23551817678216     ) ( -63.168683709267881     ,  188.02539566939328     )
 (  1.3195173778659752     ,  3.0991980649894626     ) (  6.8589717771286086E-008,  8.3199097324897365E-008) (  6.8522681996207948E-008,  8.3182727264926402E-008) (-0.82508403921015216     , 0.67535017856222268     )
   12.501249999999999        1.2500000000000000     
 ( -63.235011765022293     ,  188.39628893128648     ) ( -63.172190450135226     ,  188.23278116069613     )
 ( 0.20350634839323412     ,  3.7371012849450067     ) (  3.4202120618706848E-008,  1.2977226397824884E-007) (  3.4124615795593519E-008,  1.2975354609725186E-007) (-0.99010399970723884     ,  5.5282311154782750E-002)
   12.551245000000000        1.2500000000000000     
 ( -63.447872895123240     ,  188.48105353789441     ) ( -63.292779064030100     ,  188.45308486069555     )
 ( -1.0439936095415194     ,  3.9668988928093731     ) ( -8.5408337014228633E-009,  1.6283472626054167E-007) ( -8.6307569790061792E-009,  1.6281398628871499E-007) (-0.96986404497503897     ,-0.59807523409830188     )
   12.601239999999999        1.2500000000000000     
 ( -63.652338863173185     ,  188.44779585783945     ) ( -63.509904189493291     ,  188.58652636554876     )
 ( -2.2704761792997301     ,  3.7567986059480001     ) ( -5.5662518034052748E-008,  1.8126270615010140E-007) ( -5.5767466371280463E-008,  1.8124036788491267E-007) (-0.76142351339374226     , -1.2004146159310507     )
   12.651235000000000        1.2500000000000000     
 ( -63.770392313645061     ,  188.30267995428630     ) ( -63.742467650378565     ,  188.56621920921000     )
 ( -3.3303353958284281     ,  3.1344450731546543     ) ( -1.0438915422195437E-007,  1.8364890203186675E-007) ( -1.0451251372712066E-007,  1.8362527556256590E-007) (-0.39900380609363378     , -1.6751312010758306     )
   12.701229999999999        1.2500000000000000     
 ( -63.742251608960537     ,  188.09764041475069     ) ( -63.883185442457005     ,  188.39021426013966     )
 ( -4.1058952961318278     ,  2.1706659637172296     ) ( -1.5103276101829933E-007,  1.6762111361800824E-007) ( -1.5117883675850021E-007,  1.6759637260152340E-007) (  5.8894123294561687E-002, -1.9723194279785479     )
   12.751225000000000        1.2500000000000000     
 ( -63.549857726511981     ,  187.91124037492523     ) ( -63.845063525500926     ,  188.12329305025858     )
 ( -4.5115585392217099     , 0.96077464486977848     ) ( -1.8933413453019631E-007,  1.3161247801792935E-007) ( -1.8950821012004956E-007,  1.3158641457430347E-007) ( 0.54968486604365252     , -2.0721201579419448     )
   12.801219999999999        1.2500000000000000     
 ( -63.226030381472931     ,  187.81915180150878     ) ( -63.597181829919720     ,  187.87004942828125     )
 ( -4.4883874524269967     ,-0.38380811391980646     ) ( -2.1127746595612776E-007,  7.7645437488922017E-008) ( -2.1121196740224471E-007,  7.7660905502761894E-008) (  1.0195083731369061     , -1.9744026456960724     )
   12.851215000000000        1.2500000000000000     
 ( -62.844049439798496     ,  187.86330734434586     ) ( -63.176722159964541     ,  187.73411941530267     )
 ( -4.0048556173842762     , -1.7333185921812073     ) ( -2.0972563811007227E-007,  1.2873897420349136E-008) ( -2.0965008059734317E-007,  1.2893198514703339E-008) (  1.4210401815438423     , -1.6875951293867051     )
   12.901209999999999        1.2500000000000000     
 ( -62.489527983209236     ,  188.03110009614227     ) ( -62.676120123585207     ,  187.77824977037253     )
 ( -3.0677159450878584     , -2.9379072738504242     ) ( -1.8277889260926291E-007, -5.2235602723971505E-008) ( -1.8269217574107204E-007, -5.2212309484508967E-008) (  1.7068445423236505     , -1.2268230212855906     )
   12.951205000000000        1.2500000000000000     
 ( -62.222104846613277     ,  188.25831238173157     ) ( -62.209901052242927     ,  187.99800368960808     )
 ( -1.7417232976686967     , -3.8418225959810770     ) ( -1.3438458544155687E-007, -1.0807816541676227E-007) ( -1.3428523235720720E-007, -1.0805106476405673E-007) (  1.8248556299702017     ,-0.62360483830594016     )
   13.001199999999999        1.2500000000000000     
 ( -62.047600192247238     ,  188.45706551943169     ) ( -61.869542386882443     ,  188.31825215260332     )
 (-0.15626748171853208     , -4.3150347170889445     ) ( -7.1669712880428618E-008, -1.4937758934766522E-007) ( -7.1555633483199382E-008, -1.4934710654736622E-007) (  1.7286273271488111     ,  6.2840116456873388E-002)
   13.051195000000000        1.2500000000000000     
 ( -61.915594944626271     ,  188.55540720591162     ) ( -61.681691972153018     ,  188.61953318039667     )
 (  1.5127357136251367     , -4.2868145990848063     ) ( -8.5331670844135684E-010, -1.7483516206898569E-007) ( -7.2162491240579214E-010, -1.7480205344633330E-007) (  1.3980685794510972     , 0.74641513687125050     )
   13.101189999999999        1.2500000000000000     
 ( -61.742447336887992     ,  188.52783790979953     ) ( -61.591069305382725     ,  188.78879962172991     )
 (  3.0796062852906174     , -3.7600817652273411     ) (  7.4245814452534461E-008, -1.8389720062868676E-007) (  7.4399024527902972E-008, -1.8386213249657469E-007) ( 0.85573695948363815     ,  1.3336022747045559     )
   13.151185000000000        1.2500000000000000     
 ( -61.446112662419303     ,  188.40445036543005     ) ( -61.481824083529126     ,  188.77153629172511     )
 (  4.3831448119451055     , -2.7997445481362382     ) (  1.5019138972170723E-007, -1.7437281248894479E-007) (  1.5037119060320439E-007, -1.7433634968506477E-007) ( 0.16344113545622058     ,  1.7508967651771865     )
   13.201179999999999        1.2500000000000000     
 ( -60.978183524800819     ,  188.25873649766976     ) ( -61.228526726704068     ,  188.59691551798900     )
 (  5.3012301208211055     , -1.5079294509654779     ) (  2.2110937755062821E-007, -1.4325891109338953E-007) (  2.2103614969585107E-007, -1.4327446794030191E-007) (-0.59983901144055096     ,  1.9604717703682806     )
   13.251175000000000        1.2500000000000000     
 ( -60.343074143890696     ,  188.18055791777005     ) ( -60.749654128284512     ,  188.36453949798502     )
 (  5.7481469791166475     , -5.1903793474822775E-003) (  2.7732736088103022E-007, -9.0189790059456837E-008) (  2.7724236671329589E-007, -9.0210253216921435E-008) ( -1.3595066201096973     ,  1.9554961525747299     )
   13.301169999999999        1.2500000000000000     
 ( -59.600061366635501     ,  188.24051015991671     ) ( -60.039360915815656     ,  188.20248218333731     )
 (  5.6657417103306473     ,  1.5715728578516555     ) (  3.0871679006388754E-007, -2.0423749679360050E-008) (  3.0861902691749056E-007, -2.0449871864993715E-008) ( -2.0548957554874869     ,  1.7437389928289504     )
   13.351165000000000        1.2500000000000000     
 ( -58.841615551317915     ,  188.45849269238488     ) ( -59.168926140044370     ,  188.21806290241520     )
 (  5.0300779124970196     ,  3.0629815822880202     ) (  3.0897216385277827E-007,  5.5053715399665703E-008) (  3.0886046819321449E-007,  5.5021479492910353E-008) ( -2.6308366334171325     ,  1.3372653762666664     )
   13.401159999999999        1.2500000000000000     
 ( -58.153883793138284     ,  188.79104296005869     ) ( -58.261171556858727     ,  188.45636852314524     )
 (  3.8721436713227657     ,  4.2906845307719363     ) (  2.7913445601193877E-007,  1.2370776165579633E-007) (  2.7900743050755459E-007,  1.2366946255144114E-007) ( -3.0272785208578581     , 0.75661527424926001     )
   13.451155000000000        1.2500000000000000     
 ( -57.576008940144526     ,  189.14889585973006     ) ( -57.444776627375120     ,  188.87878935134336     )
 (  2.2976126401649295     ,  5.0842714557439184     ) (  2.2627071326171573E-007,  1.7697418703196194E-007) (  2.2612633312095889E-007,  1.7693036910817069E-007) ( -3.1799713165775012     ,  4.6061548305124093E-002)
   13.501149999999999        1.2500000000000000     
 ( -57.081321068953535     ,  189.43826162037178     ) ( -56.800330752661516     ,  189.37230554409243     )
 ( 0.48246536874815721     ,  5.3236236158530543     ) (  1.5828897181395313E-007,  2.1223450691317354E-007) (  1.5812427121872259E-007,  2.1218616849908546E-007) ( -3.0389031129937654     ,-0.71518944063490419     )
   13.551145000000000        1.2500000000000000     
 ( -56.590559961624635     ,  189.60312430220156     ) ( -56.319750074847839     ,  189.79384962884919     )
 ( -1.3617385648964115     ,  4.9706313945971008     ) (  7.9983152741790471E-008,  2.2967726803418635E-007) (  7.9793821317600263E-008,  2.2962565366358963E-007) ( -2.5946859103844218     , -1.4219140984569456     )
   13.601139999999999        1.2500000000000000     
 ( -56.006954208694431     ,  189.64778202968105     ) ( -55.903883949506387     ,  190.03515761739510     )
 ( -3.0338830769478213     ,  4.0700986363903224     ) ( -6.0804760100228350E-009,  2.2792593787400931E-007) ( -6.3002655888079564E-009,  2.2787236561571409E-007) ( -1.8911752595570963     , -1.9726116456480303     )
   13.651135000000000        1.2500000000000000     
 ( -55.255078317668534     ,  189.63401060029727     ) ( -55.405548696029562     ,  190.07455396048422     )
 ( -4.3735293677501392     ,  2.7241416268005909     ) ( -9.5697395881763406E-008,  2.0301854257765797E-007) ( -9.5603336349894355E-008,  2.0303810822182892E-007) ( -1.0108376558055165     , -2.2998287164292104     )
   13.701129999999999        1.2500000000000000     
 ( -54.309756454305571     ,  189.65874328881813     ) ( -54.695727032938812     ,  189.98732007407071     )
 ( -5.2662234060947775     ,  1.0622681912071872     ) ( -1.7948789034442030E-007,  1.5175046001811104E-007) ( -1.7937864071958450E-007,  1.5177674665134634E-007) ( -4.6081721128646537E-002, -2.3792532601147962     )
   13.751125000000000        1.2500000000000000     
 ( -53.209866675492094     ,  189.81766260079340     ) ( -53.718002537045585     ,  189.91140577492172     )
 ( -5.6300791573390976     ,-0.77113421212241617     ) ( -2.4496895036924872E-007,  7.6184660458905048E-008) ( -2.4484326049866882E-007,  7.6218986594459241E-008) ( 0.92430062309540184     , -2.2147610215707170     )
   13.801119999999999        1.2500000000000000     
 ( -52.047635942413216     ,  190.16563864400166     ) ( -52.509639419112155     ,  189.99168655467969     )
 ( -5.4122132320255840     , -2.6111172279468691     ) ( -2.8105249539789372E-007, -1.3818514418147999E-008) ( -2.8090928693984563E-007, -1.3775176144304845E-008) (  1.8344247823963005     , -1.8190523130123355     )
   13.851115000000000        1.2500000000000000     
 ( -50.933035126059934     ,  190.68822175239083     ) ( -51.187846386253412     ,  190.32442055982696     )
 ( -4.6046919469891643     , -4.2648473582000150     ) ( -2.8403397100865921E-007, -1.0340999156832102E-007) ( -2.8387199986232016E-007, -1.0335730690506540E-007) (  2.6179239695079120     , -1.2070924925771227     )
   13.901109999999999        1.2500000000000000     
 ( -49.943941132784978     ,  191.30320345794465     ) ( -49.908221856520342     ,  190.91792272068878     )
 ( -3.2736172583248795     , -5.5267049587715498     ) ( -2.5910390962991239E-007, -1.7968597892813205E-007) ( -2.5892141705770872E-007, -1.7962435999045026E-007) (  3.1975723413566599     ,-0.40818988592098071     )
   13.951105000000000        1.2500000000000000     
 ( -49.088493533317880     ,  191.89700614558819     ) ( -48.804859729333856     ,  191.68179011501599     )
 ( -1.5732570245000552     , -6.2218285949897414     ) ( -2.1539811044264834E-007, -2.3701409022746936E-007) ( -2.1519232916568347E-007, -2.3694490485968119E-007) (  3.4937776949960009     , 0.51392612161206841     )
   14.001100000000001        1.2500000000000000     
 ( -48.302096340708175     ,  192.37679337300114     ) ( -47.929785255780658     ,  192.45593046895576     )
 ( 0.27699687458642525     , -6.2550818080638315     ) ( -1.5920392536406412E-007, -2.7565007754014605E-007) ( -1.5897048112963805E-007, -2.7557516129392563E-007) (  3.4531837119734510     ,  1.4540744061212103     )
   14.051095000000000        1.2500000000000000     
 ( -47.477889946891679     ,  192.70937181632436     ) ( -47.221045048930762     ,  193.07745887156111     )
 (  2.0447245903171085     , -5.6322954390538511     ) ( -9.2169423958450624E-008, -2.9570040895382170E-007) ( -9.1901907872874868E-008, -2.9562199162129233E-007) (  3.0779908005846428     ,  2.2868413624330359     )
   14.101089999999997        1.2500000000000000     
 ( -46.510949041580737     ,  192.93177453587489     ) ( -46.524269790007089     ,  193.45704862043809     )
 (  3.5330191949555183     , -4.4424552358308409     ) ( -1.5322909431222758E-008, -2.9317469719847249E-007) ( -1.5442569009141576E-008, -2.9319859027723709E-007) (  2.4290570113535201     ,  2.9062715474415088     )
   14.151084999999997        1.2500000000000000     
 ( -45.336944572166729     ,  193.13706841191834     ) ( -45.661647683358495     ,  193.62260122876032     )
 (  4.6015861391023458     , -2.8191424881901010     ) (  6.4846611403066124E-008, -2.6205688828743337E-007) (  6.4707331950018040E-008, -2.6208967526891319E-007) (  1.5997764311955134     ,  3.2545335385633676     )
   14.201079999999997        1.2500000000000000     
 ( -43.958609501742245     ,  193.44092065784190     ) ( -44.510239307673650     ,  193.70509842858155     )
 (  5.1547002284885144     ,-0.91271660311326552     ) (  1.3618840327857498E-007, -1.9976889652762179E-007) (  1.3602798829149042E-007, -1.9981266855432933E-007) ( 0.67876969489072680     ,  3.3181818849549920     )
   14.251074999999998        1.2500000000000000     
 ( -42.449562885795757     ,  193.93821445917300     ) ( -43.050604055480868     ,  193.88268721339850     )
 (  5.1263898023642609     ,  1.1124930588030075     ) (  1.8434245550922023E-007, -1.1248279546411108E-007) (  1.8415967317655598E-007, -1.1253936880251792E-007) (-0.26368147516955498     ,  3.1043894936987169     )
   14.301069999999998        1.2500000000000000     
 ( -40.930112339015196     ,  194.66016035659524     ) ( -41.372283048839520     ,  194.31137233895751     )
 (  4.4834134084270083     ,  3.0639635461888890     ) (  2.0050420660828150E-007, -1.5052116889074450E-008) (  2.0029806325894684E-007, -1.5122627911878510E-008) ( -1.1657438934940598     ,  2.6211345703923623     )
   14.351064999999998        1.2500000000000000     
 ( -39.516132611593008     ,  195.55465588907703     ) ( -39.641869052087294     ,  195.06653171749059     )
 (  3.2547457604691568     ,  4.7190931343783271     ) (  1.8667852897015211E-007,  7.5738825724629183E-008) (  1.8644796814556883E-007,  7.5654389210479474E-008) ( -1.9543471793773386     ,  1.8791750186337215     )
   14.401059999999998        1.2500000000000000     
 ( -38.264177234294337     ,  196.50746141595295     ) ( -38.043601297761860     ,  196.10945306630970     )
 (  1.5635489884144835     ,  5.8586648502079450     ) (  1.5303161189907998E-007,  1.4996679593620721E-007) (  1.5277439286183266E-007,  1.4986985534460835E-007) ( -2.5383891469848359     , 0.91435462447850524     )
   14.451054999999998        1.2500000000000000     
 ( -37.145788686882923     ,  197.39629502784055     ) ( -36.705512843493999     ,  197.29277864454397     )
 (-0.37461598575416238     ,  6.3261862367438599     ) (  1.0900520281018568E-007,  2.0699593703804334E-007) (  1.0871731706909116E-007,  2.0688914771615013E-007) ( -2.8290259248662659     ,-0.18898825931029434     )
   14.501049999999998        1.2500000000000000     
 ( -36.064879219138994     ,  198.14542427851615     ) ( -35.637321820733618     ,  198.41468672133220     )
 ( -2.2990356973323842     ,  6.0738922496075256     ) (  5.7270368656972916E-008,  2.4923951907831961E-007) (  5.6945341567107045E-008,  2.4912619029198571E-007) ( -2.7791277618800843     , -1.3000817416031836     )
   14.551044999999998        1.2500000000000000     
 ( -34.902066110105899     ,  198.75294156653445     ) ( -34.716531465911352     ,  199.30810520530983     )
 ( -3.9682817503514594     ,  5.1638711889631193     ) ( -3.9130890231630493E-009,  2.7455887327979079E-007) ( -3.7625531876367172E-009,  2.7458723805195071E-007) ( -2.4104149767965031     , -2.2784653529722880     )
   14.601039999999998        1.2500000000000000     
 ( -33.560184386624314     ,  199.28818847298209     ) ( -33.740757788248452     ,  199.92117424681058     )
 ( -5.2043380840276532     ,  3.7289911328168417     ) ( -7.2310908594950055E-008,  2.7546969322438534E-007) ( -7.2135108042643475E-008,  2.7550942309605108E-007) ( -1.8040865247592308     , -3.0217499735944240     )
   14.651034999999998        1.2500000000000000     
 ( -32.000874678907564     ,  199.86558456974811     ) ( -32.520493674082331     ,  200.33936555343030     )
 ( -5.8921704570524440     ,  1.9289832065937074     ) ( -1.3837502877557356E-007,  2.4447717895816638E-007) ( -1.3817191189427052E-007,  2.4453134488682935E-007) ( -1.0567988910669865     , -3.4845189317659120     )
   14.701029999999998        1.2500000000000000     
 ( -30.262458435339660     ,  200.60439852200446     ) ( -30.959620798634958     ,  200.74431600604484     )
 ( -5.9588884017003974     , -6.9504032660666973E-002) ( -1.8627344986911780E-007,  1.8203052949508865E-007) ( -1.8604165958728402E-007,  1.8210228394562628E-007) (-0.24749145764069691     , -3.6610350125484445     )
   14.751024999999998        1.2500000000000000     
 ( -28.452418878090640     ,  201.57889394388340     ) ( -29.089400957306133     ,  201.33725004386173     )
 ( -5.3592532798282040     , -2.0812048680803286     ) ( -2.0215977914049966E-007,  1.0017825188394100E-007) ( -2.0189856598751573E-007,  1.0026998016924215E-007) ( 0.56674480818249351     , -3.5538035362271350     )
   14.801019999999998        1.2500000000000000     
 ( -26.705586942034234     ,  202.77912452284485     ) ( -27.053870955455260     ,  202.26301171212140     )
 ( -4.0942263321811954     , -3.8846278308961217     ) ( -1.8319818876735970E-007,  1.8041875791236416E-008) ( -1.8290711264563352E-007,  1.8154506536879023E-008) (  1.3290270178332009     , -3.1587342366006066     )
   14.851014999999999        1.2500000000000000     
 ( -25.120574546757094     ,  204.10950363891604     ) ( -25.058668156132729     ,  203.55476866458943     )
 ( -2.2530271838775260     , -5.2355706490267542     ) ( -1.3939594813497206E-007, -4.9274918168815919E-008) ( -1.3907389161622501E-007, -4.9142358853566012E-008) (  1.9601672240148313     , -2.4790309406968745     )
   14.901009999999998        1.2500000000000000     
 ( -23.710867230575783     ,  205.43436252447788     ) ( -23.294687602295660     ,  205.11297638705770     )
 ( -3.7286193492646010E-002, -5.9243713068863935     ) ( -8.4815614844739261E-008, -9.8640535156380411E-008) ( -8.4459667880031286E-008, -9.8491327562334678E-008) (  2.3604739848794201     , -1.5574685690785295     )
   14.951004999999999        1.2500000000000000     
 ( -22.402226516484784     ,  206.64350719892363     ) ( -21.855111494161495     ,  206.73429766274594     )
 (  2.2681996324762168     , -5.8442967118771056     ) ( -2.6453424489395247E-008, -1.3523558191606711E-007) ( -2.6057825795114220E-008, -1.3507442384199933E-007) (  2.4449135291968593     ,-0.49799562355728133     )
   15.000999999999998        1.2500000000000000     
 ( -21.072189140652558     ,  207.69745947587040     ) ( -20.682702644350293     ,  208.19446868710014     )
 (  4.3672245298201000     , -5.0213225671592125     ) (  3.7813900402030475E-008, -1.6162428761498745E-007) (  3.7626497695600892E-008, -1.6165696081533866E-007) (  2.1895143535505075     , 0.55177069684725211     )
   15.050994999999999        1.2500000000000000     
 ( -19.600665992311278     ,  208.63780546892025     ) ( -19.586570232225768     ,  209.35515584232320     )
 (  6.0225297728761165     , -3.5866102868988379     ) (  1.0987736988282155E-007, -1.7216763665397073E-007) (  1.0965769912948965E-007, -1.7221436306437398E-007) (  1.6507199995413895     ,  1.4546965585399592     )
   15.100989999999998        1.2500000000000000     
 ( -17.914148184954065     ,  209.56852246146440     ) ( -18.330351602950916     ,  210.23091041029954     )
 (  7.0783873211102764     , -1.7211905632885829     ) (  1.8435043394437904E-007, -1.5636533453068690E-007) (  1.8409562097771799E-007, -1.5643056200284805E-007) ( 0.93042944596912214     ,  2.1299722879306433     )
   15.150984999999999        1.2500000000000000     
 ( -16.013740779821063     ,  210.62201015664891     ) ( -16.740664094715925     ,  210.98005595673877     )
 (  7.4445881590046712     , 0.38729416428761071     ) (  2.4570527770347221E-007, -1.0872608078122460E-007) (  2.4541346892530870E-007, -1.0881442108212533E-007) ( 0.12630446446787613     ,  2.5565493114969238     )
   15.200979999999998        1.2500000000000000     
 ( -13.983944517814408     ,  211.90939280106900     ) ( -14.777281087859821     ,  211.83100554726644     )
 (  7.0661085711050253     ,  2.5479346779129903     ) (  2.7536171594477009E-007, -3.6514181664907933E-008) (  2.7503215853922376E-007, -3.6630070912465515E-008) (-0.69566438074899017     ,  2.7386944188999753     )
   15.250974999999999        1.2500000000000000     
 ( -11.967028753955804     ,  213.46756661376003     ) ( -12.543135517345380     ,  212.99056243155471     )
 (  5.9208708596208250     ,  4.5418889598530345     ) (  2.6342429845439981E-007,  4.0613904570025074E-008) (  2.6305731838544905E-007,  4.0467794993352935E-008) ( -1.4886757706590972     ,  2.6723798197553217     )
   15.300969999999998        1.2500000000000000     
 ( -10.100820622555920     ,  215.23228973177868     ) ( -10.245404336992149     ,  214.56745460534853     )
 (  4.0585560336095359     ,  6.1115165684074064     ) (  2.1641481948564205E-007,  1.0151857033734257E-007) (  2.1601100152033744E-007,  1.0134202819502939E-007) ( -2.1927991744900961     ,  2.3414045437682987     )
   15.350964999999999        1.2500000000000000     
 ( -8.4494228810543728     ,  217.06456509557302     ) ( -8.1228470846579732     ,  216.52659033721855     )
 (  1.6479103575955714     ,  7.0005372271424875     ) (  1.5200532584141585E-007,  1.3730911361954786E-007) (  1.5156382325676413E-007,  1.3710537327397030E-007) ( -2.7148002849659982     ,  1.7467724085275160     )
   15.400959999999998        1.2500000000000000     
 ( -6.9733705026993427     ,  218.81994322807330     ) ( -6.3525808059296081     ,  218.68890885213131     )
 ( -1.0221918693442686     ,  7.0343666055543208     ) (  8.3983307316298468E-008,  1.5382055093689988E-007) (  8.3500022945636026E-008,  1.5359572706780629E-007) ( -2.9453293083345580     , 0.94697789108715635     )
   15.450954999999999        1.2500000000000000     
 ( -5.5564284121794012     ,  220.41380291998874     ) ( -4.9645693049326312     ,  220.79270375469991     )
 ( -3.6064617053828023     ,  6.1834424782217772     ) (  1.2936874577814586E-008,  1.5966463410443386E-007) (  1.3167510992564591E-008,  1.5970105355204342E-007) ( -2.8109030395564130     ,  7.0383572280545398E-002)
   15.500949999999998        1.2500000000000000     
 ( -4.0596679171573582     ,  221.84927088801447     ) ( -3.8118300813480732     ,  222.60938364615512     )
 ( -5.7953647792180467     ,  4.5619283716014118     ) ( -6.6251884371835823E-008,  1.5439323236808547E-007) ( -6.5980293758612505E-008,  1.5444663981894183E-007) ( -2.3249610230658222     ,-0.72607390401710425     )
   15.550944999999999        1.2500000000000000     
 ( -2.3736664257397959     ,  223.20727073335772     ) ( -2.6308717432823183     ,  224.05463419311087     )
 ( -7.3691135746025420     ,  2.3728071641089081     ) ( -1.5379948121165674E-007,  1.2721032920810963E-007) ( -1.5348298598202022E-007,  1.2728649035619284E-007) ( -1.5810453726553992     , -1.3230940481375772     )
   15.600939999999998        1.2500000000000000     
 (-0.45411682220200805     ,  224.61994942095353     ) ( -1.1650898759516719     ,  225.23022262093804     )
 ( -8.2007751407027012     ,-0.15797102444713793     ) ( -2.3673944104341896E-007,  6.7451657875485182E-008) ( -2.3637514041658775E-007,  6.7557403203093679E-008) (-0.70031189234493230     , -1.6767877273353036     )
   15.650934999999999        1.2500000000000000     
 (  1.6554183948955918     ,  226.22709691666788     ) ( 0.72194514277603561     ,  226.37163489323237     )
 ( -8.2194826017888545     , -2.8108116943577417     ) ( -2.9303866398825881E-007, -2.3726132987391623E-008) ( -2.9262541108767789E-007, -2.3583993978444179E-008) ( 0.22418736308565376     , -1.7976660120571673     )
   15.700930000000000        1.2500000000000000     
 (  3.8281520545325156     ,  228.11809852511431     ) (  2.9982206178062110     ,  227.74531886400038     )
 ( -7.3838302735452590     , -5.3551583889480190     ) ( -3.0425745737686586E-007, -1.2821831928468426E-007) ( -3.0379642355998471E-007, -1.2803423241922608E-007) (  1.1386692012471071     , -1.7025669134103036     )
   15.750924999999999        1.2500000000000000     
 (  5.9021745083184571     ,  230.28141533747709     ) (  5.4819118338003205     ,  229.54817668537152     )
 ( -5.7027097356985017     , -7.5188040727442820     ) ( -2.6920105961633509E-007, -2.1865305613284032E-007) ( -2.6869466233692676E-007, -2.1842435618843446E-007) (  1.9982558742890539     , -1.3855665291274251     )
   15.800920000000000        1.2500000000000000     
 (  7.7599548142806256     ,  232.60109908903144     ) (  7.9057724277569825     ,  231.83567673713418     )
 ( -3.2942752409759115     , -8.9992630793386947     ) ( -2.0572673390680768E-007, -2.7608704207414386E-007) ( -2.0517698131759574E-007, -2.7581577949867474E-007) (  2.7281238669142738     ,-0.83044684577537231     )
   15.850914999999999        1.2500000000000000     
 (  9.3887849237167380     ,  234.91556931925692     ) (  10.012188849989245     ,  234.49104964178383     )
 (-0.42316362662770746     , -9.5393926798770767     ) ( -1.3541607908311076E-007, -3.0164308642476078E-007) ( -1.3482228481857787E-007, -3.0133616581694118E-007) (  3.2133758604359639     , -5.6149774728134212E-002)
   15.900910000000000        1.2500000000000000     
 (  10.878079637483605     ,  237.09900960918125     ) (  11.660791246249641     ,  237.25391625841394     )
 (  2.5369463347597176     , -9.0212277729579515     ) ( -6.5397414074711091E-008, -3.0821462368762936E-007) ( -6.5678027254758982E-008, -3.0825397874362849E-007) (  3.3374569797269515     , 0.84133215574380282     )
   15.950904999999999        1.2500000000000000     
 (  12.367755940273161     ,  239.11140308382039     ) (  12.906318938843205     ,  239.82238675923850     )
 (  5.2049681567665846     , -7.5041126372641553     ) (  1.0527322248147911E-008, -3.0261719339096492E-007) (  1.0195202497176387E-008, -3.0267626471540811E-007) (  3.0535345077791796     ,  1.6986179493568285     )
   16.000900000000001        1.2500000000000000     
 (  13.988094965228488     ,  240.99926165242564     ) (  13.989294388546282     ,  241.99263888087083     )
 (  7.2803496999222732     , -5.1870823891183671     ) (  9.9487919893646012E-008, -2.7624470536843764E-007) (  9.9098796721129686E-008, -2.7633116792875329E-007) (  2.4184844493861828     ,  2.3509182389258392     )
   16.050895000000001        1.2500000000000000     
 (  15.819630252881876     ,  242.87510642141228     ) (  15.226253691277044     ,  243.76249429828647     )
 (  8.5790375479604535     , -2.3287937649727843     ) (  1.9432841457121396E-007, -2.1375944099100259E-007) (  1.9387780697178591E-007, -2.1388235279831314E-007) (  1.5621701180052636     ,  2.7067393758774547     )
   16.100890000000000        1.2500000000000000     
 (  17.863525583460934     ,  244.88332730251204     ) (  16.860231312341519     ,  245.32768387043089     )
 (  9.0051861608255184     , 0.81325419163821966     ) (  2.7263238568597222E-007, -1.0807176183803968E-007) (  2.7211843092844345E-007, -1.0824125065750924E-007) ( 0.61152469752661953     ,  2.7614682540766142     )
   16.150885000000002        1.2500000000000000     
 (  20.027925171033385     ,  247.14830646655599     ) (  18.960734598148093     ,  246.98527165831851     )
 (  8.5043443553809599     ,  3.9886856566774043     ) (  3.0800459089099854E-007,  2.8363169675819923E-008) (  3.0742835912872976E-007,  2.8137534570289562E-008) (-0.35621217234948210     ,  2.5497561055382749     )
   16.200880000000002        1.2500000000000000     
 (  22.152670613418973     ,  249.71135633258257     ) (  21.408371781185856     ,  249.01072577335592     )
 (  7.0539729684423840     ,  6.9166066949928355     ) (  2.8805829506954533E-007,  1.6509023703679412E-007) (  2.8742405641128088E-007,  1.6480196663329949E-007) ( -1.3009118218854507     ,  2.0905831168465707     )
   16.250875000000001        1.2500000000000000     
 (  24.083113839320138     ,  252.49550981256860     ) (  23.944594954144378     ,  251.55836448829982     )
 (  4.7150912792235413     ,  9.2631922579743691     ) (  2.2553429421596775E-007,  2.7137420870680034E-007) (  2.2484811546065516E-007,  2.7102242827984054E-007) ( -2.1715156246417688     ,  1.3718454928860528     )
   16.300870000000000        1.2500000000000000     
 (  25.755156517205741     ,  255.33938359121763     ) (  26.261667637544630     ,  254.60160923779631     )
 (  1.7008726142148551     ,  10.691703919936700     ) (  1.4832234997692555E-007,  3.3751714015595610E-007) (  1.4758822077591597E-007,  3.3710815490083342E-007) ( -2.8672334836553697     , 0.38520472322985588     )
   16.350865000000002        1.2500000000000000     
 (  27.225465863920309     ,  258.08511468875929     ) (  28.118481947473949     ,  257.92622717000734     )
 ( -1.6175742620612465     ,  10.972132654919891     ) (  7.4050852956316964E-008,  3.7630549465836697E-007) (  7.4388268333840364E-008,  3.7634661400129427E-007) ( -3.2465203061477088     ,-0.81309531994892748     )
   16.400860000000002        1.2500000000000000     
 (  28.630326690183928     ,  260.65440681871644     ) (  29.454084017094207     ,  261.20086835606890     )
 ( -4.8013335111230173     ,  10.065517429803188     ) ( -2.0399559550211031E-010,  4.0270937864520575E-007) (  1.9753756677047482E-010,  4.0277271772179681E-007) ( -3.1977346198593835     , -2.0711089081886800     )
   16.450855000000001        1.2500000000000000     
 (  30.114958898305577     ,  263.06443069020003     ) (  30.437605344841529     ,  264.11758722530112     )
 ( -7.4588850359310728     ,  8.1230691222530673     ) ( -8.8244019377677203E-008,  4.1334476533162181E-007) ( -8.7770737914966827E-008,  4.1343986711902753E-007) ( -2.7117126328230166     , -3.1799323367912380     )
   16.500850000000000        1.2500000000000000     
 (  31.785996482298785     ,  265.40920040488652     ) (  31.403559517223798     ,  266.54738365410338     )
 ( -9.3244114491285259     ,  5.4084202665619099     ) ( -1.9188289110054204E-007,  3.8935447680075309E-007) ( -1.9133142149080668E-007,  3.8949331013994225E-007) ( -1.8989101730407156     , -3.9705769040586469     )
   16.550845000000002        1.2500000000000000     
 (  33.680653766904911     ,  267.82991002604774     ) (  32.690465506002759     ,  268.60660457967430     )
 ( -10.256042425579780     ,  2.2092688134486500     ) ( -2.9233089494317482E-007,  3.1323438177362792E-007) ( -2.9169735359402567E-007,  3.1343072410041671E-007) (-0.91798733826433765     , -4.3796332428790086     )
   16.600840000000002        1.2500000000000000     
 (  35.743866012886450     ,  270.47383799149702     ) (  34.484165350303186     ,  270.59335804814668     )
 ( -10.182991340219326     , -1.2042008287199104     ) ( -3.5758984515507139E-007,  1.8643865084469142E-007) ( -3.5687468282195234E-007,  1.8670702922769527E-007) ( 0.11008547988090811     , -4.4293267274353738     )
   16.650835000000001        1.2500000000000000     
 (  37.829367470670746     ,  273.43134811990211     ) (  36.750940273061488     ,  272.84957063540685     )
 ( -9.0624857797836764     , -4.5543373517208421     ) ( -3.6213286277885990E-007,  3.5989704213793880E-008) ( -3.6134160477206484E-007,  3.6342627122266539E-008) (  1.1277180519284515     , -4.1566646732204786     )
   16.700830000000000        1.2500000000000000     
 (  39.754222351137564     ,  276.67499822587945     ) (  39.263917052818968     ,  275.62899977718729     )
 ( -6.9031364975257254     , -7.5069805877884983     ) ( -3.0723215655445296E-007, -9.8389012964945266E-008) ( -3.0637492765223759E-007, -9.7945365147265951E-008) (  2.1007845031384891     , -3.5625467021126385     )
   16.750825000000003        1.2500000000000000     
 (  41.396453827107337     ,  280.05712926518305     ) (  41.686375787206323     ,  279.00745513913569     )
 ( -3.8469518231743591     , -9.6787449470039491     ) ( -2.2207947027233374E-007, -1.9215896615383654E-007) ( -2.2116726296485270E-007, -1.9162796767008810E-007) (  2.9578348416321139     , -2.6191025398965770     )
   16.800820000000002        1.2500000000000000     
 (  42.764764521886505     ,  283.38886498340719     ) (  43.688959604884062     ,  282.84364812123601     )
 (-0.22560170562742060     , -10.737022158966246     ) ( -1.3704784398842372E-007, -2.5220955777299675E-007) ( -1.3744850650147954E-007, -2.5225080438210461E-007) (  3.5605133681154264     , -1.3305587195074673     )
   16.850815000000001        1.2500000000000000     
 (  43.983250941459374     ,  286.54338821278662     ) (  45.084377568478807     ,  286.81212377615986     )
 (  3.4930779336379194     , -10.524484344191643     ) ( -5.8909373125094906E-008, -3.0177211211375787E-007) ( -5.9389127895123912E-008, -3.0183758256076188E-007) (  3.7480508110676638     , 0.19994532932461934     )
   16.900810000000000        1.2500000000000000     
 (  45.212388050287110     ,  289.49914814909556     ) (  45.930227967760160     ,  290.52109160477363     )
 (  6.8305943119126535     , -9.1111059948349808     ) (  2.9970827091048272E-008, -3.4803693040259886E-007) (  2.9401728842555422E-008, -3.4813828814383962E-007) (  3.4263612762021713     ,  1.7587762245067289     )
   16.950805000000003        1.2500000000000000     
 (  46.585982750692985     ,  292.32586176820092     ) (  46.531305549664374     ,  293.69541476605218     )
 (  9.4201145100292614     , -6.7393637245539777     ) (  1.4292499099105640E-007, -3.7336239650569695E-007) (  1.4225725243357262E-007, -3.7351452002438862E-007) (  2.6445606944258793     ,  3.1061077349955331     )
   17.000800000000002        1.2500000000000000     
 (  48.177674954409973     ,  295.15271886687856     ) (  47.303842172389089     ,  296.32092582271650     )
 (  11.046817524252539     , -3.7206965725070171     ) (  2.6983938141698746E-007, -3.5062288742950197E-007) (  2.6906646156010756E-007, -3.5084382001944186E-007) (  1.5659397340768191     ,  4.0889118255050114     )
   17.050795000000001        1.2500000000000000     
 (  49.977393172118589     ,  298.13654625072064     ) (  48.573534017593090     ,  298.65019557920465     )
 (  11.609563379908884     ,-0.35424787307030681     ) (  3.7762998672857664E-007, -2.6665901128591422E-007) (  3.7675016300541486E-007, -2.6696944307977881E-007) ( 0.36185954693128602     ,  4.6789455574107084     )
   17.100790000000003        1.2500000000000000     
 (  51.874458468297107     ,  301.41020208553624     ) (  50.435928847673750     ,  301.07344012011305     )
 (  11.053259709198910     ,  3.0818441570102224     ) (  4.2845358329526184E-007, -1.3794012707384191E-007) (  4.2747268564871427E-007, -1.3836005298435486E-007) (-0.86703127403023861     ,  4.9119314091488837     )
   17.150785000000003        1.2500000000000000     
 (  53.682166914909033     ,  305.00941127736724     ) (  52.737413201029895     ,  303.95181065891433     )
 (  9.3487547597198883     ,  6.2750733798710954     ) (  4.0664460161639150E-007, -6.8090331760247231E-009) (  4.0557620870471068E-007, -7.3531275616677861E-009) ( -2.0825207996953194     ,  4.8035626782845764     )
   17.200779999999998        1.2500000000000000     
 (  55.227396896720542     ,  308.82963785459185     ) (  55.144507248636238     ,  307.48869779443277     )
 (  6.5601450573322566     ,  8.8384385483222960     ) (  3.3427345243012578E-007,  8.6577814613835946E-008) (  3.3313652337141152E-007,  8.5906526492957602E-008) ( -3.2413877413464984     ,  4.3164477885478343     )
   17.250774999999997        1.2500000000000000     
 (  56.454900985023606     ,  312.67365211597047     ) (  57.259100743870867     ,  311.65619764432824     )
 (  2.9422711797600707     ,  10.371038486052644     ) (  2.5224834953932948E-007,  1.3608480654327206E-007) (  2.5271819691968823E-007,  1.3612485010370481E-007) ( -4.2293887243767285     ,  3.4002600832086070     )
   17.300770000000000        1.2500000000000000     
 (  57.455882380702313     ,  316.36984166382263     ) (  58.763096705324372     ,  316.18809067588182     )
 ( -1.0540411827571499     ,  10.600555117233696     ) (  1.8345518374904958E-007,  1.6992793305611491E-007) (  1.8402148123129431E-007,  1.6999299045147327E-007) ( -4.8619655544695224     ,  2.0759541885082058     )
   17.350764999999999        1.2500000000000000     
 (  58.394083075345975     ,  319.85355629140298     ) (  59.560108778851742     ,  320.65753194373553     )
 ( -4.8903733327042831     ,  9.4951066337094652     ) (  1.1228868250546715E-007,  2.1133462986494371E-007) (  1.1296511486903682E-007,  2.1143874252073143E-007) ( -4.9577954304518919     , 0.50323069429055189     )
   17.400759999999998        1.2500000000000000     
 (  59.421256481845766     ,  323.16771795445027     ) (  59.851305660851807     ,  324.65341879518212     )
 ( -8.0979455151980364     ,  7.2531164277472984     ) (  1.2860028285207969E-008,  2.5206145357610123E-007) (  1.3659456734735559E-008,  2.5222273995199478E-007) ( -4.4609754735061466     , -1.0535299277184564     )
   17.450755000000001        1.2500000000000000     
 (  60.634006387769752     ,  326.42321106997576     ) (  60.066775267793183     ,  327.98444824748321     )
 ( -10.368365477888396     ,  4.2038810982034738     ) ( -1.1922489862970114E-007,  2.6003607356258249E-007) ( -1.1829201734691926E-007,  2.6027744137955947E-007) ( -3.4857191142484765     , -2.3527232953004233     )
   17.500750000000000        1.2500000000000000     
 (  62.056755252616661     ,  329.76778885013027     ) (  60.658942895175720     ,  330.78312605856439     )
 ( -11.550476698391719     , 0.69428409177840744     ) ( -2.5644185945561453E-007,  2.0725663076249548E-007) ( -2.5537050729727916E-007,  2.0760533245796342E-007) ( -2.2328962225650617     , -3.2867918563710230     )
   17.550744999999999        1.2500000000000000     
 (  63.621116671700555     ,  333.35147885938142     ) (  61.886285699597643     ,  333.43088992975891     )
 ( -11.579422515944113     , -2.9670269647808567     ) ( -3.5293662362186302E-007,  9.4735287989832461E-008) ( -3.5173084960659078E-007,  9.5220681415773345E-008) (-0.86122472782409398     , -3.8715803069269694     )
   17.600739999999998        1.2500000000000000     
 (  65.161781726236200     ,  337.26084213537530     ) (  63.718934188615819     ,  336.37271696282738     )
 ( -10.412899799506180     , -6.4765648659714827     ) ( -3.7414427403559612E-007, -3.9720496127107094E-008) ( -3.7281957628782732E-007, -3.9072179228127951E-008) ( 0.56315019212163331     , -4.1469534945625330     )
   17.650735000000001        1.2500000000000000     
 (  66.477634065015991     ,  341.44637308633583     ) (  65.875647566912676     ,  339.94204153560787     )
 ( -8.0557004834613295     , -9.4633688505814604     ) ( -3.2617889562094555E-007, -1.4243227608842879E-007) ( -3.2476215847786819E-007, -1.4160664089373432E-007) (  2.0170994828495510     , -4.0953106553688050     )
   17.700730000000000        1.2500000000000000     
 (  67.450987179035735     ,  345.72264501918363     ) (  67.932510659655165     ,  344.24763801900383     )
 ( -4.6708715775672376     , -11.489792451809921     ) ( -2.5374251601732925E-007, -1.8624470493200173E-007) ( -2.5428614720746662E-007, -1.8628238978746978E-007) (  3.4299998205285358     , -3.6401675752796572     )
   17.750724999999999        1.2500000000000000     
 (  68.129299872456841     ,  349.87846861487225     ) (  69.469522731890777     ,  349.12819532198159     )
 (-0.65113082847121306     , -12.177619837354763     ) ( -2.0069882584040599E-007, -1.9487497997051413E-007) ( -2.0135877707462883E-007, -1.9493670799165082E-007) (  4.6343734227825495     , -2.7210259601688755     )
   17.800719999999998        1.2500000000000000     
 (  68.678336934385314     ,  353.80024917906144     ) (  70.233174293636608     ,  354.18402352078073     )
 (  3.4405744319451812     , -11.372174812641658     ) ( -1.6361642878303783E-007, -2.0868322207653951E-007) ( -1.6441068676663512E-007, -2.0878563568507157E-007) (  5.3929659194682600     , -1.4014666847500186     )
   17.850715000000001        1.2500000000000000     
 (  69.275491525720781     ,  357.50598991697967     ) (  70.271739860409014     ,  358.91874569827297     )
 (  7.0440542882257091     , -9.1958201366842403     ) ( -1.0731404211507036E-007, -2.3808422073547615E-007) ( -1.0826014583739269E-007, -2.3824902094445132E-007) (  5.5293288722060749     ,  9.2931230545851923E-002)
   17.900710000000000        1.2500000000000000     
 (  70.040734799634464     ,  361.09918410155063     ) (  69.953755619625795     ,  362.96318650768848     )
 (  9.7436027046380058     , -5.9743901578545788     ) ( -7.8996799823184058E-009, -2.5372721387124150E-007) ( -9.0129080727471118E-009, -2.5398246724675277E-007) (  5.0482712385908961     ,  1.4647336246186893     )
   17.950704999999999        1.2500000000000000     
 (  71.022124024768644     ,  364.72359730633337     ) (  69.810992456064199     ,  366.27424501400441     )
 (  11.314224542285761     , -2.1078109759505397     ) (  1.2066757507861538E-007, -2.1500425473339702E-007) (  1.1937708231521858E-007, -2.1538443527787150E-007) (  4.1270500213230017     ,  2.5086250469532114     )
   18.000699999999998        1.2500000000000000     
 (  72.185445615082429     ,  368.53748551336088     ) (  70.273366591137716     ,  369.16149490518706     )
 (  11.672611093256874     ,  2.0327568803247695     ) (  2.3175720769659901E-007, -1.0438244584730585E-007) (  2.3028941966168439E-007, -1.0492752475307863E-007) (  2.9730078529472315     ,  3.1888037744209070     )
   18.050695000000001        1.2500000000000000     
 (  73.395333970638347     ,  372.66774057626668     ) (  71.474692593980492     ,  372.12172995970997     )
 (  10.786541437923500     ,  6.1193645311922173     ) (  2.7438417092779265E-007,  5.2433052769336786E-008) (  2.7275431294812138E-007,  5.1682284480947382E-008) (  1.6983343045820021     ,  3.5643194628707549     )
   18.100690000000000        1.2500000000000000     
 (  74.438680144077793     ,  377.12823658296196     ) (  73.226424380504042     ,  375.61625594161319     )
 (  8.6403801924479602     ,  9.7933611447283422     ) (  2.3224588813764512E-007,  1.9453228509379393E-007) (  2.3048696105624861E-007,  1.9354539562401871E-007) ( 0.31947370693557309     ,  3.6644255095290714     )
   18.150684999999999        1.2500000000000000     
 (  75.132328651220561     ,  381.76907742540720     ) (  75.111411659341258     ,  379.90524378229873     )
 (  5.3209662332580638     ,  12.605192413277894     ) (  1.4322839816931398E-007,  2.6888022509328075E-007) (  1.4384894971433553E-007,  2.6891541074443722E-007) ( -1.1487867639488456     ,  3.4297888726403198     )
   18.200679999999998        1.2500000000000000     
 (  75.453600070580933     ,  386.34841014947170     ) (  76.632116113036361     ,  384.96177817770467     )
 (  1.1402791375376333     ,  14.086323830333219     ) (  7.2174484703248645E-008,  2.8040162457376922E-007) (  7.2933285584693817E-008,  2.8045748603819531E-007) ( -2.6002572930474575     ,  2.7518095854557787     )
   18.250675000000001        1.2500000000000000     
 (  75.549750187451437     ,  390.68565459189438     ) (  77.384261249580732     ,  390.45966187986670     )
 ( -3.3469199414247286     ,  13.938640224991405     ) (  4.0824136828105909E-008,  2.7969615006599367E-007) (  4.1744890550806804E-008,  2.7979225850336958E-007) ( -3.8006399919779339     ,  1.5929805114670044     )
   18.300670000000000        1.2500000000000000     
 (  75.626627569547310     ,  394.75215876288127     ) (  77.232871097030326     ,  395.86855692045657     )
 ( -7.5007011684956177     ,  12.163120482762906     ) (  1.5155959907755231E-008,  3.0294304854533128E-007) (  1.6262095321782937E-008,  3.0310487527931331E-007) ( -4.4843646462967834     ,  9.1894900905157728E-002)
   18.350664999999999        1.2500000000000000     
 (  75.838604130987932     ,  398.63711337883637     ) (  76.413011275609520     ,  400.66046310842773     )
 ( -10.781486452052960     ,  9.0362734315149336     ) ( -4.9176478525167478E-008,  3.3333478631654874E-007) ( -4.7863552908673501E-008,  3.3359527438043572E-007) ( -4.5183672830446477     , -1.4468333896557981     )
   18.400659999999998        1.2500000000000000     
 (  76.260015758193902     ,  402.47982946299675     ) (  75.464765065834783     ,  404.56899467377730     )
 ( -12.852496327626678     ,  4.9847526888267302     ) ( -1.5891169814377122E-007,  3.2161418608268044E-007) ( -1.5737505921066053E-007,  3.2201597123059044E-007) ( -3.9983358737631698     , -2.7139462059679844     )
   18.450655000000001        1.2500000000000000     
 (  76.889856721455331     ,  406.43714250215868     ) (  74.978990826734162     ,  407.74472944398912     )
 ( -13.573454994612133     , 0.44939857208659267     ) ( -2.7428520277413911E-007,  2.2949626390001955E-007) ( -2.7251830018703423E-007,  2.3009056774614824E-007) ( -3.1581928504555714     , -3.5706178232799122     )
   18.500650000000000        1.2500000000000000     
 (  77.636564282686095     ,  410.65951857710047     ) (  75.304106013971918     ,  410.67363932906017     )
 ( -12.912915669103501     , -4.1868711924691153     ) ( -3.3264427905568787E-007,  6.2789203132036160E-008) ( -3.3065839160868461E-007,  6.3633333185902492E-008) ( -2.1829256987702323     , -4.0572209060254689     )
   18.550644999999999        1.2500000000000000     
 (  78.307597052002109     ,  415.22440569106533     ) (  76.412191050363617     ,  413.93106744813394     )
 ( -10.861321989221569     , -8.5605736227151148     ) ( -2.9161951285813553E-007, -1.2089253883317865E-007) ( -2.8945045445598620E-007, -1.1974632621197120E-007) ( -1.1202619804360647     , -4.2550606903181558     )
   18.600639999999999        1.2500000000000000     
 (  78.677688094804182     ,  420.04938324502598     ) (  77.949633458918854     ,  417.94878159289914     )
 ( -7.4568345179531130     , -12.230606514747036     ) ( -1.6886192702951912E-007, -2.4494394684201146E-007) ( -1.6956039050651795E-007, -2.4497864056455117E-007) (  5.6018947434533596E-002, -4.1608045184708056     )
   18.650635000000001        1.2500000000000000     
 (  78.640697124205857     ,  424.89963481630451     ) (  79.382581052945156     ,  422.87545998796435     )
 ( -2.9209393947665303     , -14.670618633081304     ) ( -4.1397733664875894E-008, -2.8175936465154619E-007) ( -4.2258074498944312E-008, -2.8180816495983541E-007) (  1.3265450591691221     , -3.6651025380576367     )
   18.700630000000000        1.2500000000000000     
 (  78.293401632951785     ,  429.53548186141398     ) (  80.176952586102146     ,  428.51917048744610     )
 (  2.2361204961277732     , -15.439054126451685     ) (  3.3755342040363770E-008, -2.7691831891489051E-007) (  3.2702131154224301E-008, -2.7700300509559640E-007) (  2.5228803548442782     , -2.6514217095551929     )
   18.750624999999999        1.2500000000000000     
 (  77.855483258940936     ,  433.86774595155686     ) (  79.999723110323075     ,  434.39071088212256     )
 (  7.3172766043360387     , -14.377502402527274     ) (  7.2083612742763120E-008, -2.9449668833014263E-007) (  7.0806750458530526E-008, -2.9464694265282087E-007) (  3.3571124965053478     , -1.1411892895219122     )
   18.800620000000002        1.2500000000000000     
 (  77.517343112362894     ,  437.96589959024857     ) (  78.883421796842498     ,  439.86683707835425     )
 (  11.650229918002784     , -11.662157173583507     ) (  1.3305636330385718E-007, -3.4309851540154942E-007) (  1.3152661169140571E-007, -3.4335349902659895E-007) (  3.5747440677034090     , 0.62154591355449385     )
   18.850615000000001        1.2500000000000000     
 (  77.374055590755219     ,  441.97027791348273     ) (  77.266311153645134     ,  444.45763256992194     )
 (  14.748523658174459     , -7.7028957609989854     ) (  2.4998563654381149E-007, -3.7295631142774395E-007) (  2.4817771868929887E-007, -3.7336642410351146E-007) (  3.1405007515313876     ,  2.2600015399869791     )
   18.900610000000000        1.2500000000000000     
 (  77.439433851471179     ,  446.03269815411113     ) (  75.820881396814016     ,  448.07045929955245     )
 (  16.358541064032664     , -2.9929310117248131     ) (  3.9818923947965034E-007, -3.2507695872871158E-007) (  3.9608731558457597E-007, -3.2570534993176153E-007) (  2.2660141433622405     ,  3.4927909984398493     )
   18.950604999999999        1.2500000000000000     
 (  77.653729760678033     ,  450.30242415229134     ) (  75.115241159147814     ,  451.07398721423147     )
 (  16.403925872625415     ,  2.0122559682332031     ) (  5.0981826657123982E-007, -1.7876644343506362E-007) (  5.0742595158937422E-007, -1.7968841200758518E-007) (  1.2233595395299517     ,  4.2739214697238088     )
   19.000600000000002        1.2500000000000000     
 (  77.861668925466589     ,  454.89176008319015     ) (  75.343305565552114     ,  454.09374796427051     )
 (  14.874916323828437     ,  6.9180499723337903     ) (  5.1638009731934842E-007,  2.4299190431672034E-008) (  5.1373062678583839E-007,  2.3005571149762982E-008) ( 0.15034074216034918     ,  4.7050412277004474     )
   19.050595000000001        1.2500000000000000     
 (  77.830409625946459     ,  459.78629419074218     ) (  76.284396419429569     ,  457.71658374332009     )
 (  11.779967333951070     ,  11.300118581840437     ) (  4.0213011911527845E-007,  1.9458289259122470E-007) (  4.0290517254461271E-007,  1.9462204946406481E-007) (-0.96521750165809828     ,  4.8542643548939033     )
   19.100590000000000        1.2500000000000000     
 (  77.381778191050103     ,  464.78712845862231     ) (  77.429879479804228     ,  462.27995985694594     )
 (  7.2431491295543156     ,  14.619120207121473     ) (  2.3756485439414229E-007,  2.6512926695442701E-007) (  2.3852626616999206E-007,  2.6517176997593712E-007) ( -2.1697901496962877     ,  4.6543684534424932     )
   19.150585000000000        1.2500000000000000     
 (  76.541161568179490     ,  469.60958386319589     ) (  78.167141492059685     ,  467.76515982048170     )
 (  1.6781685036223961     ,  16.320649023716321     ) (  1.1381138692930630E-007,  2.5551678349573363E-007) (  1.1499896368707125E-007,  2.5558622420835061E-007) ( -3.3858616857548447     ,  3.9486764048033285     )
   19.200580000000002        1.2500000000000000     
 (  75.529565802563795     ,  474.08654741850347     ) (  77.993985683922489     ,  473.79006589537806     )
 ( -4.2180482765648524     ,  16.070217975595565     ) (  5.2849928352026751E-008,  2.5012698287515215E-007) (  5.4304183901552080E-008,  2.5025753603504935E-007) ( -4.3604313447781466     ,  2.6387824732792513     )
   19.250575000000001        1.2500000000000000     
 (  74.589730574057540     ,  478.25380947869519     ) (  76.724377993407813     ,  479.71998470558583     )
 ( -9.6671207809806106     ,  13.899149192793152     ) ( -7.3970901494559896E-009,  2.9633715487080775E-007) ( -5.6372840985342565E-009,  2.9657397886517199E-007) ( -4.7574481460428073     , 0.84583234839538812     )
   19.300570000000000        1.2500000000000000     
 (  73.856026425182449     ,  482.26450935488873     ) (  74.613490274198355     ,  484.90262855987766     )
 ( -14.026241147362716     ,  10.152614176115366     ) ( -1.3141795426233572E-007,  3.5796924636087933E-007) ( -1.2931678818790851E-007,  3.5837123326357127E-007) ( -4.3770824580362735     , -1.0638002995491831     )
   19.350565000000000        1.2500000000000000     
 (  73.353882861979315     ,  486.28632713115877     ) (  72.306287710239957     ,  488.97861651717972     )
 ( -16.890951763559482     ,  5.3411486988741945     ) ( -3.2038921974155040E-007,  3.5929945988742021E-007) ( -3.1791929803645563E-007,  3.5994206652626047E-007) ( -3.3244834085258734     , -2.6728712650109689     )
   19.400560000000002        1.2500000000000000     
 (  73.036535506914674     ,  490.47118898953528     ) (  70.543571990425050     ,  492.10291929350751     )
 ( -18.087129030625643     , -7.9028525388021645E-003) ( -5.1076240489737184E-007,  2.4910636305388932E-007) ( -5.0791543922431787E-007,  2.5008307235874360E-007) ( -1.9219153344364781     , -3.7782889884578035     )
   19.450555000000001        1.2500000000000000     
 (  72.780047449411015     ,  494.94892442780400     ) (  69.777236672899065     ,  494.86876710528810     )
 ( -17.575272393592833     , -5.4369343954997245     ) ( -6.1301337749101846E-007,  4.1776326746111454E-008) ( -6.0981374519391195E-007,  4.3193798632863166E-008) (-0.44087871200796047     , -4.4384345421286087     )
   19.500550000000000        1.2500000000000000     
 (  72.365478205040375     ,  499.76567177460208     ) (  69.982769051557426     ,  497.99044214913306     )
 ( -15.345902994510430     , -10.518794487089492     ) ( -5.7057680502250770E-007, -1.7590084942582463E-007) ( -5.7142435892936698E-007, -1.7595427334994737E-007) (  1.0441610674558683     , -4.7860901782996024     )
   19.550545000000000        1.2500000000000000     
 (  71.558349056105172     ,  504.78634012828115     ) (  70.729597951940832     ,  502.00209754312999     )
 ( -11.437144451409484     , -14.730758878908450     ) ( -4.2496089519739979E-007, -3.0106423984504167E-007) ( -4.2601877343686899E-007, -3.0110556109544083E-007) (  2.5933012120841825     , -4.8358242536509053     )
   19.600540000000002        1.2500000000000000     
 (  70.285663465335631     ,  509.71184931239998     ) (  71.367494451613439     ,  507.08503740417893     )
 ( -6.1258054233313519     , -17.452582294511032     ) ( -2.8613740020232826E-007, -3.0631863543304727E-007) ( -2.8745625508725628E-007, -3.0637218414548960E-007) (  4.2122865031400787     , -4.4469350854628473     )
   19.650535000000001        1.2500000000000000     
 (  68.728348874143705     ,  514.28347079293735     ) (  71.252132993821306     ,  513.00984643115908     )
 ( -3.3342356483352827E-002, -18.179359893424060     ) ( -2.2774155836321663E-007, -2.7529386298805722E-007) ( -2.2937390958163567E-007, -2.7539681843491191E-007) (  5.7229539244663021     , -3.4336713112892587     )
   19.700530000000001        1.2500000000000000     
 (  67.176321539529965     ,  518.46531718682661     ) (  69.980130182706219     ,  519.19452672572709     )
 (  6.0135792961213976     , -16.761423835063471     ) ( -2.0687902777675227E-007, -3.0137023886132718E-007) ( -2.0887648176921423E-007, -3.0157496800221170E-007) (  6.7636311256014885     , -1.7636222204374723     )
   19.750525000000000        1.2500000000000000     
 (  65.825509878802777     ,  522.40721487008352     ) (  67.574283483965402     ,  524.89408204845336     )
 (  11.243323926465903     , -13.432702766601386     ) ( -1.2860216832503135E-007, -3.8218161651095080E-007) ( -1.3101321091419096E-007, -3.8255595193872785E-007) (  6.9721058698244232     , 0.30030199553698489     )
   19.800520000000002        1.2500000000000000     
 (  64.726278690043287     ,  526.30062099615623     ) (  64.542075831773900     ,  529.49910532667968     )
 (  15.101733465545022     , -8.6763910279093803     ) (  4.7848680484102124E-008, -4.3518913596785612E-007) (  4.4982543995165593E-008, -4.3582113203023719E-007) (  6.2521515863901804     ,  2.2752245169134215     )
   19.850515000000001        1.2500000000000000     
 (  63.837869341559220     ,  530.30562886455198     ) (  61.704175669011157     ,  532.86358998879166     )
 (  17.290432083451904     , -3.0663836843044843     ) (  2.7738232463084581E-007, -3.7745084497302764E-007) (  2.7403671445088647E-007, -3.7845246211241820E-007) (  4.8636295188012975     ,  3.7638357438566490     )
   19.900510000000001        1.2500000000000000     
 (  63.060232355985022     ,  534.55258065252588     ) (  59.781600824390040     ,  535.42427820350679     )
 (  17.712150326852861     ,  2.8611176373844911     ) (  4.6059660344669542E-007, -1.8709524083197185E-007) (  4.5678090759123487E-007, -1.8860249590691620E-007) (  3.1869066684649447     ,  4.6893812562736583     )
   19.950505000000000        1.2500000000000000     
 (  62.211438712448810     ,  539.12424723017659     ) (  59.030067030329413     ,  537.95711433292365     )
 (  16.351910158073977     ,  8.6419866792376059     ) (  5.0235135242263416E-007,  6.9226476845206116E-008) (  5.0326552448030166E-007,  6.9309962011466256E-008) (  1.4312987136317628     ,  5.2007557691860979     )
   20.000500000000002        1.2500000000000000     
 (  61.044324258346151     ,  543.96263918147520     ) (  59.182582126933411     ,  541.19225903930328     )
 (  13.205117931538892     ,  13.775535508867211     ) (  3.9803612694414407E-007,  2.6748643451280889E-007) (  3.9918188669498388E-007,  2.6753727369990235E-007) (-0.42325594771133590     ,  5.4089123684380205     )
   20.050495000000002        1.2500000000000000     
 (  59.395477369257989     ,  548.80485444129602     ) (  59.616129073851582     ,  545.54468898015352     )
 (  8.4187269314677629     ,  17.628792828790697     ) (  2.5068923205238872E-007,  3.2162117267049821E-007) (  2.5213049632671175E-007,  3.2166223857167191E-007) ( -2.4455808449611576     ,  5.2413248916859390     )
   20.100490000000001        1.2500000000000000     
 (  57.365882863532974     ,  553.32517172690621     ) (  59.588367198293156     ,  550.99420342361930     )
 (  2.4839612464389114     ,  19.560788352583241     ) (  1.8778814185826206E-007,  2.8284298197347863E-007) (  1.8959217099965622E-007,  2.8291382819654293E-007) ( -4.5615094166046299     ,  4.4788160976545317     )
   20.150485000000000        1.2500000000000000     
 (  55.266519191824287     ,  557.39336759115872     ) (  58.495346936546277     ,  557.08692818659267     )
 ( -3.7862188875939138     ,  19.219716740266254     ) (  2.1571670922324160E-007,  2.8308003090890994E-007) (  2.1795130843728970E-007,  2.8323900345597808E-007) ( -6.4528420963155364     ,  2.9463757689778594     )
   20.200480000000002        1.2500000000000000     
 (  53.367877590089009     ,  561.13818678243877     ) (  56.104048593731783     ,  563.07568561485709     )
 ( -9.5248407685234007     ,  16.684559283186019     ) (  2.2341606412879664E-007,  3.7663118738533379E-007) (  2.2614583179101814E-007,  3.7695617487588591E-007) ( -7.6520257824768887     , 0.73668459039143630     )
   20.250475000000002        1.2500000000000000     
 (  51.759047213541429     ,  564.78794617640983     ) (  52.688301409422344     ,  568.17904955336849     )
 ( -14.042604846403222     ,  12.365206379751291     ) (  1.1877600804440231E-007,  4.9267307569190798E-007) (  1.2205929456753966E-007,  4.9326501797609573E-007) ( -7.8218575141257398     , -1.7107394207407567     )
   20.300470000000001        1.2500000000000000     
 (  50.392571653023857     ,  568.53182181026159     ) (  48.998877630570171     ,  571.92911370116224     )
 ( -16.908377643097754     ,  6.8376745614434098     ) ( -8.8895371528639534E-008,  5.1906508119244123E-007) ( -8.5014424464511451E-008,  5.2005496439824091E-007) ( -7.0249968697799590     , -3.8314418165904471     )
   20.350465000000000        1.2500000000000000     
 (  49.160336215917646     ,  572.49817213733320     ) (  45.946406192803316     ,  574.47232982030505     )
 ( -17.936859363137025     , 0.70152501904267350     ) ( -3.0471461663615594E-007,  3.9096886875727735E-007) ( -3.0022447612874806E-007,  3.9252148452812722E-007) ( -5.6579305004595017     , -5.3209515720259253     )
   20.400459999999999        1.2500000000000000     
 (  47.902627706330016     ,  576.77101286567188     ) (  44.109666786277650     ,  576.51869632334910     )
 ( -17.098850008930938     , -5.5151204833012892     ) ( -4.0448660836764599E-007,  1.3900441528414206E-007) ( -4.0545908084037011E-007,  1.3886668831257774E-007) ( -4.0818316815860474     , -6.2481760434465770     )
   20.450454999999998        1.2500000000000000     
 (  46.388285664771288     ,  581.34112426930346     ) (  43.474237178035146     ,  578.94312628322155     )
 ( -14.392559353490940     , -11.314187538052783     ) ( -3.3016370699558160E-007, -1.1406425883041341E-007) ( -3.3138530366517128E-007, -1.1414391421217557E-007) ( -2.3745479415320623     , -6.7991173980448112     )
   20.500450000000001        1.2500000000000000     
 (  44.395132406746107     ,  586.00266871589190     ) (  43.522770799272010     ,  582.39462012007493     )
 ( -9.8865195374975610     , -16.091357650157441     ) ( -1.4850919081133503E-007, -2.2772746291808119E-007) ( -1.5005745706269856E-007, -2.2776754221596784E-007) (-0.43582990241078845     , -7.0079145723537488     )
   20.550445000000000        1.2500000000000000     
 (  41.924238532825463     ,  590.39271450595936     ) (  43.478697636813415     ,  587.09032795659959     )
 ( -3.9298786487008455     , -19.132100026504602     ) ( -2.4755441623752528E-008, -1.8848765525356901E-007) ( -2.6716063954338174E-008, -1.8852725027323669E-007) (  1.7858621470979403     , -6.6826324745169234     )
   20.600439999999999        1.2500000000000000     
 (  39.275310078562391     ,  594.26361226631434     ) (  42.583376544376982     ,  592.75703844623922     )
 (  2.7269687582388751     , -19.892124486662048     ) ( -4.3766096588597868E-008, -1.3897681754989168E-007) ( -4.6227113134030888E-008, -1.3907891790991179E-007) (  4.0949508458632717     , -5.5441663795349205     )
   20.650434999999998        1.2500000000000000     
 (  36.812177050774260     ,  597.68248723683939     ) (  40.369760005196888     ,  598.71888767908320     )
 (  9.1439295346525071     , -18.265164517061510     ) ( -1.1271010905387473E-007, -2.0744985825945695E-007) ( -1.1575651165279945E-007, -2.0770251907075178E-007) (  6.0266775869774083     , -3.4825639344504329     )
   20.700430000000001        1.2500000000000000     
 (  34.707353901819488     ,  600.91564117085034     ) (  36.852477972191906     ,  604.12057509511885     )
 (  14.496360505307189     , -14.557998100953862     ) ( -8.6825335702195378E-008, -3.6542862786008653E-007) ( -9.0536544857212098E-008, -3.6594766174783433E-007) (  7.0570492338481738     ,-0.77105700741375216     )
   20.750425000000000        1.2500000000000000     
 (  32.928107497133063     ,  604.21644335565179     ) (  32.594804465491961     ,  608.23838819650678     )
 (  18.210357972057217     , -9.3150210439413001     ) (  7.9070982019000929E-008, -4.8266828179216404E-007) (  7.4627920383597756E-008, -4.8360352860458607E-007) (  6.9673978289038168     ,  1.9770212676460210     )
   20.800419999999999        1.2500000000000000     
 (  31.343462852567463     ,  607.74508615437117     ) (  28.559596053255436     ,  610.86180215007073     )
 (  19.976839123244741     , -3.1705275175056409     ) (  3.1069192999160262E-007, -4.4826419970946432E-007) (  3.0547854903188320E-007, -4.4980815764513059E-007) (  6.0305689362725943     ,  4.2030717897023306     )
   20.850414999999998        1.2500000000000000     
 (  29.785059669927726     ,  611.58827371726136     ) (  25.630959837746211     ,  612.49322063290549     )
 (  19.708171188296614     ,  3.2710460756323041     ) (  4.6751266401275474E-007, -2.4504794353399307E-007) (  4.6853525927294037E-007, -2.4482104354899198E-007) (  4.7279446349334373     ,  5.7753213578678624     )
   20.900410000000001        1.2500000000000000     
 (  28.035362194822014     ,  615.76177713714230     ) (  24.127254637070912     ,  614.07310801357744     )
 (  17.409585043380584     ,  9.4733571720222685     ) (  4.4019504337915588E-007,  2.9140956224042185E-008) (  4.4147662860010035E-007,  2.9279473723818676E-008) (  3.3037762950995795     ,  6.8870700121862418     )
   20.950405000000000        1.2500000000000000     
 (  25.841268113820206     ,  620.12432100624699     ) (  23.717608223896509     ,  616.48145007853122     )
 (  13.124366035383781     ,  14.865259664154006     ) (  2.3376161745623700E-007,  1.9954094516890108E-007) (  2.3539544096028261E-007,  1.9960171217401985E-007) (  1.6957529903877449     ,  7.6952604698605080     )
   21.000399999999999        1.2500000000000000     
 (  23.092458374480870     ,  624.32087689031653     ) (  23.645877872960952     ,  620.20122793074381     )
 (  7.0768630324677719     ,  18.724734751900993     ) (  1.5316258936994824E-008,  1.6809377210655218E-007) (  1.7408490876679461E-008,  1.6811210767019619E-007) (-0.25448041794458853     ,  8.0965010924632104     )
   21.050394999999998        1.2500000000000000     
 (  20.016074799426328     ,  627.98714735391729     ) (  23.032402807644310     ,  625.18515719211450     )
 ( -9.3648546450571996E-002,  20.356042301354819     ) ( -4.1600298046586439E-008,  4.1588940377278570E-008) ( -3.8936521433120129E-008,  4.1629853147723405E-008) ( -2.5214942292963927     ,  7.7701084529951965     )
   21.100390000000001        1.2500000000000000     
 (  17.046449387521509     ,  631.06919853418344     ) (  21.187492470588783     ,  630.88187436195778     )
 ( -7.4120093626003412     ,  19.447964136197925     ) (  3.7488046045758890E-008,  1.8773039966774840E-008) (  4.0834892657779244E-008,  1.8933821866467730E-008) ( -4.7494720724941768     ,  6.4178198897503114     )
   21.150385000000000        1.2500000000000000     
 (  14.476883201822796     ,  633.83277617953058     ) (  17.861198338292628     ,  636.42846417904741     )
 ( -13.916548372371057     ,  16.179233184912011     ) (  7.3108305353193168E-008,  1.5220560001064827E-007) (  7.7243830748101873E-008,  1.5261671930679450E-007) ( -6.3418271905711672     ,  4.0617671122775763     )
   21.200379999999999        1.2500000000000000     
 (  12.327628197768684     ,  636.60477531151332     ) (  13.361389357879172     ,  640.93067079191906     )
 ( -18.881150768601334     ,  11.045010497491521     ) ( -5.2538263590684830E-008,  3.1813260930370090E-007) ( -4.7520149473396658E-008,  3.1896398844420171E-007) ( -6.8044425177461463     ,  1.1973839494931451     )
   21.250374999999998        1.2500000000000000     
 (  10.453441505325625     ,  639.60454759975300     ) (  8.5464467871513445     ,  643.81942797294869     )
 ( -21.846756247677369     ,  4.6873225007861832     ) ( -3.0540933280479141E-007,  3.6134222216077405E-007) ( -2.9943776900818043E-007,  3.6281416604468388E-007) ( -6.1459385330342622     , -1.4451846164802362     )
   21.300370000000001        1.2500000000000000     
 (  8.6580293707962195     ,  642.93450715048607     ) (  4.5115885925389323     ,  645.23730633628031     )
 ( -22.607239025362148     , -2.2193520936403055     ) ( -5.4278874066435974E-007,  2.0951588017777262E-007) ( -5.4385333482276642E-007,  2.0915187968295550E-007) ( -4.8625121585808770     , -3.4407711863785031     )
   21.350365000000000        1.2500000000000000     
 (  6.7240420863045900     ,  646.61314234523115     ) (  1.9746714404577592     ,  646.03861845961535     )
 ( -21.126185208111718     , -9.0534616441597784     ) ( -6.1327125422176162E-007, -8.3369624200617700E-008) ( -6.1459529812051066E-007, -8.3610627142457605E-008) ( -3.4159381616466726     , -4.8775993806681557     )
   21.400359999999999        1.2500000000000000     
 (  4.3997163350569197     ,  650.54434484590536     ) ( 0.91585117652952452     ,  647.29228472071213     )
 ( -17.438921631219667     , -15.228469449335320     ) ( -4.4572939534736348E-007, -3.3735046307389640E-007) ( -4.4742130603506747E-007, -3.3746780769538626E-007) ( -1.8939887922569179     , -6.0264188657339011     )
   21.450354999999998        1.2500000000000000     
 (  1.4951583401746249     ,  654.42046127473805     ) ( 0.69541171478837716     ,  649.77595512051255     )
 ( -11.677047132965381     , -20.038935699895514     ) ( -1.6299679717821416E-007, -3.7114428643465327E-007) ( -1.6518588143929971E-007, -3.7116446171478636E-007) (-0.10577611597062675     , -6.9435554312836087     )
   21.500350000000001        1.2500000000000000     
 ( -1.8742491272847328     ,  657.80409262589842     ) ( 0.37527721403531106     ,  653.72818640612752     )
 ( -4.3282166134175606     , -22.685901573608973     ) ( -5.1795190020479367E-009, -2.0312836273125517E-007) ( -8.0086148100389919E-009, -2.0311381076372657E-007) (  2.0901293687821556     , -7.3649707937045488     )
   21.550345000000000        1.2500000000000000     
 ( -5.2526401733567543     ,  660.48743693890776     ) (-0.93150432787999726     ,  658.79852585971503     )
 (  3.6659989169089555     , -22.635499713826199     ) ( -6.0914539553576154E-008, -6.4409430117470595E-008) ( -6.4528117753577349E-008, -6.4463265110861626E-008) (  4.5188853786220164     , -6.8779289828130574     )
   21.600339999999999        1.2500000000000000     
 ( -8.2038613064014410     ,  662.68671662849613     ) ( -3.7406388818903586     ,  664.19041918109315     )
 (  11.225839408432996     , -19.892363210700125     ) ( -1.6084604155180938E-007, -1.2028458669012891E-007) ( -1.6538325929636929E-007, -1.2055307966713340E-007) (  6.6363356444464419     , -5.2457369734474382     )
   21.650334999999998        1.2500000000000000     
 ( -10.608703841072215     ,  664.80805306309890     ) ( -8.0270928522688436     ,  668.93802620870474     )
 (  17.472077663017298     , -14.879616602400681     ) ( -1.0403081303693879E-007, -2.9470862200675853E-007) ( -1.0961874353124872E-007, -2.9538332398200767E-007) (  7.7607671323677749     , -2.7086807213307686     )
   21.700330000000001        1.2500000000000000     
 ( -12.610790153020149     ,  667.16770706988382     ) ( -13.173384790056049     ,  672.20567332671055     )
 (  21.797503278903751     , -8.2201996477652877     ) (  1.4260974005238794E-007, -3.9728357450913246E-007) (  1.3586379614575529E-007, -3.9861313456408745E-007) (  7.5496254712307884     ,  3.8052399371641607E-003)
   21.750325000000000        1.2500000000000000     
 ( -14.454855995438781     ,  669.91928005190471     ) ( -18.068966654193776     ,  673.70191338682332     )
 (  23.847215839792028     ,-0.62421574717030615     ) (  4.5227370574241253E-007, -2.9470048347782073E-007) (  4.5337593260021111E-007, -2.9413486723550436E-007) (  6.3239593370762668     ,  2.1663565342187989     )
   21.800319999999999        1.2500000000000000     
 ( -16.401419579620036     ,  673.08505091192148     ) ( -21.639820662503926     ,  673.99170882901331     )
 (  23.481463059170871     ,  7.1919734518894671     ) (  6.4620429497463059E-007,  1.6849590616359727E-008) (  6.4755283162119072E-007,  1.7254026297248946E-008) (  4.7153816346767963     ,  3.6089991777748280     )
   21.850314999999998        1.2500000000000000     
 ( -18.714226704272363     ,  676.57655227762109     ) ( -23.486306601914904     ,  674.20593469927883     )
 (  20.706150568842197     ,  14.566209928312357     ) (  5.7815639351654973E-007,  3.8294905149639103E-007) (  5.7987545650432560E-007,  3.8317705988776924E-007) (  3.0678046876974876     ,  4.6345251313022793     )
   21.900310000000001        1.2500000000000000     
 ( -21.631897491140819     ,  680.12664341626657     ) ( -24.014386820633053     ,  675.40018610810966     )
 (  15.597466532034666     ,  20.787952336871616     ) (  2.8719108030975462E-007,  5.6424778166647648E-007) (  2.8943356928458035E-007,  5.6431081256106582E-007) (  1.2721142913641208     ,  5.4993980677637975     )
   21.950305000000000        1.2500000000000000     
 ( -25.162060028590705     ,  683.26401313128133     ) ( -24.136318279921674     ,  678.13062693981146     )
 (  8.4855019920346386     ,  24.999898020191083     ) (  2.7364830486594583E-008,  4.5474039939249196E-007) (  3.0306632373596206E-008,  4.5469209649632053E-007) (-0.92778882962117948     ,  6.1007892059583133     )
   22.000299999999999        1.2500000000000000     
 ( -28.890477104766706     ,  685.60725923104928     ) ( -24.884199217230108     ,  682.30748844756567     )
 ( 0.19826208924820801     ,  26.447630164099472     ) (  2.2022068609894958E-008,  2.4747220894811108E-007) (  2.5848574695249912E-008,  2.4741701276929966E-007) ( -3.5638993356288151     ,  6.0245204134394275     )
   22.050295000000002        1.2500000000000000     
 ( -32.235224093071785     ,  687.24072052639610     ) ( -27.023649485759371     ,  687.26204361206499     )
 ( -8.1146634421887640     ,  24.895070385579789     ) (  1.8200946683990834E-007,  2.2261024391831642E-007) (  1.8690216016790966E-007,  2.2270750795710228E-007) ( -6.2436174363555965     ,  4.8437002605081529     )
   22.100290000000001        1.2500000000000000     
 ( -34.905566149938522     ,  688.61792284586352     ) ( -30.797582350048767     ,  692.02184617757257     )
 ( -15.423173436977347     ,  20.644426269443255     ) (  2.3592665484159649E-007,  4.0710662906182922E-007) (  2.4205482401657919E-007,  4.0757111779191521E-007) ( -8.2299681331037391     ,  2.4983145140865539     )
   22.150285000000000        1.2500000000000000     
 ( -36.986248652181388     ,  690.18254188272715     ) ( -35.865527284034386     ,  695.60655787929818     )
 ( -20.987029145913247     ,  14.266483154793260     ) (  5.0790411037896475E-008,  5.9857053166007405E-007) (  5.8303735690330405E-008,  5.9967994979049959E-007) ( -8.8487908448119263     ,-0.45938165470552156     )
   22.200279999999999        1.2500000000000000     
 ( -38.750751126251743     ,  692.19055707506470     ) ( -41.284736582336294     ,  697.34871008880884     )
 ( -24.312197719066685     ,  6.4484015037470828     ) ( -2.8782960049153977E-007,  5.9647406668380533E-007) ( -2.8897268693304134E-007,  5.9562487100488756E-007) ( -8.0539177091258427     , -3.1075011932457213     )
   22.250275000000002        1.2500000000000000     
 ( -40.523094018131715     ,  694.71376723997014     ) ( -45.779332735295768     ,  697.36850197567639     )
 ( -25.116114365353710     , -2.0522546402928379     ) ( -5.9109553969075776E-007,  3.2670494638004545E-007) ( -5.9245378037466754E-007,  3.2605571771803959E-007) ( -6.4694913082582017     , -4.8767999271704676     )
   22.300270000000001        1.2500000000000000     
 ( -42.615080639355831     ,  697.67569931343473     ) ( -48.473764680737943     ,  696.67059463461476     )
 ( -23.323396435250601     , -10.486653848885187     ) ( -6.5090693785546839E-007, -1.0914316201670870E-007) ( -6.5262007370037976E-007, -1.0955774293692597E-007) ( -4.7388481965469937     , -5.9156603348715047     )
   22.350265000000000        1.2500000000000000     
 ( -45.309708333889809     ,  700.83848682047767     ) ( -49.401981237472818     ,  696.53887511959738     )
 ( -18.969465979836095     , -18.104353778740048     ) ( -4.0230361829831314E-007, -4.5584297450458687E-007) ( -4.0454826596785591E-007, -4.5601355667481146E-007) ( -2.9732043098361953     , -6.6403527248175003     )
   22.400259999999999        1.2500000000000000     
 ( -48.733823843568885     ,  703.73946396796691     ) ( -49.352754068093851     ,  697.88318749047960     )
 ( -12.259951937356245     , -24.026305421024528     ) ( -4.7188609548898801E-008, -4.8231835545615944E-007) ( -5.0176371578940582E-008, -4.8228077571307877E-007) (-0.89409381015332934     , -7.1816693199192683     )
   22.450255000000002        1.2500000000000000     
 ( -52.593006199019015     ,  705.85112264767781     ) ( -49.449312946997424     ,  700.94209978767424     )
 ( -3.8556112771326769     , -27.326289162204791     ) (  8.0739216999130903E-008, -2.6431317846221424E-007) (  7.6775245167810753E-008, -2.6416564910756065E-007) (  1.7278007750730446     , -7.2365277224095159     )
   22.500250000000001        1.2500000000000000     
 ( -56.223744744346817     ,  707.04627897760906     ) ( -50.705234915429095     ,  705.24997340009861     )
 (  5.0936687264147738     , -27.484424283555033     ) ( -8.5454243313140471E-008, -1.5121716624177035E-007) ( -9.0628948529266493E-008, -1.5112704858549812E-007) (  4.7246241373658391     , -6.2853406963160223     )
   22.550245000000000        1.2500000000000000     
 ( -59.120730909154446     ,  707.74377354473700     ) ( -53.649481524193249     ,  709.86838310822225     )
 (  13.405789580643411     , -24.622762408567787     ) ( -2.5855286011021523E-007, -3.2895059580685736E-007) ( -2.6516082354971257E-007, -3.2915434067403380E-007) (  7.4479393397804614     , -3.9915820658904657     )
   22.600239999999999        1.2500000000000000     
 ( -61.244427025456687     ,  708.50883951026083     ) ( -58.215238552429042     ,  713.74063504929507     )
 (  20.204938643644518     , -19.241729690456008     ) ( -1.7820700711246025E-007, -6.3369438585176673E-007) ( -1.8645011784207559E-007, -6.3450228349737345E-007) (  9.0195307596805172     ,-0.59844191218804232     )
   22.650235000000002        1.2500000000000000     
 ( -62.862673585803122     ,  709.72516584581183     ) ( -63.737840953739898     ,  715.94257464282725     )
 (  24.880977194319549     , -11.971513139028291     ) (  1.5357200040233964E-007, -7.9682372172387193E-007) (  1.4352519796943372E-007, -7.9863842075218421E-007) (  8.9340690798220308     ,  2.9850766648910692     )
   22.700230000000001        1.2500000000000000     
 ( -64.348465034355272     ,  711.55096750002349     ) ( -68.967107827474010     ,  716.09142846800432     )
 (  27.021010305556310     , -3.5305320497693238     ) (  5.4100992889185571E-007, -6.6537382640712781E-007) (  5.4237059292081718E-007, -6.6437376025740658E-007) (  7.5589163580670462     ,  5.7834221691793690     )
   22.750225000000000        1.2500000000000000     
 ( -66.087163274060089     ,  713.94377880886145     ) ( -72.613361336043695     ,  714.81097797605287     )
 (  26.402773439335920     ,  5.2894673432334525     ) (  7.4970801547052813E-007, -2.6328037422063953E-007) (  7.5138431752285828E-007, -2.6257730473813699E-007) (  5.7301197413850717     ,  7.5454125627364093     )
   22.800219999999999        1.2500000000000000     
 ( -68.414780780652336     ,  716.67988886310775     ) ( -74.180030898488525     ,  713.45667698792738     )
 (  22.994544747413087     ,  13.686118934181234     ) (  6.0680465473199889E-007,  1.8268161755140578E-007) (  6.0899602049204194E-007,  1.8305232260692224E-007) (  3.9130227758088569     ,  8.6903666974228404     )
   22.850215000000002        1.2500000000000000     
 ( -71.547346225590374     ,  719.31881572847328     ) ( -74.168904298166581     ,  713.29361426229536     )
 (  16.912998592734567     ,  20.775054127410041     ) (  2.0494908715372697E-007,  3.5340335664209219E-007) (  2.0790397640480927E-007,  3.5345051950545458E-007) (  1.9472755295827893     ,  9.5895148647210195     )
   22.900210000000001        1.2500000000000000     
 ( -75.340210530320022     ,  721.24714563190230     ) ( -73.686612543543831     ,  714.95800691768579     )
 (  8.6375166284510030     ,  25.543066632740405     ) ( -8.2473819687762516E-008,  1.5279472125792765E-007) ( -7.8469330099699754E-008,  1.5259820586506514E-007) (-0.53473006488732000     ,  10.135529693891195     )
   22.950205000000000        1.2500000000000000     
 ( -79.137009684374263     ,  722.09742801829304     ) ( -73.947255292557386     ,  718.29356451424155     )
 (-0.76980839182348615     ,  27.204263968116557     ) (  1.1402072129059604E-008, -9.4314930212536520E-008) (  1.6754871877266937E-008, -9.4588072932949414E-008) ( -3.6198240553216565     ,  9.8097178903794724     )
   23.000200000000000        1.2500000000000000     
 ( -82.208622703486100     ,  722.15630408772324     ) ( -75.787086862154553     ,  722.48014379443975     )
 ( -9.9976473002764656     ,  25.648349532411352     ) (  2.8332616701359912E-007, -1.8099790551718228E-008) (  2.9031725518371151E-007, -1.8195070028180413E-008) ( -6.8598614730030603     ,  8.0544627841617924     )
   23.050195000000002        1.2500000000000000     
 ( -84.313543643076855     ,  722.09065635295758     ) ( -79.415376039198989     ,  726.43389707838162     )
 ( -18.011493336002111     ,  21.303413515112268     ) (  3.4624926073580205E-007,  3.3980763509256225E-007) (  3.5514541686571177E-007,  3.4023422876674148E-007) ( -9.3436755343770290     ,  4.7405921497500021     )
   23.100190000000001        1.2500000000000000     
 ( -85.671398853181245     ,  722.44681758060437     ) ( -84.462652118915813     ,  729.11170981548503     )
 ( -24.109712219983329     ,  14.758228705975768     ) (  7.3542387089231783E-008,  6.6623311478884763E-007) (  8.4578563274051881E-008,  6.6762793176088754E-007) ( -10.172247064656455     , 0.52048868119891878     )
   23.150185000000000        1.2500000000000000     
 ( -86.692359323437330     ,  723.50823829082344     ) ( -89.932844699308191     ,  729.73808863795080     )
 ( -27.774606290850560     ,  6.6635986085187442     ) ( -3.7516356189295990E-007,  7.1293737263828107E-007) ( -3.7653306260360917E-007,  7.1145382054134635E-007) ( -9.2148267373353452     , -3.4077508028867123     )
   23.200180000000000        1.2500000000000000     
 ( -87.847491754664404     ,  725.31310457641791     ) ( -94.362094780793228     ,  728.36974284565065     )
 ( -28.630012662288383     , -2.2161590098374462     ) ( -7.4297337611166584E-007,  4.1656138658967222E-007) ( -7.4458846888757525E-007,  4.1543596083852119E-007) ( -7.2587577404100241     , -6.2444668831011567     )
   23.250175000000002        1.2500000000000000     
 ( -89.570577004139437     ,  727.66337247181093     ) ( -96.677931461519961     ,  726.15781041131959     )
 ( -26.513724412254312     , -11.037645811935473     ) ( -7.7194123122990892E-007, -6.1298250316897370E-008) ( -7.7402469300818765E-007, -6.1995872396030275E-008) ( -5.1642365073400267     , -8.1583647938769559     )
   23.300170000000001        1.2500000000000000     
 ( -92.175626967174537     ,  730.12372975796632     ) ( -96.914131116177884     ,  724.62914341061821     )
 ( -21.451554661219497     , -18.888392409057161     ) ( -4.1508900107204346E-007, -3.7181302583942549E-007) ( -4.1792381290232295E-007, -3.7205515924308165E-007) ( -3.0725225704552557     , -9.6991753399500471     )
   23.350165000000001        1.2500000000000000     
 ( -95.673721484995582     ,  732.02946914446375     ) ( -96.022763104088781     ,  724.84280311108387     )
 ( -13.760521091727178     , -24.721055156650618     ) (  9.0053555717114829E-009, -2.4002102680858672E-007) (  5.0778065823770118E-009, -2.3985613807238638E-007) (-0.59523268309299737     , -11.032810363495347     )
   23.400160000000003        1.2500000000000000     
 ( -99.509209012177109     ,  732.77607989335741     ) ( -95.330308733613720     ,  727.02968777081458     )
 ( -4.3381075819520252     , -27.540223718514994     ) (  5.5143215278261803E-008,  1.5015566562135676E-007) (  4.9748424438122696E-008,  1.5057576195798136E-007) (  2.5944728770088599     , -11.753755291539971     )
   23.450154999999999        1.2500000000000000     
 ( -102.77280180080122     ,  732.39604688169948     ) ( -95.970921310553891     ,  730.58353943361897     )
 (  5.4383539589568901     , -26.954642479328879     ) ( -2.7636550317635223E-007,  2.8968033845967837E-007) ( -2.8360081540559364E-007,  2.9009032790471144E-007) (  6.3232939651150737     , -11.171917368608295     )
   23.500149999999998        1.2500000000000000     
 ( -104.93021419812690     ,  731.57517308092190     ) ( -98.447925964338793     ,  734.42273686051919     )
 (  14.343635012353662     , -23.295989009444607     ) ( -5.3113950153625118E-007,  8.1499642640010790E-010) ( -5.4056490722477790E-007,  8.3867325429930097E-010) (  9.8088275199415680     , -8.7985642845550327     )
   23.550145000000001        1.2500000000000000     
 ( -106.06999079538929     ,  731.04085862363831     ) ( -102.63270414615408     ,  737.44658374452479     )
 (  21.578905720058170     , -17.160369576001138     ) ( -4.0043511404160453E-007, -4.2055527385518766E-007) ( -4.1236514959645610E-007, -4.2141071998077836E-007) (  11.930507830301949     , -4.8509014420229892     )
   23.600140000000000        1.2500000000000000     
 ( -106.59740722990853     ,  731.23628736200669     ) ( -107.84927931499099     ,  738.68346712896312     )
 (  26.575330157492086     , -9.1574369090591574     ) (  3.7775927507043597E-008, -6.2384558870303136E-007) (  3.9183629488911923E-008, -6.2171678949613497E-007) (  11.981159735270744     ,-0.42663566087310056     )
   23.650134999999999        1.2500000000000000     
 ( -107.03877953926686     ,  732.33016515980864     ) ( -112.76233972961016     ,  737.63751714081741     )
 (  28.844541039189114     ,  1.4009529126482026E-002) (  5.2403615909183178E-007, -4.4570747085864775E-007) (  5.2558064485448120E-007, -4.4399053221118667E-007) (  10.346592127983470     ,  3.1972628863183954     )
   23.700129999999998        1.2500000000000000     
 ( -107.93803341577214     ,  734.21246439865615     ) ( -115.85037189056447     ,  734.96212610082694     )
 (  28.062846750154009     ,  9.5105663820370054     ) (  7.4026129878467135E-007,  3.7756570094435088E-008) (  7.4218633498367730E-007,  3.8947788101511126E-008) (  8.1254490754276159     ,  5.6695532976225520     )
   23.750125000000001        1.2500000000000000     
 ( -109.74219330487664     ,  736.47485076617500     ) ( -116.51113450125503     ,  732.24771630115561     )
 (  24.127832948466210     ,  18.362941692575340     ) (  5.0227997410529671E-007,  5.0640970311673191E-007) (  5.0490355526165854E-007,  5.0700117627964761E-007) (  5.9185087482683336     ,  7.5446192561417549     )
   23.800120000000000        1.2500000000000000     
 ( -112.62618925249382     ,  738.43060861501397     ) ( -115.36305794647896     ,  730.97880870045969     )
 (  17.220786851207418     ,  25.476849283258719     ) ( -8.8937925086821871E-009,  5.4969693925258503E-007) ( -5.1754121484954162E-009,  5.4969034150826256E-007) (  3.4887357173001852     ,  9.3102983021298460     )
   23.850114999999999        1.2500000000000000     
 ( -116.21446495247959     ,  739.29250397275575     ) ( -113.73500060276145     ,  731.85268536401031     )
 (  8.0460213518752219     ,  29.698290758935528     ) ( -2.6122729268938687E-007,  1.1851281314946949E-007) ( -2.5595647684519801E-007,  1.1802689976335920E-007) ( 0.33095538699333993     ,  10.811107744955676     )
   23.900109999999998        1.2500000000000000     
 ( -119.53773587740635     ,  738.75998170443506     ) ( -113.02761693375692     ,  734.60031202380719     )
 ( -2.0416958665517906     ,  30.314651916976018     ) (  3.1870547018443447E-008, -2.6608642969314097E-007) (  3.9167072379962118E-008, -2.6679060118791239E-007) ( -3.6961329076718945     ,  11.358303074434074     )
   23.950105000000001        1.2500000000000000     
 ( -121.73537432093903     ,  737.40052416501521     ) ( -114.10250122764086     ,  738.21146224439042     )
 ( -11.604626822298188     ,  27.475230638871100     ) (  4.8267254903934076E-007, -1.4670390455472882E-007) (  4.9244845552945864E-007, -1.4722506770609564E-007) ( -8.0662151138393625     ,  10.196075320818172     )
   24.000100000000000        1.2500000000000000     
 ( -122.67226522432534     ,  736.10494527671142     ) ( -117.07351708890327     ,  741.51343858826885     )
 ( -19.693379290622786     ,  21.802223260825699     ) (  5.7550021110314422E-007,  3.0950483442844067E-007) (  5.8816977141240358E-007,  3.0970830083593450E-007) ( -11.651561008117977     ,  7.0655620198448919     )
   24.050094999999999        1.2500000000000000     
 ( -122.71388765887264     ,  735.49617063173559     ) ( -121.53213044312663     ,  743.46303470269163     )
 ( -25.715269689663177     ,  13.913980219238384     ) (  2.3702324135262592E-007,  6.6026442502625121E-007) (  2.3551367358977271E-007,  6.5730093805396643E-007) ( -13.282140874153050     ,  2.6794607208415844     )
   24.100089999999998        1.2500000000000000     
 ( -122.40866335575072     ,  735.88252272671912     ) ( -126.48749420597457     ,  743.19594242378150     )
 ( -29.139755918438144     ,  4.4351299798215624     ) ( -2.9717463300083896E-007,  6.2180534014499639E-007) ( -2.9866313324316583E-007,  6.1928897135908549E-007) ( -12.682095487173632     , -1.4911107963890060     )
   24.150085000000001        1.2500000000000000     
 ( -122.37883567564757     ,  737.28493725913586     ) ( -130.29050413253000     ,  740.67414572629264     )
 ( -29.504008872736133     , -5.8591237362631565     ) ( -6.7051239843805183E-007,  1.7227893763985280E-007) ( -6.7224486707909119E-007,  1.7038216507941859E-007) ( -10.826173790808047     , -4.4246388239178849     )
   24.200080000000000        1.2500000000000000     
 ( -123.22183435267351     ,  739.36876849602606     ) ( -131.64776086466654     ,  737.19612535597400     )
 ( -26.527802524146193     , -15.971383055858466     ) ( -5.8693244605466413E-007, -4.4088689702378489E-007) ( -5.8925803027019898E-007, -4.4203299107042273E-007) ( -8.8064401417441260     , -6.3641192796473671     )
   24.250074999999999        1.2500000000000000     
 ( -125.29092530422284     ,  741.44024312270017     ) ( -130.59786863496092     ,  734.56305842894881     )
 ( -20.242529364760372     , -24.727028955018085     ) ( -4.5376668431224424E-008, -7.4764602895293456E-007) ( -4.8744850254715588E-008, -7.4797978745822622E-007) ( -6.7621906092923814     , -8.0673573411739667     )
   24.300069999999998        1.2500000000000000     
 ( -128.41764982912736     ,  742.58320043527419     ) ( -128.29038621268165     ,  733.99109648435285     )
 ( -11.167522392198277     , -30.832115994157128     ) (  4.6603382597646663E-007, -4.3987095073910569E-007) (  4.6107965524702267E-007, -4.3945667075515670E-007) ( -4.1354347041757009     , -9.7635761320655980     )
   24.350065000000001        1.2500000000000000     
 ( -131.69476329207899     ,  742.15396528377244     ) ( -126.28393079487110     ,  735.67549620992770     )
 (-0.55418776860065999     , -33.241843856853862     ) (  3.7921991690456776E-007,  1.2257528568942240E-007) (  3.7209018830690141E-007,  1.2350312281843345E-007) (-0.46416575421138850     , -10.934198944750877     )
   24.400060000000000        1.2500000000000000     
 ( -133.95922108862430     ,  740.45154810888357     ) ( -125.81984295591140     ,  738.82243882086357     )
 (  9.9586401964238984     , -31.795100686309294     ) ( -1.6586994520821798E-007,  2.3864349289813438E-007) ( -1.7575737245692081E-007,  2.3967149483404951E-007) (  4.0825815559495355     , -10.698618395872691     )
   24.450054999999999        1.2500000000000000     
 ( -134.73251975081715     ,  738.47741256193615     ) ( -127.31897331596910     ,  742.20215621950524     )
 (  19.167309588223489     , -27.095507214568705     ) ( -5.0017257203445987E-007, -1.9953187662420994E-007) ( -5.1335724370925038E-007, -1.9899092174604647E-007) (  8.5776594973024256     , -8.3952563122187733     )
   24.500049999999998        1.2500000000000000     
 ( -134.28509727964183     ,  737.08507143796567     ) ( -130.56026699860732     ,  744.72775817752324     )
 (  26.417351450383755     , -19.821930734045704     ) ( -3.1262989390921983E-007, -7.1523175962138332E-007) ( -3.1090902198317165E-007, -7.1122237287441245E-007) (  11.638870780701248     , -4.2037936785259129     )
   24.550045000000001        1.2500000000000000     
 ( -133.17783182041620     ,  736.74337790991308     ) ( -134.92120955220199     ,  745.42592218102357     )
 (  31.183686941909201     , -10.550135446701859     ) (  2.3161391010715257E-007, -8.7702744406995524E-007) (  2.3310060499068268E-007, -8.7346626127967534E-007) (  12.307469001956045     , 0.57799849870401465     )
   24.600040000000000        1.2500000000000000     
 ( -132.07580494535279     ,  737.62934694454111     ) ( -139.02042871439747     ,  743.65622258143924     )
 (  32.924558253419917     ,  7.1860679583905213E-002) (  7.5192659317409826E-007, -5.4856310138862328E-007) (  7.5345781303013598E-007, -5.4569824638885982E-007) (  11.018381889303145     ,  4.3675246057174322     )
   24.650034999999999        1.2500000000000000     
 ( -131.72089825021692     ,  739.55402184735715     ) ( -141.09892105361777     ,  740.05213726890622     )
 (  31.160038959614141     ,  11.117728224068873     ) (  8.7115180287376551E-007,  1.2117578269910357E-007) (  8.7310698741250408E-007,  1.2313892546313281E-007) (  9.1449324497804501     ,  6.7291097327695457     )
   24.700029999999998        1.2500000000000000     
 ( -132.69588950257074     ,  741.86267700160329     ) ( -140.42103636016228     ,  736.44595907059340     )
 (  25.700339030986388     ,  21.360773434623866     ) (  4.0538113976980794E-007,  6.8436347626537524E-007) (  4.0825875856943238E-007,  6.8528534004219950E-007) (  7.4260453061520764     ,  8.4379720335589443     )
   24.750025000000001        1.2500000000000000     
 ( -135.08423053273719     ,  743.53684630420446     ) ( -137.73384825291788     ,  734.55225122115928     )
 (  16.856294319778378     ,  29.372819542570504     ) ( -3.2338927710433081E-007,  6.2585294990442717E-007) ( -3.1896212364114557E-007,  6.2571886500566202E-007) (  5.4820939590905464     ,  10.166149026472777     )
   24.800020000000000        1.2500000000000000     
 ( -138.15556030368413     ,  743.60717452193717     ) ( -134.60773575075743     ,  735.10947043904616     )
 (  5.7026249825487669     ,  33.805603379313830     ) ( -5.7886672115147295E-007, -1.8754332060576878E-009) ( -5.7217251389775490E-007, -2.8865078162593387E-009) (  2.6027617888286017     ,  11.730575502332739     )
   24.850014999999999        1.2500000000000000     
 ( -140.54966705393252     ,  741.95183827054439     ) ( -132.61935175508501     ,  737.68896480199624     )
 ( -6.0036339349943848     ,  34.081741211450257     ) ( -1.0477424451147307E-007, -4.1264753595283174E-007) ( -9.5077436669030342E-008, -4.1413326659777159E-007) ( -1.4477497860873356     ,  12.280214540025749     )
   24.900009999999998        1.2500000000000000     
 ( -141.33232518634250     ,  739.53012848996639     ) ( -132.58766680417096     ,  741.06645765113558     )
 ( -16.712751403217290     ,  30.676251150739606     ) (  4.4256290221062867E-007, -1.0233958222702534E-007) (  4.5595934784320359E-007, -1.0367780357335291E-007) ( -6.0877176276277423     ,  10.874931804402230     )
   24.950005000000001        1.2500000000000000     
 ( -140.56273936801816     ,  737.45580126327809     ) ( -134.46336815308857     ,  744.03762634266172     )
 ( -25.606835999877372     ,  24.374553016638270     ) (  4.3616537660114228E-007,  5.5103546520039021E-007) (  4.5389220235392614E-007,  5.5068135652606834E-007) ( -9.9825173024799394     ,  7.1540772781499040     )
   25.000000000000000        1.2500000000000000     
 ( -138.77391383637993     ,  736.39347283734764     ) ( -137.81438582789988     ,  745.65182352653574     )
 ( -32.195835908446405     ,  15.757005788806362     ) ( -8.6030483261743969E-008,  9.6096042600925003E-007) ( -8.7621751049263964E-008,  9.5607411780662722E-007) ( -11.703808408562123     ,  1.9386192549166341     )
