   8.5655000000000001     
   243.16000000000000     
   1.0348951153463419        4.4036365072500215E-005
         501           1
 
   11.000000000000000        11.000000000000000     
   2.5000000000000001E-003   1.2500000000000000     
   (1.94769686786915402E-010,2.44689186491916064E-013)   (1.94814593224473921E-010,2.44801687326786736E-013)
   (1.94769486240882869E-010,2.44688931983545806E-013)   (1.91235099755906434E-017,2.40303736160758233E-020)   (1.91235099755906434E-017,2.40303736160758233E-020) (-1.94814392640477159E-010,-2.44801432722439647E-013)
   5.2495000000000000E-002   1.2500000000000000     
   (1.80330071749763537E-006,2.26714407980787827E-009)   (1.80371656445539788E-006,2.26818663324948544E-009)
   (1.80248218239758081E-006,2.26610528806324764E-009)   (1.76977356481286174E-013,2.22549361726789162E-016)   (1.76977356481286149E-013,2.22549361726789162E-016) (-1.80289787439001912E-006,-2.26714744971382693E-009)
  0.10249000000000000        1.2500000000000000     
   (1.34213206043888664E-005,1.69510433998975831E-008)   (1.34244171234481314E-005,1.69588425079185877E-008)
   (1.33981109891164988E-005,1.69215877349716315E-008)   (1.31549860672558362E-012,1.66183378052233235E-015)   (1.31549860672558220E-012,1.66183378052232861E-015) (-1.34012031121335144E-005,-1.69293757288531793E-008)
  0.15248500000000001        1.2500000000000000     
   (4.42070744866669620E-005,5.65028154317426363E-008)   (4.42172820056498166E-005,5.65288394065953439E-008)
   (4.40379960383071496E-005,5.62882257156539381E-008)   (4.32388894252377791E-012,5.52795375033869698E-015)   (4.32388894252372460E-012,5.52795375033855419E-015) (-4.40481715133320698E-005,-5.63141686547198782E-008)
  0.20247999999999999        1.2500000000000000     
   (1.03523554979785494E-004,1.35314434655062144E-007)   (1.03547486276098086E-004,1.35376881020131618E-007)
   (1.02826230562494235E-004,1.34429330924761215E-007)   (1.00960414815596468E-011,1.32020535238511647E-014)   (1.00960414815589908E-011,1.32020535238493976E-014) (-1.02850029579343877E-004,-1.34491442539011267E-007)
  0.25247500000000000        1.2500000000000000     
   (2.00748538014562233E-004,2.71843221438702043E-007)   (2.00795012698218973E-004,2.71969127827597435E-007)
   (1.98649273321226751E-004,2.69178199732211607E-007)   (1.95044848554418141E-011,2.64355481054855862E-014)   (1.95044848554367380E-011,2.64355481054724880E-014) (-1.98695349299765823E-004,-2.69303095431366365E-007)
  0.30247000000000002        1.2500000000000000     
   (3.45278770849679305E-004,4.91492186424565740E-007)   (3.45358849980152217E-004,4.91721233540853550E-007)
   (3.40106067560588918E-004,4.84923355480552203E-007)   (3.33935234274934015E-011,4.76236931681798889E-014)   (3.33935234274682888E-011,4.76236931681147353E-014) (-3.40185162855402296E-004,-4.85149899293246807E-007)
  0.35246499999999997        1.2500000000000000     
   (5.46533689161912521E-004,8.30177229239830384E-007)   (5.46660715056268565E-004,8.30567910470585559E-007)
   (5.35439474042593449E-004,8.16080878912387569E-007)   (5.25725059956639110E-011,8.01466667808376206E-014)   (5.25725059955603325E-011,8.01466667805771450E-014) (-5.35564386217486144E-004,-8.16466143952321409E-007)
  0.40245999999999998        1.2500000000000000     
   (8.13958524425530171E-004,1.33849463571230865E-006)   (8.14148177363212765E-004,1.33913359913647716E-006)
   (7.92469296934305558E-004,1.31116537274317782E-006)   (7.78092520063545519E-011,1.28769491849409867E-013)   (7.78092520060180445E-011,1.28769491848555701E-013) (-7.92654847405176578E-004,-1.31179369587103932E-006)
  0.45245499999999994        1.2500000000000000     
   (1.15702658535924677E-003,2.08638723252398125E-006)   (1.15729694684005096E-003,2.08740282522147042E-006)
   (1.11852709720820982E-003,2.03735424743049382E-006)   (1.09823652241591517E-010,2.00090481702995924E-013)   (1.09823652240630256E-010,2.00090481700568126E-013) (-1.11879009208099467E-003,-2.03835035987383208E-006)
  0.50244999999999995        1.2500000000000000     
   (1.58524078067376773E-003,3.16819069593331281E-006)   (1.58561239494587930E-003,3.16977183790912759E-006)
   (1.52039323183415114E-003,3.08542070712951724E-006)   (1.49281487105142759E-010,3.03025982356691752E-013)   (1.49281487102692909E-010,3.03025982350490169E-013) (-1.52075240589331310E-003,-3.08696798263707968E-006)
  0.55244499999999985        1.2500000000000000     
   (2.10813433927863232E-003,4.70793446356652066E-006)   (2.10863030736833674E-003,4.71035629056115539E-006)
   (2.00423648392705073E-003,4.57490068381651442E-006)   (1.96788502751720364E-010,4.49318210081069763E-013)   (1.96788502745983065E-010,4.49318210066576432E-013) (-2.00471246397812639E-003,-4.57726580061458151E-006)
  0.60243999999999998        1.2500000000000000     
   (2.73527085884858702E-003,6.86475646133516018E-006)   (2.73591693244870388E-003,6.86841443517276605E-006)
   (2.57555668906495625E-003,6.65933982095287390E-006)   (2.52884777700880907E-010,6.54051097573779151E-013)   (2.52884777688528929E-010,6.54051097542478564E-013) (-2.57617193867670010E-003,-6.66290532723259750E-006)
  0.65243499999999988        1.2500000000000000     
   (3.47624286889640366E-003,9.83828795101521135E-006)   (3.47706755532059368E-003,9.84374216026929626E-006)
   (3.23912998188904521E-003,9.53145927694877199E-006)   (3.18039348582805590E-010,9.36158315054358124E-013)   (3.18039348557629263E-010,9.36158314990613518E-013) (-3.23990874823135849E-003,-9.53676545170438417E-006)
  0.70242999999999989        1.2500000000000000     
   (4.34066965262984439E-003,1.38738573526301296E-005)   (4.34170432131499896E-003,1.38818891239006286E-005)
   (3.99895764754028445E-003,1.34280662402421927E-005)   (3.92645187579172662E-010,1.31890640731127356E-012)   (3.92645187530427684E-010,1.31890640718868826E-012) (-3.99992588800990312E-003,-1.34358639430835782E-005)
  0.75242499999999990        1.2500000000000000     
   (5.33819506379939329E-003,1.92673713915580139E-005)   (5.33947410920307484E-003,1.92790550032555136E-005)
   (4.85821949990386092E-003,1.86345392536438933E-005)   (4.77014630950959027E-010,1.83033641959742170E-012)   (4.77014630861319119E-010,1.83033641937215797E-012) (-4.85940485595389316E-003,-1.86458559367218210E-005)
  0.80241999999999991        1.2500000000000000     
   (6.47848244637619797E-003,2.63697075918101517E-005)   (6.48004335069860687E-003,2.63864985619555284E-005)
   (5.81922937690665561E-003,2.54886873792778773E-005)   (5.71374999092699401E-010,2.50364414434763415E-012)   (5.71374998934498111E-010,2.50364414394953409E-012) (-5.82066103464254012E-003,-2.55049069546266400E-005)
  0.85241499999999992        1.2500000000000000     
   (7.77121177485757316E-003,3.55905070286382415E-005)   (7.77309534678140811E-003,3.56143513240614988E-005)
   (6.88339795375934350E-003,3.43838310406303333E-005)   (6.75864961541485451E-010,3.37748431259307511E-012)   (6.75864961270668897E-010,3.37748431191481205E-012) (-6.88510664731219711E-003,-3.44067909050512855E-005)
  0.90240999999999982        1.2500000000000000     
   (9.22607240619216680E-003,4.74011952764492829E-005)   (9.22832285503753270E-003,4.74346604203536651E-005)
   (8.05119653469413277E-003,4.57708844768877236E-005)   (7.90530966462447171E-010,4.49617678564712845E-012)   (7.90530966015891546E-010,4.49617678466256784E-012) (-8.05321439685381842E-003,-4.58029894428702193E-005)
  0.95240499999999984        1.2500000000000000     
   (1.08527607608955873E-002,6.23371573716098533E-005)   (1.08554259822348526E-002,6.23835897915133190E-005)
   (9.32213084109052501E-003,6.01593120221948565E-005)   (9.15324685226136170E-010,5.90980250766260331E-012)   (9.15324684507803840E-010,5.90980250587332359E-012) (-9.32449141882655576E-003,-6.02036678965606076E-005)
   1.0024000000000000        1.2500000000000000     
   (1.26609682303783604E-002,8.09989373044326224E-005)   (1.26640997846288652E-002,8.10626486587121291E-005)
   (1.06947118155910504E-002,7.81167678862258464E-005)   (1.05010011986887475E-009,7.67417035792700066E-012)   (1.05010011874348953E-009,7.67417035473026101E-012) (-1.06974498143988517E-002,-7.81773356197518595E-005)
   1.0523950000000000        1.2500000000000000     
   (1.46603812560902325E-002,1.04052368712944629E-004)   (1.46640346472071501E-002,1.04138853339606955E-004)
   (1.21664427758423031E-002,1.00267258679730299E-004)   (1.19461236358401068E-009,9.85063903493213691E-012)   (1.19461236193025082E-009,9.85063903105405085E-012) (-1.21695940315106454E-002,-1.00349028888323832E-004)
   1.1023899999999998        1.2500000000000000     
   (1.68606698211275705E-002,1.32227641908484652E-004)   (1.68649046846204992E-002,1.32343828419323798E-004)
   (1.37338026171782250E-002,1.27287767106661900E-004)   (1.34851594657518023E-009,1.25057880230554905E-011)   (1.34851594385757925E-009,1.25057880166561725E-011) (-1.37374039940032968E-002,-1.27396955750244949E-004)
   1.1523849999999998        1.2500000000000000     
   (1.92714831892126758E-002,1.66317173238335542E-004)   (1.92763633290655122E-002,1.66471713223684579E-004)
   (1.53922406305208610E-002,1.59903124215595875E-004)   (1.51136430742263219E-009,1.57109166781017302E-011)   (1.51136430358908949E-009,1.57109166679295186E-011) (-1.53963297319159916E-002,-1.60047388998929010E-004)
   1.2023800000000000        1.2500000000000000     
   (2.19024460043087572E-002,2.07172418034152122E-004)   (2.19080396668052228E-002,2.07376014661755535E-004)
   (1.71361786543637977E-002,1.98879196137141120E-004)   (1.68261003210593212E-009,1.95413779426384093E-011)   (1.68261002646857672E-009,1.95413779291400980E-011) (-1.71407938085180907E-002,-1.99067873733786124E-004)
   1.2523750000000000        1.2500000000000000     
   (2.47631455894645920E-002,2.55699460290685903E-004)   (2.47695254541687900E-002,2.55965234184885872E-004)
   (1.89590116390207022E-002,2.45014142882281577E-004)   (1.86160487969624862E-009,2.40757222681735684E-011)   (1.86160487189407718E-009,2.40757222490209736E-011) (-1.89641915857333802E-002,-2.45258500107120201E-004)
   1.3023699999999998        1.2500000000000000     
   (2.78631313600373881E-002,3.12853706698002941E-004)   (2.78703746396777169E-002,3.13197606777976744E-004)
   (2.08531230951298427E-002,2.99128003734845129E-004)   (2.04760129932624013E-009,2.93946778308087947E-011)   (2.04760128853472275E-009,2.93946778041052138E-011) (-2.08589066706991351E-002,-2.99441507307301807E-004)
   1.3523649999999998        1.2500000000000000     
   (3.12120323460215419E-002,3.79633702634041270E-004)   (3.12202255210537634E-002,3.80074930084236347E-004)
   (2.28098149519318089E-002,3.62050164413200168E-004)   (2.23974573558784704E-009,3.55799210633680460E-011)   (2.23974573861498894E-009,3.55799211007154251E-011) (-2.28162302123001461E-002,-3.62448716081265054E-004)
   1.4023599999999998        1.2500000000000000     
   (3.48191209121079259E-002,4.57073062136201572E-004)   (3.48283476971874215E-002,4.57634627400564013E-004)
   (2.48196728988455649E-002,4.34605741127641371E-004)   (2.43711384314073470E-009,4.27127446693154491E-011)   (2.43711384735909692E-009,4.27127447244416215E-011) (-2.48267649617313589E-002,-4.35108069787339938E-004)
   1.4523549999999998        1.2500000000000000     
   (3.86938984466946440E-002,5.46233957960345191E-004)   (3.87042505461283187E-002,5.46943154203753971E-004)
   (2.68721267272026450E-002,5.17599383398231988E-004)   (2.63866819163455103E-009,5.08724647581389053E-011)   (2.63866819739514807E-009,5.08724648382129484E-011) (-2.68799320525006658E-002,-5.18227231743531168E-004)
   1.5023499999999999        1.2500000000000000     
   (4.28457343883859587E-002,6.48197940105350650E-004)   (4.28573082381423567E-002,6.49086930708777624E-004)
   (2.89557876540048990E-002,6.11798330991963641E-004)   (2.84329082662765556E-009,6.01347610839868839E-011)   (2.84329083448045417E-009,6.01347611989389846E-011) (-2.89643410854560877E-002,-6.12576762628726105E-004)
   1.5523449999999999        1.2500000000000000     
   (4.72839563519827852E-002,7.64057411062017385E-004)   (4.72968530060016157E-002,7.65163826506628890E-004)
   (3.10584299129608096E-002,7.17913655563364914E-004)   (3.04978160298093629E-009,7.05698343703225591E-011)   (3.04978161315596589E-009,7.05698345267451918E-011) (-3.10677643230031601E-002,-7.18871310472670301E-004)
   1.6023399999999999        1.2500000000000000     
   (5.20178356050254101E-002,8.94907357087905701E-004)   (5.20321603398548743E-002,8.96274931616366155E-004)
   (3.31670391700812708E-002,8.36580999826200093E-004)   (3.25686291660286439E-009,8.22405161193823693E-011)   (3.25686293022196553E-009,8.22405163345543417E-011) (-3.31771847920486682E-002,-8.37750336243286639E-004)
   1.6523349999999999        1.2500000000000000     
   (5.70566119553196360E-002,1.04183646594250049E-003)   (5.70724741152046217E-002,1.04351568212469794E-003)
   (3.52678846956599318E-002,9.68339592633225073E-004)   (3.46318678833965772E-009,9.52002059325687737E-011)   (3.46318680662797007E-009,9.52002062477035715E-011) (-3.52788684873765468E-002,-9.69757081678195368E-004)
   1.7023299999999999        1.2500000000000000     
   (6.24094911945250602E-002,1.20591939840220073E-003)   (6.24270041348495633E-002,1.20796816172168359E-003)
   (3.73465942397564407E-002,1.11361138770220977E-003)   (3.66734224367572959E-009,1.09490822579729155E-010)   (3.66734226712491112E-009,1.09490822996589733E-010) (-3.73584395894239543E-002,-1.11531767358196386E-003)
   1.7523250000000001        1.2500000000000000     
   (6.80856396071055775E-002,1.38820979863654107E-003)   (6.81049198667061789E-002,1.39069411297720771E-003)
   (3.93882117394402514E-002,1.27267996631594466E-003)   (3.86786086188445022E-009,1.25140729731386165E-010)   (3.86786089258415934E-009,1.25140730299969025E-010) (-3.94009367942925529E-002,-1.27471996926477598E-003)
   1.8023199999999997        1.2500000000000000     
   (7.40942081213098458E-002,1.58973353891303038E-003)   (7.41153749974689247E-002,1.59272817591351798E-003)
   (4.13773000243713857E-002,1.44566876141980437E-003)   (4.06322702147027363E-009,1.42162593872596416E-010)   (4.06322706133270788E-009,1.42162594626620606E-010) (-4.13909181224481060E-002,-1.44809170925269573E-003)
   1.8523149999999997        1.2500000000000000     
   (8.04443355778425434E-002,1.81148427190836727E-003)   (8.04675104699024840E-002,1.81507343899362395E-003)
   (4.32980282184062884E-002,1.63252074749468501E-003)   (4.25188628484837964E-009,1.60551386483620673E-010)   (4.25188633611563689E-009,1.60551387489857299E-010) (-4.33125458814454661E-002,-1.63538013861735552E-003)
   1.9023099999999997        1.2500000000000000     
   (8.71451651875332634E-002,2.05441960585795239E-003)   (8.71704713048326862E-002,2.05869757714895532E-003)
   (4.51342688555741930E-002,1.83297817988343592E-003)   (4.43225511814237023E-009,1.80282388326538031E-010)   (4.43225518365159149E-009,1.80282389655276790E-010) (-4.51496859693144778E-002,-1.83633164582026800E-003)
   1.9523049999999997        1.2500000000000000     
   (9.42058402076025314E-002,2.31945937945693143E-003)   (9.42334009025008329E-002,2.32453110018452681E-003)
   (4.68696873966871763E-002,2.04656395196784781E-003)   (4.60272949803223962E-009,2.01309354188323411E-010)   (4.60272958001329122E-009,2.01309355923864142E-010) (-4.68859956091052174E-002,-2.05047304325853665E-003)
   2.0023000000000000        1.2500000000000000     
        (0.10163578420964936,2.60748817887418178E-003)        (0.10166576510605566,2.61347095313348632E-003)
   (4.84880706314792589E-002,2.27256659036682504E-003)   (4.76171761439496598E-009,2.23563052048830648E-010)   (4.76171760428761216E-009,2.23563052005501351E-010) (-4.85053069114487756E-002,-2.27709760994031837E-003)
   2.0522950000000000        1.2500000000000000     
        (0.10944376913630385,2.91934813437625881E-003)        (0.10947625979628427,2.92636900556777265E-003)
   (4.99726711113806510E-002,2.51001669089808256E-003)   (4.90757414411973093E-009,2.46948862059770093E-010)   (4.90757413114138458E-009,2.46948861996974522E-010) (-4.99907678598424735E-002,-2.51523704794666143E-003)
   2.1022900000000000        1.2500000000000000     
        (0.11763923605801044,3.25585585582590861E-003)        (0.11767435819768737,3.26405486835088746E-003)
   (5.13073882500590037E-002,2.75768592654106366E-003)   (5.03871808270883647E-009,2.71346781953812783E-010)   (5.03871806591281419E-009,2.71346781873304069E-010) (-5.13263107253251957E-002,-2.76366651644264225E-003)
   2.1522849999999996        1.2500000000000000     
        (0.12623148247912730,3.61780034435780573E-003)        (0.12626935326403979,3.62733001064853349E-003)
   (5.24762126773406640E-002,3.01406906529821808E-003)   (5.15357693710767481E-009,2.96609585413656154E-010)   (5.15357691531768855E-009,2.96609585302143057E-010) (-5.24959146773246454E-002,-3.02088270857504880E-003)
   2.2022799999999996        1.2500000000000000     
        (0.13522991226725625,4.00595306123017764E-003)        (0.13527064512028883,4.01697850072511246E-003)
   (5.34635344351243463E-002,3.27737856070552591E-003)   (5.25061746612677756E-009,3.22562286871848582E-010)   (5.25061743834574877E-009,3.22562286724677383E-010) (-5.34839589321961101E-002,-3.28509913337260255E-003)
   2.2522749999999996        1.2500000000000000     
        (0.14464395834482602,4.42107814579348248E-003)        (0.14468765959286017,4.43377723480564440E-003)
   (5.42542056221478122E-002,3.54554095875583928E-003)   (5.32835151431287920E-009,3.49001791533980386E-010)   (5.32835147858414854E-009,3.49001791333715462E-010) (-5.42752822439519014E-002,-3.55424253953478446E-003)
   2.3022699999999996        1.2500000000000000     
        (0.15448317153420515,4.86394398214510127E-003)        (0.15452994034237263,4.87850725067703623E-003)
   (5.48337315059178321E-002,3.81619570896076172E-003)   (5.38535512577490135E-009,3.75696754318347573E-010)   (5.38535508052368402E-009,3.75696754060080227E-010) (-5.48553778072512210E-002,-3.82595147294884910E-003)
   2.3522650000000001        1.2500000000000000     
        (0.16475718732566183,5.33533668712925842E-003)        (0.16480711405117446,5.35196711348533746E-003)
   (5.51883474830671406E-002,4.08669889507487158E-003)   (5.42027579532313170E-009,4.02387942151255772E-010)   (5.42027573895787099E-009,4.02387941798638190E-010) (-5.52104672555024240E-002,-4.09757999189814311E-003)
   2.4022600000000001        1.2500000000000000     
        (0.17547573294452914,5.83607568038242361E-003)        (0.17552889652858605,5.85498830893510167E-003)
   (5.53051569870579712E-002,4.35413069013680654E-003)   (5.43184621268504883E-009,4.28788949793807139E-010)   (5.43184614164448736E-009,4.28788949348102941E-010) (-5.53276404090991755E-002,-4.36620496999351113E-003)
   2.4522550000000001        1.2500000000000000     
        (0.18664863553833871,6.36702794085851342E-003)        (0.18670510217334818,6.38844933391119127E-003)
   (5.51722315982708933E-002,4.61530611914305784E-003)   (5.41889393084608419E-009,4.54587249477124639E-010)   (5.41889384311884049E-009,4.54587248897167943E-010) (-5.51949546182005299E-002,-4.62863683127001484E-003)
   2.5022500000000001        1.2500000000000000     
        (0.19828583591309137,6.92912617323194601E-003)        (0.19834565823941414,6.95329359613691949E-003)
   (5.47787730341355097E-002,4.86679067636359118E-003)   (5.38035756904788901E-009,4.79445701147793965E-010)   (5.38035746000817717E-009,4.79445700392020236E-010) (-5.48015992788632028E-002,-4.88143498928277682E-003)
   2.5522449999999997        1.2500000000000000     
        (0.21039735273973356,7.52338295159147869E-003)        (0.21046056711426875,7.55054341225714926E-003)
   (5.41151678644374023E-002,5.10491957818495767E-003)   (5.31529174658587354E-009,5.03004440086601932E-010)   (5.31529161197900655E-009,5.03004439109239544E-010) (-5.41379460509823773E-002,-5.12092712609524443E-003)
   2.6022399999999997        1.2500000000000000     
        (0.22299331096600705,8.15091063070714356E-003)        (0.22305993726385387,8.18131967252209297E-003)
   (5.31731463180881436E-002,5.32582210706579982E-003)   (5.22288310216002482E-009,5.24883250671175334E-010)   (5.22288293823151259E-009,5.24883249414219696E-010) (-5.31957123558230160E-002,-5.34323348211887712E-003)
   2.6522349999999997        1.2500000000000000     
        (0.23608422382262004,8.81293702690281316E-003)        (0.23615430381844182,8.84685748443051097E-003)
   (5.19455803915388134E-002,5.52544874621655521E-003)   (5.10242949593215857E-009,5.44684224425380818E-010)   (5.10242952214461552E-009,5.44684224833525898E-010) (-5.19676867005716067E-002,-5.54429358598169508E-003)
   2.7022299999999997        1.2500000000000000     
        (0.24967980561285325,9.51081220462337770E-003)        (0.24975328599958044,9.54851210127471983E-003)
   (5.04275738372283663E-002,5.69960699718450453E-003)   (4.95344984168451299E-009,5.61995252318467893E-010)   (4.95344987395028842E-009,5.61995252828378419E-010) (-5.04490866168434346E-002,-5.71990353112128425E-003)
   2.7522249999999997        1.2500000000000000     
        (0.26379063539851938,1.02460343910271735E-002)        (0.26386747505882607,1.02877853851260914E-002)
   (4.86151688108797664E-002,5.84399048674317471E-003)   (4.77555328493002648E-009,5.76392879991991775E-010)   (4.77555332528821158E-009,5.76392880602858970E-010) (-4.86358850390338562E-002,-5.86574297915124377E-003)
   2.8022199999999997        1.2500000000000000     
        (0.27842710446028146,1.10202547200668032E-002)        (0.27850724066876514,1.10663299367815444E-002)
   (4.65063173029575463E-002,5.95422531531216055E-003)   (4.56853710628829146E-009,5.87446857715766014E-010)   (4.56853715604741400E-009,5.87446858463852237E-010) (-4.65260247290494242E-002,-5.97742304925729002E-003)
   2.8522149999999997        1.2500000000000000     
        (0.29359959820710946,1.18352854229099927E-002)        (0.29368294187868177,1.18859569184892374E-002)
   (4.41006950410902793E-002,6.02590723336490428E-003)   (4.33236772272756994E-009,5.94723751502034722E-010)   (4.33236778411978590E-009,5.94723752411621859E-010) (-4.41191714117742523E-002,-6.05052292612671960E-003)
   2.9022099999999997        1.2500000000000000     
        (0.30931853291045075,1.26931105832151364E-002)        (0.30940497319999472,1.27486468703425070E-002)
   (4.13998179356039817E-002,6.05465425851667467E-003)   (4.06719232960888309E-009,5.97792137871104676E-010)   (4.06719240428837172E-009,5.97792138968663747E-010) (-4.14168343876963954E-002,-6.08064294353603384E-003)
   2.9522049999999997        1.2500000000000000     
        (0.32559430443310972,1.35958865611001643E-002)        (0.32568370305337263,1.36565497662320592E-002)
   (3.84070073949138793E-002,6.03615084803825995E-003)   (3.77333502590578819E-009,5.96226902537981986E-010)   (3.77333511758764427E-009,5.96226903853225526E-010) (-3.84223263388185424E-002,-6.06344855279905299E-003)
   3.0021999999999998        1.2500000000000000     
        (0.34243725450415230,1.45459454018789340E-002)        (0.34252944791380358,1.46119882656620629E-002)
   (3.51275389007479899E-002,5.96620271114431042E-003)   (3.45131255993732822E-009,5.89614638422307338E-010)   (3.45131267105160862E-009,5.89614639995766060E-010) (-3.51409234575058640E-002,-5.99472547148928447E-003)
   3.0521949999999998        1.2500000000000000     
        (0.35985771877777295,1.55457900021937490E-002)        (0.35995251815062540,1.56174527109924789E-002)
   (3.15685836397471345E-002,5.84078919318500953E-003)   (3.10182711325661088E-009,5.77558774037356404E-010)   (3.10182724803651123E-009,5.77558776007163886E-010) (-3.15797911258458019E-002,-5.87043209949442146E-003)
   3.1021899999999998        1.2500000000000000     
        (0.37786589195503567,1.65980894062583602E-002)        (0.37796308336130552,1.66755962633824348E-002)
   (2.77392311924783697E-002,5.65611695197709100E-003)   (2.72576976604936409E-009,5.59684838373701525E-010)   (2.72576992862235435E-009,5.59684840600792060E-010) (-2.77480203188156978E-002,-5.68675335899721576E-003)
   3.1521849999999998        1.2500000000000000     
        (0.39647190504646473,1.77056715876157296E-002)        (0.39657125061866810,1.77892275913807164E-002)
   (2.36505214314924710E-002,5.40868066095736948E-003)   (2.32422290579237914E-009,5.35646432901562776E-010)   (2.32422310242777532E-009,5.35646435526182354E-010) (-2.36566521030604424E-002,-5.44016157165610938E-003)
   3.2021799999999998        1.2500000000000000     
        (0.41568576253809664,1.88715070103027266E-002)        (0.41578699977588696,1.89612945646506839E-002)
   (1.93153949723089656E-002,5.09531673506252985E-003)   (1.89845592660031947E-009,5.05130504713160924E-010)   (1.89845616268217195E-009,5.05130507819575365E-010) (-1.93186320864043894E-002,-5.12747036333584868E-003)
   3.2521749999999998        1.2500000000000000     
        (0.43551733917456981,2.00986973719952458E-002)        (0.43562018644121869,2.01948726595431310E-002)
   (1.47487180490889006E-002,4.71325782213413789E-003)   (1.44992741001559465E-009,4.67862701451213843E-010)   (1.44992769220972287E-009,4.67862705100179874E-010) (-1.47488350613409411E-002,-4.74588936176366643E-003)
   3.3021699999999998        1.2500000000000000     
        (0.45597633451042102,2.13904545466974093E-002)        (0.45608048955607994,2.14931443018805193E-002)
   (9.96715468181338937E-003,4.26019340262450731E-003)   (9.80272582847091234E-010,4.23613332427817072E-010)   (9.80272919149637183E-010,4.23613336738521958E-010) (-9.96393201207229282E-003,-4.29308490133353555E-003)
   3.3521649999999998        1.2500000000000000     
        (0.47707228533417889,2.27500832614766189E-002)        (0.47717742864729107,2.28593814539560652E-002)
   (4.98917523459376389E-003,3.73432221030191649E-003)   (4.91304101124973815E-010,3.72202530629132912E-010)   (4.91304501741962378E-010,3.72202535703770682E-010) (-4.98240589226156983E-003,-3.76723261558688932E-003)
   3.4021599999999999        1.2500000000000000     
        (0.49881461023812429,2.41809561415656793E-002)        (0.49892041110690782,2.42969209407217258E-002)
  (-1.64991779925478794E-004,3.13440171480013205E-003)  (-1.49921050228711772E-011,3.13505134374562407E-010)  (-1.49916292562583160E-011,3.13505140325537703E-010)  (1.75499788883662681E-004,-3.16706737688262447E-003)
   3.4521549999999999        1.2500000000000000     
        (0.52121303069320202,2.56864941536295750E-002)        (0.52131924636970850,2.58091467246366335E-002)
  (-5.47318455812205017E-003,2.45980210545581517E-003)  (-5.36437723156305362E-010,2.47456064361456363E-010)  (-5.36437800541246590E-010,2.47456063434597126E-010)  (5.48744747184615102E-003,-2.49193925392124068E-003)
   3.5021500000000003        1.2500000000000000     
        (0.54427554357302976,2.72701244068293130E-002)        (0.54438174512042281,2.73994421213933186E-002)
  (-1.09126986705387202E-002,1.71054096371823844E-003)  (-1.07080831729679248E-009,1.74053482087590403E-010)  (-1.07080841039208826E-009,1.74053480943583383E-010)  (1.09310051850190562E-002,-1.74184002572441579E-003)
   3.5521449999999994        1.2500000000000000     
        (0.56801143576111535,2.89352810342787571E-002)        (0.56811727895418362,2.90711996446035813E-002)
  (-1.64584386022457313E-002,8.87339195062514978E-004)  (-1.61563663476067268E-009,9.33647415591135334E-011)  (-1.61563674660644047E-009,9.33647401569734419E-011)  (1.64809145550752142E-002,-9.17471947233340374E-004)
   3.6021399999999995        1.2500000000000000     
        (0.59242936535600754,3.06853628244273813E-002)        (0.59253450980216515,3.08277736384203332E-002)
 (-2.20843070188671345E-002,-8.35645756757326711E-006)  (-2.16835968780119574E-009,5.52834064171697142E-012)  (-2.16835982206390969E-009,5.52833891656861510E-012)  (2.21110560456383720E-002,-2.02621260741970418E-005)
   3.6521349999999995        1.2500000000000000     
        (0.61753777259030518,3.25237059480522409E-002)        (0.61764188662116193,3.26724546850759648E-002)
 (-2.77630556597754478E-002,-9.74337795863167394E-004) (-2.72630075724297896E-009,-8.92424726827931337E-011) (-2.72630091676762503E-009,-8.92424747796698141E-011)   (2.77941515276552177E-002,9.47599549837210191E-004)
   3.7021299999999995        1.2500000000000000     
        (0.64334498256732775,3.44535702201996669E-002)        (0.64344775058446713,3.46084572342936561E-002)
 (-3.34664486821574722E-002,-2.00761404550352240E-003) (-3.28668580562433460E-009,-1.90657556337000027E-010) (-3.28668599647536471E-009,-1.90657558887195994E-010)   (3.35019344135144212E-002,1.98313902021906565E-003)
   3.7521249999999995        1.2500000000000000     
        (0.66985915117984429,3.64781097350725669E-002)        (0.66996028458410961,3.66388899929757025E-002)
 (-3.91653371099792980E-002,-3.10439412735851730E-003) (-3.84665073932390407E-009,-2.98348121658448644E-010) (-3.84665096628423658E-009,-2.98348124739391765E-010)   (3.92052225007833779E-002,3.08258018600279186E-003)
   3.8021199999999995        1.2500000000000000     
        (0.69708829232198499,3.86003540952290988E-002)        (0.69718752156446184,3.87667386758732344E-002)
 (-4.48299151725817316E-002,-4.26008643248970611E-003) (-4.40326613780693534E-009,-4.11866624799416461E-010) (-4.40326640722274540E-009,-4.11866628516539797E-010)   (4.48741673651232922E-002,4.24134400826875133E-003)
   3.8521149999999995        1.2500000000000000     
        (0.72504036059524501,4.08231932327987809E-002)        (0.72513745552989839,4.09948510021223636E-002)
 (-5.04298864069243208E-002,-5.46929124398831765E-003) (-4.95355491196658414E-009,-5.30685984345327446E-010) (-4.95355523059607137E-009,-5.30685988801696925E-010)   (5.04784414521045471E-002,5.45404091929795574E-003)
   3.9021099999999995        1.2500000000000000     
        (0.75372316795482086,4.31493564677142213E-002)        (0.75381793716539547,4.33259174498823729E-002)
 (-5.59345883235782201E-002,-6.72581425992887279E-003) (-5.49450233520685736E-009,-6.54200869379200354E-010) (-5.49450271170472151E-009,-6.54200874763044854E-010)   (5.59873327728454481E-002,6.71448452875018659E-003)
   3.9521050000000000        1.2500000000000000     
        (0.78314452646286514,4.55814143644312567E-002)        (0.78323682893338564,4.57624732393829212E-002)
 (-6.13132560570386342E-002,-8.02268819295562721E-003) (-6.02308418126120172E-009,-7.81729729245093141E-010) (-6.02308462428038065E-009,-7.81729735630180525E-010)   (6.13700303498710201E-002,8.01571151495864519E-003)
   4.0021000000000004        1.2500000000000000     
        (0.81331216138967277,4.81217503886187808E-002)        (0.81340190195854167,4.83068711047060714E-002)
 (-6.65351653294106171E-002,-9.35218924518398283E-003) (-6.53627941993699365E-009,-9.12516349356645331E-010) (-6.53627994105256731E-009,-9.12516356953750836E-010)   (6.65957656318747621E-002,9.34999887516339834E-003)
   4.0520950000000004        1.2500000000000000     
        (0.84423382521254386,5.07725840457098898E-002)        (0.84432096658990907,5.09613050998054609E-002)
 (-7.15698112206282766E-002,-1.07058954476771800E-002) (-7.03108821578414651E-009,-1.04573555237310733E-009) (-7.03108882351921767E-009,-1.04573556141021682E-009)   (7.16339797972628672E-002,1.07089210722615021E-002)
   4.1020900000000005        1.2500000000000000     
        (0.87591731483970270,5.35359438021836206E-002)        (0.87600188790304878,5.37277851237976875E-002)
 (-7.63871685037747772E-002,-1.20747101966897797E-002) (-7.50455748927776355E-009,-1.18049543558265614E-009) (-7.50455820309928841E-009,-1.18049544629827577E-009)   (7.64545971151974063E-002,1.20833737783376197E-002)
   4.1520850000000005        1.2500000000000000     
        (0.90837045744584577,5.64136937941772040E-002)        (0.90845254789871865,5.66081635132789224E-002)
 (-8.09578598100910291E-002,-1.34489370912776064E-002) (-7.95379741319828496E-009,-1.31584463814599880E-009) (-7.95379824948924972E-009,-1.31584465075754763E-009)   (8.10281848395928705E-002,1.34636474042862560E-002)
   4.2020800000000005        1.2500000000000000     
        (0.94160115367821473,5.94075255856178208E-002)        (0.94168092930937763,5.96041282093537142E-002)
 (-8.52533060859012592E-002,-1.48183294604846312E-002) (-8.37599602967816545E-009,-1.45077720201619997E-009) (-8.37599700170964243E-009,-1.45077721693799001E-009)   (8.53261048141389089E-002,1.48394768999359893E-002)
   4.2520750000000005        1.2500000000000000     
        (0.97561817974878284,6.25189923061464647E-002)        (0.97569601200742007,6.27172393758908681E-002)
 (-8.92465304426839218E-002,-1.61721833908555941E-002) (-8.76850399934135216E-009,-1.58424172931192961E-009) (-8.76850383250858151E-009,-1.58424172749060674E-009)   (8.93215763534596918E-002,1.62001377958470617E-002)
   4.3020699999999996        1.2500000000000000     
         (1.0104283398759479,6.57494779891593661E-002)         (1.0105044129155412,6.59488902184064141E-002)
 (-9.29102461721705991E-002,-1.74993869222179847E-002) (-9.12862690610720556E-009,-1.71514574257620301E-009) (-9.12862670929860726E-009,-1.71514574040105962E-009)   (9.29867903906463067E-002,1.75344797218509735E-002)
   4.3520649999999996        1.2500000000000000     
         (1.0460405407661733,6.91002749387478327E-002)         (1.0461152368154707,6.93003986460870580E-002)
 (-9.62200394620196797E-002,-1.87885414257520228E-002) (-9.45396642149694747E-009,-1.84236820836594317E-009) (-9.45396618980471337E-009,-1.84236820573952602E-009)   (9.62974965915824460E-002,1.88310695161709556E-002)
   4.4020599999999996        1.2500000000000000     
         (1.0824633206372449,7.25725661048498144E-002)         (1.0825370919518991,7.27729805945436792E-002)
 (-9.91524061801834500E-002,-2.00280352037329329E-002) (-9.74220800512610008E-009,-1.96476637092650576E-009) (-9.74220773264423009E-009,-1.96476636777122904E-009)   (9.92301306722408460E-002,2.00782504207678777E-002)
   4.4520549999999997        1.2500000000000000     
         (1.1197053024477177,7.61674616875938765E-002)         (1.1197786697966108,7.63677895353122582E-002)
      (-0.10168578057870732,-2.12061536172617436E-002) (-9.99122894098048311E-009,-2.08118659781327906E-009) (-9.99122862217659312E-009,-2.08118659405649107E-009)        (0.10176307575384269,2.12642550702384289E-002)
   4.5020499999999997        1.2500000000000000     
         (1.1577754187368523,7.98860266618912074E-002)         (1.1578489713971503,8.00859428503487292E-002)
      (-0.10380033730240083,-2.23111769731979132E-002) (-1.01990764537686791E-008,-2.19047395346430086E-009) (-1.01990760796907741E-008,-2.19047394897007432E-009)        (0.10387645152256920,2.23773028726587248E-002)
   4.5520449999999997        1.2500000000000000     
         (1.1966827977425498,8.37293012154807781E-002)         (1.1967571831700243,8.39285436581616306E-002)
      (-0.10547828981227317,-2.33314882986609129E-002) (-1.03639990583644585E-008,-2.29148296190462718E-009) (-1.03639986219442552E-008,-2.29148295655985756E-009)        (0.10555242900241670,2.34057091036994069E-002)
   4.6020399999999997        1.2500000000000000     
         (1.2364367775073024,8.76983369063732698E-002)         (1.2365126976010563,8.78967148697803596E-002)
      (-0.10670401288780415,-2.42556780846594836E-002) (-1.04844579572450924E-008,-2.38308766545234468E-009) (-1.04844574489836606E-008,-2.38308765904718658E-009)        (0.10677534995679903,2.43379879682772901E-002)
   4.6520349999999997        1.2500000000000000     
         (1.2770468392506811,9.17942268563911312E-002)         (1.2771250442179263,9.19916293750356467E-002)
      (-0.10746401212654674,-2.50726730250564363E-002) (-1.05591229453075656E-008,-2.46419446953409032E-009) (-1.05591223530587060E-008,-2.46419446195665269E-009)        (0.10753166901921081,2.51629826986722385E-002)
   4.7020300000000006        1.2500000000000000     
         (1.3185228545075867,9.60181310393712767E-002)         (1.3186041316164034,9.62145353372205192E-002)
      (-0.10774717510944795,-2.57718165103711823E-002) (-1.05868994071778797E-008,-2.53375009062809814E-009) (-1.05868987200812420E-008,-2.53375008159655930E-009)        (0.10781025651401262,2.58699467814264492E-002)
   4.7520250000000006        1.2500000000000000     
              (1.3608748166275446,0.10037131330458186)              (1.3609599728001447,0.10056679070916717)
      (-0.10754480532928071,-2.63430011906055812E-002) (-1.05669296573295559E-008,-2.59075450719235089E-009) (-1.05669288609480506E-008,-2.59075449652251136E-009)        (0.10760239747358848,2.64486752303574046E-002)
   4.8020200000000006        1.2500000000000000     
              (1.4041129764663722,0.10485517275045264)              (1.4042028412267906,0.10504989383646263)
      (-0.10685067587147791,-2.67767624164848492E-002) (-1.04986006974367082E-008,-2.63427038379618689E-009) (-1.04985997755672751E-008,-2.63427037114653523E-009)        (0.10690186392524316,2.68896029974810373E-002)
   4.8520150000000006        1.2500000000000000     
              (1.4482477087008623,0.10947125371934997)              (1.4483431118948042,0.10966549298686432)
      (-0.10566106250834610,-2.70643768650734723E-002) (-1.03815435722255200E-008,-2.66343266535449648E-009) (-1.03815425080347557E-008,-2.66343265048292313E-009)        (0.10570491909755415,2.71838990883223365E-002)
   4.9020100000000006        1.2500000000000000     
              (1.4932897172448076,0.11422130916651820)              (1.4933914705968399,0.11441544625394152)
      (-0.10397475522696693,-2.71979744023001339E-002) (-1.02156397437933301E-008,-2.67745975271767285E-009) (-1.02156385158443295E-008,-2.67745973521739065E-009)        (0.10401038208973395,2.73235843503705569E-002)
   4.9520050000000007        1.2500000000000000     
              (1.5392496839210128,0.11910728285092399)              (1.5393585867570636,0.11930180401666275)
      (-0.10179312866636439,-2.71706026613585949E-002) (-1.00010237769385989E-008,-2.67565991816960967E-009) (-1.00010223603025322E-008,-2.67565989765623606E-009)        (0.10181966325744798,2.73015957101187048E-002)
   5.0020000000000007        1.2500000000000000     
              (1.5861386792221377,0.12413137948641091)              (1.5862554661817101,0.12432687511668288)
 (-9.91201370276755811E-002,-2.69763288886028171E-002) (-9.73808494808606523E-009,-2.65744142167219275E-009) (-9.73808331931094764E-009,-2.65744139752975777E-009)   (9.91367537915460173E-002,2.71118893540555662E-002)
   5.0519950000000007        1.2500000000000000     
              (1.6339676236715435,0.12929604192125577)              (1.6340930100781832,0.12949320370765396)
 (-9.59622143070341244E-002,-2.66103182947853185E-002) (-9.42745619115896670E-009,-2.62232027842717284E-009) (-9.42745432090389620E-009,-2.62232025017944626E-009)   (9.59681363154585854E-002,2.67495206734394940E-002)
   5.1019899999999998        1.2500000000000000     
              (1.6827488062512059,0.13460400912287215)              (1.6828836326287173,0.13480362667452059)
 (-9.23277788079464728E-002,-2.60688633630581298E-002) (-9.06995795203713589E-009,-2.56992320108582214E-009) (-9.06995829155557891E-009,-2.56992320536193191E-009)   (9.23219187970682476E-002,2.62106726762078128E-002)
   5.1519849999999998        1.2500000000000000     
              (1.7324914878959417,0.14005827775828858)              (1.7326361056350630,0.14026122440091771)
 (-8.82293751790612368E-002,-2.53494956708517280E-002) (-8.66684331658932271E-009,-2.49999911697176773E-009) (-8.66684370838473506E-009,-2.49999912194691584E-009)   (8.82114699414863340E-002,2.54927860581920726E-002)
   5.2019799999999998        1.2500000000000000     
              (1.7832077875058903,0.14566219054117180)              (1.7833626620515874,0.14586942024822344)
 (-8.36803085937578850E-002,-2.44509906392240024E-002) (-8.21941577635880508E-009,-2.41241917534562871E-009) (-8.21941622994324103E-009,-2.41241918115458645E-009)   (8.36498537175612566E-002,2.45945412267692745E-002)
   5.2519749999999998        1.2500000000000000     
              (1.8349090042432636,0.15141937758689533)              (1.8350744861266517,0.15163191122302527)
 (-7.86967800004642337E-002,-2.33734000964306125E-002) (-7.72927049080175105E-009,-2.30718032548525102E-009) (-7.72927101745094794E-009,-2.30718033226743597E-009)   (7.86533708418437616E-002,2.35159080420245421E-002)
   5.3019699999999998        1.2500000000000000     
              (1.8876062705308196,0.15733377745732380)              (1.8877825913187976,0.15755269052117302)
 (-7.32972294482103492E-002,-2.21181122276268849E-002) (-7.19822460298948182E-009,-2.18441123751880935E-009) (-7.19822520718006171E-009,-2.18441124537847770E-009)   (7.32405914986649642E-002,2.22582037378967028E-002)
   5.3519649999999999        1.2500000000000000     
              (1.9413107533328946,0.16340965518798214)              (1.9414980294073350,0.16363606258436270)
 (-6.75021341033329725E-002,-2.06878329097840465E-002) (-6.62829681775820390E-009,-2.04437079669065002E-009) (-6.62829751689266219E-009,-2.04437080582102247E-009)   (6.74321451149277884E-002,2.08240796956945667E-002)
   5.4019599999999999        1.2500000000000000     
              (1.9960333978382292,0.16965157500784375)              (1.9962316074636612,0.16988661472759775)
 (-6.13341434259512541E-002,-1.90865842479422260E-002) (-6.02171933962855219E-009,-1.88744776295821674E-009) (-6.02172014376168942E-009,-1.88744777360954480E-009)   (6.12508280167365637E-002,1.92175153097398285E-002)
   5.4519549999999999        1.2500000000000000     
              (2.0517851038305772,0.17606439502500046)              (2.0519940915941839,0.17630921251850748)
 (-5.48177923671214137E-002,-1.73197354153946936E-002) (-5.38090806967499295E-009,-1.71416404910441243E-009) (-5.38090899537301498E-009,-1.71416406140732156E-009)   (5.47213156942797027E-002,1.74438567567786300E-002)
   5.5019499999999999        1.2500000000000000     
              (2.1085765830986110,0.18265325446865679)              (2.1087960511590254,0.18290898244940773)
 (-4.79793914706188249E-002,-1.53939383062619926E-002) (-4.70845726027276021E-009,-1.52516852766841865E-009) (-4.70845832374556238E-009,-1.52516854193251490E-009)   (4.78701052733396318E-002,1.55097502995173251E-002)
   5.5519449999999999        1.2500000000000000     
              (2.1664181964879270,0.18942355509653352)              (2.1666477204182111,0.18969129726582737)
 (-4.08468238880091011E-002,-1.33171179650331088E-002) (-4.00711378266968832E-009,-1.32123592675988137E-009) (-4.00711500494526307E-009,-1.32123594326841248E-009)   (4.07252255825821946E-002,1.34231339348120701E-002)
   5.6019399999999999        1.2500000000000000     
              (2.2253201226487049,0.19638092912520386)              (2.2255591348432775,0.19666174182325241)
 (-3.34497177791428582E-002,-1.10984225139000563E-002) (-3.27979652408394826E-009,-1.10326218681347302E-009) (-3.27979791699893045E-009,-1.10326220595812038E-009)   (3.33164835343681340E-002,1.11931897327642357E-002)
   5.6519349999999999        1.2500000000000000     
              (2.2852922954336710,0.20353121291442541)              (2.2855401191909661,0.20382608657627621)
 (-2.58188029156835412E-002,-8.74818951456171785E-003) (-2.52953206414794818E-009,-8.72260966013407302E-010) (-2.52953367559965216E-009,-8.72260988144147307E-010)   (2.56747659678660603E-002,8.83030658919725132E-003)
   5.7019299999999999        1.2500000000000000     
              (2.3463442977270792,0.21088040255154258)              (2.3466001027017800,0.21119024532042205)
 (-1.79861570241315882E-002,-6.27786120823997738E-003) (-1.75948170964724591E-009,-6.29355651367902525E-010) (-1.75948353593038663E-009,-6.29355677103846572E-010)   (1.78323256548922685E-002,6.34600143172483512E-003)
   5.7519250000000000        1.2500000000000000     
              (2.4084854191958249,0.21843463843147329)              (2.4087483004990400,0.21876025730573331)
 (-9.98489441211688512E-003,-3.69991712583783890E-003) (-9.72906325397889974E-010,-3.75772488258715290E-010) (-9.72908407866400162E-010,-3.75772518087782376E-010)   (9.82242222613182933E-003,3.75284774506855212E-003)
   5.8019200000000000        1.2500000000000000     
              (2.4717244739298478,0.22620014756231044)              (2.4719934102233978,0.22654223843303287)
 (-1.84903474881537543E-003,-1.02781043653823274E-003) (-1.73156602325549974E-010,-1.12834426193735660E-010) (-1.73158974054895236E-010,-1.12834460353517415E-010)   (1.67923814196614847E-003,1.06441007904828052E-003)
   5.8519150000000009        1.2500000000000000     
              (2.5360700366680096,0.23418317975854880)              (2.5363439219860653,0.23454231097401398)
   (6.38664444649101205E-003,1.72412019131473293E-003)   (6.36343574826291863E-010,1.58047829148715694E-010)   (6.36340873298586639E-010,1.58047789794591606E-010) (-6.56233621591406375E-003,-1.70484413167790129E-003)
   5.9019100000000000        1.2500000000000000     
              (2.6015303465059403,0.24239000473669084)              (2.6018080022101540,0.24276660518355878)
   (1.46869399090935084E-002,4.54076190884754576E-003)   (1.45212650262384828E-009,4.35386124854269272E-010)   (1.45212343495401873E-009,4.35386079580000072E-010) (-1.48669470627329162E-002,-4.53965464414792571E-003)
   5.9519050000000000        1.2500000000000000     
              (2.6681131725105387,0.25082682723221134)              (2.6683934062862420,0.25122118156715889)
   (2.30162474488593907E-002,7.40633654947179046E-003)   (2.27068876208200823E-009,7.17626316376546574E-010)   (2.27068528279882041E-009,7.17626264115711501E-010) (-2.31988968160646673E-002,-7.42408170638398680E-003)
   6.0019000000000000        1.2500000000000000     
              (2.7358273438477019,0.25949976824852028)              (2.7361092019689286,0.25991201118651469)
   (3.13376717472420990E-002,1.03044876453832236E-002)   (3.08838320754731650E-009,1.00315623964995255E-009)   (3.08838386755739574E-009,1.00315624916343887E-009) (-3.15206008623890657E-002,-1.03415867940518467E-002)
   6.0518950000000000        1.2500000000000000     
              (2.8046773291082272,0.26841474784507874)              (2.8049592982865206,0.26884484961308630)
   (3.96168953672903154E-002,1.32183913963800585E-002)   (3.90186054252602547E-009,1.29031745961990679E-009)   (3.90186130005428498E-009,1.29031747058938567E-009) (-3.97987873252428626E-002,-1.32751751647644869E-002)
   6.1018900000000000        1.2500000000000000     
              (2.8746712327923563,0.27757752517682627)              (2.8749520500071455,0.27802530172518664)
   (4.78173395994358763E-002,1.61308935310234547E-002)   (4.70750942365706425E-009,1.57741790560578240E-009)   (4.70751029050195911E-009,1.57741791866194370E-009) (-4.79962906585609320E-002,-1.62074941278721810E-002)
   6.1518850000000000        1.2500000000000000     
              (2.9458154070664393,0.28699361867126061)              (2.9460938713460845,0.28745872720057314)
   (5.59034022896137475E-002,1.90246400096380740E-002)   (5.50182593027931292E-009,1.86274509087703877E-009)   (5.50182692189570455E-009,1.86274510538463693E-009) (-5.60774818848492687E-002,-1.91209849169799648E-002)
   6.2018800000000001        1.2500000000000000     
              (3.0181162810245921,0.29666822784579894)              (3.0183912283193974,0.29715017543523997)
   (6.38398867684154409E-002,2.18821678948072154E-002)   (6.28134842703598094E-009,2.14457517752272940E-009)   (6.28134956597241084E-009,2.14457519420320323E-009) (-6.40071295549052843E-002,-2.19979836416664618E-002)
   6.2518750000000001        1.2500000000000000     
              (3.0915796443103738,0.30660626925915735)              (3.0918499666396282,0.30710441432482849)
   (7.15922583462410139E-002,2.46860662553382570E-002)   (7.04268345373797272E-009,2.42118882648423047E-009)   (7.04268474224191293E-009,2.42118884559723569E-009) (-7.17507541881673983E-002,-2.48208704942482344E-002)
   6.3018700000000001        1.2500000000000000     
              (3.1662115200105010,0.31681227629823500)              (3.1664762364556296,0.31732584217127136)
   (7.91266781266578983E-002,2.74190834947351872E-002)   (7.78250001326294979E-009,2.69088175115615805E-009)   (7.78250149030091939E-009,2.69088177293395374E-009) (-7.92745005803222463E-002,-2.75721886095670332E-002)
   6.3518650000000001        1.2500000000000000     
              (3.2420175527662733,0.32729040247089836)              (3.2422757510726221,0.32781848255265356)
   (8.64100515038171008E-002,3.00642803814664128E-002)   (8.49754766575257112E-009,2.95197955391655817E-009)   (8.49754935768973783E-009,2.95197957949048711E-009) (-8.65453387712654121E-002,-3.02347939236025931E-002)
   6.4018600000000001        1.2500000000000000     
              (3.3190033241609473,0.33804442344436275)              (3.3192542108154450,0.33858600133113403)
   (9.34104792353805946E-002,3.26051210589281548E-002)   (9.18469080793600543E-009,3.20284742180622915E-009)   (9.18469270337812175E-009,3.20284745052545694E-009) (-9.35314346730514862E-002,-3.27919548153343329E-002)
   6.4518550000000001        1.2500000000000000     
              (3.3971746934414528,0.34907768353320756)              (3.3974176436045105,0.34963164536213620)
        (0.10009699440323555,3.50256319365440730E-002)   (9.84088755269147528E-009,3.44190505694206514E-009)   (9.84088970433799138E-009,3.44190508968695226E-009)      (-0.10020191785704921,-3.52275039203863508E-002)
   6.5018500000000001        1.2500000000000000     
              (3.4765372718985228,0.36039312851709510)              (3.4767718008377289,0.36095827591300855)
        (0.10643999503424809,3.73104969536648609E-002)   (1.04632303357272886E-008,3.66763619168836553E-009)   (1.04632327684998015E-008,3.66763622919910462E-009)      (-0.10652729252337793,-3.75259434248466014E-002)
   6.5518450000000001        1.2500000000000000     
              (3.5570969467565372,0.37199331024559340)              (3.5573226632150234,0.37256838463484793)
        (0.11241105537839448,3.94452213242734509E-002)   (1.10489304227477261E-008,3.87860540931398369E-009)   (1.10489331820562361E-008,3.87860545208152175E-009)      (-0.11247926678800906,-3.96726047285989730E-002)
   6.6018400000000002        1.2500000000000000     
              (3.6388596896526542,0.38388037280245801)              (3.6390764351070670,0.38446406785226644)
        (0.11798338359470163,4.14161427613170471E-002)   (1.15953568450650084E-008,4.07345835101127711E-009)   (1.15953599682048841E-008,4.07345839969640158E-009)      (-0.11803118792110280,-4.16536631032979401E-002)
   6.6518350000000002        1.2500000000000000     
              (3.7218317878032408,0.39605613874930251)              (3.7220395590290347,0.39664712716929090)
        (0.12313161812129421,4.32106448164945173E-002)   (1.21000236186539949E-008,4.25094336213181182E-009)   (1.21000271584748595E-008,4.25094341751901169E-009)      (-0.12315785054984892,-4.34563546322110153E-002)
   6.7018300000000002        1.2500000000000000     
              (3.8060199043938971,0.40852205754252369)              (3.8062188618254011,0.40911900413636437)
        (0.12783189437836762,4.48171798574742014E-002)   (1.25605906807924536E-008,4.40991404625310031E-009)   (1.25605946590468377E-008,4.40991410931608710E-009)      (-0.12783555144809772,-4.50689992931089384E-002)
   6.7518250000000002        1.2500000000000000     
              (3.8914309152189710,0.42127933780044319)              (3.8916213878780384,0.42188093060342813)
        (0.13206231533056950,4.62253595152643110E-002)   (1.29749126590313166E-008,4.54933730114385668E-009)   (1.29749171538500638E-008,4.54933737278844280E-009)      (-0.13204259665690693,-4.64810885284736366E-002)
   6.8018200000000002        1.2500000000000000     
              (3.9780721041963756,0.43432894266741073)              (3.9782546171476851,0.43493389918317188)
        (0.13580219959332163,4.74260555055309313E-002)   (1.33409662986213655E-008,4.66830445560194284E-009)   (1.33409713453171007E-008,4.66830453709970507E-009)      (-0.13575849416107205,-4.76833937895300985E-002)
   6.8518150000000002        1.2500000000000000     
              (4.0659512561311963,0.44767165818041993)              (4.0661264287793042,0.44827875842210924)
        (0.13903310364713883,4.84114379004969217E-002)   (1.36569494609287226E-008,4.76603438337940007E-009)   (1.36569551384482781E-008,4.76603447577909920E-009)      (-0.13896502725200463,-4.86679980095638606E-002)
   6.9018100000000002        1.2500000000000000     
              (4.1550783997458529,0.46130816906780431)              (4.1552475046716522,0.46191627357687687)
        (0.14173916489793992,4.91750230019238899E-002)   (1.39213353424584699E-008,4.84187906003788134E-009)   (1.39213342057609871E-008,4.84187904292831956E-009)      (-0.14164734538645590,-4.94283623533229438E-002)
   6.9518050000000002        1.2500000000000000     
              (4.2454589564888163,0.47523908073888599)              (4.2456225811162973,0.47584713817797047)
        (0.14390376308486882,4.97116740582486533E-002)   (1.41324572923196071E-008,4.89532212635955639E-009)   (1.41324560125666588E-008,4.89532210677888021E-009)      (-0.14378751740877038,-4.99592816907966503E-002)
   7.0018000000000011        1.2500000000000000     
              (4.3371036114943884,0.48946505211940361)              (4.3372629324136165,0.49007213034755132)
        (0.14551448909951351,5.00177043671656621E-002)   (1.42891318567353707E-008,4.92599110265795403E-009)   (1.42891304078999404E-008,4.92599108008833764E-009)      (-0.14537409489123043,-5.02570449972847208E-002)
   7.0517949999999994        1.2500000000000000     
              (4.4300221802134949,0.50398686493906031)              (4.4301784043073784,0.50459216290112030)
        (0.14656030060727812,5.00908062496559087E-002)   (1.43902874219014620E-008,4.93365024347787763E-009)   (1.43902857814590132E-008,4.93365021773185708E-009)      (-0.14639628237935809,-5.03193422343128152E-002)
   7.1017899999999994        1.2500000000000000     
              (4.5242247681292209,0.51880543177203431)              (4.5243792698426590,0.51940829959193424)
        (0.14703187526618006,4.99300343380916223E-002)   (1.44350197607551748E-008,4.91819818274522344E-009)   (1.44350179030086749E-008,4.91819815327751216E-009)      (-0.14684498746912969,-5.01452381042285927E-002)
   7.1517849999999994        1.2500000000000000     
              (4.6197221194446385,0.53392192165785313)              (4.6198763274233912,0.53452186081099440)
        (0.14692200229268793,4.95358403135930034E-002)   (1.44226417178557567E-008,4.87967202482176883E-009)   (1.44226396219940249E-008,4.87967199117505508E-009)      (-0.14671327801489292,-4.97352210079027302E-002)
   7.2017799999999994        1.2500000000000000     
              (4.7165252880648083,0.54933782863962355)              (4.7166807653453571,0.54993452228767781)
        (0.14622501215674688,4.89100088749001502E-002)   (1.43526071040595461E-008,4.81824126529044653E-009)   (1.43526047225971045E-008,4.81824122693805117E-009)      (-0.14599569570242571,-4.90911337594976058E-002)
   7.2517749999999994        1.2500000000000000     
              (4.8146457576365522,0.56505499996786224)              (4.8148040969315318,0.56564831412473582)
        (0.14493771880705511,4.80555998838309642E-002)   (1.42246228698086047E-008,4.73420193075815215E-009)   (1.42246201898944400E-008,4.73420188695245031E-009)      (-0.14468931660576104,-4.82161124821937973E-002)
   7.3017699999999994        1.2500000000000000     
              (4.9140954290441785,0.58107575533828504)              (4.9142582339809495,0.58166574558251771)
        (0.14305856091362795,4.69768616882195594E-002)   (1.40385560742691755E-008,4.62796925201575174E-009)   (1.40385530589636151E-008,4.62796920226571165E-009)      (-0.14279286041143174,-4.71145182225784637E-002)
   7.3517649999999994        1.2500000000000000     
              (5.0148863946673750,0.59740285291156381)              (5.0150553012709596,0.59798977162635314)
        (0.14058789932977392,4.56792316264129847E-002)   (1.37944565194385038E-008,4.50007654145507308E-009)   (1.37944531356743392E-008,4.50007648443108295E-009)      (-0.14030690152960873,-4.57919162373057326E-002)
   7.4017599999999995        1.2500000000000000     
              (5.1170311484813080,0.61403960995418216)              (5.1172077612414268,0.61462390480844220)
        (0.13752829059991331,4.41691808568453331E-002)   (1.34925954318915570E-008,4.35116065475364516E-009)   (1.34925916229460093E-008,4.35116059031945182E-009)      (-0.13723420818586779,-4.42549383499200311E-002)
   7.4517549999999995        1.2500000000000000     
              (5.2205419790416965,0.63098988579222548)              (5.2207279511383531,0.63157221170585376)
        (0.13388399912353696,4.24541483631917863E-002)   (1.31334098614137094E-008,4.18195569674035477E-009)   (1.31334055892223357E-008,4.18195562390009892E-009)      (-0.13357929847436345,-4.25112004981993905E-002)
   7.5017499999999995        1.2500000000000000     
              (5.3254316939880466,0.64825812451989440)              (5.3256284777167195,0.64883932857389059)
        (0.12966152852655399,4.05424582289742874E-002)   (1.27175567539633336E-008,3.99328557302716122E-009)   (1.27175519606459869E-008,3.99328549017567077E-009)      (-0.12934891708324958,-4.05692496948077547E-002)
   7.5517449999999995        1.2500000000000000     
              (5.4317127801808507,0.66584938950123895)              (5.4319218525999542,0.66643051292838795)
        (0.12486912395087590,3.84431944233370529E-002)   (1.22458627200698917E-008,3.78605001308880575E-009)   (1.22458573437527789E-008,3.78604991972240297E-009)      (-0.12455143304587098,-3.84384034221088230E-002)
   7.6017399999999995        1.2500000000000000     
              (5.5393978422264771,0.68376932091345566)              (5.5396205480439171,0.68435157837882277)
        (0.11951743415275097,3.61661052164515412E-002)   (1.17193980900832593E-008,3.56121694451157112E-009)   (1.17193920741982381E-008,3.56121683900895927E-009)      (-0.11919781072564206,-3.61286732920205259E-002)
   7.6517349999999995        1.2500000000000000     
              (5.6484990773414943,0.70202409699977253)              (5.6487366096909017,0.70260888940649158)
        (0.11361855933760409,3.37215102415464110E-002)   (1.11393563989295331E-008,3.31981259037801461E-009)   (1.11393496589875336E-008,3.31981247131114908E-009)      (-0.11330018008123713,-3.36506763516274121E-002)
   7.7017299999999995        1.2500000000000000     
              (5.7590286998179536,0.72062051299900554)              (5.7592821332297586,0.72120938746364771)
        (0.10718721561687072,3.11201774486212571E-002)   (1.05072046648610931E-008,3.06290886251659983E-009)   (1.05071971262036882E-008,3.06290872699373702E-009)      (-0.10687347527315685,-3.10154937954235585E-002)
   7.7517249999999995        1.2500000000000000     
              (5.8709984737375560,0.73956586660897483)              (5.8712686540265722,0.74016051590676446)
        (0.10023960791066544,2.83731999372542308E-002)   (9.82454744470121083E-009,2.79161161930478511E-009)   (9.82453902427603764E-009,2.79161146773812360E-009) (-9.99340185305917644E-002,-2.82345619493240205E-002)
   7.8017199999999995        1.2500000000000000     
              (5.9844197747034080,0.75886794314116157)              (5.9847074251112673,0.75947017702380148)
   (9.27946662722660409E-002,2.54919607660115122E-002)   (9.09324969760935633E-009,2.50705808709197686E-009)   (9.09324029950815305E-009,2.50705791652447210E-009) (-9.25007504720230522E-002,-2.53196235826481167E-002)
   7.8517150000000004        1.2500000000000000     
              (6.0993058977779357,0.77853495124627625)              (6.0996120377070913,0.77914668168771295)
   (8.48718030836792814E-002,2.24879852513524409E-002)   (8.31519276172182070E-009,2.21039916328356966E-009)   (8.31519471301215111E-009,2.21039919367062436E-009) (-8.45919419039638520E-002,-2.22825638290310678E-002)
   7.9017100000000005        1.2500000000000000     
              (6.2156630917326217,0.79857542246038138)              (6.2159875213410558,0.79919862907037365)
   (7.64957442170810797E-002,1.93728536588161152E-002)   (7.49287991538129553E-009,1.90279472793907121E-009)   (7.49288210742700008E-009,1.90279476247518569E-009) (-7.62346236111057785E-002,-1.91353996986115514E-002)
   7.9517050000000005        1.2500000000000000     
              (6.3335031836533977,0.81899817347104675)              (6.3338458622393379,0.81963488875919455)
   (6.76903403878645615E-002,1.61581422765413596E-002)   (6.62862513719124201E-009,1.58540463860570944E-009)   (6.62862760171932277E-009,1.58540467797614452E-009) (-6.74514757286757416E-002,-1.58900971529289357E-002)
   8.0016999999999996        1.2500000000000000     
              (6.4528356854281199,0.83981230904832826)              (6.4531964706686002,0.84046457642714911)
   (5.84827043436727395E-002,1.28554035602590939E-002)   (5.72509047654172515E-009,1.25938548841628734E-009)   (5.72509324250917803E-009,1.25938553313911100E-009) (-5.82695632251763115E-002,-1.25586096838367269E-002)
   8.0516949999999987        1.2500000000000000     
              (6.5736692315534722,0.86102702168558687)              (6.5740476787649387,0.86169688386410770)
   (4.89017372448028453E-002,9.47596660825608152E-003)   (4.78511347000109662E-009,9.25874715655491876E-010)   (4.78511657336022679E-009,9.25874766758148981E-010) (-4.87176143871253450E-002,-9.15268856868836460E-003)
   8.1016899999999996        1.2500000000000000     
              (6.6960120311663971,0.88265156024566949)              (6.6964073541519964,0.88334100498940038)
   (3.89784659541220629E-002,6.03104107464532205E-003)   (3.81173336968707380E-009,5.85996037304008468E-010)   (3.81173684823385208E-009,5.85996094944440469E-010) (-3.88265057440975794E-002,-5.68393916837592154E-003)
   8.1516849999999987        1.2500000000000000     
              (6.8198717617278168,0.90469510525788144)              (6.8202830827750578,0.90540605860363621)
   (2.87463157053020613E-002,2.53160625007979459E-003)   (2.80822920659792228E-009,2.40851296951929038E-010)   (2.80823310771570344E-009,2.40851362467931883E-010) (-2.86294185975526118E-002,-2.16373139340271439E-003)
   8.2016799999999996        1.2500000000000000     
              (6.9452551176259663,0.92716681332781115)              (6.9456812148938321,0.92790108969573815)
  (1.82402062195270859E-002,-1.01164047142140523E-003)  (1.77800975063109524E-009,-1.08485623361439404E-010)  (1.77801411186983769E-009,-1.08485549226231171E-010)  (-1.81609149214984368E-002,1.39684642950502398E-003)
   8.2516749999999988        1.2500000000000000     
              (7.0721687139390372,0.95007555355862394)              (7.0726082157578052,0.95083483570254934)
  (7.49723741059147176E-003,-4.58823278893444927E-003)  (7.24711066634562203E-010,-4.60966076003156620E-010)  (7.24715948946521494E-010,-4.60965992012473701E-010)  (-7.45780283211701714E-003,4.98698894804392064E-003)
   8.3016699999999997        1.2500000000000000     
              (7.2006183385200755,0.97342998497698952)              (7.2010696295916885,0.97421579728211216)
 (-3.44350629326149694E-003,-8.18794285905933249E-003) (-3.47847470650925736E-010,-8.15565685044983443E-010) (-3.47842022862124239E-010,-8.15565589895678367E-010)   (3.44119651124271189E-003,8.59615595111800322E-003)
   8.3516649999999988        1.2500000000000000     
              (7.3306094948791367,0.99723836993655113)              (7.3310707164554021,0.99805202607736543)
 (-1.45409262966371931E-002,-1.18008275220635155E-002) (-1.43565257721380818E-009,-1.17128871661788789E-009) (-1.43564648341048359E-009,-1.17128860922861417E-009)   (1.44954143523966412E-002,1.22141163666278640E-002)
   8.4016599999999997        1.2500000000000000     
               (7.4621469126926581,1.0215087449818354)               (7.4626160970449291,1.0223513515144012)
 (-2.57527969986092800E-002,-1.54171878131836599E-002) (-2.53457281632985134E-009,-1.52716840927793539E-009) (-2.53456603110850449E-009,-1.52716828841544480E-009)   (2.56631488508604795E-002,1.58309622808913038E-002)
   8.4516549999999988        1.2500000000000000     
               (7.5952354870751488,1.0462484661852600)               (7.5957105398563005,1.0471208916559602)
 (-3.70345845671003898E-002,-1.90275519076397691E-002) (-3.64026529456238435E-009,-1.88225923957204363E-009) (-3.64025772903489076E-009,-1.88225910255519337E-009)   (3.69003049622559504E-002,1.94370157184719124E-002)
   8.5016499999999997        1.2500000000000000     
               (7.7298794656505248,1.0714645806137466)               (7.7303581246497117,1.0723674269327488)
 (-4.83407425095271973E-002,-2.26225820798624314E-002) (-4.74827687433243454E-009,-2.23563502194222224E-009) (-4.74826844596281526E-009,-2.23563486802235927E-009)   (4.81619305885294252E-002,2.30228414953238016E-002)
   8.5516450000000006        1.2500000000000000     
               (7.8660828142750114,1.0971635235268049)               (7.8665627400423617,1.0980970999844961)
 (-5.96241693272431886E-002,-2.61931302909908202E-002) (-5.85401731767756312E-009,-2.58638796876630939E-009) (-5.85400794351870644E-009,-2.58638779445437347E-009)   (5.94014395708951162E-002,2.65792081735334064E-002)
   8.6016399999999980        1.2500000000000000     
               (8.0038492825860725,1.1233512199359241)               (8.0043281342276504,1.1243155395250279)
 (-7.08365335142531888E-002,-2.97301315808191913E-002) (-6.95275860314446781E-009,-2.93362465759964648E-009) (-6.95274817449077173E-009,-2.93362446215975955E-009)   (7.05710511684927710E-002,3.00970866127541099E-002)
   8.6516349999999989        1.2500000000000000     
               (8.1431832174000185,1.1500330360863187)               (8.1436585381844608,1.1510278225439010)
 (-8.19286105275999765E-002,-3.32245945760816855E-002) (-8.03970106033415866E-009,-3.27645874679764273E-009) (-8.03968946358414759E-009,-3.27645852679985694E-009)   (8.16221699385032279E-002,3.35675361038912309E-002)
   8.7016299999999980        1.2500000000000000     
               (8.2840881237005082,1.1772137964100189)               (8.2845576622462929,1.1782384557658960)
 (-9.28502611816815204E-002,-3.66674654512131673E-002) (-9.10995194787363852E-009,-3.61400419631390434E-009) (-9.10993907881627736E-009,-3.61400394877235411E-009)   (9.25052247854055015E-002,3.69816574051582761E-002)
   8.7516249999999989        1.2500000000000000     
               (8.4265679433779610,1.2048977557583154)               (8.4270294184401653,1.2059513920105438)
      (-0.10355063334991231,-4.00497086224309573E-002) (-1.01585415757717372E-008,-3.94537799972982178E-009) (-1.01585272922871976E-008,-3.94537772201029214E-009)        (0.10316985151614119,4.03306393130056576E-002)
   8.8016199999999980        1.2500000000000000     
               (8.5706270823200743,1.2330886716908263)               (8.5710782388615634,1.2341700833906091)
      (-0.11397863182108943,-4.33621189507552365E-002) (-1.11804841848999473E-008,-4.26968403029910277E-009) (-1.11804683561668063E-008,-4.26968371944867762E-009)        (0.11356564431606968,4.36055482410042591E-002)
   8.8516149999999989        1.2500000000000000     
               (8.7162727279201953,1.2617898545635196)               (8.7167124318424651,1.2628975742282189)
      (-0.12408160144253162,-4.65954663088384985E-002) (-1.21705757820560875E-008,-4.58602494092497521E-009) (-1.21705792063733986E-008,-4.58602499714028958E-009)        (0.12363851803469177,4.67974653333775373E-002)
   8.9016099999999980        1.2500000000000000     
               (8.8635039369564197,1.2910040121215896)               (8.8639296184729055,1.2921362531840439)
      (-0.13381097229829333,-4.97401967243751436E-002) (-1.31241773776210562E-008,-4.89347999339099600E-009) (-1.31241812066635359E-008,-4.89348005663626280E-009)        (0.13334376001960918,4.98973357342521184E-002)
   8.9516049999999989        1.2500000000000000     
               (9.0123283721690619,1.3207336084683576)               (9.0127384598392339,1.3218883728045410)
      (-0.14311447550772011,-5.27865503863332516E-002) (-1.40361343117732208E-008,-5.19110517278648204E-009) (-1.40361385791400405E-008,-5.19110524402081553E-009)        (0.14262801008881693,5.28958245855386117E-002)
   9.0015999999999980        1.2500000000000000     
               (9.1627514450480749,1.3509806820134045)               (9.1631446528783300,1.3521557358060010)
      (-0.15194184702510205,-5.57244902582074708E-002) (-1.49015272319421930E-008,-5.47793426446307024E-009) (-1.49015319871201987E-008,-5.47793434480199793E-009)        (0.15144130848394763,5.57834290391559032E-002)
   9.0515949999999989        1.2500000000000000     
               (9.3147791512112992,1.3817470168702206)               (9.3151543826453445,1.3829399576366814)
      (-0.16024409030937903,-5.85436917698892167E-002) (-1.57155602112185563E-008,-5.75297291131608217E-009) (-1.57155655045219801E-008,-5.75297300179237214E-009)        (0.15973488657482068,5.85503819514570922E-002)
   9.1015899999999981        1.2500000000000000     
               (9.4684176496659180,1.4130341207453132)               (9.4687742725948922,1.4142423816394059)
      (-0.16797260801944636,-6.12335309940137823E-002) (-1.64734892657010288E-008,-6.01520291600451359E-009) (-1.64734951748092835E-008,-6.01520301775730437E-009)        (0.16746059831796858,6.11866718764080206E-002)
   9.1515849999999990        1.2500000000000000     
               (9.6236739149926542,1.4448433718714304)               (9.6240115711838197,1.4460642820437513)
      (-0.17508098059980270,-6.37828816851206265E-002) (-1.71707607962307780E-008,-6.26355417796322610E-009) (-1.71707673600820609E-008,-6.26355429252646708E-009)        (0.17457189120881877,6.36818080073073001E-002)
   9.2015799999999981        1.2500000000000000     
               (9.7805554030686288,1.4771760757810455)               (9.7808741098709735,1.4784069156420154)
      (-0.18152405378037692,-6.61804452249833003E-002) (-1.78029555796297507E-008,-6.49694270745209592E-009) (-1.78029628800790428E-008,-6.49694283693042574E-009)        (0.18102398358185331,6.60251434640632962E-002)
   9.2515749999999990        1.2500000000000000     
               (9.9390700638555707,1.5100334800887079)               (9.9393702160870312,1.5112715214937731)
      (-0.18725931802837259,-6.84144231268207087E-002) (-1.83658984754967823E-008,-6.71423600706840282E-009) (-1.83659065953824004E-008,-6.71423615215555304E-009)        (0.18677411091115259,6.82055321972212802E-002)
   9.3015699999999981        1.2500000000000000     
               (10.099226204523383,1.5434168741778798)               (10.099508663954621,1.5446594313308888)
      (-0.19224605360822125,-7.04727497663341224E-002) (-1.88556064317324851E-008,-6.91427593059375241E-009) (-1.88556154330757234E-008,-6.91427609357076705E-009)        (0.19178172813675637,7.02115800369896154E-002)
   9.3515649999999990        1.2500000000000000     
               (10.261033141436334,1.5773277139093769)               (10.261298933767888,1.5785721959935395)
      (-0.19644641490998210,-7.23429421391555694E-002) (-1.92683552269616691E-008,-7.09586405732483569E-009) (-1.92683652086263273E-008,-7.09586423983141667E-009)        (0.19600866699940730,7.20314648139904062E-002)
   9.4015599999999999        1.2500000000000000     
               (10.424500270987837,1.6117676365515450)               (10.424750912815519,1.6130115855978355)
      (-0.19982559005077785,-7.40122822736634101E-002) (-1.96007381458553484E-008,-7.25777628725963371E-009) (-1.96007492157024696E-008,-7.25777649437326545E-009)        (0.19942010978539601,7.36530852743989550E-002)
   9.4515549999999990        1.2500000000000000     
               (10.589637390713783,1.6467384515665495)               (10.589874784327998,1.6479796518344927)
      (-0.20235188993062073,-7.54677568335786059E-002) (-1.98496260571464598E-008,-7.39876314531699096E-009) (-1.98496383328209431E-008,-7.39876337655660589E-009)        (0.20198383520248195,7.50640521395196936E-002)
   9.5015499999999999        1.2500000000000000     
               (10.756455320475544,1.6822423775517314)               (10.756681666192984,1.6834788161082952)
      (-0.20399669520716363,-7.66961515137432465E-002) (-2.00122128123745847E-008,-7.51755133547297465E-009) (-2.00122263806383920E-008,-7.51755159410085481E-009)        (0.20367108356191074,7.62517125300096466E-002)
   9.5515449999999991        1.2500000000000000     
               (10.924964964167083,1.7182819514050853)               (10.925182717547152,1.7195119277930861)
      (-0.20473586182416439,-7.76840576231455082E-002) (-2.00861076145794585E-008,-7.61284903834815433E-009) (-2.00861226364448314E-008,-7.61284932948903683E-009)        (0.20445713048537623,7.72032051502878902E-002)
   9.6015400000000000        1.2500000000000000     
               (11.095177231911073,1.7548601139242679)               (11.095389082950575,1.7560822651311503)
      (-0.20454887367733282,-7.84179780054577863E-002) (-2.00692994790858934E-008,-7.68335327793568856E-009) (-2.00693160863292248E-008,-7.68335360181676682E-009)        (0.20432117301945871,7.79055069058019467E-002)
   9.6515349999999991        1.2500000000000000     
               (11.267104162047438,1.7919803505680429)               (11.267312996008727,1.7931936571358209)
      (-0.20341927733432993,-7.88845156215765425E-002) (-1.99601425346022046E-008,-7.72777229843795709E-009) (-1.99601608987632307E-008,-7.72777266162295064E-009)        (0.20324606322631872,7.83456671828183376E-002)
   9.7015300000000000        1.2500000000000000     
               (11.440757568934039,1.8296465327236953)               (11.440966412167860,1.8308504083121100)
      (-0.20133507492325572,-7.90702912969520055E-002) (-1.97574531608988366E-008,-7.74481171590453125E-009) (-1.97574734313613765E-008,-7.74481212121965816E-009)        (0.20121935870723190,7.85106562122539348E-002)
   9.7515249999999991        1.2500000000000000     
               (11.616149391194773,1.8678632327436344)               (11.616361513844740,1.8690574860340989)
      (-0.19828926783370651,-7.89621301212145577E-002) (-1.94605112467998155E-008,-7.73319804037601324E-009) (-1.94605335944805827E-008,-7.73319849668622934E-009)        (0.19823332565966140,7.83876235458980802E-002)
   9.8015200000000000        1.2500000000000000     
               (11.793295499188035,1.9066355021559533)               (11.793514910877885,1.9078203890833798)
      (-0.19428043704057651,-7.85470813958026592E-002) (-1.90692601839544800E-008,-7.69167766280623419E-009) (-1.90692552057269772E-008,-7.69167757644068694E-009)        (0.19428836867826213,7.79639072985101322E-002)
   9.8515149999999991        1.2500000000000000     
               (11.972201655291039,1.9459689129473579)               (11.972430774345080,1.9471450853031631)
      (-0.18930863564373224,-7.78128862838373681E-002) (-1.85835138821624242E-008,-7.61905908906103196E-009) (-1.85835083394080291E-008,-7.61905899194083641E-009)        (0.18937950659215216,7.72273741735981928E-002)
   9.9015100000000000        1.2500000000000000     
               (12.152883199154072,1.9858697777033869)               (12.153125012992238,1.9870383625374377)
      (-0.18338269974269489,-7.67476445579907962E-002) (-1.80041966733001865E-008,-7.51419055235639505E-009) (-1.80041905375266464E-008,-7.51419044409471689E-009)        (0.18351696621647420,7.61662563957238997E-002)
   9.9515049999999992        1.2500000000000000     
               (12.335352840985575,2.0263449504078261)               (12.335610401284871,2.0275074434809492)
      (-0.17651531477653218,-7.53402760844429087E-002) (-1.73325224373259928E-008,-7.37599302461562821E-009) (-1.73325156259953302E-008,-7.37599290348802747E-009)        (0.17671274134980641,7.47695267536309799E-002)
   10.001500000000000        1.2500000000000000     
               (12.519622296498016,2.0674019286969236)               (12.519898240499041,2.0685602421977589)
      (-0.16872430435149974,-7.35805091636743958E-002) (-1.65702195561599430E-008,-7.20346916074672626E-009) (-1.65702119989647969E-008,-7.20346902558010946E-009)        (0.16898415011740581,7.30269316637153082E-002)
   10.051494999999999        1.2500000000000000     
               (12.705703818581618,2.1090487406490470)               (12.706000552891750,2.1102051800264721)
      (-0.16003285835576028,-7.14592904682948282E-002) (-1.57195428540189746E-008,-6.99573683756261809E-009) (-1.57195344960213241E-008,-6.99573668619046686E-009)        (0.16035359761875367,7.09293195422140837E-002)
   10.101490000000000        1.2500000000000000     
               (12.893608827897063,2.1512940516839274)               (12.893928638295774,2.1524512002225058)
      (-0.15046988996342564,-6.89685784937644070E-002) (-1.47832867610230952E-008,-6.75201126545501539E-009) (-1.47832774965698076E-008,-6.75201109636340060E-009)        (0.15084927794622024,6.84685319886124133E-002)
   10.151484999999999        1.2500000000000000     
               (13.083349158698434,2.1941470332532007)               (13.083693758862312,2.1953077945818413)
      (-0.14006882949707325,-6.61018954759388794E-002) (-1.37647161461103346E-008,-6.47165783136346043E-009) (-1.37647058962132731E-008,-6.47165764250803829E-009)        (0.14050401763495196,6.56378910305021185E-002)
   10.201479999999998        1.2500000000000000     
               (13.274935275851011,2.2376174321219953)               (13.275306226514367,2.2387849104061273)
      (-0.12886895880456256,-6.28541785771128680E-002) (-1.26676603455146592E-008,-6.15417928244360944E-009) (-1.26676490240622906E-008,-6.15417907151841961E-009)        (0.12935656712240323,6.24320648383686477E-002)
   10.251474999999999        1.2500000000000000     
               (13.468377714526174,2.2817152859903893)               (13.468775841480369,2.2828927803938628)
      (-0.11691432648941487,-5.92222842546937384E-002) (-1.14964012866034573E-008,-5.79926365308822176E-009) (-1.14963887685983271E-008,-5.79926341782441617E-009)        (0.11745035132528209,5.88476311299274968E-002)
   10.301469999999998        1.2500000000000000     
               (13.663686743075838,2.3264512461703410)               (13.664112870681922,2.3276421686980111)
      (-0.10425397903500717,-5.52048328144599601E-002) (-1.02557331268831369E-008,-5.40676844993733182E-009) (-1.02557193038280587E-008,-5.40676818747440246E-009)        (0.10483380794169289,5.48828226176056172E-002)
   10.351464999999999        1.2500000000000000     
               (13.860871407329340,2.3718360480498015)               (13.861325463041801,2.3730438774490876)
 (-9.09419085116277837E-002,-5.08026834705174873E-002) (-8.95091354511625779E-009,-4.97676972064325903E-009) (-8.95089830544206349E-009,-4.97676942790674182E-009)   (9.15603704705043597E-002,5.05380857872812020E-002)
   10.401459999999998        1.2500000000000000     
               (14.059940275087246,2.4178810163006257)               (14.060422090142833,2.4191092316292369)
 (-7.70367866853847172E-002,-4.60189044957286866E-002) (-7.58768284265134448E-009,-4.50955369241739946E-009) (-7.58766603755794969E-009,-4.50955336617351617E-009)   (7.76881351967114442E-002,4.58160285830305006E-002)
   10.451454999999999        1.2500000000000000     
               (14.260901529760739,2.4645972943387418)               (14.261410371516149,2.4658493153789385)
 (-6.26011820162270388E-002,-4.08589675445192105E-002) (-6.17214871890038054E-009,-4.00564250526574555E-009) (-6.17213016105508682E-009,-4.00564214197529474E-009)   (6.32794036210866107E-002,4.07215862944077037E-002)
   10.501449999999998        1.2500000000000000     
               (14.463762883587192,2.5119964337922780)               (14.464297425897575,2.5132755485609439)
 (-4.77021166599601448E-002,-3.53309975410093721E-002) (-4.71086166148585663E-009,-3.46581349118914749E-009) (-4.71084123678759361E-009,-3.46581308494173137E-009)   (4.84006083628203895E-002,3.52623236269049845E-002)
   10.551444999999999        1.2500000000000000     
               (14.668530351183836,2.5600897558198263)               (14.669089071617609,2.5613990867327541)
 (-3.24102588198378339E-002,-2.94457979902876706E-002) (-3.21072681161617753E-009,-2.89110467721380076E-009) (-3.21070431029802413E-009,-2.89110422634627303E-009)   (3.31219351785009830E-002,2.94484368145927038E-002)
   10.601439999999998        1.2500000000000000     
               (14.875210493440848,2.6088887291366687)               (14.875791413522892,2.6102311544467858)
 (-1.67994909661517977E-002,-2.32169490496861586E-002) (-1.67897662160227073E-009,-2.28282250494587310E-009) (-1.67895188272194676E-009,-2.28282200349032416E-009)   (1.75172535695655301E-002,2.32928644312625048E-002)
   10.651434999999999        1.2500000000000000     
               (15.083808310884423,2.6584043905710795)               (15.084409027100408,2.6597825404432771)
 (-9.46632841217187257E-004,-1.66611369634163953E-002) (-1.23124346828546700E-010,-1.64257237331217661E-009) (-1.23097129371147963E-010,-1.64257181487324405E-009)   (1.66283784837845030E-003,1.68115450668820839E-002)
   10.701429999999998        1.2500000000000000     
               (15.294328186991587,2.7086477646642271)               (15.294946162598741,2.7100639191107811)
  (1.50685930148472483E-002,-9.79776947075829824E-003)  (1.44901887871437335E-009,-9.72227259568629299E-010)  (1.44904880210879120E-009,-9.72226637465628190E-010)  (-1.43617050127303122E-002,1.00231838224430075E-002)
   10.751424999999999        1.2500000000000000     
               (15.506774418102772,2.7596293897878867)               (15.507406682088677,2.7610855086937698)
  (3.11648255770020921E-002,-2.64950438598219890E-003)  (3.02948976290083991E-009,-2.73975113553751495E-010)  (3.02952260274463625E-009,-2.73974424242989584E-010)  (-3.04751700633747111E-002,2.94967188973601019E-003)
   10.801419999999998        1.2500000000000000     
               (15.721150234957822,2.8113593453218781)               (15.721793716357476,2.8128569768192908)
   (4.72593457084160562E-002,4.75791882512194893E-003)   (4.61018607485389650E-009,4.49700487279760327E-010)   (4.61022214568707790E-009,4.49701255019161137E-010) (-4.65949767702144302E-002,-4.38408325397231062E-003)
   10.851414999999999        1.2500000000000000     
               (15.937463100642379,2.8638473297763256)               (15.938115776621828,2.8653876389187642)
   (6.32691784874932078E-002,1.23958850774920568E-002)   (6.18307312122162052E-009,1.19603362532026383E-009)   (6.18306477809881567E-009,1.19603346901613153E-009) (-6.26409736770858899E-002,-1.19503436987073580E-002)
   10.901409999999998        1.2500000000000000     
               (16.155706702580762,2.9171022241778108)               (16.156363920746085,2.9186859033820505)
   (7.91067532798913897E-002,2.02326299501176046E-002)   (7.73937138179999161E-009,1.96194647373038937E-009)   (7.73936216309043377E-009,1.96194629974302630E-009) (-7.85201984322368984E-002,-1.97180633757320506E-002)
   10.951404999999999        1.2500000000000000     
               (16.375887134148584,2.9711324442964626)               (16.376545469667338,2.9727598166603539)
   (9.46889943924205252E-002,2.82335912062340079E-002)   (9.27099709980387862E-009,2.74409653089165657E-009)   (9.27098692544007033E-009,2.74409633697871940E-009) (-9.41517351754009441E-002,-2.76536104643701555E-002)
   11.001399999999999        1.2500000000000000     
               (16.598006124366496,3.0259455076124779)               (16.598662110820463,3.0276163873023396)
        (0.10993168193577930,3.63612507081808867E-002)   (1.07696947738874517E-008,3.53884424168184019E-009)   (1.07696835475212183E-008,3.53884402613750713E-009)      (-0.10945122499159682,-3.57202846264061402E-002)
   11.051394999999999        1.2500000000000000     
               (16.822065331998548,3.0815485627104513)               (16.822715525421067,3.0832623816847207)
        (0.12475211234063645,4.45755982822452629E-002)   (1.22273247880299837E-008,4.34231353954372316E-009)   (1.22273123901682416E-008,4.34231329931159454E-009)      (-0.12433557278311499,-4.38789785357879963E-002)
   11.101389999999999        1.2500000000000000     
               (17.048066279203734,3.1379475757675626)               (17.048707486974646,3.1397033003357611)
        (0.13906892837118212,5.28339529918553721E-002)   (1.36358973609550477E-008,5.15036368686590208E-009)   (1.36358837172027476E-008,5.15036342059687070E-009)      (-0.13872302827161492,-5.20878330959235122E-002)
   11.151384999999999        1.2500000000000000     
               (17.276010385904986,3.1951479334211026)               (17.276639363625478,3.1969441659376794)
        (0.15280263443764586,6.10915750210955927E-002)   (1.49875813711312913E-008,5.95864663608782098E-009)   (1.49875663653371344E-008,5.95864634044952192E-009)      (-0.15253378869673906,-6.03028882848389222E-002)
   11.201379999999999        1.2500000000000000     
               (17.505899242964528,3.2531542391178792)               (17.506513039885025,3.2549891671952884)
        (0.16587736085279589,6.93016273852543052E-002)   (1.62749037889344518E-008,6.76260961649459141E-009)   (1.62748872621841783E-008,6.76260928833893904E-009)      (-0.16569092890826309,-6.84780829690146975E-002)
   11.251374999999999        1.2500000000000000     
               (17.737735098309145,3.3119702846330195)               (17.738331152453160,3.3138417902607338)
        (0.17822004178411974,7.74155831806468686E-002)   (1.74906469183593457E-008,7.55753477084510066E-009)   (1.74906287401620110E-008,7.55753440646308743E-009)      (-0.17812065517728912,-7.65656075519667995E-002)
   11.301369999999999        1.2500000000000000     
               (17.971520185044263,3.3715992013368496)               (17.972096130188827,3.3735047684694095)
        (0.18976110293632731,8.53834347071536770E-002)   (1.86279454453296652E-008,8.33854772878962832E-009)   (1.86279254621447121E-008,8.33854732527640353E-009)      (-0.18975285218805477,-8.45161062140498548E-002)
   11.351364999999999        1.2500000000000000     
               (18.207257156600285,3.4320434795663872)               (18.207810752759187,3.4339803486260423)
        (0.20043571436356936,9.31542634993475366E-002)   (1.96803886576561129E-008,9.10068626278971441E-009)   (1.96803666850296862E-008,9.10068581479007604E-009)      (-0.20052151345874181,-9.22791740257626891E-002)
   11.401359999999999        1.2500000000000000     
               (18.444949385664582,3.4933049689459179)               (18.445479276488438,3.4952701511576323)
             (0.21018357342879490,0.10067621359058440)   (2.06420066017950540E-008,9.83888751756817817E-009)   (2.06419824893800728E-008,9.83888702193176088E-009)      (-0.21036537492608476,-9.98034145656724603E-002)
   11.451355000000000        1.2500000000000000     
               (18.684600922129992,3.5553850757514209)               (18.685105506551533,3.5573753762579892)
             (0.21894952759396724,0.10789742919366013)   (2.15073298520293209E-008,1.05480887201457784E-008)   (2.15073033647017575E-008,1.05480881707932795E-008)           (-0.21922807335719577,-0.10703739546642417)
   11.501349999999999        1.2500000000000000     
               (18.926216363969445,3.6182847337741455)               (18.926694885878923,3.6202968159112565)
             (0.22668371768817394,0.11476582054605956)   (2.22714046442065516E-008,1.12231909133412192E-008)   (2.22713755897702329E-008,1.12231903044406845E-008)           (-0.22705892959336835,-0.11392917521847458)
   11.551345000000000        1.2500000000000000     
               (19.169801676134639,3.6820046182986932)               (19.170253729584445,3.6840350358984879)
             (0.23334179939003319,0.12123001947325417)   (2.29298384402896505E-008,1.18591608529687244E-008)   (2.29298066029414332E-008,1.18591601787222431E-008)           (-0.23381220541009048,-0.12042754053662982)
   11.601339999999999        1.2500000000000000     
               (19.415363040904413,3.7465450655232821)               (19.415788578637017,3.7485903659403226)
             (0.23888635880727793,0.12723948583480824)   (2.34788519888786663E-008,1.24510415285296894E-008)   (2.34788170677145858E-008,1.24510407837778648E-008)           (-0.23944897051058756,-0.12648187987592338)
   11.651335000000000        1.2500000000000000     
               (19.662907559526015,3.8119066543037374)               (19.663307047605077,3.8139633401876329)
             (0.24328548540229264,0.13274495104423120)   (2.39152821091548562E-008,1.29939923697733477E-008)   (2.39152438728568849E-008,1.29939915447345274E-008)           (-0.24393651338862779,-0.13204277721579680)
   11.701330000000000        1.2500000000000000     
               (19.912443367141904,3.8780897274981792)               (19.912817737331313,3.8801544256497946)
             (0.24651458258501938,0.13769913806472550)   (2.42366446769560731E-008,1.34833564261672054E-008)   (2.42366028152532764E-008,1.34833555152899339E-008)           (-0.24724886687939959,-0.13706254967067907)
   11.751324999999998        1.2500000000000000     
               (20.163979831099063,3.9450949516312495)               (20.164330302127759,3.9471644182135779)
             (0.24855494267182887,0.14205663052235609)   (2.44410364879187363E-008,1.39146602055448316E-008)   (2.44409906542598923E-008,1.39146592003994138E-008)           (-0.24936577010731556,-0.14149537806866255)
   11.801319999999999        1.2500000000000000     
               (20.417526236166577,4.0129232716701972)               (20.417854782223682,4.0149943926566234)
             (0.24939477111583444,0.14577501581156399)   (2.45272248352158190E-008,1.42837083860893487E-008)   (2.45271747210714364E-008,1.42837072746503520E-008)           (-0.25027464452732184,-0.14529815827697323)
   11.851314999999998        1.2500000000000000     
               (20.673099248309196,4.0815761517987212)               (20.673409310458787,4.0836461183490824)
             (0.24902807389792045,0.14881450512573430)   (2.44944438971756762E-008,1.45865585809238139E-008)   (2.44944558495020453E-008,1.45865588167937750E-008)           (-0.24996456903942713,-0.14843027362537642)
   11.901309999999999        1.2500000000000000     
               (20.930699759349025,4.1510554118384100)               (20.930992535520883,4.1531216404884903)
             (0.24745966390096338,0.15113898101631199)   (2.43433775740637482E-008,1.48196220454058198E-008)   (2.43433906964165134E-008,1.48196223079883082E-008)           (-0.24844635740069321,-0.15085471900817263)
   11.951304999999998        1.2500000000000000     
               (21.190345005738720,4.2213637268184829)               (21.190623133146556,4.2234239433472514)
             (0.24469681057027909,0.15271590394259196)   (2.40745650797247452E-008,1.49796650854509517E-008)   (2.40745795031336634E-008,1.49796653757788034E-008)           (-0.24572296137969477,-0.15253796338169587)
   12.001299999999999        1.2500000000000000     
               (21.452047162121499,4.2925043984363658)               (21.452313986944855,4.2945567538991565)
             (0.24075481364374787,0.15351681927045835)   (2.36894540438589991E-008,1.50638294281190126E-008)   (2.36894698805245359E-008,1.50638297502571370E-008)           (-0.24180888544315629,-0.15345027172600892)
   12.051294999999998        1.2500000000000000     
               (21.715819707012180,4.3644816211474167)               (21.716078511634713,4.3665246106997007)
             (0.23565594654700925,0.15351777961004445)   (2.31902127687858858E-008,1.50697057411067661E-008)   (2.31902301818296727E-008,1.50697060977726864E-008)           (-0.23672585319127371,-0.15356639256068258)
   12.101289999999999        1.2500000000000000     
               (21.981676050955404,4.4373005811536501)               (21.981930607636347,4.4393331203628863)
             (0.22942834197746531,0.15269940938976517)   (2.25795298143979355E-008,1.49953298079574400E-008)   (2.25795488989824697E-008,1.49953302031677136E-008)           (-0.23050115933760848,-0.15286561385730765)
   12.151284999999998        1.2500000000000000     
               (22.249630144634175,4.5109671748805438)               (22.249883938187867,4.5129887166281293)
             (0.22210626172885509,0.15104743741853188)   (2.18607974083543931E-008,1.48392290806708206E-008)   (2.18608183458918047E-008,1.48392295176641774E-008)           (-0.22316898628276363,-0.15133212651478828)
   12.201279999999999        1.2500000000000000     
               (22.519695560888682,4.5854884631081223)               (22.519952394839592,4.5874988835716239)
             (0.21373029685852074,0.14855232216014275)   (2.10379668694611574E-008,1.46004011160777347E-008)   (2.10379898201984697E-008,1.46004015997947110E-008)           (-0.21476954434456022,-0.14895496853080192)
   12.251274999999998        1.2500000000000000     
               (22.791885831420380,4.6608725311078167)               (22.792149533194355,4.6628721433396283)
             (0.20434603882535726,0.14521026369318965)   (2.01154999757195084E-008,1.42784046197379179E-008)   (2.01155251459737675E-008,1.42784051553619500E-008)           (-0.20534875209522588,-0.14572888825880773)
   12.301269999999999        1.2500000000000000     
               (23.066214961776414,4.7371283618662483)               (23.066489422765905,4.7391180518724942)
             (0.19400447605224674,0.14102265651211465)   (1.90984237271406672E-008,1.38732986951863354E-008)   (1.90984512832172796E-008,1.38732992877501821E-008)           (-0.19495732641644953,-0.14165358065887532)
   12.351264999999998        1.2500000000000000     
               (23.342695987106239,4.8142658801197031)               (23.342984785362844,4.8162469378810107)
             (0.18276156330967047,0.13599654753410456)   (1.79922285880325990E-008,1.33857091603750161E-008)   (1.79922587543509953E-008,1.33857098138138186E-008)           (-0.18365197786575141,-0.13673467154143587)
   12.401259999999999        1.2500000000000000     
               (23.621342163710981,4.8922959922676963)               (23.621648809927166,4.8942701886711220)
             (0.17067749299467810,0.13014441442907021)   (1.68028326321486272E-008,1.28167836884506913E-008)   (1.68028656483696694E-008,1.28167844084699413E-008)           (-0.17149332383244675,-0.13098317455382688)
   12.451254999999998        1.2500000000000000     
               (23.902165346596085,4.9712303777625388)               (23.902492949966327,4.9731999484638525)
             (0.15781677848547879,0.12348448523998637)   (1.55366150422134438E-008,1.21682568949744602E-008)   (1.55366511615802135E-008,1.21682576906626806E-008)           (-0.15854646521653168,-0.12441589195721339)
   12.501249999999999        1.2500000000000000     
               (24.185177076989515,5.0510814786582925)               (24.185529177457134,5.0530490981796428)
             (0.14424694839273294,0.11604045119725587)   (1.42002247775971948E-008,1.14423793529715307E-008)   (1.42002642585484472E-008,1.14423802288718985E-008)           (-0.14487999722552738,-0.11705521243487507)
   12.551245000000000        1.2500000000000000     
               (24.470388390293753,5.1318625026355527)               (24.470767256644130,5.1338311939615844)
             (0.13003985545863408,0.10784154916194055)   (1.28007479195902647E-008,1.06419718076648437E-008)   (1.28007910452741471E-008,1.06419727729027293E-008)           (-0.13056666583929719,-0.10892925741760248)
   12.601239999999999        1.2500000000000000     
               (24.757809070331589,5.2135870263354160)               (24.758217242715912,5.2155601313413982)
        (0.11526857077294121,9.89222386207276178E-002)   (1.13454221742067985E-008,9.77035686334411196E-009)   (1.13454692792903860E-008,9.77035792650040422E-009)           (-0.11568085513222735,-0.10007132500124120)
   12.651235000000000        1.2500000000000000     
               (25.047448475157989,5.2962691939457835)               (25.047887843072800,5.2982504588244126)
        (0.10000937568045615,8.93224135535161945E-002)   (9.84179096057976750E-009,8.83140346315213223E-009)   (9.84184238316404469E-009,8.83140463525673700E-009)      (-0.10030022955178816,-9.05204299922970912E-002)
   12.701229999999999        1.2500000000000000     
               (25.339314242108628,5.3799234843261798)               (25.339786215597201,5.3819168335010819)
   (8.43402100450569708E-002,7.90867638738556727E-002)   (8.29753111040028776E-009,7.82945325465612180E-009)   (8.29758722668062465E-009,7.82945454417089492E-009) (-8.45036794481461712E-002,-8.03204387963732114E-002)
   12.751225000000000        1.2500000000000000     
               (25.633413668127243,5.4645642864566408)               (25.633919191411788,5.4665738376106550)
   (6.83393243322116400E-002,6.82648308112308450E-002)   (6.72040599304346763E-009,6.76933400486734648E-009)   (6.72046724201231140E-009,6.76933542614052066E-009) (-6.83712930571290650E-002,-6.95203131300464461E-002)
   12.801219999999999        1.2500000000000000     
               (25.929752505171173,5.5502062696411567)               (25.930292147992017,5.5522363455878745)
   (5.20869235223708968E-002,5.69105743066594533E-002)   (5.11835357989170762E-009,5.65631543355041747E-009)   (5.11842036315901242E-009,5.65631699383946945E-009) (-5.19848617356255815E-002,-5.81736325044111754E-002)
   12.851215000000000        1.2500000000000000     
               (26.228336259961686,5.6368640201699725)               (26.228909775890308,5.6389189030347620)
   (3.56625523893628199E-002,4.50821427317551135E-002)   (3.49923369054608088E-009,4.49607655802491979E-009)   (3.49930639271705612E-009,4.49607827597609206E-009) (-3.54252245476541286E-002,-4.63382028594946302E-002)
   12.901209999999999        1.2500000000000000     
               (26.529175316368178,5.7245515822814230)               (26.529784200567565,5.7266356887288463)
   (1.91474292385163565E-002,3.28414163009034948E-002)   (1.87128445456268105E-009,3.29468558023099027E-009)   (1.87126660670482293E-009,3.29468521116807941E-009) (-1.87801521040308200E-002,-3.40760114334653780E-002)
   12.951205000000000        1.2500000000000000     
               (26.832259936703387,5.8132828337955171)               (26.832901226683404,5.8154004261166525)
   (2.61733479196899757E-003,2.02539019575299142E-002)   (2.41658276825582999E-010,2.05854503248578618E-009)   (2.41638727859081661E-010,2.05854462377377798E-009) (-2.11790290365033128E-003,-2.14523710940374493E-002)
   13.001199999999999        1.2500000000000000     
               (27.137598525888706,5.9030709831656250)               (27.138270562870048,5.9052262268006368)
  (-1.38483666348714653E-002,7.38795576402228454E-003)  (-1.38162100927809216E-009,7.94371110484865565E-010)  (-1.38164242179565569E-009,7.94370658243398901E-010)  (1.44764529009282755E-002,-8.53606680760779155E-003)
   13.051195000000000        1.2500000000000000     
               (27.445193121985600,5.9939287632492535)               (27.445893690797341,5.9961255876616084)
 (-3.01734361772112887E-002,-5.68582313728184085E-003) (-2.99101177031507746E-009,-4.90905002892774960E-010) (-2.99103519766469766E-009,-4.90905502966777386E-010)   (3.09249984942076596E-002,4.60189877314262120E-003)
   13.101189999999999        1.2500000000000000     
               (27.755043685906138,6.0858681727639983)               (27.755769911156207,6.0881102803076770)
 (-4.62840404620750157E-002,-1.88942570769251722E-002) (-4.57918034229111056E-009,-1.79009000700049132E-009) (-4.57920596760955638E-009,-1.79009055955482233E-009)   (4.71525519692721704E-002,1.78877691587978199E-002)
   13.151185000000000        1.2500000000000000     
               (28.067150817092639,6.1789004365474538)               (28.067899777000317,6.1811911959698485)
 (-6.21083497242538030E-002,-3.21627162822837945E-002) (-6.13901918151302608E-009,-3.09584563587466193E-009) (-6.13904719106722171E-009,-3.09584624598732023E-009)   (6.30857990497758342E-002,3.12462479171301231E-002)
   13.201179999999999        1.2500000000000000     
               (28.381514384399605,6.2730356608340587)               (28.382282207392251,6.2753780465457387)
 (-7.75772079278215926E-002,-4.54156534314537202E-002) (-7.66364852703934850E-009,-4.40073027398152937E-009) (-7.66367914550895468E-009,-4.40073094723435415E-009)   (7.86543187152169559E-002,4.46007695721980305E-002)
   13.251175000000000        1.2500000000000000     
               (28.698133704945445,6.3682832749695111)               (28.698916566304799,6.3706798350787066)
 (-9.26250850817089688E-002,-5.85770432300254038E-002) (-9.14660510666809214E-009,-5.69725565973454113E-009) (-9.14663855175338024E-009,-5.69725640263738052E-009)   (9.37912775914783586E-002,5.78744577288867607E-002)
   13.301169999999999        1.2500000000000000     
               (29.017007839110274,6.4646517750761054)               (29.017801423543379,6.4671044222795642)
      (-0.10718890179288715,-7.15705936866934955E-002) (-1.05816234306865172E-008,-6.97789409425044359E-009) (-1.05816599685734523E-008,-6.97789491355524620E-009)        (0.10843317797845604,7.09897892933118863E-002)
   13.351165000000000        1.2500000000000000     
               (29.338136322867257,6.5621486795515525)               (29.338935792266060,6.5646589164035793)
      (-0.12121065664171436,-8.43206363395643116E-002) (-1.19629418327220249E-008,-8.23518967634163512E-009) (-1.19629816890798760E-008,-8.23519057876199401E-009)        (0.12252001447017095,8.38700334925032431E-002)
   13.401159999999999        1.2500000000000000     
               (29.661518837418239,6.6607804146813336)               (29.662319504535947,6.6633489951119360)
      (-0.13463521337360765,-9.67524863271053692E-002) (-1.32851063478616152E-008,-9.46175398555226651E-009) (-1.32851498281913237E-008,-9.46175497969035381E-009)        (0.13599640505478783,9.64391670256284639E-002)
   13.451155000000000        1.2500000000000000     
               (29.987153481021405,6.7605525247582712)               (29.987950635699619,6.7631797117635051)
           (-0.14741125680963413,-0.10879327900958888) (-1.45430231368344708E-008,-1.06503958000057785E-008) (-1.45430705288457476E-008,-1.06503968963066983E-008)             (0.14881044750779124,0.10862294193048339)
   13.501149999999999        1.2500000000000000     
               (30.315041670639943,6.8614698176769418)               (30.315829657375073,6.8641551370095693)
           (-0.15949257940728837,-0.12037196232092066) (-1.57321088943629377E-008,-1.17940867351129393E-008) (-1.57321605493265449E-008,-1.17940879388925314E-008)             (0.16091496320198814,0.12034898380727524)
   13.551145000000000        1.2500000000000000     
               (30.645182628479933,6.9635361126015027)               (30.645957095201993,6.9662785670591978)
           (-0.17083678230480678,-0.13142044238800563) (-1.68481633567791700E-008,-1.28860769565406768E-008) (-1.68482196628339167E-008,-1.28860782817105491E-008)             (0.17226749146622650,0.13154770458758630)
   13.601139999999999        1.2500000000000000     
               (30.977577741338589,7.0667546098290517)               (30.978333783846885,7.0695523374971065)
           (-0.18140627251902072,-0.14187342098494191) (-1.78874358712251840E-008,-1.39198950368285073E-008) (-1.78874971537631908E-008,-1.39198964918603244E-008)             (0.18282984391227519,0.14215222932532684)
   13.651135000000000        1.2500000000000000     
               (31.312228700794080,7.1711279113967032)               (31.312961694455296,7.1739784557386912)
           (-0.19116719126894299,-0.15166946591170735) (-1.88466027235342619E-008,-1.48894476055460266E-008) (-1.88466694332010715E-008,-1.48894492044503221E-008)             (0.19256843601364509,0.15209980380091237)
   13.701129999999999        1.2500000000000000     
               (31.649136961070592,7.2766577560805485)               (31.649843031131400,7.2795581610523534)
           (-0.20009127014018219,-0.16075108077508968) (-1.97228219529777833E-008,-1.57890122165819311E-008) (-1.97228945475180571E-008,-1.57890139803131191E-008)             (0.20145425657431193,0.16133109169078053)
   13.751125000000000        1.2500000000000000     
               (31.988306323841034,7.3833458152709071)               (31.988981356073566,7.3862924446762257)
           (-0.20815358963077027,-0.16906507625925390) (-2.05136471638844881E-008,-1.66133005223962752E-008) (-2.05137261287836797E-008,-1.66133024483609574E-008)             (0.20946248970689707,0.16979166956247957)
   13.801119999999999        1.2500000000000000     
               (32.329740273454675,7.4911930810267071)               (32.330380975700905,7.4941818495006540)
           (-0.21533406257491403,-0.17656354227565096) (-2.12171007370353159E-008,-1.73575193078729227E-008) (-2.12171865908057061E-008,-1.73575214203778809E-008)             (0.21657386330854397,0.17743181300943847)
   13.851115000000000        1.2500000000000000     
               (32.673444080357719,7.6002006295342648)               (32.674048044989782,7.6032269292216101)
           (-0.22161633445993478,-0.18320302426790624) (-2.18315844612264694E-008,-1.80173341418933636E-008) (-2.18316777509437822E-008,-1.80173364612978618E-008)             (0.22277278224402178,0.18420675213387308)
   13.901109999999999        1.2500000000000000     
               (33.019422935906846,7.7103693460592817)               (33.019987827187187,7.7134282904013469)
           (-0.22698934041500260,-0.18894622687146939) (-2.23559540693550349E-008,-1.85889949184056705E-008) (-2.23560553645242183E-008,-1.85889974577047492E-008)             (0.22804750299916160,0.19007756142377361)
   13.951105000000000        1.2500000000000000     
               (33.367692096320724,7.8217001486386142)               (33.368218847696625,7.8247865781535655)
           (-0.23144603364487282,-0.19376088726794294) (-2.27898516940618044E-008,-1.90692552787490457E-008) (-2.27898261625775965E-008,-1.90692547296488071E-008)             (0.23239856323188912,0.19501059620511035)
   14.001100000000001        1.2500000000000000     
               (33.718243129917241,7.9341940645597040)               (33.718729042688992,7.9373024869586324)
           (-0.23497931421138982,-0.19762127724405781) (-2.31320670502003636E-008,-1.94554902138845660E-008) (-2.31320391752030683E-008,-1.94554896089336450E-008)             (0.23580763564064341,0.19897843328302772)
   14.051095000000000        1.2500000000000000     
               (34.071092932314592,8.0478525046158627)               (34.071537908223306,8.0509774656632320)
           (-0.23759016585073475,-0.20050716954108316) (-2.33829385090587496E-008,-1.97456368899863156E-008) (-2.33829080968248412E-008,-1.97456362231640583E-008)             (0.23828255809407220,0.20195963411683640)
   14.101089999999997        1.2500000000000000     
               (34.426249904715078,8.1626772969592114)               (34.426654784420336,8.1658132805036896)
           (-0.23928086677419313,-0.20240446806741755) (-2.35427336674126843E-008,-1.99382297941685984E-008) (-2.35427004923694772E-008,-1.99382290592046316E-008)             (0.23982582624093932,0.20393878320669265)
   14.151084999999997        1.2500000000000000     
               (34.783724100837361,8.2786707321494060)               (34.784090679397679,8.2818124641447479)
           (-0.24005719733229772,-0.20330568062507676) (-2.36121158225389814E-008,-2.00324451834712273E-008) (-2.36120796577652900E-008,-2.00324443732572869E-008)             (0.24044588321393551,0.20490710174429630)
   14.201079999999997        1.2500000000000000     
               (35.143526660279733,8.3958356581849163)               (35.143857045911481,8.3989780133313801)
           (-0.23992743015404827,-0.20320873943241180) (-2.35919400170643335E-008,-2.00280000950253895E-008) (-2.35919006046248116E-008,-2.00279992033046416E-008)             (0.24015188869592721,0.20486128034053927)
   14.251074999999998        1.2500000000000000     
               (35.505668254510262,8.5141757675164449)               (35.505965933833536,8.5173139725266402)
           (-0.23890285009857651,-0.20211796777567384) (-2.34833327147174632E-008,-1.99252528271829409E-008) (-2.34832897858465284E-008,-1.99252518457483146E-008)             (0.23895604892282374,0.20380490760303152)
   14.301069999999998        1.2500000000000000     
               (35.870161755755809,8.6336953388603845)               (35.870430102338062,8.6368251924123118)
           (-0.23699677067738936,-0.20004364874747529) (-2.32876911151422349E-008,-1.97251314709131038E-008) (-2.32876443680570399E-008,-1.97251303891147910E-008)             (0.23687381358380907,0.20174716431582526)
   14.351064999999998        1.2500000000000000     
               (36.237018350561996,8.7543995967428341)               (36.237261693191904,8.7575172403827555)
           (-0.23422452091526511,-0.19700155072507616) (-2.30066313030877846E-008,-1.94291422343170804E-008) (-2.30065804283686495E-008,-1.94291410463776546E-008)             (0.23392261176551563,0.19870316696942156)
   14.401059999999998        1.2500000000000000     
               (36.606251371463692,8.8762947452547589)               (36.606474575597062,8.8793970464028842)
           (-0.23060434741465438,-0.19301316724133463) (-2.26420050714661816E-008,-1.90393209031905289E-008) (-2.26419497065299564E-008,-1.90393195970058066E-008)             (0.23012190917556460,0.19469386886447557)
   14.451054999999998        1.2500000000000000     
               (36.977873203388590,8.9993875824353786)               (36.978081404031457,9.0024721631181581)
           (-0.22615420500932620,-0.18810499416818885) (-2.21956862222081334E-008,-1.85582349640642586E-008) (-2.21956260206978545E-008,-1.85582335288799918E-008)             (0.22549216793179452,0.18974533312987918)
   14.501049999999998        1.2500000000000000     
               (37.351896621357099,9.1236861538486274)               (37.352095840551385,9.1267512113141809)
           (-0.22089514938349128,-0.18230849387062781) (-2.16698620684794511E-008,-1.79889391473690556E-008) (-2.16697966260646757E-008,-1.79889375703562653E-008)             (0.22005630318630814,0.18388890072898312)
   14.551044999999998        1.2500000000000000     
               (37.728334625151724,9.2491992539426988)               (37.728530491091156,9.2522438157758042)
           (-0.21484941949628705,-0.17565961443308484) (-2.10667970240231356E-008,-1.73349379057356516E-008) (-2.10667259117979609E-008,-1.73349361746002304E-008)             (0.21383897612530992,0.17716066110688100)
   14.601039999999998        1.2500000000000000     
               (38.107199776645743,9.3759367934246303)               (38.107398011763230,9.3789608153810757)
           (-0.20803998362383269,-0.16819881266364059) (-2.03888633445540845E-008,-1.66002010522520771E-008) (-2.03887861049488804E-008,-1.66001991531486195E-008)             (0.20686476661364375,0.16960124308877239)
   14.651034999999998        1.2500000000000000     
               (38.488504692283200,9.5039093477665464)               (38.488711054804611,9.5069134081361604)
           (-0.20049151236685009,-0.15996999635360495) (-1.96386251003467005E-008,-1.57890376413222926E-008) (-1.96385412184516903E-008,-1.57890355583249348E-008)             (0.19916048950154261,0.16125518135889402)
   14.701029999999998        1.2500000000000000     
               (38.872260665512833,9.6331284638245034)               (38.872481187508534,9.6361141564303825)
           (-0.19222832882256125,-0.15102058423553466) (-1.88185630132590047E-008,-1.49061270217447308E-008) (-1.88184719481689406E-008,-1.49061247364794554E-008)             (0.19075367749324357,0.15217080593119728)
   14.751024999999998        1.2500000000000000     
               (39.258479739004265,9.7636066279014315)               (39.258719907207514,9.7665760981016465)
           (-0.18327737983188358,-0.14140093952594149) (-1.79314523823368241E-008,-1.39564324052206263E-008) (-1.79313536254776067E-008,-1.39564299024756349E-008)             (0.18167222593901264,0.14239928060626783)
   14.801019999999998        1.2500000000000000     
               (39.647172436961341,9.8953567711553987)               (39.647437672614274,9.8983131340830859)
           (-0.17366618734913122,-0.13116390877788564) (-1.69800965816600938E-008,-1.29451991993909850E-008) (-1.69799894828963952E-008,-1.29451964584670406E-008)             (0.17194618643581808,0.13199485864047603)
   14.851014999999999        1.2500000000000000     
               (40.038349496741844,10.028392632296315)               (40.038644161824593,10.031339604648061)
           (-0.16342183025033608,-0.12036422252813084) (-1.59672811238145714E-008,-1.18778659697647264E-008) (-1.59671650108466304E-008,-1.18778629690909752E-008)             (0.16160465135789703,0.12101414996947507)
   14.901009999999998        1.2500000000000000     
               (40.432020030838373,10.162728787034602)               (40.432348322756276,10.165670562217469)
           (-0.15257425394637347,-0.10905880632197440) (-1.48960084095578942E-008,-1.07600892617232366E-008) (-1.48958825944764639E-008,-1.07600859783169551E-008)             (0.15067848406537515,0.10951550678122955)
   14.951004999999999        1.2500000000000000     
               (40.828192035527699,10.298379944158500)               (40.828558224622711,10.301321497545871)
      (-0.14115276611700869,-9.73049634625281074E-002) (-1.37692890657215414E-008,-9.59757372157041770E-009) (-1.37691527777474864E-008,-9.59757012972293496E-009)        (0.13919939308072946,9.75584391536788859E-002)
   15.000999999999998        1.2500000000000000     
               (41.226883431170904,10.435361375228570)               (41.227292663080945,10.438308174928949)
      (-0.12918646322461014,-8.51613996457345340E-002) (-1.25896758234289659E-008,-8.39617095135228837E-009) (-1.25897110592847404E-008,-8.39617173259255364E-009)        (0.12718948155311924,8.52035993556872762E-002)
   15.050994999999999        1.2500000000000000     
               (41.628082860223479,10.573688184403812)               (41.628535353695085,10.576645938274522)
      (-0.11671051067099161,-7.26870297387157277E-002) (-1.13614007821595939E-008,-7.16179994023083464E-009) (-1.13614390645109715E-008,-7.16180079951462124E-009)        (0.11470034687841681,7.25127709191704800E-002)
   15.100989999999998        1.2500000000000000     
               (42.031805283104738,10.713376491682707)               (42.032302252595692,10.716350955473724)
      (-0.10375687939463420,-5.99403186252733117E-002) (-1.00873314424123188E-008,-5.90030705906892468E-009) (-1.00873730344220982E-008,-5.90030800272350504E-009)        (0.10175712615984166,5.95468939234390926E-002)
   15.150984999999999        1.2500000000000000     
               (42.438054679856172,10.854441535608451)               (42.438596696291370,10.857439159534456)
 (-9.03591750949489514E-002,-4.69799851918921915E-002) (-8.77078014403372970E-009,-4.61757238468419649E-009) (-8.77082551730168545E-009,-4.61757342190493878E-009)   (8.83941936807549206E-002,4.63672325204018965E-002)
   15.200979999999998        1.2500000000000000     
               (42.846835446291180,10.996899077874236)               (42.847422711020485,10.999925909555241)
 (-7.65539431115248720E-002,-3.38635343822628471E-002) (-7.41536169534144126E-009,-3.31937127960461573E-009) (-7.41541092946015251E-009,-3.31937241892792751E-009)   (7.46477949006241204E-002,3.30340578397436135E-002)
   15.250974999999999        1.2500000000000000     
               (43.258151535586705,11.140764379740752)               (43.258782553097291,11.143826594651703)
 (-6.23770972620407288E-002,-2.06476748138225211E-002) (-6.02466900381338755E-009,-2.01140997445160963E-009) (-6.02472250667969544E-009,-2.01141122403244949E-009)   (6.05544270020155137E-002,1.96070073832916893E-002)
   15.300969999999998        1.2500000000000000     
               (43.672003342574108,11.286052542722945)               (43.672676871518370,11.289156108757590)
 (-4.78677616320737284E-002,-7.38757590430537056E-003) (-4.60247526424532375E-009,-6.99239809025590273E-010) (-4.60253337669045160E-009,-6.99241181814820347E-010)   (4.61518800433189033E-002,6.14405159832100145E-003)
   15.350964999999999        1.2500000000000000     
               (44.088393645249994,11.432778238063017)               (44.089106718769770,11.435928874873042)
  (-3.30653396939470032E-002,5.86279607731051734E-003)  (-3.15269512330790629E-009,6.11723556997920403E-010)  (-3.15275820317482303E-009,6.11722052474013838E-010)  (3.14795488674790083E-002,-7.29817137803797072E-003)
   15.400959999999998        1.2500000000000000     
               (44.507321852456236,11.580955358324607)               (44.508071399518030,11.584158481710364)
  (-1.80128609151849542E-002,1.90517764792078326E-002)  (-1.67946045757710329E-009,1.91628082014820498E-009)  (-1.67952892141272444E-009,1.91627916904041067E-009)  (1.65787741146466716E-002,-2.06654943156900986E-002)
   15.450954999999999        1.2500000000000000     
               (44.928788280006636,11.730597496333703)               (44.929570064441194,11.733857806533207)
  (-2.75343681542839598E-003,3.21290765770168713E-002)  (-1.86986523558503052E-010,3.20934238916194207E-009)  (-1.87060940794511112E-010,3.20934057772139917E-009)  (1.49137539798713291E-003,-3.39047526095033955E-002)
   15.500949999999998        1.2500000000000000     
               (45.352792054552353,11.881717122355139)               (45.353602134213965,11.885039007227524)
   (1.26676356103985806E-002,4.50474620499129799E-002)   (1.32036266364933272E-009,4.48617027847471166E-009)   (1.32028207715080789E-009,4.48616829331483331E-009) (-1.37399005356611571E-002,-4.69664148828670622E-002)
   15.550944999999999        1.2500000000000000     
               (45.779331430662822,12.034326427448764)               (45.780164259500573,12.037713511248390)
   (2.82024334145363209E-002,5.77607531087476408E-002)   (2.83793686378807764E-009,5.74213408297356570E-009)   (2.83784948175289316E-009,5.74213190706220512E-009) (-2.90683158740619799E-002,-5.98024200994049168E-002)
   15.600939999999998        1.2500000000000000     
               (46.208404548345555,12.188435950963994)               (46.209254239521485,12.191891268887492)
   (4.38031014715181480E-002,7.02261600123076229E-002)   (4.36113609877287311E-009,6.97291785170619493E-009)   (4.36104138725825305E-009,6.97291546883122174E-009) (-4.44487352573997782E-002,-7.23677676065371256E-002)
   15.650934999999999        1.2500000000000000     
               (46.640009372721217,12.344056189293150)               (46.640870880120495,12.347581959659054)
   (5.94164131736797455E-002,8.24026075182661688E-002)   (5.88486388451333007E-009,8.17439531675395226E-009)   (5.88476127583042548E-009,8.17439270821845832E-009) (-5.98303254525472047E-002,-8.46198752284301192E-002)
   15.700930000000000        1.2500000000000000     
               (47.074143429373478,12.501196142919362)               (47.075009648173619,12.504793647307290)
   (7.49912360676400214E-002,9.42515287839759824E-002)   (7.40416523820664139E-009,9.34272948401278035E-009)   (7.40405410660671756E-009,9.34272662911829468E-009) (-7.51647034730506397E-002,-9.65189993795724788E-002)
   15.750924999999999        1.2500000000000000     
               (47.510804493109816,12.659863987380879)               (47.511669843673516,12.663533911273769)
        (9.04712699488204042E-002,0.10573738478581880)   (8.91365237477944807E-009,1.04743460890151518E-008)   (8.91353205524010828E-009,1.04743429654658978E-008)      (-9.03988022020804638E-002,-0.10802852224186703)
   15.800920000000000        1.2500000000000000     
               (47.949989274984439,12.820066652014690)               (47.950847776588851,12.823808817609613)
             (0.10580042172729433,0.11682609433040619)   (1.04079662958267667E-008,1.15658628369914145E-008)   (1.04078360829880368E-008,1.15658594205947283E-008)           (-0.10547928262534953,-0.11911370836121808)
   15.850914999999999        1.2500000000000000     
               (48.391697165688662,12.981810656542477)               (48.392541718423132,12.985623836501972)
             (0.12091966678702430,0.12748649965188399)   (1.18813330893745020E-008,1.26141755487755264E-008)   (1.18811922436855860E-008,1.26141718151253166E-008)           (-0.12034994934295611,-0.12974320101825318)
   15.900910000000000        1.2500000000000000     
               (48.835924979686332,13.145100737113298)               (48.836750570672898,13.148983318869410)
             (0.13576960669312857,0.13768956522726783)   (1.33281907636633370E-008,1.36164148651160408E-008)   (1.33280384500514375E-008,1.36164107831381759E-008)           (-0.13495529667787101,-0.13988790733841006)
   15.950904999999999        1.2500000000000000     
               (49.282671457310478,13.309941678192068)               (49.283472022436747,13.313890807497330)
             (0.15028797262404631,0.14740798893782281)   (1.47424850089076430E-008,1.45699049211699807E-008)   (1.47423204091235905E-008,1.45699004619630000E-008)           (-0.14923575071207604,-0.14952123859163646)
   16.000900000000001        1.2500000000000000     
               (49.731936009599266,13.476336683426320)               (49.732706047279471,13.480349071737455)
             (0.16441354128891347,0.15661762515453975)   (1.61183925736110213E-008,1.54722783373851844E-008)   (1.61182144235797872E-008,1.54722734683833676E-008)           (-0.16313261617144667,-0.15861956116365983)
   16.050895000000001        1.2500000000000000     
               (50.183718675575278,13.644288611950973)               (50.184453418759176,13.648360321029863)
             (0.17808208087505228,0.16529475068911370)   (1.74496332714439729E-008,1.63212210475293996E-008)   (1.74494410365232678E-008,1.63212157399613389E-008)           (-0.17658529674746562,-0.16716047737583536)
   16.100890000000000        1.2500000000000000     
               (50.638031105914180,13.813799542098550)               (50.638730351507334,13.817925878783727)
             (0.19122733740983763,0.17341852668651772)   (1.87294007907836766E-008,1.71147251184540833E-008)   (1.87294516776719321E-008,1.71147263056255645E-008)           (-0.18951913313073135,-0.17512435923651312)
   16.150885000000002        1.2500000000000000     
               (51.094853700679145,13.984870635144601)               (51.095510086222625,13.989046542143242)
             (0.20378787137265209,0.18096892470569667)   (1.99527054437273236E-008,1.78508933020172913E-008)   (1.99527606787257864E-008,1.78508946007018611E-008)           (-0.20189594936763938,-0.18249336995006016)
   16.200880000000002        1.2500000000000000     
               (51.554198623837316,14.157503385655330)               (51.554809901080674,14.161723253249274)
             (0.21569806868384311,0.18792818340057713)   (2.11127407652114555E-008,1.85280055796961974E-008)   (2.11128006769707950E-008,1.85280069997306910E-008)           (-0.21364192629204143,-0.18925148337934872)
   16.250875000000001        1.2500000000000000     
               (52.016070334683931,14.331698368456429)               (52.016634095613632,14.335956296096446)
             (0.22689275159175085,0.19427908410806907)   (2.22032311554000009E-008,1.91444586156647327E-008)   (2.22032960912164078E-008,1.91444601710650836E-008)           (-0.22469444712789491,-0.19538376736141252)
   16.300870000000000        1.2500000000000000     
               (52.480471991195380,14.507455984784000)               (52.480987823612473,14.511746107086559)
             (0.23730869882003219,0.20000603863824917)   (2.32180847253683840E-008,1.96988173554733553E-008)   (2.32181551311795058E-008,1.96988190572218386E-008)           (-0.23499231422913736,-0.20087719974615159)
   16.350865000000002        1.2500000000000000     
               (52.947411090706311,14.684777327575389)               (52.947877907651886,14.689093430237678)
             (0.24688279688738879,0.20509408656224160)   (2.41511402568911936E-008,2.01896757291450455E-008)   (2.41512164902673071E-008,2.01896775920460568E-008)           (-0.24447281375166027,-0.20571942463079210)
   16.400860000000002        1.2500000000000000     
               (53.416893402095717,14.863662721609970)               (53.417311536856658,14.867998683726078)
             (0.25555324297617743,0.20952954439225693)   (2.49964331970144075E-008,2.06157874555019819E-008)   (2.49965158409177926E-008,2.06157894913097082E-008)           (-0.25307639854092256,-0.20989919075079294)
   16.450855000000001        1.2500000000000000     
               (53.888927314568789,15.044113428843511)               (53.889298639025448,15.048463344379726)
             (0.26326070919063427,0.21329905996268231)   (2.57482458878107101E-008,2.09759484095985497E-008)   (2.57483353438766038E-008,2.09759506353035056E-008)           (-0.26074473320386982,-0.21340639670682421)
   16.500850000000000        1.2500000000000000     
               (54.363520800432440,15.226130542768379)               (54.363846783631452,15.230488768916665)
             (0.26994872245655194,0.21638994127684585)   (2.64010349118021291E-008,2.12690069654209509E-008)   (2.64011317878712277E-008,2.12690094004225435E-008)           (-0.26742111772599692,-0.21623111058589484)
   16.550845000000002        1.2500000000000000     
               (54.840684894887460,15.409716730806592)               (54.840968839874158,15.414077787406338)
             (0.27556245904971433,0.21879023271824860)   (2.69495200054589840E-008,2.14939185831579949E-008)   (2.69496248400890298E-008,2.14939212418068812E-008)           (-0.27305245226511610,-0.21836437804498446)
   16.600840000000002        1.2500000000000000     
               (55.320429880133148,15.594874145166257)               (55.320674568363849,15.599233296600024)
             (0.28005179094780525,0.22048839406503298)   (2.73886739483471334E-008,2.16496352473380524E-008)   (2.73887873358338625E-008,2.16496381521029925E-008)           (-0.27758604168828477,-0.21979736046826134)
   16.650835000000001        1.2500000000000000     
               (55.802767537880150,15.781606957357313)               (55.802977449184944,15.785959450912751)
             (0.28336797483164949,0.22147303167506893)   (2.77139293176010053E-008,2.17351829289724074E-008)   (2.77140518952227086E-008,2.17351861034470706E-008)           (-0.28097542471660525,-0.22052187435399270)
   16.700830000000000        1.2500000000000000     
               (56.287710316300625,15.969919599199434)               (56.287890209563713,15.974261726767207)
             (0.28547090537779013,0.22173293530532806)   (2.79211895524342890E-008,2.17495779728347177E-008)   (2.79213220412208906E-008,2.17495814360278103E-008)           (-0.28317794417458803,-0.22052943210741974)
   16.750825000000003        1.2500000000000000     
               (56.775270318588056,16.159817811401084)               (56.775424965038255,16.164146311988844)
             (0.28631954822808109,0.22125766047047193)   (2.80065900978309577E-008,2.16918937763761775E-008)   (2.80067333002325601E-008,2.16918975639110367E-008)           (-0.28415330224296265,-0.21981236562902542)
   16.800820000000002        1.2500000000000000     
               (57.265462341268005,16.351308394044551)               (57.265596909234127,16.355620719470089)
             (0.28588371541916319,0.22003704336184837)   (2.79669982997666914E-008,2.15612724646166937E-008)   (2.79671529262096634E-008,2.15612766016673934E-008)           (-0.28386866443042946,-0.21836333560203083)
   16.850815000000001        1.2500000000000000     
               (57.758299305807576,16.544399394103795)               (57.758419657193940,16.548693855475054)
             (0.28413517421786411,0.21806123624909779)   (2.77997200762911136E-008,2.13568531478424707E-008)   (2.77998870482176892E-008,2.13568576780435990E-008)           (-0.28229538717815783,-0.21617458405639461)
   16.900810000000000        1.2500000000000000     
               (58.253795313729903,16.739100215656094)               (58.253907156375604,16.743375665323143)
             (0.28105279550551110,0.21532113456208868)   (2.75026633948820847E-008,2.10778637252678926E-008)   (2.75028436658561677E-008,2.10778686437836257E-008)           (-0.27941090483912351,-0.21323973693851689)
   16.950805000000003        1.2500000000000000     
               (58.751962699417334,16.935421548931544)               (58.752072642860014,16.939677659415892)
             (0.27662294406852866,0.21180787664825126)   (2.70743626197881963E-008,2.07235554379511504E-008)   (2.70745571512465376E-008,2.07235608010451888E-008)           (-0.27519887911755253,-0.20955226026748350)
   17.000800000000002        1.2500000000000000     
               (59.252816718244858,17.133375315128777)               (59.252929859321881,17.137612444698597)
             (0.27083831835872857,0.20751398972171956)   (2.65141193874731736E-008,2.02932771564566575E-008)   (2.65143292546044595E-008,2.02932830018675449E-008)           (-0.26965038241695699,-0.20510620503448879)
   17.050795000000001        1.2500000000000000     
               (59.756368963168683,17.332974445643028)               (59.756491847372985,17.337193843287295)
             (0.26369830042671838,0.20243224199996168)   (2.58218083505703432E-008,1.97864700049526350E-008)   (2.58220344640247114E-008,1.97864763753935396E-008)           (-0.26276294450028109,-0.19989672447468473)
   17.100790000000003        1.2500000000000000     
               (60.262632220334154,17.534233474167078)               (60.262769665602818,17.538437128945510)
             (0.25521156630538516,0.19655744139865503)   (2.49981690941613746E-008,1.92027072213181774E-008)   (2.49984130334946366E-008,1.92027141663258096E-008)           (-0.25454235547641546,-0.19391998632318186)
   17.150785000000003        1.2500000000000000     
               (60.771630946047978,17.737168035310454)               (60.771793198731331,17.741358589495690)
             (0.24539456117212166,0.18988498348705010)   (2.40452366297866388E-008,1.85416465042123607E-008)   (2.40451708901685062E-008,1.85416449078523949E-008)           (-0.24501356987565412,-0.18717313280409092)
   17.200779999999998        1.2500000000000000     
               (61.283351603940794,17.941794132578728)               (61.283539361003200,17.945974598394880)
             (0.23426871128019669,0.18241271108979284)   (2.29640562012613291E-008,1.78031369546659443E-008)   (2.29639849520558324E-008,1.78031352091645333E-008)           (-0.23417445308459431,-0.17965478733229195)
   17.250774999999997        1.2500000000000000     
               (61.797815272776248,18.148129213780216)               (61.798033019130663,18.152303612661310)
             (0.22186556808493973,0.17413991443860857)   (2.17580602720115595E-008,1.69872169111786642E-008)   (2.17579831618157911E-008,1.69872150052734560E-008)           (-0.22206318375924936,-0.17136547531818458)
   17.300770000000000        1.2500000000000000     
               (62.315030306571700,18.356191533018890)               (62.315282608520270,18.360364034910553)
             (0.20822679994265050,0.16506852610670672)   (2.04312701326472913E-008,1.60941333202393191E-008)   (2.04311867172759957E-008,1.60941312417354049E-008)           (-0.20871918207861931,-0.16230773890683892)
   17.350764999999999        1.2500000000000000     
               (62.835005576879169,18.565999496243847)               (62.835295624557176,18.570175209345717)
             (0.19339998776418638,0.15520288588906458)   (1.89881625206849597E-008,1.51243808712272513E-008)   (1.89880722809982378E-008,1.51243786053690790E-008)           (-0.19418641728050734,-0.15248621449565122)
   17.400759999999998        1.2500000000000000     
               (63.357744772828518,18.777572286548494)               (63.358075725112037,18.781756247425797)
             (0.17744166282018098,0.14455041339810423)   (1.74342870844373343E-008,1.40787427988074014E-008)   (1.74341895403118514E-008,1.40787403276537313E-008)           (-0.17851916453689828,-0.14190886547021550)
   17.450755000000001        1.2500000000000000     
               (63.883253600008878,18.990928843233501)               (63.883627637893461,18.995127043041627)
             (0.16041747072468088,0.13312142531971097)   (1.57757358109068663E-008,1.29582341202921230E-008)   (1.57756303829514202E-008,1.29582314256819168E-008)           (-0.16177934585513992,-0.13058542409902743)
   17.500750000000000        1.2500000000000000     
               (64.411534754509702,19.206088739399764)               (64.411954024476472,19.210306723579137)
             (0.14239910706360970,0.12093035496539724)   (1.40196181988916721E-008,1.17643367656985126E-008)   (1.40195043128346088E-008,1.17643338273147372E-008)           (-0.14403556412186869,-0.11853003385867404)
   17.550744999999999        1.2500000000000000     
               (64.942590024611306,19.423070613779711)               (64.943054554747121,19.427314751421946)
             (0.12346801727248476,0.10799513147042752)   (1.21735640715094069E-008,1.04987742395744094E-008)   (1.21734410377182274E-008,1.04987710384400608E-008)           (-0.12536606926284660,-0.10575988975654495)
   17.600739999999998        1.2500000000000000     
               (65.476419846353963,19.641893504839135)               (65.476930148843067,19.646170001317653)
        (0.10371202643534917,9.43377798499502873E-002)   (1.02461634950657804E-008,9.16372640137717698E-009)   (1.02460305805057479E-008,9.16372291475010722E-009)      (-0.10585515383565451,-9.22959965899105284E-002)
   17.650735000000001        1.2500000000000000     
               (66.013022611359503,19.862575300466982)               (66.013578979582164,19.866890351973485)
   (8.32248687603032028E-002,7.99854672154892282E-002)   (8.24648699683308898E-009,7.76182345777364430E-009)   (8.24634359617144271E-009,7.76181965826021720E-009) (-8.55940123688756493E-002,-7.81641379629966354E-002)
   17.700730000000000        1.2500000000000000     
               (66.552396995858288,20.085133338994442)               (66.552997067024393,20.089493335279670)
   (6.21091687385447941E-002,6.49690214782211728E-002)   (6.18435161588919384E-009,6.29604070467387354E-009)   (6.18419682729557223E-009,6.29603656608013204E-009) (-6.46821358436183158E-002,-6.33930729188330738E-002)
   17.750724999999999        1.2500000000000000     
               (67.094539076110422,20.309584135034161)               (67.095181162068002,20.313995002998109)
   (4.04699683905341140E-002,4.93253767572057675E-002)   (4.07004656045307743E-009,4.76993702820866757E-009)   (4.06987962922891321E-009,4.76993252718558682E-009) (-4.32220895393268106E-002,-4.80177154582780638E-002)
   17.800719999999998        1.2500000000000000     
               (67.639444877897986,20.535942709990120)               (67.640125694222974,20.540410248003418)
   (1.84216031381995646E-002,3.30963247863368046E-002)   (1.91445917885350791E-009,3.18750710847730074E-009)   (1.91427910407659158E-009,3.18750217285126629E-009) (-2.13242319449404513E-002,-3.20774248166220272E-002)
   17.850715000000001        1.2500000000000000     
               (68.187109028181368,20.764223424653775)               (68.187825184467982,20.768753168413053)
  (-3.91981489209638351E-003,1.63286648470227849E-002)  (-2.71060254900231669E-010,1.55329097124059359E-009)  (-2.71254336655899673E-010,1.55328563149052538E-009)  (8.96496544718359818E-004,-1.56161535980577568E-002)
   17.900710000000000        1.2500000000000000     
               (68.737525820103130,20.994439205057819)               (68.738273582528251,20.999036148083690)
 (-2.64332074790804110E-002,-9.25471092998819776E-004) (-2.47460042851495289E-009,-1.27784042825531826E-010) (-2.47480952476609102E-009,-1.27789837774238373E-010)   (2.33210126339347228E-002,1.31708332593251701E-003)
   17.950704999999999        1.2500000000000000     
               (69.290689651801330,21.226601385033803)               (69.291463117790485,21.231270220759097)
 (-4.89947412891472214E-002,-1.86083459526671206E-002) (-4.68439123792845844E-009,-1.85013704733393906E-009) (-4.68461656225608330E-009,-1.85014337006778756E-009)   (4.58289026079801917E-002,1.86677357839896245E-002)
   18.000699999999998        1.2500000000000000     
               (69.846592802746841,21.460719726876313)               (69.847387334887813,21.465464157826805)
 (-7.14786863357628893E-002,-3.66562398117943680E-002) (-6.88802270807465424E-009,-3.60769458262568893E-009) (-6.88826547265559565E-009,-3.60770145742044197E-009)   (6.82944580083688219E-002,3.63760526583656527E-002)
   18.050695000000001        1.2500000000000000     
               (70.405230454817939,21.696803259234173)               (70.406039056011920,21.701626550043674)
 (-9.37570747372577923E-002,-5.50007196500392273E-002) (-9.07307447051250688E-009,-5.39388487584414639E-009) (-9.07333579362354996E-009,-5.39389234971145520E-009)   (9.05913700149728884E-002,5.43772100378790563E-002)
   18.100690000000000        1.2500000000000000     
               (70.966595411723006,21.934858452433435)               (70.967412002580403,21.939763428121129)
      (-0.11570206512359188,-7.35678949998920528E-002) (-1.12270723503329329E-008,-7.20163881673446473E-009) (-1.12273536167277348E-008,-7.20164694033173899E-009)        (0.11259222436744448,7.26014976168376652E-002)
   18.150684999999999        1.2500000000000000     
               (71.530681693831411,22.174891718620398)               (71.531500067302034,22.179879596692075)
      (-0.13718640991235706,-9.22786981451270832E-002) (-1.33374839045776962E-008,-9.02339867320374760E-009) (-1.33377865452085437E-008,-9.02340751411959917E-009)        (0.13417057198744198,9.09739029575070135E-002)
   18.200679999999998        1.2500000000000000     
               (72.097484931290055,22.416907217996350)               (72.098296912706672,22.421978916515279)
           (-0.15808439263843102,-0.11104962571006835) (-1.53920977980403541E-008,-1.08511924844266069E-008) (-1.53924233129212104E-008,-1.08512020870116090E-008)             (0.15519998847484712,0.10941543138795605)
   18.250675000000001        1.2500000000000000     
               (72.667015173375447,22.660908291411221)               (72.667819205650289,22.666063546493262)
           (-0.17827200818410602,-0.12979223496432804) (-1.73794002972007446E-008,-1.26765000014679406E-008) (-1.73793104440906649E-008,-1.26764977144703654E-008)             (0.17557075976625969,0.12784216235082904)
   18.300670000000000        1.2500000000000000     
               (73.239239459507004,22.906896451765274)               (73.240023557911698,22.912134775538121)
           (-0.19762783657500549,-0.14841452189290705) (-1.92861304878370751E-008,-1.44904713329046731E-008) (-1.92860335548693721E-008,-1.44904688397824144E-008)             (0.19513206880799136,0.14616541275282227)
   18.350664999999999        1.2500000000000000     
               (73.814170384751179,23.154873460653789)               (73.814927923239409,23.160191972642913)
           (-0.21603629598256438,-0.16682027327452453) (-2.11014220649132074E-008,-1.62839053285258727E-008) (-2.11013174706828481E-008,-1.62839026176808375E-008)             (0.21377925440968329,0.16429380459650678)
   18.400659999999998        1.2500000000000000     
               (74.391807374923275,23.404839606272095)               (74.392530630801005,23.410235849000674)
           (-0.23338605660942882,-0.18491060449996449) (-2.28144055626160175E-008,-1.80472665947610897E-008) (-2.28142926341426795E-008,-1.80472636466362551E-008)             (0.23140019493541372,0.18213210468883670)
   18.450655000000001        1.2500000000000000     
               (74.972148547948251,23.656794337467250)               (74.972831753098021,23.662264254595570)
           (-0.24957159202330750,-0.20258434517871751) (-2.44146246795676116E-008,-1.97708152582315889E-008) (-2.44145028280740444E-008,-1.97708120488051965E-008)             (0.24788575600698007,0.19958323669967468)
   18.500650000000000        1.2500000000000000     
               (75.555196696690132,23.910737737208031)               (75.555834461190940,23.916276417736487)
           (-0.26449456127321908,-0.21973796461345724) (-2.58921509777778918E-008,-2.14445639772358219E-008) (-2.58920195005128709E-008,-2.14445604881903275E-008)             (0.26313387565454471,0.21654669803159032)
   18.550644999999999        1.2500000000000000     
               (76.140955176916961,24.166668720164783)               (76.141541227487508,24.172270967994937)
           (-0.27806397792174564,-0.23626704296791876) (-2.72380456739874711E-008,-2.30584138663575570E-008) (-2.72379038868920456E-008,-2.30584100698238495E-008)             (0.27705097270401025,0.23292132081646999)
   18.600639999999999        1.2500000000000000     
               (76.729427235400337,24.424586522463219)               (76.729957587177594,24.430245853016384)
           (-0.29019644555944746,-0.25206659214458166) (-2.84439639894249970E-008,-2.46022265714306742E-008) (-2.84438111081574310E-008,-2.46022224498606861E-008)             (0.28954910357512398,0.24860457644728043)
   18.650635000000001        1.2500000000000000     
               (77.320619613128827,24.684491089494770)               (77.321090640136930,24.690200686004658)
           (-0.30081785545980283,-0.26703152295223520) (-2.95023669484592425E-008,-2.60657712045764196E-008) (-2.95022021754280606E-008,-2.60657667227447173E-008)             (0.30055025832072335,0.26349394064884868)
   18.700630000000000        1.2500000000000000     
               (77.914539717853941,24.946382197346033)               (77.914948867375401,24.952134696707734)
           (-0.30986383742065804,-0.28105858837071002) (-3.04067650087871563E-008,-2.74390382485265281E-008) (-3.04065875268949982E-008,-2.74390333762780176E-008)             (0.30998517946914456,0.27748736956897763)
   18.750624999999999        1.2500000000000000     
               (78.511194605870557,25.210260904917909)               (78.511540371587060,25.216048268544185)
           (-0.31727928829699753,-0.29404596797473764) (-3.11515895052085047E-008,-2.87121027123242737E-008) (-3.11513982945506384E-008,-2.87120974181565588E-008)             (0.31779400415575199,0.29048457538544825)
   18.800620000000002        1.2500000000000000     
               (79.110595610917457,25.476128480269541)               (79.110876636171781,25.481943029811312)
           (-0.32302041610575155,-0.30589477547792437) (-3.17323056221477417E-008,-2.98752971046730691E-008) (-3.17320997154499698E-008,-2.98752913384377626E-008)             (0.32392829226972697,0.30238678593067025)
   18.850615000000001        1.2500000000000000     
               (79.712752888614773,25.743986970119636)               (79.712970635719401,25.749820608618116)
           (-0.32705392109266967,-0.31650941164238017) (-3.21453834394886437E-008,-3.09192527049302412E-008) (-3.21451618723996412E-008,-3.09192464583891703E-008)             (0.32834805752094703,0.31309851787678328)
   18.900610000000000        1.2500000000000000     
               (80.317676427492344,26.013840877989086)               (80.317832101149065,26.019685400782755)
           (-0.32935604937963020,-0.32579842554081068) (-3.23883370331286267E-008,-3.18350326696974516E-008) (-3.23880985944833673E-008,-3.18350258965352582E-008)             (0.33102667526051721,0.32252776067376160)
   18.950604999999999        1.2500000000000000     
               (80.925381310623337,26.285694363334997)               (80.925477119409166,26.291542364854401)
           (-0.32991546731446802,-0.33367586030037605) (-3.24597798753777863E-008,-3.26141656639479467E-008) (-3.24595233349811929E-008,-3.26141583107016385E-008)             (0.33194737291803406,0.33058753667014029)
   19.000600000000002        1.2500000000000000     
               (81.535877732332452,26.559553811055782)               (81.535917950330244,26.565397696454738)
           (-0.32873305446177248,-0.34006236744698809) (-3.23596324511621683E-008,-3.32487680140536606E-008) (-3.23593565384456955E-008,-3.32487600299997283E-008)             (0.33110603870688732,0.33719606208625452)
   19.050595000000001        1.2500000000000000     
               (82.149180025527528,26.835426631751069)               (82.149169303327596,26.841259580275686)
           (-0.32581920984180873,-0.34488456729269362) (-3.20886933625056186E-008,-3.37315740833352741E-008) (-3.20883966413866187E-008,-3.37315654245470456E-008)             (0.32850812314988082,0.34227789952838295)
   19.100590000000000        1.2500000000000000     
               (82.765301542546169,27.113321856329939)               (82.765245690694627,27.119137507226899)
           (-0.32119486174284717,-0.34807599276979434) (-3.16487952512973694E-008,-3.40560065609170754E-008) (-3.16484763597399015E-008,-3.40559971624197387E-008)             (0.32417099436057273,0.34576393541770678)
   19.150585000000000        1.2500000000000000     
               (83.384255902540190,27.393249544272457)               (83.384161349931446,27.399042924550834)
           (-0.31489381619138307,-0.34958046597849796) (-3.10430673429294549E-008,-3.42163386695742528E-008) (-3.10427247363827968E-008,-3.42163284831103092E-008)             (0.31812419269702086,0.34759394542391947)
   19.200580000000002        1.2500000000000000     
               (84.006054149282363,27.675221429998572)               (84.005928923964746,27.680988012060709)
           (-0.30696036813740202,-0.34934873846644643) (-3.02757726539696931E-008,-3.42076837485735984E-008) (-3.02754045434170656E-008,-3.42076726965552403E-008)             (0.31040879925237364,0.34771571605701568)
   19.250575000000001        1.2500000000000000     
               (84.630710683615604,27.959250440574351)               (84.630562696728887,27.964986644532626)
           (-0.29744823284214189,-0.34734193759437676) (-2.93519308970162039E-008,-3.40260275375601113E-008) (-2.93515355499837843E-008,-3.40260155672867817E-008)             (0.30107544240174622,0.34608564104524564)
   19.300570000000000        1.2500000000000000     
               (85.258237992664533,28.245350587522552)               (85.258074787699982,28.251054599118376)
           (-0.28642038934536507,-0.34353115428922948) (-2.82775863990474095E-008,-3.36683499779996558E-008) (-2.82771620626363670E-008,-3.36683369945656871E-008)             (0.29018462241629245,0.34267030912647412)
   19.350565000000000        1.2500000000000000     
               (85.888662064530138,28.533537540623467)               (85.888498814174298,28.539208075999412)
           (-0.27394967404151038,-0.33789866354044118) (-2.70590052245531088E-008,-3.31326778083121753E-008) (-2.70591246220833377E-008,-3.31326809565937276E-008)             (0.27779051105526631,0.33744677630100411)
   19.400560000000002        1.2500000000000000     
               (86.521963438112195,28.823827543803450)               (86.521803586354253,28.829464643297538)
           (-0.26012006261807097,-0.33043581539252892) (-2.57059729747112623E-008,-3.24180777042364083E-008) (-2.57061016314249766E-008,-3.24180811565957675E-008)             (0.26400755796689357,0.33040294391825498)
   19.450555000000001        1.2500000000000000     
               (87.158165003188287,29.116237468643689)               (87.158017730648638,29.121842801800820)
           (-0.24502001485576144,-0.32114756566381902) (-2.42263437625572346E-008,-3.15247612966788213E-008) (-2.42264823165261335E-008,-3.15247650564563149E-008)             (0.24890930457853189,0.32153775948691649)
   19.500550000000000        1.2500000000000000     
               (87.797276613495043,29.410785239958248)               (87.797149511594910,29.416361373756281)
           (-0.22874790115521013,-0.31004883292576702) (-2.26296306630015690E-008,-3.04539992816308041E-008) (-2.26297800307612431E-008,-3.04540033599302597E-008)             (0.23259247608778319,0.31086104046035240)
   19.550545000000000        1.2500000000000000     
               (88.439304196307276,29.707489876726864)               (88.439206806207991,29.713040692142378)
           (-0.21140725398819635,-0.29716721775043825) (-2.09260851881835849E-008,-2.92082820867421591E-008) (-2.09262460037898807E-008,-2.92082865049962896E-008)             (0.21516152703262784,0.29839545201546169)
   19.600540000000002        1.2500000000000000     
               (89.084254087361842,30.006369758224281)               (89.084193667253302,30.011900144295325)
           (-0.19310873233666107,-0.28254166883243337) (-1.91264418574899763E-008,-2.77912404678540138E-008) (-1.91266148683219218E-008,-2.77912452730404709E-008)             (0.19672684052218550,0.28417514151305989)
   19.650535000000001        1.2500000000000000     
               (89.732132065892529,30.307444601832152)               (89.732115729358597,30.312961047490031)
           (-0.17396627327920047,-0.26622255497021108) (-1.72420383515633726E-008,-2.62075973129729923E-008) (-1.72422245963444857E-008,-2.62076025254024117E-008)             (0.17740605194582967,0.26824577416294820)
   19.700530000000001        1.2500000000000000     
               (90.382940430280016,30.610733218955687)               (90.382974102292692,30.616242644586201)
           (-0.15409933784256444,-0.24827284840131295) (-1.52845785161790445E-008,-2.44633278256173310E-008) (-1.52847789805474449E-008,-2.44633334855854092E-008)             (0.15731829113692994,0.25066498931109393)
   19.750525000000000        1.2500000000000000     
               (91.036681911698196,30.916255328730390)               (91.036770966784147,30.921765635999154)
           (-0.13362897257552500,-0.22876643846352929) (-1.32659992782359344E-008,-2.25654588693205953E-008) (-1.32662147742936950E-008,-2.25654650007491277E-008)             (0.13658872813018264,0.23150290643242827)
   19.800520000000002        1.2500000000000000     
               (91.693356603717234,31.224029700808401)               (91.693504962356556,31.229549771801867)
           (-0.11268054222877956,-0.20778773731993821) (-1.11987066682206232E-008,-2.05221687543426387E-008) (-1.11989383717360939E-008,-2.05221754034877241E-008)             (0.11534411428714514,0.21084007503939331)
   19.850515000000001        1.2500000000000000     
               (92.352965790392034,31.534075305126677)               (92.353176340293018,31.539614012960083)
      (-9.13785040934320392E-002,-0.18543358061956522) (-9.09506657589117198E-009,-1.83427517813225276E-008) (-9.09531564466613948E-009,-1.83427589866178424E-008)        (9.37134225625332884E-002,0.18876929940800607)
   19.900510000000001        1.2500000000000000     
               (93.015507053466379,31.846409967337973)               (93.015780936663177,31.851977217030939)
      (-6.98490076549984351E-002,-0.16180957257036058) (-6.96751340835864304E-009,-1.60373515016729243E-008) (-6.96778111444334985E-009,-1.60373593089277541E-008)        (7.18252448599737137E-002,0.16539298753570342)
   19.950505000000000        1.2500000000000000     
               (93.680978437960036,32.161051575536241)               (93.681316154718203,32.166656974059393)
      (-4.82165821470457029E-002,-0.13703205975930788) (-4.82836301187505139E-009,-1.36172378259591297E-008) (-4.82865064599825909E-009,-1.36172462814419775E-008)        (4.98090507245568248E-002,0.14082429258036452)
   20.000500000000002        1.2500000000000000     
               (94.349377127007358,32.478016965376710)               (94.349776766407501,32.483670159428009)
      (-2.66061358562062790E-002,-0.11122558333268413) (-2.69017604180736032E-009,-1.10945759647389398E-008) (-2.69048496997156071E-009,-1.10945851309287839E-008)        (2.77929881876979035E-002,0.11518548262684901)
   20.050495000000002        1.2500000000000000     
               (95.020698894488248,32.797322537341906)               (95.021158209849617,32.803032755063398)
 (-5.13655563278738510E-003,-8.45231938517565645E-002) (-5.64658075573835972E-010,-8.48221190614252163E-009) (-5.64989777200352294E-010,-8.48222181805983003E-009)   (5.90096466170975022E-003,8.86077095701153367E-002)
   20.100490000000001        1.2500000000000000     
               (95.694939053847150,33.118982681231181)               (95.695454493154827,33.124759280972768)
  (1.60731008178416034E-002,-5.70665905407696447E-002)  (1.53634161280887729E-009,-5.79397724193546945E-009)  (1.53598551048091830E-009,-5.79398797785363864E-009)  (-1.57441958983969253E-002,6.12304894530430049E-002)
   20.150485000000000        1.2500000000000000     
               (96.372092198318782,33.443012372171076)               (96.372658644886812,33.448863374555060)
  (3.69100949960522381E-002,-2.90016467381439720E-002)  (3.60148104333244841E-009,-3.04412144968572066E-009)  (3.60109896371094173E-009,-3.04413307413842445E-009)  (-3.70238614743543387E-002,3.31998618159742784E-002)
   20.200480000000002        1.2500000000000000     
               (97.052153097844553,33.769424546873559)               (97.052763054675580,33.775357889573755)
  (5.72650869319192013E-002,-4.82492162644421749E-004)  (5.61995608218241059E-009,-2.47648979630399286E-010)  (5.61954610894245449E-009,-2.47661533868637484E-010)  (-5.78257692016226899E-002,4.66793509151009617E-003)
   20.250475000000002        1.2500000000000000     
               (97.735116033408659,34.098231006690106)               (97.735763217152311,34.104253621079195)
   (7.70374371481035713E-002,2.83333673938862482E-002)   (7.58155290327179818E-009,2.58003875572885619E-009)   (7.58111317836143647E-009,2.58002515590944937E-009) (-7.80425208163936651E-002,-2.42073550614971232E-002)
   20.300470000000001        1.2500000000000000     
               (98.420973182758587,34.429443065247042)               (98.421648547428219,34.435560197240306)
   (9.61271952914886790E-002,5.72858003395242746E-002)   (9.47638361033959038E-009,5.42324579713262780E-009)   (9.47591205562095783E-009,5.42323105008171719E-009) (-9.75704123156838632E-002,-5.32660212795260102E-002)
   20.350465000000000        1.2500000000000000     
               (99.109719125670608,34.763070870368324)               (99.110414297577165,34.769287019554021)
        (0.11444666778863623,8.62100167178814214E-002)   (1.12954667322968413E-008,8.26584686675057385E-009)   (1.12949612641025489E-008,8.26583094312952476E-009)      (-0.11631720281554238,-8.23422343099981802E-002)
   20.400459999999999        1.2500000000000000     
               (99.801348015214160,35.099123425404450)               (99.802053484809051,35.105441560868677)
             (0.13191303960097933,0.11494213633207231)   (1.30306080885115020E-008,1.10917365937652351E-008)   (1.30300664300625935E-008,1.10917193390365283E-008)           (-0.13419525136999513,-0.11127098466660287)
   20.450454999999998        1.2500000000000000     
               (100.49585283936017,35.437607819307267)               (100.49655896838752,35.444029263777843)
             (0.14845138564725952,0.14331609391837993)   (1.46742609024327134E-008,1.38846416690389406E-008)   (1.46736805661771509E-008,1.38846230241082986E-008)           (-0.15112530013225656,-0.13988483046598016)
   20.500450000000001        1.2500000000000000     
               (101.19324890415690,35.778531066490707)               (101.19395223883362,35.785056733147506)
             (0.16399497260011184,0.17116906706476173)   (1.62182167814904537E-008,1.66284080881109640E-008)   (1.62183837809991815E-008,1.66284127354985380E-008)           (-0.16701299133166386,-0.16801787419169206)
   20.550445000000000        1.2500000000000000     
               (101.89349172442874,36.121899331157223)               (101.89417589306001,36.128527831275598)
             (0.17848581606861785,0.19833795478369215)   (1.76591638414224675E-008,1.93071376101004771E-008)   (1.76593434063021565E-008,1.93071426565855674E-008)           (-0.18184015964504197,-0.19550598494391772)
   20.600439999999999        1.2500000000000000     
               (102.59659467196381,36.467717288318312)               (102.59725125292009,36.474446182913361)
             (0.19187420479808709,0.22466476125636917)   (1.89907004580228503E-008,2.19051817014244678E-008)   (1.89908935037262223E-008,2.19051871747748394E-008)           (-0.19553236787366279,-0.22218796445991679)
   20.650434999999998        1.2500000000000000     
               (103.30255490309638,36.815988695521618)               (103.30317358897176,36.822814465256876)
             (0.20411925175100493,0.24999508598187417)   (2.02087344893225167E-008,2.44072668017126250E-008)   (2.02089419717777759E-008,2.44072727373391221E-008)           (-0.20804395347697804,-0.24790598901212629)
   20.700430000000001        1.2500000000000000     
               (104.01136656909537,37.166716756549896)               (104.01194039217283,37.173633913852939)
             (0.21518905552257525,0.27418062551053840)   (2.13098329712408723E-008,2.67987134512020351E-008)   (2.13100558445326892E-008,2.67987198875443828E-008)           (-0.21934022499890879,-0.27250780096969102)
   20.750425000000000        1.2500000000000000     
               (104.72303077486497,37.519903863754244)               (104.72355102486459,37.526906855697810)
             (0.22505911851519211,0.29707896517271165)   (2.22913919769992009E-008,2.90653761073030767E-008)   (2.22916314698501521E-008,2.90653830807734015E-008)           (-0.22939354453904398,-0.29584720808955661)
   20.800419999999999        1.2500000000000000     
               (105.43754342470527,37.875552453311201)               (105.43800338522298,37.882633814589980)
             (0.23371417154601290,0.31855557368320808)   (2.31518157454930910E-008,3.11939708338374825E-008)   (2.31520729449163270E-008,3.11939783828703015E-008)           (-0.23818624674433808,-0.31778610364728882)
   20.850414999999998        1.2500000000000000     
               (106.15490539136270,38.233663397367550)               (106.15530051181838,38.240815863394651)
             (0.24114726141637927,0.33848561398519245)   (2.38902111307812802E-008,3.31719272741680023E-008)   (2.38904871322885309E-008,3.31719354450391738E-008)           (-0.24570837822966834,-0.33819324040097892)
   20.900410000000001        1.2500000000000000     
               (106.87511494464553,38.594237913090488)               (106.87544096416265,38.601452781877292)
             (0.24736033374058086,0.35675157527478624)   (2.45066146801505210E-008,3.49875758324975861E-008)   (2.45069110085770693E-008,3.49875846876896205E-008)           (-0.25196063533689222,-0.35694773943938740)
   20.950405000000000        1.2500000000000000     
               (107.59817624250262,38.957277152701643)               (107.59843027778157,38.964545448222879)
             (0.25235995491677476,0.37324745076902127)   (2.50015227552302105E-008,3.66303126366106382E-008)   (2.50018408220113291E-008,3.66303222181264037E-008)           (-0.25694678976350782,-0.37393807712434840)
   21.000399999999999        1.2500000000000000     
               (108.32409191621453,39.322781644767907)               (108.32427078325856,39.330094433486877)
             (0.25616268426147992,0.38787882426429199)   (2.53765388959372989E-008,3.80905270759798065E-008)   (2.53768801860495537E-008,3.80905374429426264E-008)           (-0.26068390010882730,-0.38906400822028803)
   21.050394999999998        1.2500000000000000     
               (109.05286504268409,39.690752657106415)               (109.05297002566172,39.698101002537570)
             (0.25879062589274870,0.40056202938989122)   (2.56337021754659165E-008,3.93598288618817404E-008)   (2.56340681498844999E-008,3.93598400848062672E-008)           (-0.26319338161439648,-0.40223645081582238)
   21.100390000000001        1.2500000000000000     
               (109.78450185111116,40.061190927838254)               (109.78453314484467,40.068565752262536)
             (0.26027133781738099,0.41122587535579702)   (2.57756125895235864E-008,4.04308864755991034E-008)   (2.57760050710640065E-008,4.04308986013842609E-008)           (-0.26450334900892536,-0.41337837235178604)
   21.150385000000000        1.2500000000000000     
               (110.51900836658541,40.434098183678906)               (110.51896763732087,40.441491015858269)
             (0.26063917039897228,0.41981165684653582)   (2.58057284988745322E-008,4.12977489028326879E-008)   (2.58061490827412363E-008,4.12977620070060747E-008)           (-0.26464796320465062,-0.42242576917074864)
   21.200379999999999        1.2500000000000000     
               (111.25639127045946,40.809476620988065)               (111.25628255215034,40.816878940246724)
             (0.25993173705149414,0.42627321971160637)   (2.57277403602643945E-008,4.19555706211569912E-008)   (2.57281909835098321E-008,4.19555847902821319E-008)           (-0.26366761883860446,-0.42932685356926659)
   21.250374999999998        1.2500000000000000     
               (111.99666179778309,41.187329140165922)               (111.99648755961314,41.194733456323156)
             (0.25819297468598623,0.43057891497723966)   (2.55459246716020228E-008,4.24009161217228134E-008)   (2.55464076051813602E-008,4.24009314182672035E-008)           (-0.26160732722148805,-0.43404390162218642)
   21.300370000000001        1.2500000000000000     
               (112.73982665932550,41.567659431178519)               (112.73959371218952,41.575058917816058)
             (0.25546884669972753,0.43270914442067610)   (2.52648895281465916E-008,4.26316201908251465E-008)   (2.52654067856194309E-008,4.26316367173115295E-008)           (-0.25851516399065327,-0.43655215764622485)
   21.350365000000000        1.2500000000000000     
               (113.48589835214834,41.950472186039050)               (113.48561150752333,41.957860553810093)
             (0.25180809701098578,0.43265870634765508)   (2.48896430307415175E-008,4.26468620377048382E-008)   (2.48901968954557954E-008,4.26468798826510491E-008)           (-0.25444551188439563,-0.43684112425736410)
   21.400359999999999        1.2500000000000000     
               (114.23488714312587,42.335773407346792)               (114.23455395649775,42.343145442640655)
             (0.24726469731168643,0.43043424803322133)   (2.44253621859500213E-008,4.24470564751660819E-008)   (2.44259553441336960E-008,4.24470757225279485E-008)           (-0.24945285763302258,-0.43491313037786039)
   21.450354999999998        1.2500000000000000     
               (114.98680510605537,42.723569709650427)               (114.98643251933535,42.730921347923484)
             (0.24188857775621772,0.42605748698132911)   (2.38773812744207168E-008,4.20340594487296004E-008)   (2.38780159117343219E-008,4.20340802467757800E-008)           (-0.24359562453279596,-0.43078432838234110)
   21.500350000000001        1.2500000000000000     
               (115.74166549193743,43.113870207169299)               (115.74126132865820,43.121198468737624)
             (0.23573662988384200,0.41956077282693482)   (2.32514113939535112E-008,4.14108198548301085E-008)   (2.32520902281798044E-008,4.14108423448664687E-008)           (-0.23693317266612607,-0.42448416634633657)
   21.550345000000000        1.2500000000000000     
               (116.49948028087007,43.506684198135126)               (116.49905112322368,43.513987168328555)
             (0.22886339246517248,0.41099070094606743)   (2.25529437158069819E-008,4.05816955575779840E-008)   (2.25536698958621253E-008,4.05817197711486804E-008)           (-0.22952557265543497,-0.41605496124733604)
   21.600339999999999        1.2500000000000000     
               (117.26028545755003,43.902023807585245)               (117.25984719409686,43.909299835790563)
             (0.22131986934122713,0.40040431507977531)   (2.17887295428671386E-008,3.95521684863681610E-008)   (2.17885169803042926E-008,3.95521623841142755E-008)           (-0.22145728986166843,-0.40555217758718159)
   21.650334999999998        1.2500000000000000     
               (118.02404981710986,44.299901506038616)               (118.02360294486998,44.307150365782363)
             (0.21316388921749183,0.38787127495836599)   (2.09621834588704987E-008,3.83287740695775753E-008)   (2.09619552796735684E-008,3.83287674473271393E-008)           (-0.21274306217047370,-0.39304168588012939)
   21.700330000000001        1.2500000000000000     
               (118.79080530890432,44.700331511377392)               (118.79035802544277,44.707554412986816)
             (0.20444645819458049,0.37347107868059565)   (2.00795646732891969E-008,3.69192589146843942E-008)   (2.00793197557744743E-008,3.69192517462528995E-008)           (-0.20346201263280145,-0.37860197319011485)
   21.750325000000000        1.2500000000000000     
               (119.56056481257568,45.103330233689839)               (119.56012434034986,45.110528850935424)
             (0.19521810768441264,0.35729274362146884)   (1.91464108708350395E-008,3.53322756003530971E-008)   (1.91461480590409020E-008,3.53322678416088766E-008)           (-0.19367475224063285,-0.36232216314335619)
   21.800319999999999        1.2500000000000000     
               (120.33333957312767,45.508915007881697)               (120.33291386420363,45.516092041722054)
             (0.18552816389161972,0.33943569586239902)   (1.81677411399552748E-008,3.35775533087820868E-008)   (1.81674592653073228E-008,3.35775449122933268E-008)           (-0.18343532702003121,-0.34430106442996966)
   21.850314999999998        1.2500000000000000     
               (121.10913900625370,45.917104450067932)               (121.10873492429370,45.924263321041472)
             (0.17542208131971965,0.32000655915981074)   (1.71484658862696889E-008,3.16654920844507373E-008)   (1.71481635782582375E-008,3.16654829862317287E-008)           (-0.17279688916326350,-0.32464663029337359)
   21.900310000000001        1.2500000000000000     
               (121.88797271986093,46.327918016740462)               (121.88759526865979,46.335063378481237)
             (0.16494360132113928,0.29911968068671480)   (1.60932488434209608E-008,2.96073498415871446E-008)   (1.60929246812556652E-008,2.96073399994488339E-008)           (-0.16181180538229345,-0.30347526512101064)
   21.950305000000000        1.2500000000000000     
               (122.66984683311142,46.741376720508804)               (122.66950252524856,46.748513073040677)
             (0.15413498401487977,0.27689598688233436)   (1.50064642564700963E-008,2.74151074927174428E-008)   (1.50061168639414084E-008,2.74150968564582155E-008)           (-0.15052696086548820,-0.28091020889321983)
   22.000299999999999        1.2500000000000000     
               (123.45476928238993,47.157502852450655)               (123.45446213896527,47.164636193617952)
             (0.14303287303689688,0.25346152196369831)   (1.38921014264284972E-008,2.51012444929313755E-008)   (1.38917291565943981E-008,2.51012329786234153E-008)           (-0.13898636012344914,-0.25708170303541261)
   22.050295000000002        1.2500000000000000     
               (124.24274270226887,47.576318757754635)               (124.24247861609365,47.583454707745140)
             (0.13167198211862771,0.22894744865358804)   (1.27538294494397396E-008,2.26786997227606151E-008)   (1.27534306679301234E-008,2.26786872755721872E-008)           (-0.12723183723223910,-0.23212428370500765)
   22.100290000000001        1.2500000000000000     
               (125.03377095470806,47.997846474573429)               (125.03355319039674,48.004991737319756)
             (0.12008608818568231,0.20348754038614469)   (1.15952526556987228E-008,2.01608213623487671E-008)   (1.15948254900280362E-008,2.01608079167690828E-008)           (-0.11529983610502580,-0.20617708710323226)
   22.150285000000000        1.2500000000000000     
               (125.82785456948757,48.422110307981683)               (125.82768497820682,48.429272155740954)
             (0.10830061784470596,0.17721914883868389)   (1.04191887689410020E-008,1.75613341271034991E-008)   (1.04187313626607753E-008,1.75613195960251558E-008)           (-0.10322380909746431,-0.17938310203467675)
   22.200279999999999        1.2500000000000000     
               (126.62499291158737,48.849133147326768)               (126.62487421195544,48.856318075302276)
        (9.63454310555835192E-002,0.15028037258935048)   (9.22885240553363851E-009,1.48939973072384127E-008)   (9.22836278459993168E-009,1.48939816172860714E-008)      (-9.10354166075587612E-002,-0.15188632146131140)
   22.250275000000002        1.2500000000000000     
               (127.42518332870935,49.278936792755040)               (127.42511575511180,49.286152315363886)
        (8.42414530866398004E-002,0.12281033472487117)   (8.02635009500305086E-009,1.21727482855971544E-008)   (8.02582596855125418E-009,1.21727313472448289E-008)      (-7.87609646667080526E-002,-0.12383306797000547)
   22.300270000000001        1.2500000000000000     
               (128.22842074050760,49.711543753934379)               (128.22840532633376,49.718797851712623)
   (7.20110167481485125E-002,9.49474785884223266E-002)   (6.81411364853027095E-009,9.41145983849996358E-009)   (6.81355289536823649E-009,9.41144154129176345E-009) (-6.64248990444501197E-002,-9.53683794844790156E-002)
   22.350265000000000        1.2500000000000000     
               (129.03469864677376,50.146975474254447)               (129.03473465355626,50.154275356956553)
   (5.96717731286857886E-002,6.68290790030702242E-002)   (5.59419835036783798E-009,6.62392301267019483E-009)   (5.59359840496187321E-009,6.62390327715515008E-009) (-5.40471189269704222E-002,-6.66372280825341667E-002)
   22.400259999999999        1.2500000000000000     
               (129.84401043702155,50.585252008535008)               (129.84409634268278,50.592605153126733)
   (4.72410477889529806E-002,3.85902696308195597E-002)   (4.36826712162338108E-009,3.82374578987578996E-009)   (4.36762562354884148E-009,3.82372450368233749E-009) (-4.16453822362767637E-002,-3.77826504657479967E-002)
   22.450255000000002        1.2500000000000000     
               (130.65634650866471,51.026392150131002)               (130.65648043598333,51.033805813797620)
   (3.47338708209045388E-002,1.03640968447428327E-002)   (3.13784756877862730E-009,1.02431223929547456E-009)   (3.13716168464455750E-009,1.02428930504051002E-009) (-2.92356246467318052E-002,-8.94484090130879747E-003)
   22.500250000000001        1.2500000000000000     
               (131.47169723267459,51.470413390186586)               (131.47187513920136,51.477895025975833)
  (2.21656271052570776E-002,-1.77215539191306823E-002)  (1.90456473237176925E-009,-1.76150203439744177E-009)  (1.90383145730868963E-009,-1.76152678070812093E-009)  (-1.68313899963596809E-002,1.97407682340617098E-002)
   22.550245000000000        1.2500000000000000     
               (132.29005058440657,51.917331440014465)               (132.29026974843862,51.924887327551772)
  (9.54957967902562467E-003,-4.55407251134510305E-002)  (6.69709788123775133E-010,-4.52101816978194618E-009)  (6.68926194476298297E-010,-4.52104483335794894E-009)  (-4.44622631942472035E-003,4.81406892152929089E-002)
   22.600239999999999        1.2500000000000000     
               (133.11139497801898,52.367160003285498)               (133.11164940554954,52.374796511900563)
 (-3.10164956203708890E-003,-7.29743254095753940E-002) (-5.65573355486532847E-010,-7.24214408379588008E-009) (-5.66410401229888980E-010,-7.24217278388204836E-009)   (7.91120373129097255E-003,7.61281931669926526E-002)
   22.650235000000002        1.2500000000000000     
               (133.93571744339712,52.819911695244237)               (133.93600276972984,52.827633909478536)
 (-1.57730029014657887E-002,-9.99083196809896767E-002) (-1.79983289806779839E-009,-9.91344065544198138E-009) (-1.80072715196843174E-009,-9.91347160587151719E-009)        (2.02293954707907959E-002,0.10358259345928204)
   22.700230000000001        1.2500000000000000     
               (134.76300703151003,53.275595492001251)               (134.76331612848938,53.283409464120027)
      (-2.84510615455041763E-002,-0.12623383469053773) (-3.03196135941658600E-009,-1.25238089703433157E-008) (-3.03291632270203474E-009,-1.25238422898332434E-008)        (3.24982236456558896E-002,0.13038848065309899)
   22.750225000000000        1.2500000000000000     
               (135.59327726982215,53.734220201111839)               (135.59361222510782,53.742130104462575)
      (-4.11192698355545561E-002,-0.15184879396548184) (-4.26204954949424651E-009,-1.50630498388973742E-008) (-4.26176467301901846E-009,-1.50630413521588286E-008)        (4.47369185269071365E-002,0.15643908688724115)
   22.800219999999999        1.2500000000000000     
               (136.42646384464283,54.195792345135480)               (136.42680865422787,54.203801542817509)
      (-5.37636343562330823E-002,-0.17665759961532523) (-5.48563049985425653E-009,-1.75213994586309491E-008) (-5.48532524041535015E-009,-1.75213902785078315E-008)        (5.68769627232528635E-002,0.18163104560214433)
   22.850215000000002        1.2500000000000000     
               (137.26258182505197,54.660315758228094)               (137.26292913349701,54.668427205959887)
      (-6.63646195190784188E-002,-0.20057162430999548) (-6.70263573555538773E-009,-1.98899044669059355E-008) (-6.70230868100037538E-009,-1.98898945356657938E-008)        (6.89329293775486768E-002,0.20587187851241615)
   22.900210000000001        1.2500000000000000     
               (138.10161920887413,55.127793070130693)               (138.10196051828973,55.136008272650606)
      (-7.89014183664313723E-002,-0.22350843641195703) (-7.91120986655723961E-009,-2.21602733382228058E-008) (-7.91085941000350743E-009,-2.21602626014400443E-008)        (8.08913873161985902E-002,0.22907547505994366)
   22.950205000000000        1.2500000000000000     
               (138.94356918231287,55.598226029248316)               (138.94389518189496,55.606545242621245)
      (-9.13502802401870984E-002,-0.24539290907450759) (-9.10929331092163114E-009,-2.43248905842879153E-008) (-9.10891813377068686E-009,-2.43248789777042157E-008)        (9.27362255761751825E-002,0.25116332633313676)
   23.000200000000000        1.2500000000000000     
               (139.78842210958103,56.071612709376950)               (139.78872470876962,56.080036322312900)
           (-0.10368640876238036,-0.26615741371793389) (-1.02947203342902039E-008,-2.63770209920285550E-008) (-1.02943184884515512E-008,-2.63770084488282147E-008)             (0.10444793162005295,0.27206577410372057)
   23.050195000000002        1.2500000000000000     
               (140.63617328891567,56.547954000949275)               (140.63644350607746,56.556480338048729)
           (-0.11588028480788398,-0.28574136678924505) (-1.14649064741315844E-008,-2.83104859924300131E-008) (-1.14644766340332931E-008,-2.83104724632080123E-008)             (0.11600488050403780,0.29171895634477135)
   23.100190000000001        1.2500000000000000     
               (141.48681761465741,57.027246535591182)               (141.48704674170207,57.035872439453236)
           (-0.12790061655690729,-0.30409036269791839) (-1.26169978192486524E-008,-3.01198596208826867E-008) (-1.26165377956526229E-008,-3.01198449787999180E-008)             (0.12738280732199880,0.31006899755072054)
   23.150185000000000        1.2500000000000000     
               (142.34035393858909,57.509487506814978)               (142.34053355150110,57.518209508638897)
           (-0.13971191017809989,-0.32115710140574799) (-1.37478459873952355E-008,-3.18004302068503608E-008) (-1.37473539560300012E-008,-3.18004143749343429E-008)             (0.13855363630694575,0.32706752156816860)
   23.200180000000000        1.2500000000000000     
               (143.19678141183505,57.994673565166970)               (143.19690278856655,58.003486830995840)
           (-0.15127362351331000,-0.33690089909225279) (-1.48538022853913138E-008,-3.33480689163396219E-008) (-1.48532759904652936E-008,-3.33480518427327148E-008)             (0.14948528688499865,0.34267522653822302)
   23.250175000000002        1.2500000000000000     
               (144.05610100005811,58.482803666844234)               (144.05615842956857,58.491701604724867)
           (-0.16254747117868959,-0.35128653414274669) (-1.59313158238740275E-008,-3.47593958721284264E-008) (-1.59307530505845458E-008,-3.47593774503705463E-008)             (0.16014493316989992,0.35685776857460699)
   23.300170000000001        1.2500000000000000     
               (144.91831635772706,58.973872042256964)               (144.91830226319874,58.982848037611049)
           (-0.17348520922185229,-0.36428588524889854) (-1.69762568862105122E-008,-3.60315736802630068E-008) (-1.69756549784984576E-008,-3.60315537930718806E-008)             (0.17049297459967219,0.36958896817758069)
   23.350165000000001        1.2500000000000000     
               (145.78343428199574,59.467878423330582)               (145.78334337433952,59.476924413646081)
           (-0.18403933543098125,-0.37587472140680211) (-1.79838691715218908E-008,-3.71623381904496878E-008) (-1.79832264400853336E-008,-3.71623167538633666E-008)             (0.18048661802144481,0.38084853548047842)
   23.400160000000003        1.2500000000000000     
               (146.65146060304016,59.964821418352130)               (146.65128782242900,59.973928798966426)
           (-0.19416024811539037,-0.38603593786473106) (-1.89498214220956355E-008,-3.81499985093939481E-008) (-1.89491341751496378E-008,-3.81499753846783349E-008)             (0.19008431146114568,0.39062085528104945)
   23.450154999999999        1.2500000000000000     
               (147.52240450047410,60.464700140778980)               (147.52214682986673,60.473859487280421)
           (-0.20379266769273663,-0.39475578265048172) (-1.98689776124840350E-008,-3.89933122426201509E-008) (-1.98682438365331378E-008,-3.89932873293648830E-008)             (0.19923642504411246,0.39889762824591646)
   23.500149999999998        1.2500000000000000     
               (148.39627572509946,60.967516454357437)               (148.39593101527811,60.976717773307676)
           (-0.21287988805255414,-0.40202467651161639) (-2.07360318667278772E-008,-3.96915121624483054E-008) (-2.07352480563594346E-008,-3.96914853124108578E-008)             (0.20789093853046781,0.40567370231412325)
   23.550145000000001        1.2500000000000000     
               (149.27308648221680,61.473272720138574)               (149.27265381595754,61.482505410061485)
           (-0.22136721371121937,-0.40783915161629275) (-2.15458925668520657E-008,-4.02443179988175238E-008) (-2.15450557444534090E-008,-4.02442890572640221E-008)             (0.21599927385168127,0.41095088453557099)
   23.600140000000000        1.2500000000000000     
               (150.15284918960563,61.981972700919663)               (150.15232841743168,61.991226887728672)
           (-0.22919163516247845,-0.41219602257535287) (-2.22926310960595230E-008,-4.06517032262802265E-008) (-2.22917378137984259E-008,-4.06516720246826463E-008)             (0.22350263305238999,0.41473117584425556)
   23.650134999999999        1.2500000000000000     
               (151.03557596953780,62.493623662575388)               (151.03497017679786,62.502888160142810)
           (-0.23629471278546196,-0.41509916328229279) (-2.29706706787620884E-008,-4.09141473436542986E-008) (-2.29697172699222645E-008,-4.09141138107225486E-008)             (0.23034449439541110,0.41702453128362427)
   23.700129999999998        1.2500000000000000     
               (151.92128144342578,63.008233068678763)               (151.92059423809962,63.017497817656967)
           (-0.24261640127258494,-0.41655134045046777) (-2.35744518756626126E-008,-4.10321864067720280E-008) (-2.35734345878478714E-008,-4.10321503035570087E-008)             (0.23647163828058471,0.41784048016759529)
   23.750125000000001        1.2500000000000000     
               (152.80997817087842,63.525810982004948)               (152.80921374831891,63.535066737906881)
           (-0.24809657797895066,-0.41656052794892245) (-2.40982561747430631E-008,-4.10068854816655213E-008) (-2.40971709319010679E-008,-4.10068466128544515E-008)             (0.24182357308478006,0.41719319795269227)
   23.800120000000000        1.2500000000000000     
               (153.70167895851918,64.046369016339014)               (153.70084403772825,64.055606076522636)
           (-0.25267511646368723,-0.41513688118220465) (-2.45364098985278423E-008,-4.08394576495627031E-008) (-2.45352526365337739E-008,-4.08394158542244448E-008)             (0.24634442347634700,0.41510000640967210)
   23.850114999999999        1.2500000000000000     
               (154.59643070168070,64.569920706396644)               (154.59554259289297,64.579131103932028)
           (-0.25629906428829524,-0.41229108612262333) (-2.48816498554679177E-008,-4.05311778128751204E-008) (-2.48820000164880595E-008,-4.05311885097772579E-008)             (0.24994407949281788,0.41157799003385953)
   23.900109999999998        1.2500000000000000     
               (155.49418401540146,65.096481119177426)               (155.49324326379050,65.105658020149221)
           (-0.25890657547699647,-0.40803537992123268) (-2.51320970029422359E-008,-4.00836554460679476E-008) (-2.51324718217774267E-008,-4.00836669986694964E-008)             (0.25263347878476017,0.40664858141577320)
   23.950105000000001        1.2500000000000000     
               (156.39498078041925,65.626068409337478)               (156.39399577967234,65.635205160523171)
           (-0.26044882703970262,-0.40238455842608445) (-2.52811010832859627E-008,-3.94987237066947580E-008) (-2.52815021382013111E-008,-3.94987361854791360E-008)             (0.25432771877554650,0.40033287841274806)
   24.000100000000000        1.2500000000000000     
               (157.29883028450865,66.158700096891792)               (157.29781387638135,66.167793008245695)
           (-0.26087806992637358,-0.39535604847686645) (-2.53241130974901821E-008,-3.87782639223164806E-008) (-2.53245418634644495E-008,-3.87782773906469073E-008)             (0.25497936772607593,0.39265514642081839)
   24.050094999999999        1.2500000000000000     
               (158.20574159978358,66.694395760931513)               (158.20470386174057,66.703441484869430)
           (-0.26015028626678321,-0.38696589673503584) (-2.52568156630754829E-008,-3.79242248054817076E-008) (-2.52572740743782315E-008,-3.79242393796634101E-008)             (0.25454271236918036,0.38363914968325014)
   24.100089999999998        1.2500000000000000     
               (159.11572373397684,67.233177213990075)               (159.11467695033346,67.242174836969241)
           (-0.25822704757376724,-0.37723211846585825) (-2.50753855257765692E-008,-3.69388021118810356E-008) (-2.50758757020865076E-008,-3.69388178119345840E-008)             (0.25297672424592260,0.37331103502446805)
   24.150085000000001        1.2500000000000000     
               (160.02878192243369,67.775065671668457)               (160.02773964682714,67.784015057655409)
           (-0.25507578196672487,-0.36617484512482007) (-2.47766792662182741E-008,-3.58242966827086469E-008) (-2.47772032011443574E-008,-3.58243136510609967E-008)             (0.25024617946170907,0.36169656747009116)
   24.200080000000000        1.2500000000000000     
               (160.94492221227969,68.320082991775465)               (160.94389512085760,68.328986984809973)
           (-0.25067142842719514,-0.35381526102261229) (-2.43582090814393716E-008,-3.45830534218852600E-008) (-2.43587690090756759E-008,-3.45830717052115132E-008)             (0.24632185116341515,0.34882380876795382)
   24.250074999999999        1.2500000000000000     
               (161.86414664797803,68.868252334295022)               (161.86314671777370,68.877114841620909)
           (-0.24499420935926530,-0.34017561595414192) (-2.38175628112078985E-008,-3.32176055300118448E-008) (-2.38181612235907745E-008,-3.32176252342687955E-008)             (0.24117942785285160,0.33472185895220985)
   24.300069999999998        1.2500000000000000     
               (162.78645677445402,69.419597012810044)               (162.78549626937797,69.428424201862114)
           (-0.23803430361219469,-0.32527967361703436) (-2.31539959609720955E-008,-3.17307071331304354E-008) (-2.31546350822303331E-008,-3.17307283918944051E-008)             (0.23480355724068810,0.31942005032173948)
   24.350065000000001        1.2500000000000000     
               (163.71185231703100,69.974139784346178)               (163.71094001718026,69.982938807729795)
           (-0.22978668689190920,-0.30915334566330943) (-2.23666849831227361E-008,-3.01251182096234802E-008) (-2.23673672403891306E-008,-3.01251411457861513E-008)             (0.22718499995924329,0.30294959657699416)
   24.400060000000000        1.2500000000000000     
               (164.64033049974654,70.531903203440834)               (164.63947679362388,70.540683203917098)
           (-0.22025938387570199,-0.29182566591237419) (-2.14563256507596652E-008,-2.84040080818485025E-008) (-2.14570541791311254E-008,-2.84040327752194701E-008)             (0.21832340744654694,0.28534378843545044)
   24.450054999999999        1.2500000000000000     
               (165.57188842553018,71.092909317217007)               (165.57110127209469,71.101680014332501)
           (-0.20946699090576831,-0.27332329679304446) (-2.04239164105904377E-008,-2.65703580008180029E-008) (-2.04246941160513862E-008,-2.65703846101758097E-008)             (0.20822833361190934,0.26663625131062318)
   24.500049999999998        1.2500000000000000     
               (166.50652177860547,71.657179078705283)               (166.50580678382917,71.665953181485506)
           (-0.19743292484435451,-0.25368283764224325) (-1.92713936658211774E-008,-2.46279499668834912E-008) (-1.92722234252703881E-008,-2.46279786412857163E-008)             (0.19691351735730819,0.24686387535674095)
   24.550045000000001        1.2500000000000000     
               (167.44422415311996,72.224735402143608)               (167.44358655279001,72.233524161928486)
           (-0.18419247953352966,-0.23293744195372262) (-1.80021910391109714E-008,-2.25802108800215240E-008) (-1.80030762699871365E-008,-2.25802417755815708E-008)             (0.18440722408501287,0.22606454890945193)
   24.600040000000000        1.2500000000000000     
               (168.38498628867436,72.795595820588446)               (168.38442948702675,72.804412225460112)
           (-0.16978824075763072,-0.21112634545494180) (-1.66199530577635384E-008,-2.04312743418401280E-008) (-1.66208973880750640E-008,-2.04313076047283446E-008)             (0.17074461750342496,0.20427927050238520)
   24.650034999999999        1.2500000000000000     
               (169.32880171827793,73.369779503444164)               (169.32832594464705,73.378637575167886)
           (-0.15427311360528062,-0.18829248095151174) (-1.51294306966937750E-008,-1.81854295711105633E-008) (-1.51304375826664875E-008,-1.81854653620386897E-008)             (0.15596766273533652,0.18155068347173339)
   24.700029999999998        1.2500000000000000     
               (170.27566013517637,73.947305116244593)               (170.27526453820525,73.956217947432293)
           (-0.13771059359271218,-0.16448151452790413) (-1.35367805223476642E-008,-1.58472715779866958E-008) (-1.35378540311324081E-008,-1.58473101018284604E-008)             (0.14013437650317900,0.15792596285205343)
   24.750025000000001        1.2500000000000000     
               (171.22555134790088,74.528187657727841)               (171.22523258188238,74.537168364353860)
           (-0.12017129647673225,-0.13974558574552534) (-1.18481655693361974E-008,-1.34220688789967938E-008) (-1.18493103869363800E-008,-1.34221103146513934E-008)             (0.12330460549957899,0.13345552689114520)
   24.800020000000000        1.2500000000000000     
               (172.17846521176617,75.112442440298537)               (172.17821943705454,75.121503982079119)
           (-0.10173874098142764,-0.11414005371938003) (-1.00715532166336416E-008,-1.09150985330411725E-008) (-1.00727728168848977E-008,-1.09151430963948125E-008)             (0.10555313452895700,0.10819273056402133)
   24.850014999999999        1.2500000000000000     
               (173.13439040080317,75.700082817177289)               (173.13420974744352,75.709237320460304)
 (-8.25026775450079936E-002,-8.77242426251258756E-002) (-8.21534156870205399E-009,-8.33231806155434606E-009) (-8.21664107127588006E-009,-8.33236598379798089E-009)   (8.69604511035936001E-002,8.21947215953349880E-002)
   24.900009999999998        1.2500000000000000     
               (174.09331459225615,76.291121008274487)               (174.09319195353797,76.300378894938135)
 (-6.25613415015458668E-002,-6.05654321120388459E-002) (-6.28859682017348901E-009,-5.68014055532110684E-009) (-6.28998119233792132E-009,-5.68019207733723837E-009)   (6.76175884690431855E-002,5.55245918261919463E-002)
   24.950005000000001        1.2500000000000000     
               (175.05522816166135,76.885567827017496)               (175.05515282761544,76.894939626555811)
 (-4.20215101008240693E-002,-3.27353735366585699E-002) (-4.30162077917383645E-009,-2.96557962970842567E-009) (-4.30309503819507824E-009,-2.96563500727286122E-009)   (4.76233973509169670E-002,2.82490424024557339E-002)
   25.000000000000000        1.2500000000000000     
               (176.02015433041410,77.483434059844285)               (176.02012695420984,77.492926144188871)
 (-2.09914481662998864E-002,-4.31105022458574093E-003) (-2.26715672239684115E-009,-1.95974733552051715E-010) (-2.26670327685948780E-009,-1.95960369051346811E-010)   (2.71201661415041255E-002,4.41382744826803895E-004)
