   54.507727272727273     
   243.16000000000000     
   1.0349015439381894        1.1779381892393868E-005
         501           1
 
   35.000000000000000        35.000000000000000     
   2.5000000000000001E-003   1.2500000000000000     
   (4.80158583207004836E-012,1.61029845168261471E-015)   (4.81160994036467418E-012,1.61701463819023138E-015)
   (4.80158569032781010E-012,1.61029840367506398E-015)   (3.94143972510676298E-019,1.32458071379890580E-022)   (3.94143972510676731E-019,1.32458071379890580E-022) (-4.81160979838835916E-012,-1.61701459002460889E-015)
   5.2495000000000000E-002   1.2500000000000000     
   (4.44548155652147234E-008,1.49088874386545127E-011)   (4.45476216904998073E-008,1.49710689937710305E-011)
   (4.44542369540530038E-008,1.49086914651588012E-011)   (3.64907982249118148E-015,1.22634199650414218E-018)   (3.64907982249118069E-015,1.22634199650414199E-018) (-4.45470421237951179E-008,-1.49708723750143704E-011)
  0.10249000000000000        1.2500000000000000     
   (3.30834191355792604E-007,1.10959931428687428E-010)   (3.31524872255363848E-007,1.11422727245448649E-010)
   (3.30817777932727141E-007,1.10954372258870482E-010)   (2.71555795309228413E-014,9.12675829232861892E-018)   (2.71555795309228382E-014,9.12675829232861738E-018) (-3.31508431725736037E-007,-1.11417149771397973E-010)
  0.15248500000000001        1.2500000000000000     
   (1.08955399596788697E-006,3.65495068949920051E-010)   (1.09182869113535594E-006,3.67019512000634983E-010)
   (1.08943434438450189E-006,3.65454543336147597E-010)   (8.94275502298996551E-014,3.00611480834904581E-017)   (8.94275502298996551E-014,3.00611480834904581E-017) (-1.09170884194624576E-006,-3.66978852950457348E-010)
  0.20247999999999999        1.2500000000000000     
   (2.55103159539333686E-006,8.56043834283280565E-010)   (2.55635761234838314E-006,8.59614397993132085E-010)
   (2.55053764749026294E-006,8.55876535478671861E-010)   (2.09364027706652781E-013,7.04017448169824102E-017)   (2.09364027706652755E-013,7.04017448169824102E-017) (-2.55586284867265753E-006,-8.59446548322096802E-010)
  0.25247500000000000        1.2500000000000000     
   (4.94569374681581545E-006,1.66053504197516499E-009)   (4.95601963683126812E-006,1.66746133671073193E-009)
   (4.94420491184610180E-006,1.66003077683735027E-009)   (4.05851217818200002E-013,1.36549014024255777E-016)   (4.05851217818199800E-013,1.36549014024255752E-016) (-4.95452834293058286E-006,-1.66695541112704498E-009)
  0.30247000000000002        1.2500000000000000     
   (8.50397990354514857E-006,2.85758784809598408E-009)   (8.52173573527373035E-006,2.86950777266914034E-009)
   (8.50030583821949245E-006,2.85634344774500344E-009)   (6.97758326240665593E-013,2.34954103223821298E-016)   (6.97758326240665189E-013,2.34954103223821150E-016) (-8.51805560172324332E-006,-2.86825927462225428E-009)
  0.35246499999999997        1.2500000000000000     
   (1.34563448289165106E-005,4.52688432181526832E-009)   (1.34844424850221760E-005,4.54576827217297788E-009)
   (1.34484509125398275E-005,4.52421065763953143E-009)   (1.10393332034016448E-012,3.72147937140351972E-016)   (1.10393332034016387E-012,3.72147937140351627E-016) (-1.34765355303150153E-005,-4.54308580360875056E-009)
  0.40245999999999998        1.2500000000000000     
   (2.00332613715799269E-005,6.74962302791595666E-009)   (2.00750940634508219E-005,6.77778104676897055E-009)
   (2.00179399208907341E-005,6.74443364785144879E-009)   (1.64319864196525436E-012,5.54777104449154348E-016)   (1.64319864196525275E-012,5.54777104449153460E-016) (-2.00597473054242707E-005,-6.77257457715800019E-009)
  0.45245499999999994        1.2500000000000000     
   (2.84652246046905924E-005,9.60905270411535802E-009)   (2.85246682835836329E-005,9.64914229890222870E-009)
   (2.84377118870669369E-005,9.59973410604219989E-009)   (2.33434725620994018E-012,7.89646120791420592E-016)   (2.33434725620993735E-012,7.89646120791417930E-016) (-2.84971101197559365E-005,-9.63979301132499014E-009)
  0.50244999999999995        1.2500000000000000     
   (3.89827548320612635E-005,1.31910864282016624E-008)   (3.90641672401168601E-005,1.32461256126471584E-008)
   (3.89362939396154672E-005,1.31753499892620736E-008)   (3.19613826377025776E-012,1.08376665976919001E-015)   (3.19613826377024807E-012,1.08376665976918370E-015) (-3.90176295981317363E-005,-1.32303373453485327E-008)
  0.55244499999999985        1.2500000000000000     
   (5.18163956898907990E-005,1.75849956472406026E-008)   (5.19246175530784036E-005,1.76583747658368968E-008)
   (5.17417453440990806E-005,1.75597112351475597E-008)   (4.24729248612570201E-012,1.44441280024843757E-015)   (4.24729248612568181E-012,1.44441280024842278E-015) (-5.18498438843210016E-005,-1.76330070721703160E-008)
  0.60243999999999998        1.2500000000000000     
   (6.71967316520756205E-005,2.28841850618841388E-008)   (6.73370875887269708E-005,2.29796882323940119E-008)
   (6.70816210298531840E-005,2.28451963402316713E-008)   (5.50648944860814259E-012,1.87918378599116232E-015)   (5.50648944860809735E-012,1.87918378599113234E-015) (-6.72217867903441787E-005,-2.29405710802875687E-008)
  0.65243499999999988        1.2500000000000000     
   (8.53543690406358423E-005,2.91870424302620343E-008)   (8.55326706134501542E-005,2.93088666890137611E-008)
   (8.51828987062349855E-005,2.91289639029321393E-008)   (6.99236157986437494E-012,2.39607194926592740E-015)   (6.99236157986428770E-012,2.39607194926586469E-015) (-8.53609169665382051E-005,-2.92505968325086337E-008)
  0.70242999999999989        1.2500000000000000     
   (1.06519959221706555E-004,3.65978727864550502E-008)   (1.06742497482512178E-004,3.67506539150813520E-008)
   (1.06271948265706828E-004,3.65138685787574722E-008)   (8.72349084072369824E-012,3.00353828471545097E-015)   (8.72349084072353183E-012,3.00353828471532515E-015) (-1.06494076726207514E-004,-3.66663729412318834E-008)
  0.75242499999999990        1.2500000000000000     
   (1.30924182586180261E-004,4.52279044339111054E-008)   (1.31197731555931146E-004,4.54167479795759790E-008)
   (1.30574462098526734E-004,4.51094488625912296E-008)   (1.07184039020186025E-011,3.71059378650691871E-015)   (1.07184039020182535E-011,3.71059378650668757E-015) (-1.30847433157916019E-004,-4.52979020935560082E-008)
  0.80241999999999991        1.2500000000000000     
   (1.58797775775716525E-004,5.51963752035023561E-008)   (1.59129599023362177E-004,5.54268907471643236E-008)
   (1.58315428741092370E-004,5.50329951499201289E-008)   (1.29955702388611979E-011,4.52688719809563317E-015)   (1.29955702388605629E-011,4.52688719809521428E-015) (-1.58646454841220838E-004,-5.52629722706730982E-008)
  0.85241499999999992        1.2500000000000000     
   (1.90371513292751101E-004,6.66317025522321313E-008)   (1.90769360044803598E-004,6.69100487006442370E-008)
   (1.89719061048610127E-004,6.64107016280449655E-008)   (1.55733953803460946E-011,5.46280024892570900E-015)   (1.55733953803450444E-011,5.46280024892497930E-015) (-1.90115829426715303E-004,-6.66883193564355278E-008)
  0.90240999999999982        1.2500000000000000     
   (2.25876218863437048E-004,7.96727015269434867E-008)   (2.26348327126923255E-004,8.00056245114868748E-008)
   (2.25008754283450083E-004,7.93788661249799125E-008)   (1.84702180466342765E-011,6.52954540712177374E-015)   (1.84702180466324671E-011,6.52954540712058493E-015) (-2.25479428651793992E-004,-7.97108204585582403E-008)
  0.95240499999999984        1.2500000000000000     
   (2.65542756851740581E-004,9.44699192122210432E-008)   (2.66097847989905261E-004,9.48648105719829347E-008)
   (2.64407024273487386E-004,9.40852063991501328E-008)   (2.17043043785430416E-011,7.73927526704792617E-015)   (2.17043043785401755E-011,7.73927526704598399E-015) (-2.64960237913335853E-004,-9.44788292826676763E-008)
   1.0024000000000000        1.2500000000000000     
   (3.09602055191222003E-004,1.11187013863620164E-007)   (3.10249335585235616E-004,1.11651969119206937E-007)
   (3.08135477612799154E-004,1.10690221085792448E-007)   (2.52938460665619874E-011,9.10519410504902297E-015)   (2.52938460665573603E-011,9.10519410504598743E-015) (-3.08780333339352521E-004,-1.11153537940748797E-007)
   1.0523950000000000        1.2500000000000000     
   (3.58285112812224802E-004,1.30002222350502591E-007)   (3.59034286421313958E-004,1.30546108087178250E-007)
   (3.56414765911399725E-004,1.29368639138031496E-007)   (2.92569574911004243E-011,1.06416772984550825E-014)   (2.92569574910934191E-011,1.06416772984502168E-014) (-3.57160846966624848E-004,-1.29910434792578591E-007)
   1.1023899999999998        1.2500000000000000     
   (4.11822954983650917E-004,1.51109859336313107E-007)   (4.12684215684574714E-004,1.51742386661339218E-007)
   (4.09464488791764342E-004,1.50310900666204525E-007)   (3.36116661235338536E-011,1.23643931479254504E-014)   (3.36116661235236754E-011,1.23643931479180698E-014) (-4.10321849376598790E-004,-1.50940791608390928E-007)
   1.1523849999999998        1.2500000000000000     
   (4.70446727242478818E-004,1.74721969140725539E-007)   (4.71430758251064101E-004,1.75453765861982495E-007)
   (4.67503235037234114E-004,1.73724790879522757E-007)   (3.83759164599233440E-011,1.42904366046230233E-014)   (3.83759164599071558E-011,1.42904366046122159E-014) (-4.68482397864436104E-004,-1.74453296022242922E-007)
   1.2023800000000000        1.2500000000000000     
   (5.34387520627718879E-004,2.01069969640979431E-007)   (5.35505485370491225E-004,2.01912688839442760E-007)
   (5.30748355757455987E-004,1.99837065471677300E-007)   (4.35675507395911543E-011,1.64384653999698709E-014)   (4.35675507395665004E-011,1.64384653999539296E-014) (-5.31860300976125743E-004,-2.00675713420940310E-007)
   1.2523750000000000        1.2500000000000000     
   (6.03876623151123194E-004,2.30406423456509867E-007)   (6.05140171073169841E-004,2.31372842761223136E-007)
   (5.99416163863215066E-004,2.28895203905553694E-007)   (4.92043264923600066E-011,1.88288429015857370E-014)   (4.92043264923254201E-011,1.88288429015626865E-014) (-6.00672332670849430E-004,-2.29856630820311598E-007)
   1.3023699999999998        1.2500000000000000     
   (6.79145345833884130E-004,2.63006771660044452E-007)   (6.80566656104512912E-004,2.64110864092580183E-007)
   (6.73721707520708968E-004,2.61169124625033130E-007)   (5.53039011244954276E-011,2.14837762678313177E-014)   (5.53039011244451247E-011,2.14837762677982865E-014) (-6.75134044180329077E-004,-2.62267143375569741E-007)
   1.3523649999999998        1.2500000000000000     
   (7.60425051046459497E-004,2.99171340131999750E-007)   (7.62016782942626439E-004,3.00428449199558034E-007)
   (7.53878748158289262E-004,2.96953172854353470E-007)   (6.18838223657350578E-011,2.44274878214860886E-014)   (6.18838223656664535E-011,2.44274878214403978E-014) (-7.55459647107816976E-004,-2.98202946586615847E-007)
   1.4023599999999998        1.2500000000000000     
   (8.47947152355864081E-004,3.39227186596707458E-007)   (8.49722424618899741E-004,3.40654119234743094E-007)
   (8.40099707294126772E-004,3.36567949462372866E-007)   (6.89615264258768357E-011,2.76863581301318510E-014)   (6.89615264257827310E-011,2.76863581300681489E-014) (-8.41861991678871028E-004,-3.37986082711378767E-007)
   1.4523549999999998        1.2500000000000000     
   (9.41943223814452855E-004,3.83530074497217814E-007)   (9.43915704204158451E-004,3.85145252164875982E-007)
   (9.32595726317972384E-004,3.80362265861046958E-007)   (7.65543517416880399E-011,3.12890909006114820E-014)   (7.65543517415560788E-011,3.12890909005242214E-014) (-9.34552733423154734E-004,-3.81966954087778011E-007)
   1.5023499999999999        1.2500000000000000     
   (1.04264490292540536E-003,4.32466693955499568E-007)   (1.04482873932826748E-003,4.34290300970766868E-007)
   (1.03157651625276577E-003,4.28715346366483782E-007)   (8.46795139115835844E-011,3.52668931461304385E-014)   (8.46795139114072140E-011,3.52668931460114783E-014) (-1.03374202797444159E-003,-4.30526522160489147E-007)
   1.5523449999999999        1.2500000000000000     
   (1.15028380920420797E-003,4.86456661602976326E-007)   (1.15269362434618694E-003,4.88510828511940848E-007)
   (1.13725022849488428E-003,4.82038808657376511E-007)   (9.33541000021963013E-011,3.96536402617684916E-014)   (9.33541000019598698E-011,3.96536402616083654E-014) (-1.13963846153485038E-003,-4.84078322892826174E-007)
   1.6023399999999999        1.2500000000000000     
   (1.26509173463890861E-003,5.45954760045989598E-007)   (1.26774269591048514E-003,5.48263704974474404E-007)
   (1.24982359096747673E-003,5.40778883880142221E-007)   (1.02595086229123905E-010,4.44860544992711134E-014)   (1.02595086228813958E-010,4.44860544990567073E-014) (-1.25244926608234527E-003,-5.43070645555127568E-007)
   1.6523349999999999        1.2500000000000000     
   (1.38730054179080921E-003,6.11453165583376822E-007)   (1.39020827714874014E-003,6.14043446699471355E-007)
   (1.36950176204756152E-003,6.05418625052932537E-007)   (1.12419312934569583E-010,4.98038948638127248E-014)   (1.12419312934154028E-010,4.98038948635267154E-014) (-1.37238001450025308E-003,-6.07988850676016827E-007)
   1.7023299999999999        1.2500000000000000     
   (1.51714213656011215E-003,6.83483797966496342E-007)   (1.52032280292194763E-003,6.86384439505703648E-007)
   (1.49648824550620112E-003,6.76480237149928742E-007)   (1.22843490545001903E-010,5.56501377266661984E-014)   (1.22843490544461547E-010,5.56501377263042248E-014) (-1.49963469283091733E-003,-6.79357574939888568E-007)
   1.7523250000000001        1.2500000000000000     
   (1.65484858662980549E-003,7.62620638660952958E-007)   (1.65831884549855332E-003,7.65863420161728787E-007)
   (1.63098496630722156E-003,7.54527374162670690E-007)   (1.33884197884645128E-010,6.20711782635273632E-014)   (1.33884197883947944E-010,6.20711782630498058E-014) (-1.63441568057336845E-003,-7.57743190430971884E-007)
   1.8023199999999997        1.2500000000000000     
   (1.80065202821922646E-003,8.49482247636026087E-007)   (1.80442905160367551E-003,8.53101912205931481E-007)
   (1.77319212238241349E-003,8.40167634626315040E-007)   (1.45557872702127265E-010,6.91170282573834320E-014)   (1.45557872701227784E-010,6.91170282567809568E-014) (-1.77692363391646459E-003,-8.43756219390202961E-007)
   1.8523149999999997        1.2500000000000000     
   (1.95478472242130615E-003,9.44734083307477305E-007)   (1.95888616867367525E-003,9.48768570990024542E-007)
   (1.92330819946882371E-003,9.34054861935469362E-007)   (1.57880810004667203E-010,7.68415066354575345E-014)   (1.57880810003506255E-010,7.68415066346746185E-014) (-1.92735746491657246E-003,-9.38053659549879811E-007)
   1.9023099999999997        1.2500000000000000     
   (2.11747886735604105E-003,1.04909113485224142E-006)   (2.12192288299946959E-003,1.05358194813297180E-006)
   (2.08152972621665489E-003,1.03689175465359405E-006)   (1.70869144900679071E-010,8.53024639377496084E-014)   (1.70869144899215737E-010,8.53024639367517056E-014) (-2.08591413423085247E-003,-1.04134172507892668E-006)
   1.9523049999999997        1.2500000000000000     
   (2.28896697309562223E-003,1.16332054026148004E-006)   (2.29377222981506403E-003,1.16831288906114663E-006)
   (2.24805160407326324E-003,1.14943245695266913E-006)   (1.84538881648923020E-010,9.45619766758738983E-014)   (1.84538881647080320E-010,9.45619766746213512E-014) (-2.25278900456427631E-003,-1.15437821893587600E-006)
   2.0023000000000000        1.2500000000000000     
   (2.46948144844939257E-003,1.28824396144598436E-006)   (2.47466724028851462E-003,1.29378720697822943E-006)
   (2.42306664704023626E-003,1.27248491801947966E-006)   (1.98905861302753141E-010,1.04686564869694693E-013)   (1.98905861300457741E-010,1.04686564868124027E-013) (-2.42817544446122290E-003,-1.27797518795201905E-006)
   2.0522950000000000        1.2500000000000000     
   (2.65925500294207423E-003,1.42474062270471984E-006)   (2.66484096743421252E-003,1.43088850170823160E-006)
   (2.60676593591784847E-003,1.40691390168053947E-006)   (2.13985760167698653E-010,1.15747420640933478E-013)   (2.13985760164771933E-010,1.15747420638969454E-013) (-2.61226481071367934E-003,-1.41300171454974824E-006)
   2.1022900000000000        1.2500000000000000     
   (2.85852030411481734E-003,1.57374955714740380E-006)   (2.86452670693925718E-003,1.58056051847077232E-006)
   (2.79933842921413099E-003,1.55364320575637391E-006)   (2.29794103294914638E-010,1.27820599291274208E-013)   (2.29794103291318677E-010,1.27820599288842750E-013) (-2.80524661315707368E-003,-1.56038624821790114E-006)
   2.1522849999999996        1.2500000000000000     
   (3.06751006634063857E-003,1.73627311531164840E-006)   (3.07395764340259899E-003,1.74381089560607406E-006)
   (3.00097099694442409E-003,1.71365914854905548E-006)   (2.46346232151777177E-010,1.40987324204312895E-013)   (2.46346232147414265E-010,1.40987324201278241E-013) (-3.00730811969171855E-003,-1.72112032708806312E-006)
   2.2022799999999996        1.2500000000000000     
   (3.28645726334226163E-003,1.91337856277254076E-006)   (3.29336725780776966E-003,1.92171223209706666E-006)
   (3.21184859846871881E-003,1.88801213591279960E-006)   (2.63657333776745164E-010,1.55334072130756136E-013)   (2.63657333771358460E-010,1.55334072127060152E-013) (-3.21863471194757571E-003,-1.89625962112291794E-006)
   2.2522749999999996        1.2500000000000000     
   (3.51559510260595308E-003,2.10620228400381723E-006)   (3.52298935549708730E-003,2.11540704579304449E-006)
   (3.43215419838983427E-003,2.07782083699821014E-006)   (2.81742439351709203E-010,1.70952976753532471E-013)   (2.81742439345075369E-010,1.70952976749004283E-013) (-3.43940986919467071E-003,-2.08692885709784866E-006)
   2.3022699999999996        1.2500000000000000     
   (3.75515653340057366E-003,2.31595165911444603E-006)   (3.76305732615310126E-003,2.32610894229105374E-006)
   (3.66206824470865101E-003,2.28427403217699232E-006)   (3.00616361282540241E-010,1.87941921989856460E-013)   (3.00616361274521035E-010,1.87941921984329865E-013) (-3.66981439748188852E-003,-2.29432295626409264E-006)
   2.3522650000000001        1.2500000000000000     
   (4.00537510846664998E-003,2.54390819886505590E-006)   (4.01380532604982392E-003,2.55510637409360512E-006)
   (3.90176947000906620E-003,2.50863371281722957E-006)   (3.20293783066409219E-010,2.06404847336178263E-013)   (3.20293783056582468E-010,2.06404847329482437E-013) (-3.91002752839887755E-003,-2.51971076472864852E-006)
   2.4022600000000001        1.2500000000000000     
   (4.26648362092388756E-003,2.79143094336962504E-006)   (4.27546658548781655E-003,2.80376566858235392E-006)
   (4.15143347716261362E-003,2.75223844834177972E-006)   (3.40789119569458879E-010,2.26451992874536833E-013)   (3.40789119557542360E-010,2.26451992866347119E-013) (-4.16022521498014396E-003,-2.76443804187331128E-006)
   2.4522550000000001        1.2500000000000000     
   (4.53871576125809695E-003,3.05995870503450002E-006)   (4.54827532995002309E-003,3.07353349859601225E-006)
   (4.41123437857856605E-003,3.01650559248743718E-006)   (3.62116670322459808E-010,2.48200099073658284E-013)   (3.62116670308051149E-010,2.48200099063902713E-013) (-4.42058199984939493E-003,-3.02992990131416149E-006)
   2.5022500000000001        1.2500000000000000     
   (4.82230539579291129E-003,3.35101348016107047E-006)   (4.83246604920222617E-003,3.36594010433064528E-006)
   (4.68134401665014181E-003,3.30293465965860984E-006)   (3.84290556258175745E-010,2.71772667321025891E-013)   (3.84290556240951259E-010,2.71772667309334442E-013) (-4.69127024321146311E-003,-3.31769398693360100E-006)
   2.5522449999999997        1.2500000000000000     
   (5.11748571209690029E-003,3.66620375579884557E-006)   (5.12827239354408937E-003,3.68260325424498888E-006)
   (4.96193104713086967E-003,3.61311058868660708E-006)   (4.07324624171755811E-010,2.97300280824860635E-013)   (4.07324624151350402E-010,2.97300280810928670E-013) (-4.97245896209343348E-003,-3.62932439771734840E-006)
   2.6022399999999997        1.2500000000000000     
   (5.42449113606203667E-003,4.00722693720224026E-006)   (5.43592947685120082E-003,4.02522980550264675E-006)
   (5.25316283425979538E-003,3.94870612687657955E-006)   (4.31232631812075926E-010,3.24920729575913022E-013)   (4.31232631787874379E-010,3.24920729559319074E-013) (-5.26431607886453188E-003,-3.96650320480327293E-006)
   2.6522349999999997        1.2500000000000000     
   (5.74355495175015926E-003,4.37587253633017959E-006)   (5.75567084307289107E-003,4.39561931020089658E-006)
   (5.55520302206953705E-003,4.31148497705256026E-006)   (4.56027999562827301E-010,3.54779301102948592E-013)   (4.56027999533919458E-010,3.54779301083157145E-013) (-5.56700540524318523E-003,-4.33100400626051350E-006)
   2.7022299999999997        1.2500000000000000     
   (6.07491148138486481E-003,4.77402573622714769E-006)   (6.08773155997425434E-003,4.79566798570331507E-006)
   (5.86821368307582046E-003,4.70330531303700818E-006)   (4.81724055178226338E-010,3.87029102707988441E-013)   (4.81724055143971651E-010,3.87029102684562478E-013) (-5.88068961405423338E-003,-4.72469585784107614E-006)
   2.7522249999999997        1.2500000000000000     
   (6.41879498145689169E-003,5.20367021124501728E-006)   (6.43234633347300813E-003,5.22737103681157921E-006)
   (6.19235413569361581E-003,5.12612254452122635E-006)   (5.08333878280830371E-010,4.21831246529695052E-013)   (5.08333878240637665E-010,4.21831246502289141E-013) (-6.20552834803252389E-003,-5.14954553398436440E-006)
   2.8022199999999997        1.2500000000000000     
   (6.77543940453481045E-003,5.66689120609349336E-006)   (6.78974989636584036E-003,5.69282608091564992E-006)
   (6.52778070962413588E-003,5.58199235145887923E-006)   (5.35870330838256616E-010,4.59355126433147145E-013)   (5.35870330791455254E-010,4.59355126400843884E-013) (-6.54167859528197258E-003,-5.60762090592128324E-006)
   2.8522149999999997        1.2500000000000000     
   (7.14507929630949987E-003,6.16587850319542677E-006)   (7.16017667920844023E-003,6.19423586114792529E-006)
   (6.87464757754545613E-003,6.07307357206931926E-006)   (5.64346023216238357E-010,4.99778633692346921E-013)   (5.64346023160727817E-010,4.99778633654370021E-013) (-6.88929427127564411E-003,-6.10109357382338739E-006)
   2.9022099999999997        1.2500000000000000     
   (7.52794885742930422E-003,6.70292987787561574E-006)   (7.54386234688186191E-003,6.73391240546562081E-006)
   (7.23310577137453552E-003,6.60163162907111169E-006)   (5.93773437271529269E-010,5.43288495680350904E-013)   (5.93773437206845710E-010,5.43288495635949319E-013) (-7.24852771755235461E-003,-6.63224300138799469E-006)
   2.9522049999999997        1.2500000000000000     
   (7.92428343263698945E-003,7.28045431765832607E-006)   (7.94104228481137993E-003,7.31427864996267449E-006)
   (7.60330463390459198E-003,7.17004163882306744E-006)   (6.24164802349813659E-010,5.90080399269355439E-013)   (6.24164802274727166E-010,5.90080399217835779E-013) (-7.61952819894401532E-003,-7.20345802862596872E-006)
   3.0021999999999998        1.2500000000000000     
   (8.33431728244081460E-003,7.90097513575101027E-006)   (8.35195127594995715E-003,7.93787446551516869E-006)
   (7.98538957054708599E-003,7.78079151192863813E-006)   (6.55532061310866188E-010,6.40359482735848331E-013)   (6.55532061223184423E-010,6.40359482675783831E-013) (-8.00244147141882835E-003,-7.81724286069524160E-006)
   3.0521949999999998        1.2500000000000000     
   (8.75828538440713913E-003,8.56713270902587480E-006)   (8.77682502098480095E-003,8.60735643147774436E-006)
   (8.37950378548895682E-003,8.43648455484123513E-006)   (6.87886993625459752E-010,6.94340307579648126E-013)   (6.87886993523391248E-010,6.94340307509949375E-013) (-8.39741131133348029E-003,-8.47621673965239928E-006)
   3.1021899999999998        1.2500000000000000     
   (9.19642217390981807E-003,9.28168845660350002E-006)   (9.21589864379731422E-003,9.32550352444666206E-006)
   (8.78578701165120581E-003,9.13984340465760974E-006)   (7.21241091840454818E-010,7.52247319355782185E-013)   (7.21241091723832898E-010,7.52247319275267280E-013) (-8.80457796980704810E-003,-9.18311955947974476E-006)
   3.1521849999999998        1.2500000000000000     
   (9.64896311413392625E-003,1.00475269866272984E-005)   (9.66940750840323583E-003,1.00952187366734044E-005)
   (9.20437697124811861E-003,9.89371207979241215E-006)   (7.55605617905002526E-010,8.14314973037726179E-013)   (7.55605617769501139E-010,8.14314972944824062E-013) (-9.22407889847598819E-003,-9.94081340460916375E-006)
   3.2021799999999998        1.2500000000000000     
   (1.01161436664315985E-002,1.08676602153679964E-005)   (1.01375886691670303E-002,1.09195336759510686E-005)
   (9.63540844643679013E-003,1.07010600123114364E-005)   (7.90991734202259004E-010,8.80788101338124523E-013)   (7.90991734046146551E-010,8.80788101230872459E-013) (-9.65605032998734063E-003,-1.07522870334638812E-005)
   3.2521749999999998        1.2500000000000000     
   (1.05981986042567432E-002,1.17452305167265264E-005)   (1.06206764816710181E-002,1.18016116783934621E-005)
   (1.00790123924933001E-002,1.15649850877559600E-005)   (8.27410119691915916E-010,9.51922163554484113E-013)   (8.27410119513058167E-010,9.51922163431130804E-013) (-1.01006225867997547E-002,-1.16206589268515458E-005)
   3.3021699999999998        1.2500000000000000     
   (1.10953637692837812E-002,1.26835128732699784E-005)   (1.11189078062162543E-002,1.27447494589709934E-005)
   (1.05353177672958889E-002,1.24887157234476238E-005)   (8.64871411273292463E-010,1.02798337034583007E-012)   (8.64871411067519705E-010,1.02798337020471379E-012) (-1.05579254859964576E-002,-1.25491788034779539E-005)
   3.3521649999999998        1.2500000000000000     
   (1.16078745910209741E-002,1.36859188083580512E-005)   (1.16325190631231083E-002,1.37523817476358810E-005)
   (1.10044499979096537E-002,1.34756146159889088E-005)   (9.03385951897971676E-010,1.10924905273350941E-012)   (9.03385951662636620E-010,1.10924905257215851E-012) (-1.10280852443290691E-002,-1.35412321283429244E-005)
   3.4021599999999999        1.2500000000000000     
   (1.21359663672546345E-002,1.47560004919774989E-005)   (1.21617454949862203E-002,1.48280843963988620E-005)
   (1.14865311752339865E-002,1.45291828177226991E-005)   (9.42963725679750317E-010,1.19600791042772059E-012)   (9.42963725412677272E-010,1.19600791024297396E-012) (-1.15112237002346855E-002,-1.46003431424741256E-005)
   3.4521549999999999        1.2500000000000000     
   (1.26798755361112216E-002,1.58974517664499909E-005)   (1.27068241876533497E-002,1.59755783072858297E-005)
   (1.19816813381204389E-002,1.56530605795091425E-005)   (9.83614606963330573E-010,1.28856031935126791E-012)   (9.83614606657744826E-010,1.28856031914120786E-012) (-1.20074613720765385E-002,-1.57301786103311627E-005)
   3.5021500000000003        1.2500000000000000     
   (1.32398369326390958E-002,1.71141137289505251E-005)   (1.32679911214431574E-002,1.71987303535272971E-005)
   (1.24900157042543390E-002,1.68510328219321280E-005)   (1.02534810973523917E-009,1.38721839911646802E-012)   (1.02534810938852766E-009,1.38721839887703033E-012) (-1.25169143316672584E-002,-1.69345486517597536E-005)
   3.5521449999999994        1.2500000000000000     
   (1.38160883753213771E-002,1.84099733051277978E-005)   (1.38454841441542145E-002,1.85015565530600109E-005)
   (1.30116491254490506E-002,1.81270275586882393E-005)   (1.06817363682006308E-009,1.49230625999165637E-012)   (1.06817363642380635E-009,1.49230625971918437E-012) (-1.30396973420324643E-002,-1.82174097441139082E-005)
   3.6021399999999995        1.2500000000000000     
   (1.44088640213271089E-002,1.97891733356123935E-005)   (1.44395377337480178E-002,1.98882296943611604E-005)
   (1.35466896346182909E-002,1.94851258189187507E-005)   (1.11210004563865251E-009,1.60416061265422945E-012)   (1.11210004519410373E-009,1.60416061234588556E-012) (-1.35759184654354152E-002,-1.95828721899133268E-005)
   3.6521349999999995        1.2500000000000000     
   (1.50184016450838360E-002,2.12560098801447720E-005)   (1.50503913624819938E-002,2.13630766289142552E-005)
   (1.40952453527282504E-002,2.09295587924863383E-005)   (1.15713632101823984E-009,1.72313053337338299E-012)   (1.15713632051234651E-009,1.72313053272615919E-012) (-1.41256873651972210E-002,-2.10351971985763847E-005)
   3.7021299999999995        1.2500000000000000     
   (1.56449354048678324E-002,2.28149374307261388E-005)   (1.56782789227284218E-002,2.29305858481302811E-005)
   (1.46574175409789099E-002,2.24647129055228912E-005)   (1.20329071723005274E-009,1.84957807546150658E-012)   (1.20329071665915832E-009,1.84957807506740712E-012) (-1.46891047226656649E-002,-2.25788044216086258E-005)
   3.7521249999999995        1.2500000000000000     
   (1.62887040251082707E-002,2.44705706565849078E-005)   (1.63234392597772920E-002,2.45954063365754176E-005)
   (1.52333085800025088E-002,2.40951313271993108E-005)   (1.25057162059295484E-009,1.98387815205439228E-012)   (1.25057161995009964E-009,1.98387815160980693E-012) (-1.52662728898504234E-002,-2.42182704474252350E-005)
   3.8021199999999995        1.2500000000000000     
   (1.69499432882924544E-002,2.62276911327939952E-005)   (1.69861103025661479E-002,2.63623566467328299E-005)
   (1.58230144346141986E-002,2.58255205353049174E-005)   (1.29898704633661039E-009,2.12641926962952919E-012)   (1.29898704561692479E-009,2.12641926912772823E-012) (-1.58572896499862316E-002,-2.59583378088433857E-005)
   3.8521149999999995        1.2500000000000000     
   (1.76288889808872695E-002,2.80912446359264278E-005)   (1.76665273796041064E-002,2.82364192878841082E-005)
   (1.64266276372209072E-002,2.76607474054504462E-005)   (1.34854452460883288E-009,2.27760304540385216E-012)   (1.34854452379721629E-009,2.27760304483815352E-012) (-1.64622468867207626E-002,-2.78039090499871424E-005)
   3.9021099999999995        1.2500000000000000     
   (1.83257789830580074E-002,3.00663489650025480E-005)   (1.83649293989741925E-002,3.02227543169344014E-005)
   (1.70442393762234336E-002,2.96058467993028198E-005)   (1.39925159375941176E-009,2.43784530879296532E-012)   (1.39925159284838957E-009,2.43784530815865189E-012) (-1.70812365440402916E-002,-2.97600602181328074E-005)
   3.9521050000000000        1.2500000000000000     
   (1.90408497845380789E-002,3.21582926684903331E-005)   (1.90815528796649501E-002,3.23266907722998971E-005)
   (1.76759358215301358E-002,3.16660200800683773E-005)   (1.45111529042340435E-009,2.60757537641470648E-012)   (1.45111528940129201E-009,2.60757537570233717E-012) (-1.77143444854160718E-002,-3.18320319430309597E-005)
   4.0021000000000004        1.2500000000000000     
   (1.97743375155974600E-002,3.43725463137056138E-005)   (1.98166347972611942E-002,3.45537447052693335E-005)
   (1.83217991845178452E-002,3.38466461468946370E-005)   (1.50414241256579610E-009,2.78723750906705417E-012)   (1.50414241142645448E-009,2.78723750827005192E-012) (-1.83616536619222830E-002,-3.40252472917489750E-005)
   4.0520950000000004        1.2500000000000000     
   (2.05264814123396963E-002,3.67147480128865566E-005)   (2.05704158596249215E-002,3.69095988049163119E-005)
   (1.89819113369738522E-002,3.61532666034462127E-005)   (1.55833976228786699E-009,2.97728922050341477E-012)   (1.55833976101145658E-009,2.97728921961153232E-012) (-1.90232469918522780E-002,-3.63452910759505182E-005)
   4.1020900000000005        1.2500000000000000     
   (2.12975157641984783E-002,3.91907294901692964E-005)   (2.13431297048731414E-002,3.94001352934879223E-005)
   (1.96563456200589265E-002,3.85916117309205003E-005)   (1.61371327550476589E-009,3.17820395354165718E-012)   (1.61371327408016731E-009,3.17820395254520262E-012) (-1.96991969243876346E-002,-3.87979425481450440E-005)
   4.1520850000000005        1.2500000000000000     
   (2.20876797838210522E-002,4.18064946491206876E-005)   (2.21350168509407419E-002,4.20314066841725827E-005)
   (2.03451763339335158E-002,4.11675785787234453E-005)   (1.67026912505588576E-009,3.39046864992275052E-012)   (1.67026912347200198E-009,3.39046864821454703E-012) (-2.03895787428682619E-002,-4.13891456901028241E-005)
   4.2020800000000005        1.2500000000000000     
   (2.28972105954150552E-002,4.45682467642718690E-005)   (2.29463151790277251E-002,4.48096686738610166E-005)
   (2.10484724639667907E-002,4.38872579448356182E-005)   (1.72801300947265652E-009,3.61458643246554959E-012)   (1.72801300769897883E-009,3.61458643122818554E-012) (-2.10944619353691694E-002,-4.41250420050084280E-005)
   4.2520750000000005        1.2500000000000000     
   (2.37263447540363957E-002,4.74823690601449566E-005)   (2.37772619320873423E-002,4.77413627449781074E-005)
   (2.17662983490565926E-002,4.67569146136488051E-005)   (1.78695023592870466E-009,3.85107514144943826E-012)   (1.78695023396425906E-009,3.85107514006911939E-012) (-2.18139112669396111E-002,-4.70119526323061363E-005)
   4.3020699999999996        1.2500000000000000     
   (2.45753203819026912E-002,5.05554399143022783E-005)   (2.46280949719544576E-002,5.08331225460195891E-005)
   (2.24987164044724540E-002,4.97830022853314573E-005)   (1.84708587393903727E-009,4.10046783868395371E-012)   (1.84708587175879411E-009,4.10046783714756104E-012) (-2.25479884978076299E-002,-5.00563844246010962E-005)
   4.3520649999999996        1.2500000000000000     
   (2.54443754167331185E-002,5.37942313326784366E-005)   (2.54990543684509990E-002,5.40917800986931904E-005)
   (2.32457850730935570E-002,5.29721615246743938E-005)   (1.90842486378624146E-009,4.36331327638156508E-012)   (1.90842486137373943E-009,4.36331327467768773E-012) (-2.32967538888398835E-002,-5.32650358198357034E-005)
   4.4020599999999996        1.2500000000000000     
   (2.63337470920061954E-002,5.72057154727576443E-005)   (2.63903764419022684E-002,5.75243722706716732E-005)
   (2.40075581706343348E-002,5.63312260899113257E-005)   (1.97097151675420823E-009,4.64017640198326535E-012)   (1.97097151408734319E-009,4.64017640009376349E-012) (-2.40602600161817434E-002,-5.66448028771957522E-005)
   4.4520549999999997        1.2500000000000000     
   (2.72436723016931046E-002,6.07970599464864421E-005)   (2.73022996160819133E-002,6.11381321830011269E-005)
   (2.47840856456047996E-002,5.98672176990707196E-005)   (2.03473003462229105E-009,4.93163761960684180E-012)   (2.03473003168409671E-009,4.93163761751402153E-012) (-2.48385580802591849E-002,-6.02027702685749744E-005)
   4.5020499999999997        1.2500000000000000     
   (2.81743918832238760E-002,6.45756363563637192E-005)   (2.82350662214012060E-002,6.49404986804762651E-005)
   (2.55754173475216257E-002,6.35873542435587619E-005)   (2.09970459552659103E-009,5.23829353119468362E-012)   (2.09970459226480239E-009,5.23829352888120161E-012) (-2.56316990823892629E-002,-6.39462203685908076E-005)
   4.5520449999999997        1.2500000000000000     
   (2.91261398601685047E-002,6.85490217647518224E-005)   (2.91889088335227677E-002,6.89391225741976300E-005)
   (2.63815925150097316E-002,6.74990507027508073E-005)   (2.16589827147844233E-009,5.56075740477159534E-012)   (2.16589826789147659E-009,5.56075740221680763E-012) (-2.64397203191824269E-002,-6.78826389792024201E-005)
   4.6020399999999997        1.2500000000000000     
   (3.00991561176654591E-002,7.27249912527100042E-005)   (3.01640696459344673E-002,7.31418495244916429E-005)
   (2.72026524971637242E-002,7.16099113742466308E-005)   (2.23331462588848073E-009,5.89965774445025770E-012)   (2.23331462191686774E-009,5.89965774162717105E-012) (-2.72626653080710636E-002,-7.20196977917033553E-005)
   4.6520349999999997        1.2500000000000000     
   (3.10936788870633321E-002,7.71115461744526436E-005)   (3.11607874537569544E-002,7.75567618087859767E-005)
   (2.80386330452205221E-002,7.59277575743947704E-005)   (2.30195658333411053E-009,6.25564166565573800E-012)   (2.30195657896659607E-009,6.25564166254692023E-012) (-2.81005696585977516E-002,-7.63652956550258570E-005)
   4.7020300000000006        1.2500000000000000     
   (3.21099468658790493E-002,8.17168732112024846E-005)   (3.21792999802556212E-002,8.21921256995968377E-005)
   (2.88895662369638914E-002,8.04605861068496844E-005)   (2.37182671314987823E-009,6.62937053354996656E-012)   (2.37182670835676983E-009,6.62937053011489631E-012) (-2.89534646675724990E-002,-8.09275052894730838E-005)
   4.7520250000000006        1.2500000000000000     
   (3.31481968375310007E-002,8.65493962469429190E-005)   (3.32198475927097392E-002,8.70564510588782783E-005)
   (2.97554789079224336E-002,8.52166207220280905E-005)   (2.44292744165096206E-009,7.02152481343698531E-012)   (2.44292743641811204E-009,7.02152480925238360E-012) (-2.98213798015194674E-002,-8.57146325423767532E-005)
   4.8020200000000006        1.2500000000000000     
   (3.42086693691479315E-002,9.16177434369661910E-005)   (3.42826699472695215E-002,9.21584506351858722E-005)
   (3.06363969286015496E-002,9.02042785599200636E-005)   (2.51526080791251951E-009,7.43280068232625869E-012)   (2.51526080297954024E-009,7.43280067817325141E-012) (-3.07043399966519352E-002,-9.07351749116180173E-005)
   4.8520150000000006        1.2500000000000000     
   (3.52916008931274117E-002,9.69307498296735534E-005)   (3.53680028317214720E-002,9.75070521978361549E-005)
   (3.15323390470890474E-002,9.54321722099746913E-005)   (2.58882825518869998E-009,7.86391098290273890E-012)   (2.58882824885224710E-009,7.86391097594959599E-012) (-3.16023626410823072E-002,-9.59978333390414996E-005)
   4.9020100000000006        1.2500000000000000     
   (3.63972298823908094E-002,1.02497485488871779E-004)   (3.64760876832889089E-002,1.03111423108442172E-004)
   (3.24433209678039527E-002,1.00909137159956494E-004)   (2.66363131210928996E-009,8.31558715751092485E-012)   (2.66363130516129252E-009,8.31558715248723404E-012) (-3.25154664131777557E-002,-1.01511535767799074E-004)
   4.9520050000000007        1.2500000000000000     
   (3.75257948338489564E-002,1.08327230624645013E-004)   (3.76071622804483377E-002,1.08980935233992575E-004)
   (3.33693551432443433E-002,1.06644206283921738E-004)   (2.73967088874320943E-009,8.78857635739146140E-012)   (2.73967088115951294E-009,8.78857635187569829E-012) (-3.34436623002907357E-002,-1.07285401637266712E-004)
   5.0020000000000007        1.2500000000000000     
   (3.86775335802318765E-002,1.14429489997866607E-004)   (3.87614665467701236E-002,1.15125201118008430E-004)
   (3.43104495158226344E-002,1.12646623689167307E-004)   (2.81694778672448157E-009,9.28364431773343348E-012)   (2.81694777842787657E-009,9.28364431129198903E-012) (-3.43869599452571936E-002,-1.13328777355217275E-004)
   5.0519950000000007        1.2500000000000000     
   (3.98526867403956944E-002,1.20813993664706069E-004)   (3.99392401024351792E-002,1.21554056871967756E-004)
   (3.52666102457679861E-002,1.18925844601348892E-004)   (2.89546239865177975E-009,9.80157391124552531E-012)   (2.89546238959192983E-009,9.80157390225075525E-012) (-3.53453641621216536E-002,-1.19651218270600714E-004)
   5.1019899999999998        1.2500000000000000     
   (4.10514913284242555E-002,1.27490687810862235E-004)   (4.11407219460370732E-002,1.28277556866503639E-004)
   (3.62378359050153989E-002,1.25491525469690203E-004)   (2.97521475399491341E-009,1.03431646656893701E-011)   (2.97521474409388242E-009,1.03431646584542830E-011) (-3.63188750630342935E-002,-1.26262483071016543E-004)
   5.1519849999999998        1.2500000000000000     
   (4.22741887829870683E-002,1.34469762843850198E-004)   (4.23661534199634704E-002,1.35306010094999051E-004)
   (3.72241255520390363E-002,1.32353551495243988E-004)   (3.05620473024202853E-009,1.09092356379073408E-011)   (3.05620471944624992E-009,1.09092356299940431E-011) (-3.73074912879807832E-002,-1.33172568641994472E-004)
   5.2019799999999998        1.2500000000000000     
   (4.35210148366338978E-002,1.41761611172723745E-004)   (4.36157722881643506E-002,1.42649921498435022E-004)
   (3.82254688318106883E-002,1.39521993245714498E-004)   (3.13843162236429691E-009,1.15006205887616256E-011)   (3.13843161063910189E-009,1.15006205800905303E-011) (-3.83112039004178603E-002,-1.40391651263119759E-004)
   5.2519749999999998        1.2500000000000000     
   (4.47922079935179282E-002,1.49376875104946868E-004)   (4.48898159963477747E-002,1.50320063981854168E-004)
   (3.92418535040859467E-002,1.47007153876596873E-004)   (3.22189429258203333E-009,1.21181737463808893E-011)   (3.22189427980256643E-009,1.21181737313669150E-011) (-3.93299989346964154E-002,-1.47930156916450836E-004)
   5.3019699999999998        1.2500000000000000     
   (4.60880092097383509E-002,1.57326423908075937E-004)   (4.61885271853879689E-002,1.58327431403698752E-004)
   (4.02732658744017480E-002,1.54819545592884805E-004)   (3.30659174789149221E-009,1.27627659647969221E-011)   (3.30659173398418853E-009,1.27627659544559188E-011) (-4.03638643350524712E-002,-1.55798714568324475E-004)
   5.3519649999999999        1.2500000000000000     
   (4.74086545904127063E-002,1.65621346614781194E-004)   (4.75121418627757336E-002,1.66683239813288574E-004)
   (4.13196840389397566E-002,1.62969881093370876E-004)   (3.39252213809575062E-009,1.34352846952880977E-011)   (3.39252212303493365E-009,1.34352846840393186E-011) (-4.14127772938241365E-002,-1.64008155353806499E-004)
   5.4019599999999999        1.2500000000000000     
   (4.87543867688910726E-002,1.74272977234649540E-004)   (4.88609052856004214E-002,1.75398975338336032E-004)
   (4.23810864970131027E-002,1.71469097732694436E-004)   (3.47968391618708802E-009,1.41366378112429857E-011)   (3.47968389816384694E-009,1.41366377942452465E-011) (-4.24767188174686242E-002,-1.72569559801880355E-004)
   5.4519549999999999        1.2500000000000000     
   (5.01254408098596171E-002,1.83292874615626850E-004)   (5.02350524260594261E-002,1.84486323850015932E-004)
   (4.34574421810545244E-002,1.80328337410392729E-004)   (3.56807445971218590E-009,1.48677478446462059E-011)   (3.56807444192071089E-009,1.48677478313078991E-011) (-4.35556568392775345E-002,-1.81494187138248563E-004)
   5.5019499999999999        1.2500000000000000     
   (5.15220578638890953E-002,1.92692840405343411E-004)   (5.16348239907525944E-002,1.93957243438112089E-004)
   (4.45487210284157137E-002,1.89558961757471613E-004)   (3.65769126415511706E-009,1.56295577073859944E-011)   (3.65769124324489653E-009,1.56295576928643444E-011) (-4.46495606567074224E-002,-1.90793545260584840E-004)
   5.5519449999999999        1.2500000000000000     
   (5.29444764350195177E-002,2.02484895531551240E-004)   (5.30604602755798474E-002,2.03823905130654540E-004)
   (4.56548865816698360E-002,1.99172529574431626E-004)   (3.74853143520463535E-009,1.64230259181234192E-011)   (3.74853141432322675E-009,1.64230259023471494E-011) (-4.57583947242902050E-002,-2.00479332164862337E-004)
   5.6019399999999999        1.2500000000000000     
   (5.43929358994640552E-002,2.12681304968587485E-004)   (5.45122012484858948E-002,2.14098730333617471E-004)
   (4.67758983782892920E-002,2.09180818607316020E-004)   (3.84059168014049281E-009,1.72491293971501432E-011)   (3.84059165756910128E-009,1.72491293799993416E-011) (-4.68821188009459350E-002,-2.10563470616974816E-004)
   5.6519349999999999        1.2500000000000000     
   (5.58676721091044132E-002,2.23294562952017217E-004)   (5.59902831093929687E-002,2.24794379101520659E-004)
   (4.79117086166669856E-002,2.19595810602929832E-004)   (3.93386809846932543E-009,1.81088625157566455E-011)   (3.93386807404139816E-009,1.81088624971398020E-011) (-4.80206852777388532E-002,-2.21058096043961246E-004)
   5.7019299999999999        1.2500000000000000     
   (5.73689291938728127E-002,2.34337445261116405E-004)   (5.74949539651043035E-002,2.35923798891709944E-004)
   (4.90622742312029000E-002,2.30429742555103085E-004)   (4.02835739973807195E-009,1.90032409816357752E-011)   (4.02835737166924552E-009,1.90032409613979647E-011) (-4.91740536963100605E-002,-2.31975604125773835E-004)
   5.7519250000000000        1.2500000000000000     
   (5.88969445160793803E-002,2.45822871902995799E-004)   (5.90264461548955094E-002,2.47500083321714490E-004)
   (5.02275397653668132E-002,2.41694967148737595E-004)   (4.12405467130270520E-009,1.99332901014275185E-011)   (4.12405464276599894E-009,1.99332900794869793E-011) (-5.03421640249470601E-002,-2.43328507682579500E-004)
   5.8019200000000000        1.2500000000000000     
   (6.04519529961106833E-002,2.57764093870720612E-004)   (6.05850005808049250E-002,2.59536662616617977E-004)
   (5.14074452920781980E-002,2.53404139473802125E-004)   (4.22095538361522137E-009,2.09000603591761095E-011)   (4.22095535287229621E-009,2.09000603353536989E-011) (-5.15249608819109556E-002,-2.55129626275743494E-004)
   5.8519150000000009        1.2500000000000000     
   (6.20341964944343890E-002,2.70174536162693648E-004)   (6.21708552236814038E-002,2.72047139008325175E-004)
   (5.26019310354754188E-002,2.65570057481799994E-004)   (4.31905432875846388E-009,2.19046137385466044E-011)   (4.31905429585449794E-009,2.19046137128263216E-011) (-5.27223805633529677E-002,-2.67391919940816844E-004)
   5.9019100000000000        1.2500000000000000     
   (6.36439166832314107E-002,2.83067902073051855E-004)   (6.37842562205433589E-002,2.85045429590999376E-004)
   (5.38109346511496389E-002,2.78205765671419886E-004)   (4.41834671829570728E-009,2.29480353702648270E-011)   (4.41834668253463633E-009,2.29480353423451581E-011) (-5.39343644447988560E-002,-2.80128630880738532E-004)
   5.9519050000000000        1.2500000000000000     
   (6.52813494959192525E-002,2.96458094204860153E-004)   (6.54254399434165829E-002,2.98545625317502201E-004)
   (5.50343842179391168E-002,2.91324474217597080E-004)   (4.51882665722082266E-009,2.40314218133549280E-011)   (4.51882661865761866E-009,2.40314217814946902E-011) (-5.51608404454637172E-002,-2.93353140435977946E-004)
   6.0019000000000000        1.2500000000000000     
   (6.69467346760104637E-002,3.10359279335939431E-004)   (6.70946464293682016E-002,3.12562110971214484E-004)
   (5.62722052846574769E-002,3.04939623049567941E-004)   (4.62048802946278067E-009,2.51558907954705494E-011)   (4.62048798803234947E-009,2.51558907628012741E-011) (-5.64017337610005498E-002,-3.07079088485293398E-004)
   6.0518950000000000        1.2500000000000000     
   (6.86403074200940960E-002,3.24785850714891830E-004)   (6.87921112787349964E-002,3.27109471338899946E-004)
   (5.75243168513293046E-002,3.19064840775553108E-004)   (4.72332417893155375E-009,2.63225733280971881E-011)   (4.72332413429762657E-009,2.63225732911746437E-011) (-5.76569631197128840E-002,-3.21320276254284524E-004)
   6.1018900000000000        1.2500000000000000     
   (7.03623124466653121E-002,3.39752435582709844E-004)   (7.05180791261263706E-002,3.42202562908707549E-004)
   (5.87906417304083703E-002,3.33713953372198808E-004)   (4.82732879169588559E-009,2.75326195516006357E-011)   (4.82732874037334041E-009,2.75326195133613232E-011) (-5.89264512637311527E-002,-3.36090738649138967E-004)
   6.1518850000000000        1.2500000000000000     
   (7.21129885184272901E-002,3.55273914440626653E-004)   (7.22727914756616241E-002,3.57856492257858862E-004)
   (6.00710936394270312E-002,3.48900999111929986E-004)   (4.93249492621647426E-009,2.87871967492198852E-011)   (4.93249487459473868E-009,2.87871967079711054E-011) (-6.02101131371141421E-002,-3.51404718877457655E-004)
   6.2018800000000001        1.2500000000000000     
   (7.38925670282311042E-002,3.71365380463014032E-004)   (7.40564798453601375E-002,3.74086592766717041E-004)
   (6.13655747035977833E-002,3.64640187987787722E-004)   (5.03881453168768958E-009,3.00874873124567099E-011)   (5.03881447380331582E-009,3.00874872679308958E-011) (-6.15078504115784130E-002,-3.67276644881859757E-004)
   6.2518750000000001        1.2500000000000000     
   (7.57012948489458326E-002,3.88042174362915120E-004)   (7.58693910272794925E-002,3.90908450578844884E-004)
   (6.26739968432512562E-002,3.80945933307328874E-004)   (5.14628038025268855E-009,3.14346906419967497E-011)   (5.14628032090662295E-009,3.14346905843859917E-011) (-6.28195749435625367E-002,-3.83721151596124550E-004)
   6.3018700000000001        1.2500000000000000     
   (7.75394087731764020E-002,4.05319868136949440E-004)   (7.77117619520248659E-002,4.08337881125076429E-004)
   (6.39962590725105807E-002,3.97832835370934572E-004)   (5.25488417881408311E-009,3.28300212531767958E-011)   (5.25488411499446925E-009,3.28300212012645497E-011) (-6.41451850975309906E-002,-4.00753058231977240E-004)
   6.3518650000000001        1.2500000000000000     
   (7.94071438288581205E-002,4.23214243295448502E-004)   (7.95838320891666534E-002,4.26390907226783297E-004)
   (6.53322553825912422E-002,4.15315656344522220E-004)   (5.36461751519907738E-009,3.42747066352211351E-011)   (5.36461744687595890E-009,3.42747065760910532E-011) (-6.54845781776210861E-002,-4.18387341536559929E-004)
   6.4018600000000001        1.2500000000000000     
   (8.13047452200671011E-002,4.41741364898385594E-004)   (8.14858446418747634E-002,4.45083879485995404E-004)
   (6.66818827139016024E-002,4.33409392360781178E-004)   (5.47547176730672861E-009,3.57699970344467422E-011)   (5.47547169407024663E-009,3.57699969742502823E-011) (-6.68376485719308633E-002,-4.36639256416080322E-004)
   6.4518550000000001        1.2500000000000000     
   (8.32324478298635678E-002,4.60917461118968942E-004)   (8.34180383759484390E-002,4.64433262731904202E-004)
   (6.80450254835392593E-002,4.52129152024530450E-004)   (5.58743774973494031E-009,3.73171478161207694E-011)   (5.58743767143675322E-009,3.73171477511868781E-011) (-6.82042843670954274E-002,-4.55524118991904340E-004)
   6.5018500000000001        1.2500000000000000     
   (8.51904862847037841E-002,4.80759086470965949E-004)   (8.53806425667366919E-002,4.84455947966624424E-004)
   (6.94215651523148736E-002,4.71490316992289975E-004)   (5.70050520413954546E-009,3.89174447277244394E-011)   (5.70050511705487634E-009,3.89174446545592027E-011) (-6.95843598262018276E-002,-4.75057616533519145E-004)
   6.5518450000000001        1.2500000000000000     
   (8.71791100497949917E-002,5.01282922622535258E-004)   (8.73739141165955358E-002,5.05168871910923302E-004)
   (7.08113904608741185E-002,4.91508340366770451E-004)   (5.81466564831157093E-009,4.05721726963858596E-011)   (5.81466555541972332E-009,4.05721726211002747E-011) (-7.09777714195941600E-002,-4.95255425540314033E-004)
   6.6018400000000002        1.2500000000000000     
   (8.91985456103570051E-002,5.22505955118172526E-004)   (8.93980755840658586E-002,5.26589305715705731E-004)
   (7.22143653147290787E-002,5.12198920478001605E-004)   (5.92990756279563652E-009,4.22826391338510320E-011)   (5.92990746694185118E-009,4.22826390530168876E-011) (-7.23843783696290349E-002,-5.16133496420692964E-004)
   6.6518350000000002        1.2500000000000000     
   (9.12490385354009920E-002,5.44445317071004498E-004)   (9.14533766926691472E-002,5.48734711571925563E-004)
   (7.36303681334275900E-002,5.33577844504372388E-004)   (6.04622126484762835E-009,4.40501621594665884E-011)   (6.04622115906379701E-009,4.40501620724695606E-011) (-7.38040623108810745E-002,-5.37707909861490953E-004)
   6.7018300000000002        1.2500000000000000     
   (9.33308233145508925E-002,5.67118448280961966E-004)   (9.35400521100468313E-002,5.71622840576669180E-004)
   (7.50592619170706854E-002,5.55661143729542636E-004)   (6.16359546448007279E-009,4.58760784203844174E-011)   (6.16359535504637897E-009,4.58760783236402487E-011) (-7.52366849770245844E-002,-5.59994971694356344E-004)
   6.7518250000000002        1.2500000000000000     
   (9.54441433261274119E-002,5.90542938695234822E-004)   (9.56583443218829849E-002,5.95271592384644891E-004)
   (7.65009134480501840E-002,5.78464932531103115E-004)   (6.28201924361653053E-009,4.77617310364339610E-011)   (6.28201912682101115E-009,4.77617309357566519E-011) (-7.66821135021040490E-002,-5.83011067566562187E-004)
   6.8018200000000002        1.2500000000000000     
   (9.75892316331590237E-002,6.14736672245968802E-004)   (9.78084874306469898E-002,6.19699206178431780E-004)
   (7.79551773541637683E-002,6.02005554639510718E-004)   (6.40148057012829278E-009,4.97084855309117558E-011)   (6.40148044306857289E-009,4.97084854229149904E-011) (-7.81402003633712428E-002,-6.06772854301252892E-004)
   6.8518150000000002        1.2500000000000000     
   (9.97663318165329105E-002,6.39717717673584122E-004)   (9.99907301684501010E-002,6.44924070832398276E-004)
   (7.94219111635107583E-002,6.26299465837322792E-004)   (6.52196825577916128E-009,5.17177137129344022E-011)   (6.52196812305186619E-009,5.17177135778692886E-011) (-7.96108090202138352E-002,-6.31297066474965246E-004)
   6.9018100000000002        1.2500000000000000     
        (0.10197567932210320,6.65504314884178549E-004)        (0.10220530386627982,6.70964777521780597E-004)
   (8.09009653910531673E-002,6.51363222499730626E-004)   (6.64346965871995470E-009,5.37907980006591315E-011)   (6.64346951738654017E-009,5.37907978697110897E-011) (-8.10937850522443909E-002,-6.56600566095251860E-004)
   6.9518050000000002        1.2500000000000000     
        (0.10421750941290395,6.92114987860282908E-004)        (0.10445244619799042,6.97840212698005503E-004)
   (8.23921799466560134E-002,6.77213587728425900E-004)   (6.76597175439844284E-009,5.59291385537181798E-011)   (6.76597159883416011E-009,5.59291384200677777E-011) (-8.25889690452867170E-002,-6.82700432368391476E-004)
   7.0018000000000011        1.2500000000000000     
        (0.10649206372722940,7.19568466075918276E-004)        (0.10673240029332591,7.25569516118317265E-004)
   (8.38954021818010542E-002,7.03867451984683569E-004)   (6.88946213349963334E-009,5.81341498074209621E-011)   (6.88946197334735861E-009,5.81341496639783055E-011) (-8.40962096523365926E-002,-7.09613917018513964E-004)
   7.0517949999999994        1.2500000000000000     
        (0.10879957729547889,7.47883622701252075E-004)        (0.10904540095894628,7.54171889208764550E-004)
   (8.54104668664277672E-002,7.31341768405371928E-004)   (7.01392722363522348E-009,6.04072443170605002E-011)   (7.01392705288273341E-009,6.04072441889486540E-011) (-8.56153407059266208E-002,-7.37358248568577746E-004)
   7.1017899999999994        1.2500000000000000     
        (0.11114029196954094,7.77079636783365043E-004)        (0.11139169274477279,7.83666931253375765E-004)
   (8.69372112297944061E-002,7.59653710999678728E-004)   (7.13935375189028691E-009,6.27498603933974573E-011)   (7.13935356543378284E-009,6.27498602284651653E-011) (-8.71461997461200483E-002,-7.65950969566242339E-004)
   7.1517849999999994        1.2500000000000000     
        (0.11351444204203084,8.07175786333716276E-004)        (0.11377150968882997,8.14074308891223064E-004)
   (8.84754576691468425E-002,7.88820466314807921E-004)   (7.26572732000962750E-009,6.51634343755996482E-011)   (7.26572712710939804E-009,6.51634341988581252E-011) (-8.86886119776710002E-002,-7.95409597085169786E-004)
   7.2017799999999994        1.2500000000000000     
        (0.11592227001957217,8.38191706211700947E-004)        (0.11618509442153453,8.45414088856920255E-004)
   (9.00250414357074979E-002,8.18859485793451704E-004)   (7.39303412970678107E-009,6.76494279675685873E-011)   (7.39303392469472658E-009,6.76494277719593588E-011) (-9.02424074405323434E-002,-8.25751957360180066E-004)
   7.2517749999999994        1.2500000000000000     
        (0.11836400302769393,8.70146993477739121E-004)        (0.11863267441117265,8.77706269303998171E-004)
   (9.15857703055651257E-002,8.49788089198500341E-004)   (7.52125856375252505E-009,7.02092891318725896E-011)   (7.52125834612144816E-009,7.02092889228787387E-011) (-9.18073964739848092E-002,-8.56995708111657137E-004)
   7.3017699999999994        1.2500000000000000     
        (0.12083989495754981,9.03061745781917808E-004)        (0.12111451049040450,9.10971391804565357E-004)
   (9.31574794103649934E-002,8.81623999756089003E-004)   (7.65038749933993150E-009,7.28445024546462576E-011)   (7.65038727107452636E-009,7.28445022823525752E-011) (-9.33834174422955576E-002,-8.89158953032326478E-004)
   7.3517649999999994        1.2500000000000000     
        (0.12335015984517833,9.36955948621120949E-004)        (0.12363081151387249,9.45229886778001737E-004)
   (9.47399556993300807E-002,9.14384726613567023E-004)   (7.78040314801362616E-009,7.55565348051189540E-011)   (7.78040290245018366E-009,7.55565345663915919E-011) (-9.49702537772926653E-002,-9.22259578853662628E-004)
   7.4017599999999995        1.2500000000000000     
        (0.12589505722408104,9.71850062282379355E-004)        (0.12618183629890123,9.80502639469945595E-004)
   (9.63330311797246791E-002,9.48088151768133251E-004)   (7.91129165299478920E-009,7.83468818653767457E-011)   (7.91129139261200898E-009,7.83468816039134714E-011) (-9.65677364398389998E-002,-9.56315822254642529E-004)
   7.4517549999999995        1.2500000000000000     
        (0.12847481745380240,1.00776449894902985E-003)        (0.12876782431957545,1.01681061370041334E-003)
   (9.79365043154250686E-002,9.82751999287832410E-004)   (8.04303702449984716E-009,8.12170364373427975E-011)   (8.04303674374315349E-009,8.12170361332308147E-011) (-9.81756695246141231E-002,-9.91345885458718313E-004)
   7.5017499999999995        1.2500000000000000     
        (0.13108966528505961,1.04472000800560167E-003)        (0.13138899173485002,1.05417495064822307E-003)
   (9.95501636270158669E-002,1.01839421823876446E-003)   (8.17562124731035516E-009,8.41684966837056728E-011)   (8.17562095512843443E-009,8.41684963992792832E-011) (-9.97938325722709380E-002,-1.02736803468598268E-003)
   7.5517449999999995        1.2500000000000000     
        (0.13373986143282052,1.08273745779932651E-003)        (0.13404560640172877,1.09261706658721246E-003)
        (0.10117382813632431,1.05503276243434029E-003)   (8.30903005584720804E-009,8.72027736143191605E-011)   (8.30902975264367143E-009,8.72027733100085121E-011)      (-0.10142205228753677,-1.06440068992017466E-003)
   7.6017399999999995        1.2500000000000000     
        (0.13642562780390938,1.12183789223137395E-003)        (0.13673789051271856,1.13215845980708290E-003)
        (0.10280727621441517,1.09268564163025081E-003)   (8.44324521078655792E-009,9.03213749395487653E-011)   (8.44324488254050050E-009,9.03213745756408783E-011)      (-0.10306010530393389,-1.10246223196707425E-003)
   7.6517349999999995        1.2500000000000000     
        (0.13914719266272060,1.16204260912886742E-003)        (0.13946606778783496,1.17282100229240487E-003)
        (0.10445028939222610,1.13137099522644317E-003)   (8.57824844701725593E-009,9.35258288966689486E-011)   (8.57824810000910606E-009,9.35258284724712788E-011)      (-0.10470776796438035,-1.14157129089420268E-003)
   7.7017299999999995        1.2500000000000000     
        (0.14190480845865300,1.20337305847861256E-003)        (0.14223040308514631,1.21462665987259288E-003)
        (0.10610266700329363,1.17110698495839056E-003)   (8.71402421253789807E-009,9.68176600841109959E-011)   (8.71402383397927803E-009,9.68176596997072406E-011)      (-0.10636485027478211,-1.18174645182625329E-003)
   7.7517249999999995        1.2500000000000000     
        (0.14469870645917404,1.24585068813694625E-003)        (0.14503111375059108,1.25759739175998540E-003)
        (0.10776418216091056,1.21191164442721404E-003)   (8.85055286245128660E-009,1.00198382533557936E-010)   (8.85055246699153858E-009,1.00198382136451297E-010)      (-0.10803111344425315,-1.22300616611677724E-003)
   7.8017199999999995        1.2500000000000000     
        (0.14752911777181343,1.28949739112745434E-003)        (0.14786844492079465,1.30175563512621045E-003)
        (0.10943461045336900,1.25380331203635742E-003)   (8.98781684352314222E-009,1.03669537331401589E-010)   (8.98781643267046959E-009,1.03669536907551102E-010)      (-0.10970634170574635,-1.26536921694296242E-003)
   7.8517150000000004        1.2500000000000000     
        (0.15039629522562220,1.33433500113921033E-003)        (0.15074264350220226,1.34712382882572548E-003)
        (0.11111373894869589,1.29680012477885573E-003)   (9.12579836666067439E-009,1.07232654109905764E-010)   (9.12579793192788808E-009,1.07232653657901578E-010)      (-0.11139031834946790,-1.30885424813573280E-003)
   7.9017100000000005        1.2500000000000000     
        (0.15330044749926564,1.38038564079149152E-003)        (0.15365392279336321,1.39372469949552535E-003)
        (0.11280131147855406,1.34092036961556038E-003)   (9.26447668747634576E-009,1.10889274311728363E-010)   (9.26447622846228137E-009,1.10889273828436019E-010)      (-0.11308278904788517,-1.35348004235168206E-003)
   7.9517050000000005        1.2500000000000000     
        (0.15624183339001377,1.42767153519574507E-003)        (0.15660253689494016,1.44158098522924891E-003)
        (0.11449711180920608,1.38618228059904109E-003)   (9.40383368609025089E-009,1.14640927275602534E-010)   (9.40383318830439485E-009,1.14640926760857668E-010)      (-0.11478353344494995,-1.39926523590485209E-003)
   8.0016999999999996        1.2500000000000000     
        (0.15922068651755017,1.47621498567657378E-003)        (0.15958872757195944,1.49071562099516099E-003)
        (0.11620090297879092,1.43260401515578231E-003)   (9.54385046264512535E-009,1.18489145994572617E-010)   (9.54384995110630802E-009,1.18489145419391828E-010)      (-0.11649232019973507,-1.44622850677817317E-003)
   8.0516949999999987        1.2500000000000000     
        (0.16223723374930668,1.52603865220373304E-003)        (0.16261271693196291,1.54115193676309086E-003)
        (0.11791243125833668,1.48020393271569226E-003)   (9.68450584373933052E-009,1.22435482321286678E-010)   (9.68450529061228405E-009,1.22435481735512859E-010)      (-0.11820889090602299,-1.49438876334215959E-003)
   8.1016899999999996        1.2500000000000000     
        (0.16529171080314323,1.57716518127249978E-003)        (0.16567474116756914,1.59291318042878525E-003)
        (0.11963145157267883,1.52900021147369574E-003)   (9.82577972155556314E-009,1.26481467865625317E-010)   (9.82577913852217716E-009,1.26481467241006683E-010)      (-0.11993299925423688,-1.54376466416096276E-003)
   8.1516849999999987        1.2500000000000000     
        (0.16838436082423025,1.62961730018153705E-003)        (0.16877505139458776,1.64602271635128322E-003)
        (0.12135772165168443,1.57901094370044943E-003)   (9.96765275561911199E-009,1.30628629578398259E-010)   (9.96765215469838037E-009,1.30628628836235140E-010)      (-0.12166440911663923,-1.59437480726985575E-003)
   8.2016799999999996        1.2500000000000000     
        (0.17151540984352523,1.68341809936803279E-003)        (0.17191386407129611,1.70050430562930987E-003)
        (0.12309097732240104,1.63025441298436571E-003)   (1.01101026221963152E-008,1.34878512386836414E-010)   (1.01101019723307244E-008,1.34878511575094067E-010)      (-0.12340284821319991,-1.64623801294768953E-003)
   8.2516749999999988        1.2500000000000000     
        (0.17468510177952548,1.73859063740273837E-003)        (0.17509143590165299,1.75638173782346379E-003)
        (0.12483097030474431,1.68274868153745166E-003)   (1.02531098608238456E-008,1.39232647860655348E-010)   (1.02531091999952281E-008,1.39232647077669445E-010)      (-0.12514807839911909,-1.69937293597997299E-003)
   8.3016699999999997        1.2500000000000000     
        (0.17789366624209188,1.79515812369763117E-003)        (0.17830798842536999,1.81367882550488948E-003)
        (0.12657743571191549,1.73651178868823868E-003)   (1.03966520312239326E-008,1.43692555530281895E-010)   (1.03966513281991132E-008,1.43692554647809299E-010)      (-0.12689982566900140,-1.75379807761106513E-003)
   8.3516649999999988        1.2500000000000000     
        (0.18114134495952663,1.85314375672074273E-003)        (0.18156377208808888,1.87241950543749953E-003)
        (0.12833011483179610,1.79156156860096026E-003)   (1.05407084610138309E-008,1.48259747898549397E-010)   (1.05407077072847160E-008,1.48259746964701234E-010)      (-0.12865783671089001,-1.80953185688351387E-003)
   8.4016599999999997        1.2500000000000000     
        (0.18442836328204584,1.91257125001917318E-003)        (0.18485900216661194,1.93262822106602251E-003)
        (0.13008872604733393,1.84791617587908583E-003)   (1.06852553877807488E-008,1.52935763357135314E-010)   (1.06852545952991652E-008,1.52935762443305956E-010)      (-0.13042182255720389,-1.86659300517382550E-003)
   8.4516549999999988        1.2500000000000000     
        (0.18775496473292003,1.97346393499982448E-003)        (0.18819393215099992,1.99432898426965804E-003)
        (0.13185301126992893,1.90559317827334565E-003)   (1.08302722537521772E-008,1.57722087595752663E-010)   (1.08302714244582291E-008,1.57722086573159833E-010)      (-0.13219153083090968,-1.92499960592891874E-003)
   8.5016499999999997        1.2500000000000000     
        (0.19112119688812315,2.03584555033053992E-003)        (0.19156895382000247,2.05754626613170472E-003)
        (0.13362288714024598,1.96461054656013471E-003)   (1.09757547330437873E-008,1.62620244875396520E-010)   (1.09757548226214489E-008,1.62620245467577447E-010)      (-0.13396642741781900,-1.98476960598725858E-003)
   8.5516450000000006        1.2500000000000000     
        (0.19452764806648237,2.09974021983898567E-003)        (0.19498398014359961,2.12230517128668417E-003)
        (0.13539768158767704,2.02498583375031139E-003)   (1.11216427472760377E-008,1.67631740971898539E-010)   (1.11216428413646941E-008,1.67631741766754485E-010)      (-0.13574671675253805,-2.04592251117953353E-003)
   8.6016399999999980        1.2500000000000000     
        (0.19797438160025016,2.16517139094544011E-003)        (0.19843941188105263,2.18862971087169537E-003)
        (0.13717731353204468,2.08673626970118289E-003)   (1.12679321521419754E-008,1.72758024879696762E-010)   (1.12679322517498124E-008,1.72758025573484367E-010)      (-0.13753188926324617,-2.10847537866377987E-003)
   8.6516349999999989        1.2500000000000000     
        (0.20146163472506376,2.23216344248450965E-003)        (0.20193547825579047,2.25654519372085532E-003)
        (0.13896148989752757,2.14987961667103666E-003)   (1.14145986688409396E-008,1.78000617213478120E-010)   (1.14145987739048682E-008,1.78000617964660144E-010)      (-0.13932164983608464,-2.17244671717772321E-003)
   8.7016299999999980        1.2500000000000000     
        (0.20498963059321895,2.30074014696543322E-003)        (0.20547240819540880,2.32607614025621273E-003)
        (0.14074991647992990,2.21443277484917019E-003)   (1.15616184118042002E-008,1.83360952840095649E-010)   (1.15616185127580073E-008,1.83360953801970811E-010)      (-0.14111570612670141,-2.23785398034031906E-003)
   8.7516249999999989        1.2500000000000000     
        (0.20855861330116438,2.37092591959108716E-003)        (0.20905044620578181,2.39724777856632461E-003)
        (0.14254231271381532,2.28041307561988602E-003)   (1.17089683185348732E-008,1.88840506982140117E-010)   (1.17089684251522602E-008,1.88840507853933681E-010)      (-0.14291377564387234,-2.30471511169083078E-003)
   8.8016199999999980        1.2500000000000000     
        (0.21216882010610960,2.44274508195648984E-003)        (0.21266982792619182,2.47008530221508489E-003)
        (0.14433838179815550,2.34783749256672761E-003)   (1.18566240575346757E-008,1.94440730080418859E-010)   (1.18566241716996673E-008,1.94440731170825997E-010)      (-0.14471556242551883,-2.37304775304002886E-003)
   8.8516149999999989        1.2500000000000000     
        (0.21582047384135555,2.51622171761367933E-003)        (0.21633078120581331,2.54461368001159590E-003)
        (0.14613781166558612,2.41672252794101084E-003)   (1.20045603592342145E-008,2.00163034548348384E-010)   (1.20045604890539830E-008,2.00163035556800975E-010)      (-0.14652075610726517,-2.44286907502039210E-003)
   8.9016099999999980        1.2500000000000000     
        (0.21951380184334524,2.59138051747445381E-003)        (0.22003353068114392,2.62085842188498810E-003)
        (0.14794030220508006,2.48708501200873297E-003)   (1.21527520157483890E-008,2.06008853722116524E-010)   (1.21527521431216566E-008,2.06008854957374827E-010)      (-0.14832905054705106,-2.51419650756138247E-003)
   8.9516049999999989        1.2500000000000000     
        (0.22324905836390979,2.66824594838088302E-003)        (0.22377833314480572,2.69884500595860390E-003)
        (0.14974556161587838,2.55894130482559263E-003)   (1.23011757080176352E-008,2.11979598024681817E-010)   (1.23011758532225495E-008,2.11979599336635712E-010)      (-0.15014015850663054,-2.58704719257868724E-003)
   9.0015999999999980        1.2500000000000000     
        (0.22702647054567188,2.74684250940234256E-003)        (0.22756542139514022,2.77859870053086613E-003)
        (0.15155327807380922,2.63230751807492971E-003)   (1.24498058166251358E-008,2.18076637331812751E-010)   (1.24498059705574127E-008,2.18076638576802808E-010)      (-0.15195376927155957,-2.66143777822238931E-003)
   9.0515949999999989        1.2500000000000000     
        (0.23084625542743686,2.82719487241677152E-003)        (0.23139500738298924,2.86014513404939975E-003)
        (0.15336311939197048,2.70719966179451717E-003)   (1.25986149700072951E-008,2.24301347369888389E-010)   (1.25986151305217558E-008,2.24301348702417006E-010)      (-0.15376954709204091,-2.73738497726467049E-003)
   9.1015899999999981        1.2500000000000000     
        (0.23470866424834932,2.90932760728512515E-003)        (0.23526733838749062,2.94350990737331404E-003)
        (0.15517479268026080,2.78363336354859594E-003)   (1.27475788067681018E-008,2.30655078509406589E-010)   (1.27475789748091633E-008,2.30655079931732382E-010)      (-0.15558719469292254,-2.81490519492267601E-003)
   9.1515849999999990        1.2500000000000000     
        (0.23861392393928682,2.99326580047670982E-003)        (0.23918265587028437,3.02871900081769924E-003)
        (0.15698797539040668,2.86162446022703064E-003)   (1.28966717150035269E-008,2.37139188186594205E-010)   (1.28966718837431027E-008,2.37139189862811920E-010)      (-0.15740639817485808,-2.89401491333171655E-003)
   9.2015799999999981        1.2500000000000000     
        (0.24256226056425079,3.07903404493937083E-003)        (0.24314117808595312,3.11579799429677253E-003)
        (0.15880233996707940,2.94118800816695579E-003)   (1.30458661494057578E-008,2.43754974167756209E-010)   (1.30458663361486218E-008,2.43754975794942225E-010)      (-0.15922682078731354,-2.97472989422833739E-003)
   9.2515749999999990        1.2500000000000000     
        (0.24655390898136184,3.16665715029555619E-003)        (0.24714313674401997,3.20477266433593115E-003)
        (0.16061755810260878,3.02233896464613712E-003)   (1.31951353053480123E-008,2.50503726315784994E-010)   (1.31951355026372489E-008,2.50503728050169481E-010)      (-0.16104813755778014,-3.05706578599822688E-003)
   9.3015699999999981        1.2500000000000000     
        (0.25058911722755439,3.25616019769870780E-003)        (0.25118879239077063,3.29566914716045069E-003)
        (0.16243332519092785,3.10509225903227767E-003)   (1.33444545952109564E-008,2.57386737657438187E-010)   (1.33444548016690417E-008,2.57386739654661640E-010)      (-0.16287004613934122,-3.14103828449057917E-003)
   9.3515649999999990        1.2500000000000000     
        (0.25466809573517712,3.34756791389251513E-003)        (0.25527834722288806,3.38851321142768797E-003)
        (0.16424928446261683,3.18946212225928354E-003)   (1.34937943136243667E-008,2.64405243403055122E-010)   (1.34937945321561175E-008,2.64405245522241497E-010)      (-0.16469218184984949,-3.22666236370287591E-003)
   9.4015599999999999        1.2500000000000000     
        (0.25879108690861796,3.44090557039214559E-003)        (0.25941204723388106,3.48333120275203618E-003)
        (0.16606512223908818,3.27546301567794608E-003)   (1.36431288925838608E-008,2.71560498767112056E-010)   (1.36431291214994465E-008,2.71560500708552310E-010)      (-0.16651423633194681,-3.31395324945087154E-003)
   9.4515549999999990        1.2500000000000000     
        (0.26295832783880330,3.53619782297042362E-003)        (0.26359013834831607,3.58014870433668447E-003)
        (0.16788050143649957,3.36310843314292958E-003)   (1.37924314655854308E-008,2.78853667678994672E-010)   (1.37924316874364324E-008,2.78853670060700359E-010)      (-0.16833587762147614,-3.40292505450445542E-003)
   9.5015499999999999        1.2500000000000000     
        (0.26717003492474306,3.63347001994740286E-003)        (0.26781281782429595,3.67899226912272439E-003)
        (0.16969506462755940,3.45241222934211753E-003)   (1.39416709891134456E-008,2.86285966420722631E-010)   (1.39416712424205791E-008,2.86285968941697254E-010)      (-0.17015672855043859,-3.49359250525135227E-003)
   9.5515449999999991        1.2500000000000000     
        (0.27142644976276115,3.73274708881535505E-003)        (0.27208035145581888,3.77988790598876578E-003)
        (0.17150848956732900,3.54338746407289323E-003)   (1.40908230131375969E-008,2.93858534174985975E-010)   (1.40908232804446117E-008,2.93858536540585732E-010)      (-0.17197648954248851,-3.58596940527478600E-003)
   9.6015400000000000        1.2500000000000000     
        (0.27572781362694510,3.83405401143695765E-003)        (0.27639296628331317,3.88286180661323891E-003)
        (0.17332043747615841,3.63604692696656902E-003)   (1.42398585693003017E-008,3.01572498856013447E-010)   (1.42398588322510492E-008,3.01572501681488453E-010)      (-0.17379480592586502,-3.68006940754899694E-003)
   9.6515349999999991        1.2500000000000000     
        (0.28007434751658611,3.93741599780654712E-003)        (0.28075088869212744,3.98794003010793756E-003)
        (0.17513055489268578,3.73040320652612842E-003)   (1.43887487309186613E-008,3.09428941385475485E-010)   (1.43887490048924409E-008,3.09428944073627446E-010)      (-0.17561132503480065,-3.77590558789345611E-003)
   9.7015300000000000        1.2500000000000000     
        (0.28446627592670615,4.04285820274365333E-003)        (0.28515434545523594,4.09514920618265620E-003)
        (0.17693848307790028,3.82646851071838682E-003)   (1.45374647235901643E-008,3.17428963046501779E-010)   (1.45374650331187640E-008,3.17428965695742854E-010)      (-0.17742569574818989,-3.87349126582821291E-003)
   9.7515249999999991        1.2500000000000000     
        (0.28890384637404121,4.15040536110865364E-003)        (0.28960359090883775,4.20451506527578026E-003)
        (0.17874389305313612,3.92425421083848931E-003)   (1.46859796532374088E-008,3.25573554811605696E-010)   (1.46859799554773561E-008,3.25573557859241097E-010)      (-0.17923758962697886,-3.97283842050237795E-003)
   9.8015200000000000        1.2500000000000000     
        (0.29338726673275839,4.26008294249267342E-003)        (0.29409881427617823,4.31606431534874938E-003)
        (0.18054639896709820,4.02377201495198334E-003)   (1.48342603791027568E-008,3.33863757198156068E-010)   (1.48342607204905089E-008,3.33863760740018495E-010)      (-0.18104659988347796,-4.07395961161443210E-003)
   9.8515149999999991        1.2500000000000000     
        (0.29791680571538293,4.37191625106324224E-003)        (0.29864029440140799,4.42982352400231490E-003)
        (0.18234568497724407,4.12503308091992458E-003)   (1.49822821319978147E-008,3.42300564877675271E-010)   (1.49822824665639738E-008,3.42300568307674393E-010)      (-0.18285242651318453,-4.17686684735751445E-003)
   9.9015100000000000        1.2500000000000000     
        (0.30249265864727581,4.48592979589238199E-003)        (0.30322824527084513,4.54581834093223565E-003)
        (0.18414136799264225,4.22804732699457071E-003)   (1.51300142376347873E-008,3.50884860602489273E-010)   (1.51300146111469289E-008,3.50884864550716894E-010)      (-0.18465469109503604,-4.28157077513555227E-003)
   9.9515049999999992        1.2500000000000000     
        (0.30711506477181633,4.60214932938846945E-003)        (0.30786288392967648,4.66407579546938324E-003)
        (0.18593308412039308,4.33282552720931115E-003)   (1.52774253481668594E-008,3.59617609433907159E-010)   (1.52774257215011341E-008,3.59617613601361630E-010)      (-0.18645301272797263,-4.38808302172805000E-003)
   10.001500000000000        1.2500000000000000     
        (0.31178427180064056,4.72059931823432585E-003)        (0.31254446940701203,4.78462164801095585E-003)
        (0.18772049611508282,4.43937671072460772E-003)   (1.54244889634469550E-008,3.68499631386168979E-010)   (1.54244893726913271E-008,3.68499635785520743E-010)      (-0.18824706848406172,-4.49641346105485434E-003)
   10.051494999999999        1.2500000000000000     
        (0.31650048808783521,4.84130498527144282E-003)        (0.31727320346301841,4.90748228636732516E-003)
        (0.18950321208194779,4.54771024616190938E-003)   (1.55711718718682436E-008,3.77531766407873595E-010)   (1.55711722847356073E-008,3.77531770739300131E-010)      (-0.19003645008270598,-4.60657216795278251E-003)
   10.101490000000000        1.2500000000000000     
        (0.32126395217908837,4.96429180295604282E-003)        (0.32204932828515342,5.03268473617430375E-003)
        (0.19128087496000268,4.65783523155207605E-003)   (1.57174450488916522E-008,3.86714861057593674E-010)   (1.57174454799111966E-008,3.86714865952197807E-010)      (-0.19182080524036588,-4.71856935597907926E-003)
   10.151484999999999        1.2500000000000000     
        (0.32607489905086240,5.08958403109056184E-003)        (0.32687309148445043,5.16025435177152984E-003)
        (0.19305311879017772,4.76975920190264753E-003)   (1.58632796872398516E-008,3.96049595595064062E-010)   (1.58632801391222278E-008,3.96049600452229845E-010)      (-0.19359978136152015,-4.83241313705346388E-003)
   10.201479999999998        1.2500000000000000     
        (0.33093356639257038,5.21720738972711491E-003)        (0.33174472091539736,5.29021829988436925E-003)
        (0.19481957584521567,4.88349061597103187E-003)   (1.60086446585638684E-008,4.05536754318933860E-010)   (1.60086451553027801E-008,4.05536759456691508E-010)      (-0.19537299753937690,-4.94811292804421370E-003)
   10.251474999999999        1.2500000000000000     
        (0.33584017629758561,5.34718655457376221E-003)        (0.33666443597508633,5.42260247992492651E-003)
        (0.19657987812393146,4.99903638937885045E-003)   (1.61535097090182981E-008,4.15176977768753344E-010)   (1.61535102067502732E-008,4.15176982898105544E-010)      (-0.19714008271181127,-5.06567637712934411E-003)
   10.301469999999998        1.2500000000000000     
        (0.34079495669449522,5.47954647314677357E-003)        (0.34163247163899096,5.55743343717901312E-003)
        (0.19833364171112183,5.11640325767529457E-003)   (1.62978433719477588E-008,4.24970920253964968E-010)   (1.62978438965523075E-008,4.24970925698397914E-010)      (-0.19890065487706995,-5.18511129567000850E-003)
   10.351464999999999        1.2500000000000000     
        (0.34579813331230952,5.61431204894923073E-003)        (0.34664905722709766,5.69473721877292866E-003)
        (0.20008048305107556,5.23559743162696056E-003)   (1.64416148497732100E-008,4.34919154488550911E-010)   (1.64416154195352424E-008,4.34919160859164445E-010)      (-0.20065433636874894,-5.30642449406760423E-003)
   10.401459999999998        1.2500000000000000     
        (0.35084994530045965,5.75150801185358128E-003)        (0.35171442588943214,5.83454018892565814E-003)
        (0.20182003938038065,5.35662440641383394E-003)   (1.65847932124560128E-008,4.45022234262279600E-010)   (1.65847938055146276E-008,4.45022240964244006E-010)      (-0.20240074979967956,-5.42962253394535695E-003)
   10.451454999999999        1.2500000000000000     
        (0.35595062672187777,5.89115932287167729E-003)        (0.35682881099155039,5.97686857725568486E-003)
        (0.20355192598361654,5.47948937397146636E-003)   (1.67273478193847426E-008,4.55280658807425118E-010)   (1.67273484262206097E-008,4.55280665847271711E-010)      (-0.20413952011739098,-5.55471132195868057E-003)
   10.501449999999998        1.2500000000000000     
        (0.36110039336543992,6.03329072213883155E-003)        (0.36199242352434263,6.12174853549231086E-003)
        (0.20527575958384961,5.60419682728741531E-003)   (1.68692460308073123E-008,4.65694881705620053E-010)   (1.68692466603469479E-008,4.65694889130556496E-010)      (-0.20587024792560943,-5.68169619225074828E-003)
   10.551444999999999        1.2500000000000000     
        (0.36629948828239300,6.17792694123022249E-003)        (0.36720552743835361,6.26920650252032422E-003)
        (0.20699116474969587,5.73075069166206937E-003)   (1.70104586290469389E-008,4.76265329466765908E-010)   (1.70104592889346534E-008,4.76265337284763792E-010)      (-0.20759257800955652,-5.81058215042021611E-003)
   10.601439999999998        1.2500000000000000     
        (0.37154812739519311,6.32509268626666767E-003)        (0.37246833546776997,6.41926846634412965E-003)
        (0.20869774683243414,5.85915426830298930E-003)   (1.71509533279922146E-008,4.86992348512549466E-010)   (1.71509540179716315E-008,4.86992356315805647E-010)      (-0.20930611490199094,-5.94137320758779917E-003)
   10.651434999999999        1.2500000000000000     
        (0.37684657553155715,6.47481259337597849E-003)        (0.37778109654452185,6.57196070028835590E-003)
        (0.21039514399692708,5.98941033547975045E-003)   (1.72906987771094399E-008,4.97876261951494353E-010)   (1.72906995044034738E-008,4.97876269976247376E-010)      (-0.21101047434733783,-6.07407309218375730E-003)
   10.701429999999998        1.2500000000000000     
        (0.38219502032037100,6.62711117679804732E-003)        (0.38314401933574271,6.72730902517206485E-003)
        (0.21208294527856006,6.12152089425539812E-003)   (1.74296630924012820E-008,5.08917310280551692E-010)   (1.74296638513072340E-008,5.08917318748468485E-010)      (-0.21270526787522820,-6.20868452492671832E-003)
   10.751424999999999        1.2500000000000000     
        (0.38759371012681842,6.78201305408751304E-003)        (0.38855733604121734,6.88533997379574703E-003)
        (0.21376076223266996,6.25548749277124276E-003)   (1.75678126279023923E-008,5.20115738033553358E-010)   (1.75678134424634745E-008,5.20115746971019020E-010)      (-0.21439008572634416,-6.34521025428961757E-003)
   10.801419999999998        1.2500000000000000     
        (0.39304286421684476,6.93954265276620734E-003)        (0.39402125989991926,7.04607921648861112E-003)
        (0.21542820339252436,6.39131094053628154E-003)   (1.77051157219752979E-008,5.31471678836681997E-010)   (1.77051165503767265E-008,5.31471688247766875E-010)      (-0.21606453855692095,-6.48365166845029511E-003)
   10.851414999999999        1.2500000000000000     
        (0.39854273464432227,7.09972436382584789E-003)        (0.39953606690256738,7.20955278675663742E-003)
        (0.21708491378073499,6.52899129046634330E-003)   (1.78415435507776634E-008,5.42985234852944218E-010)   (1.78415443921560536E-008,5.42985245373648254E-010)      (-0.21772827358953892,-6.62400978701910455E-003)
   10.901409999999998        1.2500000000000000     
        (0.40409353715917667,7.26258191080046255E-003)        (0.40510196083257688,7.37578586754659461E-003)
        (0.21873046167637178,6.66852749857374614E-003)   (1.79770610993562259E-008,5.54656401531795719E-010)   (1.79770619858656698E-008,5.54656411978553841E-010)      (-0.21938086752058453,-6.76628427528080684E-003)
   10.951404999999999        1.2500000000000000     
        (0.40969550453858655,7.42814117878323396E-003)        (0.41071918573308486,7.54480625047220486E-003)
        (0.22036448186658975,6.80991990005756602E-003)   (1.81116388684750643E-008,5.66485323204544028E-010)   (1.81116398357118864E-008,5.66485334207379073E-010)      (-0.22102195523872475,-6.91047667519335135E-003)
   11.001399999999999        1.2500000000000000     
        (0.41534885232316776,7.59642427862870784E-003)        (0.41638793510995575,7.71663755836758149E-003)
        (0.22198654800253290,6.95316451270002172E-003)   (1.82452394150051547E-008,5.78471754471354072E-010)   (1.82452403870594503E-008,5.78471766040741662E-010)      (-0.22265107964515479,-7.05658372094718472E-003)
   11.051394999999999        1.2500000000000000     
        (0.42105384635918192,7.76745732712968290E-003)        (0.42210850541289530,7.89130746700075943E-003)
        (0.22359631304636177,7.09826071251956799E-003)   (1.83778367519796063E-008,5.90615736545366840E-010)   (1.83778377969318204E-008,5.90615748725854580E-010)      (-0.22426792398727949,-7.20460560878641125E-003)
   11.101389999999999        1.2500000000000000     
        (0.42681067305577103,7.94126295725099823E-003)        (0.42788104741649391,8.06884025944932734E-003)
        (0.22519333613217771,7.24520371086501396E-003)   (1.85093932419771166E-008,6.02916965404071884E-010)   (1.85093943069152585E-008,6.02916978817493317E-010)      (-0.22587203036710449,-7.35453838235632356E-003)
   11.151384999999999        1.2500000000000000     
        (0.43261958706972153,8.11786615339266972E-003)        (0.43370585383183791,8.24926283393587895E-003)
        (0.22677725399374921,7.39399037585003471E-003)   (1.86398803434815497E-008,6.15375300035490442E-010)   (1.86398814824151167E-008,6.15375313451374703E-010)      (-0.22746304345564508,-7.50638003258011482E-003)
   11.201379999999999        1.2500000000000000     
        (0.43848082323402116,8.29729048563540225E-003)        (0.43958313509472446,8.43260013694476299E-003)
        (0.22834766114576519,7.54461557132147902E-003)   (1.87692631239697920E-008,6.27990390069637337E-010)   (1.87692642937368439E-008,6.27990404171920102E-010)      (-0.22904054567608831,-7.66012597531449610E-003)
   11.251374999999999        1.2500000000000000     
        (0.44439460221440852,8.47955984382613680E-003)        (0.44551312295721979,8.61887829256177511E-003)
        (0.22990415334056016,7.69707370903711767E-003)   (1.88975102289015195E-008,6.40761912498018238E-010)   (1.88975114295769757E-008,6.40761926706114050E-010)      (-0.23060414893292680,-7.81577199364709777E-003)
   11.301369999999999        1.2500000000000000     
        (0.45036114842838126,8.66469816174762764E-003)        (0.45149603114047820,8.80812218011749540E-003)
        (0.23144633702196327,7.85135863571531992E-003)   (1.90245878067531531E-008,6.53689396535054419E-010)   (1.90245890626056590E-008,6.53689412091833065E-010)      (-0.23215344000470672,-7.97331201140081582E-003)
   11.351364999999999        1.2500000000000000     
        (0.45638072010236924,8.85272900564384319E-003)        (0.45753213309613988,9.00035785268170352E-003)
        (0.23297382543294395,8.00746313204442166E-003)   (1.91504648125109367E-008,6.66772406774820876E-010)   (1.91504661693847907E-008,6.66772423094739501E-010)      (-0.23368804012747479,-8.13274039692526117E-003)
   11.401359999999999        1.2500000000000000     
        (0.46245349913732414,9.04367586970513879E-003)        (0.46362161075127140,9.19561030000231108E-003)
        (0.23448620669900003,8.16537895957572188E-003)   (1.92751069302466481E-008,6.80010344998047955E-010)   (1.92751083071681771E-008,6.80010361488658299E-010)      (-0.23520752323333441,-8.29404952009447222E-003)
   11.451355000000000        1.2500000000000000     
        (0.46857974444870143,9.23756237330979751E-003)        (0.46976470701527556,9.39390469394630473E-003)
        (0.23598307879930369,8.32509766748445318E-003)   (1.93984812667181389E-008,6.93402592378953619E-010)   (1.93984827002332180E-008,6.93402609714222177E-010)      (-0.23671150052639811,-8.45723150959933750E-003)
   11.501349999999999        1.2500000000000000     
        (0.47475968627793608,9.43441222806555395E-003)        (0.47596166433498804,9.59526679876113869E-003)
        (0.23746405503203988,8.48660978742971778E-003)   (1.95205568064066802E-008,7.06948494525029211E-010)   (1.95205582960925772E-008,7.06948512688316006E-010)      (-0.23819958200066441,-8.62227801601718295E-003)
   11.551345000000000        1.2500000000000000     
        (0.48099355241665104,9.63424962120630092E-003)        (0.48221270825895485,9.79972261382973733E-003)
        (0.23892873515276111,8.64990579164396679E-003)   (1.96412997030614532E-008,7.20647366162020053E-010)   (1.96413012603813661E-008,7.20647386452616239E-010)      (-0.23967135739125583,-8.78918036300262856E-003)
   11.601339999999999        1.2500000000000000     
        (0.48728158664246618,9.83709690729842219E-003)        (0.48851808294280086,1.00072963411311708E-002)
        (0.24037671964190535,8.81497347659365195E-003)   (1.97606780218965402E-008,7.34498311372106847E-010)   (1.97606796368828829E-008,7.34498331378162622E-010)      (-0.24112643984534529,-8.95792719483681256E-003)
   11.651335000000000        1.2500000000000000     
        (0.49362400268408546,1.00429777145494507E-002)        (0.49487801022366890,1.02180132923204749E-002)
        (0.24180761544179616,8.98180124082945813E-003)   (1.98786589448348313E-008,7.48500453077017775E-010)   (1.98786606411636769E-008,7.48500474085171636E-010)      (-0.24256442213168120,-9.12850750116743839E-003)
   11.701330000000000        1.2500000000000000     
        (0.50002102537891790,1.02519149428817735E-002)        (0.50129271157587896,1.04318984387303786E-002)
        (0.24322101156429782,9.15037574224212072E-003)   (1.99952090710475472E-008,7.62652826348724729E-010)   (1.99952108252183107E-008,7.62652848325777162E-010)      (-0.24398490081123228,-9.30090910088111900E-003)
   11.751324999999998        1.2500000000000000     
        (0.50647290119622568,1.04639324885480653E-002)        (0.50776241771826014,1.06489771757477016E-002)
        (0.24461651527110306,9.32068414347549459E-003)   (2.01102948127064644E-008,7.76954436296403465E-010)   (2.01102966512423315E-008,7.76954459343984361E-010)      (-0.24538746278617851,-9.47511943852986059E-003)
   11.801319999999999        1.2500000000000000     
        (0.51297985278710023,1.06790534316441778E-002)        (0.51428737295062166,1.08692752504103551E-002)
        (0.24599372946998785,9.49271174849074077E-003)   (2.02238854069286662E-008,7.91404245155013818E-010)   (2.02238873298616983E-008,7.91404270575568373E-010)      (-0.24677173641051245,-9.65112550754710849E-003)
   11.851314999999998        1.2500000000000000     
        (0.51954210132385714,1.08973000237958043E-002)        (0.52086778156187996,1.10928159097559483E-002)
        (0.24735225476197048,9.66644224234939654E-003)   (2.03359461503935919E-008,8.06000939681386942E-010)   (2.03359481426734563E-008,8.06000964917613499E-010)      (-0.24813729089877873,-9.82891081319818040E-003)
   11.901309999999999        1.2500000000000000     
        (0.52615989408138875,1.11186962866595389E-002)        (0.52750389964706301,1.13196256898665231E-002)
        (0.24869168987095475,9.84186049424157910E-003)   (2.04464457982561806E-008,8.20743424545646809E-010)   (2.04464478679280160E-008,8.20743450992698382E-010)      (-0.24948374642237489,-1.00084616185459590E-002)
   11.951304999999998        1.2500000000000000     
        (0.53283347310583540,1.13432645165581526E-002)        (0.53419598293926795,1.15497286836564461E-002)
        (0.25001165301706157,1.00189484579577114E-002)   (2.05553528814482507E-008,8.35630308269234453E-010)   (2.05553550460741736E-008,8.35630335924149219E-010)      (-0.25081072404742044,-1.01897604950034661E-002)
   12.001299999999999        1.2500000000000000     
        (0.53956303297416108,1.15710273026527460E-002)        (0.54094420232509877,1.17831492677071166E-002)
        (0.25131173173863441,1.01976877993122609E-002)   (2.06626322997804544E-008,8.50660175930205948E-010)   (2.06626345098293132E-008,8.50660204932678583E-010)      (-0.25211778796964807,-1.03727897442328857E-002)
   12.051294999999998        1.2500000000000000     
        (0.54634884073510970,1.18020082235633927E-002)        (0.54774883498635296,1.20199131469014443E-002)
        (0.25259152746565816,1.03780601780192674E-002)   (2.07682513561455129E-008,8.65831630272625309E-010)   (2.07682536962070039E-008,8.65831660581601596E-010)      (-0.25340454228135106,-1.05575318619303884E-002)
   12.101289999999999        1.2500000000000000     
        (0.55319110421312712,1.20362299984337704E-002)        (0.55461008766573527,1.22600448689277833E-002)
        (0.25385066774624876,1.05600455032087859E-002)   (2.08721799039461703E-008,8.81143118267011495E-010)   (2.08721823049779664E-008,8.81143149897835223E-010)      (-0.25467061953125802,-1.07439674659005717E-002)
   12.151284999999998        1.2500000000000000     
        (0.56009006080657997,1.22737144023436877E-002)        (0.56152820634337430,1.25035686528997096E-002)
        (0.25508873368960916,1.07436220217597342E-002)   (2.09743848010250918E-008,8.96592987506154558E-010)   (2.09743873349586404E-008,8.96593020624367418E-010)      (-0.25591560865160307,-1.09320758950976135E-002)
   12.201279999999999        1.2500000000000000     
        (0.56704595072511843,1.25144850137073067E-002)        (0.56850342359488693,1.27505092509200973E-002)
        (0.25630536321365760,1.09287687657977708E-002)   (2.10748338872385190E-008,9.12179548917850382E-010)   (2.10748365217173070E-008,9.12179583481807758E-010)      (-0.25713911985237503,-1.11218360570984765E-002)
   12.251274999999998        1.2500000000000000     
        (0.57405900908270002,1.27585640168656513E-002)        (0.57553597922317667,1.30008917748638698E-002)
        (0.25750013185220566,1.11154624203787418E-002)   (2.11734943128837425E-008,9.27901069943585642E-010)   (2.11734970080365957E-008,9.27901106069290517E-010)      (-0.25834075909661347,-1.13132263457698286E-002)
   12.301269999999999        1.2500000000000000     
        (0.58112943275847218,1.30059740037128477E-002)        (0.58262605125503897,1.32547403385177044E-002)
        (0.25867264863815448,1.13036793420396124E-002)   (2.12703316670293445E-008,9.43755662118630983E-010)   (2.12703345094911931E-008,9.43755698541776047E-010)      (-0.25952009407163129,-1.15062231829312842E-002)
   12.351264999999998        1.2500000000000000     
        (0.58825751026917616,1.32567383717566781E-002)        (0.58977395601414817,1.35120803586603680E-002)
        (0.25982255984095060,1.14933954927312742E-002)   (2.13653190777736112E-008,9.59741452875653368E-010)   (2.13653219965660720E-008,9.59741492217287468E-010)      (-0.26067680642173741,-1.17008032012229715E-002)
   12.401259999999999        1.2500000000000000     
        (0.59544341608516582,1.35108781739689300E-002)        (0.59697985284233812,1.37729352118838421E-002)
        (0.26094942940672222,1.16845839258551271E-002)   (2.14584200955055498E-008,9.75856352091434417E-010)   (2.14584231449435783E-008,9.75856391954319069E-010)      (-0.26181044094814682,-1.18969404226628508E-002)
   12.451254999999998        1.2500000000000000     
        (0.60268669786914331,1.37684020889108673E-002)        (0.60424410185012856,1.40373268438054484E-002)
        (0.26205214335083171,1.18772041010692976E-002)   (2.15495617567054366E-008,9.92097654700192020E-010)   (2.15495614740666853E-008,9.92097653721106719E-010)      (-0.26292095138743810,-1.20946072172777273E-002)
   12.501249999999999        1.2500000000000000     
        (0.60998898502163201,1.40293599720358736E-002)        (0.61156673951106633,1.43052845196890675E-002)
        (0.26313178211448029,1.20712558025266575E-002)   (2.16387942378949041E-008,1.00846436145789883E-009)   (2.16387939411682413E-008,1.00846436030499828E-009)      (-0.26400730742276912,-1.22937792387687664E-002)
   12.551245000000000        1.2500000000000000     
        (0.61734986148733317,1.42937622670908475E-002)        (0.61894813602578092,1.45768328228627134E-002)
        (0.26418727039470752,1.22666983186770946E-002)   (2.17260497479799164E-008,1.02495384047606437E-009)   (2.17260494379918212E-008,1.02495383938305458E-009)      (-0.26506948584456302,-1.24944294536331480E-002)
   12.601239999999999        1.2500000000000000     
        (0.62476949553731276,1.45616295301659940E-002)        (0.62638845372263885,1.48519932951620016E-002)
        (0.26521817301517170,1.24635003410136207E-002)   (2.18112918951540332E-008,1.04156351885723079E-009)   (2.18112915736570333E-008,1.04156351769015111E-009)      (-0.26610704057125106,-1.26965259879845901E-002)
   12.651235000000000        1.2500000000000000     
        (0.63224814014023012,1.48329848252101975E-002)        (0.63388794618576660,1.51307912005878911E-002)
        (0.26622413045776516,1.26616316604382228E-002)   (2.18944889701496766E-008,1.05829103309503265E-009)   (2.18944886283636536E-008,1.05829103183865036E-009)      (-0.26711958352262294,-1.29000393492627319E-002)
   12.701229999999999        1.2500000000000000     
        (0.63978604579850773,1.51078508026340295E-002)        (0.64144687167744641,1.54132521109352095E-002)
        (0.26720475303743890,1.28610612195002860E-002)   (2.19756129220248866E-008,1.07513399485008230E-009)   (2.19756125670939512E-008,1.07513399351143027E-009)      (-0.26810677007335781,-1.31049397925133062E-002)
   12.751225000000000        1.2500000000000000     
        (0.64738343918844632,1.53862492909948457E-002)        (0.64906544280814538,1.56993992368715772E-002)
        (0.26815968184250699,1.30617556143442833E-002)   (2.20546308146045845E-008,1.09208969563206679E-009)   (2.20546304459461335E-008,1.09208969421676221E-009)      (-0.26906820817830063,-1.33111937115159753E-002)
   12.801219999999999        1.2500000000000000     
        (0.65504054427840563,1.56682017692101709E-002)        (0.65674388246910431,1.59892561468175133E-002)
        (0.26908852679815859,1.32636805054996004E-002)   (2.21315110154574800E-008,1.10915540984230437E-009)   (2.21315106277353085E-008,1.10915540834422197E-009)      (-0.27000350098682208,-1.35187672401647294E-002)
   12.851215000000000        1.2500000000000000     
        (0.66275761160490365,1.59537326166813639E-002)        (0.66448246604411887,1.62828501135215686E-002)
        (0.26999091272552100,1.34668029213527232E-002)   (2.22062239333709548E-008,1.12632859588997874E-009)   (2.22062235374203942E-008,1.12632859429528909E-009)      (-0.27091229027221148,-1.37276286679171456E-002)
   12.901209999999999        1.2500000000000000     
        (0.67053485161694226,1.62428618592765674E-002)        (0.67228139027230582,1.65802027651675010E-002)
        (0.27086647758911159,1.36710848991592835E-002)   (2.22787400554987174E-008,1.14360617984796326E-009)   (2.22787396243461458E-008,1.14360617818541419E-009)      (-0.27179421416880889,-1.39377399962064726E-002)
   12.951205000000000        1.2500000000000000     
        (0.67837255361305848,1.65356127184312016E-002)        (0.68014094899807009,1.68813391550413743E-002)
        (0.27171486765015090,1.38764907570617969E-002)   (2.23490292812599468E-008,1.16098530690646604E-009)   (2.23490288452699932E-008,1.16098530520199566E-009)      (-0.27264890860591290,-1.41490655762466586E-002)
   13.001199999999999        1.2500000000000000     
        (0.68627090157276449,1.68320085119994835E-002)        (0.68806129754549838,1.71862850239106052E-002)
        (0.27253568491636493,1.40829836544044164E-002)   (2.24170570759380189E-008,1.17846306752321808E-009)   (2.24170566208734491E-008,1.17846306563346689E-009)      (-0.27347594485494220,-1.43615692244329421E-002)
   13.051195000000000        1.2500000000000000     
        (0.69423008711474687,1.71320711006481240E-002)        (0.69604265146396038,1.74950652647315498E-002)
        (0.27332853879111241,1.42905237287878992E-002)   (2.24827927159302995E-008,1.19603634306403123E-009)   (2.24827922394327521E-008,1.19603634107247437E-009)      (-0.27427495297561311,-1.45752123777369499E-002)
   13.101189999999999        1.2500000000000000     
        (0.70225044559629557,1.74358214230877877E-002)        (0.70408534442951332,1.78077018321004844E-002)
        (0.27409309542811505,1.44990702227934531E-002)   (2.25462111968000253E-008,1.21370180149052013E-009)   (2.25462107055322814E-008,1.21370179941241247E-009)      (-0.27504563126091042,-1.47899535445428620E-002)
   13.151185000000000        1.2500000000000000     
        (0.71033216355423290,1.77432828914713091E-002)        (0.71218958057654336,1.81242206807831867E-002)
        (0.27482903235409223,1.47085828239478418E-002)   (2.26072835833457106E-008,1.23145624623765093E-009)   (2.26072830587186659E-008,1.23145624405004400E-009)      (-0.27578761313615002,-1.50057531085776817E-002)
   13.201179999999999        1.2500000000000000     
        (0.71847546948111796,1.80544777150786380E-002)        (0.72035553347488079,1.84446465759463586E-002)
        (0.27553593208290922,1.49190192684577408E-002)   (2.26659746419841685E-008,1.24929632535282777E-009)   (2.26659740963516497E-008,1.24929632301418925E-009)      (-0.27650047871809530,-1.52225694253537696E-002)
   13.251175000000000        1.2500000000000000     
        (0.72668061156468000,1.83694289078435054E-002)        (0.72858348862233657,1.87690047421166205E-002)
        (0.27621344273607373,1.51303373897860149E-002)   (2.27222561359534124E-008,1.26721867384181467E-009)   (2.27222555759590728E-008,1.26721867146041091E-009)      (-0.27718388190792276,-1.54403606327046632E-002)
   13.301169999999999        1.2500000000000000     
        (0.73494782922540947,1.86881583524386406E-002)        (0.73687369992312701,1.90973181197342801E-002)
        (0.27686124438683618,1.53424920028090352E-002)   (2.27761031465646136E-008,1.28521958250671152E-009)   (2.27761025563447106E-008,1.28521957996521088E-009)      (-0.27783751864759454,-1.56590808244091648E-002)
   13.351165000000000        1.2500000000000000     
        (0.74327731288131360,1.90106887080496827E-002)        (0.74522633511699699,1.94296131422349132E-002)
        (0.27747895057384386,1.55554382462661164E-002)   (2.28274821634142065E-008,1.30329557588799066E-009)   (2.28274815552973543E-008,1.30329557323064627E-009)      (-0.27846097342928278,-1.58786868695939970E-002)
   13.401159999999999        1.2500000000000000     
        (0.75166940285600869,1.93370431952336851E-002)        (0.75364172639243554,1.97659137354111968E-002)
        (0.27806626871044016,1.57691303915992800E-002)   (2.28763693725228413E-008,1.32144287110302519E-009)   (2.28763687382778946E-008,1.32144286824529712E-009)      (-0.27905396281291084,-1.60991317696727726E-002)
   13.451155000000000        1.2500000000000000     
        (0.76012421109695216,1.96672441330907263E-002)        (0.76211999583074808,2.01062460513859800E-002)
        (0.27862274359381772,1.59835207535778123E-002)   (2.29227279630524945E-008,1.33965775669290012E-009)   (2.29227272989338836E-008,1.33965775361830122E-009)      (-0.27961603435757437,-1.63203694242144044E-002)
   13.501149999999999        1.2500000000000000     
        (0.76864208596489769,2.00013126754198835E-002)        (0.77066150230734376,2.04506319366249342E-002)
        (0.27914817111372786,1.61985594245098417E-002)   (2.29665406061963030E-008,1.35793612168892109E-009)   (2.29665399147756861E-008,1.35793611856801744E-009)      (-0.28014697602493149,-1.65423489355733533E-002)
   13.551145000000000        1.2500000000000000     
        (0.77722318593109074,2.03392742328166662E-002)        (0.77926637279444155,2.07991002042334054E-002)
        (0.27964211735307359,1.64141994425950587E-002)   (2.30077698748348871E-008,1.37627427888678848E-009)   (2.30077691480256936E-008,1.37627427562032090E-009)      (-0.28064633468682848,-1.67650245626728006E-002)
   13.601139999999999        1.2500000000000000     
        (0.78586778555213455,2.06811504337018372E-002)        (0.78793492002806109,2.11516739138677100E-002)
        (0.28010429762044864,1.66303893320691870E-002)   (2.30463956477932951E-008,1.39466800755054649E-009)   (2.30463948949812919E-008,1.39466800411282729E-009)      (-0.28111385026990693,-1.69883439025114193E-002)
   13.651135000000000        1.2500000000000000     
        (0.79457612090697727,2.10269643526614786E-002)        (0.79666733527417810,2.15083784831247952E-002)
        (0.28053433355669788,1.68470772541997847E-002)   (2.30823826613344306E-008,1.41311316440177950E-009)   (2.30823818797012016E-008,1.41311316079901419E-009)      (-0.28154910817081807,-1.72122555708546753E-002)
   13.701129999999999        1.2500000000000000     
        (0.80334843305596204,2.13767391693261630E-002)        (0.80546391165288844,2.18692395612742341E-002)
        (0.28093194725970927,1.70642109216291686E-002)   (2.31157131260702972E-008,1.43160554210243397E-009)   (2.31157123269112022E-008,1.43160553816379239E-009)      (-0.28195188507408819,-1.74367074042955719E-002)
   13.751125000000000        1.2500000000000000     
        (0.81218492614238968,2.17304978353460541E-002)        (0.81432479036445404,2.22342820781383649E-002)
        (0.28129673452638332,1.72817363747263912E-002)   (2.31463483793573334E-008,1.45014078220631060E-009)   (2.31463475448475532E-008,1.45014077812130210E-009)      (-0.28232171108815590,-1.76616454549413417E-002)
   13.801119999999999        1.2500000000000000     
        (0.82108588889338130,2.20882638367023328E-002)        (0.82325032665320030,2.26035316022516718E-002)
        (0.28162846688643833,1.74995990541883459E-002)   (2.31742739812464797E-008,1.46871445211124530E-009)   (2.31742731078551311E-008,1.46871444782163719E-009)      (-0.28265840609117365,-1.78870146327488114E-002)
   13.851115000000000        1.2500000000000000     
        (0.83005149652818011,2.24500616894184844E-002)        (0.83224064317116420,2.29770156143783433E-002)
        (0.28192674610227220,1.77177442660471467E-002)   (2.31994539046042781E-008,1.48732221922127641E-009)   (2.31994530004014674E-008,1.48732221469091614E-009)      (-0.28296152789553852,-1.81127611967609181E-002)
   13.901109999999999        1.2500000000000000     
        (0.83908204943315390,2.28159123638724606E-002)        (0.84129606287321301,2.33547562986252850E-002)
        (0.28219130244675894,1.79361126110385537E-002)   (2.32218675722909767E-008,1.50595917814828558E-009)   (2.32218666233288606E-008,1.50595917355338393E-009)      (-0.28323083223606993,-1.83388244308871351E-002)
   13.951105000000000        1.2500000000000000     
        (0.84817777406801109,2.31858424877219547E-002)        (0.85041680608033809,2.37367837260575795E-002)
        (0.28242181971116337,1.81546491677084566E-002)   (2.32414879361786312E-008,1.52462102007819592E-009)   (2.32414869555524780E-008,1.52462101523544531E-009)      (-0.28346598710042353,-1.85651509878155332E-002)
   14.001100000000001        1.2500000000000000     
        (0.85733894004272604,2.35598735045070944E-002)        (0.85960313334513228,2.41231198912060449E-002)
        (0.28261800770731238,1.83732927629784021E-002)   (2.32582922264994384E-008,1.54330260872466728E-009)   (2.32582912074047512E-008,1.54330260356558999E-009)      (-0.28366671301891216,-1.87916770260625685E-002)
   14.051095000000000        1.2500000000000000     
        (0.86656570268382183,2.39380313184736973E-002)        (0.86885520647446668,2.45137944533795928E-002)
        (0.28277952069659029,1.85919852367412812E-002)   (2.32722511436876438E-008,1.56199941906201822E-009)   (2.32722500711813585E-008,1.56199941352031653E-009)      (-0.28383264591715224,-1.90183465429020343E-002)
   14.101089999999997        1.2500000000000000     
        (0.87585835282564795,2.43203391907950185E-002)        (0.87817332182813834,2.49088320635046101E-002)
        (0.28290605041851397,1.88106645393475748E-002)   (2.32833379260861243E-008,1.58070632957995727E-009)   (2.32833368104901546E-008,1.58070632381014379E-009)      (-0.28396347616920864,-1.92450962062151176E-002)
   14.151084999999997        1.2500000000000000     
        (0.88521712471473091,2.47068210689638766E-002)        (0.88755770858590710,2.53082590829466943E-002)
        (0.28299734269358939,1.90292688691143831E-002)   (2.32915347964211253E-008,1.59941834884200808E-009)   (2.32915336353674583E-008,1.59941834272428491E-009)      (-0.28405897023507098,-1.94718639569058764E-002)
   14.201079999999997        1.2500000000000000     
        (0.89464223447720503,2.50975021101484813E-002)        (0.89700855673541913,2.57121029311031639E-002)
        (0.28305307480138731,1.92477353308783579E-002)   (2.32968099479451095E-008,1.61813039552271826E-009)   (2.32968087376782989E-008,1.61813038916529634E-009)      (-0.28411874119270314,-1.96985868764055078E-002)
   14.251074999999998        1.2500000000000000     
        (0.90413400244719389,2.54924071906499836E-002)        (0.90652623071903982,2.61203898882732023E-002)
        (0.28307300371925714,1.94660001593948556E-002)   (2.32991488485246847E-008,1.63683719937010201E-009)   (2.32991475946763051E-008,1.63683719268711607E-009)      (-0.28414261413038777,-1.99251996975308258E-002)
   14.301069999999998        1.2500000000000000     
        (0.91369259067929109,2.58915595193625371E-002)        (0.91611084682746591,2.65331462892759093E-002)
        (0.28305677135936930,1.96839971213837867E-002)   (2.32985175803191572E-008,1.65553350046049998E-009)   (2.32985162782568582E-008,1.65553349348919176E-009)      (-0.28413018586609806,-2.01516372181544945E-002)
   14.351064999999998        1.2500000000000000     
        (0.92331829930237941,2.62949869316840799E-002)        (0.92576275259629504,2.69504016983408042E-002)
        (0.28300419476716776,1.99016623302407242E-002)   (2.32949056115473959E-008,1.67421404223632472E-009)   (2.32949042554079129E-008,1.67421403490614130E-009)      (-0.28408131091218092,-2.03778342604518277E-002)
   14.401059999999998        1.2500000000000000     
        (0.93301132332784420,2.67027129182368685E-002)        (0.93548207763146929,2.73721823404608419E-002)
        (0.28291491506948913,2.01189274300023549E-002)   (2.32882773097491612E-008,1.69287332513554346E-009)   (2.32882759254744829E-008,1.69287331753106364E-009)      (-0.28399557127873581,-2.06037228024142510E-002)
   14.451054999999998        1.2500000000000000     
        (0.94277193025068473,2.71147635833249856E-002)        (0.94526913339842200,2.77985154408319987E-002)
        (0.28278869593393113,2.03357245640903642E-002)   (2.32786177717060524E-008,1.71150575313515381E-009)   (2.32786163390993466E-008,1.71150574492552023E-009)      (-0.28387276717909637,-2.08292335445163027E-002)
   14.501049999999998        1.2500000000000000     
        (0.95260035858321712,2.75311637962689405E-002)        (0.95512417741842970,2.82294288112626308E-002)
        (0.28262529705983258,2.05519840055419442E-002)   (2.32659057259651988E-008,1.73010570491274623E-009)   (2.32659042391167960E-008,1.73010569661694814E-009)      (-0.28371264902739018,-2.10542967367776460E-002)
   14.551044999999998        1.2500000000000000     
        (0.96249683731219393,2.79519403062723874E-002)        (0.96504736968720084,2.86649508516298238E-002)
        (0.28242439481285764,2.07676365586020768E-002)   (2.32501143191263396E-008,1.74866750630122239E-009)   (2.32501127402465597E-008,1.74866749747501562E-009)      (-0.28351488610744513,-2.12788421081811473E-002)
   14.601039999999998        1.2500000000000000     
        (0.97246162425924554,2.83771194815302594E-002)        (0.97503902977449830,2.91051103516425345E-002)
        (0.28218577011928009,2.09826115446173495E-002)   (2.32312255789012634E-008,1.76718544661931550E-009)   (2.32312239592768562E-008,1.76718543713928532E-009)      (-0.28327926615028298,-2.15027989759872945E-002)
   14.651034999999998        1.2500000000000000     
        (0.98249496785702628,2.88067271661492756E-002)        (0.98509935996059506,2.95499355579300904E-002)
        (0.28190918347594801,2.11968363832055993E-002)   (2.32092177188423649E-008,1.78565360002320473E-009)   (2.32092160155129805E-008,1.78565359021624238E-009)      (-0.28300551804833551,-2.17260939932337298E-002)
   14.701029999999998        1.2500000000000000     
        (0.99259713008868411,2.92407907088144750E-002)        (0.99522865983975062,2.99994550440359914E-002)
        (0.28159441807627494,2.14102385176365290E-002)   (2.31840768151781147E-008,1.80406601781069571E-009)   (2.31840750417112856E-008,1.80406600740423214E-009)      (-0.28269346167950082,-2.19486533042233985E-002)
   14.751024999999998        1.2500000000000000     
         (1.0027682807048184,2.96793364834847147E-002)         (1.0054270603554634,3.04536984434011331E-002)
        (0.28124111531482532,2.16227437426555757E-002)   (2.31557686430797761E-008,1.82241668820631006E-009)   (2.31557668008682460E-008,1.82241667744440119E-009)      (-0.28234269873064088,-2.21704025727630337E-002)
   14.801019999999998        1.2500000000000000     
         (1.0130087455970966,3.01223925821514464E-002)         (1.0156949025730959,3.09126952749071426E-002)
        (0.28084914257895760,2.18342785020146680E-002)   (2.31242851320430801E-008,1.84069958113056467E-009)   (2.31242832539080753E-008,1.84069956991329287E-009)      (-0.28195312153932384,-2.23912670792965826E-002)
   14.851014999999999        1.2500000000000000     
         (1.0233187710295593,3.05699855248120871E-002)         (1.0260324502925431,3.13764733191274695E-002)
        (0.28041825456594660,2.20447652931572667E-002)   (2.30896066456832172E-008,1.85890831057470985E-009)   (2.30896046636525275E-008,1.85890829848388363E-009)      (-0.28152449194531010,-2.26111679380427803E-002)
   14.901009999999998        1.2500000000000000     
         (1.0336985268625316,3.10221444553341399E-002)         (1.0364398335644511,3.18450649227263946E-002)
        (0.27994821595198555,2.22541298018404145E-002)   (2.30517103663116705E-008,1.87703688831033012E-009)   (2.30517083088856055E-008,1.87703687607107833E-009)      (-0.28105652146603977,-2.28300306462720093E-002)
   14.951004999999999        1.2500000000000000     
         (1.0441482731663725,3.14788966322556638E-002)         (1.0469173444079041,3.23184992254710798E-002)
        (0.27943875345281616,2.24622926364486213E-002)   (2.30105749464051419E-008,1.89507881290079575E-009)   (2.30105728354875235E-008,1.89507879985942527E-009)      (-0.28054895973705596,-2.30477749794302245E-002)
   15.000999999999998        1.2500000000000000     
         (1.0546683259437379,3.19402696310667755E-002)         (1.0574652559412576,3.27968051040202838E-002)
        (0.27888970296276572,2.26691753159554456E-002)   (2.29661879584935119E-008,1.91302762116667260E-009)   (2.29661857452706982E-008,1.91302760752840032E-009)      (-0.28000166906351404,-2.32643209231243007E-002)
   15.050994999999999        1.2500000000000000     
         (1.0652589090097164,3.24062942528916612E-002)         (1.0680838496729470,3.32800160764405370E-002)
        (0.27830087995298292,2.28747005709903778E-002)   (2.29185330009410222E-008,1.93087700660978824E-009)   (2.29185307227381553E-008,1.93087699223968817E-009)      (-0.27941441847198839,-2.34795900586611990E-002)
   15.100989999999998        1.2500000000000000     
         (1.0759202218559620,3.28769988351454157E-002)         (1.0787732827017056,3.37681623227801819E-002)
        (0.27767204818900654,2.30787870478913679E-002)   (2.28675918398737507E-008,1.94862035016974899E-009)   (2.28675894996613753E-008,1.94862033503406928E-009)      (-0.27878699826379716,-2.36935008527870382E-002)
   15.150984999999999        1.2500000000000000     
         (1.0866525155895814,3.33524125183002756E-002)         (1.0895337888391936,3.42612749195021493E-002)
        (0.27700295821222209,2.32813544000671016E-002)   (2.28133396115189363E-008,1.96625102203875733E-009)   (2.28133371637019437E-008,1.96625100623518677E-009)      (-0.27811913084972317,-2.39059709920005567E-002)
   15.200979999999998        1.2500000000000000     
         (1.0974561133970047,3.38325656696027849E-002)         (1.1003657122240942,3.47593859113320483E-002)
        (0.27629348122809477,2.34823209690274183E-002)   (2.27557713692831463E-008,1.98376233765952789E-009)   (2.27557688391175874E-008,1.98376232144630108E-009)      (-0.27741071553006885,-2.41169177429956458E-002)
   15.250974999999999        1.2500000000000000     
         (1.1083312156783030,3.43174862720979496E-002)         (1.1112692770418799,3.52625247859796806E-002)
        (0.27554345466691094,2.36816012801730272E-002)   (2.26948706977747841E-008,2.00114724733902140E-009)   (2.26948680803578536E-008,2.00114723022787061E-009)      (-0.27666158121569895,-2.43262540508242704E-002)
   15.300969999999998        1.2500000000000000     
         (1.1192780153736743,3.48072077283574921E-002)         (1.1222446425237358,3.57707276221164300E-002)
        (0.27475263619725515,2.38791153834236845E-002)   (2.26306151678074961E-008,2.01839923886997937E-009)   (2.26306124364843178E-008,2.01839922072284193E-009)      (-0.27587143540026654,-2.45338990349423247E-002)
   15.350964999999999        1.2500000000000000     
         (1.1302968256861887,3.53017601100874198E-002)         (1.1332921073702515,3.62840274212041791E-002)
        (0.27392085900029950,2.40747790511052460E-002)   (2.25629931393719288E-008,2.03551151277193521E-009)   (2.25629903428785119E-008,2.03551149431849445E-009)      (-0.27504014784181735,-2.47397687221824064E-002)
   15.400959999999998        1.2500000000000000     
         (1.1413878932147619,3.58011734431932793E-002)         (1.1444119404093180,3.68024532925924491E-002)
        (0.27304797795602798,2.42685045139470514E-002)   (2.24919950050316161E-008,2.05247660354607457E-009)   (2.24919920868615293E-008,2.05247658358336502E-009)      (-0.27416759442347716,-2.49437706967465533E-002)
   15.450954999999999        1.2500000000000000     
         (1.1525514622150033,3.63054808343445737E-002)         (1.1556043621000733,3.73260420852810082E-002)
        (0.27213379431673079,2.44602096072222691E-002)   (2.24175996354993467E-008,2.06928792663328896E-009)   (2.24175965998457868E-008,2.06928790621038451E-009)      (-0.27325353899563698,-2.51458231410556371E-002)
   15.500949999999998        1.2500000000000000     
         (1.1637877330012207,3.68147135093532044E-002)         (1.1668696195815587,3.78548269560875367E-002)
        (0.27117813985065220,2.46498052455499939E-002)   (2.23397945379084128E-008,2.08593819098922564E-009)   (2.23397914240745523E-008,2.08593816951271850E-009)      (-0.27229780240164742,-2.53458362139383844E-002)
   15.550944999999999        1.2500000000000000     
         (1.1750970039167756,3.73289037897110779E-002)         (1.1782079524053239,3.83888404849017442E-002)
        (0.27018092800817450,2.48372049666971059E-002)   (2.22585727088957936E-008,2.10242012711387319E-009)   (2.22585694835469089E-008,2.10242010465481445E-009)      (-0.27130031236970548,-2.55437200435240166E-002)
   15.600939999999998        1.2500000000000000     
         (1.1864795159255905,3.78480858547594265E-002)         (1.1896196206243690,3.89281197786266533E-002)
        (0.26914194345069320,2.50223212982928420E-002)   (2.21739186762367184E-008,2.11872667264100782E-009)   (2.21739153373673068E-008,2.11872664965443160E-009)      (-0.27026087772025165,-2.57393868825056653E-002)
   15.650934999999999        1.2500000000000000     
         (1.1979355686931510,3.83722906452430915E-002)         (1.2011049416716708,3.94726984518471435E-002)
        (0.26806111363082341,2.52050649429852273E-002)   (2.20858218120871629E-008,2.13485051467202562E-009)   (2.20858183461898250E-008,2.13485049040531213E-009)      (-0.26917936688729854,-2.59327463241785967E-002)
   15.700930000000000        1.2500000000000000     
         (1.2094652894501501,3.89015540210774502E-002)         (1.2126639868741727,4.00226119973265890E-002)
        (0.26693823348348755,2.53853467156888064E-002)   (2.19942665901960905E-008,2.15078416546444179E-009)   (2.19942630069625507E-008,2.15078413978561105E-009)      (-0.26805560324132366,-2.61237059249429283E-002)
   15.750924999999999        1.2500000000000000     
         (1.2210690226604770,3.94359079371763011E-002)         (1.2242971750423477,4.05778952271682106E-002)
        (0.26577321913263452,2.55630763817322956E-002)   (2.18992496821261274E-008,2.16652026696165006E-009)   (2.18992459509882835E-008,2.16652024054907785E-009)      (-0.26688951728540716,-2.63121741991959625E-002)
   15.800920000000000        1.2500000000000000     
         (1.2327469812029537,3.99753896688312127E-002)         (1.2360046339346802,4.11385871922916244E-002)
        (0.26456591441941613,2.57381652095148537E-002)   (2.18007508809734690E-008,2.18205152087205193E-009)   (2.18007470133013818E-008,2.18205149311585510E-009)      (-0.26568090892070584,-2.64980616403425774E-002)
   15.850914999999999        1.2500000000000000     
         (1.2444994368190976,4.05200321188450632E-002)         (1.2477866896792822,4.17047212508009219E-002)
        (0.26331623662807041,2.59105207146964438E-002)   (2.16987670142803698E-008,2.19737020568707092E-009)   (2.16987630024679647E-008,2.19737017693988152E-009)      (-0.26442970829366291,-2.66812719492388641E-002)
   15.900910000000000        1.2500000000000000     
         (1.2563265992720574,4.10698700221229090E-002)         (1.2596435422274392,4.22763351651282218E-002)
        (0.26202409689474093,2.60800486364844951E-002)   (2.15932913933908075E-008,2.21246868184922991E-009)   (2.15932872297394516E-008,2.21246865174608014E-009)      (-0.26313582536332575,-2.68617111700940811E-002)
   15.950904999999999        1.2500000000000000     
         (1.2682287990495789,4.16249407204606833E-002)         (1.2715755104831930,4.28534661027762456E-002)
        (0.26068934973765417,2.62466596974873616E-002)   (2.14843119261062445E-008,2.22733939268175042E-009)   (2.14843076451096341E-008,2.22733936139806130E-009)      (-0.26179913640808578,-2.70392854822662301E-002)
   16.000900000000001        1.2500000000000000     
         (1.2802061844029000,4.21852822076037512E-002)         (1.2835827270906226,4.34361555936061822E-002)
        (0.25931188347253809,2.64102613294908903E-002)   (2.13718167301830667E-008,2.24197491185494427E-009)   (2.13718122935873807E-008,2.24197487874073755E-009)      (-0.26041949582611224,-2.72139033995724908E-002)
   16.050895000000001        1.2500000000000000     
         (1.2922590675536467,4.27509290581432819E-002)         (1.2956655143110727,4.40244396808588470E-002)
        (0.25789166317737583,2.65707586982730920E-002)   (2.12558041470885507E-008,2.25636731866174894E-009)   (2.12557995808689279E-008,2.25636728436418384E-009)      (-0.25899688402246063,-2.73854663236359520E-002)
   16.100890000000000        1.2500000000000000     
         (1.3043877433003559,4.33219176422335595E-002)         (1.3078241766658327,4.46183541989715396E-002)
        (0.25642859341949725,2.67280566834114282E-002)   (2.11362678638060927E-008,2.27050864892821529E-009)   (2.11362631099808218E-008,2.27050861328327348E-009)      (-0.25753119996291685,-2.75538763780633564E-002)
   16.150885000000002        1.2500000000000000     
         (1.3165923896461245,4.38982909162717316E-002)         (1.3200588616503570,4.52179450230417029E-002)
        (0.25492256973617700,2.68820654641651370E-002)   (2.10131939351482822E-008,2.28439164874018316E-009)   (2.10131890352035876E-008,2.28439161136682967E-009)      (-0.25602231317927648,-2.77190437812265475E-002)
   16.200880000000002        1.2500000000000000     
         (1.3288732202402520,4.44800803485236526E-002)         (1.3323698043413117,4.58232445818281542E-002)
        (0.25337352498908033,2.70326835618352954E-002)   (2.08865812398744722E-008,2.29800772788431604E-009)   (2.08865761606270342E-008,2.29800768925929684E-009)      (-0.25447017270825989,-2.78808620756086541E-002)
   16.250875000000001        1.2500000000000000     
         (1.3412306206368219,4.50673281130552078E-002)         (1.3447573686028058,4.64342964063522989E-002)
        (0.25178143524734153,2.71798191041462585E-002)   (2.07564255466798822E-008,2.31134936185520226E-009)   (2.07564203076860438E-008,2.31134932135580171E-009)      (-0.25287475179533336,-2.80392382523201034E-002)
   16.300870000000000        1.2500000000000000     
         (1.3536647163665592,4.56600741720422573E-002)         (1.3572217036811134,4.70511418895769445E-002)
        (0.25014623708531919,2.73233766945496226E-002)   (2.06227233740600759E-008,2.32440866512968826E-009)   (2.06227179681196799E-008,2.32440862299915744E-009)      (-0.25123600031196569,-2.81940748783333049E-002)
   16.350865000000002        1.2500000000000000     
         (1.3661758260567185,4.62583570889727042E-002)         (1.3697630877552436,4.76738207054619029E-002)
        (0.24846782454249705,2.74632572608162658E-002)   (2.04854603719137265E-008,2.33717745214350704E-009)   (2.04854547586423331E-008,2.33717740784910234E-009)      (-0.24955375548796424,-2.83452712181797503E-002)
   16.400860000000002        1.2500000000000000     
         (1.3787641881043302,4.68622184585426385E-002)         (1.3823818072309380,4.83023779061517583E-002)
        (0.24674625707318001,2.75993686638823996E-002)   (2.03446492571164791E-008,2.34964812618862449E-009)   (2.03446434480402909E-008,2.34964808076430473E-009)      (-0.24782815508900000,-2.84927326438143211E-002)
   16.450855000000001        1.2500000000000000     
         (1.3914300689351802,4.74716961433379603E-002)         (1.3950780839474486,4.89368482688267506E-002)
        (0.24498142057037159,2.77316083892208444E-002)   (2.02002725779824470E-008,2.36181193467355418E-009)   (2.02002665505935686E-008,2.36181188745251995E-009)      (-0.24605900806737854,-2.86363511736268325E-002)
   16.500850000000000        1.2500000000000000     
         (1.4041736527663764,4.80868363830908238E-002)         (1.4078521026709112,4.95772812478669292E-002)
        (0.24317327695758004,2.78598829061922938E-002)   (2.00523335001856014E-008,2.37366132957698085E-009)   (2.00523273165109022E-008,2.37366128082895095E-009)      (-0.24424633508205468,-2.87760342354448813E-002)
   16.550845000000002        1.2500000000000000     
         (1.4169952677495328,4.87076774666611381E-002)         (1.4207041926866915,5.02237180337712918E-002)
        (0.24132187605605696,2.79840936579738922E-002)   (1.99008304493275257E-008,2.38518818499377029E-009)   (1.99008240817014306E-008,2.38518813281365429E-009)      (-0.24239013956710220,-2.89116803542794551E-002)
   16.600840000000002        1.2500000000000000     
         (1.4298951817578176,4.93342627944452147E-002)         (1.4336346280838104,5.08762006504763636E-002)
        (0.23942717230798133,2.81041428272235175E-002)   (1.97457614911775186E-008,2.39638411322569736E-009)   (1.97457548783247047E-008,2.39638405999977774E-009)      (-0.24049038569561207,-2.90431860826387452E-002)
   16.650835000000001        1.2500000000000000     
         (1.4428735317836785,4.99666351718390106E-002)         (1.4466435362588983,5.15347741008281984E-002)
        (0.23748916761474217,2.82199306396948082E-002)   (1.95871286604513815E-008,2.40724103435855888E-009)   (1.95871218456694434E-008,2.40724097819581887E-009)      (-0.23854707134503697,-2.91704526587415157E-002)
   16.700830000000000        1.2500000000000000     
         (1.4559306724386192,5.06048365287203247E-002)         (1.4597312866568513,5.21994805923425634E-002)
        (0.23550783468472933,2.83313598336583441E-002)   (1.94249252642112810E-008,2.41775074979822964E-009)   (1.94249181801030809E-008,2.41775069067301506E-009)      (-0.23656017232229976,-2.92933770743936846E-002)
   16.750825000000003        1.2500000000000000     
         (1.4690668593450880,5.12489152057361771E-002)         (1.4728981040571263,5.28703709553296625E-002)
        (0.23348324401442369,2.84383321773913900E-002)   (1.92591617474453900E-008,2.42790513545272720E-009)   (1.92591544832003177E-008,2.42790507468859072E-009)      (-0.23452978221868512,-2.94118607564811153E-002)
   16.800820000000002        1.2500000000000000     
         (1.4822822733250420,5.18989134075680189E-002)         (1.4861441737645156,5.35474873800272644E-002)
        (0.23141532783350952,2.85407494258050343E-002)   (1.90898269526576729E-008,2.43769604066908955E-009)   (1.90898194363683484E-008,2.43769597712753204E-009)      (-0.23245577389204211,-2.95258015546239448E-002)
   16.850815000000001        1.2500000000000000     
         (1.4955772362227571,5.25548734067715489E-002)         (1.4994698223633769,5.42308720130951563E-002)
        (0.22930416972330375,2.86385080745174755E-002)   (1.89169298215304764E-008,2.44711466483048033E-009)   (1.89169220405231132E-008,2.44711459803794460E-009)      (-0.23033825176016545,-2.96350917401099131E-002)
   16.900810000000000        1.2500000000000000     
         (1.5089505159521008,5.32168291365425136E-002)         (1.5128752731607100,5.49205758998389595E-002)
        (0.22715125584146861,2.87315293581482736E-002)   (1.87405496885002101E-008,2.45615418634626247E-009)   (1.87405504233401131E-008,2.45615418964358886E-009)      (-0.22817682017753388,-2.97396373244184047E-002)
   16.950805000000003        1.2500000000000000     
         (1.5224052174463871,5.38848580341674474E-002)         (1.5263607534650927,5.56166488744103266E-002)
        (0.22495373176603345,2.88196821175001200E-002)   (1.85605364604437262E-008,2.46480453100867244E-009)   (1.85605372215415116E-008,2.46480453443872367E-009)      (-0.22597234298238761,-2.98393323050356700E-002)
   17.000800000000002        1.2500000000000000     
         (1.5359402220540648,5.45589907407203617E-002)         (1.5399265331481178,5.63191334237706023E-002)
        (0.22271308486243280,2.89028824706963616E-002)   (1.83769686898755985E-008,2.47305806849407016E-009)   (1.83769694747752314E-008,2.47305807207607654E-009)      (-0.22372446395072351,-2.99340738543109781E-002)
   17.050795000000001        1.2500000000000000     
         (1.5495557424951290,5.52392735574965890E-002)         (1.5535728649012517,5.70280793189830784E-002)
        (0.22042931854013192,2.89810292999077845E-002)   (1.81898489554061614E-008,2.48090656140475105E-009)   (1.81898497788773023E-008,2.48090656515230563E-009)      (-0.22143320872042363,-3.00237595706098620E-002)
   17.100790000000003        1.2500000000000000     
         (1.5632520067632636,5.59257544140273968E-002)         (1.5672999362977791,5.77435357838524677E-002)
        (0.21810253698148341,2.90540243013661693E-002)   (1.79991825899891160E-008,2.48834177201691939E-009)   (1.79991834448340463E-008,2.48834177587655446E-009)      (-0.21909863853988629,-3.01082879587473429E-002)
   17.150785000000003        1.2500000000000000     
         (1.5770293380225471,5.66184838184305567E-002)         (1.5811080812357676,5.84655501157790719E-002)
        (0.21573281004028241,2.91217669445956728E-002)   (1.78049783321168003E-008,2.49535509456004096E-009)   (1.78049792191889917E-008,2.49535509859682090E-009)      (-0.21672087291626974,-3.01875533295042978E-002)
   17.200779999999998        1.2500000000000000     
         (1.5908879748889055,5.73175094456082335E-002)         (1.5949975460797141,5.91941748961283126E-002)
        (0.21332021611683008,2.91841597480865245E-002)   (1.76072392709690462E-008,2.50193863997366204E-009)   (1.76072401858862115E-008,2.50193864388616843E-009)      (-0.21429993411717940,-3.02614582050245891E-002)
   17.250774999999997        1.2500000000000000     
         (1.6048281350787077,5.80228824344299066E-002)         (1.6089685289443829,5.99294582591284666E-002)
        (0.21086479522024718,2.92411027800317420E-002)   (1.74059680875085589E-008,2.50808381299103102E-009)   (1.74059690470952044E-008,2.50808381705392795E-009)      (-0.21183588212579121,-3.03298959692890890E-002)
   17.300770000000000        1.2500000000000000     
         (1.6188500877647105,5.87346509033591160E-002)         (1.6230213183819167,6.06714507410673204E-002)
        (0.20836671866574363,2.92924960248576380E-002)   (1.72011828908315930E-008,2.51378236817635170E-009)   (1.72011838723975226E-008,2.51378237271625226E-009)      (-0.20932889838737984,-3.03927655692812874E-002)
   17.350764999999999        1.2500000000000000     
         (1.6329540962370790,5.94528677267308348E-002)         (1.6371561326151354,6.14202054654405943E-002)
        (0.20582602242430026,2.93382403265869014E-002)   (1.69928820602175384E-008,2.51902590925743285E-009)   (1.69928830681519776E-008,2.51902591369230628E-009)      (-0.20677901479504016,-3.04499629699355838E-002)
   17.400759999999998        1.2500000000000000     
         (1.6471404001207652,6.01775826507536249E-002)         (1.6513732529967153,6.21757723461669742E-002)
        (0.20324282446996889,2.93782371772769169E-002)   (1.67810776660340911E-008,2.52380625221754532E-009)   (1.67810787179392679E-008,2.52380625682562748E-009)      (-0.20418635512177602,-3.05013877466863426E-002)
   17.450755000000001        1.2500000000000000     
         (1.6614092249134751,6.09088496482874941E-002)         (1.6656728608366107,6.29382047591697802E-002)
        (0.20061723509525428,2.94123877116406092E-002)   (1.65657741486788644E-008,2.52811502941305925E-009)   (1.65657752401379056E-008,2.52811503448313957E-009)      (-0.20155098140665967,-3.05469363840138904E-002)
   17.500750000000000        1.2500000000000000     
         (1.6757609084698020,6.16467185843439930E-002)         (1.6800553235929150,6.37075541341315943E-002)
        (0.19794942165451745,2.94405934962273970E-002)   (1.63469898853126795E-008,2.53194401519818094E-009)   (1.63469910200298720E-008,2.53194402021466409E-009)      (-0.19887310605168335,-3.05865074857865765E-002)
   17.550744999999999        1.2500000000000000     
         (1.6901956147518467,6.23912450772593913E-002)         (1.6945207701980480,6.44838751445451636E-002)
        (0.19523945496674891,2.94627562494269891E-002)   (1.61247296323277042E-008,2.53528479622677163E-009)   (1.61247308074999447E-008,2.53528480147662559E-009)      (-0.19615280051427464,-3.06199973564975844E-002)
   17.600739999999998        1.2500000000000000     
         (1.7047136064905060,6.31424818798839438E-002)         (1.7090695139711281,6.52672223245836097E-002)
        (0.19248752349923182,2.94787780933737781E-002)   (1.58990056142509364E-008,2.53812942756833999E-009)   (1.58990068214608746E-008,2.53812943323977151E-009)      (-0.19339021173172349,-3.06473083906637772E-002)
   17.650735000000001        1.2500000000000000     
         (1.7193151130386333,6.39004859986955359E-002)         (1.7237017300669781,6.60576506350005754E-002)
        (0.18969374731185973,2.94885627373809821E-002)   (1.56698272641041898E-008,2.54046952811970079E-009)   (1.56698285163000710E-008,2.54046953374705062E-009)      (-0.19058545298036114,-3.06683370774372376E-002)
   17.700730000000000        1.2500000000000000     
         (1.7340005269957643,6.46653086204788119E-002)         (1.7384178116966789,6.68552133312229624E-002)
        (0.18685825351624535,2.94920097564512138E-002)   (1.54372099576897963E-008,2.54229686536007316E-009)   (1.54372112595436491E-008,2.54229687117889586E-009)      (-0.18773872582124465,-3.06829816473210143E-002)
   17.750724999999999        1.2500000000000000     
         (1.7487699360629152,6.54370053420209735E-002)         (1.7532178678007897,6.76599647553516731E-002)
        (0.18398126262630923,2.94890236118818851E-002)   (1.52011656632256905E-008,2.54360312870457754E-009)   (1.52011670249324332E-008,2.54360313477214792E-009)      (-0.18485018712115561,-3.06911403004834597E-002)
   17.800719999999998        1.2500000000000000     
         (1.7636237092812250,6.62156336005514101E-002)         (1.7681022182888244,6.84719614296427914E-002)
        (0.18106293200095203,2.94795084854260099E-002)   (1.49617117673463465E-008,2.54438035877361976E-009)   (1.49617131791589626E-008,2.54438036511698332E-009)      (-0.18192002211120556,-3.06927150665657796E-002)
   17.850715000000001        1.2500000000000000     
         (1.7785620033602489,6.70012520927837224E-002)         (1.7830711050220591,6.92912633658642751E-002)
        (0.17810344674122505,2.94633685227656365E-002)   (1.47188602130304945E-008,2.54462040091057735E-009)   (1.47188616662772376E-008,2.54462040751517779E-009)      (-0.17894837663445654,-3.06876048789608731E-002)
   17.900710000000000        1.2500000000000000     
         (1.7935851040614714,6.77939127054352081E-002)         (1.7981247240797449,7.01179209249591789E-002)
        (0.17510290388891703,2.94405030717050757E-002)   (1.44726163426967654E-008,2.54431482039904955E-009)   (1.44726178396983519E-008,2.54431482721644303E-009)      (-0.17593536487597133,-3.06757070504806474E-002)
   17.950704999999999        1.2500000000000000     
         (1.8086933128007752,6.85936774131260946E-002)         (1.8132634039517161,7.09519977279189362E-002)
        (0.17206162173950693,2.94108253813437290E-002)   (1.42230122907207987E-008,2.54345628001765224E-009)   (1.42230138416009897E-008,2.54345628716967129E-009)      (-0.17288132613427795,-3.06569302326394968E-002)
   18.000699999999998        1.2500000000000000     
         (1.8238868000768944,6.94006031278474877E-002)         (1.8284872751612984,7.17935477718252141E-002)
        (0.16897973995685364,2.93742348483702169E-002)   (1.39700528363176334E-008,2.54203613768936837E-009)   (1.39700544440915733E-008,2.54203614510788765E-009)      (-0.16978635893798871,-3.06311687323377289E-002)
   18.050695000000001        1.2500000000000000     
         (1.8391658644830327,7.02147498294717343E-002)         (1.8437967233799781,7.26426335912740417E-002)
        (0.16585742303186748,2.93306385775999254E-002)   (1.37137562906104955E-008,2.54004667728463140E-009)   (1.37137579568725898E-008,2.54004668496352728E-009)      (-0.16665067009210763,-3.05983272924288570E-002)
   18.100690000000000        1.2500000000000000     
         (1.8545307666006836,7.10361770511683532E-002)         (1.8591919244928206,7.34993120568117053E-002)
        (0.16269502075941480,2.92799457523632983E-002)   (1.34541460300454542E-008,2.53748011097642517E-009)   (1.34541477584219568E-008,2.53748011899581300E-009)      (-0.16347456784317085,-3.05583100914369812E-002)
   18.150684999999999        1.2500000000000000     
         (1.8699817102531897,7.18649415816625670E-002)         (1.8746731037358249,7.43636403304291788E-002)
        (0.15949260429252862,2.92220598334589944E-002)   (1.31912323891394264E-008,2.53432819006849125E-009)   (1.31912341796698368E-008,2.53432819838250138E-009)      (-0.16025815131103938,-3.05110162010679663E-002)
   18.200679999999998        1.2500000000000000     
         (1.8855189525255893,7.27011076310364879E-002)         (1.8902405390142534,7.52356817618177603E-002)
        (0.15625051057952527,2.91568903789321647E-002)   (1.29250419204238636E-008,2.53058327034572681E-009)   (1.29250437585008969E-008,2.53058327895391710E-009)      (-0.15700175104636521,-3.04563512292682116E-002)
   18.250675000000001        1.2500000000000000     
         (1.9011427941985726,7.35447349015452972E-002)         (1.9058944500747770,7.61154943937862177E-002)
        (0.15296893025552355,2.90843454164085857E-002)   (1.26555866329676703E-008,2.52623752149543695E-009)   (1.26555885525293873E-008,2.52623753016321030E-009)      (-0.15370554733144132,-3.03942197738759391E-002)
   18.300670000000000        1.2500000000000000     
         (1.9168534374468660,7.43958848624367425E-002)         (1.9216350880209196,7.70031418277640350E-002)
        (0.14964810497991440,2.90043367614598729E-002)   (1.23828914474857333E-008,2.52128344763328248E-009)   (1.23828934370783890E-008,2.52128345687152797E-009)      (-0.15036982920998401,-3.03245283548694809E-002)
   18.350664999999999        1.2500000000000000     
         (1.9326510614987340,7.52546214437444100E-002)         (1.9374626813819746,7.78986834812756129E-002)
        (0.14628839974319705,2.89167727161438494E-002)   (1.21069787410530221E-008,2.51571315393538369E-009)   (1.21069807986021121E-008,2.51571316338152986E-009)      (-0.14699485257957395,-3.02471814423831836E-002)
   18.400659999999998        1.2500000000000000     
         (1.9485361049162182,7.61210037104243786E-002)         (1.9533775672018523,7.88021803090823980E-002)
        (0.14288988286137824,2.88215610465422378E-002)   (1.18278612139865278E-008,2.50951888535506617E-009)   (1.18278633293798353E-008,2.50951889532387675E-009)      (-0.14358080556795932,-3.01620828920069819E-002)
   18.450655000000001        1.2500000000000000     
         (1.9645086682084303,7.69950980865335977E-002)         (1.9693799288816638,7.97136971029711039E-002)
        (0.13945301239220484,2.87186192593155906E-002)   (1.15455700291779837E-008,2.50269351435768744E-009)   (1.15455722143368869E-008,2.50269352481993980E-009)      (-0.14012803840444896,-3.00691461532054637E-002)
   18.500650000000000        1.2500000000000000     
         (1.9805690572513950,7.78769647045917945E-002)         (1.9854699431785947,8.06332915976313569E-002)
        (0.13597799981188896,2.86078552476165884E-002)   (1.12601274023281897E-008,2.49522908120244217E-009)   (1.12601296646615782E-008,2.49522909168564205E-009)      (-0.13663686458386848,-2.99682725222040827E-002)
   18.550644999999999        1.2500000000000000     
         (1.9967174615507124,7.87666729359344647E-002)         (2.0016480021823742,8.15610339405922480E-002)
        (0.13246520096496961,2.84891867782748470E-002)   (1.09715598565087385E-008,2.48711862487278331E-009)   (1.09715621741469299E-008,2.48711863603500499E-009)      (-0.13310755322271176,-2.98593775196643492E-002)
   18.600639999999999        1.2500000000000000     
         (2.0129542046196462,7.96642839157055138E-002)         (2.0179142349331713,8.24969849982458286E-002)
        (0.12891471428900453,2.83625243473705803E-002)   (1.06798756511426752E-008,2.47835453525316014E-009)   (1.06798780813360206E-008,2.47835454690605585E-009)      (-0.12954026799370902,-2.97423672877836602E-002)
   18.650635000000001        1.2500000000000000     
         (2.0292794263759575,8.05698641737970372E-002)         (2.0342688614849247,8.34412067977264582E-002)
        (0.12532704896018007,2.82277854973739944E-002)   (1.03851112993841036E-008,2.46892955172977811E-009)   (1.03851137963827953E-008,2.46892956376595913E-009)      (-0.12593544001639589,-2.96171535647140535E-002)
   18.700630000000000        1.2500000000000000     
         (2.0456934727957825,8.14834813886530646E-002)         (2.0507121790266281,8.43937694258846544E-002)
        (0.12170244962288394,2.80848903672874378E-002)   (1.00872940239376944E-008,2.45883700070500979E-009)   (1.00872966201765778E-008,2.45883701290164524E-009)      (-0.12229338115791935,-2.94836537937690109E-002)
   18.750624999999999        1.2500000000000000     
         (2.0621966217635426,8.24051935401351326E-002)         (2.0672445125325458,8.53547241895956654E-002)
        (0.11804119212179551,2.79337461675176237E-002)   (9.78644641276401966E-009,2.44806856057702217E-009)   (9.78644909627081665E-009,2.44806857330990102E-009)      (-0.11861441826920709,-2.93417669608030257E-002)
   18.800620000000002        1.2500000000000000     
         (2.0787889674877538,8.33350784156580565E-002)         (2.0838658966712038,8.63241537223310845E-002)
        (0.11434362716729947,2.77742821935874420E-002)   (9.48258791451511287E-009,2.43661857723846796E-009)   (9.48259069387349821E-009,2.43661859040459010E-009)      (-0.11489872602817923,-2.91914232610231555E-002)
   18.850615000000001        1.2500000000000000     
         (2.0954709100279301,8.42731977542123395E-002)         (2.1005768022827898,8.73021161921954392E-002)
        (0.11061015745241672,2.76064138398429901E-002)   (9.17576445370127335E-009,2.42447941591975977E-009)   (9.17576733143281614E-009,2.42447942962693992E-009)      (-0.11114689314077525,-2.90325295291071449E-002)
   18.900610000000000        1.2500000000000000     
         (2.1122425851877074,8.52196174784421862E-002)         (2.1173772751845963,8.82886727755494843E-002)
        (0.10684102904673416,2.74300602169741670E-002)   (8.86598478371162084E-009,2.41164415560043403E-009)   (8.86598774411003068E-009,2.41164416977742092E-009)      (-0.10735908927250788,-2.88650018070597779E-002)
   18.950604999999999        1.2500000000000000     
         (2.1291042993237017,8.61744126313567643E-002)         (2.1342677507798529,8.92839014936036984E-002)
        (0.10303670360400595,2.72451507859472232E-002)   (8.55329121538068969E-009,2.39810669800718448E-009)   (8.55329428727694978E-009,2.39810671271596454E-009)      (-0.10353572749766422,-2.86887642075092965E-002)
   19.000600000000002        1.2500000000000000     
         (2.1460562166042467,8.71376435288686163E-002)         (2.1512482124623693,9.02878595624760499E-002)
   (9.91974282651240241E-002,2.70516015213750245E-002)   (8.23769987973349697E-009,2.38385971792786259E-009)   (8.23770303916498402E-009,2.38385973327527614E-009) (-9.96770739978954795E-002,-2.85037271408758591E-002)
   19.050595000000001        1.2500000000000000     
         (2.1630987135415234,8.81093840174189818E-002)         (2.1683191744235337,9.13006161395218813E-002)
   (9.53236391502417929E-002,2.68493369562400608E-002)   (7.91925374982174122E-009,2.36889661755029779E-009)   (7.91925700585371616E-009,2.36889663342191719E-009) (-9.57836392841906331E-002,-2.83098132142393759E-002)
   19.100590000000000        1.2500000000000000     
         (2.1802320068514214,8.90897007661152207E-002)         (2.1854807774522924,9.23222390558187112E-002)
   (9.14156625789736277E-002,2.66382880669089710E-002)   (7.59797508325017322E-009,2.35321148417243421E-009)   (7.59797843820017114E-009,2.35321150064527661E-009) (-9.18557331741323840E-002,-2.81069471015232414E-002)
   19.150585000000000        1.2500000000000000     
         (2.1974561711035867,9.00786682386008758E-002)         (2.2027331149244889,9.33528009214121823E-002)
   (8.74739241919775534E-002,2.64183798054435960E-002)   (7.27389568346002419E-009,2.33679772319492040E-009)   (7.27389916360913486E-009,2.33679774003621634E-009) (-8.78937008023095850E-002,-2.78950489371813694E-002)
   19.200580000000002        1.2500000000000000     
         (2.2147716254518928,9.10763507159246394E-002)         (2.2200766096388596,9.43923630577932216E-002)
   (8.34988196732329435E-002,2.61895403270485140E-002)   (6.94705305743844363E-009,2.31964889081150985E-009)   (6.94705665722234550E-009,2.31964890831605078E-009) (-8.38979956503098923E-002,-2.76740412848185159E-002)
   19.250575000000001        1.2500000000000000     
         (2.2321785057073891,9.20828210950183496E-002)         (2.2375113849186281,9.54409953682792550E-002)
   (7.94906758955812032E-002,2.59516976937041143E-002)   (6.61746979841508704E-009,2.30175880346463829E-009)   (6.61747352314997312E-009,2.30175882147334292E-009) (-7.98689214935486974E-002,-2.74438485693826832E-002)
   19.300570000000000        1.2500000000000000     
         (2.2496771722358813,9.30981547424342692E-002)         (2.2550377488729278,9.64987744142565274E-002)
   (7.54499298564630660E-002,2.57047880938005117E-002)   (6.28518494331506205E-009,2.28312188644849861E-009)   (6.28518879296336676E-009,2.28312190544231082E-009) (-7.58070047573910222E-002,-2.72044020891483544E-002)
   19.350565000000000        1.2500000000000000     
         (2.2672677837511679,9.41224186390449136E-002)         (2.2726559779252256,9.75657606977441277E-002)
   (7.13771063731363509E-002,2.54487421182480224E-002)   (5.95023995301988494E-009,2.26373188787441377E-009)   (5.95024391014801752E-009,2.26373190734915748E-009) (-7.17126538084932180E-002,-2.69556267579995033E-002)
   19.400560000000002        1.2500000000000000     
         (2.2849505601392681,9.51556862513018437E-002)         (2.2903661957877293,9.86420295252231905E-002)
   (6.72724899040439278E-002,2.51834963665711932E-002)   (5.61265403834084056E-009,2.24358341482533113E-009)   (5.61265811382830064E-009,2.24358343474214828E-009) (-6.75861781762285563E-002,-2.66974564325764968E-002)
   19.450555000000001        1.2500000000000000     
         (2.3027257493434043,9.61980265362637060E-002)         (2.3081686291607464,9.97276445105272497E-002)
   (6.31364918461383845E-002,2.49089807778359248E-002)   (5.27246640867642378E-009,2.22267000396671251E-009)   (5.27247064120202459E-009,2.22267002484707720E-009) (-6.34280132932475565E-002,-2.64298145644634407E-002)
   19.500550000000000        1.2500000000000000     
         (2.3205937189369141,9.72495172980023942E-002)              (2.3260637400222750,0.10082268485298405)
   (5.89696930040836120E-002,2.46251447857094366E-002)   (4.92972132844042224E-009,2.20098738294568961E-009)   (4.92972570708017756E-009,2.20098740492121413E-009) (-5.92387734365062910E-002,-2.61526459472841734E-002)
   19.550545000000000        1.2500000000000000     
         (2.3385545544234105,9.83102263029729528E-002)              (2.3440514830712469,0.10192720835965499)
   (5.47723710664015026E-002,2.43319114616237786E-002)   (4.58444494492117418E-009,2.17852853635733443E-009)   (4.58444944776967959E-009,2.17852855801466615E-009) (-5.50187054763103395E-002,-2.58658685169830746E-002)
   19.600540000000002        1.2500000000000000     
         (2.3566085099543677,9.93802337060502028E-002)              (2.3621322139898711,0.10304129833610019)
   (5.05451306175248305E-002,2.40292384437517277E-002)   (4.23668239471981068E-009,2.15528963355034616E-009)   (4.23668704099588309E-009,2.15528965669398703E-009) (-5.07683861824278423E-002,-2.55694364236296254E-002)
   19.650535000000001        1.2500000000000000     
              (2.3747558885642057,0.10045960530724138)              (2.3803061905511713,0.10416502014200836)
   (4.62882754032855823E-002,2.37170577659097798E-002)   (3.88646021970843536E-009,2.13126484222843614E-009)   (3.88646499776109358E-009,2.13126486649045208E-009) (-4.64881654279655360E-002,-2.52632757199299333E-002)
   19.700530000000001        1.2500000000000000     
              (2.3929968709008755,0.10154841404853517)              (2.3985735833364452,0.10529843872349033)
   (4.20023661159058745E-002,2.33953148174866239E-002)   (3.53382393314117168E-009,2.10644881514193685E-009)   (3.53382896078878651E-009,2.10644884015463573E-009) (-4.21785800138836861E-002,-2.49473245528634910E-002)
   19.750525000000000        1.2500000000000000     
              (2.4113317449072191,0.10264674379350189)              (2.4169347011446098,0.10644163554774019)
   (3.76878893354616745E-002,2.30639576988140235E-002)   (3.17881223404769533E-009,2.08083711942155592E-009)   (3.17881735039565576E-009,2.08083714546742448E-009) (-3.78401235408809544E-002,-2.46215293928120187E-002)
   19.800520000000002        1.2500000000000000     
              (2.4297606850931861,0.10375466324209004)              (2.4353896613655839,0.10759468103010462)
   (3.33452573543550554E-002,2.27229393242234026E-002)   (2.82146053806192184E-009,2.05442545920031358E-009)   (2.82146581606411766E-009,2.05442548586432883E-009) (-3.34732007180232397E-002,-2.42858379740284250E-002)
   19.850515000000001        1.2500000000000000     
              (2.4482840369576220,0.10487224996133042)              (2.4539388869475895,0.10875764577163519)
   (2.89750060404103532E-002,2.23722010572380454E-002)   (2.46181604321391372E-009,2.02720851273682120E-009)   (2.46182146220858793E-009,2.02720854056612963E-009) (-2.90784213845285792E-002,-2.39401857754454502E-002)
   19.900510000000001        1.2500000000000000     
              (2.4669018721037697,0.10599957162406651)              (2.4725823806748255,0.10993059729887762)
   (2.45775644104834386E-002,2.20116988224615152E-002)   (2.09990249632494958E-009,1.99918218777050480E-009)   (2.09990809873666055E-009,1.99918221651191220E-009) (-2.46560697023769856E-002,-2.35845251155896093E-002)
   19.950505000000000        1.2500000000000000     
              (2.4856145226367650,0.10713670984670381)              (2.4913205177319440,0.11111361123401846)
   (2.01535065499555549E-002,2.16413840430949335E-002)   (1.73577790625203738E-009,1.97034202995996713E-009)   (1.73578368167341971E-009,1.97034205943069637E-009) (-2.02068460259616153E-002,-2.32188011816290250E-002)
   20.000500000000002        1.2500000000000000     
              (2.5044222851197193,0.10828373834923624)              (2.5101535670208857,0.11230675801903924)
   (1.57034159214777154E-002,2.12612137749367269E-002)   (1.36948708251959588E-009,1.94068378963420842E-009)   (1.36949292477939041E-009,1.94068382031388694E-009) (-1.57313167575338919E-002,-2.28429645692653366E-002)
   20.050495000000002        1.2500000000000000     
              (2.5233252404841453,0.10944073326198159)              (2.5290815790995609,0.11351011470332971)
   (1.12275705474778487E-002,2.08711465932625469E-002)   (1.00104978497078310E-009,1.91020411154146822E-009)   (1.00105594965961456E-009,1.91020414278664794E-009) (-1.12297324992119574E-002,-2.24569730695153638E-002)
   20.100490000000001        1.2500000000000000     
              (2.5423237235502683,0.11060776639387210)              (2.5481049418775199,0.11472374477631396)
   (6.72665386309853966E-003,2.04711398776872590E-002)   (6.30523480626495742E-010,1.87889847834780810E-009)   (6.30529828312460313E-010,1.87889851129198082E-009) (-6.70276449791911040E-003,-2.20607754361471266E-002)
   20.150485000000000        1.2500000000000000     
              (2.5614180179733634,0.11178492545773452)              (2.5672239017725986,0.11594773683421399)
   (2.20122045783627566E-003,2.00611585324054348E-002)   (2.57959327375419475E-010,1.84676370449589380E-009)   (2.57965863972211209E-010,1.84676373903844912E-009) (-2.15106529327166104E-003,-2.16543327092491925E-002)
   20.200480000000002        1.2500000000000000     
              (2.5806081743721352,0.11297227350864621)              (2.5864384815287154,0.11718214814854387)
  (-2.34833367858608899E-003,1.96411636464778883E-002)  (-1.16625520545459557E-010,1.81379615146438647E-009)  (-1.16618788825298368E-010,1.81379618674918254E-009)  (2.42514504536255450E-003,-2.12376006758083977E-002)
   20.250475000000002        1.2500000000000000     
              (2.5998945779278020,0.11416989385894599)              (2.6057491247061524,0.11842705976423032)
  (-6.92132963747198616E-003,1.92111160653616400E-002)  (-4.93159379066882687E-010,1.77999210724433760E-009)  (-4.93152422630037843E-010,1.77999214362167030E-009)  (7.02503213615868205E-003,-2.08105384972081843E-002)
   20.300470000000001        1.2500000000000000     
              (2.6192774224166326,0.11537785706569584)              (2.6251560159940981,0.11968253568132996)
  (-1.15172734053177947E-002,1.87709897333873561E-002)  (-8.71603977701415745E-010,1.74534875686999926E-009)  (-8.71596766504199749E-010,1.74534879481725955E-009)  (1.16480894359840409E-002,-2.03731102676462522E-002)
   20.350465000000000        1.2500000000000000     
              (2.6387569870083132,0.11659624775762026)              (2.6446593718978040,0.12094866017742571)
  (-1.61356213054270059E-002,1.83207560110760573E-002)  (-1.25192279981540391E-009,1.70986337643429537E-009)  (-1.25191539770763037E-009,1.70986341567472661E-009)  (1.62938482418260797E-002,-1.99252855672798664E-002)
   20.400459999999999        1.2500000000000000     
              (2.6583333207278983,0.11782514275255916)              (2.6642593279491442,0.12222550391358493)
  (-2.07758216505743616E-002,1.78603819242296978E-002)  (-1.63406945586658220E-009,1.67353271562773486E-009)  (-1.63406178870078231E-009,1.67353275635688896E-009)  (2.09617895151040443E-002,-1.94670247505967335E-002)
   20.450454999999998        1.2500000000000000     
              (2.6780068592212736,0.11906460894019581)              (2.6839562594981370,0.12351313436009742)
  (-2.54372595654701501E-002,1.73898454179166259E-002)  (-2.01799028146507416E-009,1.63635444475666031E-009)  (-2.01798244239107662E-009,1.63635448697604873E-009)  (2.56511954239302883E-002,-1.89983036422541537E-002)
   20.500450000000001        1.2500000000000000     
              (2.6977777366770401,0.12031473509867391)              (2.7037501895346558,0.12481163113600895)
  (-3.01194300092500061E-002,1.69091214650848101E-002)  (-2.40364377192875878E-009,1.59832594731208689E-009)  (-2.40363569074026483E-009,1.59832599085792767E-009)  (3.03616164657991919E-002,-1.85190890033147225E-002)
   20.550445000000000        1.2500000000000000     
              (2.7176461477716454,0.12157559333434895)              (2.7236415048291009,0.12612106422482816)
  (-3.48216441861272652E-002,1.64181890584603300E-002)  (-2.79097669806855064E-009,1.55944500390632393E-009)  (-2.79096831242628126E-009,1.55944504908750760E-009)  (3.50923588561594460E-002,-1.80293575474553790E-002)
   20.600439999999999        1.2500000000000000     
              (2.7376123407372583,0.12284725841001655)              (2.7436303780272793,0.12744150684517624)
  (-3.95434578491632022E-002,1.59170308127802203E-002)  (-3.17994373399867664E-009,1.51970940082330437E-009)  (-3.17993511416774746E-009,1.51970944769430347E-009)  (3.98429212480233344E-002,-1.75290832538476070E-002)
   20.650434999999998        1.2500000000000000     
              (2.7576765763490352,0.12412981514516055)              (2.7637170286814228,0.12877303625594935)
  (-4.42841159216703292E-002,1.54056294992046226E-002)  (-3.57049387732281471E-009,1.47911775913272357E-009)  (-3.57048502533114874E-009,1.47911780768315243E-009)  (4.46125919923789152E-002,-1.70182505184614981E-002)
   20.700430000000001        1.2500000000000000     
              (2.7778391522274455,0.12542333309872911)              (2.7839017982444125,0.13011571888287865)
  (-4.90431746856743525E-002,1.48839705372939158E-002)  (-3.96258482714855787E-009,1.43766749407744584E-009)  (-3.96257567614921241E-009,1.43766754335457086E-009)  (4.94008967491707460E-002,-1.64968317191190560E-002)
   20.750425000000000        1.2500000000000000     
              (2.7981001569661834,0.12672789154730843)              (2.8041847454419768,0.13146963378294221)
  (-5.38199358725545279E-002,1.43520457804285333E-002)  (-4.35616407877033228E-009,1.39535842003228757E-009)  (-4.35615467426502804E-009,1.39535847237440089E-009)  (5.42072028251126894E-002,-1.59648227063765302E-002)
   20.800419999999999        1.2500000000000000     
              (2.8184598045896561,0.12804357104408931)              (2.8245661163325728,0.13283485097518835)
  (-5.86137724459902462E-002,1.38098404677885062E-002)  (-4.75117353643683420E-009,1.35218772235250439E-009)  (-4.75116391721437380E-009,1.35218777562721733E-009)  (5.90308185810111755E-002,-1.54221954264775491E-002)
   20.850414999999998        1.2500000000000000     
              (2.8389184297624745,0.12937044759434072)              (2.8450462005096422,0.13421144401941559)
  (-6.34241216185439799E-002,1.32573468365245247E-002)  (-5.14757421778793584E-009,1.30815476078016158E-009)  (-5.14756422865554487E-009,1.30815481672955806E-009)  (6.38712174454801607E-002,-1.48689424228034845E-002)
   20.900410000000001        1.2500000000000000     
              (2.8594761617170263,0.13070859423953099)              (2.8656251353633806,0.13559948373531572)
  (-6.82504424392652714E-002,1.26945664444203816E-002)  (-5.54531679950369437E-009,1.26325910541965445E-009)  (-5.54530652800839207E-009,1.26325916334939267E-009)  (6.87277907101646046E-002,-1.43050604567202411E-002)
   20.950405000000000        1.2500000000000000     
              (2.8801333120794412,0.13205809547234934)              (2.8863032406446227,0.13699904966827534)
  (-7.30919960686930437E-002,1.21214984668483409E-002)  (-5.94434082110678762E-009,1.21749995086791343E-009)  (-5.94433023575855171E-009,1.21750001081761368E-009)  (7.35998151698358249E-002,-1.37305399886799399E-002)
   21.000399999999999        1.2500000000000000     
              (2.9008900757585554,0.13341902135233072)              (2.9070807162118797,0.13841020616825622)
  (-7.79480613559866420E-002,1.15381361459723636E-002)  (-6.34458841796923592E-009,1.17087635045829494E-009)  (-6.34457751408679242E-009,1.17087641264912421E-009)  (7.84866030518303337E-002,-1.31453746528545322E-002)
   21.050394999999998        1.2500000000000000     
              (2.9217466235268055,0.13479145723118005)              (2.9279577346115762,0.13983303475006989)
  (-8.28181641259148060E-002,1.09444896292975758E-002)  (-6.74602213802684611E-009,1.12338829078686840E-009)  (-6.74601093586352040E-009,1.12338835442399050E-009)  (8.33876278569228579E-002,-1.25495663703334200E-002)
   21.100390000000001        1.2500000000000000     
              (2.9427032618062112,0.13617547985853559)              (2.9489345316207340,0.14126760484396253)
  (-8.77015814631330742E-002,1.03405640877227648E-002)  (-7.14858341625545519E-009,1.07503596467343918E-009)  (-7.14857185052353008E-009,1.07503603097779670E-009)  (8.83022748164704468E-002,-1.19431212378738986E-002)
   21.150385000000000        1.2500000000000000     
              (2.9637600988669521,0.13757115833694492)              (2.9700113317970502,0.14271398877456817)
  (-9.25977136752448721E-002,9.72636223045513296E-003)  (-7.55221885861359038E-009,1.02581869353074562E-009)  (-7.55220698240369971E-009,1.02581876189430310E-009)  (9.32297973604687413E-002,-1.13260274827068508E-002)
   21.200379999999999        1.2500000000000000     
              (2.9849173883172777,0.13897857472016301)              (2.9911883317090866,0.14417225484513069)
  (-9.75058904943365279E-002,9.10190338894879304E-003)  (-7.95687593192083518E-009,9.75737666093211848E-010)  (-7.95686368991022553E-009,9.75737737049071470E-010)  (9.81695969120172651E-002,-1.06983064293881894E-002)
   21.250374999999998        1.2500000000000000     
              (3.0061754503503701,0.14039780356702236)              (3.0124657900920053,0.14564247556843604)
       (-0.10242542639324434,8.46719734592018755E-003)  (-8.36250099637591983E-009,9.24793007474370404E-010)  (-8.36248838254086512E-009,9.24793080623893572E-010)       (0.10312098768616867,-1.00599632267264552E-002)
   21.300370000000001        1.2500000000000000     
              (3.0275344527765053,0.14182893034256855)              (3.0338439015270007,0.14712473154982741)
       (-0.10735564345905339,7.82225996954073743E-003)  (-8.76902519130029374E-009,8.72985451015188942E-010)  (-8.76901217085914954E-009,8.72985526677885230E-010)       (0.10808315092560157,-9.41100833182769055E-003)
   21.350365000000000        1.2500000000000000     
              (3.0489944815844066,0.14327202179210732)              (3.0553227954303090,0.14861908663713272)
       (-0.11229592443967297,7.16711287611614990E-003)  (-9.17641327218018220E-009,8.20316240426368403E-010)  (-9.17639956518808960E-009,8.20316318662192174E-010)       (0.11305566815185933,-8.75145845467751281E-003)
   21.400359999999999        1.2500000000000000     
              (3.0705559509592413,0.14472716172882763)              (3.0769028899689559,0.15012561845916897)
       (-0.11724549023434547,6.50177709843390364E-003)  (-9.58459894059089482E-009,7.66786410181662852E-010)  (-9.58458513826373026E-009,7.66786491534758533E-010)       (0.11803768487328804,-8.08133050604935982E-003)
   21.450354999999998        1.2500000000000000     
              (3.0922189757400647,0.14619441913928888)              (3.0985843063709364,0.15164439183253314)
       (-0.12220379855737966,5.82627729691675023E-003)  (-9.99353112795920377E-009,7.12397331967273764E-010)  (-9.99351696917455356E-009,7.12397415903669284E-010)       (0.12302860598470022,-7.40064312995674604E-003)
   21.500350000000001        1.2500000000000000     
              (3.1139837601305351,0.14767387949480154)              (3.1203671296492939,0.15317548786946950)
       (-0.12717007162078456,5.14064462381633603E-003)  (-1.04031540910078520E-008,6.57151258390894528E-010)  (-1.04031395158693926E-008,6.57151345077442867E-010)       (0.12802769793561608,-6.70942498260012742E-003)
   21.550345000000000        1.2500000000000000     
              (3.1358505040952824,0.14916560998889869)              (3.1422517035350550,0.15471896366711443)
       (-0.13214371679125106,4.44489823736139451E-003)  (-1.08134097012243536E-008,6.01048861304215151E-010)  (-1.08133947279167409E-008,6.01048950959964488E-010)       (0.13303436811470004,-6.00769324773450103E-003)
   21.600339999999999        1.2500000000000000     
              (3.1578196355953869,0.15066969197613600)              (3.1642383138363335,0.15627489998573521)
       (-0.13712391328573692,3.73908313603446736E-003)  (-1.12242349622565880E-008,5.44093153617558708E-010)  (-1.12242195087150101E-008,5.44093246452189919E-010)       (0.13804766664560805,-5.29548001307800567E-003)
   21.650334999999998        1.2500000000000000     
              (3.1798910335736541,0.15218620294477120)              (3.1863270639201597,0.15784336837300886)
       (-0.14210998753108992,3.02323561908749393E-003)  (-1.16355786127068281E-008,4.86286861892293064E-010)  (-1.16355627339422715E-008,4.86286958623639688E-010)       (0.14306714716636329,-4.57282730281600037E-003)
   21.700330000000001        1.2500000000000000     
              (3.2020651489491074,0.15371521060076562)              (3.2085181162829017,0.15942442897222925)
       (-0.14710130156612194,2.29738583373906248E-003)  (-1.20473808095104653E-008,4.27631508216713687E-010)  (-1.20473645879165744E-008,4.27631607868488259E-010)       (0.14809196444085937,-3.83975555283173030E-003)
   21.750325000000000        1.2500000000000000     
              (3.2243398491266189,0.15525678412176735)              (3.2308115843053780,0.16101815479554540)
       (-0.15209942036465726,1.56157314877451605E-003)  (-1.24596903813365796E-008,3.68130625363113514E-010)  (-1.24596920540750100E-008,3.68130614438655486E-010)       (0.15312080545016080,-3.09631488166543225E-003)
   21.800319999999999        1.2500000000000000     
              (3.2467197996010535,0.15681102401904312)              (3.2532080641530090,0.16262462925601873)
       (-0.15709917091183243,8.15862434972357709E-004)  (-1.28722488440031640E-008,3.07787549390131753E-010)  (-1.28722505773636366E-008,3.07787537716890189E-010)       (0.15815433165732937,-2.34253801208981127E-003)
   21.850314999999998        1.2500000000000000     
              (3.2692030587242287,0.15837798854759816)              (3.2757074899835938,0.16424390801094874)
       (-0.16210192208296911,6.02786602337168680E-005)  (-1.32850823716824488E-008,2.46604368453328782E-010)  (-1.32850841674022645E-008,2.46604356407051044E-010)       (0.16319095681320669,-1.57846165898191588E-003)
   21.900310000000001        1.2500000000000000     
              (3.2917898441719653,0.15995775270107365)              (3.2983102248924467,0.16587606350070816)
      (-0.16710706607477685,-7.05105888726538900E-004)  (-1.36981492632765219E-008,1.84586097032904955E-010)  (-1.36981511046958909E-008,1.84586084977469941E-010)       (0.16823017646899227,-8.04148236725733823E-004)
   21.950305000000000        1.2500000000000000     
              (3.3144803450883069,0.16155039636057786)              (3.3210163510320485,0.16752116540127004)
      (-0.17211386510532412,-1.48025765525665581E-003)  (-1.41113795922049113E-008,1.21735384470823665E-010)  (-1.41113814989781629E-008,1.21735371835758819E-010)       (0.17327111405159365,-1.96378924238058661E-005)
   22.000299999999999        1.2500000000000000     
              (3.3372746944861742,0.16315599049003685)              (3.3438261525417103,0.16917928539208107)
      (-0.17712152923491253,-2.26510669398736781E-003)  (-1.45247083963708980E-008,5.80570213807967732E-011)  (-1.45247103554730874E-008,5.80570082889622435E-011)        (0.17831307137545235,7.75014251616482509E-004)
   22.050295000000002        1.2500000000000000     
              (3.3601731833265744,0.16477460070691455)              (3.3667397018337373,0.17085047944047638)
      (-0.18212935713860387,-3.05959621854454177E-003) (-1.49380901671592523E-008,-6.44491956418317776E-012) (-1.49380922032381515E-008,-6.44493299199209216E-012)        (0.18335539536275292,1.57975101501317745E-003)
   22.100290000000001        1.2500000000000000     
              (3.3831760467771872,0.16640631162369343)              (3.3897574320504313,0.17253482664662184)
      (-0.18713667781604115,-3.86367472597609531E-003) (-1.53514564132253734E-008,-7.17665875708580612E-011) (-1.53514585079578367E-008,-7.17666016489815687E-011)        (0.18839724298633492,2.39452072655692294E-003)
   22.150285000000000        1.2500000000000000     
              (3.4062835226620898,0.16805119652737505)              (3.4128794083152094,0.17423239731508003)
      (-0.19214278674591986,-4.67726178605941140E-003) (-1.57647512512231753E-008,-1.37902214904743977E-010) (-1.57647534153285501E-008,-1.37902229311264185E-010)        (0.19343799493433175,3.21925280983925135E-003)
   22.200279999999999        1.2500000000000000     
              (3.4294956526228439,0.16970932010415662)              (3.4361058583207105,0.17594324847387821)
      (-0.19714681293972752,-5.50029222647495548E-003) (-1.61779099810877846E-008,-2.04847163044376889E-010) (-1.61779122125515686E-008,-2.04847178147662889E-010)        (0.19847682514909171,4.05388349859419315E-003)
   22.250275000000002        1.2500000000000000     
              (3.4528128887948060,0.17138076362013241)              (3.4594370283150546,0.17766745859838104)
      (-0.20214809029597983,-6.33270786928427469E-003) (-1.65908635665266234E-008,-2.72597178344521223E-010) (-1.65908658639288684E-008,-2.72597193603063880E-010)        (0.20351286632599686,4.89835856268580703E-003)
   22.300270000000001        1.2500000000000000     
              (3.4762352982872229,0.17306558719140125)              (3.4828731170682534,0.17940507661035163)
      (-0.20714594032502179,-7.17441788762500018E-003) (-1.70035750475343787E-008,-3.41145318423298516E-010) (-1.70035774170236968E-008,-3.41145334572731960E-010)        (0.20854567262839430,5.75259023079254059E-003)
   22.350265000000000        1.2500000000000000     
              (3.4997629714002465,0.17476387216007858)              (3.5064142144418238,0.18115618640149300)
      (-0.21213946585791768,-8.02534084217096551E-003) (-1.74159604483022085E-008,-4.10485405247898533E-010) (-1.74159628959894760E-008,-4.10485421868285345E-010)        (0.21357425388306764,6.61650193196122727E-003)
   22.400259999999999        1.2500000000000000     
              (3.5233963697590278,0.17647568428882365)              (3.5300607490552744,0.18292083842779827)
      (-0.21712788403005959,-8.88541066249332392E-003) (-1.78279507922353219E-008,-4.80612954575451917E-010) (-1.78279533127997490E-008,-4.80612971602744590E-010)        (0.21859774865991594,7.49002995622390349E-003)
   22.450255000000002        1.2500000000000000     
              (3.5471355091084074,0.17820110271019377)              (3.5538128027833245,0.18469910861090849)
      (-0.22211072318457650,-9.75454679488757352E-003) (-1.82395161771353725E-008,-5.51522004149395713E-010) (-1.82395187882373580E-008,-5.51522021536571406E-010)        (0.22361580563653746,8.37309663082842770E-003)
   22.500250000000001        1.2500000000000000     
              (3.5709807288634479,0.17994019161581393)              (3.5776705545633476,0.18649106153648737)
      (-0.22708695319204109,-1.06326436558887138E-002) (-1.86505667979389507E-008,-6.23203960414627942E-010) (-1.86505694822153218E-008,-6.23203978908001263E-010)        (0.22862729277958133,9.26560033420794661E-003)
   22.550245000000000        1.2500000000000000     
              (3.5949320609668090,0.18169302153962652)              (3.6016342522447302,0.18829675562350723)
      (-0.23205590029630219,-1.15196242339830682E-002) (-1.90610521646382748E-008,-6.95653792418794398E-010) (-1.90610549291993966E-008,-6.95653811132927439E-010)        (0.23363159730410785,1.01674668049389471E-002)
   22.600239999999999        1.2500000000000000     
              (3.6189898492535528,0.18345966180998963)              (3.6257040885398295,0.19011625666010787)
      (-0.23701685198098876,-1.24153912165786435E-002) (-1.94709049763002388E-008,-7.68863765033356876E-010) (-1.94709078435872565E-008,-7.68863784476903261E-010)        (0.23862791236467493,1.10786050833416097E-002)
   22.650235000000002        1.2500000000000000     
              (3.6431544118762407,0.18524018406979414)              (3.6498804230223483,0.19194963032318324)
      (-0.24196899145890841,-1.33198504850562758E-002) (-1.98800609291668595E-008,-8.42826679128588769E-010) (-1.98800638946333172E-008,-8.42826699175595878E-010)        (0.24361543411868283,1.19989202459026070E-002)
   22.700230000000001        1.2500000000000000     
              (3.6674256119514466,0.18703465811654135)              (3.6741631302000060,0.19379694102331471)
      (-0.24691153921703554,-1.42329028530990935E-002) (-2.02884616735657389E-008,-9.17535268453852341E-010) (-2.02884647241460542E-008,-9.17535288957117800E-010)        (0.24859342186351735,1.29283163143967903E-002)
   22.750225000000000        1.2500000000000000     
              (3.6918040614487357,0.18884314415319955)              (3.6985527931537190,0.19565824255170225)
      (-0.25184381687146573,-1.51544440998282893E-002) (-2.06960451662161670E-008,-9.92981173412178817E-010) (-2.06960482950780894E-008,-9.92981194911360221E-010)        (0.25356118785706938,1.38666949604454911E-002)
   22.800219999999999        1.2500000000000000     
              (3.7162895659896260,0.19066572133784226)              (3.7230492247126650,0.19753360822570604)
      (-0.25676500331543539,-1.60843713695484267E-002) (-2.11027474772250221E-008,-1.06915702005909752E-009) (-2.11027507181302989E-008,-1.06915704199473520E-009)        (0.25851791801814328,1.48139524371529181E-002)
   22.850215000000002        1.2500000000000000     
              (3.7408826359220959,0.19250245000368896)              (3.7476529937569167,0.19942309635180641)
      (-0.26167425923795079,-1.70225683913758294E-002) (-2.15084915389810081E-008,-1.14605357764370200E-009) (-2.15084948694131443E-008,-1.14605360034817572E-009)        (0.26346270593760640,1.57699812667695498E-002)
   22.900210000000001        1.2500000000000000     
              (3.7655834586248007,0.19435339837642968)              (3.7723642062123917,0.20132675800564978)
      (-0.26657104294064715,-1.79689328609706003E-002) (-2.19132407157392764E-008,-1.22366309046201429E-009) (-2.19132441569119807E-008,-1.22366311393453389E-009)        (0.26839497262907341,1.67346747377234706E-002)
   22.950205000000000        1.2500000000000000     
              (3.7903920760919529,0.19621863641622628)              (3.7971829798243277,0.20324466942864908)
      (-0.27145430861007303,-1.89233526409522644E-002) (-2.23169042886732321E-008,-1.30197703685216659E-009) (-2.23169078380311384E-008,-1.30197706073623523E-009)        (0.27331374754984855,1.77079270577474544E-002)
   23.000200000000000        1.2500000000000000     
              (3.8153086769596780,0.19809823180889463)              (3.8221094519739909,0.20517688681914342)
      (-0.27632344184813012,-1.98856982612336114E-002) (-2.27194343738301984E-008,-1.38098525156101259E-009) (-2.27194380222462422E-008,-1.38098527621675698E-009)        (0.27821840356035837,1.86896097261364247E-002)
   23.050195000000002        1.2500000000000000     
              (3.8403336274958311,0.19999223588859849)              (3.8471440637257346,0.20712345891593772)
      (-0.28117760299659567,-2.08558499755738570E-002) (-2.31207609543766207E-008,-1.46067851816647144E-009) (-2.31207647139908718E-008,-1.46067854373205268E-009)        (0.28310810761306260,1.96796112655885577E-002)
   23.100190000000001        1.2500000000000000     
              (3.8654670312047936,0.20190073651865378)              (3.8722868177260437,0.20908446203080563)
      (-0.28601607141469382,-2.18336901956157105E-002) (-2.35208218496796160E-008,-1.54104772750129498E-009) (-2.35208257156380265E-008,-1.54104775404647085E-009)        (0.28798198933305863,2.06778057365588144E-002)
   23.150185000000000        1.2500000000000000     
              (3.8907091297428709,0.20382378074218827)              (3.8975379735879154,0.21105994287933882)
      (-0.29083800356756628,-2.28190903134310279E-002) (-2.39195561148477672E-008,-1.62208312508188531E-009) (-2.39195601084048619E-008,-1.62208315245502410E-009)        (0.29283941800574942,2.16840757793652014E-002)
   23.200180000000000        1.2500000000000000     
              (3.9160601534905557,0.20576144111160863)              (3.9228978796707570,0.21304996334804996)
      (-0.29564259261003045,-2.38119199437046535E-002) (-2.43168798118567474E-008,-1.70377444141326778E-009) (-2.43168839109180559E-008,-1.70377446984085092E-009)        (0.29767935815923025,2.26982916727443453E-002)
   23.250175000000002        1.2500000000000000     
              (3.9415202080975011,0.20771377728171372)              (3.9483665192865542,0.21505458232052213)
      (-0.30042923718709358,-2.48120464096436254E-002) (-2.47127603291748908E-008,-1.78611103187371441E-009) (-2.47127645738441640E-008,-1.78611106084666931E-009)        (0.30250137217056772,2.37203172859175339E-002)
   23.300170000000001        1.2500000000000000     
              (3.9670896388470949,0.20968085537847039)              (3.9739443301383117,0.21707385899020776)
      (-0.30519696980604444,-2.58193240387108551E-002) (-2.51071116558109251E-008,-1.86908214036892828E-009) (-2.51071160357209759E-008,-1.86908217036070066E-009)        (0.30730444456427686,2.47500178097655663E-002)
   23.350165000000001        1.2500000000000000     
              (3.9927685428669908,0.21166273336542757)              (3.9996312931732545,0.21910784643008080)
      (-0.30994514017824282,-2.68336250467777794E-002) (-2.54998818513158322E-008,-1.95267744258253903E-009) (-2.54998863396793628E-008,-1.95267747353350260E-009)        (0.31208787574640984,2.57872623194560259E-002)
   23.400160000000003        1.2500000000000000     
              (4.0185570822174812,0.21365948728139639)              (4.0254276803315925,0.22115660969085257)
      (-0.31467292369446193,-2.78548017338321775E-002) (-2.58909900664183549E-008,-2.03688523574238173E-009) (-2.58909946956212003E-008,-2.03688526758767561E-009)        (0.31685076472103524,2.68319029706333353E-002)
   23.450154999999999        1.2500000000000000     
              (4.0444556171546964,0.21567115987829574)              (4.0513338218240831,0.22322018938953544)
      (-0.31937955457545480,-2.88827130711186153E-002) (-2.62803917431973256E-008,-2.12169471664378567E-009) (-2.62803965139207583E-008,-2.12169474913304131E-009)        (0.32159245555543159,2.78838055719149748E-002)
   23.500149999999998        1.2500000000000000     
              (4.0704641623790705,0.21769782137487029)              (4.0773497370004046,0.22529865123227008)
      (-0.32406420601298697,-2.99171975041985748E-002) (-2.66680115273254281E-008,-2.20709314743115447E-009) (-2.66680163890809177E-008,-2.20709318162577735E-009)        (0.32631216617224046,2.89428079926712517E-002)
   23.550145000000001        1.2500000000000000     
              (4.0965830088374640,0.21973954245224439)              (4.1034757142970424,0.22739206251412286)
      (-0.32872611871878366,-3.09581170828770111E-002) (-2.70537857292735825E-008,-2.29306971736336368E-009) (-2.70537908049739675E-008,-2.29306975198409418E-009)        (0.33100901047573650,3.00087725003297320E-002)
   23.600140000000000        1.2500000000000000     
              (4.1228124408846289,0.22179636975384065)              (4.1297121038702542,0.22950045469756422)
      (-0.33336450447793936,-3.20053092739454176E-002) (-2.74376363915547280E-008,-2.37961163815231145E-009) (-2.74376416144658492E-008,-2.37961167398727857E-009)        (0.33568214636577653,3.10815381363578960E-002)
   23.650134999999999        1.2500000000000000     
              (4.1491527001695125,0.22386835854951320)              (4.1560590042764094,0.23162388645999496)
      (-0.33797874364349934,-3.30586208893268452E-002) (-2.78195308464776239E-008,-2.46670682293062931E-009) (-2.78195362057961386E-008,-2.46670685984544185E-009)        (0.34033101377929448,3.21609553450518879E-002)
   23.700129999999998        1.2500000000000000     
              (4.1756036285233851,0.22595558356536824)              (4.1825163594464687,0.23376242373819486)
      (-0.34256774557865582,-3.41178844850238208E-002) (-2.81993755816602384E-008,-2.55434173525405040E-009) (-2.81993810857169506E-008,-2.55434177336071687E-009)        (0.34495463851423386,3.32468547700264863E-002)
   23.750125000000001        1.2500000000000000     
              (4.2021659064318122,0.22805809977542635)              (4.2090848282792077,0.23591611587579536)
      (-0.34713111838950650,-3.51829440803288554E-002) (-2.85771319231620158E-008,-2.64250487853377165E-009) (-2.85771376107216993E-008,-2.64250491803747959E-009)        (0.34955237585549509,3.43390867910847233E-002)
   23.800120000000000        1.2500000000000000     
              (4.2288394341645024,0.23017595905501589)              (4.2357642955211228,0.23808500902889149)
      (-0.35166780997995317,-3.62536287779978983E-002) (-2.89527127602436772E-008,-2.73118167172003054E-009) (-2.89527185980886446E-008,-2.73118171209688097E-009)        (0.35412333455550932,3.54374729443036537E-002)
   23.850114999999999        1.2500000000000000     
              (4.2556244386273230,0.23230921960837037)              (4.2625551140306053,0.24026916306162588)
      (-0.35617703238072734,-3.73297681844285342E-002) (-2.93260607995768709E-008,-2.82035960673944644E-009) (-2.93260668309886462E-008,-2.82035964845206741E-009)        (0.35866667370598193,3.65418548168037552E-002)
   23.900109999999998        1.2500000000000000     
              (4.2825211753743515,0.23445794686514917)              (4.2894574023407941,0.24246861858565180)
      (-0.36065823875382674,-3.84111940059948184E-002) (-2.96971183877186270E-008,-2.91002442787264856E-009) (-2.96971244963578008E-008,-2.91002447091970956E-009)        (0.36318182006215366,3.76520475200955371E-002)
   23.950105000000001        1.2500000000000000     
              (4.3095298295730338,0.23662218852979772)              (4.3164714436433913,0.24468344045793100)
      (-0.36511038543550040,-3.94977257750154936E-002) (-3.00658074875625148E-008,-3.00016278918661255E-009) (-3.00658138538895161E-008,-3.00016283293592094E-009)        (0.36766771002460297,3.87678932365988493E-002)
   24.000100000000000        1.2500000000000000     
              (4.3366507114675104,0.23880200350116931)              (4.3435974114899496,0.24691366644878826)
      (-0.36953301247192349,-4.05891872244740770E-002) (-3.04320925293374449E-008,-3.09075983624094667E-009) (-3.04320990929476179E-008,-3.09075988188600702E-009)        (0.37212394355886219,3.98892001828887732E-002)
   24.050094999999999        1.2500000000000000     
              (4.3638838868876277,0.24099745061779895)              (4.3708355551015714,0.24915937091277129)
      (-0.37392502450587251,-4.16853898481965163E-002) (-3.07958730507595636E-008,-3.18180117202638483E-009) (-3.07958798071771001E-008,-3.18180121878745866E-009)        (0.37654933215570530,4.10157944704174771E-002)
   24.100089999999998        1.2500000000000000     
              (4.3912296184937434,0.24320857698508674)              (4.3981860618120825,0.25142056833414300)
      (-0.37828597906865113,-4.27861643876913250E-002) (-3.11571241377021583E-008,-3.27327276195530618E-009) (-3.11571311166886396E-008,-3.27327281019775377E-009)        (0.38094351985593278,4.21474888775841272E-002)
   24.150085000000001        1.2500000000000000     
              (4.4186880500457484,0.24543544940770126)              (4.4256490667096102,0.25369734016156309)
      (-0.38261487052326881,-4.38913078423135428E-002) (-3.15157502975247652E-008,-3.36515880541903475E-009) (-3.15157574543875632E-008,-3.36515885526746922E-009)        (0.38530534361772434,4.32840938129227457E-002)
   24.200080000000000        1.2500000000000000     
              (4.4462594709097392,0.24767811266307771)              (4.4532248852914877,0.25598971851327390)
      (-0.38691097223527487,-4.50006350462110322E-002) (-3.18717044916723386E-008,-3.45744453649597107E-009) (-3.18717118578193093E-008,-3.45744458730831746E-009)        (0.38963427461989142,4.44254217311251878E-002)
   24.250074999999999        1.2500000000000000     
              (4.4739441022677839,0.24993662697681701)              (4.4809136911219722,0.25829776131062682)
      (-0.39117361823436708,-4.61139681436628021E-002) (-3.22249162661476968E-008,-3.55011536855256461E-009) (-3.22249238404699417E-008,-3.55011542105493653E-009)        (0.39392942721455587,4.55712891126872077E-002)
   24.300069999999998        1.2500000000000000     
              (4.5017419419023588,0.25221103503036163)              (4.5087155702251183,0.26062149838815196)
      (-0.39540187548032452,-4.72310926146965598E-002) (-3.25753141507263429E-008,-3.64315458693286325E-009) (-3.25753219491606745E-008,-3.64315464068511624E-009)        (0.39819003995373431,4.67214858250275811E-002)
   24.350065000000001        1.2500000000000000     
              (4.5296534266337103,0.25450140155737777)              (4.5366309192786369,0.26296100547007095)
      (-0.39959530290890682,-4.83518064812969439E-002) (-3.29228683265826657E-008,-3.73654573517135957E-009) (-3.29228764581929271E-008,-3.73654579077349075E-009)        (0.40241546771803000,4.78758135401963214E-002)
   24.400060000000000        1.2500000000000000     
              (4.5576786581620059,0.25680776538776817)              (4.5646598885783387,0.26531630521248195)
      (-0.40375286247517417,-4.94759315756114551E-002) (-3.32674852510599982E-008,-3.83027473624557885E-009) (-3.32674934407826623E-008,-3.83027479385077999E-009)        (0.40660481489354983,4.90340864925703779E-002)
   24.450054999999999        1.2500000000000000     
              (4.5858178331224133,0.25913019387069519)              (4.5928025386464357,0.26768746005572253)
      (-0.40787399958552700,-5.06032464899754467E-002) (-3.36091207694636273E-008,-3.92432337833788490E-009) (-3.36091292680889766E-008,-3.92432343710372880E-009)        (0.41075742339685006,5.01960806395460729E-002)
   24.500049999999998        1.2500000000000000     
              (4.6140711307685072,0.26146872855189818)              (4.6210592559185297,0.27007450920324305)
      (-0.41195770029162637,-5.17335524049436501E-002) (-3.39476905898486125E-008,-4.01867658340038904E-009) (-3.39476993266645632E-008,-4.01867664405097389E-009)        (0.41487240371467232,5.13616105926147579E-002)
   24.550045000000001        1.2500000000000000     
              (4.6424389089909655,0.26382341792316383)              (4.6494302592444772,0.27247750558740058)
      (-0.41600342574567523,-5.28666339073468328E-002) (-3.42831524439848119E-008,-4.11331617054993254E-009) (-3.42831614114280082E-008,-4.11331623309676277E-009)        (0.41894913820275737,5.25304489695360075E-002)
   24.600040000000000        1.2500000000000000     
              (4.6709213399587233,0.26619431226231050)              (4.6779156786212646,0.27489648178025017)
      (-0.42001049995312773,-5.40022872761511258E-002) (-3.46154413400297970E-008,-4.20822597728162553E-009) (-3.46154505693728874E-008,-4.20822604171276989E-009)        (0.42298678013575669,5.37023903590383572E-002)
   24.650034999999999        1.2500000000000000     
              (4.6995183973573003,0.26858147764473872)              (4.7065157012707397,0.27733150332074114)
      (-0.42397804732688582,-5.51402983640663369E-002) (-3.49444982525684943E-008,-4.30338879715842325E-009) (-3.49445077504783956E-008,-4.30338886330215407E-009)        (0.42698470220055251,5.48772194547344425E-002)
   24.700029999999998        1.2500000000000000     
              (4.7282305331455925,0.27098494647218679)              (4.7352306448773209,0.27978259532433220)
      (-0.42790542655943647,-5.62804415450408393E-002) (-3.52702576648992478E-008,-4.39878664384081733E-009) (-3.52702674421560622E-008,-4.39878671251437914E-009)        (0.43094208178281163,5.60547139742021416E-002)
   24.750025000000001        1.2500000000000000     
              (4.7570577859638341,0.27340476712045042)              (4.7640605522517507,0.28224981494752921)
      (-0.43179180131559941,-5.74225083559726027E-002) (-3.55926514107464240E-008,-4.49440219543825235E-009) (-3.55926614492681886E-008,-4.49440226545422407E-009)        (0.43485809220231991,5.72346588265399275E-002)
   24.800020000000000        1.2500000000000000     
              (4.7860005407234167,0.27584099735922979)              (4.7930058691178399,0.28473320650460293)
      (-0.43563644950995140,-5.85662655432181364E-002) (-3.59116304956457615E-008,-4.59021722351789773E-009) (-3.59116407890104975E-008,-4.59021729621269304E-009)        (0.43873216424047567,5.84168286885284258E-002)
   24.850014999999999        1.2500000000000000     
              (4.8150587724582339,0.27829368267070881)              (4.8220666214247663,0.28723281257777322)
      (-0.43943877875217197,-5.97115033195640757E-002) (-3.62271355788746551E-008,-4.68621451574837268E-009) (-3.62271462073348166E-008,-4.68621459025654890E-009)        (0.44256343556638977,5.96010010226205797E-002)
   24.900009999999998        1.2500000000000000     
              (4.8442328506776677,0.28076286537848771)              (4.8512429802568562,0.28974866801593246)
      (-0.44319783533730611,-6.08579828452621707E-002) (-3.65390867349705559E-008,-4.78237459343331805E-009) (-3.65390976701664410E-008,-4.78237466937419012E-009)        (0.44635112106768526,6.07869364094093534E-002)
   24.950005000000001        1.2500000000000000     
              (4.8735230156637783,0.28324859092602644)              (4.8805353903864281,0.29228082260152954)
      (-0.44691329128662788,-6.20054764101374001E-002) (-3.68474580061354032E-008,-4.87867932713778723E-009) (-3.68474692700940109E-008,-4.87867940631247806E-009)        (0.45009480267816054,6.19744193063422460E-002)
   25.000000000000000        1.2500000000000000     
              (4.9029293385073922,0.28575091862353369)              (4.9099438495728984,0.29482932310740234)
      (-0.45058400143912497,-6.31537698638616057E-002) (-3.71521605298654493E-008,-4.97511104340553637E-009) (-3.71521720755666441E-008,-4.97511112475103533E-009)        (0.45379340309513494,6.31632117792382958E-002)
