   8.5655000000000001     
   243.16000000000000     
   1.0348951153463419        4.4036365072500215E-005
         501           1
 
   47.000000000000000        47.000000000000000     
   2.5000000000000001E-003   1.2500000000000000     
   (1.94154864556837477E-010,2.43148917041238736E-013)   (1.94814593369887387E-010,2.44801687696685406E-013)
   (1.94154609781214019E-010,2.43148594815033939E-013)   (1.32863044771832168E-017,1.66954110905747203E-020)   (1.32863044771832168E-017,1.66954110905747203E-020) (-1.94814337923821739E-010,-2.44801363778970725E-013)
   5.2495000000000000E-002   1.2500000000000000     
   (1.79760801844060962E-006,2.25287206530819870E-009)   (1.80371715642988993E-006,2.26818804104676083E-009)
   (1.79656818873201783E-006,2.25155693559748261E-009)   (1.22942136421758587E-013,1.54599971170104358E-016)   (1.22942136421758511E-013,1.54599971170104210E-016) (-1.80267459017331359E-006,-2.26686600683554267E-009)
  0.10249000000000000        1.2500000000000000     
   (1.33789464323146243E-005,1.68442967551638003E-008)   (1.34244337872052484E-005,1.69588642307114489E-008)
   (1.33494656136408477E-005,1.68070098403592267E-008)   (9.13529288639693768E-013,1.15403809506918750E-015)   (9.13529288639670544E-013,1.15403809506912853E-015) (-1.33948753571485007E-005,-1.69213814942443323E-008)
  0.15248500000000001        1.2500000000000000     
   (4.40674719817778763E-005,5.61464075956571855E-008)   (4.42174019677522698E-005,5.65286501621580426E-008)
   (4.38527521122750269E-005,5.58748191537600125E-008)   (3.00094470932659774E-012,3.83664487220133201E-015)   (3.00094470932575966E-012,3.83664487219914686E-015) (-4.40021165406714781E-005,-5.62556345542613031E-008)
  0.20247999999999999        1.2500000000000000     
   (1.03196520579160623E-004,1.34456307682405925E-007)   (1.03547972996687659E-004,1.35373364904430177E-007)
   (1.02311207520773626E-004,1.33336402740369238E-007)   (7.00144926289518008E-012,9.15574475189169307E-015)   (7.00144926288445097E-012,9.15574475186371217E-015) (-1.02660326379468438E-004,-1.34247569281702032E-007)
  0.25247500000000000        1.2500000000000000     
   (2.00114063525372532E-004,2.70096644779542281E-007)   (2.00796447903905093E-004,2.71945181535450011E-007)
   (1.97449826271101628E-004,2.66725734766195078E-007)   (1.35122015885144807E-011,1.83157600921902084E-014)   (1.35122015884362411E-011,1.83157600919856379E-014) (-1.98125181421167129E-004,-2.68556512660063464E-007)
  0.30247000000000002        1.2500000000000000     
   (3.44186795019359442E-004,4.88252217915554038E-007)   (3.45362299417835731E-004,4.91613860705822568E-007)
   (3.37624848047298365E-004,4.79946510286978150E-007)   (2.31051859184196753E-011,3.29591645446615697E-014)   (2.31051859180237595E-011,3.29591645436381015E-014) (-3.38783020127175749E-004,-4.83264284524040150E-007)
  0.35246499999999997        1.2500000000000000     
   (5.44803805370444334E-004,8.24464058722280944E-007)   (5.46667904060028150E-004,8.30195125171854098E-007)
   (5.30737275420199652E-004,8.06647176654861461E-007)   (3.63213044271064119E-011,5.53989586356360284E-014)   (3.63213044254905533E-011,5.53989586315609118E-014) (-5.32564169427613126E-004,-8.12283757505146298E-007)
  0.40245999999999998        1.2500000000000000     
   (8.11379472486821896E-004,1.32868353432241088E-006)   (8.14161662599134075E-004,1.33805045494770853E-006)
   (7.84149181794806141E-004,1.29415329887207297E-006)   (5.36646716967046392E-011,8.88899245446720806E-014)   (5.36646716914380384E-011,8.88899245312174330E-014) (-7.86859236470177528E-004,-1.30333595143878737E-006)
  0.45245499999999994        1.2500000000000000     
   (1.15335566276095289E-003,2.06977221648331158E-006)   (1.15732027590167400E-003,2.08464705490065196E-006)
   (1.10460354970854302E-003,2.00783706470808551E-006)   (7.55971399296579884E-011,1.37930659655737195E-013)   (7.55971399146846752E-011,1.37930659617425742E-013) (-1.10843878368363145E-003,-2.02237828017190861E-006)
  0.50244999999999995        1.2500000000000000     
   (1.58020329292403710E-003,3.14031851671607622E-006)   (1.58565025521985466E-003,3.16345000888867033E-006)
   (1.49814829576168872E-003,3.03578511484517436E-006)   (1.02533100836221503E-010,2.08586978634277059E-013)   (1.02533100797776099E-010,2.08586978536048276E-013) (-1.50337706180842965E-003,-3.05834585234591163E-006)
  0.55244499999999985        1.2500000000000000     
   (2.10142262936685023E-003,4.66163343026340259E-006)   (2.10868868061217735E-003,4.69701297507561912E-006)
   (1.97006444333465165E-003,4.49361232565305328E-006)   (1.34834605715083736E-010,3.08826543511245789E-013)   (1.34834605625623636E-010,3.08826543281331584E-013) (-1.97698041615951758E-003,-4.52805695294475219E-006)
  0.60243999999999998        1.2500000000000000     
   (2.72654340996338366E-003,6.78877533195412470E-006)   (2.73600326315391520E-003,6.84212046943543732E-006)
   (2.52480006532215719E-003,6.52925071358651837E-006)   (1.72806844198492389E-010,4.48853261832692201E-013)   (1.72806844004765965E-010,4.48853261332649051E-013) (-2.53372093776663664E-003,-6.58111446362251673E-006)
  0.65243499999999988        1.2500000000000000     
   (3.46512334172389665E-003,9.71545741362427004E-006)   (3.47719100915778144E-003,9.79483464905497034E-006)
   (3.16590901620301913E-003,9.32753951900073771E-006)   (2.16693965567311572E-010,6.41429497215230772E-013)   (2.16693965170977313E-010,6.41429496193265685E-013) (-3.17717515528434438E-003,-9.40462752459809084E-006)
  0.70242999999999989        1.2500000000000000     
   (4.32674611895496591E-003,1.36786825567452025E-005)   (4.34187618422514701E-003,1.37952962071246114E-005)
   (3.89599613914551855E-003,1.31144255145229956E-005)   (2.66675324186440221E-010,9.02173366110072571E-013)   (2.66675323421862912E-010,9.02173364128353912E-013) (-3.90996894294181208E-003,-1.32275664983589450E-005)
  0.75242499999999990        1.2500000000000000     
   (5.32101870456074683E-003,1.89629612412624115E-005)   (5.33970840067460838E-003,1.91321433299331670E-005)
   (4.71666888004135601E-003,1.81605856024271243E-005)   (3.22862228159269624E-010,1.24981879603026283E-012)   (3.22862226746498336E-010,1.24981879235466014E-012) (-4.73372979049073092E-003,-1.83245699529026594E-005)
  0.80241999999999991        1.2500000000000000     
   (6.45756801120341527E-003,2.59039762124441936E-005)   (6.48035777716368579E-003,2.61463915192467444E-005)
   (5.62849605602221918E-003,2.47842823614802921E-005)   (3.85295007382858656E-010,1.70642396386303247E-012)   (3.85295004891323133E-010,1.70642395731043078E-012) (-5.64904383988819661E-003,-2.50189920918520938E-005)
  0.85241499999999992        1.2500000000000000     
   (7.74603623814563731E-003,3.48915614872753572E-005)   (7.77351275596563016E-003,3.52346822043508260E-005)
   (6.63097329152497784E-003,3.33532586842631284E-005)   (4.53940819225255730E-010,2.29751751036653708E-012)   (4.53940814967072832E-010,2.29751749905073821E-012) (-6.65542351338913648E-003,-3.36850344990404722E-005)
  0.90240999999999982        1.2500000000000000     
   (9.19607647318717615E-003,4.63718929209289490E-005)   (9.22887334092279028E-003,4.68517460072012063E-005)
   (7.72249669504589814E-003,4.42854979188887511E-005)   (5.28691674919038951E-010,3.05216717182981000E-012)   (5.28691667878431713E-010,3.05216715426254437E-012) (-7.75127876680862735E-003,-4.47487360618369347E-005)
  0.95240499999999984        1.2500000000000000     
   (1.08173484292905832E-002,6.08488012193963211E-005)   (1.08561497023038928E-002,6.15120387503765410E-005)
   (8.90034508823779949E-003,5.80486829606853305E-005)   (6.09363419116516085E-010,4.00296251713270537E-012)   (6.09363407794540594E-010,4.00296248627164119E-012) (-8.93390191889355083E-003,-5.86876976702821508E-005)
   1.0024000000000000        1.2500000000000000     
   (1.26195115159044840E-002,7.88841347210045063E-005)   (1.26650509374270186E-002,7.97904519079553452E-005)
   (1.01606684351681371E-002,7.51581953877410083E-005)   (6.95694648774294146E-010,5.18589908696351867E-012)   (6.95694631024342059E-010,5.18589903369092476E-012) (-1.01994518035711957E-002,-7.60293554907668284E-005)
   1.0523950000000000        1.2500000000000000     
   (1.46122222151379207E-002,1.01097129113525275E-004)   (1.46652865066012276E-002,1.02322042954936809E-004)
   (1.14984887129420000E-002,9.61735211433509962E-005)   (7.87347018882434673E-010,6.64015394546516485E-012)   (7.87346992365989884E-010,6.64015387266162821E-012) (-1.15429583680578627E-002,-9.73476531190415847E-005)
   1.1023899999999998        1.2500000000000000     
   (1.68051252754566546E-002,1.28162821646219348E-004)   (1.68665562410524848E-002,1.29800836109464417E-004)
   (1.29077039356806436E-002,1.21693006424356993E-004)   (8.83905434735158826E-010,8.40774959502022061E-012)   (8.83905392516412505E-010,8.40774947703418141E-012) (-1.29583252316150810E-002,-1.23258068242401562E-004)
   1.1523849999999998        1.2500000000000000     
   (1.92078531235421318E-002,1.60809427635328256E-004)   (1.92785472873837349E-002,1.62977605966246360E-004)
   (1.43811084953361073E-002,1.52346786803735182E-004)   (9.84879267665707137E-010,1.05330934907682010E-011)   (9.84879207166064344E-010,1.05330933044121477E-011) (-1.44383477070507086E-002,-1.54410802881816675E-004)
   1.2023800000000000        1.2500000000000000     
   (2.18300205107521371E-002,1.99814871265889657E-004)   (2.19109324209351419E-002,2.02656833280892020E-004)
   (1.59104172917174415E-002,1.88787983852531691E-004)   (1.08970425555900918E-009,1.30623994888994465E-011)   (1.08970416690524688E-009,1.30623992235539406E-011) (-1.59747405830771953E-002,-1.91482232404796424E-004)
   1.2523750000000000        1.2500000000000000     
   (2.46812178498183529E-002,2.46002432108680591E-004)   (2.47733592752220760E-002,2.49692713626960023E-004)
   (1.74862987508250835E-002,2.31682047434200104E-004)   (1.19774445013013021E-009,1.60429771236889146E-011)   (1.19774432624444316E-009,1.60429767332055724E-011) (-1.75581667280607819E-002,-2.35164397935329843E-004)
   1.3023699999999998        1.2500000000000000     
   (2.77710111933303812E-002,3.00235736512026322E-004)   (2.78754512869469478E-002,3.04984601521915888E-004)
   (1.90984205661480569E-002,2.81694387410776992E-004)   (1.30829540219772304E-009,1.95224090680382247E-011)   (1.30829522987673744E-009,1.95224085013974717E-011) (-1.91782836660388811E-002,-2.86152845534536180E-004)
   1.3523649999999998        1.2500000000000000     
   (3.11088492762949392E-002,3.63412873332519715E-004)   (3.12268019536968457E-002,3.69471641981226168E-004)
   (2.07355981405367394E-002,3.39476380461147952E-004)   (1.42059335469087010E-009,2.35476057185180791E-011)   (1.42059336888731663E-009,2.35476058232521759E-011) (-2.08238023584987782E-002,-3.45132501777510820E-004)
   1.4023599999999998        1.2500000000000000     
   (3.47043985077840483E-002,4.36461170342111531E-004)   (3.48369964333917065E-002,4.44127287096918394E-004)
   (2.23855196745268888E-002,4.05649160177143852E-004)   (1.53380014019949923E-009,2.81637197212172163E-011)   (1.53380016072906780E-009,2.81637198756737505E-011) (-2.24825408022896085E-002,-4.12762120250068695E-004)
   1.4523549999999998        1.2500000000000000     
   (3.85670760548840683E-002,5.20330076887292486E-004)   (3.87155722260409535E-002,5.29953311145571764E-004)
   (2.40352773066925124E-002,4.80787426823059416E-004)   (1.64703404372822447E-009,3.34130343287788360E-011)   (1.64703407294421640E-009,3.34130345531102311E-011) (-2.41414992699938470E-002,-4.89657141631379589E-004)
   1.5023499999999999        1.2500000000000000     
   (4.27063415234517352E-002,6.15985494129980848E-004)   (4.28720467093322705E-002,6.27973926513204035E-004)
   (2.56711690997558084E-002,5.65400606933001769E-004)   (1.75935956392042574E-009,3.93336895757936309E-011)   (1.75935960478654316E-009,3.93336898982180936E-011) (-2.57869413992731847E-002,-5.76371237752959791E-004)
   1.5523449999999999        1.2500000000000000     
   (4.71316375523999354E-002,7.24403732967976227E-004)   (4.73159183403753791E-002,7.39229944012209541E-004)
   (2.72788534636750728E-002,6.59913754362460663E-004)   (1.86979717904170190E-009,4.59583638666477719E-011)   (1.86979723203931801E-009,4.59583642569440517E-011) (-2.74044852913602893E-002,-6.73376685582022087E-004)
   1.6023399999999999        1.2500000000000000     
   (5.18523804525283516E-002,8.46566316472339530E-004)   (5.20566542967120516E-002,8.64773845239691710E-004)
   (2.88434405125524394E-002,7.64647941422116721E-004)   (1.97732940583522450E-009,5.33129349506550276E-011)   (1.97732947923562845E-009,5.33129354594332463E-011) (-2.89791910664271846E-002,-7.81044489220661213E-004)
   1.6523349999999999        1.2500000000000000     
   (5.68779828303759422E-002,9.83455047711637208E-004)   (5.71037158869911604E-002,1.00566466623616419E-003)
   (3.03496050419719623E-002,8.79799804014794315E-004)   (2.08090855034594839E-009,6.14150490110786347E-011)   (2.08090865255919134E-009,6.14150498950880158E-011) (-3.04956750694733818E-002,-8.99623152670309448E-004)
   1.7023299999999999        1.2500000000000000     
   (6.22178498567808602E-002,1.13604832268160145E-003)   (6.24665566943059386E-002,1.16296444813861438E-003)
   (3.17816999938444270E-002,1.00542145287931851E-003)   (2.17946473687269548E-009,7.02727337770978776E-011)   (2.17946487108739035E-009,7.02727348554210707E-011) (-3.19382281037212529E-002,-1.02921805256608119E-003)
   1.7523250000000001        1.2500000000000000     
   (6.78813855242386133E-002,1.30531886780144786E-003)   (6.81546165436177076E-002,1.33773570824360704E-003)
   (3.31238692470442533E-002,1.14140098609367209E-003)   (2.27191253259423958E-009,7.98830273809878054E-011)   (2.27191271527117220E-009,7.98830288848811548E-011) (-3.32909100554932419E-002,-1.16977103962297808E-003)
   1.8023199999999997        1.2500000000000000     
   (7.38780033294505617E-002,1.49223205147638025E-003)   (7.41773436723920793E-002,1.53103945160325771E-003)
   (3.43601705266305610E-002,1.28744305601039737E-003)   (2.35716068884955816E-009,9.02306017064727560E-011)   (2.35716093357899747E-009,9.02306036513263447E-011) (-3.45376989827407416E-002,-1.32103994203588353E-003)
   1.8523149999999997        1.2500000000000000     
   (8.02171406859308045E-002,1.69774653541804690E-003)   (8.05441995093270219E-002,1.74393554980532654E-003)
   (3.54747247876107605E-002,1.44305145771012359E-003)   (2.43412078958742161E-009,1.01286525845041249E-010)   (2.43412111046385440E-009,1.01286528498887173E-010) (-3.56626113454694346E-002,-1.48258011791081745E-003)
   1.9023099999999997        1.2500000000000000     
   (8.69082583328132235E-002,1.92281602218638027E-003)   (8.72646689745808224E-002,1.97748386890161509E-003)
   (3.64518291430779989E-002,1.60751282972562757E-003)   (2.50171661366790280E-009,1.13007081672014345E-010)   (2.50171703680671099E-009,1.13007085259086755E-010) (-3.66498437630644949E-002,-1.65372672428435938E-003)
   1.9523049999999997        1.2500000000000000     
   (9.39608543142003982E-002,2.16839274565879501E-003)   (9.43482542042192451E-002,2.23274727569515311E-003)
   (3.72761038631160072E-002,1.77988242145555881E-003)   (2.55889227764930641E-009,1.25332729203800204E-010)   (2.55889282307866718E-009,1.25332733953913099E-010) (-3.74838929390601192E-002,-1.83357930126795557E-003)
   2.0023000000000000        1.2500000000000000     
        (0.10138431769957085,2.43543260837085756E-003)        (0.10180446245888683,2.51079558564722442E-003)
   (3.79324918939171682E-002,1.95897234296596402E-003)   (2.60461805109840015E-009,1.38187286024206032E-010)   (2.60461800023394760E-009,1.38187285743500068E-010) (-3.81497053307198880E-002,-2.02098791937282106E-003)
   2.0522950000000000        1.2500000000000000     
        (0.10918850129577287,2.72490305878130869E-003)        (0.10964294297628040,2.81271398786870058E-003)
   (3.84069303425140715E-002,2.14334335219166453E-003)   (2.63791889696161340E-009,1.51476992347487640E-010)   (2.63791882986905471E-009,1.51476991942625588E-010) (-3.86328557253924135E-002,-2.21454465294146493E-003)
   2.1022900000000000        1.2500000000000000     
        (0.11738292748756213,3.03779008141076730E-003)        (0.11787329199054457,3.13960729544223360E-003)
   (3.86857422540233947E-002,2.33129809377724800E-003)   (2.65785673734193587E-009,1.65090362206657076E-010)   (2.65785664660869259E-009,1.65090361672518431E-010) (-3.89196213553519924E-002,-2.41257358407126173E-003)
   2.1522849999999996        1.2500000000000000     
        (0.12597730955121442,3.37510826440913167E-003)        (0.12650518003125802,3.49261064539915615E-003)
   (3.87562545046518173E-002,2.52087875603362486E-003)   (2.66355657072345638E-009,1.78897693891580969E-010)   (2.66355645432327349E-009,1.78897693144219021E-010) (-3.89971612809727475E-002,-2.61312821169234436E-003)
   2.2022799999999996        1.2500000000000000     
        (0.13498143366796028,3.73791295513611335E-003)        (0.13554836628016173,3.87289893914367954E-003)
   (3.86068244561449531E-002,2.70986982723659146E-003)   (2.65421472562160176E-009,1.92751117418656631E-010)   (2.65421457393841655E-009,1.92751116434268637E-010) (-3.88536859683464436E-002,-2.81399102958466594E-003)
   2.2522749999999996        1.2500000000000000     
        (0.14440513522181531,4.12731045700280141E-003)        (0.14501262094635334,4.28169780177987437E-003)
   (3.82269607126249841E-002,2.89580217260506593E-003)   (2.62910314302838502E-009,2.06484885151985665E-010)   (2.62910294870830211E-009,2.06484883792349512E-010) (-3.84785164523425566E-002,-3.01267780549864961E-003)
   2.3022699999999996        1.2500000000000000     
        (0.15425832630832237,4.54447171856355806E-003)        (0.15490780153994035,4.72029435196864335E-003)
   (3.76074772171220498E-002,3.07596392051803866E-003)   (2.58758396724439087E-009,2.19915878503863978E-010)   (2.58758371506067698E-009,2.19915876750426833E-010) (-3.78623044274452245E-002,-3.20644507148641405E-003)
   2.3522650000000001        1.2500000000000000     
        (0.16455097903788604,4.99064418185880213E-003)        (0.16524380601975236,5.19004875432196172E-003)
   (3.67406055975551052E-002,3.24741392595218319E-003)   (2.52911420148384566E-009,2.32844478887422271E-010)   (2.52911388007503612E-009,2.32844476480613565E-010) (-3.69971001401232166E-002,-3.39230341847204363E-003)
   2.4022600000000001        1.2500000000000000     
        (0.17529313188682014,5.46716527475734401E-003)        (0.17603057864932015,5.69240608419532140E-003)
   (3.56201183722075834E-002,3.40700143973165625E-003)   (2.45325555494377903E-009,2.45055761185064402E-010)   (2.45325514359781393E-009,2.45055758048211058E-010) (-3.58764948348928928E-002,-3.56703529681064342E-003)
   2.4522550000000001        1.2500000000000000     
        (0.18649486964611897,5.97547260840368671E-003)        (0.18727810024857758,6.22890567137977628E-003)
   (3.42414259314525113E-002,3.55138800843245346E-003)   (2.35968033088488999E-009,2.56320893491850295E-010)   (2.35967981698934452E-009,2.56320889363215307E-010) (-3.44957173821922314E-002,-3.72721630940413837E-003)
   2.5022500000000001        1.2500000000000000     
        (0.19816632234271483,6.51711747175944423E-003)        (0.19899639948630093,6.80119213925027728E-003)
   (3.26016957333042159E-002,3.67707706668817099E-003)   (2.24818197033188748E-009,2.66398964855813394E-010)   (2.24818132142001317E-009,2.66398959511371022E-010) (-3.28517799065044386E-002,-3.86924292553433987E-003)
   2.5522449999999997        1.2500000000000000     
        (0.21031765445878242,7.09377137226382178E-003)        (0.21119550775605722,7.41102152432330033E-003)
   (3.06999397639674994E-002,3.78044457133122755E-003)   (2.11867704104096463E-009,2.75039024778947730E-010)   (2.11867622862295638E-009,2.75039017896933195E-010) (-3.09435093877357612E-002,-3.98936321263116712E-003)
   2.6022399999999997        1.2500000000000000     
        (0.22295903804053196,7.70723690580311146E-003)        (0.22388548117967108,8.06027054539392232E-003)
   (2.85370814805028621E-002,3.85777673564071484E-003)   (1.97121440679474405E-009,2.81982528727232952E-010)   (1.97121340306156017E-009,2.81982519906045258E-010) (-2.87716834767026766E-002,-4.08371435848206826E-003)
   2.6522349999999997        1.2500000000000000     
        (0.23610047543814219,8.35944938040825668E-003)        (0.23707629668762770,8.75093886699210809E-003)
   (2.61162002317865752E-002,3.90531232323643738E-003)   (1.80597901815648468E-009,2.86966040618259845E-010)   (1.80597909904271228E-009,2.86966040511487475E-010) (-2.63390722983768526E-002,-4.14836433109706370E-003)
   2.7022299999999997        1.2500000000000000     
        (0.24975246694389858,9.05248845045294667E-003)        (0.25077807678268105,9.48515244642627806E-003)
   (2.34419307162336346E-002,3.91928151999622158E-003)   (1.62328837878503991E-009,2.89724084990109358E-010)   (1.62328848330995240E-009,2.89724084920572058E-010) (-2.36504599203903564E-002,-4.17935215591427097E-003)
   2.7522249999999997        1.2500000000000000     
        (0.26392499821743964,9.78856832926664616E-003)        (0.26500074355772590,1.02651611505435118E-002)
   (2.05214355433681502E-002,3.89596213710487801E-003)   (1.42360821936360977E-009,2.89992423734133245E-010)   (1.42360835605022720E-009,2.89992423685360608E-010) (-2.07127652009462954E-002,-4.17274272145056954E-003)
   2.8022199999999997        1.2500000000000000     
        (0.27862816569322607,1.05700421136993225E-002)        (0.27975424793862491,1.10933386759441612E-002)
   (1.73638213487396255E-002,3.83172610095196958E-003)   (1.20754573970078425E-009,2.87511560048799307E-010)   (1.20754591135188135E-009,2.87511560070466941E-010) (-1.75350158161839270E-002,-4.12467707095875036E-003)
   2.8522149999999997        1.2500000000000000     
        (0.29387200354745968,1.13993953350510300E-002)        (0.29504843410766096,1.19721716761225835E-002)
   (1.39803044007807131E-002,3.72309423117061621E-003)   (9.75851537243944349E-010,2.82030095730277558E-010)   (9.75851757949877394E-010,2.82030095849579440E-010) (-1.41283468935753716E-002,-4.03142453139615758E-003)
   2.9022099999999997        1.2500000000000000     
        (0.30966644492615225,1.22792384648808418E-002)        (0.31089308675393024,1.29042559481629820E-002)
   (1.03841964510696279E-002,3.56679363556654900E-003)   (7.29421764915351355E-010,2.73308915766929382E-010)   (7.29422042007154624E-010,2.73308916038367873E-010) (-1.05060442475331476E-002,-3.88944622781713361E-003)
   2.9522049999999997        1.2500000000000000     
        (0.32602136200561976,1.32122947911745125E-002)        (0.32729788404688481,1.38922807988570915E-002)
   (6.59084812871063921E-003,3.35981408534202991E-003)   (4.69289247918383143E-010,2.61124776833450218E-010)   (4.69289598341394528E-010,2.61124777336068112E-010) (-6.68342021177484053E-003,-3.69545012148540146E-003)
   3.0021999999999998        1.2500000000000000     
        (0.34294648511428732,1.42013886768735942E-002)        (0.34427239194724607,1.49390174357936344E-002)
   (2.61763036868483800E-003,3.09946757182328041E-003)   (1.96630798436347731E-010,2.45274531300211589E-010)   (1.96631230338749508E-010,2.45274532105906909E-010) (-2.67789980408057781E-003,-3.44645497413226297E-003)
   3.0521949999999998        1.2500000000000000     
        (0.36045145163338183,1.52494284667955039E-002)        (0.36182607826837054,1.60473010206671138E-002)
  (-1.51611033544616280E-003,2.78344608284613552E-003)  (-8.72435344868145170E-011,2.25579033029576556E-010)  (-8.72429988877207073E-011,2.25579035251004755E-010)  (1.49112528434285812E-003,-3.13984979494180520E-003)
   3.1021899999999998        1.2500000000000000     
        (0.37854574455604156,1.63593886474577704E-002)        (0.37996825798232098,1.72200119427101637E-002)
  (-5.78919546074189214E-003,2.40987926398311550E-003)  (-3.80896054041243750E-010,2.01887057262436893E-010)  (-3.80895375906487972E-010,2.01887058995596790E-010)  (5.80238939801502786E-003,-2.77345420608637004E-003)
   3.1521849999999998        1.2500000000000000     
        (0.39723872641339530,1.75342934617937485E-002)        (0.39870813890832946,1.84600602124969509E-002)
  (-1.01786543243165169E-002,1.97739343289657973E-003)  (-6.82765413426856596E-010,1.74079597900039535E-010)  (-6.82764583816775086E-010,1.74079600378405180E-010)  (1.02327993384196819E-002,-2.34558133623698727E-003)
   3.2021799999999998        1.2500000000000000     
        (0.41653961358009906,1.87771896651957003E-002)        (0.41805478358155929,1.97703593975618805E-002)
  (-1.46598875047645877E-002,1.48516340083341665E-003)  (-9.91174978448472686E-010,1.42073458264677530E-010)  (-9.91173950038851245E-010,1.42073461709768510E-010)  (1.47575721215200371E-002,-1.85509325280898483E-003)
   3.2521749999999998        1.2500000000000000     
        (0.43645749260670913,2.00911324023920097E-002)        (0.43801716040422162,2.11538101392790730E-002)
  (-1.92067604067791900E-002,9.32962022674942181E-004)  (-1.30434167505464395E-009,1.05824738898291311E-010)  (-1.30434042695360394E-009,1.05824743686911493E-010)  (1.93503572592414672E-002,-1.30145362587831830E-003)
   3.3021699999999998        1.2500000000000000     
        (0.45700129956858893,2.14791587534814317E-002)        (0.45860407557584854,2.26132776911615145E-002)
  (-2.37917916901496003E-002,3.21211010526497600E-004)  (-1.62038731930525439E-009,6.53326269806967387E-011)  (-1.62038578649637073E-009,6.53326333898422580E-011)  (2.39834398627402773E-002,-6.84782737276953021E-004)
   3.3521649999999998        1.2500000000000000     
        (0.47817985341762009,2.29442719211150475E-002)        (0.47982422832095412,2.41515758910751908E-002)
 (-2.83862956573657614E-002,-3.48978540670136326E-004)  (-1.93734951190862437E-009,2.06423958931074943E-011)  (-1.93734765444138439E-009,2.06424044594193184E-011)  (2.86278386920484247E-002,-5.90128394651849569E-006)
   3.4021599999999999        1.2500000000000000     
        (0.50000187425852072,2.44894171169272763E-002)        (0.50168630453109420,2.57714446430654803E-002)
 (-3.29605795177149580E-002,-1.07577362405562676E-003) (-2.25319070721334661E-009,-2.81520589695998593E-011) (-2.25318843967710284E-009,-2.81520476975733143E-011)   (3.32535115690637817E-002,7.33629662607035394E-004)
   3.4521549999999999        1.2500000000000000     
        (0.52247566644902987,2.61174671459097722E-002)        (0.52419873120349958,2.74755409310172456E-002)
 (-3.74844201444258784E-002,-1.85658571830795739E-003) (-2.56581983472404834E-009,-8.09056063190892688E-011) (-2.56582001450945574E-009,-8.09056055334106986E-011)   (3.78296550984333971E-002,1.53147740584851522E-003)
   3.5021500000000003        1.2500000000000000     
        (0.54561025569124388,2.78312055831765118E-002)        (0.54737013245443800,2.92664161583369234E-002)
 (-4.19262014330665372E-002,-2.68805197191442210E-003) (-2.87309185635324199E-009,-1.37420461231213632E-010) (-2.87309207955319489E-009,-1.37420460270646707E-010)   (4.23246293805357998E-002,2.38450722881414267E-003)
   3.5521449999999994        1.2500000000000000     
        (0.56941386846089115,2.96333157228004587E-002)        (0.57120891967399223,3.11465188525471490E-002)
 (-4.62546856501323059E-002,-3.56602010565128941E-003) (-3.17283806922255596E-009,-1.97444014453887543E-010) (-3.17283834596095096E-009,-1.97444013362839133E-010)   (4.67065308021412454E-002,3.28876532668721236E-003)
   3.6021399999999995        1.2500000000000000     
        (0.59389491069538092,3.15263720959884711E-002)        (0.59572351333968832,3.31181827920586785E-002)
 (-5.04381978609311221E-002,-4.48554648603176689E-003) (-3.46287210244743336E-009,-2.60668947248799988E-010) (-3.46287244833417282E-009,-2.60668946035186391E-010)   (5.09432090761241310E-002,4.23947472085565557E-003)
   3.6521349999999995        1.2500000000000000     
        (0.61906176018377068,3.35128319184046022E-002)        (0.62092237964798114,3.51836228019296524E-002)
 (-5.44452035311751639E-002,-5.44089887294854115E-003) (-3.74101178569918442E-009,-3.26732757109005836E-010) (-3.74101221532535385E-009,-3.26732755624787029E-010)   (5.50025923300851149E-002,5.23103290781433937E-003)
   3.7021299999999995        1.2500000000000000     
        (0.64492283433197517,3.55950345125318757E-002)        (0.64681398711503235,3.73449437014573907E-002)
 (-5.82444506742271079E-002,-6.42557256377655241E-003) (-4.00509141593803281E-009,-3.95217924430418440E-010) (-4.00509194758277112E-009,-3.95217922811861417E-010)   (5.88528786631183840E-002,6.25701938170098414E-003)
   3.7521249999999995        1.2500000000000000     
        (0.67148650698155388,3.77752081895312633E-002)        (0.67340689564540290,3.96041439281520496E-002)
 (-6.18052747629614443E-002,-7.43231388898920285E-003) (-4.25297834059678184E-009,-4.65653553481158417E-010) (-4.25297899131615455E-009,-4.65653551668063404E-010)   (6.24627866202664625E-002,7.31022024479339571E-003)
   3.8021199999999995        1.2500000000000000     
        (0.69876130231565103,4.00554691875016425E-002)        (0.70070972736689752,4.19631245802984179E-002)
 (-6.50978387457431806E-002,-8.45316213790917731E-003) (-4.48259461686246158E-009,-5.37517244102625928E-010) (-4.48259541270978851E-009,-5.37517242200900063E-010)   (6.58018789089975936E-002,8.38266009599586241E-003)
   3.8521149999999995        1.2500000000000000     
        (0.72675574926052666,4.24378400604697378E-002)        (0.72873123356191571,4.44237083252275664E-002)
 (-6.80933598970443754E-002,-9.47948975637542650E-003) (-4.69193092595425441E-009,-6.10237472417743728E-010) (-4.69193190220642708E-009,-6.10237470320744405E-010)   (6.88407399732679226E-002,9.46564101294695981E-003)
   3.9021099999999995        1.2500000000000000     
        (0.75547847083711717,4.49242531660221309E-002)        (0.75748025827151699,4.69876541929371283E-002)
 (-7.07644010375171745E-002,-1.05020584756955072E-002) (-4.87906173561417031E-009,-6.83196866239398907E-010) (-4.87906292629721277E-009,-6.83196864130439587E-010)   (7.15512398442690462E-002,1.05497991990659429E-002)
   3.9521050000000000        1.2500000000000000     
        (0.78493823456316925,4.75165813790515840E-002)        (0.78696581894786577,4.96566861227814155E-002)
 (-7.30850568362151204E-002,-1.15110945282987948E-002) (-5.04216803597769750E-009,-7.55736768882035833E-010) (-5.04216947275031897E-009,-7.55736766758321161E-010)   (7.39068101740242289E-002,1.16251640315603519E-002)
   4.0021000000000004        1.2500000000000000     
        (0.81514390576933349,5.02166406404183085E-002)        (0.81719705004355281,5.24325036091959767E-002)
 (-7.50312091830331873E-002,-1.24963508434919914E-002) (-5.17954906782578777E-009,-8.27160866409555150E-010) (-5.17955080251119359E-009,-8.27160864365487322E-010)   (7.58826817242387736E-002,1.26812296086691225E-002)
   4.0520950000000004        1.2500000000000000     
        (0.84610455122655326,5.30262358295925593E-002)        (0.84818328641486029,5.53168288870844738E-002)
 (-7.65807529120731412E-002,-1.34472150421483944E-002) (-5.28963720246095236E-009,-8.96742430017269997E-010) (-5.28963930014504998E-009,-8.96742428250529255E-010)   (7.74560464333261534E-002,1.37070494993451857E-002)
   4.1020900000000005        1.2500000000000000     
        (0.87782927730072291,5.59471564578783651E-002)        (0.87993399079325296,5.83114108415390200E-002)
 (-7.77137889859362690E-002,-1.43527788670731269E-002) (-5.37101509164456386E-009,-9.63728292930242004E-010) (-5.37101761159529084E-009,-9.63728291548981696E-010)   (7.86063592811208356E-002,1.46913098037976860E-002)
   4.1520850000000005        1.2500000000000000     
        (0.91032746555888455,5.89812262793007816E-002)        (0.91245882382847510,6.14180732493431400E-002)
 (-7.84128825679694386E-002,-1.52019618582453428E-002) (-5.42243263365448621E-009,-1.02734690269775901E-009) (-5.42243565746216547E-009,-1.02734690202393789E-009)   (7.93155187907210180E-002,1.56224448442932404E-002)
   4.2020800000000005        1.2500000000000000     
        (0.94360855872098892,6.21303143949554909E-002)        (0.94576757383484933,6.46387315406512092E-002)
 (-7.86631369290874266E-002,-1.59836025967416938E-002) (-5.44281039104037445E-009,-1.08681475394625470E-009) (-5.44281399955855581E-009,-1.08681475432502815E-009)   (7.95679935115752163E-002,1.64887341416011177E-002)
   4.2520750000000005        1.2500000000000000     
        (0.97768189844826947,6.53963744850326739E-002)        (0.97987008477198367,6.79754274899955907E-002)
 (-7.84522541184634881E-002,-1.66865962026249114E-002) (-5.43126818846414688E-009,-1.14134491572621183E-009) (-5.43126791362862380E-009,-1.14134491697727660E-009)   (7.93510583006776238E-002,1.72784257226362772E-002)
   4.3020699999999996        1.2500000000000000     
         (1.0125577679307234,6.87814417049983085E-002)         (1.0147765843902607,7.14303365026151410E-002)
 (-7.77714561090756401E-002,-1.72999809383394161E-002) (-5.38711491275960333E-009,-1.19015339807389973E-009) (-5.38711458088022952E-009,-1.19015339957038092E-009)   (7.86550976636054971E-002,1.79798464963213563E-002)
   4.3520649999999996        1.2500000000000000     
         (1.0482457960927467,7.22876895552317794E-002)         (1.0504972121999281,7.50058177582517416E-002)
 (-7.66144223582935768E-002,-1.78130935679071956E-002) (-5.30987895958660593E-009,-1.23246929152177961E-009) (-5.30987854332351283E-009,-1.23246929328033023E-009)   (7.74734531231543316E-002,1.85815318621264172E-002)
   4.4020599999999996        1.2500000000000000     
         (1.0847560206067848,7.59174290969332477E-002)         (1.0870422327487572,7.87044083694470042E-002)
 (-7.49780814537264612E-002,-1.82156722081965594E-002) (-5.19929534510935645E-009,-1.26754231356561818E-009) (-5.19929483740087092E-009,-1.26754231563803359E-009)   (7.58025999620759866E-002,1.90723479289893715E-002)
   4.4520549999999997        1.2500000000000000     
         (1.1220985059493342,7.96731315735309115E-002)         (1.1244219576643875,8.25288535174679289E-002)
 (-7.28626639619151528E-002,-1.84979956657098238E-002) (-5.05533168842016903E-009,-1.29465212226971412E-009) (-5.05533106774221772E-009,-1.29465212476297773E-009)   (7.36424443460588496E-002,1.94416291663716857E-002)
   4.5020499999999997        1.2500000000000000     
         (1.1602834512982065,8.35574490848724899E-002)         (1.1626468019830405,8.64821096160418301E-002)
 (-7.02716361347583557E-002,-1.86509957926861772E-002) (-4.87817962433576206E-009,-1.31311622665879693E-009) (-4.87817885730111862E-009,-1.31311622954131126E-009)   (7.09961897271422365E-002,1.96792943967330908E-002)
   4.5520449999999997        1.2500000000000000     
         (1.1993210664543139,8.75732095019810391E-002)         (1.2017271584367391,9.05673484924352235E-002)
 (-6.72118000383571390E-002,-1.86663872860043691E-002) (-4.66826339356944954E-009,-1.32229998264585505E-009) (-4.66826247808387380E-009,-1.32229998606567179E-009)   (6.78704329594563144E-002,1.97759878909563140E-002)
   4.6020399999999997        1.2500000000000000     
         (1.2392216021103055,9.17234444465281767E-002)         (1.2416733517153415,9.47879743653702866E-002)
 (-6.36932040257471299E-002,-1.85367756652344770E-002) (-4.42623541559664512E-009,-1.32162345890875391E-009) (-4.42623430896593851E-009,-1.32162346281347343E-009)   (6.42752518524097732E-002,1.97231953686494606E-002)
   4.6520349999999997        1.2500000000000000     
         (1.2799952602035032,9.60113806771542844E-002)         (1.2824957116072813,9.91475952922327153E-002)
 (-5.97292367071361463E-002,-1.82557914285152792E-002) (-4.15298752623434598E-009,-1.31057184105444981E-009) (-4.15298618688675432E-009,-1.31057184554063284E-009)   (6.02240457436135634E-002,1.95133828494194785E-002)
   4.7020300000000006        1.2500000000000000     
              (1.3216523286608455,0.10044043814995338)              (1.3242044446017334,0.10365003588954723)
 (-5.53364660222654056E-002,-1.78181636240223318E-002) (-3.84963084289540893E-009,-1.28870115482646990E-009) (-3.84962923245138217E-009,-1.28870116004298248E-009)   (5.57336152991006820E-002,1.91400887648904804E-002)
   4.7520250000000006        1.2500000000000000     
              (1.3642029149034929,0.10501423597633396)              (1.3668096867796335,0.10829931838144384)
 (-5.05346844857358160E-002,-1.72198534886472895E-002) (-3.51750622821192187E-009,-1.25564807134424458E-009) (-3.51750429890832511E-009,-1.25564807739269572E-009)   (5.08240868531558906E-002,1.85980611426555011E-002)
   4.8020200000000006        1.2500000000000000     
              (1.4076572173548740,0.10973657423045526)              (1.4103214550719394,0.11309963753851325)
 (-4.53467561905690000E-002,-1.64581115437701202E-002) (-3.15817908360623200E-009,-1.21113479075233542E-009) (-3.15817676511841577E-009,-1.21113479751811552E-009)   (4.55187886444644030E-002,1.78833529391931000E-002)
   4.8520150000000006        1.2500000000000000     
              (1.4520251528232493,0.11461142138103980)              (1.4547495205729046,0.11805534826982841)
 (-3.97984108779557422E-002,-1.55315777291640499E-002) (-2.77340872747014727E-009,-1.15497666112184973E-009) (-2.77340592571639857E-009,-1.15497666866442894E-009)   (3.98441093348612593E-002,1.69934001689300597E-002)
   4.9020100000000006        1.2500000000000000     
              (1.4973166689716764,0.11964292138436673)              (1.5001035714827171,0.12317094626906042)
 (-3.39183090490123365E-002,-1.44403432487746775E-002) (-2.36518077539542514E-009,-1.08708786443208314E-009) (-2.36517748650271354E-009,-1.08708787313101390E-009)   (3.38294798835245547E-002,1.59271368859823584E-002)
   4.9520050000000007        1.2500000000000000     
              (1.5435414282846649,0.12483533654889821)              (1.5463930670913839,0.12845102028976380)
 (-2.77375743694572921E-002,-1.31859906138809858E-002) (-1.93564192694608460E-009,-1.00748482201050951E-009) (-1.93563802157424756E-009,-1.00748483140872532E-009)   (2.75070259682002778E-002,1.46850418191902185E-002)
   5.0020000000000007        1.2500000000000000     
              (1.5907091878539885,0.13019307208462330)              (1.5936272849055331,0.13390024467400105)
 (-2.12899496479814383E-002,-1.17716483642305789E-002) (-1.48714441090107751E-009,-9.16291279071398112E-010) (-1.48713979669215191E-009,-9.16291291597760466E-010)   (2.09115623214574421E-002,1.32692029184797809E-002)
   5.0519950000000007        1.2500000000000000     
              (1.6388292747698170,0.13572062438346194)              (1.6418152886915800,0.13952334281027989)
 (-1.46112436075638390E-002,-1.02020232826349633E-002) (-1.02217653456413956E-009,-8.13741920938234362E-010) (-1.02217107933452477E-009,-8.13741932050586052E-010)   (1.40801367177423933E-002,1.16833791141428747E-002)
   5.1019899999999998        1.2500000000000000     
              (1.6879107982718300,0.14142257380751683)              (1.6909658992024048,0.14532505306720905)
 (-7.73962918195246746E-003,-8.48337251873926800E-003) (-5.43382804812591607E-010,-7.00181137304861069E-010) (-5.43383201673752433E-010,-7.00181134594947796E-010)   (7.05221348491447651E-003,9.93300824601806714E-003)
   5.1519849999999998        1.2500000000000000     
              (1.7379632965371683,0.14730353785339476)              (1.7410878589757806,0.15131010567219960)
 (-7.14303813710106357E-004,-6.62356034730309049E-003) (-5.35533113913416975E-011,-5.76068345202796900E-010) (-5.35537942914441105E-011,-5.76068341453822975E-010)  (-1.31264332191187070E-004,8.02522690979835980E-003)
   5.2019799999999998        1.2500000000000000     
              (1.7889954712056273,0.15336818519510892)              (1.7921896502653225,0.15748319071327546)
  (6.42338822536000532E-003,-4.63198386617209162E-003)  (4.44424846204471106E-010,-4.41974718877023437E-010)  (4.44424254383455330E-010,-4.41974715337476960E-010)  (-7.42737995926447472E-003,5.96888661121895356E-003)
   5.2519749999999998        1.2500000000000000     
              (1.8410161557941265,0.15962118761942984)              (1.8442795996275654,0.16384893742236828)
  (1.36311050703929858E-002,-2.51955186590772928E-003)  (9.47582295936639497E-010,-2.98581740990198435E-010)  (9.47581543480638276E-010,-2.98581737439075824E-010)  (-1.47920736100197407E-002,3.77451024590054604E-003)
   5.3019699999999998        1.2500000000000000     
              (1.8940339099193220,0.16606719413988077)              (1.8973658072480646,0.17041187336345412)
  (2.08655110729100320E-002,-2.98636685544021471E-004)  (1.45285432890719976E-009,-1.46678833162337940E-010)  (1.45285346144149944E-009,-1.46678828469021592E-010)  (-2.21800757472838672E-002,1.45426197930451843E-003)
   5.3519649999999999        1.2500000000000000     
              (1.9480572173035482,0.17271082451609196)              (1.9514563516810335,0.17717643467240315)
   (2.80827062131858048E-002,2.01699857367610737E-003)   (1.95713950419682116E-009,1.28391806292188705E-011)   (1.95713845690392779E-009,1.28391859345417905E-011) (-2.95455837226844542E-002,-9.78094426020349522E-004)
   5.4019599999999999        1.2500000000000000     
              (2.0030943368587182,0.17955664256905612)              (2.0065590952520349,0.18414692389520512)
   (3.52384294117491850E-002,4.41228119768428267E-003)   (2.45730901225406221E-009,1.78977106391447543E-010)   (2.45730774873843807E-009,1.78977112087965616E-010) (-3.68422859343461168E-002,-3.50728720592191059E-003)
   5.4519549999999999        1.2500000000000000     
              (2.0591534896304036,0.18660912602325197)              (2.0626818723645610,0.19132750655630285)
   (4.22882860204850386E-002,6.87094414780275824E-003)   (2.95021941991062032E-009,3.50648032073424610E-010)   (2.95021790468200556E-009,3.50648038938642570E-010) (-4.40238955169406643E-002,-6.11661408932861680E-003)
   5.5019499999999999        1.2500000000000000     
              (2.1162427387447336,0.19387267176980796)              (2.1198325219777194,0.19872220353149919)
   (4.91882344430120896E-002,9.37561440537967687E-003)   (3.43273596651032591E-009,5.26676352399537695E-010)   (3.43273415773827760E-009,5.26676360305585750E-010) (-5.10442260689337457E-002,-8.78804709636441667E-003)
   5.5519449999999999        1.2500000000000000     
              (2.1743699987060854,0.20135156901003765)              (2.1780186958686030,0.20633488306148381)
   (5.58948534134431768E-002,1.19079764100185250E-002)   (3.90177158716350515E-009,7.05810414079319703E-010)   (3.90176935300323230E-009,7.05810423224101641E-010) (-5.78578655945913359E-002,-1.15023796832128787E-002)
   5.6019399999999999        1.2500000000000000     
              (2.2335432125009098,0.20904998241603817)              (2.2372481512642692,0.21416926681654674)
   (6.23653702321496708E-002,1.44488801088711993E-002)   (4.35429394491602707E-009,8.86727658204214792E-010)   (4.35429137032011183E-009,8.86727668513947343E-010) (-6.44201837448962755E-002,-1.42393304732614523E-002)
   5.6519349999999999        1.2500000000000000     
              (2.2937701319791128,0.21697197279853378)              (2.2975286439022784,0.22222893814131156)
   (6.85583990448963010E-002,1.69785192566709597E-002)   (4.78734122168180727E-009,1.06804885447827135E-009)   (4.78733816202963674E-009,1.06804886620242309E-009) (-7.06878188208286268E-002,-1.69777369022379651E-002)
   5.7019299999999999        1.2500000000000000     
              (2.3550585992891451,0.22512144052112698)              (2.3588679802276360,0.23051731966527073)
   (7.44338245556049188E-002,1.94765765447467258E-002)   (5.19805072306088813E-009,1.24834439147960708E-009)   (5.19804710869542823E-009,1.24834440254071669E-009) (-7.66189231350810351E-002,-1.96956840203139083E-002)
   5.7519250000000000        1.2500000000000000     
              (2.4174164706145493,0.23350217902018827)              (2.4212740521408667,0.23903772815505853)
   (7.99533995666033281E-002,2.19224166737338189E-002)   (5.58369413282093008E-009,1.42615086928281417E-009)   (5.58368985815228115E-009,1.42615088392445303E-009) (-8.21735934814263880E-002,-2.23707149316183899E-002)
   5.8019200000000000        1.2500000000000000     
              (2.4808514459702269,0.24211783568287182)              (2.4847547582640788,0.24779337828561815)
   (8.50807014746027823E-002,2.42952426305610321E-002)   (5.94166636331358104E-009,1.59997946785921150E-009)   (5.94166130527891109E-009,1.59997948478049850E-009) (-8.73139346308604569E-002,-2.49800129664318853E-002)
   5.8519150000000009        1.2500000000000000     
              (2.5453714012137656,0.25097194271575368)              (2.5493182732908983,0.25678736370429994)
   (8.97815675688258541E-002,2.65742901048488557E-002)   (6.26952573275113299E-009,1.76833237481831677E-009)   (6.26951965930685554E-009,1.76833238744860744E-009) (-9.20045658919769055E-002,-2.75005934844363351E-002)
   5.9019100000000000        1.2500000000000000     
              (2.6109843331482527,0.26006790572342003)              (2.6149727812158226,0.26602273219164274)
   (9.40244052206795078E-002,2.87390157902604575E-002)   (6.56500671190873403E-009,1.92971175812399318E-009)   (6.56499976771937701E-009,1.92971178007165619E-009) (-9.62126915305430847E-002,-2.99095117069117684E-002)
   5.9519050000000000        1.2500000000000000     
              (2.6776980892873259,0.26940901760574198)              (2.6817265761049791,0.27550246710623294)
   (9.77801592168992401E-002,3.07692972483146407E-002)   (6.82603185780436845E-009,2.08263863594471179E-009)   (6.82602368629613633E-009,2.08263866001652126E-009) (-9.99085345157690041E-002,-3.21840850701606354E-002)
   6.0019000000000000        1.2500000000000000     
              (2.7455206850522735,0.27899850324866649)              (2.7495882005399945,0.28522953248626043)
        (0.10102281152317542,3.26456062116421974E-002)   (7.05071304089052553E-009,2.22566195077784523E-009)   (7.05071359717696766E-009,2.22566194245597524E-009)      (-0.10306544718713088,-3.43021146893049689E-002)
   6.0518950000000000        1.2500000000000000     
              (2.8144605642891105,0.28883945548454981)              (2.8185663791886628,0.29520688616406560)
        (0.10372902029228141,3.43492273281318095E-002)   (7.23743037584079436E-009,2.35737689272014662E-009)   (7.23743117035884288E-009,2.35737688338920437E-009)      (-0.10565973121569487,-3.62420492143281023E-002)
   6.1018900000000000        1.2500000000000000     
              (2.8845260500459302,0.29893494867556936)              (2.8886698536539557,0.30543749923790503)
        (0.10587886667589884,3.58623890228009848E-002)   (7.38472912854619828E-009,2.47643301455173613E-009)   (7.38472995041660743E-009,2.47643300384731301E-009)      (-0.10767154444274096,-3.79832664717116297E-002)
   6.1518850000000000        1.2500000000000000     
              (2.9557255238799680,0.30928801782385351)              (2.9599076320694455,0.31592440160771690)
        (0.10745575358098848,3.71684946816621606E-002)   (7.49143437883042340E-009,2.58155224431774517E-009)   (7.49143543549429415E-009,2.58155223246607920E-009)      (-0.10908458154529149,-3.95062311758853715E-002)
   6.2018800000000001        1.2500000000000000     
              (3.0280678006104744,0.31990165452262398)              (3.0322888787638682,0.32667068829474305)
        (0.10844636815315190,3.82522610208128194E-002)   (7.55659446773719420E-009,2.67153964603699377E-009)   (7.55659566886509506E-009,2.67153963265789536E-009)      (-0.10988610537309197,-4.07927449460509586E-002)
   6.2518750000000001        1.2500000000000000     
              (3.1015615241448948,0.33077889681636330)              (3.1058228099502871,0.33767953303494169)
        (0.10884098610026130,3.90998923665397402E-002)   (7.57953326825918648E-009,2.74529624194035253E-009)   (7.57953475312885249E-009,2.74529622694604213E-009)      (-0.11006741694676424,-4.18260705163127494E-002)
   6.3018700000000001        1.2500000000000000     
              (3.1762159109130761,0.34192279768968020)              (3.1805189349448648,0.34895425533299795)
        (0.10863334454253130,3.96992229309022851E-002)   (7.55980519490206137E-009,2.80183095010054662E-009)   (7.55980691710636392E-009,2.80183093298613591E-009)      (-0.10962346032140052,-4.25912014353991772E-002)
   6.3518650000000001        1.2500000000000000     
              (3.2520399911811451,0.35333648007748025)              (3.2563866724179351,0.36049824944355602)
        (0.10782063973917920,4.00398501046978564E-002)   (7.49723706357979552E-009,2.84026907424690072E-009)   (7.49723918274679356E-009,2.84026905533088360E-009)      (-0.10855310345971972,-4.30749517638490814E-002)
   6.4018600000000001        1.2500000000000000     
              (3.3290431816480428,0.36502315970009364)              (3.3334357532591072,0.37231511505877313)
        (0.10640393840629124,4.01132593844332891E-002)   (7.39192551208515543E-009,2.85986647423829495E-009)   (7.39192796799317131E-009,2.85986645357890949E-009)      (-0.10685924254130320,-4.32661786745056759E-002)
   6.4518550000000001        1.2500000000000000     
              (3.4072349955484067,0.37698618268818052)              (3.4116758850923561,0.38440859916218373)
        (0.10438740919213617,3.99129189166286674E-002)   (7.24420201638302928E-009,2.86001546372383917E-009)   (7.24420493037041945E-009,2.86001544035449504E-009)      (-0.10454843315860139,-4.31558987749961556E-002)
   6.5018500000000001        1.2500000000000000     
              (3.4866250887948946,0.38922904043025186)              (3.4911169789083818,0.39678261325504649)
        (0.10177905415500363,3.94343605091422994E-002)   (7.05467209602704392E-009,2.84025042686188029E-009)   (7.05467554326825953E-009,2.84025040073534838E-009)      (-0.10163121312334254,-4.27373655456018756E-002)
   6.5518450000000001        1.2500000000000000     
              (3.5672233610714703,0.40175538246820991)              (3.5717687822318305,0.40944126173561346)
   (9.85900723273793050E-002,3.86752803750874327E-002)   (6.82417959609145226E-009,2.80025963597387751E-009)   (6.82418381336195164E-009,2.80025960907199778E-009) (-9.81215711663977752E-002,-4.20062643350080991E-002)
   6.6018400000000002        1.2500000000000000     
              (3.6490395987853876,0.41456908749731081)              (3.6536413369341640,0.42238886788647573)
   (9.48351537462051863E-002,3.76355155748300252E-002)   (6.55382330217653908E-009,2.73988576231280223E-009)   (6.55382815535272393E-009,2.73988573011950603E-009) (-9.40373637128199269E-002,-4.09607019497173139E-002)
   6.6518350000000002        1.2500000000000000     
              (3.7320839197752456,0.42767423134377125)              (3.7367444753186865,0.43562994774959457)
   (9.05321827253137146E-002,3.63171531584908711E-002)   (6.24493064814152954E-009,2.65913019644240512E-009)   (6.24493632559012700E-009,2.65913016112293985E-009) (-8.93998349055390717E-002,-3.96013212093079964E-002)
   6.7018300000000002        1.2500000000000000     
              (3.8163663560089791,0.44107512406322980)              (3.8210881031604593,0.44916921468990884)
   (8.57020837903982591E-002,3.47244501095719318E-002)   (5.89905973511118864E-009,2.55815646994366070E-009)   (5.89906636484763893E-009,2.55815643036240251E-009) (-8.42333619711559400E-002,-3.79313273368482792E-002)
   6.7518250000000002        1.2500000000000000     
              (3.9018970219634119,0.45477635625788432)              (3.9066821795711988,0.46301161150107689)
   (8.03688107895661752E-002,3.28639029573919023E-002)   (5.51798792921392279E-009,2.43729192377265232E-009)   (5.51799570800380586E-009,2.43729188037373185E-009) (-7.85658210550791991E-002,-3.59564831400544863E-002)
   6.8018200000000002        1.2500000000000000     
              (3.9886860404636675,0.46878274307065931)              (3.9935364484412221,0.47716227966856090)
   (7.45589259160219231E-002,3.07441234554178405E-002)   (5.10368442174635337E-009,2.29702088026505285E-009)   (5.10369346512259583E-009,2.29702083180234112E-009) (-7.24275499458143651E-002,-3.36851020946188420E-002)
   6.8518150000000002        1.2500000000000000     
              (4.0767434193755161,0.48309938230301508)              (4.0816606530907009,0.49162655463342991)
   (6.83019602838218498E-002,2.83758885021961928E-002)   (4.65832254585116447E-009,2.13799384873112434E-009)   (4.65833308984932811E-009,2.13799379542915539E-009) (-6.58520207355484527E-002,-3.11280488519711553E-002)
   6.9018100000000002        1.2500000000000000     
              (4.1660791834184545,0.49773164011277771)              (4.1710644340483274,0.50640996753591971)
   (6.16294106833095226E-002,2.57719529028484010E-002)   (4.18425863974656295E-009,1.96100969634965769E-009)   (4.18425801742024251E-009,1.96100971519931796E-009) (-5.88747843400952847E-002,-2.82986130159664576E-002)
   6.9518050000000002        1.2500000000000000     
              (4.2567033382143951,0.51268510523447552)              (4.2617574199789905,0.52151825940822061)
   (5.45755988895025301E-002,2.29469925579778855E-002)   (3.68397444752636789E-009,1.76702113176593014E-009)   (3.68397367202703634E-009,1.76702115337540863E-009) (-5.15343707928345163E-002,-2.52124987623506235E-002)
   7.0018000000000011        1.2500000000000000     
              (4.3486254606122170,0.52796563898978166)              (4.3537487717111834,0.53695728366135553)
   (4.71764256586682598E-002,1.99175461310794576E-002)   (3.16013568889682586E-009,1.55712350719827518E-009)   (3.16013473900028269E-009,1.55712353113858775E-009) (-4.38705383713162561E-002,-2.18876759870934856E-002)
   7.0517949999999994        1.2500000000000000     
              (4.4418551710344172,0.54357931719206631)              (4.4470477520626890,0.55273310121944852)
   (3.94698159571851628E-002,1.67018345832819805E-002)   (2.61552904211721699E-009,1.33254763196128629E-009)   (2.61552789558390203E-009,1.33254765924901227E-009) (-3.59252431364433383E-002,-1.83442448080975845E-002)
   7.1017899999999994        1.2500000000000000     
              (4.5364018681442282,0.55953240503017510)              (4.5416634106275433,0.56885189247828694)
   (3.14952198346162907E-002,1.33196099009992349E-002)   (2.05303748340999264E-009,1.09465326530805396E-009)   (2.05303608686456685E-009,1.09465329569251999E-009) (-2.77416257979971881E-002,-1.46043408333288039E-002)
   7.1517849999999994        1.2500000000000000     
              (4.6322745933627241,0.57583133682511745)              (4.6376045109987443,0.58531990762209840)
   (2.32937236522632422E-002,9.79201531099726727E-003)   (1.47567676589566908E-009,8.44911910029408297E-010)   (1.47567509586661188E-009,8.44911944967062713E-010) (-1.93643518820346208E-002,-1.06918896051229305E-002)
   7.2017799999999994        1.2500000000000000     
              (4.7294822205956661,0.59248269236357032)              (4.7348795979975096,0.60214353429262379)
   (1.49071447709992234E-002,6.14144217158100504E-003)   (8.86496928040906019E-010,5.84906174681938943E-010)   (8.86494908900914015E-010,5.84906213374750045E-010) (-1.08385715768264286E-002,-6.63251751091268986E-003)
   7.2517749999999994        1.2500000000000000     
              (4.8280333427642885,0.60949312963220337)              (4.8334970521620875,0.61932916189026210)
   (6.37863673527252085E-003,2.39129667965621000E-003)   (2.88627344401404987E-010,3.16304897656339083E-010)   (2.88624848933029165E-010,3.16304941200737617E-010) (-2.21050027705093754E-003,-2.45325465440325487E-003)
   7.3017699999999994        1.2500000000000000     
              (4.9279362569116740,0.62686936547100847)              (4.9334650380995395,0.63688328758933344)
 (-2.24792536139354444E-003,-1.43417060409486595E-003)  (-3.14729039606690376E-010,4.08613117327738324E-011)  (-3.14731975563632873E-010,4.08613603114067965E-011)   (6.47329975734645038E-003,1.81760109554048835E-003)
   7.3517649999999994        1.2500000000000000     
              (5.0291988591103944,0.64461811821562476)              (5.0347914160056293,0.65481229840380983)
 (-1.09285247095811597E-002,-5.31000306071218158E-003) (-9.20407535470551524E-010,-2.39606633810956526E-010) (-9.20410974867457986E-010,-2.39606580306447544E-010)   (1.51664318079357662E-002,6.15076403355815319E-003)
   7.4017599999999995        1.2500000000000000     
              (5.1318289714215402,0.66274609171665033)              (5.1374838461295527,0.67312263183207388)
 (-1.96185158719376675E-002,-9.21083316687993162E-003) (-1.52518970988770934E-009,-5.23231653621229083E-010) (-1.52519373668144268E-009,-5.23231594665825788E-010)   (2.38224718565438025E-002,1.05161621136871195E-002)
   7.4517549999999995        1.2500000000000000     
              (5.2358339243897598,0.68125986306680208)              (5.2415496911502011,0.69182059659791584)
 (-2.82732672670580228E-002,-1.31110014993279077E-002) (-2.12587105989193008E-009,-8.08106687840139349E-010) (-2.12587579531150473E-009,-8.08106620462214518E-010)   (3.23954198193703510E-002,1.48832089528419618E-002)
   7.5017499999999995        1.2500000000000000     
              (5.3412208930741718,0.70016592857780835)              (5.3469962400853079,0.71091242935103305)
 (-3.68482681121240566E-002,-1.69848168485730831E-002) (-2.71927513601132640E-009,-1.09230720810321313E-009) (-2.71928070957033116E-009,-1.09230713427894674E-009)   (4.08397551103492212E-002,1.92210348569480140E-002)
   7.5517449999999995        1.2500000000000000     
              (5.4479967991836435,0.71947059261043744)              (5.4538304995798077,0.73040423320346404)
 (-4.52995749081094301E-002,-2.08066961247416228E-002) (-3.30227736498553431E-009,-1.37389839591128851E-009) (-3.30228412265373525E-009,-1.37389831575333698E-009)   (4.91112800864944576E-002,2.34987551976335862E-002)
   7.6017399999999995        1.2500000000000000     
              (5.5561682955081810,0.73917996834081423)              (5.5620594054572612,0.75030192819813735)
 (-5.35834360892790892E-002,-2.45514069823408974E-002) (-3.87179930814325522E-009,-1.65095570340734133E-009) (-3.87180695537355753E-009,-1.65095561240948380E-009)   (5.71663548115655118E-002,2.76857106153354932E-002)
   7.6517349999999995        1.2500000000000000     
              (5.6657419752698726,0.75929990690602667)              (5.6716895291201110,0.77061126685380421)
 (-6.16571761104578800E-002,-2.81942665534339020E-002) (-4.42483615424639765E-009,-1.92157955557387607E-009) (-4.42484525235762709E-009,-1.92157945600188493E-009)   (6.49632177971619512E-002,3.17517130101136677E-002)
   7.7017299999999995        1.2500000000000000     
              (5.7767242483199226,0.77983605632526343)              (5.7827274825189461,0.79133778363122231)
 (-6.94788095226449159E-002,-3.17112834598756166E-002) (-4.95847584015551668E-009,-2.18390857502736202E-009) (-4.95848626101564771E-009,-2.18390846333212538E-009)   (7.24611982404353011E-002,3.56673239348943710E-002)
   7.7517249999999995        1.2500000000000000     
              (5.8891212738468006,0.80079371720275405)              (5.8951798097214549,0.81248675421301852)
 (-7.70076355619953440E-002,-3.50793763227347233E-002) (-5.46988474272555201E-009,-2.43613557350526526E-009) (-5.46989684125963548E-009,-2.43613545101679773E-009)   (7.96216192199919182E-002,3.94040776000551887E-002)
   7.8017199999999995        1.2500000000000000     
              (6.0029396711539649,0.82217794062905547)              (6.0090529564500965,0.83406326975613931)
 (-8.42040922496060801E-002,-3.82765068022902361E-002) (-5.95636857106949843E-009,-2.67651827379627648E-009) (-5.95638268153927353E-009,-2.67651814004123636E-009)   (8.64074274435861489E-002,4.29347009413480890E-002)
   7.8517150000000004        1.2500000000000000     
              (6.1181855518023411,0.84399350777547388)              (6.1243535391539767,0.85607213343939903)
 (-9.10302092152869280E-002,-4.12818292929141156E-002) (-6.41537184175197544E-009,-2.90339415035901864E-009) (-6.41537112277963082E-009,-2.90339418485089467E-009)   (9.27836231908313325E-002,4.62333407565109003E-002)
   7.9017100000000005        1.2500000000000000     
              (6.2348653038588822,0.86624486968810543)              (6.2410878474071811,0.87851789104166289)
 (-9.74493969290813056E-002,-4.40759068838433923E-002) (-6.84437460502557327E-009,-3.11519674212124400E-009) (-6.84437371336884173E-009,-3.11519678199507432E-009)   (9.87179512948397619E-002,4.92758258308991365E-002)
   7.9517050000000005        1.2500000000000000     
              (6.3529854315188867,0.88893621547264090)              (6.3592626891317696,0.90140486825578703)
      (-0.10342693603068343,-4.66407142735851266E-002) (-7.24110573539943079E-009,-3.31045984350802156E-009) (-7.24110462825657944E-009,-3.31045988850765935E-009)        (0.10417985985911023,5.20397809605122053E-002)
   8.0016999999999996        1.2500000000000000     
              (6.4725528596534661,0.91207152600543906)              (6.4788847639307106,0.92473714924762629)
      (-0.10893013810506483,-4.89598646098383522E-002) (-7.60341933962348326E-009,-3.48783294525502116E-009) (-7.60341792558483484E-009,-3.48783299669178923E-009)        (0.10914125380043765,5.45048163604196501E-002)
   8.0516949999999987        1.2500000000000000     
              (6.5935742771749206,0.93565454668106518)              (6.5999609853783952,0.94851864653844542)
      (-0.11392795388066329,-5.10186147659414668E-002) (-7.92931807753300682E-009,-3.64608818920026997E-009) (-7.92931639361541736E-009,-3.64608824788716485E-009)        (0.11357672838252912,5.66527852039788588E-002)
   8.1016899999999996        1.2500000000000000     
              (6.7160570303171614,0.95968888195592006)              (6.7224985398204931,0.97275305074696650)
      (-0.11839197687301008,-5.28040499587981438E-002) (-8.21698721823088628E-009,-3.78412887061867275E-009) (-8.21698521309753676E-009,-3.78412893421974467E-009)        (0.11746329073074133,5.84677634829281132E-002)
   8.1516849999999987        1.2500000000000000     
              (6.8400086257029287,0.98417796255477419)              (6.8465048028276376,0.99744392257920333)
      (-0.12229540485413901,-5.43050013492839337E-002) (-8.46477230530585432E-009,-3.90099774293627025E-009) (-8.46476991922641818E-009,-3.90099781741660357E-009)        (0.12078063235010579,5.99363104917823297E-002)
   8.2016799999999996        1.2500000000000000     
               (6.9654365812842780,1.0091252296720001)               (6.9719873747443204,1.0225947510905646)
      (-0.12561461212029126,-5.55122439380229954E-002) (-8.67124073621486652E-009,-3.99588265712511839E-009) (-8.67123781982640430E-009,-3.99588274057364796E-009)        (0.12351129493536749,6.10474579637942938E-002)
   8.2516749999999988        1.2500000000000000     
               (7.0923494117926236,1.0345340107359275)               (7.0989544859386466,1.0482089414807858)
      (-0.12832764122612159,-5.64183916102260347E-002) (-8.83507377339926090E-009,-4.06811518568555836E-009) (-8.83507032741112796E-009,-4.06811527705786277E-009)        (0.12564028411834380,6.17928617922607476E-002)
   8.3016699999999997        1.2500000000000000     
               (7.2207554046720093,1.0604077590945447)               (7.2274142786478777,1.0742899203881915)
      (-0.13041548327696045,-5.70179596224578145E-002) (-8.95522452594580060E-009,-4.11717951480228280E-009) (-8.95522033756217123E-009,-4.11717962111180809E-009)        (0.12715551949006684,6.21667310285624747E-002)
   8.3516649999999988        1.2500000000000000     
               (7.3506633247498225,1.0867499499517050)               (7.3573754606141026,1.1008411322217257)
      (-0.13186183438269156,-5.73073839437672136E-002) (-9.03080407166255943E-009,-4.14271440659388784E-009) (-9.03079922391255615E-009,-4.14271452536987945E-009)        (0.12804743658025974,6.21660156997400695E-002)
   8.4016599999999997        1.2500000000000000     
               (7.4820822917694398,1.1135643125463142)               (7.4888469289518911,1.1278662143586653)
      (-0.13265290063421559,-5.72849511011023146E-002) (-9.06113413131501049E-009,-4.14451183743167298E-009) (-9.06112841829711647E-009,-4.14451197054045053E-009)        (0.12830960785076886,6.17902744302936818E-002)
   8.4516549999999988        1.2500000000000000     
               (7.6150217846834485,1.1408547130628710)               (7.6218380445085847,1.1553688828094959)
      (-0.13277761448648717,-5.69508003077066199E-002) (-9.04570423946906892E-009,-4.12251119193490924E-009) (-9.04569750222860151E-009,-4.12251134010654731E-009)        (0.12793788569598791,6.10416764610187054E-002)
   8.5016499999999997        1.2500000000000000     
               (7.7494917111920145,1.1686253229469623)               (7.7563585652392213,1.1833531334707497)
      (-0.13222819616052919,-5.63067924321335456E-002) (-8.98426150982222737E-009,-4.07680004154529498E-009) (-8.98425365757737331E-009,-4.07680020663223146E-009)        (0.12693123938815873,5.99249340515948595E-002)
   8.5516450000000006        1.2500000000000000     
               (7.8855016445609136,1.1968806186242966)               (7.8924180732701794,1.2118232072401200)
      (-0.13099941400423962,-5.53565299026397631E-002) (-8.87672270388420354E-009,-4.00761723363188881E-009) (-8.87671349632747062E-009,-4.00761741805749325E-009)        (0.12529118578471374,5.84472919558484197E-002)
   8.6016399999999980        1.2500000000000000     
               (8.0230617023040569,1.2256253951429461)               (8.0300266824851558,1.2407836773955798)
      (-0.12908923355746055,-5.41052508560183609E-002) (-8.72321649084746915E-009,-3.91534178834116182E-009) (-8.72320571136826161E-009,-3.91534198997937572E-009)        (0.12302165841597089,5.66183787407625178E-002)
   8.6516349999999989        1.2500000000000000     
               (8.1621822443671004,1.2548648604143158)               (8.1691948341502449,1.2702394855819930)
      (-0.12649842347257204,-5.25597117136301917E-002) (-8.52407779267672593E-009,-3.80048415226818856E-009) (-8.52406522624816968E-009,-3.80048437865586145E-009)        (0.12012972242758756,5.44500830227492849E-002)
   8.7016299999999980        1.2500000000000000     
               (8.3028734063852720,1.2846045891442270)               (8.3099327381018266,1.3001959824830178)
      (-0.12323123734517344,-5.07280906865052658E-002) (-8.27987243064812469E-009,-3.66368724472567943E-009) (-8.27985785320750421E-009,-3.66368749572438512E-009)        (0.11662479575391044,5.19564427734276746E-002)
   8.7516249999999989        1.2500000000000000     
               (8.4451454813839408,1.3148505915121709)               (8.4522508982111066,1.3306589082079312)
      (-0.11929473712616066,-4.86199252327859030E-002) (-7.99133321278332253E-009,-3.50570936830871444E-009) (-7.99131624156334268E-009,-3.50570964637046318E-009)        (0.11251873252879388,4.91534613841480145E-002)
   8.8016199999999980        1.2500000000000000     
               (8.5890087340012418,1.3456092640692858)               (8.5961598383814852,1.3616344958165894)
      (-0.11469937784839294,-4.62459435381013736E-002) (-7.65943215266452303E-009,-3.32742668831973261E-009) (-7.65941253474216816E-009,-3.32742698954319198E-009)        (0.10782594994469612,4.60589619836098418E-002)
   8.8516149999999989        1.2500000000000000     
               (8.7344734001036421,1.3768874425970992)               (8.7416699632452364,1.3931293648900438)
      (-0.10945849192579826,-4.36180820257489540E-002) (-7.28525745530494640E-009,-3.12982185410313805E-009) (-7.28525829252832403E-009,-3.12982179720181550E-009)        (0.10256382320500183,4.26924707133197814E-002)
   8.9016099999999980        1.2500000000000000     
               (8.8815490648705691,1.4086922342237551)               (8.8887913227456821,1.4251505590944789)
      (-0.10358932858766166,-4.07491729941903344E-002) (-6.87029579667728874E-009,-2.91396862004756627E-009) (-6.87029686261140404E-009,-2.91396855479121495E-009)   (9.67512858578691154E-002,3.90749104154691149E-002)
   8.9516049999999989        1.2500000000000000     
               (9.0302455630732652,1.4410311778281342)               (9.0375341707284491,1.4577056249921083)
 (-9.71116764389679116E-002,-3.76530029052228668E-002) (-6.41605376322247459E-009,-2.68102582595610634E-009) (-6.41605510681954121E-009,-2.68102575150671578E-009)   (9.04102014435231444E-002,3.52284545306700211E-002)
   9.0015999999999980        1.2500000000000000     
               (9.1805721975597727,1.4739121183056598)               (9.1879083461356377,1.4908023962419779)
 (-9.00488131179229268E-002,-3.43440891170728596E-002) (-5.92427430206933166E-009,-2.43222725563451232E-009) (-5.92427594672988464E-009,-2.43222717213846950E-009)   (8.35647522936297377E-002,3.11763201846515584E-002)
   9.0515949999999989        1.2500000000000000     
               (9.3325381273053001,1.5073431351282758)               (9.3399230425670403,1.5244491152450221)
 (-8.24273455905770169E-002,-3.08376449427810104E-002) (-5.39693630196188199E-009,-2.16888197649857362E-009) (-5.39693837021433258E-009,-2.16888188001908612E-009)   (7.62414719412049802E-002,2.69426360232841063E-002)
   9.1015899999999981        1.2500000000000000     
               (9.4861520051054242,1.5413325095850534)               (9.4935875936694636,1.5586542807552197)
 (-7.42768562869405291E-002,-2.71495179190987153E-002) (-4.83617174250307392E-009,-1.89234171896202555E-009) (-4.83617422008806086E-009,-1.89234160794714249E-009)   (6.84687488429396029E-002,2.25521562081631745E-002)
   9.1515849999999990        1.2500000000000000     
               (9.6414221336321368,1.5758887022386350)               (9.6489105609984271,1.5934266874320722)
 (-6.56303050651062536E-002,-2.32959128221516751E-002) (-4.24431080243853056E-009,-1.60401249210077846E-009) (-4.24431382843189314E-009,-1.60401236688194220E-009)   (6.02777142126249832E-002,1.80300289025404348E-002)
   9.2015799999999981        1.2500000000000000     
               (9.7983565015255429,1.6110202169989314)               (9.8059001184692995,1.6287752319132920)
 (-5.65236036202864528E-002,-1.92935469429995170E-002) (-3.62386701546085112E-009,-1.30533797143057187E-009) (-3.62387073696204334E-009,-1.30533782818218066E-009)   (5.17011404529758717E-002,1.34017426222971785E-002)
   9.2515749999999990        1.2500000000000000     
               (9.9569626189466618,1.6467356481649640)               (9.9645642297854273,1.6647089207564432)
 (-4.69958869252836836E-002,-1.51593508439278012E-002) (-2.97751003070553204E-009,-9.97787064967641707E-010) (-2.97751436649547999E-009,-9.97786902806874008E-010)   (4.27740264522046554E-002,8.69278684796131844E-003)
   9.3015699999999981        1.2500000000000000     
               (10.117247442424688,1.6830434648948203)               (10.124909941712779,1.7012368127541910)
 (-3.70889909197277962E-002,-1.09105979176277682E-002) (-2.30808795181704015E-009,-6.82848945699557945E-010) (-2.30809311339220983E-009,-6.82848762500337379E-010)   (3.35334217397598167E-002,3.92858519288740750E-003)
   9.3515649999999990        1.2500000000000000     
               (10.279217859953377,1.7199521489744474)               (10.286944157521795,1.7383678952949673)
 (-2.68478139859945585E-002,-6.56470980888896379E-003) (-1.61860542385785594E-009,-3.62032489920588198E-010) (-1.61861152889560102E-009,-3.62032283376980322E-010)  (2.40180789059991802E-002,-8.65751225872738914E-004)
   9.4015599999999999        1.2500000000000000     
               (10.442880148885511,1.7574699427239637)               (10.450673149686153,1.7761110512858405)
 (-1.63198955986108077E-002,-2.13919470326891627E-003) (-9.12230116365697895E-010,-3.68359324473255845E-011) (-9.12237380479719527E-010,-3.68357000168450338E-011)  (1.42690485809006205E-002,-5.66556198250511758E-003)
   9.4515549999999990        1.2500000000000000     
               (10.608240398509761,1.7956048874332033)               (10.616102648396929,1.8144748844802090)
  (-5.55536588957138665E-003,2.34828623127331625E-003)  (-1.92236842946016222E-010,2.91236300560691380E-010)  (-1.92245347636188710E-010,2.91236560584487319E-010)  (4.32855562543633075E-003,-1.04467380412654777E-002)
   9.5015499999999999        1.2500000000000000     
               (10.775304284161530,1.8343648457411192)               (10.783238356726825,1.8534678230791313)
   (5.39353142174168847E-003,6.88000777132846252E-003)   (5.37928353451151592E-010,6.20684709046245930E-010)   (5.37918344548830578E-010,6.20685001928641922E-010) (-5.75927929932402213E-003,-1.51858784688509180E-002)
   9.5515449999999991        1.2500000000000000     
               (10.944077647953549,1.8737573027435277)               (10.952085492322290,1.8930978946299635)
   (1.64719056703272228E-002,1.14382194047837407E-002)   (1.27472784883297899E-009,9.50030290810077129E-010)   (1.27471597930855600E-009,9.50030612573972348E-010) (-1.59488526898315837E-002,-1.98604359935446277E-002)
   9.6015400000000000        1.2500000000000000     
               (11.114565455463360,1.9137894946865597)               (11.122648369953742,1.9333727485758638)
   (2.76229694218562589E-002,1.60051540968121214E-002)   (2.01450852904804847E-009,1.27780501677003972E-009)   (2.01449478143090328E-009,1.27780537611977955E-009) (-2.61930363201855615E-002,-2.44487530456598649E-002)
   9.6515349999999991        1.2500000000000000     
               (11.286773079404847,1.9544682501277884)               (11.294932148184058,1.9742996798339640)
   (3.87883627562208080E-002,2.05629898719812201E-002)   (2.75354659554613493E-009,1.60257335448960778E-009)   (2.75353068337497448E-009,1.60257376313109614E-009) (-3.64436850203079532E-002,-2.89301881677570365E-002)
   9.7015300000000000        1.2500000000000000     
               (11.460705745855799,1.9958001552355260)               (11.468941173508520,2.0158853442892624)
   (4.99083876136609261E-002,2.50938726297862472E-002)   (3.48802240957693134E-009,1.92291765343921959E-009)   (3.48800388201925982E-009,1.92291810812272753E-009) (-4.66515033998625567E-002,-3.32851660422758336E-002)
   9.7515249999999991        1.2500000000000000     
               (11.636368568073179,2.0377913156768299)               (11.644679874275347,2.0581362142442878)
   (6.09215705287190212E-002,2.95799981877933188E-002)   (4.21403111537985900E-009,2.23745144589025777E-009)   (4.21400970791709734E-009,2.23745194653726165E-009) (-5.67659832216440702E-002,-3.74952152687313481E-002)
   9.8015200000000000        1.2500000000000000     
               (11.813767174998024,2.0804476710005826)               (11.822152661023242,2.1010580264990852)
   (7.17656577475749152E-002,3.40034634274926917E-002)   (4.92765275335060724E-009,2.54482178653409278E-009)   (4.92765329663919894E-009,2.54482172039221856E-009) (-6.67366830166963992E-002,-4.15431355392787000E-002)
   9.8515149999999991        1.2500000000000000     
               (11.992906218537767,2.1237746326267040)               (12.001364269653697,2.1446561745478365)
   (8.23789159312242059E-002,3.83463107984966453E-002)   (5.62500932163785160E-009,2.84369689252438691E-009)   (5.62501012468605708E-009,2.84369681552819162E-009) (-7.65111835138577306E-002,-4.54126347406820438E-002)
   9.9015100000000000        1.2500000000000000     
               (12.173791384623462,2.1677774945322810)               (12.182318980721519,2.1889355551180496)
   (9.26978767765103823E-002,4.25906338356933298E-002)   (6.30210409621846447E-009,3.13279889136753800E-009)   (6.30210510424650575E-009,3.13279880285478828E-009) (-8.60377934607592376E-002,-4.90888400704395239E-002)
   9.9515049999999992        1.2500000000000000     
               (12.356428790267877,2.2124611981248723)               (12.365022506338880,2.2339007959786787)
        (0.10265997056786674,4.67183402701265224E-002)   (6.95504954215480002E-009,3.41086228084393120E-009)   (6.95505090464051194E-009,3.41086217993463674E-009) (-9.52645434399245622E-002,-5.25579139755796773E-002)
   10.001500000000000        1.2500000000000000     
               (12.540823946686871,2.2578305332231263)               (12.549479641064240,2.2795560084442075)
        (0.11220278996295177,5.07113713594185556E-002)   (7.57989898397945039E-009,3.67667252683652031E-009)   (7.57990070085810276E-009,3.67667241080678613E-009)      (-0.10413942402574038,-5.58072317502834106E-002)
   10.051494999999999        1.2500000000000000     
               (12.726983377504643,2.3038900754755849)               (12.735696554339956,2.3259051382758620)
        (0.12126525072439927,5.45514547428067459E-002)   (8.17285638384807631E-009,3.92903947544980898E-009)   (8.17285855072976706E-009,3.92903934050909520E-009)      (-0.11261088423729183,-5.88251822442702813E-002)
   10.101490000000000        1.2500000000000000     
               (12.914913578682111,2.3506443285572685)               (12.923679114802987,2.3729518946868686)
        (0.12978691131210984,5.82203615085083032E-002)   (8.73015610292659930E-009,4.16680880444393565E-009)   (8.73015880530780499E-009,4.16680864989330734E-009)      (-0.12062774513811668,-6.16012834097535156E-002)
   10.151484999999999        1.2500000000000000     
               (13.104621690038844,2.3980976956922895)               (13.113434140900290,2.4206997958403309)
        (0.13770977184863142,6.16998082663958239E-002)   (9.24815320416555288E-009,4.38887772936250500E-009)   (9.24815651284630988E-009,4.38887755689172588E-009)      (-0.12814030453682110,-6.41260497440857141E-002)
   10.201479999999998        1.2500000000000000     
               (13.296114796775273,2.4462545932962083)               (13.304968793681841,2.4691523965454891)
        (0.14497710710392248,6.49714176791285902E-002)   (9.72333322705138761E-009,4.59415735140228059E-009)   (9.72333724625657553E-009,4.59415714919264123E-009)      (-0.13509929661730569,-6.63908773840382882E-002)
   10.251474999999999        1.2500000000000000     
               (13.489400189393150,2.4951195045471009)               (13.498290531897240,2.5183131535318313)
        (0.15153564782934559,6.80167748602946154E-002)   (1.01523311513983879E-008,4.78160501139607893E-009)   (1.01523361001807970E-008,4.78160478136958476E-009)      (-0.14145770009818176,-6.83881006251119139E-002)
   10.301469999999998        1.2500000000000000     
               (13.684486331291872,2.5446969639696921)               (13.693407868494404,2.5681858516023626)
        (0.15733428532333024,7.08175582852816482E-002)   (1.05319383160494229E-008,4.95021853396693008E-009)   (1.05319441975645801E-008,4.95021828541957993E-009)      (-0.14716956395837258,-7.01109161684348586E-002)
   10.351464999999999        1.2500000000000000     
               (13.881381030962835,2.5949917092391095)               (13.890329079940855,2.6187742228940705)
        (0.16232571948582888,7.33553775346641734E-002)   (1.08592069868441172E-008,5.09901595779394635E-009)   (1.08592139990281689E-008,5.09901566133142468E-009)      (-0.15219178718800142,-7.15530717236297076E-002)
   10.401459999999998        1.2500000000000000     
               (14.080092798312792,2.6460087366861202)               (14.089063454019335,2.6700824849551652)
        (0.16646601572227418,7.56121190909302271E-002)   (1.11313449127154018E-008,5.22707240047068000E-009)   (1.11313533142854115E-008,5.22707206475250241E-009)      (-0.15648313068184438,-7.27091515521399584E-002)
   10.451454999999999        1.2500000000000000     
               (14.280630456357594,2.6977531118838494)               (14.289620189321752,2.7221150714707099)
        (0.16971588904927873,7.75698046178292938E-002)   (1.13458472474200580E-008,5.33349476712411708E-009)   (1.13458571597661967E-008,5.33349438709315443E-009)      (-0.16000544612186335,-7.35743022791578716E-002)
   10.501449999999998        1.2500000000000000     
               (14.483002932129036,2.7502303754252697)               (14.492009319428892,2.7748769414020171)
        (0.17204022387546131,7.92107551576982094E-002)   (1.15004773662685081E-008,5.41743566587679023E-009)   (1.15004890133381012E-008,5.41743523722210225E-009)      (-0.16272365558701463,-7.41441429902992277E-002)
   10.551444999999999        1.2500000000000000     
               (14.687219330388707,2.8034462526204593)               (14.696240784089627,2.8283734602028394)
        (0.17340902311409825,8.05176177994586378E-002)   (1.15932874223048398E-008,5.47807788569521362E-009)   (1.15933009794112380E-008,5.47807740227099228E-009)      (-0.16460592583372186,-7.44148389107861102E-002)
   10.601439999999998        1.2500000000000000     
               (14.893288980852505,2.8574068853365366)               (14.902324954232713,2.8826105627824039)
        (0.17379722896659180,8.14736219827281866E-002)   (1.16226518412641223E-008,5.51467506299090864E-009)   (1.16226677681744088E-008,5.51467451954249573E-009)      (-0.16562423787950789,-7.43829467090718621E-002)
   10.651434999999999        1.2500000000000000     
               (15.101220975569431,2.9121186594542054)               (15.110272190301131,2.9375945686057698)
        (0.17318557489670616,8.20626382775600793E-002)   (1.15872603183797878E-008,5.52651534851235106E-009)   (1.15872789395342117E-008,5.52651473923943121E-009)      (-0.16575470766895822,-7.40454099144364497E-002)
   10.701429999999998        1.2500000000000000     
               (15.311024787795327,2.9675884864660502)               (15.320092533887800,2.9933325736486966)
        (0.17156057361814520,8.22692584027347878E-002)   (1.14861510500727907E-008,5.51294718061456658E-009)   (1.14861727111166836E-008,5.51294649997398909E-009)      (-0.16497758304681184,-7.33995418668141192E-002)
   10.751424999999999        1.2500000000000000     
               (15.522709792817782,3.0238234900084171)               (15.531796572047975,3.0498320870544311)
        (0.16891470375751147,8.20790524510727482E-002)   (1.13187807094734744E-008,5.47338927773613483E-009)   (1.13188057029726766E-008,5.47338851349797149E-009)      (-0.16327798587715792,-7.24429897408800094E-002)
   10.801419999999998        1.2500000000000000     
               (15.736284847251067,3.0808311883114143)               (15.745394588617900,3.1071011430217461)
        (0.16524693761704495,8.14786622356118984E-002)   (1.10848906747295227E-008,5.40731329765635975E-009)   (1.10849196324704097E-008,5.40731244687587817E-009)      (-0.16064594641255289,-7.11737441369721391E-002)
   10.851414999999999        1.2500000000000000     
               (15.951760090922056,3.1386194789061683)               (15.960896542710017,3.1651484142921653)
        (0.16056332891675082,8.04560796340999251E-002)   (1.07848217627598835E-008,5.31428731474844279E-009)   (1.07848213216038677E-008,5.31428740420531784E-009)      (-0.15707571204310244,-6.95902326619764616E-002)
   10.901409999999998        1.2500000000000000     
               (16.169143041980359,3.1971964906916610)               (16.178311625625369,3.2239828276824656)
        (0.15487434303627554,7.90005607542098448E-002)   (1.04190045819432679E-008,5.19394075859280864E-009)   (1.04190038479855978E-008,5.19394086258787597E-009)      (-0.15256901817295609,-6.76911275672956725E-002)
   10.951404999999999        1.2500000000000000     
               (16.388443070536162,3.2565707511227648)               (16.397649329774779,3.2836139560633719)
        (0.14819934820929487,7.71031991907245445E-002)   (9.98855878118591027E-009,5.04599968620298809E-009)   (9.98855774604227474E-009,5.04599980646275560E-009)      (-0.14713132688675429,-6.54756698078528820E-002)
   11.001399999999999        1.2500000000000000     
               (16.609668473935898,3.3167509826658308)               (16.618918579110552,3.3440515657236030)
        (0.14056346315118409,7.47567989713715103E-002)   (9.49486363815263656E-009,4.87029517080030243E-009)   (9.49486220140283949E-009,4.87029531022299675E-009)      (-0.14077424095263774,-6.29435861010023412E-002)
   11.051394999999999        1.2500000000000000     
               (16.832827785477097,3.3777462536458951)               (16.842127617518980,3.4053058531327376)
        (0.13199893850960376,7.19563184436541325E-002)   (8.93979726771289826E-009,4.66675456599050143E-009)   (8.93979535897537230E-009,4.66675472619749334E-009)      (-0.13351572146701735,-6.00950959225987000E-002)
   11.101389999999999        1.2500000000000000     
               (17.057928748810870,3.4395656554392140)               (17.067284323382243,3.4673871075614833)
        (0.12254463262673156,6.86987830887993145E-002)   (8.32568595953949306E-009,4.43542110713002630E-009)   (8.32568351077563843E-009,4.43542129237667201E-009)      (-0.12537927519306624,-5.69311390899916586E-002)
   11.151384999999999        1.2500000000000000     
               (17.284979057903808,3.5022185040511666)               (17.294396219282575,3.5303057846181760)
        (0.11224521807805883,6.49838619804042894E-002)   (7.65515092360939220E-009,4.17647973645906532E-009)   (7.65514779644675190E-009,4.17647994988485937E-009)      (-0.11639430149479305,-5.34535365844357735E-002)
   11.201379999999999        1.2500000000000000     
               (17.513985710028159,3.5657142585042743)               (17.523469861058558,3.5940723797041252)
        (0.10115272925473236,6.08135903154087068E-002)   (6.93133783505401380E-009,3.89022771168916904E-009)   (6.93133389394043124E-009,3.89022795675902047E-009)      (-0.10659677959804433,-4.96648381003765849E-002)
   11.251374999999999        1.2500000000000000     
               (17.744955852019601,3.6300623989493852)               (17.754511544058740,3.6586973217172303)
   (8.93249572051933727E-002,5.61930395285257164E-002)   (6.15771156684179463E-009,3.57712671371872409E-009)   (6.15770674199651764E-009,3.57712699292986594E-009) (-9.60283076589896756E-002,-4.55687966335682898E-002)
   11.301369999999999        1.2500000000000000     
               (17.977896116175877,3.6952724349517085)               (17.987527226668128,3.7241910496784603)
   (7.68251336476351021E-002,5.11299236445712790E-002)   (5.33822997074842035E-009,3.23776269994462091E-009)   (5.33822406532410137E-009,3.23776302052550744E-009) (-8.47363982430956453E-002,-4.11701506835248296E-002)
   11.351364999999999        1.2500000000000000     
               (18.212812564158739,3.7613538336317802)               (18.222521747131189,3.7905636690734483)
   (6.37225160587598649E-002,4.56353141055821712E-002)   (4.47706584683987688E-009,2.87290639641703559E-009)   (4.47705871733811576E-009,2.87290676293653109E-009) (-7.27744019371413808E-002,-3.64752060025932967E-002)
   11.401359999999999        1.2500000000000000     
               (18.449711373743359,3.8283160121488238)               (18.459500566738740,3.8578250731853507)
   (5.00917249780611848E-002,3.97233561141170574E-002)   (3.57886821821333744E-009,2.48348748175355012E-009)   (3.57885945482914247E-009,2.48348790009689741E-009) (-6.02015157897828196E-002,-3.14914097240948515E-002)
   11.451355000000000        1.2500000000000000     
               (18.688597759444939,3.8961682832738997)               (18.698467388067517,3.9259848968864306)
   (3.60113664313478077E-002,3.34116725127199463E-002)   (2.64858735289055436E-009,2.07060463828091795E-009)   (2.64857701333050717E-009,2.07060510832137351E-009) (-4.70820798797356027E-002,-2.62281581593921016E-002)
   11.501349999999999        1.2500000000000000     
               (18.929477252025986,3.9649197685572615)               (18.939426676160753,3.9950523261407742)
   (2.15650707019976740E-002,2.67211576273348704E-002)   (1.69139877671515568E-009,1.63554693821762370E-009)   (1.69138651722802626E-009,1.63554747373690350E-009) (-3.34854475303141899E-002,-2.06963832382580926E-002)
   11.551345000000000        1.2500000000000000     
               (19.172354966503903,4.0345794276239531)               (19.182382421483926,4.0650361784325630)
   (6.83950814986498522E-003,1.96762817799181963E-002)   (7.12833244201456162E-010,1.17978267670638888E-009)   (7.12818882832490894E-010,1.17978328938331101E-009) (-1.94857729196386206E-002,-1.49090620906663206E-002)
   11.601339999999999        1.2500000000000000     
               (19.417235642146171,4.1051559565598525)               (19.427338208194097,4.1359447767922344)
  (-8.07507081519782434E-003,1.23050168208743583E-002)  (-2.81461771023074304E-010,7.04963587424903188E-010)  (-2.81478963745974220E-010,7.04964281372649930E-010) (-5.16153769827891636E-003,-8.88100750916560010E-003)
   11.651335000000000        1.2500000000000000     
               (19.664123945201634,4.1766578313160077)               (19.674297432244853,4.2077861295567773)
  (-2.30855802072009349E-002,4.63874153399496548E-003)  (-1.28540743465244751E-009,2.12941865019177020E-010)  (-1.28542743562999133E-009,2.12942647713829959E-010)  (9.40422282597807961E-003,-2.62939231062757567E-003)
   11.701330000000000        1.2500000000000000     
               (19.913024324093954,4.2490932786904274)               (19.923263695816942,4.2805676209275756)
 (-3.80977149308047366E-002,-3.28754401619017495E-003) (-2.29301777002964264E-009,-2.94251270480334852E-010) (-2.29304102434969303E-009,-2.94250387690170334E-010)   (2.41258848664408186E-002,3.82634379948113912E-003)
   11.751324999999998        1.2500000000000000     
               (20.163941328762377,4.3224702245519886)               (20.174240633282334,4.3542962751435565)
 (-5.30155400825954373E-002,-1.14355802706862953E-002) (-3.29806789082012215E-009,-8.14391228274316488E-010) (-3.29809527866513241E-009,-8.14390232918055188E-010)   (3.89146441887168043E-002,1.04646776066189152E-002)
   11.801319999999999        1.2500000000000000     
               (20.416878641691348,4.3967962121464756)               (20.427231786769731,4.4289786290547184)
 (-6.77424224761660060E-002,-1.97637442066222122E-002) (-4.29417948392277492E-009,-1.34506226859701884E-009) (-4.29421094539656752E-009,-1.34506115267996102E-009)   (5.36786797877317617E-002,1.72612969395448887E-002)
   11.851314999999998        1.2500000000000000     
               (20.671842222440702,4.4720786309575482)               (20.682241501807379,4.5046209663298438)
 (-8.21826813773626763E-002,-2.82274010641477904E-002) (-5.27516287493480689E-009,-1.88368868397874128E-009) (-5.27516303182542328E-009,-1.88368877720698297E-009)   (6.83245624602245305E-002,2.41897889084241799E-002)
   11.901309999999999        1.2500000000000000     
               (20.928834283059150,4.5483244672777134)               (20.939273252203176,4.5812290238601907)
 (-9.62391022179772265E-002,-3.67788369041618032E-002) (-6.23452583375770348E-009,-2.42751632769592428E-009) (-6.23452579158472548E-009,-2.42751643694537686E-009)   (8.27590348466392400E-002,3.12210781315340330E-002)
   11.951304999999998        1.2500000000000000     
               (21.187860106889872,4.6255403786558924)               (21.198331705157671,4.6588083285211637)
      (-0.10981832125252304,-4.53677506713638934E-002) (-7.16597902232569923E-009,-2.97361524739459784E-009) (-7.16597866452354050E-009,-2.97361537403018211E-009)   (9.68867511829867023E-002,3.83234814271461235E-002)
   12.001299999999999        1.2500000000000000     
               (21.448924091467347,4.7037327468354357)               (21.459421477440124,4.7373641022912141)
      (-0.12282896405151737,-5.39413703091058197E-002) (-8.06336808782762437E-009,-3.51892552834094588E-009) (-8.06336733294877309E-009,-3.51892567629779534E-009)        (0.11061292685386262,4.54633504395546145E-002)
   12.051294999999998        1.2500000000000000     
               (21.712031042537088,4.7829078810702290)               (21.722547851567246,4.8169015101061730)
      (-0.13518135824995312,-6.24447015733703356E-002) (-8.92063034822447475E-009,-4.06024470030366863E-009) (-8.92062910870165235E-009,-4.06024487177478012E-009)        (0.12384355446256572,5.26042340240410258E-002)
   12.101289999999999        1.2500000000000000     
               (21.977185759720399,4.8630716162523333)               (21.987716166545582,4.8974253169035498)
      (-0.14679086506566164,-7.08211651703048728E-002) (-9.73193320918276287E-009,-4.59425570664054153E-009) (-9.73193146215006183E-009,-4.59425590524103968E-009)        (0.13648700592061858,5.97076249002501461E-002)
   12.151284999999998        1.2500000000000000     
               (22.244393746478075,4.9442296384289888)               (22.254932692210875,4.9789405189497158)
      (-0.15757640906257708,-7.90124413697168987E-002) (-1.04915664733948867E-008,-5.11753908767717300E-009) (-1.04915640580322196E-008,-5.11753931896393639E-009)        (0.14845263475612955,6.67330734558430616E-002)
   12.201279999999999        1.2500000000000000     
               (22.513660104398713,5.0263876383860726)               (22.524203552058996,5.0614519427538625)
      (-0.16746175623076356,-8.69595993292063135E-002) (-1.11941991657645659E-008,-5.62658929337954860E-009) (-1.11941959700837943E-008,-5.62658955933514056E-009)        (0.15965317599165693,7.36378575510723415E-002)
   12.251274999999998        1.2500000000000000     
               (22.784990152882258,5.1095509883949637)               (22.795535371852822,5.1449644902705005)
      (-0.17637687700585616,-9.46028141132329581E-002) (-1.18348184158842862E-008,-6.11786553594728326E-009) (-1.18348141724544953E-008,-6.11786584191017610E-009)        (0.17000553334942564,8.03778264055640818E-002)
   12.301269999999999        1.2500000000000000     
               (23.058390860176385,5.1937251211221032)               (23.068935259486640,5.2294833571797694)
           (-0.18425736017656785,-0.10188231442290063) (-1.24087146525651728E-008,-6.58777024317542945E-009) (-1.24087094344773301E-008,-6.58777059679235538E-009)        (0.17943086538318020,8.69072340318644276E-002)
   12.351264999999998        1.2500000000000000     
               (23.333867971463974,5.2789154600570640)               (23.344411042432327,5.3150137222545801)
           (-0.19104522770600985,-0.10873850458279199) (-1.29115406670213190E-008,-7.03271656193000724E-009) (-1.29115341746784667E-008,-7.03271696658169311E-009)        (0.18785448973566105,9.31791607321887233E-002)
   12.401259999999999        1.2500000000000000     
               (23.611428408747596,5.3651273392361887)               (23.621970798474031,5.4015611460766557)
           (-0.19669052418173663,-0.11511301906561713) (-1.33394994803516678E-008,-7.44912665793983380E-009) (-1.33394913972869938E-008,-7.44912712021511152E-009)        (0.19520866222868011,9.91457948747427459E-002)
   12.451254999999998        1.2500000000000000     
               (23.891079279549313,5.4523663579136565)               (23.901622176722519,5.4891315427800000)
           (-0.20115012021731829,-0.12094842727113891) (-1.36891763287662374E-008,-7.83347857600195693E-009) (-1.36891664846692656E-008,-7.83347910483942870E-009)             (0.20143076435246215,0.10475874799728700)
   12.501249999999999        1.2500000000000000     
               (24.172828159027297,5.5406381833625140)               (24.183373600114919,5.5777309494137617)
           (-0.20438916561701961,-0.12618946861112429) (-1.39576127737367829E-008,-8.18231806037840656E-009) (-1.39576009885797064E-008,-8.18231866484288250E-009)             (0.20646594471107904,0.10996959014658092)
   12.551245000000000        1.2500000000000000     
               (24.456682372136299,5.6299487295570882)               (24.467234010511692,5.6673660304924791)
           (-0.20638107262277774,-0.13078330845043792) (-1.41425288271075574E-008,-8.49232443406499340E-009) (-1.41425147945911012E-008,-8.49232512294880288E-009)             (0.21026606546399260,0.11472973259592573)
   12.601239999999999        1.2500000000000000     
               (24.742650325582204,5.7203040789782280)               (24.753212423426493,5.7580437443380079)
           (-0.20710729226169186,-0.13467987886687433) (-1.42420545095862443E-008,-8.76028552767007860E-009) (-1.42420377272344302E-008,-8.76028630698695373E-009)             (0.21279120221889897,0.11899166152560615)
   12.651235000000000        1.2500000000000000     
               (25.030740337168812,5.8117108227675960)               (25.041317082992709,5.8497713870792891)
           (-0.20655860140897314,-0.13783261179320369) (-1.42548966081586803E-008,-8.98317078446690794E-009) (-1.42548767596533074E-008,-8.98317167408473109E-009)             (0.21400986428848970,0.12270858354237980)
   12.701229999999999        1.2500000000000000     
               (25.320960649772452,5.9041756826455769)               (25.331556822213564,5.9425568570062133)
           (-0.20473393426582515,-0.14019906807232596) (-1.41803355994413930E-008,-9.15816473362216013E-009) (-1.41803123716170763E-008,-9.15816574493856033E-009)             (0.21389862795387957,0.12583524204291452)
   12.751225000000000        1.2500000000000000     
               (25.613320219551003,5.9977058988822343)               (25.623941137735759,6.0364082648888964)
           (-0.20164157910872593,-0.14174092232202914) (-1.40183578930226043E-008,-9.28264997955159770E-009) (-1.40183306197373315E-008,-9.28265112530209416E-009)             (0.21244391029974707,0.12832846827891153)
   12.801219999999999        1.2500000000000000     
               (25.907827501149665,6.0923090835304254)               (25.918478341307203,6.1313344980663160)
           (-0.19729791515914191,-0.14242500682787082) (-1.37693635162963721E-008,-9.35429925140640641E-009) (-1.37693317676512681E-008,-9.35430054547901750E-009)             (0.20964081873553175,0.13014729616300952)
   12.851215000000000        1.2500000000000000     
               (26.204491348323451,6.1879934754601482)               (26.215177310103723,6.2273445018759013)
           (-0.19172896262005276,-0.14222323782750529) (-1.34344947129601685E-008,-9.37103658104186417E-009) (-1.34344578405395528E-008,-9.37103804102698432E-009)             (0.20549398357878892,0.13125387657578641)
   12.901209999999999        1.2500000000000000     
               (26.503322253072021,6.2847673949463445)               (26.514046545864616,6.3244478073776351)
           (-0.18496712533132997,-0.14111333757078695) (-1.30152783909311297E-008,-9.33115267911987686E-009) (-1.30152774594258250E-008,-9.33115257333246962E-009)             (0.20001818322049064,0.13161355440255762)
   12.951205000000000        1.2500000000000000     
               (26.804325955091915,6.3826400355879684)               (26.815093723962363,6.4226541517566504)
           (-0.17705698571151465,-0.13907901361934813) (-1.25141450474485758E-008,-9.23323385766163796E-009) (-1.25141443347060303E-008,-9.23323373269696473E-009)             (0.19323588185437948,0.13119554584815882)
   13.001199999999999        1.2500000000000000     
               (27.107512304636067,6.4816206158338572)               (27.118326920736695,6.5219737844330075)
           (-0.16804747727174849,-0.13611039729235333) (-1.19339178949159046E-008,-9.07624351957378614E-009) (-1.19339175426669815E-008,-9.07624337264218527E-009)             (0.18518077933553875,0.12997315100588261)
   13.051195000000000        1.2500000000000000     
               (27.412890026336513,6.5817190889028128)               (27.423753713612211,6.6224170884288958)
           (-0.15799654412894173,-0.13220442785085396) (-1.12778838129371357E-008,-8.85951927851813956E-009) (-1.12778838491167799E-008,-8.85951910841950765E-009)             (0.17589510781270581,0.12792465999669397)
   13.101189999999999        1.2500000000000000     
               (27.720466685751642,6.6829457787889517)               (27.731381013829512,6.7239946914491417)
           (-0.14696895071477223,-0.12736455474886266) (-1.05500301597694405E-008,-8.58283946199778405E-009) (-1.05500306710954523E-008,-8.58283926434736736E-009)             (0.16543094879645887,0.12503328284997925)
   13.151185000000000        1.2500000000000000     
               (28.030249786672428,6.7853112789337597)               (28.041216370697036,6.8267175105212647)
           (-0.13503594240403116,-0.12160129411607584) (-9.75474585575016709E-009,-8.24633140074307912E-009) (-9.75474701922577260E-009,-8.24633117167599038E-009)             (0.15384912083082500,0.12128747522682713)
   13.201179999999999        1.2500000000000000     
               (28.342247294923723,6.8888264377383619)               (28.353265337254857,6.9305964969710834)
           (-0.12227555902757534,-0.11493246754464818) (-8.89689210373855250E-009,-7.85061147893451446E-009) (-8.89689394577996635E-009,-7.85061121235698359E-009)             (0.14121738700659889,0.11668184728540704)
   13.251175000000000        1.2500000000000000     
               (28.656465633283080,6.9935024666914796)               (28.667534739433599,7.0356426191030899)
           (-0.10877083563496864,-0.10738291918946338) (-7.98185835601780541E-009,-7.39672645881136824E-009) (-7.98186105567800048E-009,-7.39672615060569511E-009)             (0.12761393290640471,0.11121703697670679)
   13.301169999999999        1.2500000000000000     
               (28.972910944166440,7.0993506685114864)               (28.984029142708984,7.1418670097864325)
 (-9.46093520082371270E-002,-9.89846044759122717E-002) (-7.01531705348867023E-009,-6.88614599572780054E-009) (-7.01532080820935975E-009,-6.88614564044205428E-009)             (0.11312299683073841,0.10489988036266938)
   13.351165000000000        1.2500000000000000     
               (29.291589662905473,7.2063825480299437)               (29.302754507673743,7.2492808648423734)
 (-7.98842443675497477E-002,-8.97766608373487818E-002) (-6.00346256776810121E-009,-6.32080756121658964E-009) (-6.00346756051066495E-009,-6.32080715194311068E-009)   (9.78361621952598126E-002,9.77439331061646099E-002)
   13.401159999999999        1.2500000000000000     
               (29.612506951227445,7.3146096172040957)               (29.623714882339005,7.3578948774418294)
 (-6.46902824366935997E-002,-7.98048614988585980E-002) (-4.95264297551741935E-009,-5.70307294360931999E-009) (-4.95264942840122366E-009,-5.70307247210106137E-009)   (8.18518054660506283E-002,8.97694589630555623E-002)
   13.451155000000000        1.2500000000000000     
               (29.935667474899347,7.4240432770591980)               (29.946915172700482,7.4677200714407004)
 (-4.91265408019580449E-002,-6.91221055139951829E-002) (-3.86959280202693840E-009,-5.03577825447880667E-009) (-3.86960095222284301E-009,-5.03577771114476057E-009)   (6.52724256887896315E-002,8.10034716863755749E-002)
   13.501149999999999        1.2500000000000000     
               (30.261075834532491,7.5346948580960076)               (30.272359015047453,7.5787669827798405)
 (-3.32934758408245796E-002,-5.77873208813012365E-002) (-2.76122288025362238E-009,-4.32214182835678153E-009) (-2.76123292820772338E-009,-4.32214121107467464E-009)   (4.82076263719262987E-002,7.14800145944585186E-002)
   13.551145000000000        1.2500000000000000     
               (30.588735680405183,7.6465755006461640)               (30.600050459056028,7.6910460339480817)
 (-1.72926470315400010E-002,-4.58657932349009687E-002) (-1.63465524697250423E-009,-3.56587537767772537E-009) (-1.63466756867916506E-009,-3.56587466536135407E-009)   (3.07696845702806789E-002,6.12401026013934674E-002)
   13.601139999999999        1.2500000000000000     
               (30.918650482145413,7.7596961277884748)               (30.929992342376071,7.8045673240642701)
 (-1.22686339036061397E-003,-3.34282025145235390E-002) (-4.97022619474520998E-010,-2.77100015209641574E-009) (-4.97037580913991611E-010,-2.77099933760356967E-009)   (1.30736743629001097E-002,5.03311570331185024E-002)
   13.651135000000000        1.2500000000000000     
               (31.250823520928524,7.8740671637638489)               (31.262188099868716,7.9193407444607171)
  (1.48022544185768996E-002,-2.05509179585093085E-002)  (6.44270304807030244E-010,-1.94198786051308298E-009)  (6.44252307922845749E-010,-1.94198693454275020E-009)  (-4.76125405343813101E-003,3.88076740532688688E-002)
   13.701129999999999        1.2500000000000000     
               (31.585257296688788,7.9896987973749063)               (31.596640325723964,8.0353757079606289)
  (3.06933545828714342E-002,-7.31459524890840269E-003)  (1.78202674361118461E-009,-1.08362555000655968E-009)  (1.78200528544262550E-009,-1.08362449553970753E-009)  (-2.26153846238052667E-002,2.67303175681839339E-002)
   13.751125000000000        1.2500000000000000     
               (31.921953863822605,8.1066008200851023)               (31.933351848328044,8.1526813106335130)
   (4.63472722714813601E-002,6.19567393324113678E-003)  (2.90890123707587838E-009,-2.01034277642204038E-010)  (2.90887574438586881E-009,-2.01033077075079296E-010)  (-4.03691883833205215E-002,1.41660401717924253E-002)
   13.801119999999999        1.2500000000000000     
               (32.260915911138632,8.2247823102004975)               (32.272325679319763,8.2712662042786356)
   (6.16670924074460072E-002,1.98912744455957170E-002)   (4.01778090782843363E-009,7.00348314859432759E-010)   (4.01775098382159131E-009,7.00349682441121437E-010)  (-5.79020877540212947E-002,1.18768884692034928E-003)
   13.851115000000000        1.2500000000000000     
               (32.602145208447560,8.3442520944406606)               (32.613563870050420,8.3911388681895289)
   (7.65589692262264310E-002,3.36806926433822623E-002)   (5.10156292120436762E-009,1.61485596328538928E-009)   (5.10152723071332181E-009,1.61485751239370437E-009) (-7.50962768050127405E-002,-1.21267725971116284E-002)
   13.901109999999999        1.2500000000000000     
               (32.945644297700348,8.4650183599578881)               (32.957069073955587,8.5123072156931148)
   (9.09324267934848857E-002,4.74704232345317459E-002)   (6.15345521561880208E-009,2.53660767516136647E-009)   (6.15341415665538791E-009,2.53660942592043552E-009) (-9.18345703427181498E-002,-2.56941130173884910E-002)
   13.951105000000000        1.2500000000000000     
               (33.291416527807350,8.5870888493548172)               (33.302845276630876,8.6347786348005560)
        (0.10470123651363156,6.11650517037724689E-002)   (7.16671285188742933E-009,3.45950559379021578E-009)   (7.16671068206417596E-009,3.45950548194799039E-009)      (-0.10800459592258352,-3.94270085411179624E-002)
   14.001100000000001        1.2500000000000000     
               (33.639461106342011,8.7104706049399532)               (33.650893571666209,8.7585603474757381)
        (0.11778740423855888,7.46686840325244683E-002)   (8.13523789589837807E-009,4.37735594104791663E-009)   (8.13523595926290051E-009,4.37735580856097541E-009)      (-0.12349584120842694,-5.32339882774594264E-002)
   14.051095000000000        1.2500000000000000     
               (33.989781990354615,8.8351704664304762)               (34.001217454454242,8.8836593162118707)
        (0.13011488548731800,8.78853295598700096E-002)   (9.05300519153318942E-009,5.28387819241904313E-009)   (9.05300356472082915E-009,5.28387803617352836E-009)      (-0.13820411868248170,-6.70207112845077890E-002)
   14.101089999999997        1.2500000000000000     
               (34.342381979485772,8.9611948592474100)               (34.353820651802259,9.0100819465956619)
             (0.14161383440269609,0.10071995026415684)   (9.91433125865760235E-009,6.17270368920074593E-009)   (9.91433002443507704E-009,6.17270350288406020E-009)      (-0.15203140024420200,-8.06902822807370051E-002)
   14.151084999999997        1.2500000000000000     
               (34.697264361474161,9.0885495297319014)               (34.708706377465575,9.1378345762761004)
             (0.15222155063451651,0.11307876312831106)   (1.07140408017387889E-008,7.03752854487039013E-009)   (1.07140400712617557E-008,7.03752832999050107E-009)      (-0.16488447736255443,-9.41438252363790973E-002)
   14.201079999999997        1.2500000000000000     
               (35.054432449375199,9.2172401738045551)               (35.065878660870801,9.2669230142623249)
             (0.16188194454824573,0.12487043037334840)   (1.14473152994481542E-008,7.87208061044619280E-009)   (1.14473151594504990E-008,7.87208035896976549E-009)           (-0.17667856620086131,-0.10728184436411274)
   14.251074999999998        1.2500000000000000     
               (35.413890260265021,9.3472722918850284)               (35.425341853380786,9.3973533345355911)
             (0.17054594988907448,0.13600696120612982)   (1.21099599602257443E-008,8.67018969284540069E-009)   (1.21099605762454867E-008,8.67018939936654678E-009)           (-0.18733607198302901,-0.12000443806939204)
   14.301069999999998        1.2500000000000000     
               (35.775643031904949,9.4786510724855653)               (35.787100780853457,9.5291311623996560)
             (0.17817125881866139,0.14640376056100524)   (1.26981325513814883E-008,9.42584822417792922E-009)   (1.26981340721033044E-008,9.42584788466073525E-009)           (-0.19678835851559823,-0.13221239759258507)
   14.351064999999998        1.2500000000000000     
               (36.139694898365207,9.6113817373988688)               (36.151160390679848,9.6622622043104460)
             (0.18472377932129974,0.15598091105315412)   (1.32086132912321239E-008,1.01332836471262280E-008)   (1.32086158676119211E-008,1.01332832525850128E-008)           (-0.20497439185243654,-0.14380807770765050)
   14.401059999999998        1.2500000000000000     
               (36.506052318571065,9.7454696010398241)               (36.517526038150258,9.7967521511926670)
             (0.19017533928771452,0.16466378907555063)   (1.36387012241511192E-008,1.07869056114331454E-008)   (1.36387051238668863E-008,1.07869051563945690E-008)           (-0.21184391560337307,-0.15469597336527768)
   14.451054999999998        1.2500000000000000     
               (36.874721064091140,9.8809199134346208)               (36.886204344198084,9.9326067255358463)
             (0.19450681089534902,0.17238366603219391)   (1.39861028972371241E-008,1.13815134928887442E-008)   (1.39861083199063662E-008,1.13815129680795825E-008)           (-0.21735575190826642,-0.16478382598896882)
   14.501049999999998        1.2500000000000000     
               (37.245707634931492,10.017738274780434)               (37.257200933748663,10.069831999565370)
             (0.19770603451005572,0.17907802237088788)   (1.42494440799992211E-008,1.19121730001155687E-008)   (1.42494512916255662E-008,1.19121723955826766E-008)           (-0.22147831148078684,-0.17398338839010885)
   14.551044999999998        1.2500000000000000     
               (37.619019835489865,10.155930588220576)               (37.630523486843856,10.208434036237337)
             (0.19976683826726874,0.18469154087636502)   (1.44273831941632354E-008,1.23743949741821155E-008)   (1.44273926243640261E-008,1.23743942790102643E-008)           (-0.22419045131109872,-0.18221131206652577)
   14.601039999999998        1.2500000000000000     
               (37.994664752047250,10.295503197487777)               (38.006178425881842,10.348419334946763)
             (0.20069196661278660,0.18917598596555776)   (1.45196027341817642E-008,1.27640988603967788E-008)   (1.45196145225459804E-008,1.27640980647181189E-008)           (-0.22548132175410115,-0.18938959216970366)
   14.651034999999998        1.2500000000000000     
               (38.372650516914447,10.436462838879638)               (38.384174301503322,10.489794628479652)
             (0.20049073723951902,0.19249159221232356)   (1.45262990727418179E-008,1.30776726767237559E-008)   (1.45263136830534677E-008,1.30776717674532745E-008)           (-0.22535002586284944,-0.19544671377854572)
   14.701029999999998        1.2500000000000000     
               (38.752986097991581,10.578816642688025)               (38.764518301211659,10.632567260761233)
             (0.19917833551258801,0.19460624323940429)   (1.44479378141900780E-008,1.33119860980090334E-008)   (1.44479556891850954E-008,1.33119850615111824E-008)           (-0.22380661306209854,-0.20031820609310863)
   14.751024999999998        1.2500000000000000     
               (39.135679119605214,10.722572524584402)               (39.147218446693763,10.776744929305083)
             (0.19677730758205988,0.19549672112084576)   (1.42857319517323009E-008,1.34644652737254897E-008)   (1.42857535981441878E-008,1.34644640839936644E-008)           (-0.22087050899506785,-0.20394748521134559)
   14.801019999999998        1.2500000000000000     
               (39.520737870175424,10.867738805364780)               (39.532283032411094,10.922335698547736)
             (0.19331566644613996,0.19514823071388696)   (1.40414164579595465E-008,1.35330667696988216E-008)   (1.40414424289679844E-008,1.35330654114034032E-008)           (-0.21657021525566414,-0.20628583050813928)
   14.851014999999999        1.2500000000000000     
               (39.908172397724144,11.014324554986899)               (39.919720968093273,11.069348329932600)
             (0.18882733995459466,0.19355504838313289)   (1.37171251292416815E-008,1.35163458620151560E-008)   (1.37171560403431269E-008,1.35163443225558527E-008)           (-0.21094494292498572,-0.20729392361314974)
   14.901009999999998        1.2500000000000000     
               (40.297990450272799,11.162339374498274)               (40.309539887100435,11.217792065118838)
             (0.18335171224005034,0.19072005815138918)   (1.33156232302311706E-008,1.34134046428923247E-008)   (1.33156598247345456E-008,1.34134028940786856E-008)           (-0.20404193698337905,-0.20694129448784629)
   14.951004999999999        1.2500000000000000     
               (40.690200780022749,11.311793642959529)               (40.701748764096422,11.367676735315747)
             (0.17693263184468361,0.18665566685566695)   (1.28400090379527959E-008,1.32240144627134404E-008)   (1.28400520982403945E-008,1.32240124777370299E-008)           (-0.19591831960067863,-0.20520793134062967)
   15.000999999999998        1.2500000000000000     
               (41.084813066515615,11.462698218688434)               (41.096356158358113,11.519012676182722)
             (0.16962107254767933,0.18138254246552368)   (1.22939693728323026E-008,1.29485109708068410E-008)   (1.22939731810261531E-008,1.29485110718546638E-008)           (-0.18663761114847413,-0.20208306333579337)
   15.050994999999999        1.2500000000000000     
               (41.481831706082318,11.615064254030273)               (41.493368243876361,11.671810996859865)
             (0.16146546245705506,0.17492991925313939)   (1.16811849829997062E-008,1.25878335308797622E-008)   (1.16811886314727890E-008,1.25878336538115431E-008)           (-0.17627285448054858,-0.19756674138766434)
   15.100989999999998        1.2500000000000000     
               (41.881266151984754,11.768903926158366)               (41.892794092431785,11.826082865605597)
             (0.15252366517273389,0.16733606559195055)   (1.10059906289553131E-008,1.21435796844266337E-008)   (1.10059940419427927E-008,1.21435798332758394E-008)           (-0.16490158140314218,-0.19166939425570945)
   15.150984999999999        1.2500000000000000     
               (42.283123003445041,11.924229380436147)               (42.294640095790129,11.981840343048910)
             (0.14285527366425868,0.15864659861989755)   (1.02730623533957663E-008,1.16178835965448231E-008)   (1.02730653941532208E-008,1.16178837721318364E-008)           (-0.15260942110659684,-0.18441199214302351)
   15.200979999999998        1.2500000000000000     
               (42.687408983853018,12.081053295157714)               (42.698914248781961,12.139095625606181)
             (0.13252079051329965,0.14891553039565755)   (9.48734831430968300E-009,1.10135262215765660E-008)   (9.48735097121912763E-009,1.10135264378564847E-008)           (-0.13948615493176433,-0.17582624874225608)
   15.250974999999999        1.2500000000000000     
               (43.094129677251210,12.239388686984656)               (43.105621442467381,12.297861266114410)
             (0.12158421511459980,0.13820390368280422)   (8.65391027113575798E-009,1.03338281762892449E-008)   (8.65391237424708437E-009,1.03338284306459548E-008)           (-0.12562684337728164,-0.16595378985164369)
   15.300969999999998        1.2500000000000000     
               (43.503290009410549,12.399248424184679)               (43.514768070942914,12.458150531443277)
             (0.11011115390422199,0.12657959890753917)   (7.77807428577962782E-009,9.58270560748191247E-009)   (7.77807564746391754E-009,9.58270590919066753E-009)           (-0.11112973896262043,-0.15484720887501299)
   15.350964999999999        1.2500000000000000     
               (43.914894953480214,12.560645912736895)               (43.926359605669994,12.619976025151150)
        (9.81676541589328322E-002,0.11411669240119460)   (6.86543100520936414E-009,8.76450955575217864E-009)   (6.86543154301101123E-009,8.76450991116441075E-009)      (-9.60966591041451518E-002,-0.14256817816930198)
   15.400959999999998        1.2500000000000000     
               (44.328947743172328,12.723594095414713)               (44.340399789569602,12.783351385262471)
        (8.58204587007960207E-002,0.10089501710940502)   (5.92147347848438552E-009,7.88415395548722329E-009)   (5.92147294678676638E-009,7.88415436882556043E-009)      (-8.06309156557951517E-002,-0.12918880647921258)
   15.450954999999999        1.2500000000000000     
               (44.745452510189651,12.888105999201123)               (44.756892812706916,12.948289556413263)
   (7.31372129666335025E-002,8.69993724953771752E-002)   (4.95200253805349554E-009,6.94699620573970094E-009)   (4.95200066612657225E-009,6.94699668687370152E-009)      (-6.48378174489607495E-002,-0.11478961593080916)
   15.500949999999998        1.2500000000000000     
               (45.164411597811252,13.054194252354511)               (45.175841783566810,13.114803629392890)
   (6.01849084334733705E-002,7.25194297151770390E-002)   (3.96262461979517149E-009,5.95879884850883426E-009)   (3.96262152460324714E-009,5.95879940771187718E-009) (-4.88226912558248211E-002,-9.94603004928618362E-002)
   15.550944999999999        1.2500000000000000     
               (45.585826153076873,13.221871425422094)               (45.597249542603663,13.282906774567881)
   (4.70302557547431777E-002,5.75477404249293487E-002)   (2.95928930493644164E-009,4.92572078576535580E-009)   (2.95928418849826021E-009,4.92572143085642950E-009) (-3.26904276405188265E-002,-8.32978526566392485E-002)
   15.600939999999998        1.2500000000000000     
               (46.009698351493931,13.391149659049409)               (46.021117329450234,13.452611268947502)
   (3.37400971874684749E-002,4.21803509039207283E-002)   (1.94755226580554200E-009,3.85422504164790350E-009)   (1.94754493323057324E-009,3.85422575002313141E-009) (-1.65452933119027389E-002,-6.64068741194047824E-002)
   15.650934999999999        1.2500000000000000     
               (46.436029903008013,13.562040179091705)               (46.447447306265246,13.623929571522210)
   (2.03779275289244673E-002,2.65152873197647375E-002)   (9.33105660540050297E-010,2.75109765348226806E-009)   (9.33095801668631248E-010,2.75109851052050291E-009) (-4.89195845923435786E-004,-4.88984405281169196E-002)
   15.700930000000000        1.2500000000000000     
               (46.864820820901485,13.734554343066931)               (46.876240149502493,13.796873596578783)
   (7.00838544747431780E-003,1.06522558975148760E-002)  (-7.83879927559662727E-011,1.62331682241938380E-009)  (-7.84007877410813769E-011,1.62331780690067057E-009)  (1.53787938023392419E-002,-3.08890445543746166E-002)
   15.750924999999999        1.2500000000000000     
               (47.296071639971082,13.908702596654916)               (47.307496608758974,13.971454398769222)
 (-6.30773274244176164E-003,-5.30835095463248231E-003)  (-1.08160065665370940E-009,4.78069807012545469E-010)  (-1.08161678356988380E-009,4.78070933560571020E-010)  (3.09626555706590985E-002,-1.25003473504629176E-002)
   15.800920000000000        1.2500000000000000     
               (47.729783559318392,14.084494678784880)               (47.741217026140603,14.147682844990580)
 (-1.95096459411410288E-002,-2.12666184026996143E-002) (-2.07130605596967267E-009,-6.77333385470632744E-010) (-2.07132616982103060E-009,-6.77332096964604209E-010)   (4.61707463468308266E-002,6.14293346636791710E-003)
   15.850914999999999        1.2500000000000000     
               (48.165956136660995,14.261939888875451)               (48.177400286359678,14.325569093094083)
 (-3.25391787760107229E-002,-3.71225088275781365E-002) (-3.04220662697269273E-009,-1.83547113804790854E-009) (-3.04223110806934632E-009,-1.83546966541852188E-009)   (6.09163385870317986E-002,2.49123970766742774E-002)
   15.900910000000000        1.2500000000000000     
               (48.604589880934128,14.441046981473166)               (48.616047731901283,14.505122257514355)
 (-4.53405828421588261E-002,-5.27785346057898577E-002) (-3.98967081399823832E-009,-2.98897989056714716E-009) (-3.98970071628396046E-009,-2.98897821236630507E-009)   (7.51170033260690762E-002,4.36785334477047607E-002)
   15.950904999999999        1.2500000000000000     
               (49.045684729942266,14.621824035610352)               (49.057158236937276,14.686351438051842)
 (-5.78606836370989044E-002,-6.81385980098008631E-002) (-4.90889417118208262E-009,-4.13042517064702395E-009) (-4.90892998272768581E-009,-4.13042326416651488E-009)   (8.86971878779864303E-002,6.23104292209634147E-002)
   16.000900000000001        1.2500000000000000     
               (49.489242407981415,14.804278470611081)               (49.500731895756950,14.869264538859163)
 (-7.00470776338613516E-002,-8.31092042893767785E-002) (-5.79558051553766934E-009,-5.25252136813348853E-009) (-5.79562323847171211E-009,-5.25251919089482815E-009)        (0.10158622474019693,8.06778495572888638E-002)
   16.050895000000001        1.2500000000000000     
               (49.935263659725955,14.988417527145224)               (49.946769645703540,15.053869140041471)
 (-8.18511916505567372E-002,-9.76013582873846014E-002) (-6.64542093013730516E-009,-6.34808575632846939E-009) (-6.64547123544852052E-009,-6.34808330001524668E-009)        (0.11372058126090817,9.86517716189761890E-002)
   16.100890000000000        1.2500000000000000     
               (50.383751792631386,15.174247436668798)               (50.395271511726449,15.240172037955011)
      (-9.32297345748715200E-002,-0.11152901795221869) (-7.45494032690369249E-009,-7.41012619082853276E-009) (-7.45494621884337848E-009,-7.41012626635502621E-009)             (0.12504362093402716,0.11610523685231465)
   16.150885000000002        1.2500000000000000     
               (50.834705397462194,15.361774856782132)               (50.846237951004731,15.428179511282348)
           (-0.10413299634931486,-0.12481161023619396) (-8.22004375972709148E-009,-8.43195934468248609E-009) (-8.22004953947124835E-009,-8.43195944749928426E-009)             (0.13550658051920222,0.13291517330572625)
   16.200880000000002        1.2500000000000000     
               (51.288127239083352,15.551005562141063)               (51.299670291857488,15.617897462245651)
           (-0.11452132524487001,-0.13737259709947708) (-8.93776914290198837E-009,-9.40702257331086208E-009) (-8.93777469275798048E-009,-9.40702271074306619E-009)             (0.14506576774019950,0.14896224991220400)
   16.250875000000001        1.2500000000000000     
               (51.744021952300209,15.741945378238592)               (51.755570405692353,15.809331146743483)
           (-0.12435636948865716,-0.14914185907341304) (-9.60518113946407777E-009,-1.03292291099720738E-008) (-9.60518642629618302E-009,-1.03292292839845108E-008)             (0.15368666590009103,0.16413279710644324)
   16.300870000000000        1.2500000000000000     
               (52.202392835139861,15.934599741623000)               (52.213941090773631,16.002485758542715)
           (-0.13360043598439256,-0.16005461304633409) (-1.02194991896325920E-008,-1.11927908364777791E-008) (-1.02195039516608030E-008,-1.11927910510590659E-008)             (0.16134012349784665,0.17831915559546682)
   16.350865000000002        1.2500000000000000     
               (52.663243660932423,16.128974834462348)               (52.674786162870056,16.197366412515088)
           (-0.14221923042343548,-0.17005214481350414) (-1.07783777573092287E-008,-1.19923044746559572E-008) (-1.07783819721112020E-008,-1.19923047382856761E-008)             (0.16800521662617365,0.19142102887177981)
   16.400860000000002        1.2500000000000000     
               (53.126578572593075,16.325076108112583)               (53.138108871057149,16.393977688149359)
           (-0.15018062826124143,-0.17908280572600371) (-1.12799242718097341E-008,-1.27228739935124543E-008) (-1.12799277671141932E-008,-1.27228743156444194E-008)             (0.17366838112822472,0.20334577760260822)
   16.450855000000001        1.2500000000000000     
               (53.592404320047550,16.522909731116830)               (53.603914021960065,16.592324684418106)
           (-0.15745444423621249,-0.18710077564342700) (-1.17222392854841855E-008,-1.33799845547538903E-008) (-1.17222418871771223E-008,-1.33799849398695446E-008)             (0.17832157317204861,0.21400905009442095)
   16.500850000000000        1.2500000000000000     
               (54.060725244010946,16.722481638415434)               (54.072206383289974,16.792412236475428)
           (-0.16401232478961730,-0.19406770668891132) (-1.21039278734487453E-008,-1.39597019464211823E-008) (-1.21039291603774193E-008,-1.39597024075267894E-008)             (0.18196379974646687,0.22333628716309531)
   16.550845000000002        1.2500000000000000     
               (54.531548507270593,16.923799011500972)               (54.542993325355702,16.994246149265454)
           (-0.16982914328302598,-0.19995152948515427) (-1.24238942886352881E-008,-1.44585340325547792E-008) (-1.24238942459078212E-008,-1.44585345727308293E-008)             (0.18460104702259705,0.23126218391704825)
   16.600840000000002        1.2500000000000000     
               (55.004880632691297,17.126868829025341)               (55.016281038364085,17.197831655764084)
           (-0.17488149437156361,-0.20472726923530760) (-1.26812757570398238E-008,-1.48735735946303400E-008) (-1.26812738964246185E-008,-1.48735741829030697E-008)             (0.18624398601121098,0.23773222621412049)
   16.650835000000001        1.2500000000000000     
               (55.480728619508604,17.331698419291271)               (55.492076059296103,17.403175142952612)
           (-0.17914862553743241,-0.20837704848241942) (-1.28755225804867008E-008,-1.52024490708971741E-008) (-1.28755186962071811E-008,-1.52024498188710277E-008)             (0.18691028298710330,0.24270194577070911)
   16.700830000000000        1.2500000000000000     
               (55.959099606264104,17.538296162829045)               (55.970388035345543,17.610283751246541)
           (-0.18260956775889681,-0.21088923217516151) (-1.30063159245734835E-008,-1.54433402474311458E-008) (-1.30063095677658951E-008,-1.54433411127753869E-008)             (0.18662036798613835,0.24613863449349085)
   16.750825000000003        1.2500000000000000     
               (56.440000843269537,17.746670803727671)               (56.451222948802673,17.819164825645437)
           (-0.18524923916341690,-0.21225929456336404) (-1.30735821802166498E-008,-1.55949642726992300E-008) (-1.30735729740462352E-008,-1.55949652780004158E-008)             (0.18540244143116480,0.24801976421833799)
   16.800820000000002        1.2500000000000000     
               (56.923440422471828,17.956831545832856)               (56.934591190545881,18.029826635251840)
           (-0.18705161722848596,-0.21248872257155535) (-1.30775918500286629E-008,-1.56566251487743380E-008) (-1.30775787984042456E-008,-1.56566263083815473E-008)             (0.18328562328708875,0.24833450861541112)
   16.850815000000001        1.2500000000000000     
               (57.409424995666235,18.168788720080148)               (57.420500612499460,18.242278350439676)
           (-0.18800444332573021,-0.21158564239735148) (-1.30188367798517215E-008,-1.56282049803181524E-008) (-1.30188201738936815E-008,-1.56282063136742027E-008)             (0.18030481948052482,0.24708350577436020)
   16.900810000000000        1.2500000000000000     
               (57.897962553831668,18.382552575288031)               (57.908960067006099,18.456529988247880)
           (-0.18809761154987090,-0.20956351995376746) (-1.28979378172700894E-008,-1.55100990626328121E-008) (-1.28979166299395663E-008,-1.55101005981824892E-008)             (0.17649826345910491,0.24427827297893948)
   16.950805000000003        1.2500000000000000     
               (58.389059868982599,18.598134253908924)               (58.399977883087885,18.672592191862922)
           (-0.18732341760177701,-0.20644227693673323) (-1.27158542491560080E-008,-1.53032679082754250E-008) (-1.27158280357211836E-008,-1.53032696664346317E-008)             (0.17190529030526625,0.23994110420663389)
   17.000800000000002        1.2500000000000000     
               (58.882723215863336,18.815545978207098)               (58.893563327950964,18.890476648463942)
           (-0.18567631146217359,-0.20224646017279196) (-1.24737444928405543E-008,-1.50091609786350802E-008) (-1.24737121758733987E-008,-1.50091629802053244E-008)             (0.16656962582170590,0.23410568149674882)
   17.050795000000001        1.2500000000000000     
               (59.378960170891801,19.034799290246482)               (59.389723794577428,19.110195853344493)
           (-0.18315381936630806,-0.19700617049830940) (-1.21729423534111405E-008,-1.46297733047908827E-008) (-1.21729031640946652E-008,-1.46297756013300871E-008)             (0.16053466201895530,0.22681492259144254)
   17.100790000000003        1.2500000000000000     
               (59.877775902509093,19.255907135049799)               (59.888467161200680,19.331762882479627)
           (-0.17975586357850248,-0.19075561751503942) (-1.18149388844128408E-008,-1.41675759823210596E-008) (-1.18148916135855966E-008,-1.41675785917444144E-008)             (0.15384658580121091,0.21812281087514271)
   17.150785000000003        1.2500000000000000     
               (60.379179428995094,19.478882422672733)               (60.389801184892214,19.555191637563208)
           (-0.17548453211546555,-0.18353398708946039) (-1.14014542898216566E-008,-1.36254968819803030E-008) (-1.14014456749992903E-008,-1.36254969219854077E-008)             (0.14655329450474550,0.20809200954383658)
   17.200779999999998        1.2500000000000000     
               (60.883169564778953,19.703738231453059)               (60.893730810834057,19.780496321360353)
           (-0.17034814081354757,-0.17538367663076995) (-1.09344950972094710E-008,-1.30068871130902960E-008) (-1.09344865601052264E-008,-1.30068871316925027E-008)             (0.13869887297277864,0.19679391220433037)
   17.250774999999997        1.2500000000000000     
               (61.389753591817652,19.930488292519371)               (61.400261609366012,20.007691788106928)
           (-0.16435630199254581,-0.16635121695037169) (-1.04160100137404530E-008,-1.23154826794555647E-008) (-1.04160012788780448E-008,-1.23154826643185781E-008)             (0.13033308212521441,0.18430835971087386)
   17.300770000000000        1.2500000000000000     
               (61.898935387915522,20.159146406687807)               (61.909398900609972,20.236793534513339)
           (-0.15752125679443038,-0.15648555762829733) (-9.84852120963728010E-009,-1.15554573450525096E-008) (-9.84851268846496757E-009,-1.15554572932335552E-008)             (0.12150260961736931,0.17072257857117404)
   17.350764999999999        1.2500000000000000     
               (62.410718216491226,20.389725542032718)               (62.421146584671661,20.467816557941340)
           (-0.14985994314164061,-0.14583937574920047) (-9.23421534909364843E-009,-1.07312540443054779E-008) (-9.23420712629124756E-009,-1.07312539492596065E-008)             (0.11225424558429904,0.15613012931281209)
   17.400759999999998        1.2500000000000000     
               (62.925104945028906,20.622239780378408)               (62.935507789348620,20.700776524902992)
           (-0.14139231372308386,-0.13446696860643567) (-8.57572131304984850E-009,-9.84769277142972882E-009) (-8.57571347530834090E-009,-9.84769262884472385E-009)             (0.10263314249996576,0.14063060914005793)
   17.450755000000001        1.2500000000000000     
               (63.442097277682819,20.856702233410111)               (63.452483620240834,20.935688469320645)
           (-0.13214395572645446,-0.12242554162265105) (-7.87587895668271687E-009,-8.90981471296448168E-009) (-7.87587170009505230E-009,-8.90981451383320324E-009)        (9.26851987233827251E-002,0.12432892798149826)
   17.500750000000000        1.2500000000000000     
               (63.961696379568870,21.093126113461331)               (63.972076141465060,21.172567835420242)
           (-0.12214284097224927,-0.10977329229801473) (-7.13747503781331236E-009,-7.92293558513600133E-009) (-7.13746851799145636E-009,-7.92293531991436673E-009)        (8.24540568124086382E-002,0.10733316498130557)
   17.550744999999999        1.2500000000000000     
               (64.483904154208687,21.331524576206501)               (64.494284661419471,21.411429012996805)
      (-0.11142208570346990,-9.65705107378713457E-002) (-6.36359249954120667E-009,-6.89252571214352782E-009) (-6.36358707076681827E-009,-6.89252537040828708E-009)   (7.19820138208355775E-002,8.97561336580205704E-002)
   17.600739999999998        1.2500000000000000     
               (65.008721026011870,21.571909950901077)               (65.019109816610111,21.652286490504075)
      (-0.10001856379673076,-8.28784940281768745E-002) (-5.55733949318532423E-009,-5.82431532403891018E-009) (-5.55733531357819944E-009,-5.82431489888247737E-009)   (6.13101180064039367E-002,7.17114618724633418E-002)
   17.650735000000001        1.2500000000000000     
               (65.536147205781489,21.814294550817607)               (65.546549610246984,21.895153740096308)
 (-8.79747023654078725E-002,-6.87593021002639998E-002) (-4.72212794801177077E-009,-4.72412021691931032E-009) (-4.72212521775715014E-009,-4.72411969300313720E-009)   (5.04783881742410651E-002,5.33154619223639437E-002)
   17.700730000000000        1.2500000000000000     
               (66.066182396263343,22.058690425773570)               (66.076602667805545,22.140043856518279)
 (-7.53364686067242856E-002,-5.42762678489573727E-002) (-3.86148395776837925E-009,-3.59784514274062825E-009) (-3.86148308081030970E-009,-3.59784449462496864E-009)   (3.95254660848997769E-002,3.46842219928259823E-002)
   17.750724999999999        1.2500000000000000     
               (66.598826148404711,22.305108365081225)               (66.609266180867479,22.386968989904783)
 (-6.21552032147124414E-002,-3.94926989565511227E-002) (-2.97888780756268813E-009,-2.45145524320469914E-009) (-2.97888932080587545E-009,-2.45145446600711078E-009)   (2.84876571356506882E-002,1.59338288409302253E-002)
   17.800719999999998        1.2500000000000000     
               (67.134078354495983,22.553559190808826)               (67.144538518960928,22.635940109470070)
 (-4.84854454033804907E-002,-2.44724732141323627E-002) (-2.07794093239130902E-009,-1.29097411385038456E-009) (-2.07794583222429123E-009,-1.29097320019901813E-009)  (1.74006305876835063E-002,-2.82077824827688464E-003)
   17.850715000000001        1.2500000000000000     
               (67.671938572389521,22.804053383806473)               (67.682416726140445,22.886967834767496)
 (-3.43868442362980017E-002,-9.27962341212385661E-003) (-1.16258297632365281E-009,-1.22428526532276041E-010) (-1.16259034014375580E-009,-1.22427442643671338E-010)  (6.29838038303572219E-003,-2.14669876147489565E-002)
   17.900710000000000        1.2500000000000000     
               (68.212406651491705,23.056600813384939)               (68.222897695162786,23.140061852376277)
  (-1.99237702466057778E-002,6.02178264047289503E-003)  (-2.36812812716871194E-010,1.04811487380516047E-009)  (-2.36823983422965773E-010,1.04811614501850836E-009) (-4.78528455397011880E-003,-3.98940038751565210E-002)
   17.950704999999999        1.2500000000000000     
               (68.755481759255503,23.311210513287449)               (68.765979713268962,23.395230627892563)
  (-5.16529242164595094E-003,2.13674407624344538E-002)   (6.95386337132552605E-010,2.21481890233101200E-009)   (6.95371083450926690E-010,2.21482039740655731E-009) (-1.58186967736386741E-002,-5.79953486473562541E-002)
   18.000699999999998        1.2500000000000000     
               (69.301162694247182,23.567891538293992)               (69.311659792504500,23.652481667800618)
   (9.81857036809877931E-003,3.66936783140059328E-002)   (1.63006754638549161E-009,3.37175143676166469E-009)   (1.63004712377857940E-009,3.37175315846931931E-009) (-2.67710352702794051E-002,-7.56686867561662257E-002)
   18.050695000000001        1.2500000000000000     
               (69.849450294364189,23.826652263409997)               (69.859936073841453,23.911822374689798)
   (2.49501437500056662E-002,5.19373157655153087E-002)   (2.56283853944347115E-009,4.51315496053228250E-009)   (2.56281215413130231E-009,4.51315693353398475E-009) (-3.76111513253558072E-002,-9.28160645250389604E-002)
   18.100690000000000        1.2500000000000000     
               (70.400344629795427,24.087500370511059)               (70.410807275792934,24.173258708519160)
   (4.01517639861486836E-002,6.70346959995084396E-002)   (3.48942011670244309E-009,5.63351347424024059E-009)   (3.48938680620611228E-009,5.63351577595419182E-009)      (-4.83085607175949006E-002,-0.10934526570750018)
   18.150684999999999        1.2500000000000000     
               (70.953845952587116,24.350444076924912)               (70.964272700853783,24.436796548764441)
   (5.53402667778298413E-002,8.19233892049375800E-002)   (4.40540875220880468E-009,6.72724240612000905E-009)   (4.40536800511636215E-009,6.72724502740216184E-009)      (-5.88344780302594017E-002,-0.12516938598806138)
   18.200679999999998        1.2500000000000000     
               (71.509954618929555,24.615490291805539)               (71.520332521308376,24.702441142717845)
   (7.04311934142221180E-002,9.65408976667453123E-002)   (5.30657791955642515E-009,7.78903833716964216E-009)   (5.30652833344875801E-009,7.78904134479058384E-009)      (-6.91582822974759481E-002,-0.14020840511986024)
   18.250675000000001        1.2500000000000000     
               (72.068675157610954,24.882646596868597)               (72.078989632491627,24.970196989247246)
        (8.53354141773776942E-002,0.11082559597177807)   (6.18820368892547862E-009,8.81390648268430929E-009)   (6.18819181103100072E-009,8.81390672089482753E-009)      (-7.92515744905690628E-002,-0.15438855298828688)
   18.300670000000000        1.2500000000000000     
               (72.630003949252014,25.151919605888896)               (72.640241031925811,25.240069209101513)
        (9.99693029869925254E-002,0.12471625538689970)   (7.04637760326668790E-009,9.79689156905584843E-009)   (7.04636530495948925E-009,9.79689178679422388E-009)      (-8.90819569837551645E-002,-0.16764316662413853)
   18.350664999999999        1.2500000000000000     
               (73.193944935165703,25.423316343465061)               (73.204092622844087,25.512061733282344)
             (0.11424035662547444,0.13815241921954738)   (7.87614905291791854E-009,1.07332558497558069E-008)   (7.87613687646753493E-009,1.07332560432527049E-008)      (-9.86190179320381027E-002,-0.17991251790435792)
   18.400659999999998        1.2500000000000000     
               (73.760501172707265,25.696843638873581)               (73.770547210358970,25.786179792180935)
             (0.12805919331078100,0.15107447814493341)   (8.67332909298753168E-009,1.16186741308596950E-008)   (8.67331694965742341E-009,1.16186742864965446E-008)           (-0.10783253155631323,-0.19114470263201389)
   18.450655000000001        1.2500000000000000     
               (74.329675262905710,25.972508151511892)               (74.339608809797113,26.062427891239238)
             (0.14133555282472091,0.16342328247328156)   (9.43352736336378375E-009,1.24488968101539511E-008)   (9.43351554300783457E-009,1.24488969391989044E-008)           (-0.11668985162681156,-0.20129416575937123)
   18.500650000000000        1.2500000000000000     
               (74.901471138628011,26.250317022323021)               (74.911283283946347,26.340811459724872)
             (0.15398022838588565,0.17514115706286393)   (1.01525539734538436E-008,1.32200063191057932E-008)   (1.01525423435497189E-008,1.32200063882797265E-008)           (-0.12515903271829984,-0.21032371617089640)
   18.550644999999999        1.2500000000000000     
               (75.475892099634734,26.530277547372815)               (75.485575635836071,26.621336601431175)
             (0.16590465403600171,0.18617080931245250)   (1.08259421640936532E-008,1.39283411881688790E-008)   (1.08259309745492639E-008,1.39283412044727578E-008)           (-0.13320523624335101,-0.21820271589153922)
   18.600639999999999        1.2500000000000000     
               (76.052942065130438,26.812396587339496)               (76.062492170319956,26.904008926728501)
             (0.17702446507788541,0.19645625380339113)   (1.14498696065571316E-008,1.45705303791356341E-008)   (1.14498593558169845E-008,1.45705303187309849E-008)           (-0.14079515078357160,-0.22490832564997187)
   18.650635000000001        1.2500000000000000     
               (76.632626826192279,27.096682310655378)               (76.642041254053652,27.188836161579349)
             (0.18725607296764663,0.20594315450163755)   (1.20202364695118932E-008,1.51434781713161248E-008)   (1.20202268808747908E-008,1.51434780263853465E-008)           (-0.14789352938526606,-0.23042417941585422)
   18.700630000000000        1.2500000000000000     
               (77.214951194156498,27.383142176263625)               (77.224229544826656,27.475826035886648)
             (0.19652048995005297,0.21457852436859370)   (1.25333137636289259E-008,1.56443390501912614E-008)   (1.25333053914189989E-008,1.56443388060294483E-008)           (-0.15446423860549272,-0.23474136842549345)
   18.750624999999999        1.2500000000000000     
               (77.799919702651295,27.671784988537862)               (77.809063830248874,27.764987252278278)
             (0.20474299861192058,0.22231020079371569)   (1.29855337438431151E-008,1.60706300706327903E-008)   (1.29855269661062043E-008,1.60706297177584244E-008)           (-0.16047125526437872,-0.23785603982912806)
   18.800620000000002        1.2500000000000000     
               (78.387537838416492,27.962619451495335)               (78.396553923775627,28.056329797954422)
             (0.21185293205573272,0.22908899545495812)   (1.33736485219016995E-008,1.64200526589478197E-008)   (1.33736437457075986E-008,1.64200521782343974E-008)           (-0.16587640299921230,-0.23977208541903391)
   18.850615000000001        1.2500000000000000     
               (78.977811787593382,28.255654928392982)               (78.986706042332983,28.349863719082833)
             (0.21778694092963444,0.23486754053976849)   (1.36944465430860102E-008,1.66907769593851693E-008)   (1.36944441688017179E-008,1.66907763294763034E-008)           (-0.17064463434491614,-0.24049826152235612)
   18.900610000000000        1.2500000000000000     
               (79.570747190248383,28.550901070704189)               (79.579528619521724,28.645601062493121)
             (0.22248612306232532,0.23960029101249411)   (1.39450933864217030E-008,1.68810970557765094E-008)   (1.39450938521784474E-008,1.68810962638183888E-008)           (-0.17473833500423150,-0.24004904646922154)
   18.950604999999999        1.2500000000000000     
               (80.166350002894490,28.848368492889591)               (80.175028959768085,28.943553574568437)
             (0.22590112303775906,0.24324505834574278)   (1.41232183790408648E-008,1.69897894706527065E-008)   (1.41232220610555177E-008,1.69897884864495564E-008)           (-0.17812135746649430,-0.23844416763294590)
   19.000600000000002        1.2500000000000000     
               (80.764626170607428,29.148067695416984)               (80.773213597874019,29.243734865095519)
             (0.22798796546868991,0.24576248012257909)   (1.42267437477238463E-008,1.70158232012020802E-008)   (1.42267516380763834E-008,1.70158220126916947E-008)           (-0.18075701047510892,-0.23570748730386623)
   19.050595000000001        1.2500000000000000     
               (81.365580777227578,29.450010535987868)               (81.374088651565600,29.546158530095518)
             (0.22871214554607355,0.24711615674504300)   (1.42537874476630467E-008,1.69585710783382015E-008)   (1.42537999847730977E-008,1.69585696248130510E-008)           (-0.18261193503363293,-0.23186723498166051)
   19.100590000000000        1.2500000000000000     
               (81.969219637477153,29.754208869594525)               (81.977661274547884,29.850839183543659)
             (0.22804760331618726,0.24727432261834792)   (1.42029978863794199E-008,1.68175991708154898E-008)   (1.42030161200626653E-008,1.68175974313353018E-008)           (-0.18365288061919147,-0.22695605262216723)
   19.150585000000000        1.2500000000000000     
               (82.575549284785552,30.060675044108990)               (82.583935314400946,30.157791587827798)
             (0.22597690749856825,0.24620806159206163)   (1.40735487293438841E-008,1.65929929093074506E-008)   (1.40735734808524535E-008,1.65929908784856680E-008)           (-0.18384898090824692,-0.22100844484247376)
   19.200580000000002        1.2500000000000000     
               (83.184572339190964,30.369422467973106)               (83.192914831339621,30.467031333506657)
             (0.22249263482776144,0.24389373915775103)   (1.38647970580905140E-008,1.62849024700518865E-008)   (1.38648288702499716E-008,1.62849000655810308E-008)           (-0.18317215151651159,-0.21406339388969239)
   19.250575000000001        1.2500000000000000     
               (83.796294576935082,30.680464103447108)               (83.804603710506200,30.778574010129361)
             (0.21759746928146587,0.24031299182729859)   (1.35766564537503693E-008,1.58941624471632929E-008)   (1.35766967607479430E-008,1.58941596411537487E-008)           (-0.18159575008352258,-0.20616180763728206)
   19.300570000000000        1.2500000000000000     
               (84.410720505092911,30.993814204085108)               (84.419004337721958,31.092435352452824)
             (0.21130395970924296,0.23545175883802580)   (1.32096280176404283E-008,1.54215366701754110E-008)   (1.32096777831788624E-008,1.54215334199128422E-008)           (-0.17909932005255466,-0.19734648618506587)
   19.350565000000000        1.2500000000000000     
               (85.027855691857411,31.309486652791335)               (85.036119376918037,31.408631010491000)
             (0.20363820911095035,0.22930246228449278)   (1.27647358448108527E-008,1.48685003352930457E-008)   (1.27647516217073905E-008,1.48684997126368730E-008)           (-0.17566318155422861,-0.18766318589738604)
   19.400560000000002        1.2500000000000000     
               (85.647698142264460,31.627495537171949)               (85.655948202169057,31.727177166553219)
             (0.19462728194950268,0.22186357171990861)   (1.22430353787237952E-008,1.42366119013816422E-008)   (1.22430513390647300E-008,1.42366113164316704E-008)           (-0.17127547138574217,-0.17715802253469790)
   19.450555000000001        1.2500000000000000     
               (86.270252195186984,31.947856350935101)               (86.278489691549737,32.048088402411118)
             (0.18431683587639194,0.21313941900278743)   (1.16467215027832582E-008,1.35279012284494697E-008)   (1.16467379067600004E-008,1.35279006629100239E-008)           (-0.16592700705449667,-0.16587877266132814)
   19.500550000000000        1.2500000000000000     
               (86.895519050984390,32.270583202871229)               (86.903744967219524,32.371380145638675)
             (0.17276168867008132,0.20314228197498643)   (1.09780205333223347E-008,1.27447045336291728E-008)   (1.09780367847375872E-008,1.27447039830766267E-008)           (-0.15961374367800332,-0.15387489408981667)
   19.550545000000000        1.2500000000000000     
               (87.523500247463915,32.595690831756500)               (87.531711927430266,32.697066841608503)
             (0.16002479676169512,0.19189056384893732)   (1.02400082953248715E-008,1.18897452380793149E-008)   (1.02400248970371043E-008,1.18897447129695060E-008)           (-0.15233887437276822,-0.14119592030081096)
   19.600540000000002        1.2500000000000000     
               (88.154197129977348,32.923193435462665)               (88.162388804970064,33.025162328110511)
             (0.14617864328072588,0.17941054069796125)   (9.43593940903918799E-009,1.09659949168808972E-008)   (9.43595577960325313E-009,1.09659944264592680E-008)           (-0.14411092440862275,-0.12789220982458843)
   19.650535000000001        1.2500000000000000     
               (88.787607730400580,33.253106063351304)               (88.795772753207402,33.355680173800842)
             (0.13130561812983599,0.16573631829868785)   (8.56965877738142649E-009,9.97686121175134570E-009)   (8.56967485319665409E-009,9.97686077196000584E-009)           (-0.13494396466959571,-0.11401534812678317)
   19.700530000000001        1.2500000000000000     
               (89.423732096198108,33.585442140579367)               (89.431860644341498,33.688632346661933)
             (0.11549737316579270,0.15091034556623062)   (7.64578920786838195E-009,8.92604891583299365E-009)   (7.64580429060470717E-009,8.92604853680490726E-009)      (-0.12486168169341280,-9.96161203938902423E-002)
   19.750525000000000        1.2500000000000000     
               (90.062567802762075,33.920215395395452)               (90.070649941235686,34.024031294626568)
        (9.88519234138350716E-002,0.13498196835872503)   (6.66894991954888079E-009,7.81771886186581967E-009)   (6.66896457980083541E-009,7.81771856306939549E-009)      (-0.11389208195290672,-8.47473805777741590E-002)
   19.800520000000002        1.2500000000000000     
               (90.704113303030198,34.257439534882792)               (90.712136658406791,34.361888141617051)
        (8.14766769589068685E-002,0.11801022006068775)   (5.64452400830546731E-009,6.65623065148999142E-009)   (5.64453750169394850E-009,6.65623043865260072E-009)      (-0.10207176432479687,-6.94612837713919351E-002)
   19.850515000000001        1.2500000000000000     
               (91.348366121666672,34.597126459619204)               (91.356318018071647,34.702212834632988)
        (6.34846383505171669E-002,0.10006125571563491)   (4.57820602727784326E-009,5.44639157829733624E-009)   (4.57821800008609184E-009,5.44639147021667911E-009) (-8.94440826597485278E-002,-5.38106237588668671E-002)
   19.900510000000001        1.2500000000000000     
               (91.995323586455498,34.939288569355163)               (92.003190669595796,35.045015192761845)
   (4.49937984720327130E-002,8.12094892845268979E-002)   (3.47573894066421700E-009,4.19321929221934591E-009)   (3.47574886968983234E-009,4.19321932409935656E-009) (-7.60594835721303125E-002,-3.78486731352173436E-002)
   19.950505000000000        1.2500000000000000     
               (92.644982354177159,35.283937062140105)               (92.652751178746698,35.390304249264851)
   (2.61295269214174702E-002,6.15382705131265889E-002)   (2.34380739133648704E-009,2.90213994383387648E-009)   (2.34381527137466923E-009,2.90214012101810774E-009) (-6.19769721653634434E-002,-2.16293340097538957E-002)
   20.000500000000002        1.2500000000000000     
               (93.297339175038786,35.631082280062458)               (93.304998288179306,35.738088292047557)
   (7.01763915440368514E-003,4.11380977365767564E-002)   (1.18895229155290295E-009,1.57886150039923885E-009)   (1.18895702036096855E-009,1.57886186232497793E-009) (-4.72620953007973077E-002,-5.20734071792182743E-003)
   20.050495000000002        1.2500000000000000     
               (93.952390673401439,35.980734532153456)               (93.959928048961473,36.088375504666480)
  (-1.22087635335653127E-002,2.01069862971468005E-002)   (1.82294569611525365E-011,2.29333974784842204E-010)   (1.82310965169381525E-011,2.29334538723051078E-010)  (-3.19886148334178125E-002,1.13628556893842197E-002)
   20.100490000000001        1.2500000000000000     
               (94.610133290737679,36.332902444934049)               (94.617539617419723,36.441172441389135)
 (-3.14182235544171740E-002,-1.44930415853571624E-003) (-1.16135974632150727E-009,-1.14014383848333674E-009) (-1.16136214362634288E-009,-1.14014304714048366E-009)  (-1.62338513846151875E-002,2.80245666613739425E-002)
   20.150485000000000        1.2500000000000000     
               (95.270565893714135,36.687594691541733)               (95.277831738134523,36.796486622633239)
 (-5.04771896600018782E-002,-2.34183327803679231E-002) (-2.34232666207057052E-009,-2.52309100645350114E-009) (-2.34233385315846851E-009,-2.52308993172149615E-009)  (-8.43737615490673784E-005,4.47208191807726418E-002)
   20.200480000000002        1.2500000000000000     
               (95.933683222446462,37.044819005842228)               (95.940803367364055,37.154324823289407)
 (-6.92504903661586846E-002,-4.56814598838816074E-002) (-3.51719068948551341E-009,-3.91263983236147214E-009) (-3.51720396189349674E-009,-3.91263845082260689E-009)   (1.63670749727603260E-002,6.13939036077613340E-002)
   20.250475000000002        1.2500000000000000     
               (96.599485733228320,37.404582276170402)               (96.606454044606707,37.514692565483443)
 (-8.76072238821477972E-002,-6.81148455275883830E-002) (-4.67856128562278455E-009,-5.30201855566436679E-009) (-4.67858123490961812E-009,-5.30201683722808204E-009)   (3.30235171470226671E-002,7.79848584592826855E-002)
   20.300470000000001        1.2500000000000000     
               (97.267969731167540,37.766891398534369)               (97.274785891507705,37.877596652007490)
      (-0.10541808269113910,-9.05876757139258970E-002) (-5.81912422595087075E-009,-6.68389059736803573E-009) (-5.81915183208275123E-009,-6.68388844689895084E-009)   (4.97833038390486649E-002,9.44327996634397038E-002)
   20.350465000000000        1.2500000000000000     
               (97.939134400320015,38.131752243755102)               (97.945797329919316,38.243043665771935)
           (-0.12255559790025290,-0.11296728508336379) (-6.93089595754250091E-009,-8.05118859054612068E-009) (-6.93093275360253723E-009,-8.05118614704358143E-009)        (6.65399932440823433E-002,0.11067636794584911)
   20.400459999999999        1.2500000000000000     
               (98.612981468347300,38.499170907896030)               (98.619492931202871,38.611040032025429)
           (-0.13889825835553882,-0.13511568606281801) (-8.00695123066453441E-009,-9.39636247457851133E-009) (-8.00699845717143803E-009,-9.39635937205656404E-009)        (8.31819955399186461E-002,0.12665229929798422)
   20.450454999999998        1.2500000000000000     
               (99.289509175582978,38.869152535219634)               (99.295872894650358,38.981591495846878)
           (-0.15432933571725388,-0.15689334474000086) (-9.03980506701046317E-009,-1.07119845732481356E-008) (-9.03986376027113372E-009,-1.07119809094790025E-008)        (9.95982088033917218E-002,0.14229621957168731)
   20.500450000000001        1.2500000000000000     
               (99.968723607206769,39.241702980573599)               (99.974942103147754,39.354705616923212)
           (-0.16874395605564149,-0.17815797880006712) (-1.00226930354395487E-008,-1.19905884365381566E-008) (-1.00227138430910984E-008,-1.19905873026530946E-008)             (0.11567240896995863,0.15754263794740647)
   20.550445000000000        1.2500000000000000     
               (100.65061920800679,39.616827754140964)               (100.65670230925758,39.730389394424385)
           (-0.18203225927514408,-0.19876761361963705) (-1.09484623239268196E-008,-1.32246377021498850E-008) (-1.09484836737619056E-008,-1.32246365444433366E-008)             (0.13129100160272714,0.17232348957373997)
   20.600439999999999        1.2500000000000000     
               (101.33520247711991,39.994532919622038)               (101.34115693201858,40.108650543416282)
           (-0.19410344436806545,-0.21857998284562571) (-1.18109353413301603E-008,-1.44066882986067527E-008) (-1.18109568291154160E-008,-1.44066871287091584E-008)             (0.14633839588055200,0.18657117383142421)
   20.650434999999998        1.2500000000000000     
               (102.02247700064734,40.374823851847417)               (102.02831137866006,40.489497018449171)
           (-0.20487315790289021,-0.23745393016324473) (-1.26038517197529760E-008,-1.55293659208087297E-008) (-1.26038735925145227E-008,-1.55293647539483970E-008)             (0.16069844124343413,0.20021571852570982)
   20.700430000000001        1.2500000000000000     
               (102.71244660445252,40.757707807812658)               (102.71816870933303,40.872936783665111)
           (-0.21426555530284927,-0.25525124355082168) (-1.33221343063023684E-008,-1.65853554433774440E-008) (-1.33221561567967291E-008,-1.65853542827122211E-008)             (0.17425988087601688,0.21318692290239832)
   20.750425000000000        1.2500000000000000     
               (103.40511774016025,41.143191594641898)               (103.41073555243020,41.258979535495769)
           (-0.22221835143062418,-0.27183719993345085) (-1.39601032270875780E-008,-1.75677157819447889E-008) (-1.39601249280313749E-008,-1.75677146311361839E-008)             (0.18691300241238937,0.22541336190259081)
   20.800419999999999        1.2500000000000000     
               (104.10049419470336,41.531282738539446)               (104.10601453931777,41.647634968423226)
           (-0.22867673120756360,-0.28708188987475930) (-1.45131763936633885E-008,-1.84695667878382382E-008) (-1.45131977399890036E-008,-1.84695656753415224E-008)             (0.19855099264621642,0.23682365173830572)
   20.850414999999998        1.2500000000000000     
               (104.79858354938928,41.921990357169463)               (104.80401310799569,42.038912431835080)
           (-0.23359972928502487,-0.30086042078131675) (-1.49774647538831737E-008,-1.92843264670339863E-008) (-1.49774855998555693E-008,-1.92843253819580861E-008)             (0.20907451983110170,0.24734613442631864)
   20.900410000000001        1.2500000000000000     
               (105.49939050005905,42.315323810692362)               (105.50473283432521,42.432823626767103)
           (-0.23695790940951822,-0.31305563077506127) (-1.53491942196559915E-008,-2.00057670311485604E-008) (-1.53492140544449578E-008,-2.00057660179716590E-008)             (0.21838904835450615,0.25690886859813189)
   20.950405000000000        1.2500000000000000     
               (106.20292234009368,42.711293341092343)               (106.20818177475439,42.829379096547925)
           (-0.23873193643957391,-0.32355837709585339) (-1.56255694305948587E-008,-2.06281294889889665E-008) (-1.56255875819411133E-008,-2.06281285179054302E-008)             (0.22640640538476950,0.26544223564507574)
   21.000399999999999        1.2500000000000000     
               (106.90918530441182,43.109910051154309)               (106.91436204320424,43.228591335454020)
           (-0.23891761732670821,-0.33226761984346198) (-1.58045940826998545E-008,-2.11459201570937584E-008) (-1.58046106396993356E-008,-2.11459193282124791E-008)             (0.23304750392619913,0.27287577923834549)
   21.050394999999998        1.2500000000000000     
               (107.61818490826184,43.511186761254208)               (107.62327914023396,43.630472757612672)
           (-0.23752105755973901,-0.33909323172974876) (-1.58844135712047920E-008,-2.15542568393434014E-008) (-1.58844283231704119E-008,-2.15542561522536705E-008)             (0.23824137354882913,0.27914264717457010)
   21.100390000000001        1.2500000000000000     
               (108.32992786122617,43.915135785363375)               (108.33493756908116,44.035036058604135)
           (-0.23456151995852384,-0.34395582544192044) (-1.58641530678102630E-008,-2.18486516589124426E-008) (-1.58641644975868165E-008,-2.18486511237279891E-008)             (0.24192746319344016,0.28417672700241331)
   21.150385000000000        1.2500000000000000     
               (109.04441901657765,44.321772121570021)               (109.04934038790903,44.442294523434981)
           (-0.23006940031855333,-0.34678797330590594) (-1.57439090422859719E-008,-2.20252569040567133E-008) (-1.57439169577131592E-008,-2.20252565600337358E-008)             (0.24405521562300234,0.28791606360362709)
   21.200379999999999        1.2500000000000000     
               (109.76166322536513,44.731109090644118)               (109.76649148282868,44.852262452225006)
           (-0.22408703110883643,-0.34753394482495575) (-1.55239114328848850E-008,-2.20808281393641067E-008) (-1.55239158853003737E-008,-2.20808280326039251E-008)             (0.24458447311901454,0.29030194241133511)
   21.250374999999998        1.2500000000000000     
               (110.48166589496418,45.143163166265929)               (110.48639285032058,45.264953342558286)
           (-0.21666882899622575,-0.34615322170421758) (-1.52056345251315585E-008,-2.20127696833514791E-008) (-1.52056335829510760E-008,-2.20127698315846867E-008)             (0.24348787330092489,0.29127992577928752)
   21.300370000000001        1.2500000000000000     
               (111.20442853174180,45.557949528276581)               (111.20904741558253,45.680382305735193)
           (-0.20787786678087172,-0.34261749500388561) (-1.47909714889077139E-008,-2.18191888269188252E-008) (-1.47909648100375524E-008,-2.18191892990698925E-008)             (0.24074992503186241,0.29080003459052073)
   21.350365000000000        1.2500000000000000     
               (111.92995514038930,45.975485430359782)               (111.93445705688428,46.098563746649248)
           (-0.19778905435194716,-0.33691380873581267) (-1.42823038817943827E-008,-2.14988570318593016E-008) (-1.42822905145680982E-008,-2.14988578417195991E-008)             (0.23636834658828326,0.28881848000286525)
   21.400359999999999        1.2500000000000000     
               (112.65824538987459,46.395786290830571)               (112.66262301355681,46.519512850466498)
           (-0.18648571233924111,-0.32904454916511172) (-1.36833598456073175E-008,-2.10512284747006208E-008) (-1.36833387465778335E-008,-2.10512297091062955E-008)             (0.23035207396075494,0.28529771103539497)
   21.450354999999998        1.2500000000000000     
               (113.38930160754006,46.818869642867938)               (113.39354555461142,46.943244111816185)
           (-0.17406078961397395,-0.31902575946335821) (-1.29979458148294534E-008,-2.04766567365317105E-008) (-1.29979154737448584E-008,-2.04766584387106057E-008)             (0.22272513925958748,0.28020750425240021)
   21.500350000000001        1.2500000000000000     
               (114.12312214006583,47.244751975657344)               (114.12722542200248,47.369772983730876)
           (-0.16061365259963939,-0.30689061718553501) (-1.22304537127062205E-008,-1.97762418991481666E-008) (-1.22304126623455922E-008,-1.97762441674033759E-008)             (0.21352276340255655,0.27352472704413766)
   21.550345000000000        1.2500000000000000     
               (114.85970623071535,47.673449589769184)               (114.86366103008697,47.799114176558575)
           (-0.14625049370654680,-0.29268713117373457) (-1.13864823296401247E-008,-1.89518310158821711E-008) (-1.13864275544423586E-008,-1.89518338530130458E-008)             (0.20279486666011701,0.26523540509219390)
   21.600339999999999        1.2500000000000000     
               (115.59905547259672,48.104978567765812)               (115.60285329264053,48.231283049008383)
           (-0.13108190036372069,-0.27647860664904589) (-1.04711849328921233E-008,-1.80062238159822522E-008) (-1.04711591598210709E-008,-1.80062256946746410E-008)             (0.19060497627429926,0.25533372899643914)
   21.650334999999998        1.2500000000000000     
               (116.34115872788439,48.539355060561689)               (116.34479670670748,48.666293571070149)
           (-0.11523085086418025,-0.25834277479729600) (-9.49120883368994218E-009,-1.69429083627661444E-008) (-9.49118242676610944E-009,-1.69429103110725117E-008)             (0.17702392627564889,0.24382494527648482)
   21.700330000000001        1.2500000000000000     
               (117.08601540990891,48.976593305979890)               (117.08949231495653,49.104160332479729)
      (-9.88155345155260767E-002,-0.23837324423747985) (-8.45331809045140104E-009,-1.57660162969993401E-008) (-8.45329097017611694E-009,-1.57660183173829305E-008)             (0.16214077715457037,0.23072277464480490)
   21.750325000000000        1.2500000000000000     
               (117.83362156479077,49.416708321187770)               (117.83693484489756,49.544898034413208)
      (-8.19596129923056971E-002,-0.21667790967254941) (-7.36447029724007880E-009,-1.44809620892606879E-008) (-7.36444281015168028E-009,-1.44809641696733230E-008)             (0.14605265406575071,0.21605303488278207)
   21.800319999999999        1.2500000000000000     
               (118.58397207497454,49.859713304970171)               (118.58712141015501,49.988519514922373)
      (-6.47881881579440572E-002,-0.19337750608180951) (-6.23197717941801523E-009,-1.30934723896929195E-008) (-6.23194940137239395E-009,-1.30934745191701051E-008)             (0.12886830909963240,0.19985093231399595)
   21.850314999999998        1.2500000000000000     
               (119.33706075573907,50.305620721767212)               (119.34005026545076,50.435037916405520)
      (-4.74274096739461873E-002,-0.16860665266623215) (-5.06390247746874517E-009,-1.16102942657138489E-008) (-5.06387442764599524E-009,-1.16102965194242253E-008)             (0.11070652758728459,0.18216459605650479)
   21.900310000000001        1.2500000000000000     
               (120.09288259481117,50.754442286370846)               (120.09571434283694,50.884465659198732)
      (-3.00011180614131526E-002,-0.14251163581163426) (-3.86802528715641800E-009,-1.00388850761319594E-008) (-3.86799741483677498E-009,-1.00388872806556438E-008)        (9.16948974891980823E-002,0.16305315177593435)
   21.950305000000000        1.2500000000000000     
               (120.85143116254930,51.206188194771720)               (120.85411099979170,51.336815107583050)
      (-1.26336202231002673E-002,-0.11525034433244838) (-2.65271135050867808E-009,-8.38722733807065906E-009) (-2.65268391298838955E-009,-8.38722956116541011E-009)        (7.19686610110289865E-002,0.14258639505565163)
   22.000299999999999        1.2500000000000000     
               (121.61270150237662,51.660869017996347)               (121.61523521573332,51.792097214681803)
  (4.55536263815896087E-003,-8.69896992306057187E-002) (-1.42573890477132206E-009,-6.66416227005211181E-009) (-1.42571200834868620E-009,-6.66416449815074640E-009)        (5.16717949291424505E-002,0.12084737017200319)
   22.050295000000002        1.2500000000000000     
               (122.37668759854323,52.118493768236235)               (122.37908240801866,52.250322793952265)
  (2.14477353903967313E-002,-5.79074350771353885E-002) (-1.95899584669531758E-010,-4.87923161094204731E-009) (-1.95873729289537841E-010,-4.87923382334394873E-009)   (3.09512572554723857E-002,9.79289569529082915E-002)
   22.100290000000001        1.2500000000000000     
               (123.14338557425329,52.579069832424501)               (123.14564756586434,52.711501325423562)
  (3.79331402546095320E-002,-2.81875154130777697E-002)  (1.02857583978503071E-009,-3.04216234543700135E-009)  (1.02860030349883775E-009,-3.04216450357362865E-009)   (9.96145732720749542E-003,7.39370787487991094E-002)
   22.150285000000000        1.2500000000000000     
               (123.91278916873048,53.042604940351559)               (123.91492632018304,53.175642517260535)
   (5.39020493644828749E-002,1.97989840350598027E-003)  (2.23942380495136509E-009,-1.16352278280736426E-009)  (2.23944633062166484E-009,-1.16352483572423846E-009)  (-1.11423537981140599E-002,4.89873962182451050E-002)
   22.200279999999999        1.2500000000000000     
               (124.68489519729734,53.509106470090003)               (124.68691333024341,53.642754697452602)
   (6.92565496353143850E-002,3.23984606575336148E-002)   (3.42877789538675621E-009,7.45690967220169715E-010)   (3.42879785561867655E-009,7.45688986658467002E-010)  (-3.22034905823015832E-002,2.32066697754373281E-002)
   22.250275000000002        1.2500000000000000     
               (125.45970118980273,53.978579070791959)               (125.46160679155324,54.112846248112440)
   (8.39025654439776170E-002,6.28686898911474390E-002)   (4.58861734519892151E-009,2.67433597833647689E-009)   (4.58863412140543141E-009,2.67433409673617637E-009) (-5.30601885232859366E-002,-3.26813689194060389E-003)
   22.300270000000001        1.2500000000000000     
               (126.23720379804107,54.451029970024479)               (126.23900010078627,54.585923865499879)
   (9.77554242750127839E-002,9.31900326700671605E-002)   (5.71136937791706867E-009,4.61069870173431465E-009)   (5.71138199973994186E-009,4.61069693912449821E-009) (-7.35576061709077161E-002,-3.02906707278395304E-002)
   22.350265000000000        1.2500000000000000     
               (127.01740166727438,54.926464002813312)               (127.01909160370225,55.061994644027742)
             (0.11073526931785471,0.12316054452586285)   (6.78979041547695386E-009,6.54297706722937928E-009)   (6.78979774667374294E-009,6.54297561006723714E-009) (-9.35384292608612972E-002,-5.77062624815581002E-002)
   22.400259999999999        1.2500000000000000     
               (127.80029397536741,55.404887173825060)               (127.80187867319910,55.541065055416475)
             (0.12277608865401157,0.15257964730843307)   (7.81709546990891346E-009,8.45931536806442875E-009)   (7.81709805099476288E-009,8.45931416326683210E-009)      (-0.11285159110617905,-8.53526223505582105E-002)
   22.450255000000002        1.2500000000000000     
               (128.58588120911406,55.886303960567595)               (128.58735928391047,56.023140950637625)
             (0.13381676161922473,0.18124873730538282)   (8.78660254366440141E-009,1.03473752570072964E-008)   (8.78659802048789936E-009,1.03473743682079122E-008)           (-0.13134929322186478,-0.11306036669588571)
   22.500250000000001        1.2500000000000000     
               (129.37416363451294,56.370720653901699)               (129.37553089547134,56.508228007975433)
             (0.14380683324084909,0.20897388408810977)   (9.69230382381461182E-009,1.21954419150826454E-008)   (9.69229073438252157E-009,1.21954413907723001E-008)           (-0.14889132856275381,-0.14065333478300340)
   22.550245000000000        1.2500000000000000     
               (130.16514323975181,56.858143792949690)               (130.16639554057289,56.996331627128683)
             (0.15270655443340231,0.23556706169136762)   (1.05285850909152487E-008,1.39913237343991743E-008)   (1.05285636617749907E-008,1.39913236961586361E-008)           (-0.16534409299966288,-0.16795390009051958)
   22.600239999999999        1.2500000000000000     
               (130.95882267050229,57.348579043511279)               (130.95995201216854,57.487457788508998)
             (0.16048280762010356,0.26084661827946687)   (1.12909417210236915E-008,1.57232420946426695E-008)   (1.12909091734113719E-008,1.57232425494175970E-008)           (-0.18058334398534093,-0.19477867362927792)
   22.650235000000002        1.2500000000000000     
               (131.75520477939031,57.842033339700201)               (131.75620133403663,57.981611473383161)
             (0.16711487857600427,0.28463888379274616)   (1.19746179901358037E-008,1.73797844897058431E-008)   (1.19745732982306617E-008,1.73797855340947473E-008)           (-0.19449399711657156,-0.22094179454055787)
   22.700230000000001        1.2500000000000000     
               (132.55429232364867,58.338514544702875)               (132.55514599386748,58.478799317656758)
             (0.17259001626948881,0.30678174578489353)   (1.25758856931916744E-008,1.89497207791408157E-008)   (1.25758264689399525E-008,1.89497225793482699E-008)           (-0.20697249658605915,-0.24625909107324745)
   22.750225000000000        1.2500000000000000     
               (133.35609587187651,58.838030037801914)               (133.35678956189497,58.979027230183874)
             (0.17689993063098369,0.32712272763680955)   (1.30916282659208136E-008,2.04224071293657669E-008)   (1.30915966722042097E-008,2.04224100955650373E-008)           (-0.21792787959144427,-0.27054584356324451)
   22.800219999999999        1.2500000000000000     
               (134.16060955026617,59.340590495095427)               (134.16113403106158,59.482302159733649)
             (0.18005938869472879,0.34552082831535769)   (1.35193384184586451E-008,2.17873261256106780E-008)   (1.35193058610047290E-008,2.17873292201880054E-008)           (-0.22727711514131932,-0.29361952204107644)
   22.850215000000002        1.2500000000000000     
               (134.96783986552614,59.846205090246215)               (134.96818412083960,59.988631330656148)
             (0.18207733408769244,0.36184988776437998)   (1.38575457300646568E-008,2.30349942059534924E-008)   (1.38575122580323654E-008,2.30349974435750011E-008)           (-0.23495563897522925,-0.31530184738074540)
   22.900210000000001        1.2500000000000000     
               (135.77779478437219,60.354883976801432)               (135.77794291783067,60.498023278000183)
             (0.18297695430221123,0.37599683004886575)   (1.41048142202918852E-008,2.41563661425244791E-008)   (1.41047800266067464E-008,2.41563695203171656E-008)           (-0.24091178313572092,-0.33542054969437274)
   22.950205000000000        1.2500000000000000     
               (136.59047794858509,60.866638979167995)               (136.59041767207199,61.010486914622021)
             (0.18278652853643529,0.38786467145027065)   (1.42602366570214897E-008,2.51432182329987251E-008)   (1.42602030314759529E-008,2.51432217502588737E-008)           (-0.24510688164126274,-0.35380889140477312)
   23.000200000000000        1.2500000000000000     
               (137.40589241463246,61.381482162892148)               (137.40561326413965,61.526031481031033)
             (0.18154276261732433,0.39737043119779814)   (1.43249753760937355E-008,2.59879098241158339E-008)   (1.43249407607223793E-008,2.59879134612837698E-008)           (-0.24751688022738544,-0.37030898757929287)
   23.050195000000002        1.2500000000000000     
               (138.22404323723782,61.899427329740313)               (138.22353289725604,62.044669593704583)
             (0.17928931157228140,0.40444872567525930)   (1.42985725265198808E-008,2.66838635968955172E-008)   (1.42985375614349218E-008,2.66838673495100435E-008)           (-0.24813372025890068,-0.38477253735352590)
   23.100190000000001        1.2500000000000000     
               (139.04493237374103,62.420486577603519)               (139.04418562489536,62.566411168196950)
             (0.17607324196207252,0.40905046460455519)   (1.41832786659071123E-008,2.72252440939472091E-008)   (1.41832446760881364E-008,2.72252479429049470E-008)           (-0.24696543010640523,-0.39706287479212565)
   23.150185000000000        1.2500000000000000     
               (139.86856439031754,62.944675241145497)               (139.86757434384936,63.091269953411533)
             (0.17194829484789476,0.41114355403007463)   (1.39808986019984869E-008,2.76073217441255083E-008)   (1.39808651573582435E-008,2.76073256817849303E-008)           (-0.24403013470858398,-0.40705553764260588)
   23.200180000000000        1.2500000000000000     
               (140.69494113014471,63.472007798835556)               (140.69370454105865,63.619260329429700)
             (0.16697263215800745,0.41071324350959476)   (1.36942531499256254E-008,2.78263599779107301E-008)   (1.36942203605207216E-008,2.78263640104874300E-008)           (-0.23936672345526586,-0.41463974798639924)
   23.250175000000002        1.2500000000000000     
               (141.52406337603040,64.002499666434190)               (141.52258148870430,64.150396913005849)
             (0.16120734915443935,0.40776242769049309)   (1.33260379070941575E-008,2.78795910983680149E-008)   (1.33260070891195792E-008,2.78795951468174371E-008)           (-0.23302317496553335,-0.41972015891721043)
   23.300170000000001        1.2500000000000000     
               (142.35593297701826,64.536165311702490)               (142.35420741259466,64.684694668936729)
             (0.15471540585340554,0.40230982828779172)   (1.28802109618377590E-008,2.77650092322180268E-008)   (1.28801835711746110E-008,2.77650132974467020E-008)           (-0.22506558544689825,-0.42221690129761980)
   23.350165000000001        1.2500000000000000     
               (143.19055056014358,65.073021261894738)               (143.18858677423111,65.222171073438119)
             (0.14756345429818737,0.39439217909622920)   (1.23609526296484564E-008,2.74822838983562701E-008)   (1.23609269720918399E-008,2.74822879153221262E-008)           (-0.21556885757195232,-0.42206815420174720)
   23.400160000000003        1.2500000000000000     
               (144.02791404387287,65.613083540133218)               (144.02572024259715,65.762843108268370)
             (0.13981884651102544,0.38406248641838925)   (1.17730253408947064E-008,2.70316900607701709E-008)   (1.17730031569756463E-008,2.70316941243604428E-008)           (-0.20462340446911845,-0.41922895513487551)
   23.450154999999999        1.2500000000000000     
               (144.86802403639561,66.156367424002795)               (144.86560998045587,66.306727381220085)
             (0.13154947066498887,0.37138971677671889)   (1.11210273982590508E-008,2.64149764434040306E-008)   (1.11210097648481101E-008,2.64149803205069760E-008)           (-0.19232923725243931,-0.41367361386008894)
   23.500149999999998        1.2500000000000000     
               (145.71087794804384,66.702888745732082)               (145.70825591326721,66.853842919550374)
             (0.12282379938378872,0.35645814424214300)   (1.04107070382587600E-008,2.56344750004256628E-008)   (1.04106944498477946E-008,2.56344787157406401E-008)           (-0.17879854414060406,-0.40539580171330497)
   23.550145000000001        1.2500000000000000     
               (146.55647289161274,67.252662928625170)               (146.55365634885302,67.404207300071647)
             (0.11370741314705196,0.33936648758027788)   (9.64721060408223353E-009,2.46940718825495702E-008)   (9.64720476179859180E-009,2.46940753891737644E-008)           (-0.16414965227897399,-0.39440870292767810)
   23.600140000000000        1.2500000000000000     
               (147.40480607081307,67.805705333548772)               (147.40180892463357,67.957838719120630)
             (0.10426851267133572,0.32022848280585259)   (8.83704049992298253E-009,2.35985701646351870E-008)   (8.83704225401842792E-009,2.35985734041199597E-008)           (-0.14851387473251515,-0.38074572840832499)
   23.650134999999999        1.2500000000000000     
               (148.25587278010278,68.362030222304895)               (148.25270984851545,68.514755159147029)
        (9.45706630886983812E-002,0.29916849047120808)   (7.98571024848895671E-009,2.23537136117215571E-008)   (7.98572150729454524E-009,2.23537165388224153E-008)           (-0.13202619262939377,-0.36445926291921599)
   23.700129999999998        1.2500000000000000     
               (149.10966872007612,68.921652233931511)               (149.10635516503950,69.074974291515318)
        (8.46754392540458034E-002,0.27632491820986343)   (7.10011506127925963E-009,2.09662639444525243E-008)   (7.10013635239187414E-009,2.09662664504447290E-008)           (-0.11482762026750012,-0.34562319792015250)
   23.750125000000001        1.2500000000000000     
               (149.96619076395609,69.484585727667380)               (149.96273946052511,69.638512713229588)
        (7.46419396800300922E-002,0.25184567081170406)   (6.18608904211662072E-009,1.94441842033773928E-008)   (6.18612283199581448E-009,1.94441862123886063E-008)      (-9.70630833783154151E-002,-0.32433012652048926)
   23.800120000000000        1.2500000000000000     
               (150.82543036888021,70.050843829497722)               (150.82185395084113,70.205386582318866)
        (6.45265514797368489E-002,0.22588863461429218)   (5.25013503688107999E-009,1.77959329794092688E-008)   (5.25018299671377881E-009,1.77959343449984002E-008)      (-7.88815408750319635E-002,-0.30069178117904255)
   23.850114999999999        1.2500000000000000     
               (151.68739103757511,70.620438974532078)               (151.68369549751890,70.775610933490654)
        (5.43873215102516003E-002,0.19861993169796063)   (4.29923194193544279E-009,1.60311442603801111E-008)   (4.29926883016960030E-009,1.60311401442426713E-008)      (-6.04332432122203361E-002,-0.27484049175307562)
   23.900109999999998        1.2500000000000000     
               (152.55205391067753,71.193383059978061)               (152.54825073357711,71.349200048528218)
        (4.42640328463754090E-002,0.17021241475748061)   (3.33871697375193758E-009,1.41602025741340531E-008)   (3.33875527895433557E-009,1.41601982357730893E-008)      (-4.18683431358680205E-002,-0.24692389546372179)
   23.950105000000001        1.2500000000000000     
               (153.41941850579423,71.769688588448048)               (153.41551271124172,71.926167877380948)
        (3.42074644658880503E-002,0.14084631977535345)   (2.37575226538915234E-009,1.21942048316478415E-008)   (2.37579144302973297E-009,1.21942002491082017E-008)      (-2.33354474884036843E-002,-0.21710847203341710)
   24.000100000000000        1.2500000000000000     
               (154.28948049639513,72.349366257439215)               (154.28547392206275,72.506526015550605)
        (2.42583788042296591E-002,0.11070299965177452)   (1.41584569259455007E-009,1.01445461130078354E-008)   (1.41588622601017198E-009,1.01445412705330938E-008)      (-4.98067319217635092E-003,-0.18557516713015351)
   24.050094999999999        1.2500000000000000     
               (155.16223195534414,72.932425582824251)               (155.15812256305423,73.090284338959066)
   (1.44546286676847484E-002,7.99700501023398597E-002)   (4.65145872544045102E-010,8.02383335297001373E-009)   (4.65186952618881461E-010,8.02382825108736061E-009)       (1.30536396246055779E-002,-0.15252180308048033)
   24.100089999999998        1.2500000000000000     
               (156.03766869753386,73.518875930705349)               (156.03345181454171,73.677452867900456)
   (4.82934653318803104E-003,4.88357118335993462E-002)  (-4.70353673852465330E-010,5.84473414409404129E-009)  (-4.70311724096231804E-010,5.84472881710156374E-009)       (3.06320289463588476E-002,-0.11815749196445434)
   24.150085000000001        1.2500000000000000     
               (156.91578395865341,74.108727881550536)               (156.91145215805193,74.268040181973760)
  (-4.58583261976910385E-003,1.74888291679131981E-002)  (-1.38537892736598894E-009,3.62052159589230826E-009)  (-1.38533717442941890E-009,3.62051601860530967E-009)  (4.76230439002020348E-002,-8.27045255526211165E-002)
   24.200080000000000        1.2500000000000000     
               (157.79657375837294,74.701988435237880)               (157.79211506987878,74.862052130253446)
 (-1.37664467437977264E-002,-1.38842548774256377E-002)  (-2.27496615337131900E-009,1.36455430757924888E-009)  (-2.27492444856193618E-009,1.36454847744928607E-009)  (6.39042257380237205E-002,-4.63944693379701179E-002)
   24.250074999999999        1.2500000000000000     
               (158.68003165517987,75.298666648651817)               (158.67543229187032,75.459496649153294)
 (-2.26878491796648762E-002,-4.50970517121537171E-002) (-3.13388510546009878E-009,-9.09444116444732713E-010) (-3.13384386692833022E-009,-9.09450171256050423E-010)  (7.93611348673473049E-002,-9.46769971667022620E-003)
   24.300069999999998        1.2500000000000000     
               (159.56615402682397,75.898769552104170)               (159.56139821569508,76.060377354587658)
 (-3.13321764423670143E-002,-7.59678625912204308E-002) (-3.95814827675065362E-009,-3.18759398790177773E-009) (-3.95810740033332410E-009,-3.18760025958558867E-009)   (9.38903280143961044E-002,2.78285431831987243E-002)
   24.350065000000001        1.2500000000000000     
               (160.45493721486807,76.502304829577383)               (160.45000633020075,76.664699187006079)
      (-3.96809980647515811E-002,-0.10631762497347245) (-4.74304514669417618E-009,-5.45571170689186713E-009) (-4.74300573683338986E-009,-5.45571818770816113E-009)        (0.10739630395441153,6.52417913161597723E-002)
   24.400060000000000        1.2500000000000000     
               (161.34637651033245,77.109279103692714)               (161.34125153406836,77.272465350705659)
      (-4.77202981200090595E-002,-0.13597579269591292) (-5.48508853985999248E-009,-7.70019084300175084E-009) (-5.48505130349940640E-009,-7.70019750646167642E-009)             (0.11979856367670941,0.10251815676726982)
   24.450054999999999        1.2500000000000000     
               (162.24046895754827,77.719699402790141)               (162.23513039390832,77.883680109805184)
      (-5.54406891157627688E-002,-0.16477546238661400) (-6.18090281015323390E-009,-9.90730143711144571E-009) (-6.18086715135336085E-009,-9.90730823868599940E-009)             (0.13102384389633309,0.13940089327190605)
   24.500049999999998        1.2500000000000000     
               (163.13721385975768,78.333571467712858)               (163.13164126892534,78.498345806796650)
      (-6.28291057056978436E-002,-0.19255982569073801) (-6.82738762160207646E-009,-1.20634761158891219E-008) (-6.82735529237587923E-009,-1.20634830583806494E-008)             (0.14101307777082106,0.17563670079229265)
   24.550045000000001        1.2500000000000000     
               (164.03660800871100,78.950903438520214)               (164.03078228645208,79.116465850449501)
      (-6.98791012567497732E-002,-0.21917726761484957) (-7.42190427899948516E-009,-1.41554003823908371E-008) (-7.42187690596177508E-009,-1.41554074175063785E-008)             (0.14972051176419571,0.21097337147768716)
   24.600040000000000        1.2500000000000000     
               (164.93865084559502,79.571700036148528)               (164.93255441148415,79.738043788157199)
      (-7.65831929089834523E-002,-0.24448825944996688) (-7.96254940327688446E-009,-1.61704337247222409E-008) (-7.96252670737238740E-009,-1.61704408828102258E-008)             (0.15711030732607462,0.24516352222104948)
   24.650034999999999        1.2500000000000000     
               (165.84334149750040,80.195969571472446)               (165.83695773644644,80.363082541962868)
      (-8.29354211946471270E-002,-0.26836080834758685) (-8.44769192033079747E-009,-1.80964617543475119E-008) (-8.44767537237992123E-009,-1.80964688007570614E-008)             (0.16316366663081655,0.27796873654500898)
   24.700029999999998        1.2500000000000000     
               (166.75067985286242,80.823717704321624)               (166.74399689792767,80.991587190917031)
      (-8.89293263551218238E-002,-0.29067460218516888) (-8.87550167980265605E-009,-1.99211962437900581E-008) (-8.87549165087403423E-009,-1.99212032748427216E-008)             (0.16786846503504418,0.30915814600534136)
   24.750025000000001        1.2500000000000000     
               (167.66066686858844,81.454952489650779)               (167.65367331218800,81.623563534915945)
      (-9.45585560207644060E-002,-0.31131966285708623) (-9.24561363944086971E-009,-2.16340063005809032E-008) (-9.24561245783710311E-009,-2.16340131710333968E-008)             (0.17123019137766393,0.33851215199859541)
   24.800020000000000        1.2500000000000000     
               (168.57330476485453,82.089681577812911)               (168.56599339171092,82.259016643661695)
      (-9.98196485982730530E-002,-0.33019690829727977) (-9.55703599592473494E-009,-2.32243134902914795E-008) (-9.55704498852159706E-009,-2.32243201193412044E-008)             (0.17326445107971572,0.36582278105335686)
   24.850014999999999        1.2500000000000000     
               (169.48859320778504,82.727913020763339)               (169.48095981955393,82.897954856287413)
           (-0.10470489576933066,-0.34721836048628019) (-9.81019377920131648E-009,-2.46824094614914987E-008) (-9.81021381483175717E-009,-2.46824157948585919E-008)             (0.17399774181667887,0.39089683865529773)
   24.900009999999998        1.2500000000000000     
               (170.40653420902294,83.369655070719972)               (170.39857890223732,83.540385454258299)
           (-0.10920727792665956,-0.36230839977806462) (-1.00047569016649222E-008,-2.59997132938578440E-008) (-1.00047921662582283E-008,-2.59997192058807853E-008)             (0.17346774256989145,0.41355666791644724)
   24.950005000000001        1.2500000000000000     
               (171.32713191615164,84.014916910425967)               (171.31885775540272,84.186319966197573)
           (-0.11331983089132125,-0.37540291123396813) (-1.01414383201133106E-008,-2.71679813443535712E-008) (-1.01414907392586674E-008,-2.71679867651294514E-008)             (0.17172341820152223,0.43364117654905232)
   25.000000000000000        1.2500000000000000     
               (172.25039376334942,84.663709016364805)               (172.24180243392735,84.835767875889232)
           (-0.11703819739859680,-0.38644832697539616) (-1.02212388522162900E-008,-2.81803583318224372E-008) (-1.02212821117030224E-008,-2.81803526539583361E-008)             (0.16882195867049005,0.45100763303856839)
