   99.930833333333339     
   243.16000000000000     
   1.0348945062193351        7.3510512549595683E-006
         501           1
 
   69.000000000000000        69.000000000000000     
   2.5000000000000001E-003   1.2500000000000000     
   (1.42336810274483441E-012,2.96930326362558239E-016)   (1.43126599639832044E-012,3.00233258538042891E-016)
   (1.42336808702218155E-012,2.96930323049654432E-016)   (5.12919720897998067E-020,1.07593947978782582E-023)   (5.12919720898002400E-020,1.07593947978782626E-023) (-1.43126598061000709E-012,-3.00233255197510857E-016)
   5.2495000000000000E-002   1.2500000000000000     
   (1.31780489610319578E-008,2.74909454340818654E-012)   (1.32511701514753142E-008,2.77967436778552953E-012)
   (1.31779847788283163E-008,2.74908101963828113E-012)   (4.74877035797747008E-016,9.96141064325209752E-020)   (4.74877035797747205E-016,9.96141064325209993E-020) (-1.32511057012316947E-008,-2.77966073123895475E-012)
  0.10249000000000000        1.2500000000000000     
   (9.80713268522562387E-008,2.04591834109996895E-011)   (9.86154978037628941E-008,2.06867643512200590E-011)
   (9.80695061859398110E-008,2.04587997801023205E-011)   (3.53399698283587842E-015,7.41333297575748118E-019)   (3.53399698283587921E-015,7.41333297575748311E-019) (-9.86136695338308443E-008,-2.06863775211601148E-011)
  0.15248500000000001        1.2500000000000000     
   (3.22982793227069804E-007,6.73822793598203431E-011)   (3.24774941506758523E-007,6.81318171168150635E-011)
   (3.22969520652900982E-007,6.73794827072444021E-011)   (1.16384126809350100E-014,2.44152442020746906E-018)   (1.16384126809350132E-014,2.44152442020746944E-018) (-3.24761613502359868E-007,-6.81289971424173122E-011)
  0.20247999999999999        1.2500000000000000     
   (7.56214546178673017E-007,1.57779199818264155E-010)   (7.60410587416845271E-007,1.59534300447107915E-010)
   (7.56159753118506864E-007,1.57767654415936234E-010)   (2.72487008931590087E-014,5.71677996599334655E-018)   (2.72487008931590182E-014,5.71677996599334732E-018) (-7.60355565524615593E-007,-1.59522658765045653E-010)
  0.25247500000000000        1.2500000000000000     
   (1.46606950808655169E-006,3.05929941460800847E-010)   (1.47420443583278363E-006,3.09333058942646083E-010)
   (1.46590434962281530E-006,3.05895141035592966E-010)   (5.28248093838562530E-014,1.10842469217233092E-017)   (5.28248093838562719E-014,1.10842469217233123E-017) (-1.47403858761147827E-006,-3.09297968306589347E-010)
  0.30247000000000002        1.2500000000000000     
   (2.52085161672496460E-006,5.26147674077801017E-010)   (2.53483958232459200E-006,5.32000548867285538E-010)
   (2.52044403641675854E-006,5.26061793063682553E-010)   (9.08258465053906490E-014,1.90620910422997103E-017)   (9.08258465053906868E-014,1.90620910422997196E-017) (-2.53443029982730655E-006,-5.31913951661090954E-010)
  0.35246499999999997        1.2500000000000000     
   (3.98886629156849109E-006,8.32796692586412828E-010)   (4.01100040639126591E-006,8.42060793890210454E-010)
   (3.98799055587822612E-006,8.32612166675272671E-010)   (1.43709871111858638E-013,3.01700944801201842E-017)   (1.43709871111858638E-013,3.01700944801201904E-017) (-4.01012101327529570E-006,-8.41874729134658017E-010)
  0.40245999999999998        1.2500000000000000     
   (5.93842065975728414E-006,1.24031397803316693E-009)   (5.97137283369666188E-006,1.25411156260400060E-009)
   (5.93672086383885170E-006,1.23995581443700453E-009)   (2.13933685176674591E-013,4.49304047241247088E-017)   (2.13933685176674641E-013,4.49304047241247149E-017) (-5.96966593868984025E-006,-1.25375041208242358E-009)
  0.45245499999999994        1.2500000000000000     
   (8.43782361864096067E-006,1.76323533256509957E-009)   (8.48464620806634635E-006,1.78285032137326858E-009)
   (8.43477116608658956E-006,1.76259215039085284E-009)   (3.03952684182853847E-013,6.38684188509786990E-017)   (3.03952684182853897E-013,6.38684188509786867E-017) (-8.48158100697159947E-006,-1.78220177530854939E-009)
  0.50244999999999995        1.2500000000000000     
   (1.15553863260612160E-005,2.41622443242547992E-009)   (1.16195087210933406E-005,2.44310402426319881E-009)
   (1.15502313851240545E-005,2.41513823374700386E-009)   (4.16220476739013386E-013,8.75138052978009292E-017)   (4.16220476739013335E-013,8.75138052978009046E-017) (-1.16143322504301028E-005,-2.44200876702927640E-009)
  0.55244499999999985        1.2500000000000000     
   (1.53594216459243149E-005,3.21410660425545582E-009)   (1.54446565717977304E-005,3.24986324648260799E-009)
   (1.53511385852366627E-005,3.21236127662484892E-009)   (5.53188996333269213E-013,1.16401681334206707E-016)   (5.53188996333269012E-013,1.16401681334206658E-016) (-1.54363389161958137E-005,-3.24810336317493142E-009)
  0.60243999999999998        1.2500000000000000     
   (1.99182468636573319E-005,4.17190647256471703E-009)   (2.00287814273405310E-005,4.21831950244981389E-009)
   (1.99054736707289623E-005,4.16921502332296603E-009)   (7.17307835606711577E-013,1.51073904653101666E-016)   (7.17307835606710971E-013,1.51073904653101493E-016) (-2.00159548851270143E-005,-4.21560560656782516E-009)
  0.65243499999999988        1.2500000000000000     
   (2.53001823309357686E-005,5.30488791140605884E-009)   (2.54405860212443521E-005,5.36390703024975948E-009)
   (2.52811540184945564E-005,5.30087843468775768E-009)   (9.11024589139833979E-013,1.92080525092057170E-016)   (9.11024589139832363E-013,1.92080525092056800E-016) (-2.54214782323850886E-005,-5.35986411417451342E-009)
  0.70242999999999989        1.2500000000000000     
   (3.15735467824637588E-005,6.62860073004702169E-009)   (3.17487692395818040E-005,6.70234871208656347E-009)
   (3.15460227849050044E-005,6.62280110753519379E-009)   (1.13678410284960235E-012,2.39981384548045074E-016)   (1.13678410284960073E-012,2.39981384548044039E-016) (-3.17211302786963968E-005,-6.69650071953460967E-009)
  0.75242499999999990        1.2500000000000000     
   (3.88066700748347242E-005,8.15892883486868792E-009)   (3.90220410380717311E-005,8.24970563206009767E-009)
   (3.87678556395089152E-005,8.15075017107535789E-009)   (1.39702879279941445E-012,2.95347847328996058E-016)   (1.39702879279941081E-012,2.95347847328994283E-016) (-3.89830644796150433E-005,-8.24145875500030909E-009)
  0.80241999999999991        1.2500000000000000     
   (4.70678781036799535E-005,9.91214256622966210E-009)   (4.73291048146794310E-005,1.00224299403103890E-008)
   (4.70143396856997217E-005,9.90086135867055856E-009)   (1.69419779748580486E-012,3.58764649025885896E-016)   (1.69419779748579718E-012,3.58764649025882001E-016) (-4.72753427691761311E-005,-1.00110546410737082E-008)
  0.85241499999999992        1.2500000000000000     
   (5.64255109638569352E-005,1.19049549207526499E-008)   (5.67386777467727166E-005,1.20374210234507861E-008)
   (5.63530856250873773E-005,1.18896939667430688E-008)   (2.03072749147095801E-012,4.30831863847913663E-016)   (2.03072749147094670E-012,4.30831863847907550E-016) (-5.66659498837577511E-005,-1.20220327816488465E-008)
  0.90240999999999982        1.2500000000000000     
   (6.69478980967658276E-005,1.41545854717331178E-008)   (6.73194799389483081E-005,1.43120899462119338E-008)
   (6.68515969188830975E-005,1.41342935119630668E-008)   (2.40905088102641044E-012,5.12167168388113230E-016)   (2.40905088102638984E-012,5.12167168388102777E-016) (-6.72227764962651830E-005,-1.42916287317065201E-008)
  0.95240499999999984        1.2500000000000000     
   (7.87033939320374844E-005,1.66788190831269253E-008)   (7.91402344213654348E-005,1.68644215669090532E-008)
   (7.85772994357370326E-005,1.66522491840814344E-008)   (2.83159738863503344E-012,6.03408022294304557E-016)   (2.83159738863499790E-012,6.03408022294285723E-016) (-7.90136131988112644E-005,-1.68376300430583172E-008)
   1.0024000000000000        1.2500000000000000     
   (9.17603334868283916E-005,1.94960756047121028E-008)   (9.22696698516498498E-005,1.97130412826880139E-008)
   (9.15974910983656927E-005,1.94617622803586736E-008)   (3.30079273519734978E-012,7.05214014592252039E-016)   (3.30079273519728233E-012,7.05214014592224232E-016) (-9.21061472144427731E-005,-1.96784417379722979E-008)
   1.0523950000000000        1.2500000000000000     
   (1.06187080449658930E-004,2.26254870356561949E-008)   (1.06776506944425100E-004,2.28772950125902763E-008)
   (1.05979383978351701E-004,2.25817221095633352E-008)   (3.81905823945405494E-012,8.18269684462075492E-016)   (3.81905823945394508E-012,8.18269684462036542E-016) (-1.06567942829975494E-004,-2.28331650150573404E-008)
   1.1023899999999998        1.2500000000000000     
   (1.22051979594733944E-004,2.60869656512577815E-008)   (1.22729509992276108E-004,2.63773172408928122E-008)
   (1.21790050761727759E-004,2.60317728613436230E-008)   (4.38881244965548408E-012,9.43286914703082767E-016)   (4.38881244965533868E-012,9.43286914703019067E-016) (-1.22466486929483987E-004,-2.63216640405025028E-008)
   1.1523849999999998        1.2500000000000000     
   (1.39423414021021334E-004,2.99012822489374789E-008)   (1.40197397365138623E-004,3.02341149632491908E-008)
   (1.39096476006483969E-004,2.98323905903753507E-008)   (5.01246772037281006E-012,1.08100789395725976E-015)   (5.01246772037256773E-012,1.08100789395716747E-015) (-1.39869093491256334E-004,-3.01646485987960316E-008)
   1.2023800000000000        1.2500000000000000     
   (1.58369734747475834E-004,3.40901620388573402E-008)   (1.59248936370282870E-004,3.44696542421015105E-008)
   (1.57965479849819069E-004,3.40049778566404797E-008)   (5.69243340322658454E-012,1.23220817434301030E-015)   (5.69243340322628889E-012,1.23220817434287127E-015) (-1.58842992567089007E-004,-3.43837594163984104E-008)
   1.2523750000000000        1.2500000000000000     
   (1.78959320054924477E-004,3.86763559580574722E-008)   (1.79952870102321994E-004,3.91069441334395946E-008)
   (1.78463771347069945E-004,3.85719337746239368E-008)   (6.43111300419511046E-012,1.39769963246643188E-015)   (6.43111300419470171E-012,1.39769963246624472E-015) (-1.79455250998798916E-004,-3.90016507853914298E-008)
   1.3023699999999998        1.2500000000000000     
   (2.01260558323537286E-004,4.36837355629660232E-008)   (2.02377985098039956E-004,4.41701245459698870E-008)
   (2.00657925438678137E-004,4.35567476690352993E-008)   (7.23090640355542208E-012,1.57833357411210480E-015)   (7.23090640355473060E-012,1.57833357411181194E-015) (-2.01772834342086568E-004,-4.40420771825737163E-008)
   1.3523649999999998        1.2500000000000000     
   (2.25341839786546045E-004,4.91373969003450412E-008)   (2.26593027368886295E-004,4.96845699870359223E-008)
   (2.24614368727811943E-004,4.89841016711122107E-008)   (8.09420662554879775E-012,1.77500440610055429E-015)   (8.09420662554779932E-012,1.77500440610016144E-015) (-2.25862516732295231E-004,-4.95299957553550600E-008)
   1.4023599999999998        1.2500000000000000     
   (2.51271569128361152E-004,5.50637382853323641E-008)   (2.52666780919897510E-004,5.56769880149914102E-008)
   (2.50399386206070378E-004,5.48799472533288987E-008)   (9.02340244662925304E-012,1.98865311912495635E-015)   (9.02340244662781032E-012,1.98865311912439468E-015) (-2.51790953642789140E-004,-5.54916634730242921E-008)
   1.4523549999999998        1.2500000000000000     
   (2.79118116893022788E-004,6.14905855361760325E-008)   (2.80668037961999026E-004,6.21755096924759101E-008)
   (2.78079066757869610E-004,6.12716292093855240E-008)   (1.00208771126273179E-011,2.22027048462224527E-015)   (1.00208771126256846E-011,2.22027048462149112E-015) (-2.79624646070662482E-004,-6.19547263623196798E-008)
   1.5023499999999999        1.2500000000000000     
   (3.08949923585740641E-004,6.84472731482528301E-008)   (3.10665579821983837E-004,6.92098144849528148E-008)
   (3.07719401348886443E-004,6.81879655747171026E-008)   (1.10890074418278897E-011,2.47090148571091366E-015)   (1.10890074418254130E-011,2.47090148570994376E-015) (-3.09429915612756032E-004,-6.89483431179102585E-008)
   1.5523449999999999        1.2500000000000000     
   (3.40835394611472837E-004,7.59647777183277110E-008)   (3.42728223153124061E-004,7.68112127550656437E-008)
   (3.39386172110469491E-004,7.56593798190419770E-008)   (1.22301652694961166E-011,2.74164822757490886E-015)   (1.22301652694930470E-011,2.74164822757356504E-015) (-3.41272944580854609E-004,-7.65032663347277725E-008)
   1.6023399999999999        1.2500000000000000     
   (3.74842954261609307E-004,8.40758028726482304E-008)   (3.76924779057199880E-004,8.50127997479754157E-008)
   (3.73145000542046462E-004,8.37179844647681334E-008)   (1.34467157733353146E-011,3.03367541022926749E-015)   (1.34467157733308136E-011,3.03367541022749019E-015) (-3.75219729467069472E-004,-8.46519952178828981E-008)
   1.6523349999999999        1.2500000000000000     
   (4.11041048717483183E-004,9.28149125766743632E-008)   (4.13324055777193806E-004,9.38495194797961870E-008)
   (4.09061344328022426E-004,9.23977132257673238E-008)   (1.47410173682172408E-011,3.34821257576136236E-015)   (1.47410173682116282E-011,3.34821257575900524E-015) (-4.11336077754913937E-004,-9.34288382634370573E-008)
   1.7023299999999999        1.2500000000000000     
   (4.49498108003786251E-004,1.02218652451413522E-007)   (4.51994839773207241E-004,1.03358350492057351E-007)
   (4.47200454008318381E-004,1.01734441010292325E-007)   (1.61154207983197551E-011,3.68656071637275954E-015)   (1.61154207983121069E-011,3.68656071636961198E-015) (-4.49687582927854037E-004,-1.02870097675220667E-007)
   1.7523250000000001        1.2500000000000000     
   (4.90282587570154728E-004,1.12325654723978434E-007)   (4.93006050237212654E-004,1.13578364398916079E-007)
   (4.87627408118704547E-004,1.11766087613751836E-007)   (1.75722744737525074E-011,4.05009432874003562E-015)   (1.75722744737431499E-011,4.05009432873615363E-015) (-4.90339773125319524E-004,-1.13014126701366788E-007)
   1.8023199999999997        1.2500000000000000     
   (5.33462931889863733E-004,1.23176788385047325E-007)   (5.36426437831884683E-004,1.24550885099522792E-007)
   (5.30407071377912037E-004,1.22532766683533275E-007)   (1.91139134813867363E-011,4.44026707458819923E-015)   (1.91139134813745871E-011,4.44026707458300379E-015) (-5.33357804434490736E-004,-1.23901487529986542E-007)
   1.8523149999999997        1.2500000000000000     
   (5.79107659694433449E-004,1.34815261887505558E-007)   (5.82324934754230024E-004,1.36319637302466306E-007)
   (5.75604174124892741E-004,1.34076887063952235E-007)   (2.07426718926630780E-011,4.85861705932117867E-015)   (2.07426718926472776E-011,4.85861705931462008E-015) (-5.78806804583244282E-004,-1.35575098626828845E-007)
   1.9023099999999997        1.2500000000000000     
   (6.27285176770462304E-004,1.47286765073941273E-007)   (6.30770353489356066E-004,1.48930842175637928E-007)
   (6.23283118846313950E-004,1.46443293612709846E-007)   (2.24608717744339556E-011,5.30677020765041093E-015)   (2.24608717744144587E-011,5.30677020764206873E-015) (-6.26751566137888350E-004,-1.48080328967381041E-007)
   1.9523049999999997        1.2500000000000000     
   (6.78064027678085984E-004,1.60639640655054868E-007)   (6.81831563070770604E-004,1.62433397495301107E-007)
   (6.73508226709272086E-004,1.59679437175976078E-007)   (2.42708293005151537E-011,5.78644668893416509E-015)   (2.42708293004909489E-011,5.78644668892352178E-015) (-6.77256716974951735E-004,-1.61465177182901919E-007)
   2.0023000000000000        1.2500000000000000     
   (7.31512671689134677E-004,1.74924960039018493E-007)   (7.35577491566702228E-004,1.76878962788571262E-007)
   (7.26343507658138788E-004,1.73835449445007217E-007)   (2.61748546304674687E-011,6.29946390058294149E-015)   (2.61748546304346174E-011,6.29946390056940305E-015) (-7.30386717091602864E-004,-1.75780355017406997E-007)
   2.0522950000000000        1.2500000000000000     
   (7.87699663989465076E-004,1.90196698886178266E-007)   (7.92077042343268078E-004,1.92322171095155421E-007)
   (7.81852835028735375E-004,1.88964316992961668E-007)   (2.81752486881108947E-011,6.84774403402629911E-015)   (2.81752486880723371E-011,6.84774403400996811E-015) (-7.86205768564697126E-004,-1.91079498252469280E-007)
   2.1022900000000000        1.2500000000000000     
   (8.46693452040971745E-004,2.06511922433770203E-007)   (8.51398965942761279E-004,2.08820703433202741E-007)
   (8.40099737376182975E-004,2.05122065477023783E-007)   (3.02742983975168642E-011,7.43331668079053375E-015)   (3.02742983974685582E-011,7.43331668076971887E-015) (-8.44777682574974305E-004,-2.07419239540303609E-007)
   2.1522849999999996        1.2500000000000000     
   (9.08562602350009734E-004,2.23930835677814669E-007)   (9.13612427509770050E-004,2.26435532399700951E-007)
   (9.01147619099999493E-004,2.22367808585953691E-007)   (3.24742967743590142E-011,8.05832752624961857E-015)   (3.24742967743011568E-011,8.05832752622429140E-015) (-9.06166439844273875E-004,-2.24859450938264490E-007)
   2.2022799999999996        1.2500000000000000     
   (9.73375735381736581E-004,2.42517041433240402E-007)   (9.78786184164602557E-004,2.45230985779218542E-007)
   (9.65059689310864780E-004,2.40764004524056809E-007)   (3.47775132752283487E-011,8.72504057998964794E-015)   (3.47775132751549299E-011,8.72504057995876088E-015) (-9.70435363964495873E-004,-2.43463306166014023E-007)
   2.2522749999999996        1.2500000000000000     
   (1.04120121714536642E-003,2.62337609872199210E-007)   (1.04698910899832026E-003,2.65274926751442759E-007)
   (1.03189864742540024E-003,2.60376524569278664E-007)   (3.71862123238703296E-011,9.43584457729166289E-015)   (3.71862123237780279E-011,9.43584457725285882E-015) (-1.03764763793951094E-003,-2.63297459355951067E-007)
   2.3022699999999996        1.2500000000000000     
   (1.11210778884586166E-003,2.83463348979501588E-007)   (1.11829036741133993E-003,2.86638986784929450E-007)
   (1.10172730826225127E-003,2.81274922215960199E-007)   (3.97026594594731871E-011,1.01932612984690861E-014)   (3.97026594593588487E-011,1.01932612984228683E-014) (-1.10786647506004479E-003,-2.84432276807654926E-007)
   2.3522650000000001        1.2500000000000000     
   (1.18616387560194366E-003,3.05968797521138883E-007)   (1.19275872422568889E-003,3.09398650393122686E-007)
   (1.17460790472468778E-003,3.03532424449575360E-007)   (4.23290963342745608E-011,1.09999485347891022E-014)   (4.23290963341357560E-011,1.09999485347315864E-014) (-1.18115442242870076E-003,-3.06941920363239171E-007)
   2.4022600000000001        1.2500000000000000     
   (1.26343821946367312E-003,3.29932558107801677E-007)   (1.27046332875888372E-003,3.33633403096078749E-007)
   (1.25060271421078748E-003,3.27226264208081107E-007)   (4.50677685737983274E-011,1.18587053789887503E-014)   (4.50677685736360385E-011,1.18587053789201952E-014) (-1.25757413784484233E-003,-3.30904494315940723E-007)
   2.4522550000000001        1.2500000000000000     
   (1.34399925173291903E-003,3.55437367563130204E-007)   (1.35147293557867946E-003,3.59426986079165508E-007)
   (1.32977342665454397E-003,3.52437748541258747E-007)   (4.79208977160329823E-011,1.27724812549162113E-014)   (4.79208977158408890E-011,1.27724812548331096E-014) (-1.33718760606310692E-003,-3.56402297799475815E-007)
   2.5022500000000001        1.2500000000000000     
   (1.42791573713307125E-003,3.82570306043925185E-007)   (1.43585677533771060E-003,3.86867585769270926E-007)
   (1.41218178209621416E-003,3.79252467227761508E-007)   (5.08907121350800179E-011,1.37443827067769934E-014)   (5.08907121348449435E-011,1.37443827066787360E-014) (-1.42005700366121626E-003,-3.83522014632639574E-007)
   2.5522449999999997        1.2500000000000000     
   (1.51525613568694538E-003,4.11422921574638714E-007)   (1.52368368955668092E-003,4.16047792166845063E-007)
   (1.49788892703446586E-003,4.07760415282022124E-007)   (5.39794159279863243E-011,1.47776718325640337E-014)   (5.39794159277081783E-011,1.47776718324448431E-014) (-1.50624382798123847E-003,-4.12354668493564301E-007)
   2.6022399999999997        1.2500000000000000     
   (1.60608913639532776E-003,4.42091514240933648E-007)   (1.61502274025661667E-003,4.47065085321170969E-007)
   (1.58695594421238398E-003,4.38056276387382561E-007)   (5.71892105105010691E-011,1.58757836788394747E-014)   (5.71892105101642321E-011,1.58757836786971800E-014) (-1.59580950171329624E-003,-4.42996109044010935E-007)
   2.6522349999999997        1.2500000000000000     
   (1.70048348770108809E-003,4.74677149921343036E-007)   (1.70994303914226756E-003,4.80021792365278321E-007)
   (1.67944367520063702E-003,4.70239434530958969E-007)   (6.05222882606547091E-011,1.70423246478669851E-014)   (6.05222882602624833E-011,1.70423246476971939E-014) (-1.68881519698019602E-003,-4.75546968014839653E-007)
   2.7022299999999997        1.2500000000000000     
   (1.79850782660235576E-003,5.09286054633943554E-007)   (1.80851357682041140E-003,5.15025427066892265E-007)
   (1.77541254371510189E-003,5.04414367760762656E-007)   (6.39808262893184718E-011,1.82810845940969026E-014)   (6.39808262888486849E-011,1.82810845938993781E-014) (-1.78532165780477775E-003,-5.10112995440422316E-007)
   2.7522249999999997        1.2500000000000000     
   (1.90023063756997396E-003,5.46029620691535510E-007)   (1.91080348572364770E-003,5.52188730283932189E-007)
   (1.87492251263334723E-003,5.40690652035625507E-007)   (6.75669956544521654E-011,1.95960383045608750E-014)   (6.75669956539171735E-011,1.95960383043261573E-014) (-1.88538945786971210E-003,-5.46805101668251795E-007)
   2.8022199999999997        1.2500000000000000     
   (2.00572081750213967E-003,5.85024586878601488E-007)   (2.01688169425664424E-003,5.91629925653780796E-007)
   (1.97803364000244310E-003,5.79183140930226443E-007)   (7.12829486897646458E-011,2.09913544635612303E-014)   (7.12829486891288412E-011,2.09913544632889376E-014) (-1.98907865150024137E-003,-5.85739607856402991E-007)
   2.8522149999999997        1.2500000000000000     
   (2.11504696584501745E-003,6.26393446477614767E-007)   (2.12681728127102473E-003,6.33473013660316278E-007)
   (2.08480536479270810E-003,6.20012371805183990E-007)   (7.51308314295427023E-011,2.24714062967222391E-014)   (7.51308314287907047E-011,2.24714062964050665E-014) (-2.09644911372746778E-003,-6.27038542138341061E-007)
   2.9022099999999997        1.2500000000000000     
   (2.22827771327310450E-003,6.70264374156726088E-007)   (2.24067964333461277E-003,6.77847772377395175E-007)
   (2.19529682882441905E-003,6.63304489939439314E-007)   (7.91127897687455235E-011,2.40407714206102164E-014)   (7.91127897678869746E-011,2.40407714202330367E-014) (-2.20756071861630526E-003,-6.70829636627673684E-007)
   2.9522049999999997        1.2500000000000000     
   (2.34548189110035665E-003,7.16771600901876702E-007)   (2.35853746489112772E-003,7.24890095141399870E-007)
   (2.30956704407450511E-003,7.09191624759615787E-007)   (8.32309320043992323E-011,2.57042439982060197E-014)   (8.32309320033751439E-011,2.57042439977695745E-014) (-2.32247228707684484E-003,-7.17246664571497857E-007)
   3.0021999999999998        1.2500000000000000     
   (2.46672828183161800E-003,7.66055585066104877E-007)   (2.48046027829751771E-003,7.74742159923053953E-007)
   (2.42767463616331636E-003,7.57812056565972355E-007)   (8.74873846318733973E-011,2.74668406272158617E-014)   (8.74873846306669673E-011,2.74668406267021555E-014) (-2.44124315005853337E-003,-7.66429607267131340E-007)
   3.0521949999999998        1.2500000000000000     
   (2.59208559679657792E-003,8.18263081550114841E-007)   (2.60651707856521947E-003,8.27552682276046565E-007)
   (2.54967781242507576E-003,8.09310285530396110E-007)   (9.18842424861135634E-011,2.93338094494896009E-014)   (9.18842424847280359E-011,2.93338094489002271E-014) (-2.56393175672811266E-003,-8.18524906173726572E-007)
   3.1021899999999998        1.2500000000000000     
   (2.72162254197836099E-003,8.73547559336383594E-007)   (2.73677684664885628E-003,8.83476999030104703E-007)
   (2.67563443011008869E-003,8.63837447306577423E-007)   (9.64235875037818904E-011,3.13106330821531682E-014)   (9.64235875022036040E-011,3.13106330814748425E-014) (-2.69059619191679188E-003,-8.73685545495808800E-007)
   3.1521849999999998        1.2500000000000000     
   (2.85540804178604449E-003,9.32069171006435880E-007)   (2.87130907223134661E-003,9.42677407562674761E-007)
   (2.80560220849052685E-003,9.21551281673814794E-007)   (1.01107507145962535E-010,3.34030406318251828E-014)   (1.01107507144124799E-010,3.34030406310352301E-014) (-2.82129469446615279E-003,-9.32071387569273913E-007)
   3.2021799999999998        1.2500000000000000     
   (2.99351067476786702E-003,9.93995270915505742E-007)   (3.01018288894799825E-003,1.00532316307848543E-006)
   (2.93963816297896328E-003,9.82616647219350041E-007)   (1.05938063082093447E-010,3.56170076615293833E-014)   (1.05938063079974366E-010,3.56170076606226540E-014) (-2.95608478722611404E-003,-9.93849171851511084E-007)
   3.2521749999999998        1.2500000000000000     
   (3.13599943314049352E-003,1.05950012134273313E-006)   (3.15346707728500096E-003,1.07159107295488020E-006)
   (3.07779935833136500E-003,1.04720522748833706E-006)   (1.10917291262734118E-010,3.79587773277617626E-014)   (1.10917291260277146E-010,3.79587773267102047E-014) (-3.09502327111060328E-003,-1.05919310343996228E-006)
   3.3021699999999998        1.2500000000000000     
   (3.28294297663229203E-003,1.12876584268179023E-006)   (3.30123128415344249E-003,1.14166540851205185E-006)
   (3.22014215137292987E-003,1.11549647848680200E-006)   (1.16047245133242791E-010,4.04348572020201598E-014)   (1.16047245130412270E-010,4.04348572008045567E-014) (-3.23816743833055861E-003,-1.12828476752731906E-006)
   3.3521649999999998        1.2500000000000000     
   (3.43441037894169415E-003,1.20198177001956311E-006)   (3.45354480272041338E-003,1.21573807591975561E-006)
   (3.36672294811320551E-003,1.18767698424668947E-006)   (1.21329952439301930E-010,4.30520253019242669E-014)   (1.21329952436064759E-010,4.30520253005507086E-014) (-3.38557385984963877E-003,-1.20131329384902039E-006)
   3.4021599999999999        1.2500000000000000     
   (3.59047025491691712E-003,1.27934556424164292E-006)   (3.61047675699673748E-003,1.29400920568708163E-006)
   (3.51759730592426196E-003,1.26394156504478516E-006)   (1.26767420853424393E-010,4.58173512067571785E-014)   (1.26767420849849732E-010,4.58173512051978277E-014) (-3.53729854914823548E-003,-1.27847594900623884E-006)
   3.4521549999999999        1.2500000000000000     
   (3.75119170782399394E-003,1.36106251433678025E-006)   (3.77209644706421503E-003,1.37668689963886814E-006)
   (3.67282089004294238E-003,1.34449257861526903E-006)   (1.32361650569906922E-010,4.87381868462154736E-014)   (1.32361650565806511E-010,4.87381868444290255E-014) (-3.69339731150320665E-003,-1.35997787643775944E-006)
   3.5021500000000003        1.2500000000000000     
   (3.91664338520298846E-003,1.44734665926544112E-006)   (3.93847300799298090E-003,1.46398790523496264E-006)
   (3.83244851470706605E-003,1.42954103910936141E-006)   (1.38114621688002848E-010,5.18221906205156440E-014)   (1.38114621683216703E-010,5.18221906184690422E-014) (-3.85392538700304486E-003,-1.44603277372385296E-006)
   3.5521449999999994        1.2500000000000000     
   (4.08689412462652588E-003,1.53842027042399421E-006)   (4.10967575202203419E-003,1.55613761551336972E-006)
   (3.99653479550922917E-003,1.51930609875055473E-006)   (1.44028306855932645E-010,5.50773274003114664E-014)   (1.44028306850541780E-010,5.50773273979979771E-014) (-4.01893780806367781E-003,-1.53686288750530111E-006)
   3.6021399999999995        1.2500000000000000     
   (4.26201326842156822E-003,1.63451449472066224E-006)   (4.28577417875535775E-003,1.65336989934295124E-006)
   (4.16513444114386018E-003,1.61401568881829150E-006)   (1.50104670429480341E-010,5.85118621692209641E-014)   (1.50104670423379315E-010,5.85118621666075248E-014) (-4.18848938443767624E-003,-1.63269883979766466E-006)
   3.6521349999999995        1.2500000000000000     
   (4.44206965752773613E-003,1.73586930887049282E-006)   (4.46683728169446157E-003,1.75592845140794755E-006)
   (4.33830126443437124E-003,1.71390646926231962E-006)   (1.56345644454913407E-010,6.21344086497775437E-014)   (1.56345644447959843E-010,6.21344086467911687E-014) (-4.36263400915656852E-003,-1.73378098313165134E-006)
   3.7021299999999995        1.2500000000000000     
   (4.62713182496086398E-003,1.84273444230633683E-006)   (4.65293493903220275E-003,1.86406594897002087E-006)
   (4.51608834678106797E-003,1.81922475356729798E-006)   (1.62753177416483214E-010,6.59538986198429419E-014)   (1.62753177408592454E-010,6.59538986164799711E-014) (-4.54142604477149846E-003,-1.84035854554130431E-006)
   3.7521249999999995        1.2500000000000000     
   (4.81726897543379145E-003,1.95536824115992855E-006)   (4.84413617174924392E-003,1.97804438429873668E-006)
   (4.69854903372729504E-003,1.93022536667422009E-006)   (1.69329172727778666E-010,6.99795940813523025E-014)   (1.69329172718925093E-010,6.99795940775392897E-014) (-4.72491859490890322E-003,-1.95268996837079417E-006)
   3.8021199999999995        1.2500000000000000     
   (5.01255026116277039E-003,2.07403959373858977E-006)   (5.04051055281026870E-003,2.09813625336053024E-006)
   (4.88573619856358648E-003,2.04717356793493168E-006)   (1.76075537944824336E-010,7.42211294629239035E-014)   (1.76075537934794073E-010,7.42211294586425219E-014) (-4.91316487112720794E-003,-2.07104408625359509E-006)
   3.8521149999999995        1.2500000000000000     
   (5.21304465701441684E-003,2.19902661424784249E-006)   (5.24212715114372868E-003,2.22462353221600026E-006)
   (5.07770210186734346E-003,2.17034373974622136E-006)   (1.82994147408542672E-010,7.86884752610605859E-014)   (1.82994147397311885E-010,7.86884752562334009E-014) (-5.10621716423338701E-003,-2.19569910902803557E-006)
   3.9021099999999995        1.2500000000000000     
   (5.41882083221668833E-003,2.33061783674744567E-006)   (5.44905593041911714E-003,2.35779886837694938E-006)
   (5.27449827112218706E-003,2.30002056482153604E-006)   (1.90086892005385827E-010,8.33919800781981488E-014)   (1.90086891992941153E-010,8.33919800727736510E-014) (-5.30412822493590494E-003,-2.32694379858411388E-006)
   3.9521050000000000        1.2500000000000000     
   (5.62994809486688612E-003,2.46911248187958703E-006)   (5.66136566482930946E-003,2.49796540199326325E-006)
   (5.47617644086554559E-003,2.43649930403069849E-006)   (1.97355604545147101E-010,8.83423646697211700E-014)   (1.97355604531018132E-010,8.83423646636742167E-014) (-5.50694918076868791E-003,-2.46507730076350168E-006)
   4.0021000000000004        1.2500000000000000     
   (5.84649550631463014E-003,2.61482001608897627E-006)   (5.87912638039418331E-003,2.64543676920219183E-006)
   (5.68278764265301318E-003,2.58008534913486012E-006)   (2.04802146119145355E-010,9.35507216253818069E-014)   (2.04802146103136437E-010,9.35507216186282236E-014) (-5.71473195676328385E-003,-2.61040913694028717E-006)
   4.0520950000000004        1.2500000000000000     
   (6.06853189617700441E-003,2.76806089926818371E-006)   (6.10240726712348112E-003,2.80053828393567428E-006)
   (5.89438226098112743E-003,2.73109495901376600E-006)   (2.12428332096964079E-010,9.90285577487840794E-014)   (2.12428332079095401E-010,9.90285577411763679E-014) (-5.92752719253792412E-003,-2.76326038437219999E-006)
   4.1020900000000005        1.2500000000000000     
   (6.29612663544563619E-003,2.92916672114650931E-006)   (6.33127771499101405E-003,2.96360575064143919E-006)
   (6.11101073736291644E-003,2.88985540586077391E-006)   (2.20235969730944843E-010,1.04787751309013195E-013)   (2.20235969711351028E-010,1.04787751300522439E-013) (-6.14538529464725598E-003,-2.92396248858867155E-006)
   4.1520850000000005        1.2500000000000000     
   (6.52934905370204047E-003,3.09848046791515604E-006)   (6.56580767714458075E-003,3.13498749423749682E-006)
   (6.33272303137705130E-003,3.05670522982234459E-006)   (2.28226869044160425E-010,1.10840624870662233E-013)   (2.28226869022387196E-010,1.10840624861244496E-013) (-6.36835676642863099E-003,-3.09285928894178775E-006)
   4.2020800000000005        1.2500000000000000     
   (6.76826731988875233E-003,3.27635676810122379E-006)   (6.80606593998833199E-003,3.31504283606151702E-006)
   (6.55956748197538634E-003,3.23199448423679318E-006)   (2.36402781471976697E-010,1.17199890218524646E-013)   (2.36402781447077992E-010,1.17199890207990791E-013) (-6.59649046217803889E-003,-3.27030548724566322E-006)
   4.2520750000000005        1.2500000000000000     
   (7.01295182826196673E-003,3.46316174910452703E-006)   (7.05212288039637047E-003,3.50414327068924097E-006)
   (6.79159418359562110E-003,3.41608458986860274E-006)   (2.44765499652187495E-010,1.23878690888851985E-013)   (2.44765499625210396E-010,1.23878690877148268E-013) (-6.82983639032915500E-003,-3.45666783239009517E-006)
   4.3020699999999996        1.2500000000000000     
   (7.26347060730352535E-003,3.65927445382069470E-006)   (7.30404772393606141E-003,3.70267315145778218E-006)
   (7.02885039146236481E-003,3.60934974924648770E-006)   (2.53316757009667744E-010,1.30890626050173686E-013)   (2.53316756979071574E-010,1.30890626017344526E-013) (-7.06844289501121041E-003,-3.65232578594786756E-006)
   4.3520649999999996        1.2500000000000000     
   (7.51989372799258433E-003,3.86508553012133014E-006)   (7.56190988562943211E-003,3.91102866408143641E-006)
   (7.27138494558769808E-003,3.81217562819190951E-006)   (2.62058278131757592E-010,1.38249714131952630E-013)   (2.62058278098034886E-010,1.38249714117496028E-013) (-7.31235809520955782E-003,-3.85767050544570321E-006)
   4.4020599999999996        1.2500000000000000     
   (7.78228969221939765E-003,4.08099804081107053E-006)   (7.82577904262345830E-003,4.12961951899814457E-006)
   (7.51924461820002634E-003,4.02496016112517475E-006)   (2.70991777872517449E-010,1.45970452862506690E-013)   (2.70991777835458827E-010,1.45970452846546582E-013) (-7.56162981838077227E-003,-4.07310652949414238E-006)
   4.4520549999999997        1.2500000000000000     
   (8.05072784183271523E-003,4.30742910126880426E-006)   (8.09572506600613785E-003,4.35886793544407750E-006)
   (7.77247654617113041E-003,4.24811519443073392E-006)   (2.80118962267236277E-010,1.54067783177850920E-013)   (2.80118962226024020E-010,1.54067783160144893E-013) (-7.81630565197570862E-003,-4.29905075429830291E-006)
   4.5020499999999997        1.2500000000000000     
   (8.32527758878248703E-003,4.54480764953239768E-006)   (8.37181668490544553E-003,4.59920965345852616E-006)
   (8.03112743782565842E-003,4.48206424459813754E-006)   (2.89441477421763552E-010,1.62557124954288928E-013)   (2.89441477376410067E-010,1.62557124934699707E-013) (-8.07643151817059347E-003,-4.53593344541736632E-006)
   4.5520449999999997        1.2500000000000000     
   (8.60600823549969446E-003,4.79357685731324925E-006)   (8.65412491748752434E-003,4.85109427199339187E-006)
   (8.29524342719113739E-003,4.72724490188005491E-006)   (2.98961036253515579E-010,1.71454389053708985E-013)   (2.98961036203171712E-010,1.71454389031959219E-013) (-8.34205518155013703E-003,-4.78419856714488696E-006)
   4.6020399999999997        1.2500000000000000     
   (8.89298848225166319E-003,5.05419290065100740E-006)   (8.94271896937045771E-003,5.11498490309526338E-006)
   (8.56486950386114131E-003,4.98410760215296198E-006)   (3.08679264492190354E-010,1.80775964985780260E-013)   (3.08679264437409853E-010,1.80775964961784701E-013) (-8.61322201410413824E-003,-5.04430344004898975E-006)
   4.6520349999999997        1.2500000000000000     
   (9.18628838185253649E-003,5.32712627029463109E-006)   (9.23766754574284130E-003,5.39135919008933671E-006)
   (8.84005154212769671E-003,5.25311694008462937E-006)   (3.18597756728929121E-010,1.90538757129239680E-013)   (3.18597756668102963E-010,1.90538757102733019E-013) (-8.88997646649571614E-003,-5.31671974640945288E-006)
   4.7020300000000006        1.2500000000000000     
   (9.48597730458197209E-003,5.61286106079335124E-006)   (9.53904170383490686E-003,5.68070828728360842E-006)
   (9.12083421119287696E-003,5.53475093043215919E-006)   (3.28718169593460937E-010,2.00760147687461583E-013)   (3.28718169526807344E-010,2.00760147658355291E-013) (-9.17236476751477972E-003,-5.60193250740454714E-006)
   4.7520250000000006        1.2500000000000000     
   (9.79212339678436731E-003,5.91189699440074907E-006)   (9.84691063144457410E-003,5.98353888710425419E-006)
   (9.40726044268251800E-003,5.82950305223293438E-006)   (3.39042077064981580E-010,2.11458069872628243E-013)   (3.39042076991714109E-010,2.11458069840495123E-013) (-9.46043081121090805E-003,-5.90044211014145784E-006)
   4.8020200000000006        1.2500000000000000     
   (1.01047974646674421E-002,6.22474642783487363E-006)   (1.01613437788339277E-002,6.30037288741087818E-006)
   (9.69937534899307716E-003,6.13787923598445842E-006)   (3.49571042402782657E-010,2.22650994674546933E-013)   (3.49571042322736441E-010,2.22650994639422933E-013) (-9.75421819444374436E-003,-6.21276395626499273E-006)
   4.8520150000000006        1.2500000000000000     
   (1.04240676734092576E-002,6.55193861405019814E-006)   (1.04824115249658300E-002,6.63174602174731127E-006)
   (9.99722080738986614E-003,6.46040212135575424E-006)   (3.60306643833878063E-010,2.34357882643775009E-013)   (3.60306643744662860E-010,2.34357882604946594E-013) (-1.00537709424754953E-002,-6.53942709887051806E-006)
   4.9020100000000006        1.2500000000000000     
   (1.07500040540417733E-002,6.89401704676888630E-006)   (1.08101830995089108E-002,6.97821022922314585E-006)
   (1.03008401003148037E-002,6.79760839928344138E-006)   (3.71250400479429808E-010,2.46598268446256886E-013)   (3.71250400382601493E-010,2.46598268403779566E-013) (-1.03591314099666515E-002,-6.88097661573895349E-006)
   4.9520050000000007        1.2500000000000000     
   (1.10826751813189496E-002,7.25154043660740869E-006)   (1.11447286817784926E-002,7.34033433957436795E-006)
   (1.06102745140186864E-002,7.15004978685886358E-006)   (3.82403844946757029E-010,2.59392284674624744E-013)   (3.82403844840919270E-010,2.59392284628030353E-013) (-1.06703423650477483E-002,-7.23797426641810607E-006)
   5.0020000000000007        1.2500000000000000     
   (1.14221515445929369E-002,7.62508278392101701E-006)   (1.14861173266464344E-002,7.71869999980498877E-006)
   (1.09255666916362702E-002,7.51829307909558901E-006)   (3.93768450556972809E-010,2.72760515667906042E-013)   (3.93768450440888454E-010,2.72760515617017269E-013) (-1.09874448769967815E-002,-7.61099441323879681E-006)
   5.0519950000000007        1.2500000000000000     
   (1.17685023444526748E-002,8.01523611041250743E-006)   (1.18344204024729803E-002,8.11390911736132083E-006)
   (1.12467574663598600E-002,7.90292288270867262E-006)   (4.05345755349839458E-010,2.86724264697001805E-013)   (4.05345755222437513E-010,2.86724264641180089E-013) (-1.13104818444545244E-002,-8.00063148042801332E-006)
   5.1019899999999998        1.2500000000000000     
   (1.21217960082819938E-002,8.42260662680944559E-006)   (1.21897060496444186E-002,8.52657708959158394E-006)
   (1.15738863454307155E-002,8.30453778524487132E-006)   (4.17137162476586440E-010,3.01305310489390428E-013)   (4.17137162337076588E-010,3.01305310428511267E-013) (-1.16394924085370909E-002,-8.40749315421175646E-006)
   5.1519849999999998        1.2500000000000000     
   (1.24821040088739319E-002,8.84781703925641116E-006)   (1.25520454975272741E-002,8.95733686303147848E-006)
   (1.19069953433422488E-002,8.72375263695108834E-006)   (4.29144162459842358E-010,3.16526052799834724E-013)   (4.29144162306730245E-010,3.16526052733127233E-013) (-1.19745181383001040E-002,-8.83220445382516495E-006)
   5.2019799999999998        1.2500000000000000     
   (1.28494942700590684E-002,9.29150839762095283E-006)   (1.29215087776971792E-002,9.40683960672536786E-006)
   (1.22461224047064471E-002,9.16120041920852807E-006)   (4.41368188666522968E-010,3.32409536203487771E-013)   (4.41368188499912869E-010,3.32409536130502410E-013) (-1.23155989950626838E-002,-9.27540838086420534E-006)
   5.2519749999999998        1.2500000000000000     
   (1.32240359728011854E-002,9.75433689818644863E-006)   (1.32981641465486269E-002,9.87575267905320165E-006)
   (1.25913061039179142E-002,9.61752900254278612E-006)   (4.53810586274569858E-010,3.48979376548591296E-013)   (4.53810586094532084E-010,3.48979376469466200E-013) (-1.26627725154005426E-002,-9.73776388754164299E-006)
   5.3019699999999998        1.2500000000000000     
   (1.36057988938250839E-002,1.02369770013707238E-005)   (1.36820828786605071E-002,1.03647609780191285E-005)
   (1.29425851328803937E-002,1.00934042798850645E-005)   (4.66472792489950814E-010,3.66259809455936460E-013)   (4.66472792293002316E-010,3.66259809369682232E-013) (-1.30160787392116888E-002,-1.02199472163667775E-005)
   5.3519649999999999        1.2500000000000000     
   (1.39948541567073530E-002,1.07401202493265693E-005)   (1.40733351594661514E-002,1.08745669404665881E-005)
   (1.32999989053289320E-002,1.05895089862382037E-005)   (4.79356179727295540E-010,3.84275690107613209E-013)   (4.79356179513358406E-010,3.84275690013549283E-013) (-1.33755559750008118E-002,-1.07226518836392167E-005)
   5.4019599999999999        1.2500000000000000     
   (1.43912691511110923E-002,1.12644762206368595E-005)   (1.44719886191083599E-002,1.14058932407258890E-005)
   (1.36635825924954993E-002,1.11065436079656555E-005)   (4.92462013563815886E-010,4.03052589816090078E-013)   (4.92462013332850102E-010,4.03052589713313593E-013) (-1.37412395053752266E-002,-1.12465913973422107E-005)
   5.4519549999999999        1.2500000000000000     
   (1.47951147287226879E-002,1.18107731741983717E-005)   (1.48781167404530689E-002,1.19594787406833370E-005)
   (1.40333741732022871E-002,1.16452270588409195E-005)   (5.05791747496941755E-010,4.22616648888727332E-013)   (5.05791747243127277E-010,4.22616648777392830E-013) (-1.41131698427569181E-002,-1.17924951500188547E-005)
   5.5019499999999999        1.2500000000000000     
   (1.52064600598344063E-002,1.23797560489654916E-005)   (1.52917876934808780E-002,1.25360811767435124E-005)
   (1.44094094648287326E-002,1.22062946416334534E-005)   (5.19346625105398764E-010,4.42994675445729824E-013)   (5.19346624830544535E-010,4.42994675324896376E-013) (-1.44913816618845795E-002,-1.23611111382141872E-005)
   5.5519449999999999        1.2500000000000000     
   (1.56253736114555820E-002,1.29721894938326046E-005)   (1.57130713715856775E-002,1.31364778311070634E-005)
   (1.47917229297102951E-002,1.27905010941571057E-005)   (5.33127925242192340E-010,4.64214167446613651E-013)   (5.33127924947665171E-010,4.64214167315304989E-013) (-1.48759106608988348E-002,-1.29532066320531795E-005)
   5.6019399999999999        1.2500000000000000     
   (1.60519277251485876E-002,1.35888562065195778E-005)   (1.61420378697115646E-002,1.37614662402309806E-005)
   (1.51803524169776289E-002,1.33986188762122006E-005)   (5.47136920776864524E-010,4.86303336807491263E-013)   (5.47136920456074990E-010,4.86303336665190349E-013) (-1.52667923003676105E-002,-1.35695688113469584E-005)
   5.6519349999999999        1.2500000000000000     
   (1.64861904639459766E-002,1.42305601035320608E-005)   (1.65787590293631354E-002,1.44118614440186469E-005)
   (1.55753307378211931E-002,1.40314413803486131E-005)   (5.61374919289296750E-010,5.09291011952545095E-013)   (5.61374918941007804E-010,5.09291011797865653E-013) (-1.56640630436777929E-002,-1.42110020622812607E-005)
   5.7019299999999999        1.2500000000000000     
   (1.69282307541524062E-002,1.48981207856083103E-005)   (1.70233027243878073E-002,1.50884987078813116E-005)
   (1.59766911956831063E-002,1.46897773547610220E-005)   (5.75843071624942211E-010,5.33206735110964704E-013)   (5.75843071249303572E-010,5.33206734943668637E-013) (-1.60677549547722266E-002,-1.48783306744471737E-005)
   5.7519250000000000        1.2500000000000000     
   (1.73781204925102552E-002,1.55923807937494066E-005)   (1.74757385919355746E-002,1.57922348740734109E-005)
   (1.63844693161535049E-002,1.53744581460626579E-005)   (5.90542562090343764E-010,5.58080809781569615E-013)   (5.90542561682021151E-010,5.58080809599731446E-013) (-1.64779010983664084E-002,-1.55724001718654145E-005)
   5.8019200000000000        1.2500000000000000     
   (1.78359262000431749E-002,1.63142005386255445E-005)   (1.79361392141674340E-002,1.65239456512402812E-005)
   (1.67986946311888541E-002,1.60863326383039472E-005)   (6.05474668986565092E-010,5.83944202318141087E-013)   (6.05474668544428990E-010,5.83944202122002650E-013) (-1.68945370856131462E-002,-1.62940746049493513E-005)
   5.8519150000000009        1.2500000000000000     
   (1.83017201143605146E-002,1.70644608395878898E-005)   (1.84045733773530416E-002,1.72845269601198973E-005)
   (1.72194019895264283E-002,1.68262697620848841E-005)   (6.20640506656987229E-010,6.10828591131382490E-013)   (6.20640506180355937E-010,6.10828590919291341E-013) (-1.73176939899131639E-002,-1.70442378585009837E-005)
   5.9019100000000000        1.2500000000000000     
   (1.87755714815932145E-002,1.78440642833132109E-005)   (1.88811115734173161E-002,1.80748962935629012E-005)
   (1.76466223347325618E-002,1.75951598537506826E-005)   (6.36041226903307006E-010,6.38766414883401748E-013)   (6.36041226389661449E-010,6.38766414654495265E-013) (-1.77474039153830941E-002,-1.78237950236381112E-005)
   5.9519050000000000        1.2500000000000000     
   (1.92575495073065255E-002,1.86539316906810321E-005)   (1.93658231001694152E-002,1.88959927012478381E-005)
   (1.80803862994938919E-002,1.83939110807928759E-005)   (6.51677923787546191E-010,6.67790869633028250E-013)   (6.51677923233894044E-010,6.67790869173754391E-013) (-1.81836973486204784E-002,-1.86336723635704011E-005)
   6.0019000000000000        1.2500000000000000     
   (1.97477254168720376E-002,1.94950066508431068E-005)   (1.98587804007741113E-002,1.97487754517706819E-005)
   (1.85207256415944287E-002,1.92234540172328724E-005)   (6.67551773776592412E-010,6.97935862673477998E-013)   (6.67551773181677911E-010,6.97935862405424021E-013) (-1.86266071584837677E-002,-1.94748159449072143E-005)
   6.0518950000000000        1.2500000000000000     
   (2.02461663098531565E-002,2.03682535464624937E-005)   (2.03600506133603879E-002,2.06342267134136769E-005)
   (1.89676675711579132E-002,2.00847395750202943E-005)   (6.83663751733233466E-010,7.29236107227286130E-013)   (6.83663751089699874E-010,7.29236106938155103E-013) (-1.90761603782937696E-002,-2.03481943242260854E-005)
   6.1018900000000000        1.2500000000000000     
   (2.07529439981267647E-002,2.12746583369802097E-005)   (2.08697067735786820E-002,2.15533488635096562E-005)
   (1.94212432672631642E-002,2.09787398766879159E-005)   (7.00015009313027669E-010,7.61727025729965813E-013)   (7.00015008623044681E-010,7.61727025419209445E-013) (-1.95323892436678886E-002,-2.12547958553160569E-005)
   6.1518850000000000        1.2500000000000000     
   (2.12681274703938883E-002,2.22152266028968436E-005)   (2.13878165968101955E-002,2.25071671749236979E-005)
   (1.98814804971224474E-002,2.19064461710982938E-005)   (7.16606496534909282E-010,7.95444845016985295E-013)   (7.16606495793304536E-010,7.95444844682191212E-013) (-1.99953201535723983E-002,-2.21956313307851899E-005)
   6.2018800000000001        1.2500000000000000     
   (2.17917877323624588E-002,2.31909870596709908E-005)   (2.19144523232836438E-002,2.34967298488403572E-005)
   (2.03484084917393872E-002,2.28688724192671471E-005)   (7.33439293802410768E-010,8.30426595765333554E-013)   (7.33439293003747724E-010,8.30426595403175464E-013) (-2.04649832956112845E-002,-2.31717339725665308E-005)
   6.2518750000000001        1.2500000000000000     
   (2.23239935866052300E-002,2.42029931047768331E-005)   (2.24496851165172373E-002,2.45231106729223567E-005)
   (2.08220535129955107E-002,2.38670567822618694E-005)   (7.50514425595343384E-010,8.66710211800846056E-013)   (7.50514424734194600E-010,8.66710211412111961E-013) (-2.09414071291654826E-002,-2.41841621741044348E-005)
   6.3018700000000001        1.2500000000000000     
   (2.28648147387657194E-002,2.52523178759314806E-005)   (2.29935822341455869E-002,2.55873982312905484E-005)
   (2.13024422800675815E-002,2.49020566810203236E-005)   (7.67832749944578664E-010,9.04334136536259977E-013)   (7.67832749022673980E-010,9.04334136118291934E-013) (-2.14246156514698340E-002,-2.52339885775238582E-005)
   6.3518650000000001        1.2500000000000000     
   (2.34143218857538055E-002,2.63400571938263980E-005)   (2.35462154197594586E-002,2.66907094019020052E-005)
   (2.17896015965808043E-002,2.59749516959362765E-005)   (7.85395267956241246E-010,9.43337810687346220E-013)   (7.85395266972126273E-010,9.43337810238121716E-013) (-2.19146366877680070E-002,-2.63223136197735053E-005)
   6.4018600000000001        1.2500000000000000     
   (2.39725845246862232E-002,2.74673273608908937E-005)   (2.41076552897699498E-002,2.78341907676881468E-005)
   (2.22835567144248417E-002,2.70868413769888472E-005)   (8.03202915301013027E-010,9.83761719245278454E-013)   (8.03202914240567482E-010,9.83761718761812187E-013) (-2.24114964037566214E-002,-2.74502669116462509E-005)
   6.4518550000000001        1.2500000000000000     
   (2.45396717372384568E-002,2.86352742015439468E-005)   (2.46779757184373769E-002,2.90189968368163579E-005)
   (2.27843316052081767E-002,2.82388542557297050E-005)   (8.21256716010003619E-010,1.02564661367872878E-012)   (8.21256714873116142E-010,1.02564661316076468E-012) (-2.29152232004400519E-002,-2.86189854529058476E-005)
   6.5018500000000001        1.2500000000000000     
   (2.51156551637992977E-002,2.98450630779901812E-005)   (2.52572408900484068E-002,3.02463227027436517E-005)
   (2.32919524502979286E-002,2.94321378305395795E-005)   (8.39557337735065626E-010,1.06903467803082734E-012)   (8.39557336520101191E-010,1.06903467747537212E-012) (-2.34258357489450612E-002,-2.98296462262680728E-005)
   6.5518450000000001        1.2500000000000000     
   (2.57006042570653917E-002,3.10978828321945664E-005)   (2.58455225503567386E-002,3.15173795138054831E-005)
   (2.38064421691479566E-002,3.06678625130582993E-005)   (8.58105673102806065E-010,1.11396865130292758E-012)   (8.58105671795312483E-010,1.11396865070502079E-012) (-2.39433589886369549E-002,-3.10834416927499211E-005)
   6.6018400000000002        1.2500000000000000     
   (2.62945902562070621E-002,3.23949441435668643E-005)   (2.64428953350412665E-002,3.28333999793861350E-005)
   (2.43278250417495040E-002,3.19472199204524045E-005)   (8.76902714327577785E-010,1.16049202408200016E-012)   (8.76902712927686475E-010,1.16049202344118843E-012) (-2.44678205135785941E-002,-3.23815852759363248E-005)
   6.6518350000000002        1.2500000000000000     
   (2.68976784275222064E-002,3.37374856443504236E-005)   (2.70494231212147634E-002,3.41956491668382796E-005)
   (2.48561188064363066E-002,3.32714290274388740E-005)   (8.95949040544754120E-010,1.20864942235200218E-012)   (8.95949039047932338E-010,1.20864942135010935E-012) (-2.49992364269137589E-002,-3.37253220846715283E-005)
   6.7018300000000002        1.2500000000000000     
   (2.75099433903931573E-002,3.51267678125995268E-005)   (2.76651841098287526E-002,3.56054136849040295E-005)
   (2.53913499543806827E-002,3.46417299734343289E-005)   (9.15245712905475661E-010,1.25848622167398942E-012)   (9.15245710980399521E-010,1.25848622093828618E-012) (-2.55376362899876266E-002,-3.51159181438378458E-005)
   6.7518250000000002        1.2500000000000000     
   (2.81314537146305464E-002,3.65640800526074915E-005)   (2.82902427366409845E-002,3.70640016501508441E-005)
   (2.59335378002909719E-002,3.60593911883434385E-005)   (9.34793287385366259E-010,1.31004854544658846E-012)   (9.34793285672954739E-010,1.31004854465702033E-012) (-2.60830355750017832E-002,-3.65546603087041068E-005)
   6.8018200000000002        1.2500000000000000     
   (2.87622815328121978E-002,3.80507303153427567E-005)   (2.89246723055870264E-002,3.85727535923064324E-005)
   (2.64827050837108877E-002,3.75256989114789951E-005)   (9.54592599530243831E-010,1.36338365044949015E-012)   (9.54592597711673192E-010,1.36338364960356226E-012) (-2.66354576202981995E-002,-3.80428670725453745E-005)
   6.8518150000000002        1.2500000000000000     
   (2.94024918285134759E-002,3.95880551191340506E-005)   (2.95685435449726218E-002,4.01330287919929768E-005)
   (2.70388664921257724E-002,3.90419672946571477E-005)   (9.74644379142497559E-010,1.41853944445799452E-012)   (9.74644377190748154E-010,1.41853944355459495E-012) (-2.71949226580787788E-002,-3.95818750664711337E-005)
   6.9018100000000002        1.2500000000000000     
   (3.00521593061096465E-002,4.11774142762802887E-005)   (3.02219247305931284E-002,4.17462189690051287E-005)
   (2.76020456660306668E-002,4.06095329737336252E-005)   (9.94949240743998801E-010,1.47556496354548002E-012)   (9.94949238658341261E-010,1.47556496258118917E-012) (-2.77614478928316852E-002,-4.11730524638721752E-005)
   6.9518050000000002        1.2500000000000000     
   (3.07113523240058785E-002,4.28201965547741792E-005)   (3.08848900705552959E-002,4.34137372917394468E-005)
   (2.81722595073030553E-002,4.22297608066680977E-005)   (1.01550798468025826E-009,1.53450999271929508E-012)   (1.01550798246409767E-009,1.53450999168762294E-012) (-2.83350556540997861E-002,-4.28177882436010877E-005)
   7.0018000000000011        1.2500000000000000     
   (3.13801410394404165E-002,4.45178136767824671E-005)   (3.15575057165053824E-002,4.51370266425396200E-005)
   (2.87495258472257355E-002,4.39040377838565609E-005)   (1.03632111118235809E-009,1.59542534770934921E-012)   (1.03632110881161999E-009,1.59542534660487952E-012) (-2.89157596445082654E-002,-4.45175001444224737E-005)
   7.0517949999999994        1.2500000000000000     
   (3.20585966571927117E-002,4.62717019303436272E-005)   (3.22398437441144270E-002,4.69175541250781708E-005)
   (2.93338629270321269E-002,4.56337746555394508E-005)   (1.05738929086089127E-009,1.65836268598863273E-012)   (1.05738928834979117E-009,1.65836268481049348E-012) (-2.95035787212482754E-002,-4.62736294066231770E-005)
   7.1017899999999994        1.2500000000000000     
   (3.27467886707114714E-002,4.80833323992812365E-005)   (3.29319793787427109E-002,4.87568164870074791E-005)
   (2.99252866028645002E-002,4.74204160906842838E-005)   (1.07871328723187840E-009,1.72337469075884245E-012)   (1.07871328454050090E-009,1.72337468950066519E-012) (-3.00985341450234097E-002,-4.80876459962573300E-005)
   7.1517849999999994        1.2500000000000000     
   (3.34447854889981869E-002,4.99541862769859048E-005)   (3.36339770035099170E-002,5.06563319978841649E-005)
   (3.05238109494639157E-002,4.92654159877515865E-005)   (1.10029346284623899E-009,1.79051479181759840E-012)   (1.10029345999104953E-009,1.79051479047277620E-012) (-3.07006358147762677E-002,-4.99610404391996352E-005)
   7.2017799999999994        1.2500000000000000     
   (3.41526594480438539E-002,5.18857900058128515E-005)   (3.43459097587227660E-002,5.26176567657999896E-005)
   (3.11294531745661823E-002,5.11702725717442006E-005)   (1.12213044905728032E-009,1.85983773509610549E-012)   (1.12213044601019055E-009,1.85983773366259825E-012) (-3.13099014783197946E-002,-5.18953402344311679E-005)
   7.2517749999999994        1.2500000000000000     
   (3.48704802535432512E-002,5.38796818447502069E-005)   (3.50678480988208044E-002,5.46423629113521500E-005)
   (3.17422275635535350E-002,5.31364949714547676E-005)   (1.14422478460541884E-009,1.93139881256672229E-012)   (1.14422478137714736E-009,1.93139881104179625E-012) (-3.19263460297929333E-002,-5.38920879340690890E-005)
   7.3017699999999994        1.2500000000000000     
   (3.55983182157760814E-002,5.59374328348031112E-005)   (3.57998632752055748E-002,5.67320550087009007E-005)
   (3.23621478289321668E-002,5.51656240329270961E-005)   (1.16657697203366930E-009,2.00525444037852865E-012)   (1.16657696859710898E-009,2.00525443874903131E-012) (-3.25499835432833048E-002,-5.59528575164984515E-005)
   7.3517649999999994        1.2500000000000000     
   (3.63362436035493189E-002,5.80606467984199004E-005)   (3.65420236401864315E-002,5.88883699419157403E-005)
   (3.29892270508598817E-002,5.72592324795795344E-005)   (1.18918742214776597E-009,2.08146215688476997E-012)   (1.18918741850090760E-009,2.08146215514894236E-012) (-3.31808254254025228E-002,-5.80792542903102349E-005)
   7.4017599999999995        1.2500000000000000     
   (3.70843276204920608E-002,6.02509455205242696E-005)   (3.72944037482002000E-002,6.11129716588333698E-005)
   (3.36234788059622744E-002,5.94189098443241825E-005)   (1.21205672653139611E-009,2.16008042767579283E-012)   (1.21205672265624085E-009,2.16008042582807006E-012) (-3.38188879774534989E-002,-6.02729093685361222E-005)
   7.4517549999999995        1.2500000000000000     
   (3.78426363090014345E-002,6.25099862638530242E-005)   (3.80570727448907159E-002,6.34075400519103617E-005)
   (3.42649107940386013E-002,6.16462800966858479E-005)   (1.23518526016586660E-009,2.24116825982846758E-012)   (1.23518525605243204E-009,2.24116825785868114E-012) (-3.44641818236461756E-002,-6.25354689763412921E-005)
   7.5017499999999995        1.2500000000000000     
   (3.86112459435682120E-002,6.48394470196281622E-005)   (3.88301003676558426E-002,6.57738037955538747E-005)
   (3.49135398459921309E-002,6.39429867852738735E-005)   (1.25857338983555353E-009,2.32478635993504555E-012)   (1.25857338547869233E-009,2.32478635783846016E-012) (-3.51167169564803108E-002,-6.48686267608897596E-005)
   7.5517449999999995        1.2500000000000000     
   (3.93902212431493023E-002,6.72410365407373028E-005)   (3.96135592110770651E-002,6.82135076292645704E-005)
   (3.55693709144952741E-002,6.63107030645690405E-005)   (1.28222156826160726E-009,2.41099597031940277E-012)   (1.28222156361431240E-009,2.41099596808977822E-012) (-3.57765060450314504E-002,-6.72740913115503551E-005)
   7.6017399999999995        1.2500000000000000     
   (4.01796367267944071E-002,6.97165004564049494E-005)   (4.04075194798623402E-002,7.07284232641998710E-005)
   (3.62324178146656017E-002,6.87511378266298897E-005)   (1.30613013425780992E-009,2.49985926042277519E-012)   (1.30613012934861809E-009,2.49985925804437203E-012) (-3.64435586320172311E-002,-6.97535970272952853E-005)
   7.6517349999999995        1.2500000000000000     
   (4.09795619943470885E-002,7.22675951279802396E-005)   (4.12120492924376441E-002,7.33203655870921030E-005)
   (3.69026889689785600E-002,7.12660092609126257E-005)   (1.33029931038380775E-009,2.59143989746504570E-012)   (1.33029930516806051E-009,2.59143989494091213E-012) (-3.71178807657102164E-002,-7.23089201550744629E-005)
   7.7017299999999995        1.2500000000000000     
   (4.17900652459076566E-002,7.48961224629927317E-005)   (4.20272222938965975E-002,7.59911711780751170E-005)
   (3.75801907485644807E-002,7.38570800725421920E-005)   (1.35472951949970345E-009,2.68580228056288153E-012)   (1.35472951395996032E-009,2.68580227788137969E-012) (-3.77994840700959164E-002,-7.49418572689499596E-005)
   7.7517249999999995        1.2500000000000000     
   (4.26112173563627031E-002,7.76039065340503097E-005)   (4.28531097849905590E-002,7.87426980572573693E-005)
   (3.82649310932311956E-002,7.65261335891076228E-005)   (1.37942106003482673E-009,2.78301152928288589E-012)   (1.37942105418573935E-009,2.78301152642780173E-012) (-3.84883769410542462E-002,-7.76542251235617454E-005)
   7.8017199999999995        1.2500000000000000     
   (4.34430915795794709E-002,8.03927962555931028E-005)   (4.36897807568117982E-002,8.15768475031601728E-005)
   (3.89569196754388294E-002,7.92749767157231792E-005)   (1.40437411922397940E-009,2.88313426640770026E-012)   (1.40437411301171445E-009,2.88313426338092523E-012) (-3.91845645709172144E-002,-8.04478822519732572E-005)
   7.8517150000000004        1.2500000000000000     
   (4.42857544455826785E-002,8.32646767827462266E-005)   (4.45373072731514302E-002,8.44955423590227202E-005)
   (3.96561591520240980E-002,8.21054511494847145E-005)   (1.42958897173999343E-009,2.98623783193323035E-012)   (1.42958896515271911E-009,2.98623782871724543E-012) (-3.98880545627515251E-002,-8.33247074000399436E-005)
   7.9017100000000005        1.2500000000000000     
   (4.51392799722460936E-002,8.62214575294337053E-005)   (4.53957589855173149E-002,8.75007433531945091E-005)
   (4.03626585362937898E-002,8.50194213514161536E-005)   (1.45506578607887943E-009,3.09239087551090965E-012)   (1.45506577912963047E-009,3.09239087210170051E-012) (-4.05988515185796636E-002,-8.62866156252743981E-005)
   7.9517050000000005        1.2500000000000000     
   (4.60037355753222174E-002,8.92650848728561864E-005)   (4.62652088154736213E-002,9.05944381435258079E-005)
   (4.10764196670485027E-002,8.80187872125594311E-005)   (1.48080479840015078E-009,3.20166295308853206E-012)   (1.48080479106766904E-009,3.20166294946548986E-012) (-4.13169621224253256E-002,-8.93355474155980241E-005)
   8.0016999999999996        1.2500000000000000     
   (4.68791935076368141E-002,9.23975273482627036E-005)   (4.71457268887381306E-002,9.37786360450810607E-005)
   (4.17974485680398730E-002,9.11054693447671554E-005)   (1.50680617139484095E-009,3.31412434432780535E-012)   (1.50680616279639733E-009,3.31412434048728170E-012) (-4.20423904857775976E-002,-9.24734632519053898E-005)
   8.0516949999999987        1.2500000000000000     
   (4.77657216581469785E-002,9.56207758420737957E-005)   (4.80373841302821070E-002,9.70554059045099259E-005)
   (4.25257459993875001E-002,9.42814088797707946E-005)   (1.53307000701374109E-009,3.42984739656692105E-012)   (1.53306999878343441E-009,3.42984739248521487E-012) (-4.27751398481117720E-002,-9.57023815380918507E-005)
   8.1016899999999996        1.2500000000000000     
   (4.86633951521591238E-002,9.89368770276887160E-005)   (4.89402489266914098E-002,1.00426805623641803E-004)
   (4.32613193239603025E-002,9.75486012076283540E-005)   (1.55959632131280306E-009,3.54890400906493727E-012)   (1.55959631262900247E-009,3.54890400473899229E-012) (-4.35152104095307204E-002,-9.90243079149095588E-005)
   8.1516849999999987        1.2500000000000000     
   (4.95722779883016260E-002,1.02347885700828422E-004)   (4.98543953186394509E-002,1.03894952624509419E-004)
   (4.40041643215539416E-002,1.00909048124299378E-004)   (1.58638531916713374E-009,3.67136815461356117E-012)   (1.58638530998508669E-009,3.67136815003404454E-012) (-4.42626078792812405E-002,-1.02441306113297678E-004)
   8.2016799999999996        1.2500000000000000     
   (5.04924490089017214E-002,1.05855891258691735E-004)   (5.07798954194364910E-002,1.07462007661014329E-004)
   (4.47542902831478476E-002,1.04364784162260671E-004)   (1.61343708454687946E-009,3.79731529580717125E-012)   (1.61343707487462657E-009,3.79731529094069323E-012) (-4.50173343681061350E-002,-1.05955481006793719E-004)
   8.2516749999999988        1.2500000000000000     
   (5.14239719335069997E-002,1.09463019969517338E-004)   (5.17168158126663433E-002,1.11130120706289339E-004)
   (4.55116912067061868E-002,1.07917878848251081E-004)   (1.64075148654674445E-009,3.92682042647632460E-012)   (1.64075147629870417E-009,3.92682042132554847E-012) (-4.57793863290487935E-002,-1.09568924868923233E-004)
   8.3016699999999997        1.2500000000000000     
   (5.23669166172251524E-002,1.13171417894865757E-004)   (5.26652290238953311E-002,1.14901517314072930E-004)
   (4.62763661636255499E-002,1.11570419780806514E-004)   (1.66832858921353455E-009,4.05996120643294837E-012)   (1.66832857715379212E-009,4.05996120097874721E-012) (-4.65487654550634858E-002,-1.13283803965295927E-004)
   8.3516649999999988        1.2500000000000000     
   (5.33213580723489108E-002,1.16983279001669384E-004)   (5.36252079066794410E-002,1.18778423331266194E-004)
   (4.70483187125095223E-002,1.15324540365284334E-004)   (1.69616843784132457E-009,4.19681521221752059E-012)   (1.69616842645149028E-009,4.19681520643474940E-012) (-4.73254731729948197E-002,-1.17102282364912015E-004)
   8.4016599999999997        1.2500000000000000     
   (5.42873668470036513E-002,1.20900814295673030E-004)   (5.45968262874405100E-002,1.22763118503910613E-004)
   (4.78275473407452981E-002,1.19182388997377114E-004)   (1.72427106986606901E-009,4.33746189689249475E-012)   (1.72427105789332716E-009,4.33746189077896198E-012) (-4.81095098282973976E-002,-1.21026576267228722E-004)
   8.4516549999999988        1.2500000000000000     
   (5.52650076014613301E-002,1.24926275955655357E-004)   (5.55801461831162691E-002,1.26857904492617301E-004)
   (4.86140438852473988E-002,1.23146153231412913E-004)   (1.75263611008082640E-009,4.48198140264152157E-012)   (1.75263609744589504E-009,4.48198139616133534E-012) (-4.89008654310729082E-002,-1.25058921623001298E-004)
   8.5016499999999997        1.2500000000000000     
   (5.62543572092010224E-002,1.29061930579406315E-004)   (5.65752475738839286E-002,1.31065115341871450E-004)
   (4.94078116887191054E-002,1.27218032866222291E-004)   (1.78126374760362164E-009,4.63045497585791753E-012)   (1.78126373431858877E-009,4.63045496900541359E-012) (-4.96995454121563138E-002,-1.29201584518462371E-004)
   8.5516450000000006        1.2500000000000000     
   (5.72554860764877549E-002,1.33310088788937150E-004)   (5.75821937790251398E-002,1.35387128498347809E-004)
   (5.02088466313472953E-002,1.31400269441130942E-004)   (1.81015360613134757E-009,4.78296532653238550E-012)   (1.81015359208505004E-009,4.78296531928497471E-012) (-5.05055385256098638E-002,-1.33456872144402925E-004)
   8.6016399999999980        1.2500000000000000     
   (5.82684622616421732E-002,1.37673093048297902E-004)   (5.86010653680872767E-002,1.39826343252772952E-004)
   (5.10171416684589776E-002,1.35695134190923070E-004)   (1.83930584754299012E-009,4.93959586572684945E-012)   (1.83930583277070140E-009,4.93959585806285386E-012) (-5.13188495557581406E-002,-1.37827111319187165E-004)
   8.6516349999999989        1.2500000000000000     
   (5.92933561358300817E-002,1.42153328680104298E-004)   (5.96319206628764878E-002,1.44385191200629027E-004)
   (5.18326913994347424E-002,1.40104938621082224E-004)   (1.86871984994162058E-009,5.10043107944407522E-012)   (1.86871983444182630E-009,5.10043107135027933E-012) (-5.21394612430585783E-002,-1.42314658658296625E-004)
   8.7016299999999980        1.2500000000000000     
   (6.03302371181447250E-002,1.46753176392104545E-004)   (6.06748465829788503E-002,1.49066136810531137E-004)
   (5.26554889303465015E-002,1.44631987444812025E-004)   (1.89839596606047584E-009,5.26555654554866936E-012)   (1.89839594972992505E-009,5.26555653698592023E-012) (-5.29673831691439972E-002,-1.46921901040407920E-004)
   8.7516249999999989        1.2500000000000000     
   (6.13791767570006294E-002,1.51475098953265106E-004)   (6.17299025530538212E-002,1.53871687921500964E-004)
   (5.34855278560515401E-002,1.49278664649884287E-004)   (1.92833354226117074E-009,5.43505929595425202E-012)   (1.92833352504975035E-009,5.43505928692742467E-012) (-5.38025970038837481E-002,-1.51651266576540073E-004)
   8.8016199999999980        1.2500000000000000     
   (6.24402479003484737E-002,1.56321545224150858E-004)   (6.27971592694982761E-002,1.58804384799927700E-004)
   (5.43228033715264028E-002,1.54047338050734009E-004)   (1.95853230986581064E-009,5.60902745332713421E-012)   (1.95853229171097670E-009,5.60902744377133375E-012) (-5.46450952539698082E-002,-1.56505212799370200E-004)
   8.8516149999999989        1.2500000000000000     
   (6.35135198033757870E-002,1.61295024521000295E-004)   (6.38766934050602891E-002,1.63866789774433331E-004)
   (5.51673060845174201E-002,1.58940432931162240E-004)   (1.98899218320626741E-009,5.78754980749498356E-012)   (1.98899216412844921E-009,5.78754979739216468E-012) (-5.54948757210362090E-002,-1.61486216537226320E-004)
   8.9016099999999980        1.2500000000000000     
   (6.45990664232722195E-002,1.66398060609259936E-004)   (6.49685769347508879E-002,1.69061497803167611E-004)
   (5.60190302368019366E-002,1.63960386434440866E-004)   (2.01971287415758844E-009,5.97071622951349129E-012)   (2.01971285411437478E-009,5.97071621800581196E-012) (-5.63519297517525442E-002,-1.66596784770334737E-004)
   8.9516049999999989        1.2500000000000000     
   (6.56969518461421043E-002,1.71633233884048713E-004)   (6.60728759620267947E-002,1.74391168933481520E-004)
   (5.68779591627707123E-002,1.69109689450337529E-004)   (2.05069387472313114E-009,6.15861882757555002E-012)   (2.05069385370088306E-009,6.15861881631589644E-012) (-5.72162436095868809E-002,-1.71839486295271567E-004)
   9.0015999999999980        1.2500000000000000     
   (6.68072512703778848E-002,1.77003133676705921E-004)   (6.71896686409784449E-002,1.79858452517515834E-004)
   (5.77440874521215827E-002,1.74390839018760056E-004)   (2.08193505198056075E-009,6.35134922379309456E-012)   (2.08193502983871212E-009,6.35134921192495432E-012) (-5.80878133936162250E-002,-1.77216876712018906E-004)
   9.0515949999999989        1.2500000000000000     
   (6.79300334957375490E-002,1.82510396586545815E-004)   (6.83190168012603877E-002,1.85466063399214036E-004)
   (5.86174021376498974E-002,1.79806376262167574E-004)   (2.11343569134118747E-009,6.54900125090090347E-012)   (2.11343566812245597E-009,6.54900124177995040E-012) (-5.89666187684051712E-002,-1.82731573389886186E-004)
   9.1015899999999981        1.2500000000000000     
   (6.90653699150636652E-002,1.88157691426689091E-004)   (6.94609988305137788E-002,1.91216738015705779E-004)
   (5.94978920904744926E-002,1.85358871449391378E-004)   (2.14519564371483216E-009,6.75166944850577187E-012)   (2.14519561931070825E-009,6.75166943528501684E-012) (-5.98526556901607734E-002,-1.88386212905742239E-004)
   9.1515849999999990        1.2500000000000000     
   (7.02133311028379364E-002,1.93947692088864765E-004)   (7.06156830792276230E-002,1.97113245962941998E-004)
   (6.03855441214412383E-002,1.91050896929557897E-004)   (2.17721432887412801E-009,6.95944938197082130E-012)   (2.17721430321603965E-009,6.95944936801258629E-012) (-6.07459083236149902E-002,-1.94183461023116012E-004)
   9.2015799999999981        1.2500000000000000     
   (7.13739876151930769E-002,1.99883145504271159E-004)   (7.17831378212191590E-002,2.03158399970037690E-004)
   (6.12803452250764782E-002,1.96885094695723671E-004)   (2.20949119923413659E-009,7.17243809132216835E-012)   (2.20949117232453844E-009,7.17243807575552102E-012) (-6.16463606843506845E-002,-2.00126023899989424E-004)
   9.2515749999999990        1.2500000000000000     
   (7.25474073758697879E-002,2.05966814803902382E-004)   (7.29634432233275954E-002,2.09355057029816352E-004)
   (6.21822782239156505E-002,2.02864119377459660E-004)   (2.24202605878078643E-009,7.39073403912661903E-012)   (2.24202603056734773E-009,7.39073402362765834E-012) (-6.25540075215234581E-002,-2.06216648110861507E-004)
   9.3015699999999981        1.2500000000000000     
   (7.37336659492780627E-002,2.12201483111303671E-004)   (7.41566628581207532E-002,2.15706073832256740E-004)
   (6.30913334928990682E-002,2.08990642281838517E-004)   (2.27481810463371734E-009,7.61443558147932420E-012)   (2.27481807496736360E-009,7.61443556511755759E-012) (-6.34688264277714215E-002,-2.12458076484349864E-004)
   9.3515649999999990        1.2500000000000000     
   (7.49328356130226636E-002,2.18589997024692777E-004)   (7.53628658302635951E-002,2.22214351232505059E-004)
   (6.40074964689681530E-002,2.15267394948900350E-004)   (2.30786675480946301E-009,7.84364251255957894E-012)   (2.30786672378942573E-009,7.84364249531633668E-012) (-6.43908010053546170E-002,-2.18853092538666725E-004)
   9.4015599999999999        1.2500000000000000     
   (7.61449804538712194E-002,2.25135215816341799E-004)   (7.65821342103488734E-002,2.28882877104810028E-004)
   (6.49307444614143636E-002,2.21697117178169893E-004)   (2.34117175076556334E-009,8.07845762179122760E-012)   (2.34117171827176152E-009,8.07845760361084140E-012) (-6.53199238792651626E-002,-2.25404562793740632E-004)
   9.4515549999999990        1.2500000000000000     
   (7.73701726430003206E-002,2.31840034749262471E-004)   (7.78145322632640135E-002,2.35714617986040474E-004)
   (6.58610617679222105E-002,2.28282581851893876E-004)   (2.37473227526389587E-009,8.31898279099251947E-012)   (2.37473224120324151E-009,8.31898277102303532E-012) (-6.62561723026024729E-002,-2.32115328874515697E-004)
   9.5015499999999999        1.2500000000000000     
   (7.86084896858780663E-002,2.38707375352913956E-004)   (7.90601255195163555E-002,2.42712584196199326E-004)
   (6.67984371580444686E-002,2.35026583275090413E-004)   (2.40854749417066585E-009,8.56532133114449677E-012)   (2.40854745855564605E-009,8.56532131096132375E-012) (-6.71995224700027982E-002,-2.38988271898408773E-004)
   9.5515449999999991        1.2500000000000000     
   (7.98599920674168962E-002,2.45740219759786095E-004)   (8.03189962663682921E-002,2.49879808273994770E-004)
   (6.77428420049924485E-002,2.41931973202977080E-004)   (2.44261711738306811E-009,8.81757721143154446E-012)   (2.44261708000267201E-009,8.81757718930546635E-012) (-6.81499669492430238E-002,-2.46026291328661707E-004)
   9.6015400000000000        1.2500000000000000     
   (8.11247582801683242E-002,2.52941527554197988E-004)   (8.15912102659023808E-002,2.57219431900995591E-004)
   (6.86942643127270852E-002,2.49001576509142342E-004)   (2.47694028262029594E-009,9.07585815288170763E-012)   (2.47694024344373421E-009,9.07585813050253164E-012) (-6.91074815417259403E-002,-2.53232391548287273E-004)
   9.6515349999999991        1.2500000000000000     
   (8.24028528450933551E-002,2.60314365452173231E-004)   (8.28768401927236359E-002,2.64734531838771621E-004)
   (6.96526784333419413E-002,2.56238320463487176E-004)   (2.51151632077290285E-009,9.34026940864126566E-012)   (2.51151627621802395E-009,9.34026938508910879E-012) (-7.00720466011755805E-002,-2.60609507545079882E-004)
   9.7015300000000000        1.2500000000000000     
   (8.36943559632749023E-002,2.67861777421439008E-004)   (8.41759581823177255E-002,2.72428293938727485E-004)
   (7.06180722456428572E-002,2.63645105761420306E-004)   (2.54634448661378940E-009,9.61091998117529747E-012)   (2.54634444356968227E-009,9.61091995641445524E-012) (-7.10436427701279655E-002,-2.68160679286845449E-004)
   9.7515249999999991        1.2500000000000000     
   (8.49993275245406049E-002,2.75586862966489745E-004)   (8.54886314167216527E-002,2.80303883129849444E-004)
   (7.15904138616057645E-002,2.71224884275258137E-004)   (2.58142394932893937E-009,9.88791797464890563E-012)   (2.58142390427785798E-009,9.88791794859216058E-012) (-7.20222447315521513E-002,-2.75888921133095213E-004)
   9.8015200000000000        1.2500000000000000     
   (8.63178484980786226E-002,2.83492775244072485E-004)   (8.68149336566650942E-002,2.88364573730195452E-004)
   (7.25696904928163633E-002,2.78980656322642734E-004)   (2.61675389485195676E-009,1.01713752057079997E-011)   (2.61675384782144002E-009,1.01713751782864535E-011) (-7.30078317801130666E-002,-2.83797351735016676E-004)
   9.8515149999999991        1.2500000000000000     
   (8.76499805910879309E-002,2.91582644324777588E-004)   (8.81549375976090482E-002,2.96613596669006183E-004)
   (7.35558701386233582E-002,2.86915395055355291E-004)   (2.65233365303432969E-009,1.04614018167117028E-011)   (2.65233360380843797E-009,1.04614017777725487E-011) (-7.40003841524351502E-002,-2.91889042213273225E-004)
   9.9015100000000000        1.2500000000000000     
   (8.89957997268462364E-002,2.99859689123980512E-004)   (8.95087133261482093E-002,3.05054270755711549E-004)
   (7.45489341582536158E-002,2.95032157348567366E-004)   (2.68816224518031082E-009,1.07581108995708906E-011)   (2.68816219359382802E-009,1.07581108692055830E-011) (-7.49998739272270259E-002,-3.00167146179001413E-004)
   9.9515049999999992        1.2500000000000000     
   (9.03553778626087212E-002,3.08327149028831543E-004)   (9.08763341297134097E-002,3.13689915586514562E-004)
   (7.55488597945361551E-002,3.03334015627309010E-004)   (2.72423892572281788E-009,1.10616153864755942E-011)   (2.72423887184550429E-009,1.10616153545260096E-011) (-7.60062809507638659E-002,-3.08634813174421367E-004)
   10.001500000000000        1.2500000000000000     
   (9.17287776647493086E-002,3.16988273873965317E-004)   (9.22578693676236045E-002,3.22523916530880828E-004)
   (7.65556128448190987E-002,3.11824047555698787E-004)   (2.76056271906499551E-009,1.13720304141441626E-011)   (2.76056266279915943E-009,1.13720303788689953E-011) (-7.70195779812053172E-002,-3.17295253070204919E-004)
   10.051494999999999        1.2500000000000000     
   (9.31160815473776743E-002,3.25846377602181914E-004)   (9.36533897481106187E-002,3.31559703469120617E-004)
   (7.75691782898990795E-002,3.20505389580082829E-004)   (2.79713260863196453E-009,1.16894724886506164E-011)   (2.79713254976944804E-009,1.16894724432496873E-011) (-7.80397364882443462E-002,-3.26151714995681315E-004)
   10.101490000000000        1.2500000000000000     
   (9.45173521487308044E-002,3.34904773398665061E-004)   (9.50629651006024284E-002,3.40800685028693699E-004)
   (7.85895220889943347E-002,3.29381172415601229E-004)   (2.83394764010151941E-009,1.20140571784437284E-011)   (2.83394757605242207E-009,1.20140571413638258E-011) (-7.90667291412798373E-002,-3.35207421494877376E-004)
   10.151484999999999        1.2500000000000000     
   (9.59326640688426546E-002,3.44166863215093451E-004)   (9.64866711059043508E-002,3.50250357634255085E-004)
   (7.96166193754502677E-002,3.38454609754395219E-004)   (2.87100698087636455E-009,1.23459030323543973E-011)   (2.87100691666992380E-009,1.23459029832669212E-011) (-8.01005334322527213E-002,-3.44465677628204812E-004)
   10.201479999999998        1.2500000000000000     
   (9.73620854985085549E-002,3.53636035182015287E-004)   (9.79245793386779861E-002,3.59912240998559751E-004)
   (8.06504404177807444E-002,3.47728895685447416E-004)   (2.90830961346366825E-009,1.26851291370206957E-011)   (2.90830954658915437E-009,1.26851290960880217E-011) (-8.11411204207625747E-002,-3.53929804346403670E-004)
   10.251474999999999        1.2500000000000000     
   (9.88056856933432759E-002,3.63315703774781901E-004)   (9.93767554965857003E-002,3.69789898555432080E-004)
   (8.16909534243153296E-002,3.57207244994291249E-004)   (2.94585430330069160E-009,1.30318560286754885E-011)   (2.94585423323875470E-009,1.30318559856547926E-011) (-8.21884556959683182E-002,-3.63603162409981454E-004)
   10.301469999999998        1.2500000000000000     
        (0.10026353964931234,3.73209380717870205E-004)        (0.10084327679754757,3.79886895245560804E-004)
   (8.27381331625365452E-002,3.66892963654512588E-004)   (2.98364021410199833E-009,1.33862040445918911E-011)   (2.98364014118182649E-009,1.33862039994310786E-011) (-8.32425159169955381E-002,-3.73489106293195506E-004)
   10.351464999999999        1.2500000000000000     
        (0.10173572227485922,3.83320534103525766E-004)        (0.10232421640904311,3.90206883836453553E-004)
   (8.37919534855611353E-002,3.76789307756985790E-004)   (3.02166625133926416E-009,1.37482964383452884E-011)   (3.02166617498253283E-009,1.37482963908793061E-011) (-8.43032703733872374E-002,-3.83591073808669809E-004)
   10.401459999999998        1.2500000000000000     
        (0.10322229369031050,3.93652742344498241E-004)        (0.10381963453966112,4.00753474593407762E-004)
   (8.48523710942783310E-002,3.86899637763704434E-004)   (3.05993099779740136E-009,1.41182547361674862E-011)   (3.05993091820485280E-009,1.41182546762076322E-011) (-8.53706793420942883E-002,-3.93912451735078603E-004)
   10.451454999999999        1.2500000000000000     
        (0.10472333041059807,4.04209514045482008E-004)        (0.10532961691271292,4.11530453154966580E-004)
   (8.59193611371028287E-002,3.97227237667476950E-004)   (3.09843371761905165E-009,1.44962065055460950E-011)   (3.09843363460762706E-009,1.44962064532222587E-011) (-8.64447224842040535E-002,-4.04456797680772758E-004)
   10.501449999999998        1.2500000000000000     
        (0.10623890177864583,4.14994532920795565E-004)        (0.10685421390497732,4.22541476008237891E-004)
   (8.69928879807246036E-002,4.07775559997087145E-004)   (3.13717254663731582E-009,1.48822744442777106E-011)   (3.13717246007935354E-009,1.48822743894148466E-011) (-8.75253476230072047E-002,-4.15227531780072885E-004)
   10.551444999999999        1.2500000000000000     
        (0.10776907745068097,4.26011388445015314E-004)        (0.10839352194865672,4.33790331349910867E-004)
   (8.80729173094195877E-002,4.18547955727318483E-004)   (3.17614719157616095E-009,1.52765857167450998E-011)   (3.17614710463067323E-009,1.52765856591367587E-011) (-8.86125457444430081E-002,-4.26228199924803342E-004)
   10.601439999999998        1.2500000000000000     
        (0.10931394334987315,4.37263753792735117E-004)        (0.10994760507897654,4.45280852219142036E-004)
   (8.91594290744455870E-002,4.29547853727717873E-004)   (3.21535607614794796E-009,1.56792688667264812E-011)   (3.21535598221801474E-009,1.56792688061591309E-011) (-8.97062739276382748E-002,-4.37462385075628021E-004)
   10.651434999999999        1.2500000000000000     
        (0.11087354574532950,4.48755337243057762E-004)        (0.11151652549632605,4.57016829063551728E-004)
   (9.02523653442176971E-002,4.40778710201439067E-004)   (3.25479776076559983E-009,1.60904506591332723E-011)   (3.25479766275379333E-009,1.60904505956148227E-011) (-9.08064906483597445E-002,-4.48933621042495689E-004)
   10.701429999999998        1.2500000000000000     
        (0.11244796393460783,4.60489948137073860E-004)        (0.11310035994248038,4.69002229035464253E-004)
   (9.13516963330090470E-002,4.52244074502955267E-004)   (3.29447101052887804E-009,1.65102638636951530E-011)   (3.29447090809401314E-009,1.65102637970834873E-011) (-9.19131627344733498E-002,-4.60645609901454947E-004)
   10.751424999999999        1.2500000000000000     
        (0.11403728389158094,4.72471262485035575E-004)        (0.11469917181058886,4.81240845471723523E-004)
   (9.24574021933986245E-002,4.63947356178474608E-004)   (3.33437434965332041E-009,1.69388348650071820E-011)   (3.33437424650855629E-009,1.69388347951513205E-011) (-9.30262478948342825E-002,-4.72601873373442913E-004)
   10.801419999999998        1.2500000000000000     
        (0.11564155731049425,4.84703143974880423E-004)        (0.11631304987866324,4.93736735384591699E-004)
   (9.35694257531979601E-002,4.75892144640634976E-004)   (3.37450693186659048E-009,1.73762990742877741E-011)   (3.37450681406922509E-009,1.73762990010277897E-011) (-9.41457229293201775E-002,-4.84806187918384527E-004)
   10.851414999999999        1.2500000000000000     
        (0.11726086215115253,4.97189443529053965E-004)        (0.11794205773069322,5.06493826396420157E-004)
   (9.46877361968619241E-002,4.88082007581354524E-004)   (3.41486725894713558E-009,1.78227871272202612E-011)   (3.41486714308086924E-009,1.78227870503392064E-011) (-9.52715456400674982E-002,-4.97262193693520584E-004)
   10.901409999999998        1.2500000000000000     
        (0.11889526694359712,5.09933993061194432E-004)        (0.11958626199617650,5.19516178295634256E-004)
   (9.58122926271180869E-002,5.00520487252305519E-004)   (3.45545371373644956E-009,1.82784340236762109E-011)   (3.45545359313036552E-009,1.82784339431004828E-011) (-9.64036710978163763E-002,-5.09973653939138887E-004)
   10.951404999999999        1.2500000000000000     
        (0.12054485249035454,5.22940773975329089E-004)        (0.12124574078084170,5.32807810203871491E-004)
   (9.69430645526647983E-002,5.13211265580825198E-004)   (3.49626506488224650E-009,1.87433729857507865E-011)   (3.49626493953568798E-009,1.87433729149953757E-011) (-9.75420646802289126E-002,-5.22944283124603094E-004)
   11.001399999999999        1.2500000000000000     
        (0.12220967829307464,5.36213668583985495E-004)        (0.12292056043468381,5.46372829283009388E-004)
   (9.80800012282485312E-002,5.26157918646083652E-004)   (3.53729972533151258E-009,1.92177401754937664E-011)   (3.53729959498636572E-009,1.92177400834138171E-011) (-9.86866817839989335E-002,-5.36177874524952549E-004)
   11.051394999999999        1.2500000000000000     
        (0.12388981552065149,5.49756644150223924E-004)        (0.12461078733322249,5.60215387916268960E-004)
   (9.92230596197559989E-002,5.39364096910737974E-004)   (3.57855610394716453E-009,1.97016729903035046E-011)   (3.57855596799672379E-009,1.97016728974754707E-011) (-9.98374780641021337E-002,-5.49678259198603395E-004)
   11.101389999999999        1.2500000000000000     
        (0.12558534423036988,5.63573784206523659E-004)        (0.12631650111301637,5.74339641544762292E-004)
        (0.10037221041003994,5.52833559662048446E-004)   (3.62003291330578337E-009,2.01953086112382227E-011)   (3.62003277189919396E-009,2.01953085105340529E-011)      (-0.10099441782742812,-5.63449260837809297E-004)
   11.151384999999999        1.2500000000000000     
        (0.12729632789610870,5.77669068732035093E-004)        (0.12803778017168674,5.88749790806335519E-004)
        (0.10152740205644764,5.66569952956040416E-004)   (3.66172893941210678E-009,2.06987855756216113E-011)   (3.66172879233797442E-009,2.06987854736032711E-011)      (-0.10215746683328340,-5.77494739679317590E-004)
   11.201379999999999        1.2500000000000000     
        (0.12902283734425155,5.92046600178873874E-004)        (0.12977468339565962,6.03450081369965837E-004)
        (0.10268858954626597,5.80577036708487251E-004)   (3.70364209393020625E-009,2.12122436776163115E-011)   (3.70364194099491113E-009,2.12122435707785101E-011)      (-0.10332656636561968,-5.91818591368540215E-004)
   11.251374999999999        1.2500000000000000     
        (0.13076494469422240,6.06710484600081197E-004)        (0.13152728836963404,6.18444763101034297E-004)
        (0.10385573246310148,5.94858563554816395E-004)   (3.74577117235412999E-009,2.17358224220355644E-011)   (3.74577101328416814E-009,2.17358223374083735E-011)      (-0.10450168310186143,-6.06424706169984081E-004)
   11.301369999999999        1.2500000000000000     
        (0.13252272264177734,6.21664838067726398E-004)        (0.13329566621360137,6.33738130093940838E-004)
        (0.10502878720848371,6.09418287757358440E-004)   (3.78811443384863083E-009,2.22696627132887117E-011)   (3.78811427176252611E-009,2.22696625925531193E-011)      (-0.10568276855332492,-6.21317007605845560E-004)
   11.351364999999999        1.2500000000000000     
        (0.13429624340667606,6.36913910152043595E-004)        (0.13507987465450552,6.49334609756786730E-004)
        (0.10620770764776900,6.24260086677506281E-004)   (3.83066983401172488E-009,2.28139097423543760E-011)   (3.83066966190251221E-009,2.28139096194387459E-011)      (-0.10686976505280615,-6.36499544397578455E-004)
   11.401359999999999        1.2500000000000000     
        (0.13608557161477983,6.52461824801465638E-004)        (0.13688000669833103,6.65238502443926921E-004)
        (0.10739244499158025,6.39387702164609275E-004)   (3.87343644774066071E-009,2.33687038700344685E-011)   (3.87343626877042905E-009,2.33687037414625418E-011)      (-0.10806264689300080,-6.51976226553356662E-004)
   11.451355000000000        1.2500000000000000     
        (0.13789078266706881,6.68312878241885473E-004)        (0.13869613249385779,6.81454240872733283E-004)
        (0.10858295325030273,6.54805036537274782E-004)   (3.91641254131413798E-009,2.39341896890817071E-011)   (3.91641235535244260E-009,2.39341895816970812E-011)      (-0.10926136644016826,-6.67751084867262046E-004)
   11.501349999999999        1.2500000000000000     
        (0.13971194694945929,6.84471344137651725E-004)        (0.14052830166969035,6.97986347633430880E-004)
        (0.10977918595871919,6.70515961135228372E-004)   (3.95959562831901600E-009,2.45105148459876178E-011)   (3.95959543890238572E-009,2.45105147015852798E-011)      (-0.11046585278446575,-6.83828231138290297E-004)
   11.551345000000000        1.2500000000000000     
        (0.14154913246829270,7.00941522539102872E-004)        (0.14237660726305143,7.14839218687402054E-004)
        (0.11098109131776134,6.86524359780765932E-004)   (4.00298479953858340E-009,2.50978218391191568E-011)   (4.00298459889979559E-009,2.50978216881130741E-011)      (-0.11167608028601486,-7.00211637673290969E-004)
   11.601339999999999        1.2500000000000000     
        (0.14340241284899022,7.17727732685909266E-004)        (0.14424110994983991,7.32017381951129099E-004)
        (0.11218862267905218,7.02834128763262585E-004)   (4.04657786099117235E-009,2.56962576329245450E-011)   (4.04657765129541858E-009,2.56962574785425572E-011)      (-0.11289198911211702,-7.16905398239536286E-004)
   11.651335000000000        1.2500000000000000     
        (0.14527185353560679,7.34834387663010598E-004)        (0.14612188188852626,7.49525457503066482E-004)
        (0.11340172541839029,7.19449242379976159E-004)   (4.09037308966833586E-009,2.63059719958768718E-011)   (4.09037287373039015E-009,2.63059718343925368E-011)      (-0.11411353053584618,-7.33913687000648527E-004)
   11.701330000000000        1.2500000000000000     
        (0.14715753094451631,7.52265822952858645E-004)        (0.14801899706144286,7.67368022763407738E-004)
        (0.11462035341773874,7.36373587607781462E-004)   (4.13436872620299820E-009,2.69271128081049337E-011)   (4.13436849451189652E-009,2.69271126318596221E-011)      (-0.11534065416873250,-7.51240623150180135E-004)
   11.751324999999998        1.2500000000000000     
        (0.14905951992127134,7.70026605940741637E-004)        (0.14993251644605518,7.85549660628832532E-004)
        (0.11584445941766261,7.53611271328902222E-004)   (4.17856256166318468E-009,2.75598276600223646E-011)   (4.17856232173279500E-009,2.75598274832873782E-011)      (-0.11657330031600402,-7.68890319863249866E-004)
   11.801319999999999        1.2500000000000000     
        (0.15097788072773921,7.88121017416049314E-004)        (0.15186253675597633,8.04075043068361067E-004)
        (0.11707398100742673,7.71166102464680616E-004)   (4.22295359946562570E-009,2.82042669416879266E-011)   (4.22295335757150593E-009,2.82042667565651769E-011)      (-0.11781144015989956,-7.86866965457276731E-004)
   11.851314999999998        1.2500000000000000     
        (0.15291269710560584,8.06553684640345719E-004)        (0.15380910902413911,8.22948846400503174E-004)
        (0.11830887858421775,7.89042221925090066E-004)   (4.26753931999107948E-009,2.88605807555136065E-011)   (4.26753906886653645E-009,2.88605805618566212E-011)      (-0.11905500267662027,-8.05174742130245467E-004)
   11.901309999999999        1.2500000000000000     
        (0.15486402787865422,8.25329185367620747E-004)        (0.15577230907306791,8.42175923796166861E-004)
        (0.11954908584403108,8.07243710785958760E-004)   (4.31231787139820249E-009,2.95289250773100128E-011)   (4.31231761067346167E-009,2.95289248341190678E-011)      (-0.12030393583808752,-8.23817994085041623E-004)
   11.951304999999998        1.2500000000000000     
        (0.15683195136463743,8.44451930698097227E-004)        (0.15775221005183157,8.61760959090585098E-004)
        (0.12079455549650137,8.25774468206678870E-004)   (4.35728743706979015E-009,3.02094492421300957E-011)   (4.35728716685680545E-009,3.02094490302299651E-011)      (-0.12155819076576486,-8.42800883344771022E-004)
   12.001299999999999        1.2500000000000000     
        (0.15881653455343994,8.63926650266217603E-004)        (0.15974887797294074,8.81708727430549426E-004)
        (0.12204522994815559,8.44638699968290672E-004)   (4.40244579327234004E-009,3.09023055373655715E-011)   (4.40244551254945987E-009,3.09023053087419169E-011)      (-0.12281770330155065,-8.62127650051627077E-004)
   12.051294999999998        1.2500000000000000     
        (0.16081784741668564,8.83757864219503132E-004)        (0.16176238865160142,9.02024093406471111E-004)
        (0.12330105122926945,8.63840387654026226E-004)   (4.44779107545463122E-009,3.16076488871777032E-011)   (4.44779079095607521E-009,3.16076486554193507E-011)      (-0.12408242281401520,-8.81802610038361296E-004)
   12.101289999999999        1.2500000000000000     
        (0.16283595864296005,9.03950398717098336E-004)        (0.16379281711902866,9.22711927062315257E-004)
        (0.12456196308576890,8.83383807655575945E-004)   (4.49332153161452373E-009,3.23256338892921370E-011)   (4.49332122989277614E-009,3.23256336470840312E-011)      (-0.12535229840728282,-9.01830069118869540E-004)
   12.151284999999998        1.2500000000000000     
        (0.16487094777329345,9.24508710717913008E-004)        (0.16584023000216816,9.43777101591719114E-004)
        (0.12582791513044425,9.03272850693373377E-004)   (4.53903487050083901E-009,3.30564148408542809E-011)   (4.53903454502786407E-009,3.30564145805191582E-011)      (-0.12662726652719344,-9.22214324847585548E-004)
   12.201279999999999        1.2500000000000000     
        (0.16692287631024672,9.45437726916279158E-004)        (0.16790470406569863,9.65224584017845681E-004)
        (0.12709883912131564,9.23511862013417367E-004)   (4.58492915391636183E-009,3.38001486851139615E-011)   (4.58492881712479414E-009,3.38001484135543792E-011)      (-0.12790727500712085,-9.42959748341095738E-004)
   12.251274999999998        1.2500000000000000     
        (0.16899182092206599,9.66742089119690937E-004)        (0.16998629509005328,9.87059430611908744E-004)
        (0.12837468521557405,9.44104888869479512E-004)   (4.63100181129696691E-009,3.45569952149259688E-011)   (4.63100147512664992E-009,3.45569949313501664E-011)      (-0.12919224924451511,-9.64070789815663857E-004)
   12.301269999999999        1.2500000000000000     
        (0.17107785638793352,9.88426562797858161E-004)        (0.17208509208450798,1.00928644294429092E-003)
        (0.12965539451422620,9.65056086928406257E-004)   (4.67725129441294437E-009,3.53271045311974736E-011)   (4.67725094559383805E-009,3.53271042417635910E-011)      (-0.13048214780978359,-9.85551628914056559E-004)
   12.351264999999998        1.2500000000000000     
        (0.17318104155153166,1.01049605141982765E-003)        (0.17420116295866622,1.03191085998720670E-003)
        (0.13094089949268334,9.86369735063171533E-004)   (4.72367525027018252E-009,3.61106417915544091E-011)   (4.72367488887070382E-009,3.61106414420559179E-011)      (-0.13177690583480609,-1.00740686340775954E-003)
   12.401259999999999        1.2500000000000000     
        (0.17530145945611544,1.03295528102397157E-003)        (0.17633457427786994,1.05493766767101433E-003)
        (0.13223114706733621,1.00804991698229393E-003)   (4.77027155469189870E-009,3.69077624587146103E-011)   (4.77027118060603283E-009,3.69077621359690594E-011)      (-0.13307646046418831,-1.02964082571934540E-003)
   12.451254999999998        1.2500000000000000     
        (0.17743917050502828,1.05580922279921246E-003)        (0.17848539565675317,1.07837194235817723E-003)
        (0.13352606822209526,1.03010094627040442E-003)   (4.81703778165224052E-009,3.77186248001928892E-011)   (4.81703739440092087E-009,3.77186244700478329E-011)      (-0.13438074604512487,-1.05225792059730370E-003)
   12.501249999999999        1.2500000000000000     
        (0.17959424690922871,1.07906272377375229E-003)        (0.18065369560253497,1.10221894073169228E-003)
        (0.13482560235885077,1.05252699853839262E-003)   (4.86397158253194372E-009,3.85433929361364133E-011)   (4.86397118090565523E-009,3.85433925914907386E-011)      (-0.13568969747949888,-1.07526271644892515E-003)
   12.551245000000000        1.2500000000000000     
        (0.18176676483147117,1.10272075888608783E-003)        (0.18283956420918959,1.12648366352178500E-003)
        (0.13612968990887137,1.07533235644533725E-003)   (4.91107152496798496E-009,3.93822210732783213E-011)   (4.91107110933341677E-009,3.93822207140311511E-011)      (-0.13700327368800808,-1.09865950858405777E-003)
   12.601239999999999        1.2500000000000000     
        (0.18395679286842281,1.12678827751506072E-003)        (0.18504305017527331,1.15117146350029965E-003)
        (0.13743826843258189,1.09852126328219626E-003)   (4.95833445887878914E-009,4.02352756840005285E-011)   (4.95833402902660006E-009,4.02352752541706700E-011)      (-0.13832138545488090,-1.12245292906133234E-003)
   12.651235000000000        1.2500000000000000     
        (0.18616439943917565,1.15127021479048491E-003)        (0.18726424609648218,1.17628752844641795E-003)
        (0.13875126740798019,1.12209792802562668E-003)   (5.00575867466719782E-009,4.11027162626620945E-011)   (5.00575822944036482E-009,4.11027158699536526E-011)      (-0.13964398957375604,-1.14664742183865145E-003)
   12.701229999999999        1.2500000000000000     
        (0.18838966480519820,1.17617166459552894E-003)        (0.18950321021605723,1.20183704982236182E-003)
        (0.14006863519471147,1.14606670389036294E-003)   (5.05334167760664542E-009,4.19847022446443532E-011)   (5.05334121616811632E-009,4.19847018355277563E-011)      (-0.14097100949840621,-1.17124742190779412E-003)
   12.751225000000000        1.2500000000000000     
        (0.19063264319301740,1.20149768544372559E-003)        (0.19176000318709352,1.22782548561506974E-003)
        (0.14139028810688212,1.17043188910927686E-003)   (5.10108052595001124E-009,4.28814017380278737E-011)   (5.10108004897552972E-009,4.28814013099602976E-011)      (-0.14230236818124961,-1.19625760959343329E-003)
   12.801219999999999        1.2500000000000000     
        (0.19289341266923418,1.22725323694952530E-003)        (0.19403471872760544,1.25425804178795120E-003)
        (0.14271616658395805,1.19519766338913600E-003)   (5.14897360202051868E-009,4.37929732363904366E-011)   (5.14897310914029201E-009,4.37929727634918167E-011)      (-0.14363802065622810,-1.22168239543422505E-003)
   12.851215000000000        1.2500000000000000     
        (0.19517204832922139,1.25344345896264298E-003)        (0.19632742934656774,1.28114010200938971E-003)
        (0.14404620769949908,1.22036836898866525E-003)   (5.19701873006759620E-009,4.47195807623066255E-011)   (5.19701820474137958E-009,4.47195802961749118E-011)      (-0.14497790020563248,-1.24752634787527448E-003)
   12.901209999999999        1.2500000000000000     
        (0.19746862152631642,1.28007358721778618E-003)        (0.19863818196408325,1.30847714370651820E-003)
        (0.14538034753796089,1.24594842395215591E-003)   (5.24521262538704643E-009,4.56613912923708929E-011)   (5.24521208609268740E-009,4.56613908058586961E-011)      (-0.14632192067046756,-1.27379410997132672E-003)
   12.951205000000000        1.2500000000000000     
        (0.19978319304145653,1.30714877741963014E-003)        (0.20096706334436618,1.33627456842357354E-003)
        (0.14671850263660452,1.27194214959762625E-003)   (5.29355321096968792E-009,4.66185680353564170E-011)   (5.29355266406179476E-009,4.66185675818478025E-011)      (-0.14767002304278398,-1.30049022525078662E-003)
   13.001199999999999        1.2500000000000000     
        (0.20211584461305337,1.33467404421043143E-003)        (0.20331413508811894,1.36453777771267668E-003)
        (0.14806062092739172,1.29835370403319668E-003)   (5.34203776546180187E-009,4.75912738365682324E-011)   (5.34203718895939974E-009,4.75912733069742850E-011)      (-0.14902213006877221,-1.32761922471638996E-003)
   13.051195000000000        1.2500000000000000     
        (0.20446663897488199,1.36265481260442064E-003)        (0.20567949261790264,1.39327236011098084E-003)
        (0.14940662029054969,1.32518763262259561E-003)   (5.39066470050889384E-009,4.85796771103798755E-011)   (5.39066410261513372E-009,4.85796765572282379E-011)      (-0.15037819647488315,-1.35518579647878144E-003)
   13.101189999999999        1.2500000000000000     
        (0.20683565827543157,1.39109618910944911E-003)        (0.20806317628301962,1.42248373387462231E-003)
        (0.15075644344228933,1.35244814800482283E-003)   (5.43943027979426954E-009,4.95839398271073528E-011)   (5.43942967575706879E-009,4.95839391693229770E-011)      (-0.15173812192535552,-1.38319444385095352E-003)
   13.151185000000000        1.2500000000000000     
        (0.20922295337520116,1.42000354023127310E-003)        (0.21046528427613820,1.45217750275316681E-003)
        (0.15211000082800877,1.38013969613501666E-003)   (5.48833297420895470E-009,5.06042294011068941E-011)   (5.48833234864532562E-009,5.06042287853765939E-011)      (-0.15310185878598745,-1.41164982968716214E-003)
   13.201179999999999        1.2500000000000000     
        (0.21162861082475024,1.44938208010776648E-003)        (0.21288586745785801,1.48235918600638384E-003)
        (0.15346723428827072,1.40826655257484876E-003)   (5.53736955159792904E-009,5.16407100317844199E-011)   (5.53736890573723740E-009,5.16407093233200838E-011)      (-0.15446931894724300,-1.44055651470762630E-003)
   13.251175000000000        1.2500000000000000     
        (0.21405269884175099,1.47923722754384162E-003)        (0.21532500191252954,1.51303466131401994E-003)
        (0.15482807040079735,1.43683317263797053E-003)   (5.58653757018377901E-009,5.26935573530845512E-011)   (5.58653690220199891E-009,5.26935566979308554E-011)      (-0.15584043311976783,-1.46991939165560192E-003)
   13.301169999999999        1.2500000000000000     
        (0.21649527661624160,1.50957425613519928E-003)        (0.21778276280952105,1.54420920743709414E-003)
        (0.15619242634045319,1.46584384872218377E-003)   (5.63583455770360270E-009,5.37629251977845121E-011)   (5.63583386766042018E-009,5.37629245147742619E-011)      (-0.15721513381138821,-1.49974273489730087E-003)
   13.351165000000000        1.2500000000000000     
        (0.21895642773176019,1.54039851935854283E-003)        (0.22025923960914959,1.57588863142524619E-003)
        (0.15756023638968111,1.49530292351927126E-003)   (5.68525840679579970E-009,5.48489850920802712E-011)   (5.68525769439230064E-009,5.48489843659443329E-011)      (-0.15859336119868397,-1.53003131740654576E-003)
   13.401159999999999        1.2500000000000000     
        (0.22143623402363422,1.57171553061248798E-003)        (0.22275446390753767,1.60807874789673042E-003)
        (0.15893144181849006,1.52521488273866688E-003)   (5.73480509718544317E-009,5.59519084959745946E-011)   (5.73480435975607113E-009,5.59519077530065260E-011)      (-0.15997500242595977,-1.56078990563822666E-003)
   13.451155000000000        1.2500000000000000     
        (0.22393474019554585,1.60353066183134443E-003)        (0.22526853360337262,1.64078538317926183E-003)
        (0.16030594192808695,1.55558404376848519E-003)   (5.78447293298263835E-009,5.70718658469474572E-011)   (5.78447217223502333E-009,5.70718650729985796E-011)      (-0.16136001206956546,-1.59202324458227319E-003)
   13.501149999999999        1.2500000000000000     
        (0.22645202411414120,1.63584925240058349E-003)        (0.22780150480202568,1.67401402004450635E-003)
        (0.16168366888855498,1.58641466827170270E-003)   (5.83425869574031605E-009,5.82090149915535734E-011)   (5.83425790990572919E-009,5.82090141037657217E-011)      (-0.16274829789025017,-1.62373571804407262E-003)
   13.551145000000000        1.2500000000000000     
        (0.22898815362560609,1.66867699842096115E-003)        (0.23035347744883486,1.70777050417876834E-003)
        (0.16306453774411489,1.61771135064285435E-003)   (5.88416073938462070E-009,5.93635254252948747E-011)   (5.88415992744972770E-009,5.93635245701013642E-011)      (-0.16413981287011248,-1.65593204116259844E-003)
   13.601139999999999        1.2500000000000000     
        (0.23154322096105609,1.70201932787406788E-003)        (0.23292448793104067,1.74206085977490592E-003)
        (0.16444850026893681,1.64947839210259476E-003)   (5.93417475345611679E-009,6.05355725174861766E-011)   (5.93417389995951323E-009,6.05355715591319475E-011)      (-0.16553444078351551,-1.68861708654748847E-003)
   13.651135000000000        1.2500000000000000     
        (0.23411727405771032,1.73588178741590753E-003)        (0.23551463269699086,1.77689077877780694E-003)
        (0.16583545328163674,1.68172018284461038E-003)   (5.98429929133306571E-009,6.17253182286978115E-011)   (5.98429842570351837E-009,6.17253172869447871E-011)      (-0.16693213773144616,-1.72179536387933045E-003)
   13.701129999999999        1.2500000000000000     
        (0.23671039280602729,1.77026980223076954E-003)        (0.23812397329166829,1.81226612544142926E-003)
        (0.16722532792799882,1.71444097690291622E-003)   (6.03453090124747204E-009,6.29329307677410626E-011)   (6.03452999291126051E-009,6.29329297869672145E-011)      (-0.16833280848194790,-1.75547154215804501E-003)
   13.751125000000000        1.2500000000000000     
        (0.23932263798980014,1.80518913999456847E-003)        (0.24075256566162057,1.84819296188453255E-003)
        (0.16861803635672870,1.74764533133316396E-003)   (6.08486635628979284E-009,6.41585832854901996E-011)   (6.08486543329914785E-009,6.41585822924410688E-011)      (-0.16973636048244703,-1.78965043885585535E-003)
   13.801119999999999        1.2500000000000000     
        (0.24195409493706604,1.84064538054391465E-003)        (0.24340051241479260,1.88467700157067953E-003)
        (0.17001351618173832,1.78133759728458987E-003)   (6.13530387476501339E-009,6.54024366409408321E-011)   (6.13530291311276133E-009,6.54024355265872800E-011)      (-0.17114274688324743,-1.82433651511227399E-003)
   13.851115000000000        1.2500000000000000     
        (0.24460482503929659,1.87664403200454573E-003)        (0.24606784818795507,1.92172449857425510E-003)
        (0.17141167367987745,1.81552202311256326E-003)   (6.18583932918582962E-009,6.66646690354516617E-011)   (6.18583833278091506E-009,6.66646678497441658E-011)      (-0.17255185356261105,-1.85953473716040122E-003)
   13.901109999999999        1.2500000000000000     
        (0.24727489396433255,1.91319070043354683E-003)        (0.24875467917123473,1.95934118995383377E-003)
        (0.17281242806040514,1.85020292921146147E-003)   (6.23647106843507239E-009,6.79454395964150763E-011)   (6.23647004414980864E-009,6.79454385829774426E-011)      (-0.17396362951236496,-1.89524952333771702E-003)
   13.951105000000000        1.2500000000000000     
        (0.24996438705707144,1.95029135025551735E-003)        (0.25146106249486949,1.99753317471218017E-003)
        (0.17421570673833114,1.88538496621251011E-003)   (6.28719566890586122E-009,6.92449199225629003E-011)   (6.28719462224308137E-009,6.92449186736960933E-011)      (-0.17537798299053473,-1.93148562913773034E-003)
   14.001100000000001        1.2500000000000000     
        (0.25267336524601364,1.98795135585928340E-003)        (0.25418706062623875,2.03630656335682158E-003)
        (0.17562142284446455,1.92107216342470325E-003)   (6.33800976524691900E-009,7.05632798372796470E-011)   (6.33800868589145249E-009,7.05632787286703990E-011)      (-0.17679481814895587,-1.96824778976138542E-003)
   14.051095000000000        1.2500000000000000     
        (0.25540191261686762,2.02617653517433863E-003)        (0.25693275259851311,2.07566730147717635E-003)
        (0.17702951097196151,1.95726896814284049E-003)   (6.38891090743836861E-009,7.19006832643488860E-011)   (6.38890979443989577E-009,7.19006819969314553E-011)      (-0.17821406791021524,-2.00554054779854404E-003)
   14.101089999999997        1.2500000000000000     
        (0.25815008078448953,2.06497276319439829E-003)        (0.25969822328136860,2.11562169641312491E-003)
        (0.17843986132982742,1.99397985198503016E-003)   (6.43989655290529509E-009,7.32573055001747544E-011)   (6.43989540515785477E-009,7.32573041519316190E-011)      (-0.17963565836956444,-2.04336877511598469E-003)
   14.151084999999997        1.2500000000000000     
        (0.26091792832398392,2.10434588474200067E-003)        (0.26248350998790282,2.15617572123439185E-003)
        (0.17985238474885679,2.03120922965867182E-003)   (6.49096257437529095E-009,7.46333087491491774E-011)   (6.49096138104551704E-009,7.46333073740463372E-011)      (-0.18105947529503452,-2.08173697753945936E-003)
   14.201079999999997        1.2500000000000000     
        (0.26370556633497139,2.14430132866092566E-003)        (0.26528872081027199,2.19733553096483408E-003)
        (0.18126703396101507,2.06896106254367274E-003)   (6.54210701637193106E-009,7.60288606875371925E-011)   (6.54210579889176137E-009,7.60288592567052557E-011)      (-0.18248546690381670,-2.12064981273421202E-003)
   14.251074999999998        1.2500000000000000     
        (0.26651303643858609,2.18484514159049230E-003)        (0.26811389370303884,2.23910729675896869E-003)
        (0.18268369860853720,2.10723990562518325E-003)   (6.59332591574372318E-009,7.74441288202443263E-011)   (6.59332465686224566E-009,7.74441273317722731E-011)      (-0.18391351831006270,-2.16011192318817102E-003)
   14.301069999999998        1.2500000000000000     
        (0.26934040907993201,2.22598310149024758E-003)        (0.27095911563403446,2.28149737330578944E-003)
        (0.18410229015094623,2.14605001344106905E-003)   (6.64461657096604436E-009,7.88792855026510955E-011)   (6.64461527303196061E-009,7.88792839512736758E-011)      (-0.18534355623742671,-2.20012810653102573E-003)
   14.351064999999998        1.2500000000000000     
        (0.27218777260373145,2.26772111305786677E-003)        (0.27382446945260902,2.32451178369276912E-003)
        (0.18552274050520129,2.18539572952205574E-003)   (6.69597638510617214E-009,8.03344902715676370E-011)   (6.69597503964199179E-009,8.03344886578887183E-011)      (-0.18677550934251555,-2.24070278370493061E-003)
   14.401059999999998        1.2500000000000000     
        (0.27505517400427060,2.31006513717590218E-003)        (0.27671001956188240,2.36815691217465889E-003)
        (0.18694494067497577,2.22528142528439230E-003)   (6.74740207265382743E-009,8.18099145683545470E-011)   (6.74740069549011566E-009,8.18099126984582947E-011)      (-0.18820928333717457,-2.28184071331464849E-003)
   14.451054999999998        1.2500000000000000     
        (0.27794269491726220,2.35302084952812010E-003)        (0.27961580785187540,2.41243915413055267E-003)
        (0.18836881864178767,2.26571114878830297E-003)   (6.79888948338070209E-009,8.33057286036642590E-011)   (6.79888805383518660E-009,8.33057268279300342E-011)      (-0.18964476079904496,-2.32354662604226459E-003)
   14.501049999999998        1.2500000000000000     
        (0.28085041238002878,2.39659419753313844E-003)        (0.28254193842907183,2.45736457584232269E-003)
        (0.18979428609411850,2.30668919079275335E-003)   (6.85043679690669563E-009,8.48220900818946180E-011)   (6.85043529391689798E-009,8.48220883726992411E-011)      (-0.19108189527250571,-2.36582489030004841E-003)
   14.551044999999998        1.2500000000000000     
        (0.28377839032845059,2.44079133986807107E-003)        (0.28548848393106557,2.50293959773228557E-003)
        (0.19122125655948766,2.34822001766412736E-003)   (6.90204039502580977E-009,8.63591680784958704E-011)   (6.90203888964105707E-009,8.63591659962690370E-011)      (-0.19252058427473306,-2.40868019747247615E-003)
   14.601039999999998        1.2500000000000000     
        (0.28672670054828486,2.48561797759285505E-003)        (0.28845550212676374,2.54917048936852781E-003)
        (0.19264963573026686,2.39030760086326273E-003)   (6.95369728318889166E-009,8.79171242003468271E-011)   (6.95369572887231945E-009,8.79171223127945727E-011)      (-0.19396074008706027,-2.45211704083055917E-003)
   14.651034999999998        1.2500000000000000     
        (0.28969543120810110,2.53108017167992614E-003)        (0.29144306356134775,2.59606387815503048E-003)
        (0.19407935265817478,2.43295624226003279E-003)   (7.00540377617472446E-009,8.94961330941351554E-011)   (7.00540218997442674E-009,8.94961308835476106E-011)      (-0.19540226259730809,-2.49614024417873538E-003)
   14.701029999999998        1.2500000000000000     
        (0.29268460910533967,2.57718396060754211E-003)        (0.29445123159958481,2.64362606153012740E-003)
        (0.19551028096174075,2.47617017135871170E-003)   (7.05715638994567771E-009,9.10963544486028998E-011)   (7.05715474372857927E-009,9.10963523181846532E-011)      (-0.19684505914399000,-2.54075426315854020E-003)
   14.751024999999998        1.2500000000000000     
        (0.29569433143168500,2.62393539329358952E-003)        (0.29748009375943785,2.69186334477270351E-003)
        (0.19694234713449052,2.51995360966608944E-003)   (7.10895285129880759E-009,9.27179486851213594E-011)   (7.10895110705402367E-009,9.27179465259416809E-011)      (-0.19828905706248184,-2.58596352511868263E-003)
   14.801019999999998        1.2500000000000000     
        (0.29872468471279223,2.67134043345504130E-003)        (0.30052971889486280,2.74078240718418371E-003)
        (0.19837548213387354,2.56431064422238354E-003)   (7.16078946977281480E-009,9.43610872399863423E-011)   (7.16078773375888496E-009,9.43610847765148726E-011)      (-0.19973416001287775,-2.63177278483845692E-003)
   14.851014999999999        1.2500000000000000     
        (0.30177569857770742,2.71940514512109812E-003)        (0.30360017392924760,2.79038942545354034E-003)
        (0.19980955821745025,2.60924542427035328E-003)   (7.21266303187483737E-009,9.60259215614521182E-011)   (7.21266121342712012E-009,9.60259191662447754E-011)      (-0.20118027203241301,-2.67818625756495411E-003)
   14.901009999999998        1.2500000000000000     
        (0.30484746817634217,2.76813567957262226E-003)        (0.30669152779449405,2.84069109419875752E-003)
        (0.20124449875193304,2.65476215196390041E-003)   (7.26456977670716657E-009,9.77126222649048554E-011)   (7.26456792510291701E-009,9.77126197733611116E-011)      (-0.20262729631230492,-2.72520865097418755E-003)
   14.951004999999999        1.2500000000000000     
        (0.30794008542950141,2.81753800504011987E-003)        (0.30980386647840857,2.89169379358993495E-003)
        (0.20268023659897258,2.70086481116055223E-003)   (7.31650748447204025E-009,9.94213454700819327E-011)   (7.31650556394285448E-009,9.94213430982582104E-011)      (-0.20407516369418077,-2.77284430294652594E-003)
   15.000999999999998        1.2500000000000000     
        (0.31105357529116773,2.86761817977839893E-003)        (0.31293721652926942,2.94340444199783519E-003)
        (0.20411663774719008,2.74755742442918047E-003)   (7.36847093747578882E-009,1.01152265788169899E-010)   (7.36846892542537966E-009,1.01152263314230717E-010)      (-0.20552373152598052,-2.82109804755137144E-003)
   15.050994999999999        1.2500000000000000     
        (0.31418804201651113,2.91838247276294312E-003)        (0.31609171544453152,2.99582910100298439E-003)
        (0.20555363483033862,2.79484418796662956E-003)   (7.42045898845318434E-009,1.02905525931143378E-010)   (7.42045693362803072E-009,1.02905522912653828E-010)      (-0.20697296901598311,-2.86997383072499839E-003)
   15.100989999999998        1.2500000000000000     
        (0.31734352733706905,2.96983695330959229E-003)        (0.31926736183996635,3.04897454687468083E-003)
        (0.20699111163650802,2.84272906732230832E-003)   (7.47246604304320376E-009,1.04681291714083926E-010)   (7.47246395644000027E-009,1.04681288748508823E-010)      (-0.20842271724618650,-2.91947626107651268E-003)
   15.150984999999999        1.2500000000000000     
        (0.32052013198542545,3.02198799407901860E-003)        (0.32246429486348993,3.10284739905190366E-003)
        (0.20842900435934991,2.89121628160139829E-003)   (7.52449104494574144E-009,1.06479723356614059E-010)   (7.52448890457280538E-009,1.06479720332737043E-010)      (-0.20987294428415157,-2.96960976154242960E-003)
   15.200979999999998        1.2500000000000000     
        (0.32371790932873296,3.07484127510777080E-003)        (0.32568254324377993,3.15745464606009352E-003)
        (0.20986719150721467,2.94030931118683964E-003)   (7.57652874717650347E-009,1.08300991421084925E-010)   (7.57652653194928228E-009,1.08300988061367695E-010)      (-0.21132350656626561,-3.02037906437309378E-003)
   15.250974999999999        1.2500000000000000     
        (0.32693691195092733,3.12840357364607604E-003)        (0.32892219078290558,3.21280224774454478E-003)
        (0.21130556910229681,2.99001270000220747E-003)   (7.62857678220616293E-009,1.10145228631697310E-010)   (7.62857449236953848E-009,1.10145225420525096E-010)      (-0.21277433960341513,-3.07178784149900143E-003)
   15.300969999999998        1.2500000000000000     
        (0.33017725213946597,3.18268060567694329E-003)        (0.33218329490846060,3.26889723043152737E-003)
        (0.21274407962062789,3.04032988521156424E-003)   (7.68063057442580633E-009,1.12012604760094133E-010)   (7.68062824517089398E-009,1.12012601423493705E-010)      (-0.21422531577664761,-3.12384077691421277E-003)
   15.350964999999999        1.2500000000000000     
        (0.33343896758729119,3.23767867752618958E-003)        (0.33546594700144783,3.32574629272944320E-003)
        (0.21418259647930299,3.09126484077481460E-003)   (7.73268776332791227E-009,1.13903275291852416E-010)   (7.73268536964638355E-009,1.13903271710965275E-010)      (-0.21567636389321448,-3.17654218616536879E-003)
   15.400959999999998        1.2500000000000000     
        (0.33672215214388074,3.29340441629778942E-003)        (0.33877021817167363,3.38335614477489315E-003)
        (0.21562104745471206,3.14282182161357455E-003)   (7.78474482597640403E-009,1.15817395081969795E-010)   (7.78474231125757623E-009,1.15817391583690584E-010)      (-0.21712738868723361,-3.22989634820846369E-003)
   15.450954999999999        1.2500000000000000     
        (0.34002686053716968,3.34986390049984116E-003)        (0.34209615597618759,3.44173387101506583E-003)
        (0.21705931710987084,3.19500450037437040E-003)   (7.83679765610645588E-009,1.17755130994017548E-010)   (7.83679512528510989E-009,1.17755127407900286E-010)      (-0.21857827376382144,-3.28390788213274660E-003)
   15.500949999999998        1.2500000000000000     
        (0.34335315014119455,3.40706306426603531E-003)        (0.34544383822402036,3.50088519267472125E-003)
        (0.21849729324860301,3.24781633934483798E-003)   (7.88884254977804657E-009,1.19716598533206247E-010)   (7.88883992520312847E-009,1.19716594581570203E-010)      (-0.22002891746361453,-3.33857996556726410E-003)
   15.550944999999999        1.2500000000000000     
        (0.34670111943433524,3.46500842364097245E-003)        (0.34881335725014745,3.56081792011708319E-003)
        (0.21993490607010951,3.30126135482664701E-003)   (7.94087697046985754E-009,1.21701987373878574E-010)   (7.94087426580479791E-009,1.21701982942804097E-010)      (-0.22147924904900701,-3.39391786388330407E-003)
   15.600939999999998        1.2500000000000000     
        (0.35007056700264189,3.52370604126351532E-003)        (0.35220466645365905,3.62153878784979419E-003)
        (0.22137229319191701,3.35534371067470680E-003)   (7.99285784707728736E-009,1.23711401258566326E-010)   (7.99285787272397758E-009,1.23711400387982073E-010)      (-0.22292930168263883,-3.44992594459878283E-003)
   15.650934999999999        1.2500000000000000     
        (0.35346205505649608,3.58316290548913331E-003)        (0.35561803494462252,3.68305372396002815E-003)
        (0.22280884670599041,3.41006648865535035E-003)   (8.04485831365572264E-009,1.25745046018256136E-010)   (8.04485834484348072E-009,1.25745045116747711E-010)      (-0.22437867718039234,-3.50660692722203678E-003)
   15.700930000000000        1.2500000000000000     
        (0.35687543228332208,3.64338466435199827E-003)        (0.35905343919309118,3.74537053535538549E-003)
        (0.22424473874302411,3.46543331979010018E-003)   (8.09683713691555766E-009,1.27803062724550127E-010)   (8.09683716525799806E-009,1.27803061793405035E-010)      (-0.22582742929413643,-3.56396616623422908E-003)
   15.750924999999999        1.2500000000000000     
        (0.36031075327340850,3.70437800240018067E-003)        (0.36251093246962790,3.80849538359611176E-003)
        (0.22567985525816478,3.52144819493199583E-003)   (8.14879007525292987E-009,1.29885574683968734E-010)   (8.14879010839820260E-009,1.29885573716132003E-010)      (-0.22727543948382864,-3.62200706019286155E-003)
   15.800920000000000        1.2500000000000000     
        (0.36376810006223059,3.76614942998046084E-003)        (0.36599063516290420,3.87243516318068817E-003)
        (0.22711411310052376,3.57811485610958586E-003)   (8.20071533536774360E-009,1.31992728825467831E-010)   (8.20071536714610202E-009,1.31992727821124260E-010)      (-0.22872265324587007,-3.68073366387354408E-003)
   15.850914999999999        1.2500000000000000     
        (0.36724753003274535,3.82870460899822126E-003)        (0.36949255850725099,3.93719713848419191E-003)
        (0.22854738399468491,3.63543616805356122E-003)   (8.25260697442560699E-009,1.34124683933901613E-010)   (8.25260698725137822E-009,1.34124682902809684E-010)      (-0.23016890777085791,-3.74015036914928907E-003)
   15.900910000000000        1.2500000000000000     
        (0.37074912178240793,3.89205069361993686E-003)        (0.37301679709306751,4.00278822732707314E-003)
        (0.22997958299491034,3.69341642979778128E-003)   (8.30446231100263000E-009,1.36281585545185020E-010)   (8.30446234941926669E-009,1.36281584475715373E-010)      (-0.23161413104885414,-3.80026117459160602E-003)
   15.950904999999999        1.2500000000000000     
        (0.37427293525168948,3.95619391313398877E-003)        (0.37656343048060814,4.06921505700827760E-003)
        (0.23141059867929109,3.75205895564601150E-003)   (8.35627792148367029E-009,1.38463564490158068E-010)   (8.35627795544744650E-009,1.38463563377540484E-010)      (-0.23305822306615684,-3.86106971694455316E-003)
   16.000900000000001        1.2500000000000000     
        (0.37781903143572720,4.02114026971763221E-003)        (0.38013253326674562,4.13648460152179348E-003)
        (0.23284031957516754,3.81136678434251721E-003)   (8.40805048091583763E-009,1.40670765089230854E-010)   (8.40805051986049348E-009,1.40670763939346069E-010)      (-0.23450108988127172,-3.92257993252129525E-003)
   16.050895000000001        1.2500000000000000     
        (0.38138750870121157,4.08689638049376542E-003)        (0.38372415966685347,4.20460387264372151E-003)
        (0.23426866753887560,3.87134352903330649E-003)   (8.45977553259055603E-009,1.42903328005431398E-010)   (8.45977557728824809E-009,1.42903326814632838E-010)      (-0.23594261397410532,-3.98479572303183857E-003)
   16.100890000000000        1.2500000000000000     
        (0.38497842342862076,4.15346860781645039E-003)        (0.38733836806907435,4.27357990647785416E-003)
        (0.23569553079620917,3.93199246132092117E-003)   (8.51144904539726362E-009,1.45161394902556033E-010)   (8.51144906624767279E-009,1.45161393664397997E-010)      (-0.23738267321733736,-4.04772099355742675E-003)
   16.150885000000002        1.2500000000000000     
        (0.38859184384546314,4.22086392448086170E-003)        (0.39097527764587514,4.34341975190112670E-003)
        (0.23712080307226713,3.99331744254205999E-003)   (8.56306909007161167E-009,1.47445105579579945E-010)   (8.56306913512013584E-009,1.47445104303501623E-010)      (-0.23882121915886945,-4.11135958925314994E-003)
   16.200880000000002        1.2500000000000000     
        (0.39222784441919889,4.28908804732594431E-003)        (0.39463490359145609,4.41412980712330410E-003)
        (0.23854438169646214,4.05532099606715265E-003)   (8.61462959686664225E-009,1.49754573910092618E-010)   (8.61462964284412334E-009,1.49754572266853043E-010)      (-0.24025808637669938,-4.17571462037806887E-003)
   16.250875000000001        1.2500000000000000     
        (0.39588649259990083,4.35814779677106377E-003)        (0.39831734955168580,4.48571787299706631E-003)
        (0.23996615652984279,4.11800670300936991E-003)   (8.66612805927170198E-009,1.52089961948553585E-010)   (8.66612810781010115E-009,1.52089960581908705E-010)      (-0.24169319701177849,-4.24079057974699036E-003)
   16.300870000000000        1.2500000000000000     
        (0.39956786697212904,4.42804958706630950E-003)        (0.40202268752217235,4.55819074815805737E-003)
        (0.24138603869562078,4.18137768078443058E-003)   (8.71756118346550804E-009,1.54451394034754908E-010)   (8.71756123709298538E-009,1.54451392619302754E-010)      (-0.24312646077596151,-4.30659087159209527E-003)
   16.350865000000002        1.2500000000000000     
        (0.40327200589156875,4.49879985839434209E-003)        (0.40575096125788207,4.63155524653125622E-003)
        (0.24280389199964772,4.24543701636605555E-003)   (8.76892365958414830E-009,1.56838993106108252E-010)   (8.76892371373458577E-009,1.56838991648451507E-010)      (-0.24455773106506418,-4.37311887142382682E-003)
   16.400860000000002        1.2500000000000000     
        (0.40699901769499847,4.57040543199891455E-003)        (0.40950226360343245,4.70581855177390138E-003)
        (0.24421964336628463,4.31018811304055127E-003)   (8.82021302459032662E-009,1.59252893575154140E-010)   (8.82021306139722021E-009,1.59252892069845666E-010)      (-0.24598694246984809,-4.44037826080304933E-003)
   16.450855000000001        1.2500000000000000     
        (0.41074896609125111,4.64287223851723215E-003)        (0.41327668177764876,4.78098790144548119E-003)
        (0.24563318176591173,4.37563343406052133E-003)   (8.87142594304450602E-009,1.61693227780853659E-010)   (8.87142598104658791E-009,1.61693226218645886E-010)      (-0.24741399083990692,-4.50837270761976581E-003)
   16.500850000000000        1.2500000000000000     
        (0.41452188957166763,4.71620742141048641E-003)        (0.41707424723714653,4.85707020275196084E-003)
        (0.24704437182253283,4.44177656634411194E-003)   (8.92255730703464442E-009,1.64160115629933528E-010)   (8.92255735350068649E-009,1.64160114015244738E-010)      (-0.24883874069048614,-4.57710547388215892E-003)
   16.550845000000002        1.2500000000000000     
        (0.41831789136202413,4.79041693488460856E-003)        (0.42089504791968491,4.93407235255521881E-003)
        (0.24845314144812466,4.50861986879556170E-003)   (8.97360343501052940E-009,1.66653674776645230E-010)   (8.97360348274679333E-009,1.66653673117591952E-010)      (-0.25026109134850993,-4.64657979081222958E-003)
   16.600840000000002        1.2500000000000000     
        (0.42213703811171749,4.86550774446687512E-003)        (0.42473916413705198,5.01200205845968479E-003)
        (0.24985937847694162,4.57616666648390062E-003)   (9.02456095536864992E-009,1.69174047711519630E-010)   (9.02456100266615740E-009,1.69174045663389207E-010)      (-0.25168094568846661,-4.71679957160464017E-003)
   16.650835000000001        1.2500000000000000     
        (0.42597939399579188,4.94148583935705935E-003)        (0.42860664741681331,5.09086591866940528E-003)
        (0.25126296651829083,4.64441919229172540E-003)   (9.07542597237479666E-009,1.71721337458235718E-010)   (9.07542601204392542E-009,1.71721335673166385E-010)      (-0.25309819504629744,-4.78776763197492124E-003)
   16.700830000000000        1.2500000000000000     
        (0.42984501994219193,5.01835850354255195E-003)        (0.43249757683700918,5.17067133164258921E-003)
        (0.25266379419733004,4.71338096701568680E-003)   (9.12619368965952666E-009,1.74295670955682891E-010)   (9.12619376398219439E-009,1.74295668791650325E-010)      (-0.25451270270394932,-4.85948745610719803E-003)
   16.750825000000003        1.2500000000000000     
        (0.43373398448773215,5.09613181588202974E-003)        (0.43641203792168404,5.25142533953239059E-003)
        (0.25406175472294301,4.78305420492258163E-003)   (9.17686203491981245E-009,1.76897161248911843E-010)   (9.17686211869143876E-009,1.76897159357119202E-010)      (-0.25592441396313759,-4.93196213188857278E-003)
   16.800820000000002        1.2500000000000000     
        (0.43764637229060688,5.17481254099692780E-003)        (0.44035007528963910,5.33313538305938990E-003)
        (0.25545674539197916,4.85344174615737027E-003)   (9.22742582391843091E-009,1.79525933040868665E-010)   (9.22742590136368891E-009,1.79525931078232839E-010)      (-0.25733318204015226,-5.00519506069439356E-003)
   16.850815000000001        1.2500000000000000     
        (0.44158224775405308,5.25440707006379331E-003)        (0.44431177830313029,5.41580822210587648E-003)
        (0.25684865871507001,4.92454600154139301E-003)   (9.27788128873462291E-009,1.82182084930589226E-010)   (9.27788136133458445E-009,1.82182082585251077E-010)      (-0.25873890707659158,-5.07918893760607795E-003)
   16.900810000000000        1.2500000000000000     
        (0.44554169903714669,5.33492221892191074E-003)        (0.44829720148456953,5.49945135659540840E-003)
        (0.25823739624348224,4.99636974728531313E-003)   (9.32822488458531535E-009,1.84865738573204123E-010)   (9.32822497541639053E-009,1.84865736149567849E-010)      (-0.26014147865689219,-5.15394708508156146E-003)
   16.950805000000003        1.2500000000000000     
        (0.44952475023177235,5.41636420899299382E-003)        (0.45230643671825144,5.58407196080954165E-003)
        (0.25962281334295978,5.06891504685964833E-003)   (9.37845245215182513E-009,1.87577001702286765E-010)   (9.37845251250848955E-009,1.87576999209180347E-010)      (-0.26154079148555626,-5.22947245657619676E-003)
   17.000800000000002        1.2500000000000000     
        (0.45353152349435000,5.49874017338696300E-003)        (0.45633953998281074,5.66967726331891672E-003)
        (0.26100485642901711,5.14218487454933849E-003)   (9.42856007180902793E-009,1.90315982082249427E-010)   (9.42856016215672522E-009,1.90315979204686651E-010)      (-0.26293673843661125,-5.30576795288627452E-003)
   17.050795000000001        1.2500000000000000     
        (0.45756205534210725,5.58205638213477798E-003)        (0.46039657858955990,5.75627452092750819E-003)
        (0.26238336263710893,5.21618123656247823E-003)   (9.47854387991946626E-009,1.93082783864642050E-010)   (9.47854393857890164E-009,1.93082780902807225E-010)      (-0.26432919318469367,-5.38283646550921299E-003)
   17.100790000000003        1.2500000000000000     
        (0.46161640779227336,5.66631941859248225E-003)        (0.46447763898609856,5.84387064732520660E-003)
        (0.26375822925108566,5.29090635590264997E-003)   (9.52840003976023391E-009,1.95877499438066591E-010)   (9.52840010655414193E-009,1.95877497055837272E-010)      (-0.26571806286577010,-5.46068047427696913E-003)
   17.150785000000003        1.2500000000000000     
        (0.46569468629966654,5.75153625403918706E-003)        (0.46858277960741374,5.93247331438070263E-003)
        (0.26512938181259221,5.36636283659241466E-003)   (9.57812435890361552E-009,1.98700245306671088E-010)   (9.57812443775518478E-009,1.98700242205567688E-010)      (-0.26710323483839704,-5.53930311032895233E-003)
   17.200779999999998        1.2500000000000000     
        (0.46979694028173175,5.83771292499142124E-003)        (0.47271207406239280,6.02208953219734566E-003)
        (0.26649668571563973,5.44255222469284834E-003)   (9.62771273348729007E-009,2.01551109209749434E-010)   (9.62771284560314184E-009,2.01551106016792203E-010)      (-0.26848458245443912,-5.61870679698185573E-003)
   17.250774999999997        1.2500000000000000     
        (0.47392324092264054,5.92485650138718355E-003)        (0.47686557384083594,6.11272705048233542E-003)
        (0.26786002416554094,5.51947702629034063E-003)   (9.67716133467131478E-009,2.04430203285406165E-010)   (9.67716145517526600E-009,2.04430200662500634E-010)      (-0.26986200041024333,-5.69889458788404996E-003)
   17.300770000000000        1.2500000000000000     
        (0.47807365540861524,6.01297363142572639E-003)        (0.48104342675248746,6.20439259151986736E-003)
        (0.26921929979706932,5.59713928566397175E-003)   (9.72646747585958152E-009,2.07337601602363866E-010)   (9.72646759801801805E-009,2.07337598902948186E-010)      (-0.27123542383620908,-5.77986845890442191E-003)
   17.350764999999999        1.2500000000000000     
        (0.48224827017472793,6.10207091415504790E-003)        (0.48524559266366263,6.29709431055722624E-003)
        (0.27057440032061686,5.67554086758171369E-003)   (9.77562469768065551E-009,2.10273427104973287E-010)   (9.77562482927500267E-009,2.10273423658090064E-010)      (-0.27260466164622049,-5.86163175463794584E-003)
   17.400759999999998        1.2500000000000000     
        (0.48644712840806420,6.19215496606596860E-003)        (0.48947219402183517,6.39083830947078779E-003)
        (0.27192520864423941,5.75468366428783656E-003)   (9.82463018622014529E-009,2.13237725432026589E-010)   (9.82463028346003552E-009,2.13237722549972351E-010)      (-0.27396963238949634,-5.94418568316445670E-003)
   17.450755000000001        1.2500000000000000     
        (0.49067031030943636,6.28323206079715521E-003)        (0.49372329189938902,6.48563214623651841E-003)
        (0.27327160130416300,5.83456907249349597E-003)   (9.87347939807575530E-009,2.16230590957008785E-010)   (9.87347949444909278E-009,2.16230587335222384E-010)      (-0.27533022161501741,-6.02753277598738237E-003)
   17.500750000000000        1.2500000000000000     
        (0.49491788235499451,6.37530948878222477E-003)        (0.49799899675342463,6.58148409679961549E-003)
        (0.27461348005434572,5.91519944681051860E-003)   (9.92217003619250589E-009,2.19252141452718464E-010)   (9.92217018591583966E-009,2.19252137756824874E-010)      (-0.27668635957112653,-6.11167625647312130E-003)
   17.550744999999999        1.2500000000000000     
        (0.49918995478582767,6.46839379945364241E-003)        (0.50229933440083085,6.67840105721547589E-003)
        (0.27595075694754428,5.99657633514640194E-003)   (9.97069646855992002E-009,2.22302443055264110E-010)   (9.97069661996782365E-009,2.22302439900605678E-010)      (-0.27803788031155630,-6.19661788649120918E-003)
   17.600739999999998        1.2500000000000000     
        (0.50348652196621324,6.56249097078346125E-003)        (0.50662441085904553,6.77639000605918199E-003)
        (0.27728325275361854,6.07870062572669640E-003)   (1.00190558043453153E-008,2.25381562034366109E-010)   (1.00190559608990814E-008,2.25381558789533719E-010)      (-0.27938471874533072,-6.28235938979813686E-003)
   17.650735000000001        1.2500000000000000     
        (0.50780772069841384,6.65760892944235357E-003)        (0.51097425816765341,6.87545862811294369E-003)
        (0.27861093082192512,6.16157507562753101E-003)   (1.00672424056581218E-008,2.28489585645620869E-010)   (1.00672425276359782E-008,2.28489582290777491E-010)      (-0.28072670723736948,-6.36890317075804874E-003)
   17.700730000000000        1.2500000000000000     
        (0.51215359266058780,6.75375383502608770E-003)        (0.51534893283562166,6.97561467831981415E-003)
        (0.27993363204606914,6.24520057631680874E-003)   (1.01152523018773320E-008,2.31626601553255515E-010)   (1.01152524766844282E-008,2.31626598104556321E-010)      (-0.28206373790631423,-6.45625154676190884E-003)
   17.750724999999999        1.2500000000000000     
        (0.51652421621112110,6.85093177414331390E-003)        (0.51974860608941043,7.07686522518600949E-003)
        (0.28125125843457932,6.32957791322815832E-003)   (1.01630842518660361E-008,2.34792671747535445E-010)   (1.01630844269653172E-008,2.34792667548863384E-010)      (-0.28339577269558008,-6.54440613147095219E-003)
   17.800719999999998        1.2500000000000000     
        (0.52091964782333444,6.94915001571108290E-003)        (0.52417324305370738,7.17921669614160138E-003)
        (0.28256369102466855,6.41470891884058769E-003)   (1.02107315132825652E-008,2.37987827953175306E-010)   (1.02107316566751218E-008,2.37987823641334959E-010)      (-0.28472262170096402,-6.63336778871445078E-003)
   17.850715000000001        1.2500000000000000     
        (0.52533996184582055,7.04841500899246274E-003)        (0.52862292311443293,7.28267836250330852E-003)
        (0.28387081547771081,6.50059455146802852E-003)   (1.02581892907363488E-008,2.41212203794173520E-010)   (1.02581894773173287E-008,2.41212199357507379E-010)      (-0.28604415799461197,-6.72314009843679242E-003)
   17.900710000000000        1.2500000000000000     
        (0.52978523809936717,7.14873401199181933E-003)        (0.53309775566802375,7.38725602449904692E-003)
        (0.28517252399516674,6.58723648413691524E-003)   (1.03054552277196344E-008,2.44465804864745228E-010)   (1.03054553945859473E-008,2.44465800966313260E-010)      (-0.28736031689510022,-6.81372314644590211E-003)
   17.950704999999999        1.2500000000000000     
        (0.53425553757498734,7.25011286659821199E-003)        (0.53759780714370198,7.49295830245903793E-003)
        (0.28646871598516621,6.67463489080563979E-003)   (1.03525256312970231E-008,2.47748736876406588E-010)   (1.03525258349010260E-008,2.47748732193006481E-010)      (-0.28867098455344603,-6.90511975285174138E-003)
   18.000699999999998        1.2500000000000000     
        (0.53875094915239929,7.35255892352032741E-003)        (0.54212315801732525,7.59979117797358883E-003)
        (0.28775926452631756,6.76279132610180505E-003)   (1.03993958134167221E-008,2.51061000703052461E-010)   (1.03993960304678808E-008,2.51060995909239149E-010)      (-0.28997603848928194,-6.99732988494983915E-003)
   18.050695000000001        1.2500000000000000     
        (0.54327153379384052,7.45607879933153899E-003)        (0.54667383194503272,7.70776401242708083E-003)
        (0.28904405935191213,6.85170659323519615E-003)   (1.04460603638021851E-008,2.54402723137731437E-010)   (1.04460605412856506E-008,2.54402718888617023E-010)      (-0.29127532143053059,-7.09035694932358407E-003)
   18.100690000000000        1.2500000000000000     
        (0.54781732706715180,7.56067930393187603E-003)        (0.55124993211194018,7.81688283570134215E-003)
        (0.29032296072427555,6.94138157563010255E-003)   (1.04925169090235461E-008,2.57773904050241668E-010)   (1.04925171375856593E-008,2.57773899649681134E-010)      (-0.29256877495059747,-7.18420088968039182E-003)
   18.150684999999999        1.2500000000000000     
        (0.55238845218166510,7.66636700389165988E-003)        (0.55585154443340823,7.92715575782332489E-003)
        (0.29159588710903639,7.03181676147424887E-003)   (1.05387612778211893E-008,2.61174616902593651E-010)   (1.05387615207745279E-008,2.61174611731700700E-010)      (-0.29385627146140841,-7.27886356604323832E-003)
   18.200679999999998        1.2500000000000000     
        (0.55698492706337210,7.77314826382727569E-003)        (0.56047873502236145,8.03858953401064696E-003)
        (0.29286270555846378,7.12301247029247398E-003)   (1.05847891600882335E-008,2.64604882032157380E-010)   (1.05847893549242906E-008,2.64604877351883654E-010)      (-0.29513770171075959,-7.37434550372509205E-003)
   18.250675000000001        1.2500000000000000     
        (0.56160683487703034,7.88103092619704855E-003)        (0.56513152686188162,8.15119246389102783E-003)
        (0.29412328649399155,7.21497029613839096E-003)   (1.06305953426962601E-008,2.68064769341601097E-010)   (1.06305955611846121E-008,2.68064763874193157E-010)      (-0.29641291096996869,-7.47064854230614517E-003)
   18.300670000000000        1.2500000000000000     
        (0.56625428686610313,7.99002036227421802E-003)        (0.56981000004200100,8.26497202491584780E-003)
        (0.29537755940382182,7.30768932611485043E-003)   (1.06761751493122683E-008,2.71554323054669042E-010)   (1.06761753756808855E-008,2.71554317466559062E-010)      (-0.29768178042136489,-7.56777374820635264E-003)
   18.350664999999999        1.2500000000000000     
        (0.57092731441698741,8.10012423306957254E-003)        (0.57451426777233316,8.37993455332731313E-003)
        (0.29662539378728792,7.40117080084567482E-003)   (1.07215266804856046E-008,2.75073532227626621E-010)   (1.07215269529850886E-008,2.75073526479799904E-010)      (-0.29894424325376046,-7.66572076138619107E-003)
   18.400659999999998        1.2500000000000000     
        (0.57562600734624592,8.21134938094034844E-003)        (0.57924439919851756,8.49608902836651407E-003)
        (0.29786666485882618,7.49541509319525800E-003)   (1.07666459536915518E-008,2.78622488223398741E-010)   (1.07666462293577131E-008,2.78622482340089042E-010)      (-0.30020019095230743,-7.76449205252949335E-003)
   18.450655000000001        1.2500000000000000     
        (0.58035043085312477,8.32370184516938866E-003)        (0.58400043245455446,8.61344249899325537E-003)
        (0.29910126120361552,7.59042164667253060E-003)   (1.08115265394729471E-008,2.82201203116105884E-010)   (1.08115268079542407E-008,2.82201197704991255E-010)      (-0.30144945753629465,-7.86408772907304897E-003)
   18.500650000000000        1.2500000000000000     
        (0.58510066081500933,8.43718828585507917E-003)        (0.58878247617821267,8.73200203683910728E-003)
        (0.30032908732875763,7.68619045045267589E-003)   (1.08561672000597143E-008,2.85809688672300550E-010)   (1.08561674678733508E-008,2.85809682476170685E-010)      (-0.30269198369638695,-7.96450812831890967E-003)
   18.550644999999999        1.2500000000000000     
        (0.58987672375128508,8.55181674450247557E-003)        (0.59359052464220652,8.85177547613318072E-003)
        (0.30154998122651605,7.78272276689968324E-003)   (1.09005595627529286E-008,2.89447978642512931E-010)   (1.09005598516282775E-008,2.89447972932745724E-010)      (-0.30392755993991466,-8.06575396832001981E-003)
   18.600639999999999        1.2500000000000000     
        (0.59467871066821754,8.66759287009630404E-003)        (0.59842473284063369,8.97277065718866777E-003)
        (0.30276384370506831,7.88001735648572593E-003)   (1.09447038380626080E-008,2.93116106062371259E-010)   (1.09447041310643855E-008,2.93116100168693523E-010)      (-0.30515617106227644,-8.16782612275585192E-003)
   18.650635000000001        1.2500000000000000     
        (0.59950673724819203,8.78452350186671380E-003)        (0.60328513116854787,9.09499482422424996E-003)
        (0.30397059389979730,7.97807407574631020E-003)   (1.09885935359735185E-008,2.96814077921535633E-010)   (1.09885938842404090E-008,2.96814071211765486E-010)      (-0.30637765908371656,-8.27072459644083782E-003)
   18.700630000000000        1.2500000000000000     
        (0.60436083092393078,8.90261610451506535E-003)        (0.60817180328093146,9.21845524595585851E-003)
        (0.30517009512635951,8.07689331570964932E-003)   (1.10322253667781120E-008,3.00541896421680843E-010)   (1.10322257191573739E-008,3.00541889563557765E-010)      (-0.30759190706390632,-8.37444940544059165E-003)
   18.750624999999999        1.2500000000000000     
        (0.60924107233333802,9.02187649779190477E-003)        (0.61308481980599505,9.34315996396296172E-003)
        (0.30636223684392616,8.17647372538209127E-003)   (1.10755947177962855E-008,3.04299589651052367E-010)   (1.10755950448612018E-008,3.04299582587590594E-010)      (-0.30879880662322373,-8.47900115039027999E-003)
   18.800620000000002        1.2500000000000000     
        (0.61414754255886417,9.14231214003908069E-003)        (0.61802425264215788,9.46911568180017205E-003)
        (0.30754690685337360,8.27681551781957875E-003)   (1.11186981383862112E-008,3.08087133607626960E-010)   (1.11186984773882867E-008,3.08087127010318892E-010)      (-0.30999825171676409,-8.58437906882038824E-003)
   18.850615000000001        1.2500000000000000     
        (0.61908027175351743,9.26392907080688874E-003)        (0.62299013099423439,9.59633116436964771E-003)
        (0.30872395830237009,8.37791729273113829E-003)   (1.11615304453080307E-008,3.11904576756870863E-010)   (1.11615307997521869E-008,3.11904569980967419E-010)      (-0.31119008968269612,-8.69058434243406841E-003)
   18.900610000000000        1.2500000000000000     
        (0.62403938505633150,9.38673557123216769E-003)        (0.62798258498508019,9.72481399846965820E-003)
        (0.30989332404624781,8.47977985148635344E-003)   (1.12040881640122921E-008,3.15751915507349648E-010)   (1.12040885693068966E-008,3.15751908515979302E-010)      (-0.31237424451235646,-8.79761676562408265E-003)
   18.950604999999999        1.2500000000000000     
        (0.62902487965394027,9.51073678365040032E-003)        (0.63300164044430030,9.85457026968232681E-003)
        (0.31105481572412336,8.58240073058279956E-003)   (1.12463666359428915E-008,3.19629095409412540E-010)   (1.12463670475716581E-008,3.19629088239689130E-010)      (-0.31355056566249956,-8.90547468120624075E-003)
   19.000600000000002        1.2500000000000000     
        (0.63403690958779690,9.63594007154865671E-003)        (0.63804742626440369,9.98560899963355127E-003)
        (0.31220841379840897,8.68577962260707812E-003)   (1.12883630049658827E-008,3.23536159635787473E-010)   (1.12883634325754825E-008,3.23536152255600053E-010)      (-0.31471898548137189,-9.01415914846876234E-003)
   19.050595000000001        1.2500000000000000     
        (0.63907550889191322,9.76235268080904647E-003)        (0.64311992915784399,1.01179378692620725E-002)
        (0.31335395836810792,8.78991592639285016E-003)   (1.13300701958369145E-008,3.27473097154567052E-010)   (1.13300706362433724E-008,3.27473089594800376E-010)      (-0.31587930500740741,-9.12366973784884371E-003)
   19.100590000000000        1.2500000000000000     
        (0.64414073178664033,9.88998110465427217E-003)        (0.64821930004343886,1.02515631490762392E-002)
        (0.31449131539507813,8.89480829332322739E-003)   (1.13714884760803768E-008,3.31439852308887943E-010)   (1.13714889388154255E-008,3.31439844494763745E-010)      (-0.31703151898463527,-9.23400470883693758E-003)
   19.150585000000000        1.2500000000000000     
        (0.64923264139143400,1.00188317048735126E-002)        (0.65334554762744290,1.03864940395827984E-002)
        (0.31562037105553231,9.00045494829355974E-003)   (1.14126095640913623E-008,3.35436458315160923E-010)   (1.14126099939824223E-008,3.35436450299888166E-010)      (-0.31817541229994722,-9.34516489523571844E-003)
   19.200580000000002        1.2500000000000000     
        (0.65435132277927688,1.01489122796736171E-002)        (0.65849874791124174,1.05227369908357671E-002)
        (0.31674101537586746,9.10685563794953225E-003)   (1.14534298396236799E-008,3.39462852695812184E-010)   (1.14534302917831550E-008,3.39462844467892591E-010)      (-0.31931087571526612,-9.45714837413671496E-003)
   19.250575000000001        1.2500000000000000     
        (0.65949689892381291,1.02802284986764809E-002)        (0.66367900914876365,1.06602999180441423E-002)
        (0.31785318954168817,9.21400773427439798E-003)   (1.14939476397323734E-008,3.43519017263656131E-010)   (1.14939481014198772E-008,3.43519007501165697E-010)      (-0.32043786251182438,-9.56995453626337256E-003)
   19.300570000000000        1.2500000000000000     
        (0.66466937228384004,1.04127878500702205E-002)        (0.66888641611995858,1.07991907250178879E-002)
        (0.31895671173494372,9.32191043124427215E-003)   (1.15341586333244634E-008,3.47604934651070485E-010)   (1.15341591253489452E-008,3.47604925940054874E-010)      (-0.32155625583192871,-9.68358270230887733E-003)
   19.350565000000000        1.2500000000000000     
        (0.66986880529340820,1.05465967547916286E-002)        (0.67412097575780816,1.09394174440532992E-002)
        (0.32005147277107393,9.43056157049892464E-003)   (1.15740557480389503E-008,3.51720584214481499E-010)   (1.15740562631660920E-008,3.51720575239764120E-010)      (-0.32266584854886171,-9.79803219004937720E-003)
   19.400560000000002        1.2500000000000000     
        (0.67509530096792003,1.06816626251363817E-002)        (0.67938278773146499,1.10809867852570167E-002)
        (0.32113735844544022,9.53996005189956808E-003)   (1.16136367692248006E-008,3.55865894934454050E-010)   (1.16136372825758416E-008,3.55865885736059486E-010)      (-0.32376659730430490,-9.91330082505847976E-003)
   19.450555000000001        1.2500000000000000     
        (0.68034896246136245,1.08179913371904534E-002)        (0.68467194617558591,1.12239068206248186E-002)
        (0.32221432067586231,9.65010305885853625E-003)   (1.16528980408719544E-008,3.60040841357734359E-010)   (1.16528986207602954E-008,3.60040831935593902E-010)      (-0.32485838156339858,-1.00293877217133790E-002)
   19.500550000000000        1.2500000000000000     
        (0.68562975707600493,1.09555906937911264E-002)        (0.68998848173032046,1.13681858349448852E-002)
        (0.32328212432005821,9.76098948324175507E-003)   (1.16918341126643517E-008,3.64245397733178368E-010)   (1.16918346473066180E-008,3.64245387999969817E-010)      (-0.32594105725986755,-1.01462920401832832E-002)
   19.550545000000000        1.2500000000000000     
        (0.69093788757265617,1.10944670728942117E-002)        (0.69533252262408451,1.15138306161119957E-002)
        (0.32434079120658793,9.87261685567709588E-003)   (1.17304428208158880E-008,3.68479485474523930E-010)   (1.17304434140802573E-008,3.68479474228414239E-010)      (-0.32701455987370126,-1.02640114029873865E-002)
   19.600540000000002        1.2500000000000000     
        (0.69627331343369436,1.12346270489920332E-002)        (0.70070405424370952,1.16608488757811591E-002)
        (0.32539008428984778,9.98498266182875488E-003)   (1.17687174817857612E-008,3.72743047410745327E-010)   (1.17687180899221398E-008,3.72743035851557804E-010)      (-0.32807869835163422,-1.03825440717444702E-002)
   19.650535000000001        1.2500000000000000     
        (0.70163615514564304,1.13760785771389421E-002)        (0.70610320444169339,1.18092489415075243E-002)
        (0.32642995293139060,1.00980856736523888E-002)   (1.18066556058415136E-008,3.77036052932711016E-010)   (1.18066562348116751E-008,3.77036042454635578E-010)      (-0.32913341351690645,-1.05018890460040308E-002)
   19.700530000000001        1.2500000000000000     
        (0.70702644653028035,1.15188270580869959E-002)        (0.71153002715291191,1.19590378690472600E-002)
        (0.32746025485577940,1.02119219683521160E-002)   (1.18442509981986015E-008,3.81358420027216783E-010)   (1.18442516402025668E-008,3.81358407971668005E-010)      (-0.33017853367820066,-1.06220437724912683E-002)
   19.750525000000000        1.2500000000000000     
        (0.71244432253993828,1.16628798193164646E-002)        (0.71698461108192313,1.21102235379675002E-002)
        (0.32848092510279070,1.03264895166994726E-002)   (1.18815032044756399E-008,3.85710081879014897E-010)   (1.18815038667633792E-008,3.85710069513995828E-010)      (-0.33121404143646593,-1.07430063069851832E-002)
   19.800520000000002        1.2500000000000000     
        (0.71788982740856477,1.18082438040838632E-002)        (0.72246702315055478,1.22628144736509764E-002)
        (0.32949181034325487,1.04417856555349530E-002)   (1.19184060858406283E-008,3.90091002974418494E-010)   (1.19184067601784849E-008,3.90090990292677707E-010)      (-0.33223975505631520,-1.08647754985058877E-002)
   19.850515000000001        1.2500000000000000     
        (0.72336298451120984,1.19549257665669973E-002)        (0.72797729947089584,1.24168179951325789E-002)
        (0.33049278331770920,1.05578075327192565E-002)   (1.19549535413961498E-008,3.94501090302082305E-010)   (1.19549542922332709E-008,3.94501077294216876E-010)      (-0.33325552717016710,-1.09873485361702376E-002)
   19.900510000000001        1.2500000000000000     
        (0.72886393528214177,1.21029332068211155E-002)        (0.73351555869363538,1.25722414454838456E-002)
        (0.33148377095721049,1.06745528053126329E-002)   (1.19911446646177557E-008,3.98940252711252630E-010)   (1.19911454468544279E-008,3.98940239411306005E-010)      (-0.33426131244847151,-1.11107226820699387E-002)
   19.950505000000000        1.2500000000000000     
        (0.73439266788561774,1.22522718128877540E-002)        (0.73908184618201700,1.27290921167044647E-002)
        (0.33246460554058904,1.07920172975313894E-002)   (1.20269739387668243E-008,4.03408397518468205E-010)   (1.20269746379492392E-008,4.03408385170756649E-010)      (-0.33525694971210451,-1.12348951194403690E-002)
   20.000500000000002        1.2500000000000000     
        (0.73994935370184778,1.24029493524357281E-002)        (0.74467623324936238,1.28873789329985843E-002)
        (0.33343525113527994,1.09101987117236465E-002)   (1.20624376612353184E-008,4.07905474154345390E-010)   (1.20624384029864147E-008,4.07905461491171033E-010)      (-0.33624235411371356,-1.13598643849814173E-002)
   20.050495000000002        1.2500000000000000     
        (0.74553395727065108,1.25549729097660344E-002)        (0.75029880260886428,1.30471094708341714E-002)
        (0.33439549898151549,1.10290938932708932E-002)   (1.20975318557582415E-008,4.12431381244082109E-010)   (1.20975326979389026E-008,4.12431367003630042E-010)      (-0.33721741667964539,-1.14856274265745135E-002)
   20.100490000000001        1.2500000000000000     
        (0.75114663355493683,1.27083475681781313E-002)        (0.75594960027930291,1.32082898864505013E-002)
        (0.33534531893308200,1.11486977366216013E-002)   (1.21322515959944968E-008,4.16985973267259104E-010)   (1.21322523814970600E-008,4.16985958663031666E-010)      (-0.33818199182602032,-1.16121798824855727E-002)
   20.150485000000000        1.2500000000000000     
        (0.75678743063919585,1.28630826695215039E-002)        (0.76162872099933332,1.33709306454397395E-002)
        (0.33628457510388987,1.12690091194152901E-002)   (1.21665932259964024E-008,4.21569241770534915E-010)   (1.21665940422646680E-008,4.21569226787083372E-010)      (-0.33913596332174512,-1.17395214895393216E-002)
   20.200480000000002        1.2500000000000000     
        (0.76245640827299799,1.30191833441059349E-002)        (0.76733623588020672,1.35350367261557886E-002)
        (0.33721311522217157,1.13900225870270620E-002)   (1.22005524999447501E-008,4.26180981798101582E-010)   (1.22005534328828326E-008,4.26180966519620977E-010)      (-0.34007924401707601,-1.18676462132881570E-002)
   20.250475000000002        1.2500000000000000     
        (0.76815361298328289,1.31766578209819851E-002)        (0.77307217695531127,1.37006187168891395E-002)
        (0.33813086760515010,1.15117357180594231E-002)   (1.22341252072127791E-008,4.30821185413585366E-010)   (1.22341261659153043E-008,4.30821171017342102E-010)      (-0.34101169877978504,-1.19965536745412181E-002)
   20.300470000000001        1.2500000000000000     
        (0.77387911206973647,1.33355113370812618E-002)        (0.77883664346233705,1.38676817233159468E-002)
        (0.33903767693031028,1.16341428786654912E-002)   (1.22673076341136683E-008,4.35489645344946292E-010)   (1.22673085404768415E-008,4.35489629300236447E-010)      (-0.34193321020482192,-1.21262378776192774E-002)
   20.350465000000000        1.2500000000000000     
        (0.77963304899387298,1.34957520813209064E-002)        (0.78462976173988330,1.40362351212394067E-002)
        (0.33993347514506395,1.17572414203928385E-002)   (1.23000974313108233E-008,4.40186295605495427E-010)   (1.23000984691133267E-008,4.40186280477374493E-010)      (-0.34284372598289120,-1.22566968106372041E-002)
   20.400459999999999        1.2500000000000000     
        (0.78541542423187438,1.36573858499942479E-002)        (0.79045148199030668,1.42062869760023192E-002)
        (0.34081813957412271,1.18810258638721473E-002)   (1.23324858507485416E-008,4.44911020716605085E-010)   (1.23324868732533123E-008,4.44911003928781303E-010)      (-0.34374301727840578,-1.23879269920844914E-002)
   20.450454999999998        1.2500000000000000     
        (0.79122635560427512,1.38204206214388690E-002)        (0.79630196108329032,1.43778439472403638E-002)
        (0.34169156565995140,1.20054930325682561E-002)   (1.23644740313131368E-008,4.49663656457143813E-010)   (1.23644750119766206E-008,4.49663639264219752E-010)      (-0.34463109287642274,-1.25199236594830902E-002)
   20.500450000000001        1.2500000000000000     
        (0.79706587333140355,1.39848633925471408E-002)        (0.80218127579628096,1.45509142698569179E-002)
        (0.34255362585952404,1.21306386905658658E-002)   (1.23960555228577583E-008,4.54444081135245174E-010)   (1.23960565630441085E-008,4.54444063579574135E-010)      (-0.34550777096179114,-1.26526832560395520E-002)
   20.550445000000000        1.2500000000000000     
        (0.80293407482952539,1.41507201613014395E-002)        (0.80808948473893827,1.47255062403467626E-002)
        (0.34340420918833559,1.22564571398322952E-002)   (1.24272271421523090E-008,4.59252171787740005E-010)   (1.24272282120901770E-008,4.59252153826064888E-010)      (-0.34637298267592703,-1.27862020749954265E-002)
   20.600439999999999        1.2500000000000000     
        (0.80883102349469760,1.43179980806334480E-002)        (0.81402659519607579,1.49016281341740314E-002)
        (0.34424322470141672,1.23829440464706380E-002)   (1.24579824343294967E-008,4.64087808429506216E-010)   (1.24579835041570784E-008,4.64087790031414640E-010)      (-0.34722653167480988,-1.29204765396685132E-002)
   20.650434999999998        1.2500000000000000     
        (0.81475677813232528,1.44867042871494912E-002)        (0.81999273715779109,1.50792870306764720E-002)
        (0.34507053654796915,1.25100946286558299E-002)   (1.24883197106022933E-008,4.68950809636499728E-010)   (1.24883208386881707E-008,4.68950790722239333E-010)      (-0.34806836856838902,-1.30555014697627311E-002)
   20.700430000000001        1.2500000000000000     
        (0.82071139220505240,1.46568460879941513E-002)        (0.82598798852658151,1.52584913458582837E-002)
        (0.34588601201738128,1.26379043778313948E-002)   (1.25182352573193305E-008,4.73841052108958817E-010)   (1.25182364436532649E-008,4.73841032843745748E-010)      (-0.34889840274940104,-1.31912730599671787E-002)
   20.750425000000000        1.2500000000000000     
        (0.82669498541230446,1.48284305704431390E-002)        (0.83201239999170484,1.54392470106815942E-002)
        (0.34668958506527869,1.27663682575380431E-002)   (1.25477233851755028E-008,4.78758301529260482E-010)   (1.25477245944845772E-008,4.78758281796313585E-010)      (-0.34971648519022436,-1.33277846089973860E-002)
   20.800419999999999        1.2500000000000000     
        (0.83270763842909323,1.50014643126729127E-002)        (0.83806605647920496,1.56215653618705964E-002)
        (0.34748117111013066,1.28954807529749974E-002)   (1.25767825498425148E-008,4.83702524693450766E-010)   (1.25767837999091587E-008,4.83702504412932328E-010)      (-0.35052252655147570,-1.34650350278132623E-002)
   20.850414999999998        1.2500000000000000     
        (0.83874935006794515,1.51759532321436037E-002)        (0.84414900906394674,1.58054510056396397E-002)
        (0.34826060010674842,1.30252352441238336E-002)   (1.26054058633451668E-008,4.88673436296710277E-010)   (1.26054071419575075E-008,4.88673416882826072E-010)      (-0.35131637771880520,-1.36030160878107317E-002)
   20.900410000000001        1.2500000000000000     
        (0.84482023485771418,1.53519050603557541E-002)        (0.85026132978086333,1.59909140960603074E-002)
        (0.34902775472237552,1.31556271504119932E-002)   (1.26335904458933363E-008,4.93670951166556900E-010)   (1.26335917849121162E-008,4.93670931286030332E-010)      (-0.35209795881898170,-1.37417250314835222E-002)
   20.950405000000000        1.2500000000000000     
        (0.85092033996074690,1.55293273685354182E-002)        (0.85640310824026555,1.61779622176187188E-002)
        (0.34978258100137694,1.32866513288717736E-002)   (1.26613341583550087E-008,4.98694873631267719E-010)   (1.26613355253814079E-008,4.98694853260959963E-010)      (-0.35286717537094886,-1.38811563830419440E-002)
   21.000399999999999        1.2500000000000000     
        (0.85704979115662705,1.57082277537110397E-002)        (0.86257440483954129,1.63666029843994344E-002)
        (0.35052493796637463,1.34183026116473612E-002)   (1.26886303712345344E-008,5.03745014358706585E-010)   (1.26886317815375359E-008,5.03744990853188058E-010)      (-0.35362387139464463,-1.40213044641986587E-002)
   21.050394999999998        1.2500000000000000     
        (0.86320859816052875,1.58886101357127961E-002)        (0.86877530229636990,1.65568425701212614E-002)
        (0.35125473882424457,1.35505719445005897E-002)   (1.27154766773705270E-008,5.08821124948848861E-010)   (1.27154781381350167E-008,5.08821100903982312E-010)      (-0.35436796145424437,-1.41621621790398965E-002)
   21.100390000000001        1.2500000000000000     
        (0.86939688065247567,1.60704851796504879E-002)        (0.87500581949432821,1.67486929458466917E-002)
        (0.35197184883367394,1.36834570029984049E-002)   (1.27418683184133600E-008,5.13923160987110436E-010)   (1.27418697893756466E-008,5.13923136502301984E-010)      (-0.35509933570278268,-1.43037280136131591E-002)
   21.150385000000000        1.2500000000000000     
        (0.87561466177276659,1.62538578270874298E-002)        (0.88126607494187059,1.69421578224100804E-002)
        (0.35267616389171780,1.38169494227951464E-002)   (1.27678019587494313E-008,5.19050770737719270E-010)   (1.27678035053048656E-008,5.19050748273565817E-010)      (-0.35581786799356369,-1.44459918765910706E-002)
   21.200379999999999        1.2500000000000000     
        (0.88186204127043732,1.64387351059487249E-002)        (0.88755618672013570,1.71372478809340006E-002)
        (0.35336759958560282,1.39510428970769425E-002)   (1.27932751722108797E-008,5.24203853993082571E-010)   (1.27932767736763052E-008,5.24203828421433552E-010)      (-0.35652352852998209,-1.45889506815236776E-002)
   21.250374999999998        1.2500000000000000     
        (0.88813906168708745,1.66251250561399236E-002)        (0.89387611693707913,1.73339710507082155E-002)
        (0.35404599755821314,1.40857318996114571E-002)   (1.28182810157843808E-008,5.29382200488824414E-010)   (1.28182826465847790E-008,5.29382174330157160E-010)      (-0.35721608994907367,-1.47325985429644143E-002)
   21.300370000000001        1.2500000000000000     
        (0.89444586023951822,1.68130343743742514E-002)        (0.90022605280858037,1.75323341788955027E-002)
        (0.35471132405344707,1.42210093899307385E-002)   (1.28428182368020723E-008,5.34585553725452362E-010)   (1.28428198950166191E-008,5.34585527058869948E-010)      (-0.35789553823990866,-1.48769278013711082E-002)
   21.350365000000000        1.2500000000000000     
        (0.90078242471522185,1.70024699252843414E-002)        (0.90660591489695685,1.77323453521559364E-002)
        (0.35536340275918288,1.43568685979519918E-002)   (1.28668801990679778E-008,5.39813707570529289E-010)   (1.28668819057598347E-008,5.39813680218230175E-010)      (-0.35856168674094430,-1.50219325165083604E-002)
   21.400359999999999        1.2500000000000000     
        (0.90714889206864646,1.71934388245256371E-002)        (0.91301592590848257,1.79340129939333133E-002)
        (0.35600219664438421,1.44933024797991618E-002)   (1.28904658036829269E-008,5.45066446772058319E-010)   (1.28904676573361103E-008,5.45066418924256408E-010)      (-0.35921449706336223,-1.51676063288821977E-002)
   21.450354999999998        1.2500000000000000     
        (0.91354531809318607,1.73859471578281626E-002)        (0.91945610028268698,1.81373466276861794E-002)
        (0.35662756766450826,1.46303029836308083E-002)   (1.29135711726789900E-008,5.50343607406375228E-010)   (1.29135729947336258E-008,5.50343578950357752E-010)      (-0.35985385728939984,-1.53139445620151856E-002)
   21.500350000000001        1.2500000000000000     
        (0.91997174381121938,1.75800041170291570E-002)        (0.92592650398399701,1.83423520344941186E-002)
        (0.35723938513853315,1.47678650809792960E-002)   (1.29361911813964670E-008,5.55644866157439520E-010)   (1.29361930805557477E-008,5.55644837079175118E-010)      (-0.36047962281191914,-1.54609379325615394E-002)
   21.550345000000000        1.2500000000000000     
        (0.92642825508145443,1.77756146411713334E-002)        (0.93242716170696593,1.85490378208266887E-002)
        (0.35783755959470748,1.49059791671859350E-002)   (1.29583212422953271E-008,5.60970012096443892E-010)   (1.29583232075155477E-008,5.60969982285675179E-010)      (-0.36109168271092118,-1.56085800232545740E-002)
   21.600339999999999        1.2500000000000000     
        (0.93291489449202669,1.79727872519313617E-002)        (0.93895823149988611,1.87574124742718069E-002)
        (0.35842198441963846,1.50446391884879339E-002)   (1.29799595519941991E-008,5.66318816285225424E-010)   (1.29799615435819780E-008,5.66318786007826033E-010)      (-0.36168996674435072,-1.57568644083923987E-002)
   21.650334999999998        1.2500000000000000     
        (0.93943180459535247,1.81715293706510017E-002)        (0.94551973748872264,1.89674847752413500E-002)
        (0.35899259058253036,1.51838378536626531E-002)   (1.30011019901286511E-008,5.71691056116589150E-010)   (1.30011040662218152E-008,5.71691025017277873E-010)      (-0.36227436961188686,-1.59057844956332559E-002)
   21.700330000000001        1.2500000000000000     
        (0.94597903175655029,1.83718458776980682E-002)        (0.95211174168159518,1.91792621713668086E-002)
        (0.35954924661641846,1.53235651957352500E-002)   (1.30217429785608416E-008,5.77086455756185403E-010)   (1.30217450541662487E-008,5.77086424072448379E-010)      (-0.36284474787008703,-1.60553322291553252E-002)
   21.750325000000000        1.2500000000000000     
        (0.95255657620763590,1.85737470201982405E-002)        (0.95873436985063210,1.93927535596099092E-002)
        (0.36009181666493628,1.54638159576157251E-002)   (1.30418823948426505E-008,5.82504774223796230E-010)   (1.30418845412993196E-008,5.82504741884333179E-010)      (-0.36340106789388815,-1.62055008139853941E-002)
   21.800319999999999        1.2500000000000000     
        (0.95916460939843418,1.87772374696538874E-002)        (0.96538762417956092,1.96079650934515119E-002)
        (0.36062026770567979,1.56045800234683729E-002)   (1.30615131106370696E-008,5.87945692706284383E-010)   (1.30615153644023311E-008,5.87945659531426092E-010)      (-0.36394315848411213,-1.63562809049805670E-002)
   21.850314999999998        1.2500000000000000     
        (0.96580313123241479,1.89823265066705361E-002)        (0.97207160469586174,1.98249072354340465E-002)
        (0.36113445626689800,1.57458510673935161E-002)   (1.30806321930619168E-008,5.93409020943876978E-010)   (1.30806344967422723E-008,5.93408987004856932E-010)      (-0.36447092680821130,-1.65076668467835745E-002)
   21.900310000000001        1.2500000000000000     
        (0.97247229065090579,1.91890191829483976E-002)        (0.97878641135779754,2.00435865740096614E-002)
        (0.36163431502839405,1.58876185786879440E-002)   (1.30992363901342462E-008,5.98894412657878532E-010)   (1.30992387375332892E-008,5.98894378184894583E-010)      (-0.36498427672187966,-1.66596488577738337E-002)
   21.950305000000000        1.2500000000000000     
        (0.97917204593430274,1.93973247137656686E-002)        (0.98553205279360878,2.02640121790269995E-002)
        (0.36211965317473699,1.60298760397630836E-002)   (1.31173218494402156E-008,6.04401640704116162E-010)   (1.31173242578159776E-008,6.04401605310588449E-010)      (-0.36548312830090518,-1.68122200168978088E-002)
   22.000299999999999        1.2500000000000000     
        (0.98590255282200401,1.96072484658473163E-002)        (0.99230866956135910,2.04861921696140037E-002)
        (0.36259047948962575,1.61726129474222269E-002)   (1.31348854913884292E-008,6.09930399809682394E-010)   (1.31348879995402949E-008,6.09930363859305998E-010)      (-0.36596734538707026,-1.69653717914264208E-002)
   22.050295000000002        1.2500000000000000     
        (0.99266388505180425,1.98187985066779204E-002)        (0.99911626272832876,2.07101344574884341E-002)
        (0.36304664473290593,1.63158211481631184E-002)   (1.31519234284447209E-008,6.15480401312774770E-010)   (1.31519259935343399E-008,6.15480364528828618E-010)      (-0.36643685253834091,-1.71190956412011000E-002)
   22.100290000000001        1.2500000000000000     
        (0.99945608137041420,2.00319828006824893E-002)         (1.0059549641177923,2.09358472957329005E-002)
        (0.36348804358192993,1.64594924380285709E-002)   (1.31684308393884524E-008,6.21051341649827980E-010)   (1.31684334721365221E-008,6.21051304050336752E-010)      (-0.36689152399361480,-1.72733830070217198E-002)
   22.150285000000000        1.2500000000000000     
         (1.0062791760146623,2.02468071533135098E-002)         (1.0128248020089745,2.11633404223539254E-002)
        (0.36391456261082522,1.66036164340821260E-002)   (1.31844054129020730E-008,6.26642977323966760E-010)   (1.31844081124245822E-008,6.26642934595391597E-010)      (-0.36733125930987121,-1.74282263647469460E-002)
   22.200279999999999        1.2500000000000000     
         (1.0131333326498320,2.04632807439246514E-002)         (1.0197259171459401,2.13926193642923583E-002)
        (0.36432614117569445,1.67481855186950510E-002)   (1.31998446857280284E-008,6.32254892873127931E-010)   (1.31998474552807236E-008,6.32254853839451725E-010)      (-0.36775602570341637,-1.75836142167115038E-002)
   22.250275000000002        1.2500000000000000     
         (1.0200185685836469,2.06814097619905206E-002)         (1.0266583100264506,2.16236953121156684E-002)
        (0.36472267669071590,1.68931892103013695E-002)   (1.32147436364345950E-008,6.37886888500500590E-010)   (1.32147464172772501E-008,6.37886848519691623E-010)      (-0.36816564875281715,-1.77395405202203267E-002)
   22.300270000000001        1.2500000000000000     
         (1.0269349486660713,2.09012010521123122E-002)         (1.0336220688277402,2.18565741823193369E-002)
        (0.36510403795456731,1.70386174703999020E-002)   (1.32290981219069409E-008,6.43538557122255429E-010)   (1.32291009592990590E-008,6.43538516375038912E-010)      (-0.36856005896872090,-1.78959934287921639E-002)
   22.350265000000000        1.2500000000000000     
         (1.0338825970430701,2.11226621832596544E-002)         (1.0406172515152612,2.20912659193636118E-002)
        (0.36547018351057781,1.71844604930937901E-002)   (1.32429060510892634E-008,6.49209629359684121E-010)   (1.32429090507864832E-008,6.49209587714235795E-010)      (-0.36893912846146587,-1.80529653301437845E-002)
   22.400259999999999        1.2500000000000000     
         (1.0408614755203665,2.13458014828182725E-002)         (1.0476439571811784,2.23277793621520018E-002)
        (0.36582093579731345,1.73307098810760278E-002)   (1.32561611250125254E-008,6.54899797383374524E-010)   (1.32561642049864176E-008,6.54899752197186100E-010)      (-0.36930276511763849,-1.82104470603629900E-002)
   22.450255000000002        1.2500000000000000     
         (1.0478717674382974,2.15706250544189793E-002)         (1.0547022437712466,2.25661204913062234E-002)
        (0.36615628240235865,1.74773538958418427E-002)   (1.32688643035973317E-008,6.60608641625045735E-010)   (1.32688674905260990E-008,6.60608595589062098E-010)      (-0.36965093845741459,-1.83684268415219842E-002)
   22.500250000000001        1.2500000000000000     
         (1.0549135273979524,2.17971418827942985E-002)         (1.0617922130080619,2.28063010025311604E-002)
        (0.36647609530242869,1.76243842372828530E-002)   (1.32810087609767929E-008,6.66335944182609821E-010)   (1.32810120491310348E-008,6.66335899864215958E-010)      (-0.36998347356320244,-1.85268979616849162E-002)
   22.550245000000000        1.2500000000000000     
         (1.0619867914934995,2.20253579627430196E-002)         (1.0689139168732384,2.30483260991930332E-002)
        (0.36678028239871574,1.77717888424985745E-002)   (1.32925933064281079E-008,6.72081226636897061E-010)   (1.32925965536708190E-008,6.72081181433471641E-010)      (-0.37030033753799169,-1.86858469890210203E-002)
   22.600239999999999        1.2500000000000000     
         (1.0690916088586329,2.22552811432304813E-002)         (1.0760673921952981,2.32922061063119239E-002)
        (0.36706870793679097,1.79195578412465022E-002)   (1.33036111018387709E-008,6.77844218019922749E-010)   (1.33036144791198660E-008,6.77844171790222408E-010)      (-0.37060133244270099,-1.88452658327845565E-002)
   22.650235000000002        1.2500000000000000     
         (1.0762281205318829,2.24869191976505359E-002)         (1.0832527542026946,2.35379501657258308E-002)
        (0.36734134052335082,1.80676809643339695E-002)   (1.33140613412613975E-008,6.83624596298789429E-010)   (1.33140648446743326E-008,6.83624546547717217E-010)      (-0.37088645288578448,-1.90051451305859355E-002)
   22.700230000000001        1.2500000000000000     
         (1.0833963225439316,2.27202799021221299E-002)         (1.0904700490550965,2.37855651372809278E-002)
        (0.36759804389082257,1.82161472717707537E-002)   (1.33239409497654671E-008,6.89421916833204533E-010)   (1.33239444882262697E-008,6.89421866176246818E-010)      (-0.37115559039200513,-1.91654724374975480E-002)
   22.750225000000000        1.2500000000000000     
         (1.0905963618381269,2.29553698949198220E-002)         (1.0977193883957173,2.40350604293657275E-002)
        (0.36783875694743501,1.83649453089413661E-002)   (1.33332463261567183E-008,6.95235853487986231E-010)   (1.33332500756738983E-008,6.95235801760206093E-010)      (-0.37140865059871575,-1.93262378171517209E-002)
   22.800219999999999        1.2500000000000000     
         (1.0978283565552074,2.31922092324182219E-002)         (1.1050008312038779,2.42864478104171076E-002)
        (0.36806346046596589,1.85140765097418329E-002)   (1.33420090829777042E-008,7.01065623278927786E-010)   (1.33420091628494965E-008,7.01065624874765363E-010)      (-0.37164533012471285,-1.94874323335174245E-002)
   22.850215000000002        1.2500000000000000     
         (1.1050922002487318,2.34307808258075664E-002)         (1.1123143748685860,2.45397285043633916E-002)
        (0.36827187659010596,1.86635047324038850E-002)   (1.33501555286613884E-008,7.06911622832976419E-010)   (1.33501556055351192E-008,7.06911624485076856E-010)      (-0.37186592105356686,-1.96490408436948705E-002)
   22.900210000000001        1.2500000000000000     
         (1.1123880651864044,2.36711060681341796E-002)         (1.1196602046623376,2.47949156342337357E-002)
        (0.36846402163870129,1.88132324311191951E-002)   (1.33577171966603877E-008,7.12773117850379430E-010)   (1.33577173181141673E-008,7.12773119561129247E-010)      (-0.37207017523825542,-1.98110554125868338E-002)
   22.950205000000000        1.2500000000000000     
         (1.1197160285852090,2.39131902543459583E-002)         (1.1270383093410465,2.50520152358989188E-002)
        (0.36863982314273908,1.89632459764858402E-002)   (1.33646909730069972E-008,7.18649621088982923E-010)   (1.33646910823582344E-008,7.18649622827418371E-010)      (-0.37225795173492426,-1.99734618370115621E-002)
   23.000200000000000        1.2500000000000000     
         (1.1270761304219947,2.41570436209703615E-002)         (1.1344488274197693,2.53110399426567066E-002)
        (0.36879912068570997,1.91135358869892261E-002)   (1.33710755234339262E-008,7.24540866210838860E-010)   (1.33710755994949735E-008,7.24540868133106928E-010)      (-0.37242923123782024,-2.01362527192393628E-002)
   23.050195000000002        1.2500000000000000     
         (1.1344684981332160,2.44026707164211598E-002)         (1.1418916900379921,2.55719969930397993E-002)
        (0.36894192564554551,1.92640873881384234E-002)   (1.33768610501228801E-008,7.30446427096152696E-010)   (1.33768611594002236E-008,7.30446428827342250E-010)      (-0.37258374939892003,-2.02994153156850349E-002)
   23.100190000000001        1.2500000000000000     
         (1.1418931512481618,2.46500809832347519E-002)         (1.1493671714871201,2.58348940007873847E-002)
        (0.36906804995724807,1.94148903558149580E-002)   (1.33820510235659141E-008,7.36365843624312315E-010)   (1.33820511337247178E-008,7.36365845416709719E-010)      (-0.37272162138967951,-2.04629363262303840E-002)
   23.150185000000000        1.2500000000000000     
         (1.1493501800243224,2.48992833502010152E-002)         (1.1568752103718056,2.60997413377678580E-002)
        (0.36917747171062099,1.95659335374893384E-002)   (1.33866405901096849E-008,7.42298751495029722E-010)   (1.33866406757511348E-008,7.42298753581119877E-010)      (-0.37284266612923828,-2.06268055918912598E-002)
   23.200180000000000        1.2500000000000000     
         (1.1568396971586923,2.51502826995334272E-002)         (1.1644159280856650,2.63665464115234692E-002)
        (0.36927012380318502,1.97172018044781579E-002)   (1.33906277436475509E-008,7.48244698645886769E-010)   (1.33906278629431401E-008,7.48244700788403670E-010)      (-0.37294687765708356,-2.07910100441645804E-002)
   23.250175000000002        1.2500000000000000     
         (1.1643616992848216,2.54030888941841719E-002)         (1.1719894507806026,2.66353172723258688E-002)
        (0.36934586848376233,1.98686847510757304E-002)   (1.33940084178441718E-008,7.54203225898122967E-010)   (1.33940085294377616E-008,7.54203228087417448E-010)      (-0.37303408121605419,-2.09555361706662696E-002)
   23.300170000000001        1.2500000000000000     
         (1.1719163003646906,2.56577084908065772E-002)         (1.1795956496154736,2.69060643379035458E-002)
        (0.36940458695582296,2.00203685968327258E-002)   (1.33967764713085711E-008,7.60173963935591696E-010)   (1.33967765876389528E-008,7.60173966198974366E-010)      (-0.37310416132319768,-2.11203735958253210E-002)
   23.350165000000001        1.2500000000000000     
         (1.1795035598818462,2.59141504111056638E-002)         (1.1872348210919008,2.71787959365469914E-002)
        (0.36944628008270503,2.01722416277895777E-002)   (1.33989331833213323E-008,7.66156446140736920E-010)   (1.33989332723146487E-008,7.66156448443842458E-010)      (-0.37315712157109754,-2.12855085650566662E-002)
   23.400160000000003        1.2500000000000000     
         (1.1871235781012803,2.61724224269171447E-002)         (1.1949068992702003,2.74535197830733206E-002)
        (0.36947084473519332,2.03242906009914737E-002)   (1.34004720732150240E-008,7.72150210699731385E-010)   (1.34004721840324570E-008,7.72150213056089260E-010)      (-0.37319280021839996,-2.14509280827067210E-002)
   23.450154999999999        1.2500000000000000     
         (1.1947763747475335,2.64325301756907494E-002)         (1.2026119498890211,2.77302470346778539E-002)
        (0.36947812462287194,2.04765004943204855E-002)   (1.34013889786274549E-008,7.78154882319127686E-010)   (1.34013890904611156E-008,7.78154884782374046E-010)      (-0.37321106598738529,-2.16166209241222089E-002)
   23.500149999999998        1.2500000000000000     
         (1.2024621131608051,2.66944865437050774E-002)         (1.2103501885772396,2.80089862116824941E-002)
        (0.36946817722477043,2.06288626950023105E-002)   (1.34016874109686476E-008,7.84169974056849373E-010)   (1.34016875258617103E-008,7.84169976740954198E-010)      (-0.37321201481601046,-2.17825734827172025E-002)
   23.550145000000001        1.2500000000000000     
         (1.2101808107711571,2.69582945791572159E-002)         (1.2181215619824119,2.82897454597739427E-002)
        (0.36944083553047569,2.07813591767369091E-002)   (1.34013606421214326E-008,7.90195024855123955E-010)   (1.34013607537353214E-008,7.90195027456250053E-010)      (-0.37319546891468847,-2.19487722034183048E-002)
   23.600140000000000        1.2500000000000000     
         (1.2179324451002422,2.72239625046626806E-002)         (1.2259262416391949,2.85725334734385807E-002)
        (0.36939592123899656,2.09339764240102505E-002)   (1.34004064598416201E-008,7.96229540504168825E-010)   (1.34004065704550621E-008,7.96229542937459977E-010)      (-0.37316136959115881,-2.21152031536184998E-002)
   23.650134999999999        1.2500000000000000     
         (1.2257172771318752,2.74915013339683025E-002)         (1.2337641648063109,2.88573617352014845E-002)
        (0.36933356650534055,2.10867036864653169E-002)   (1.33988199347525891E-008,8.02273149694186088E-010)   (1.33988200517784063E-008,8.02273152454632135E-010)      (-0.37310956496561654,-2.22818549928760698E-002)
   23.700129999999998        1.2500000000000000     
         (1.2335352232610239,2.77609190054549024E-002)         (1.2416354924474682,2.91442361807478512E-002)
        (0.36925351439143905,2.12395270850264453E-002)   (1.33965985488662805E-008,8.08325248882908377E-010)   (1.33965986651943560E-008,8.08325251513663567E-010)      (-0.37304001300508416,-2.24487110470375020E-002)
   23.750125000000001        1.2500000000000000     
         (1.2413863969692105,2.80322190817010666E-002)         (1.2495402595445309,2.94331656897036491E-002)
        (0.36915574989193611,2.13924281294188938E-002)   (1.33937411449028006E-008,8.14385375015415329E-010)   (1.33937412606850279E-008,8.14385377917614180E-010)      (-0.37295263069150064,-2.26157573988582071E-002)
   23.800120000000000        1.2500000000000000     
         (1.2492709600385510,2.83054154785365476E-002)         (1.2574786131933799,2.97241622367081099E-002)
        (0.36904023348253789,2.15453981975030073E-002)   (1.33902455045041142E-008,8.20453104294380374E-010)   (1.33902456173006711E-008,8.20453107287959729E-010)      (-0.37284739934302313,-2.27829822776393597E-002)
   23.850114999999999        1.2500000000000000     
         (1.2571889238468492,2.85805141617332774E-002)         (1.2654505130842451,3.00172347360154017E-002)
        (0.36890688835084667,2.16984211399703052E-002)   (1.33861041712673140E-008,8.26527972034208759E-010)   (1.33861042886626493E-008,8.26527974906243021E-010)      (-0.37272412962407081,-2.29503717640939693E-002)
   23.900109999999998        1.2500000000000000     
         (1.2651402753252992,2.88575212527072342E-002)         (1.2734560950684859,3.03123895830038487E-002)
        (0.36875553192547256,2.18514801162089586E-002)   (1.33813194580929524E-008,8.32609368346867932E-010)   (1.33813195728787166E-008,8.32609371493667813E-010)      (-0.37258282029303014,-2.31179087369890110E-002)
   23.950105000000001        1.2500000000000000     
         (1.2731252339128361,2.91364460176356949E-002)         (1.2814954168241890,3.06096391721768848E-002)
        (0.36858620754480598,2.20045614715481813E-002)   (1.33758856821978491E-008,8.38696877886029689E-010)   (1.33758857989988866E-008,8.38696881091472125E-010)      (-0.37242337083262905,-2.32855813790251651E-002)
   24.000100000000000        1.2500000000000000     
         (1.2811437583116669,2.94172970136481332E-002)         (1.2895686301565348,3.09089902189934491E-002)
        (0.36839878259910819,2.21576507869549258E-002)   (1.33698031696276072E-008,8.44789910485745114E-010)   (1.33698032804251762E-008,8.44789913837371354E-010)      (-0.37224574600647192,-2.34533722985637016E-002)
   24.050094999999999        1.2500000000000000     
         (1.2891959625242226,2.97000856561965669E-002)         (1.2976756855031810,3.12104521604922615E-002)
        (0.36819321196669674,2.23107363865074210E-002)   (1.33630663653048803E-008,8.50887972375195775E-010)   (1.33630665045888489E-008,8.50887975791791780E-010)      (-0.37204979332183519,-2.36212672668917080E-002)
   24.100089999999998        1.2500000000000000     
         (1.2972819539768867,2.99848140812415467E-002)         (1.3058167189532870,3.15140373094727685E-002)
        (0.36796937509006783,2.24637972183656526E-002)   (1.33556722231206762E-008,8.56990642095050705E-010)   (1.33556724073107319E-008,8.56990645626872348E-010)      (-0.37183549811644556,-2.37892542504556416E-002)
   24.150085000000001        1.2500000000000000     
         (1.3054017212008793,3.02714961014492745E-002)         (1.3139917949387052,3.18197504130003223E-002)
        (0.36772722657631635,2.26168225805038273E-002)   (1.33476198799609651E-008,8.63097194911188991E-010)   (1.33476200090085985E-008,8.63097198515566782E-010)      (-0.37160275548113825,-2.39573127950123109E-002)
   24.200080000000000        1.2500000000000000     
         (1.3135554215034546,3.05601366494827990E-002)         (1.3222009304367219,3.21276068058515760E-002)
        (0.36746672110784639,2.27697944443764795E-002)   (1.33389055561528358E-008,8.69207328622976239E-010)   (1.33389056389446187E-008,8.69207332500902141E-010)      (-0.37135150057014937,-2.41254336333958756E-002)
   24.250074999999999        1.2500000000000000     
         (1.3217430367132743,3.08507468579516525E-002)         (1.3304443239411825,3.24376106056089575E-002)
        (0.36718769043560384,2.29226999328981974E-002)   (1.33295290040303561E-008,8.75320352624754141E-010)   (1.33295290836246029E-008,8.75320356470768035E-010)      (-0.37108168274458458,-2.42935966297548947E-002)
   24.300069999999998        1.2500000000000000     
         (1.3299647300378747,3.11433321717947166E-002)         (1.3387218900698801,3.27497753178806958E-002)
        (0.36689022332870119,2.30755196233476574E-002)   (1.33194833139585523E-008,8.81435798268484137E-010)   (1.33194834570439287E-008,8.81435802171398649E-010)      (-0.37079315477902747,-2.44617891094481774E-002)
   24.350065000000001        1.2500000000000000     
         (1.3382205988569904,3.14379036710406429E-002)         (1.3470338641073247,3.30641054094040834E-002)
        (0.36657421530150153,2.32282408591096799E-002)   (1.33087716462567342E-008,8.87552972070231444E-010)   (1.33087717320379329E-008,8.87552976325227629E-010)      (-0.37048600767959255,-2.46299907931320922E-002)
   24.400060000000000        1.2500000000000000     
         (1.3465106346044675,3.17344698328095517E-002)         (1.3553802391712806,3.33806169698842581E-002)
        (0.36623945750928899,2.33808469569519693E-002)   (1.32973876678634834E-008,8.93671550029256090E-010)   (1.32973877994593790E-008,8.93671554206967963E-010)      (-0.37016003076161641,-2.47981917322222904E-002)
   24.450054999999999        1.2500000000000000     
         (1.3548348874741396,3.20330369430142370E-002)         (1.3637610312012409,3.36993147532180098E-002)
        (0.36588600998658383,2.35333202368755920E-002)   (1.32853279400286742E-008,8.99790791854188163E-010)   (1.32853280204227583E-008,8.99790796138945272E-010)      (-0.36981516676511844,-2.49663715025399309E-002)
   24.500049999999998        1.2500000000000000     
         (1.3631935414550982,3.23336154905507142E-002)         (1.3721764169712047,3.40202098568662542E-002)
        (0.36551382452363035,2.36856453427391339E-002)   (1.32725931547504843E-008,9.05910164176482079E-010)   (1.32725932914504649E-008,9.05910168565108775E-010)      (-0.36945138486884038,-2.51345145556309164E-002)
   24.550045000000001        1.2500000000000000     
         (1.3715865743303883,3.26362152496814661E-002)         (1.3806264178120471,3.43433127271455738E-002)
        (0.36512272422885589,2.38378077566469941E-002)   (1.32591790921398492E-008,9.12029156795630297E-010)   (1.32591792243955769E-008,9.12029161600047702E-010)      (-0.36906861502242849,-2.53026055062621040E-002)
   24.600040000000000        1.2500000000000000     
         (1.3800141565460053,3.29408415019534703E-002)         (1.3891110792821049,3.46686315652170937E-002)
        (0.36471280300760212,2.39897868514927400E-002)   (1.32450838179816003E-008,9.18147100772146409E-010)   (1.32450839586768235E-008,9.18147105570387774E-010)      (-0.36866678467073644,-2.54706260986483114E-002)
   24.650034999999999        1.2500000000000000     
         (1.3884762108436619,3.32475070639067713E-002)         (1.3976305765310959,3.49961773675303150E-002)
        (0.36428381757050926,2.41415698121247302E-002)   (1.32303069950301205E-008,9.24263473016544599E-010)   (1.32303071308116989E-008,9.24263477979930091E-010)      (-0.36824586350685018,-2.56385609321566205E-002)
   24.700029999999998        1.2500000000000000     
         (1.3969729467002892,3.35562173041226361E-002)         (1.4061848488986759,3.53259615139597041E-002)
        (0.36383579922050197,2.42931367721804271E-002)   (1.32148419280364899E-008,9.30377735281931368E-010)   (1.32148420088737128E-008,9.30377740346493354E-010)      (-0.36780569949925396,-2.58063938601440050E-002)
   24.750025000000001        1.2500000000000000     
         (1.4055043890091019,3.38669822598544126E-002)         (1.4147741335084025,3.56579895927992829E-002)
        (0.36336873777645684,2.44444716347166566E-002)   (1.31986920541813201E-008,9.36489147078219692E-010)   (1.31986921354510411E-008,9.36489152330955755E-010)      (-0.36734637421242050,-2.59741041630813796E-002)
   24.800020000000000        1.2500000000000000     
         (1.4140705089485845,3.41798128108927804E-002)         (1.4233982852190423,3.59922755511360160E-002)
        (0.36288241743312022,2.45955593085094848E-002)   (1.31818497944690124E-008,9.42597233818311511E-010)   (1.31818499377611675E-008,9.42597239186479801E-010)      (-0.36686765021514595,-2.61416785093556911E-002)
   24.850014999999999        1.2500000000000000     
         (1.4226716133627972,3.44947142380550784E-002)         (1.4320575677291949,3.63288258524036428E-002)
        (0.36237700694231428,2.47463788257963058E-002)   (1.31643157023460126E-008,9.48701278679267347E-010)   (1.31643157842048119E-008,9.48701284184571430E-010)      (-0.36636959041122258,-2.63090953484056353E-002)
   24.900009999999998        1.2500000000000000     
         (1.4313075152010861,3.48117005712872685E-002)         (1.4407518990918804,3.66676544424768616E-002)
        (0.36185215985299940,2.48969169546571951E-002)   (1.31460853301707426E-008,9.54800801314638662E-010)   (1.31460854630262507E-008,9.54800806592644266E-010)      (-0.36585205152347477,-2.64763417502316412E-002)
   24.950005000000001        1.2500000000000000     
         (1.4399784998982268,3.51307747577759635E-002)         (1.4494815640927523,3.70087706935190164E-002)
        (0.36130807587105407,2.50471508265744103E-002)   (1.31271612977645634E-008,9.60895154068850319E-010)   (1.31271614298153075E-008,9.60895159881776047E-010)      (-0.36531509394678408,-2.66433986423976962E-002)
   25.000000000000000        1.2500000000000000     
         (1.4486846079925348,3.54519522793715069E-002)         (1.4582463965357955,3.73521806161862813E-002)
        (0.36074462935476453,2.51970686628661365E-002)   (1.31075340805878770E-008,9.66983591777038698E-010)   (1.31075342559966246E-008,9.66983597327369736E-010)      (-0.36475849065335586,-2.68102445874213446E-002)
